model,asset,fold,fold_start,fold_end,date,anchor,logprice,y_true,y_pred,y_true_price_h,y_true_price_1
XGB,TSLA,0,2021-07-01,2022-07-01,2021-07-01,2758,5.420416973000905,0.022024853428140645,0.026176061,-0.013933041507161903,0.0014445931240389953
XGB,TSLA,0,2021-07-01,2022-07-01,2021-07-02,2759,5.421861566124944,0.012080953432767494,0.02394683,-0.03831495774291227,-0.028870583198134625
XGB,TSLA,0,2021-07-01,2022-07-01,2021-07-06,2760,5.3929909829268095,0.007152987068458572,0.005597672,-0.013708248174303606,-0.022895747206025163
XGB,TSLA,0,2021-07-01,2022-07-01,2021-07-07,2761,5.370095235720784,0.004380319327403903,-0.00556773,-0.0006672161342606842,0.01257859403128414
XGB,TSLA,0,2021-07-01,2022-07-01,2021-07-08,2762,5.382673829752068,0.00022419167326503953,0.002752391,-0.010146137061886051,0.006321812249023395
XGB,TSLA,0,2021-07-01,2022-07-01,2021-07-09,2763,5.388995642001092,-0.00038036300804478174,0.008769298,0.005389216395053964,0.04283227917054422
XGB,TSLA,0,2021-07-01,2022-07-01,2021-07-12,2764,5.431827921171636,-0.008849380834439202,0.021870613,-0.04536235762810126,-0.025343989677892864
XGB,TSLA,0,2021-07-01,2022-07-01,2021-07-13,2765,5.406483931493743,-0.014957179269460497,0.010644807,-0.02926297581089443,-0.022937323111711372
XGB,TSLA,0,2021-07-01,2022-07-01,2021-07-14,2766,5.383546608382032,-0.018997516778374468,0.0041137356,-0.01542333628411452,-0.0042638736295259605
XGB,TSLA,0,2021-07-01,2022-07-01,2021-07-15,2767,5.379282734752506,-0.016975000498119286,0.004207953,0.010732226059197991,-0.009854715165982242
XGB,TSLA,0,2021-07-01,2022-07-01,2021-07-16,2768,5.369428019586524,-0.01636044614033061,0.011774893,0.0008688631938005287,0.0030996731036587732
XGB,TSLA,0,2021-07-01,2022-07-01,2021-07-19,2769,5.372527692690182,-0.015299187775277723,0.011845265,0.001175417744683216,0.02185716570596341
XGB,TSLA,0,2021-07-01,2022-07-01,2021-07-20,2770,5.394384858396146,-0.011452142390550257,0.022841357,0.025191010500549282,-0.007919294852611003
XGB,TSLA,0,2021-07-01,2022-07-01,2021-07-21,2771,5.386465563543535,-0.003913650042376204,0.024326308,0.04754751401754298,-0.009244607860686038
XGB,TSLA,0,2021-07-01,2022-07-01,2021-07-22,2772,5.377220955682849,0.00871775503011385,0.023253748,0.08896684782533981,-0.00909768358493146
XGB,TSLA,0,2021-07-01,2022-07-01,2021-07-23,2773,5.368123272097917,0.02326920938102095,0.023520768,0.0981631527593585,0.02189168871378655
XGB,TSLA,0,2021-07-01,2022-07-01,2021-07-26,2774,5.390014960811704,0.033202496687700034,0.031678922,0.07793263237292347,-0.019718078031379704
XGB,TSLA,0,2021-07-01,2022-07-01,2021-07-27,2775,5.370296882780324,0.04688435682448677,0.020886553,0.10285578297246012,0.0034062276545414605
XGB,TSLA,0,2021-07-01,2022-07-01,2021-07-28,2776,5.373703110434866,0.054809980446955286,0.019912506,0.07747842497182944,0.04587275846182948
XGB,TSLA,0,2021-07-01,2022-07-01,2021-07-29,2777,5.419575868896695,0.058464177898382985,0.029385192,0.052358606119056184,0.014437208664382695
XGB,TSLA,0,2021-07-01,2022-07-01,2021-07-30,2778,5.434013077561078,0.05839567755842534,0.030045025,0.032625505445348146,0.032174725947110794
XGB,TSLA,0,2021-07-01,2022-07-01,2021-08-02,2779,5.466187803508189,0.05359947405161947,0.038384404,-0.0026102577469195865,9.862134908722453e-05
XGB,TSLA,0,2021-07-01,2022-07-01,2021-08-03,2780,5.466286424857276,0.05124932375365443,0.03286226,0.01747262582095921,0.0016611683273515254
XGB,TSLA,0,2021-07-01,2022-07-01,2021-08-04,2781,5.467947593184627,0.04643991589978125,0.030427298,0.008753048390285123,0.005205072568156943
XGB,TSLA,0,2021-07-01,2022-07-01,2021-08-05,2782,5.473152665752784,0.03479814085051469,0.026544383,-0.04063956889073861,-0.021971130346089218
XGB,TSLA,0,2021-07-01,2022-07-01,2021-08-06,2783,5.451181535406695,0.024490553547274807,0.010303683,-0.04893967371411634,0.02075293960905622
XGB,TSLA,0,2021-07-01,2022-07-01,2021-08-09,2784,5.471934475015751,0.01605221392382017,0.020812605,-0.035320020737453994,-0.0052958920093253425
XGB,TSLA,0,2021-07-01,2022-07-01,2021-08-10,2785,5.466638583006426,0.006135716082267706,0.02019858,-0.05280739577652227,-0.003061037245156939
XGB,TSLA,0,2021-07-01,2022-07-01,2021-08-11,2786,5.463577545761269,-0.0017205133248099358,0.019618165,-0.03971478690222341,0.02018150491696602
XGB,TSLA,0,2021-07-01,2022-07-01,2021-08-12,2787,5.483759050678235,-0.0072132507797961765,0.032849085,-0.022331258610701177,-0.0070584091033225604
XGB,TSLA,0,2021-07-01,2022-07-01,2021-08-13,2788,5.476700641574912,-0.010220346133808178,0.028908918,-0.012176999321652282,-0.04418754471286679
XGB,TSLA,0,2021-07-01,2022-07-01,2021-08-16,2789,5.432513096862046,-0.006432946238441595,0.010131345,0.035828294378541514,-0.030271235169466948
XGB,TSLA,0,2021-07-01,2022-07-01,2021-08-17,2790,5.402241861692579,-0.0015164644749141587,-0.00030176592,0.05188196121658706,0.034372592585718564
XGB,TSLA,0,2021-07-01,2022-07-01,2021-08-18,2791,5.436614454278297,0.0012327383510823964,0.013283296,0.03273882146349649,-0.02278326704839362
XGB,TSLA,0,2021-07-01,2022-07-01,2021-08-19,2792,5.413831187229904,0.01094352849946123,0.002041579,0.0818468831437178,0.010031571629141922
XGB,TSLA,0,2021-07-01,2022-07-01,2021-08-20,2793,5.423862758859046,0.020693465895003982,0.009788932,0.07837458643457751,0.03756503320848825
XGB,TSLA,0,2021-07-01,2022-07-01,2021-08-23,2794,5.461427792067534,0.024316022416905447,0.017633563,0.0385915719633374,0.0030958501857263343
XGB,TSLA,0,2021-07-01,2022-07-01,2021-08-24,2795,5.46452364225326,0.026660426740449772,0.019491784,0.03317724804551769,0.0038177489873270076
XGB,TSLA,0,2021-07-01,2022-07-01,2021-08-25,2796,5.468341391240587,0.028347722226147454,0.020763643,0.030969335160705214,-0.014217568331421404
XGB,TSLA,0,2021-07-01,2022-07-01,2021-08-26,2797,5.454123822909166,0.03638780021629806,0.020061847,0.07122284618061414,0.015229452832627999
XGB,TSLA,0,2021-07-01,2022-07-01,2021-08-27,2798,5.469353275741794,0.04151555557680453,0.02595295,0.05725434822237663,0.026324794631827686
XGB,TSLA,0,2021-07-01,2022-07-01,2021-08-30,2799,5.495678070373621,0.042168654344716394,0.03405552,0.03224192314386087,0.006559274920001634
XGB,TSLA,0,2021-07-01,2022-07-01,2021-08-31,2800,5.502237345293623,0.03656434371399797,0.029641721,0.0007472918483113489,-0.002217981262751856
XGB,TSLA,0,2021-07-01,2022-07-01,2021-09-01,2801,5.500019364030871,0.033096586118625204,0.025464043,0.012064412555505832,-0.0023184737320933735
XGB,TSLA,0,2021-07-01,2022-07-01,2021-09-02,2802,5.497700890298778,0.030537749228370714,0.02378964,0.016386228116322066,0.001609836102514528
XGB,TSLA,0,2021-07-01,2022-07-01,2021-09-03,2803,5.499310726401292,0.03078713420372914,0.023374204,0.029893450333177363,0.026035942688487523
XGB,TSLA,0,2021-07-01,2022-07-01,2021-09-07,2804,5.52534666908978,0.026835602104885226,0.03323193,0.005391092809262865,0.0012609548743904853
XGB,TSLA,0,2021-07-01,2022-07-01,2021-09-08,2805,5.52660762396417,0.023399284368940343,0.029828072,0.007427229901787236,0.0013123695533119317
XGB,TSLA,0,2021-07-01,2022-07-01,2021-09-09,2806,5.527919993517482,0.0145976282671203,0.02596428,-0.03325490095010952,-0.02493535637554789
XGB,TSLA,0,2021-07-01,2022-07-01,2021-09-10,2807,5.502984637141934,0.012701538269123347,0.011767085,0.004215098609246404,0.009099139444442628
XGB,TSLA,0,2021-07-01,2022-07-01,2021-09-13,2808,5.512083776586377,0.011994607963914383,0.0144824125,0.011960471524949945,0.00200334182872286
XGB,TSLA,0,2021-07-01,2022-07-01,2021-09-14,2809,5.5140871184151,0.011426069726129917,0.014946963,0.012215392516718993,0.015117058319369825
XGB,TSLA,0,2021-07-01,2022-07-01,2021-09-15,2810,5.52920417673447,0.012426763178543077,0.018772077,0.024259176169369567,0.0015335851645730258
XGB,TSLA,0,2021-07-01,2022-07-01,2021-09-16,2811,5.530737761899043,0.016522565239365683,0.018725801,0.04440299238235301,0.0032970919669148557
XGB,TSLA,0,2021-07-01,2022-07-01,2021-09-17,2812,5.534034853865958,0.01725195486697384,0.018266927,0.023513705067889745,-0.03936976129858483
XGB,TSLA,0,2021-07-01,2022-07-01,2021-09-20,2813,5.494665092567373,0.024324734583316854,0.0054663336,0.06769465280089904,0.012534643183808036
XGB,TSLA,0,2021-07-01,2022-07-01,2021-09-21,2814,5.507199735751181,0.028049263425366178,0.009718121,0.04767022157199374,0.01684451236014617
XGB,TSLA,0,2021-07-01,2022-07-01,2021-09-22,2815,5.524044248111327,0.028743927518047663,0.020380119,0.03049036419891049,0.0022582628204919075
XGB,TSLA,0,2021-07-01,2022-07-01,2021-09-23,2816,5.526302510931819,0.030603234105628374,0.021659257,0.03633877472730784,0.0271608419720204
XGB,TSLA,0,2021-07-01,2022-07-01,2021-09-24,2817,5.553463352903839,0.02752383456440377,0.034245227,0.007974358647047985,0.02167740137755647
XGB,TSLA,0,2021-07-01,2022-07-01,2021-09-27,2818,5.575140754281396,0.021803616965409667,0.037224952,-0.010939721730634844,-0.01759219534754841
XGB,TSLA,0,2021-07-01,2022-07-01,2021-09-28,2819,5.557548558933847,0.02193102258621238,0.029380318,0.020431367546036583,0.004811186434424464
XGB,TSLA,0,2021-07-01,2022-07-01,2021-09-29,2820,5.562359745368272,0.018735409514578194,0.024646757,0.005335641549336856,-0.0074897880450972565
XGB,TSLA,0,2021-07-01,2022-07-01,2021-09-30,2821,5.554869957323175,0.018843982221095956,0.02511966,0.02100342699566582,-0.00033534501293708274
XGB,TSLA,0,2021-07-01,2022-07-01,2021-10-01,2822,5.5545346123102375,0.022495614879741943,0.023707358,0.03858938814692259,0.00810667334888926
XGB,TSLA,0,2021-07-01,2022-07-01,2021-10-04,2823,5.562641285659127,0.025567250436923317,0.02239056,0.03711306439179474,-0.001203574108239458
XGB,TSLA,0,2021-07-01,2022-07-01,2021-10-05,2824,5.561437711550887,0.030412778024205167,0.020542666,0.04720350417302921,0.002763320999873642
XGB,TSLA,0,2021-07-01,2022-07-01,2021-10-06,2825,5.564201032550761,0.038140783849839544,0.020731391,0.07418925809026433,0.013778893929123015
XGB,TSLA,0,2021-07-01,2022-07-01,2021-10-07,2826,5.577979926479884,0.04564644682955077,0.024359858,0.09202747860111415,-0.010284539562275263
XGB,TSLA,0,2021-07-01,2022-07-01,2021-10-08,2827,5.567695386917609,0.05515432555087241,0.020391379,0.09557753168869709,0.008177997401231707
XGB,TSLA,0,2021-07-01,2022-07-01,2021-10-11,2828,5.57587338431884,0.06308578684219501,0.021652058,0.08916828316963255,0.017250616138319685
XGB,TSLA,0,2021-07-01,2022-07-01,2021-10-12,2829,5.59312400045716,0.07058852078992839,0.032414187,0.10396948604824452,0.006630349593761409
XGB,TSLA,0,2021-07-01,2022-07-01,2021-10-13,2830,5.5997543500509215,0.0791302901225368,0.030206691,0.11472620899841512,0.008886865672995015
XGB,TSLA,0,2021-07-01,2022-07-01,2021-10-14,2831,5.6086412157239165,0.0850119678290433,0.027113177,0.22505777819288753,0.029749074917108764
XGB,TSLA,0,2021-07-01,2022-07-01,2021-10-15,2832,5.638390290641025,0.08912970588170044,0.036388956,0.18901488831648194,0.03161711443997284
XGB,TSLA,0,2021-07-01,2022-07-01,2021-10-18,2833,5.670007405080998,0.0932080657385379,0.04071535,0.1762965014114073,-0.006734486474692325
XGB,TSLA,0,2021-07-01,2022-07-01,2021-10-19,2834,5.663272918606306,0.10116849821891893,0.035173982,0.22008661733027246,0.0017687488821671593
XGB,TSLA,0,2021-07-01,2022-07-01,2021-10-20,2835,5.665041667488473,0.11246568286881331,0.030913718,0.25205849172524086,0.03205181901693166
XGB,TSLA,0,2021-07-01,2022-07-01,2021-10-21,2836,5.697093486505405,0.12336897074462083,0.03740636,0.30150391690413425,0.017387072543932014
XGB,TSLA,0,2021-07-01,2022-07-01,2021-10-22,2837,5.714480559049337,0.13222251272499896,0.042410124,0.2533740963806217,0.11921843486746742
XGB,TSLA,0,2021-07-01,2022-07-01,2021-10-25,2838,5.833698993916804,0.14592038369799454,0.060912628,0.16924934906481415,-0.006293814959296817
XGB,TSLA,0,2021-07-01,2022-07-01,2021-10-26,2839,5.827405178957507,0.16057739976551133,0.054022092,0.18867881030957268,0.018898727534898185
XGB,TSLA,0,2021-07-01,2022-07-01,2021-10-27,2840,5.846303906492405,0.1729346125465332,0.0639629,0.163401613588551,0.037055629444172844
XGB,TSLA,0,2021-07-01,2022-07-01,2021-10-28,2841,5.883359535936578,0.175622459499035,0.07240912,0.07673473796879815,0.03374062327713556
XGB,TSLA,0,2021-07-01,2022-07-01,2021-10-29,2842,5.917100159213714,0.16514949379250954,0.072083846,-0.08472907259736129,0.08149724419582505
XGB,TSLA,0,2021-07-01,2022-07-01,2021-11-01,2843,5.998597403409539,0.15362914108331882,0.08321189,-0.12371347870249494,-0.030742747979580543
XGB,TSLA,0,2021-07-01,2022-07-01,2021-11-02,2844,5.967854655429958,0.14060209585994077,0.07507432,-0.09713692609978164,0.03509368755165987
XGB,TSLA,0,2021-07-01,2022-07-01,2021-11-03,2845,6.002948342981618,0.12048037019844315,0.066338085,-0.1609316789310018,0.01313564628546171
XGB,TSLA,0,2021-07-01,2022-07-01,2021-11-04,2846,6.01608398926708,0.09429711298048193,0.051689595,-0.19363986837338487,-0.006378469186123503
XGB,TSLA,0,2021-07-01,2022-07-01,2021-11-05,2847,6.009705520080956,0.0704151147367229,0.04129466,-0.14727773828146695,-0.04961124617557999
XGB,TSLA,0,2021-07-01,2022-07-01,2021-11-08,2848,5.960094273905376,0.054918958216357616,0.023628008,-0.06568227600202814,-0.12772318728902388
XGB,TSLA,0,2021-07-01,2022-07-01,2021-11-09,2849,5.8323710866163525,0.048432112250624826,0.010785286,0.06878572407881745,0.042512838090691396
XGB,TSLA,0,2021-07-01,2022-07-01,2021-11-10,2850,5.874883924707044,0.04391325881390706,0.021655867,0.06270502044547577,-0.004166195376867243
XGB,TSLA,0,2021-07-01,2022-07-01,2021-11-11,2851,5.870717729330177,0.04195485489175965,0.019208886,0.08414331273187514,-0.02870106527956029
XGB,TSLA,0,2021-07-01,2022-07-01,2021-11-12,2852,5.842016664050616,0.03783692973605568,-0.0009760553,0.07061208456272006,-0.019572543156921363
XGB,TSLA,0,2021-07-01,2022-07-01,2021-11-15,2853,5.822444120893695,0.03694119237378324,0.0024081622,0.09644973337945117,0.039983660905794416
XGB,TSLA,0,2021-07-01,2022-07-01,2021-11-16,2854,5.862427781799489,0.029031666119250232,0.011835705,0.025452489669815392,0.03198421610385882
XGB,TSLA,0,2021-07-01,2022-07-01,2021-11-17,2855,5.894411997903348,0.026328147267873803,0.023267984,0.04311543031730114,0.006744812791821708
XGB,TSLA,0,2021-07-01,2022-07-01,2021-11-18,2856,5.90115681069517,0.024326968895256762,0.023994323,0.04318119619826444,0.03643213445734972
XGB,TSLA,0,2021-07-01,2022-07-01,2021-11-19,2857,5.93758894515252,0.013536578795399379,0.03178441,-0.03769159157002733,0.01727209690953213
XGB,TSLA,0,2021-07-01,2022-07-01,2021-11-22,2858,5.954861042062052,-0.00015855511438811476,0.039044634,-0.06450681883293985,-0.042232293448715374
XGB,TSLA,0,2021-07-01,2022-07-01,2021-11-23,2859,5.912628748613336,-0.012467012276540679,0.02055228,-0.08862670168991205,0.006265105659809755
XGB,TSLA,0,2021-07-01,2022-07-01,2021-11-24,2860,5.918893854273146,-0.026104511762730098,0.018120684,-0.10078120215556119,-0.031013582803841366
XGB,TSLA,0,2021-07-01,2022-07-01,2021-11-26,2861,5.887880271469305,-0.029219833643662874,0.0050503593,-0.028281808650784335,0.04964715675134457
XGB,TSLA,0,2021-07-01,2022-07-01,2021-11-29,2862,5.937527428220649,-0.03777555422344392,0.016830126,-0.061698204156420466,0.006810578672785006
XGB,TSLA,0,2021-07-01,2022-07-01,2021-11-30,2863,5.944338006893434,-0.05106099127924235,0.013924912,-0.13140220009948056,-0.044440653310942047
XGB,TSLA,0,2021-07-01,2022-07-01,2021-12-01,2864,5.899897353582492,-0.05790307600920741,0.0023460742,-0.07386771930573843,-0.009543130353380391
XGB,TSLA,0,2021-07-01,2022-07-01,2021-12-02,2865,5.890354223229112,-0.06672208234406884,0.004585546,-0.11537836487698705,-0.06635217630568757
XGB,TSLA,0,2021-07-01,2022-07-01,2021-12-03,2866,5.824002046923424,-0.07248157142886757,-0.008637205,-0.057234361842299464,-0.0058893948058393875
XGB,TSLA,0,2021-07-01,2022-07-01,2021-12-06,2867,5.818112652117585,-0.07396512567651836,-0.004299348,-0.03327264160092902,0.04148581070093549
XGB,TSLA,0,2021-07-01,2022-07-01,2021-12-07,2868,5.8595984628185205,-0.08495657752865693,0.01322508,-0.12634350797418747,0.016230761245708436
XGB,TSLA,0,2021-07-01,2022-07-01,2021-12-08,2869,5.875829224064229,-0.09680239076989583,0.017919634,-0.13649732187799568,-0.06289341727027509
XGB,TSLA,0,2021-07-01,2022-07-01,2021-12-09,2870,5.812935806793954,-0.1065461582999978,-0.0026979856,-0.1092199644032057,0.01309382748280008
XGB,TSLA,0,2021-07-01,2022-07-01,2021-12-10,2871,5.826029634276754,-0.10977300112416799,0.008166189,-0.08032713534317537,-0.05105377592462901
XGB,TSLA,0,2021-07-01,2022-07-01,2021-12-13,2872,5.774975858352125,-0.0990557330227082,-0.0022680939,0.042998050006040955,-0.008208173270999986
XGB,TSLA,0,2021-07-01,2022-07-01,2021-12-14,2873,5.766767685081125,-0.08112427467152816,-0.0054278146,0.10722624895122745,0.018072325435531056
XGB,TSLA,0,2021-07-01,2022-07-01,2021-12-15,2874,5.784840010516656,-0.062352964453533666,0.015830321,0.11408883991794827,-0.051585055672322966
XGB,TSLA,0,2021-07-01,2022-07-01,2021-12-16,2875,5.733254954844333,-0.039531798189633705,0.006492064,0.16066107704026322,0.0060769473419002296
XGB,TSLA,0,2021-07-01,2022-07-01,2021-12-17,2876,5.739331902186233,-0.016912694706610054,0.006932645,0.15248722244805624,-0.0356160597954851
XGB,TSLA,0,2021-07-01,2022-07-01,2021-12-20,2877,5.703715842390748,0.007034877822306385,-0.0021475826,0.17340349951092815,0.0419866565428304
XGB,TSLA,0,2021-07-01,2022-07-01,2021-12-21,2878,5.7457024989335785,0.02218422350487348,0.012435176,0.11866706809334637,0.07227140942458732
XGB,TSLA,0,2021-07-01,2022-07-01,2021-12-22,2879,5.817973908358166,0.03439124065018273,0.03508626,0.17330728759143454,0.05602002567418651
XGB,TSLA,0,2021-07-01,2022-07-01,2021-12-23,2880,5.873993934032352,0.03878049187172383,0.033824097,0.07455438361665045,0.024934916402251872
XGB,TSLA,0,2021-07-01,2022-07-01,2021-12-27,2881,5.898928850434604,0.03614043136144396,0.047658775,-0.0053344281385125925,-0.005012818550008014
XGB,TSLA,0,2021-07-01,2022-07-01,2021-12-28,2882,5.893916031884596,0.0317382271488702,0.050689258,-0.022079989429991898,-0.0020969072503067565
XGB,TSLA,0,2021-07-01,2022-07-01,2021-12-29,2883,5.8918191246342895,0.023865838242230097,0.038809624,-0.056073131129903864,-0.014699782732613187
XGB,TSLA,0,2021-07-01,2022-07-01,2021-12-30,2884,5.877119341901676,0.020489841499144568,0.03212951,-0.011482607647796073,-0.012749774874751374
XGB,TSLA,0,2021-07-01,2022-07-01,2021-12-31,2885,5.864369567026925,0.019452431739920506,0.030210814,0.00718464900311222,0.1269116289226755
XGB,TSLA,0,2021-07-01,2022-07-01,2022-01-03,2886,5.9912811959496,0.015917203098446464,0.049565103,-0.08118943379112498,-0.042732878300597577
XGB,TSLA,0,2021-07-01,2022-07-01,2022-01-04,2887,5.948548317649003,0.007113535131891169,0.020681115,-0.10833311014727798,-0.054953895352911175
XGB,TSLA,0,2021-07-01,2022-07-01,2022-01-05,2888,5.893594422296092,0.003988956889397599,0.020969704,-0.036032779336815146,-0.02175837984148732
XGB,TSLA,0,2021-07-01,2022-07-01,2022-01-06,2889,5.871836042454604,0.00027575255745837524,-2.6597292e-05,-0.03263924694966924,-0.03609004895021872
XGB,TSLA,0,2021-07-01,2022-07-01,2022-01-07,2890,5.835745993504386,-0.004184494432124097,-0.0076265405,-0.030962498097992786,0.029890740749494604
XGB,TSLA,0,2021-07-01,2022-07-01,2022-01-10,2891,5.86563673425388,-0.011387814557545894,0.015696783,-0.060230728764222974,0.005917481776156919
XGB,TSLA,0,2021-07-01,2022-07-01,2022-01-11,2892,5.871554216030037,-0.024602781589661227,0.03002134,-0.12014628283352202,0.038537546128438294
XGB,TSLA,0,2021-07-01,2022-07-01,2022-01-12,2893,5.910091762158475,-0.043697869374065945,0.03484557,-0.17351946467928325,-0.06987655465675058
XGB,TSLA,0,2021-07-01,2022-07-01,2022-01-13,2894,5.840215207501725,-0.05637813355776533,0.014104704,-0.11619447725034693,0.017346435457551657
XGB,TSLA,0,2021-07-01,2022-07-01,2022-01-14,2895,5.8575616429592765,-0.06697483163916562,0.02425642,-0.11305317448448982,-0.018364847454341415
XGB,TSLA,0,2021-07-01,2022-07-01,2022-01-18,2896,5.839196795504935,-0.08007340017362274,0.011023064,-0.21746830168925602,-0.034413300098542265
XGB,TSLA,0,2021-07-01,2022-07-01,2022-01-19,2897,5.804783495406393,-0.08840561950762371,0.0036717516,-0.16246279122782248,0.0006225100832644159
XGB,TSLA,0,2021-07-01,2022-07-01,2022-01-20,2898,5.805406005489657,-0.08750983212068775,0.0027001132,-0.061633913893319736,-0.05399807229314213
XGB,TSLA,0,2021-07-01,2022-07-01,2022-01-21,2899,5.751407933196515,-0.08151722319125643,-0.0032390205,-0.013492484941409977,-0.014835635717322937
XGB,TSLA,0,2021-07-01,2022-07-01,2022-01-24,2900,5.736572297479192,-0.07586951163083899,-0.0076883496,-0.02652065612907517,-0.012551567227814253
XGB,TSLA,0,2021-07-01,2022-07-01,2022-01-25,2901,5.724020730251378,-0.07029375782841463,0.007141622,-0.030131494775696765,0.02048773822340877
XGB,TSLA,0,2021-07-01,2022-07-01,2022-01-26,2902,5.744508468474787,-0.06458823348151022,0.00966758,-0.015144846182612248,-0.12277997465910762
XGB,TSLA,0,2021-07-01,2022-07-01,2022-01-27,2903,5.621728493815679,-0.05557493739744679,-0.0044661793,0.09017642190088448,0.020592210362891272
XGB,TSLA,0,2021-07-01,2022-07-01,2022-01-28,2904,5.64232070417857,-0.04496753821107813,0.008470519,0.0856122638092387,0.10145138741776716
XGB,TSLA,0,2021-07-01,2022-07-01,2022-01-31,2905,5.7437720915963375,-0.04165242449679596,0.02833607,-0.0050515983230390304,-0.00585664334123237
XGB,TSLA,0,2021-07-01,2022-07-01,2022-02-01,2906,5.737915448255105,-0.04139831470237976,0.033697106,-0.029090167951087764,-0.02786380690498813
XGB,TSLA,0,2021-07-01,2022-07-01,2022-02-02,2907,5.710051641350117,-0.04446093951035657,0.023901686,-0.051731576256229594,-0.016162405874435848
XGB,TSLA,0,2021-07-01,2022-07-01,2022-02-03,2908,5.693889235475681,-0.043153268361703745,0.021497633,-0.017409397349496203,0.035474386816493286
XGB,TSLA,0,2021-07-01,2022-07-01,2022-02-04,2909,5.729363622292174,-0.038624352643949145,0.03737747,-0.0009644597075313399,-0.017458706575610883
XGB,TSLA,0,2021-07-01,2022-07-01,2022-02-07,2910,5.711904915716564,-0.03193124147284809,0.031651475,0.017534458900842154,0.016028052271245485
XGB,TSLA,0,2021-07-01,2022-07-01,2022-02-08,2911,5.727932967987809,-0.033946208425675195,0.04102439,-0.05077969517203318,0.01078752528548943
XGB,TSLA,0,2021-07-01,2022-07-01,2022-02-09,2912,5.7387204932732985,-0.04006361578645112,0.034167744,-0.08391818801899742,-0.029895212969281104
XGB,TSLA,0,2021-07-01,2022-07-01,2022-02-10,2913,5.708825280304017,-0.047013197736020196,0.017682333,-0.09626915223112498,-0.05050521521012996
XGB,TSLA,0,2021-07-01,2022-07-01,2022-02-11,2914,5.658320065093887,-0.05367611520154281,0.00494855,-0.1183122387035791,0.018159773032297544
XGB,TSLA,0,2021-07-01,2022-07-01,2022-02-14,2915,5.676479838126185,-0.05753517713580969,0.011802404,-0.08951833764189754,0.05191932445845815
XGB,TSLA,0,2021-07-01,2022-07-01,2022-02-15,2916,5.728399162584643,-0.06680996391445859,0.021156432,-0.13013771632307236,0.0010402120327626108
XGB,TSLA,0,2021-07-01,2022-07-01,2022-02-16,2917,5.729439374617406,-0.06885407682910394,0.022653133,-0.059064294220179114,-0.05228610180162985
XGB,TSLA,0,2021-07-01,2022-07-01,2022-02-17,2918,5.677153272815776,-0.06437196034035075,0.006959577,-0.013764684563121854,-0.02235096756147481
XGB,TSLA,0,2021-07-01,2022-07-01,2022-02-18,2919,5.654802305254301,-0.054935777241836625,-0.0065137576,0.02638228770132134,-0.04224617718140866
XGB,TSLA,0,2021-07-01,2022-07-01,2022-02-22,2920,5.612556128072892,-0.046479858741656166,-0.0050015873,0.021387889767116697,-0.07254830168258408
XGB,TSLA,0,2021-07-01,2022-07-01,2022-02-23,2921,5.540007826390308,-0.032352036694246245,-0.022787314,0.09274396139922647,0.0469536740939791
XGB,TSLA,0,2021-07-01,2022-07-01,2022-02-24,2922,5.586961500484287,-0.02845444254793872,0.005002213,0.004746596293388805,0.011299945777283327
XGB,TSLA,0,2021-07-01,2022-07-01,2022-02-25,2923,5.598261446261571,-0.02248202479907402,0.004242567,0.017782069665111422,0.07211363413565586
XGB,TSLA,0,2021-07-01,2022-07-01,2022-02-28,2924,5.670375080397227,-0.019020545157651725,0.016755985,-0.013253370600442516,-0.006986492144572587
XGB,TSLA,0,2021-07-01,2022-07-01,2022-03-01,2925,5.663388588252654,-0.018406096441340836,0.023217518,-0.03062489624272846,0.017796004702968382
XGB,TSLA,0,2021-07-01,2022-07-01,2022-03-02,2926,5.681184592955622,-0.02672352214636131,0.042388152,-0.10101460460536327,-0.047240575115613304
XGB,TSLA,0,2021-07-01,2022-07-01,2022-03-03,2927,5.633944017840009,-0.03352317589039533,0.022612099,-0.09089123103907237,-0.0011922300504743077
XGB,TSLA,0,2021-07-01,2022-07-01,2022-03-04,2928,5.632751787789535,-0.034657907703146584,0.019052807,-0.04439265489493138,-0.04104369101185856
XGB,TSLA,0,2021-07-01,2022-07-01,2022-03-07,2929,5.591708096777676,-0.025765500147950426,0.005722539,0.04335525519127259,0.024335419149005943
XGB,TSLA,0,2021-07-01,2022-07-01,2022-03-08,2930,5.616043515926682,-0.016218712292677573,0.01777634,0.05567477046504621,0.04107819387010192
XGB,TSLA,0,2021-07-01,2022-07-01,2022-03-09,2931,5.657121709796784,-0.007886469909801797,0.02464472,0.05263177410650233,-0.024358017786858532
XGB,TSLA,0,2021-07-01,2022-07-01,2022-03-10,2932,5.6327636920099255,0.005729457040049013,0.014132189,0.09425780180682874,-0.052593703659666424
XGB,TSLA,0,2021-07-01,2022-07-01,2022-03-11,2933,5.580169988350259,0.029222731598991025,0.00082691596,0.22293478906189446,-0.03711720154932241
XGB,TSLA,0,2021-07-01,2022-07-01,2022-03-14,2934,5.543052786800937,0.0581863627605026,-0.010468106,0.2651998536559823,0.04530634609366668
XGB,TSLA,0,2021-07-01,2022-07-01,2022-03-15,2935,5.588359132894603,0.08318985584473193,0.005288894,0.23460784715727456,0.04670421907434541
XGB,TSLA,0,2021-07-01,2022-07-01,2022-03-16,2936,5.635063351968949,0.1023969185649305,0.019605275,0.18466344637894228,0.03665493442277956
XGB,TSLA,0,2021-07-01,2022-07-01,2022-03-17,2937,5.671718286391728,0.1195326603748228,0.023867859,0.22528901905869958,0.03803519751155804
XGB,TSLA,0,2021-07-01,2022-07-01,2022-03-18,2938,5.709753483903286,0.13391409886920957,0.034882907,0.19430873511436708,0.017268009913467885
XGB,TSLA,0,2021-07-01,2022-07-01,2022-03-21,2939,5.727021493816754,0.1451989141837764,0.038213793,0.17195305076084821,0.07608328359539929
XGB,TSLA,0,2021-07-01,2022-07-01,2022-03-22,2940,5.803104777412154,0.15007165187256888,0.0529256,0.08077459299983047,0.005147863044765444
XGB,TSLA,0,2021-07-01,2022-07-01,2022-03-23,2941,5.808252640456919,0.15298688667431826,0.045448035,0.08209238187399936,0.014714339594958936
XGB,TSLA,0,2021-07-01,2022-07-01,2022-03-24,2942,5.822966980051878,0.156644608473278,0.05053456,0.12197362045877913,-0.0032401817039868774
XGB,TSLA,0,2021-07-01,2022-07-01,2022-03-25,2943,5.819726798347891,0.15209744029946215,0.034973312,0.07674916488229488,0.07728050710253687
XGB,TSLA,0,2021-07-01,2022-07-01,2022-03-28,2944,5.897007305450428,0.13893444047223724,0.046261124,-0.04312041198870453,0.00705491356722554
XGB,TSLA,0,2021-07-01,2022-07-01,2022-03-29,2945,5.9040622190176535,0.1245093423183734,0.045514207,-0.03923853477555905,-0.005087674440050982
XGB,TSLA,0,2021-07-01,2022-07-01,2022-03-30,2946,5.8989745445776025,0.10559891364569118,0.045507096,-0.06466104640353887,-0.015095174165618452
XGB,TSLA,0,2021-07-01,2022-07-01,2022-03-31,2947,5.883879370411984,0.08313343594875366,0.027749361,-0.09910080405543376,0.006465651918934334
XGB,TSLA,0,2021-07-01,2022-07-01,2022-04-01,2948,5.890345022330918,0.06103349947408887,0.02451765,-0.0943379190415925,0.0545955781797387
XGB,TSLA,0,2021-07-01,2022-07-01,2022-04-04,2949,5.944940600510657,0.0399996632136137,0.04402727,-0.1136741236351444,-0.04846463728047112
XGB,TSLA,0,2021-07-01,2022-07-01,2022-04-05,2950,5.896475963230186,0.022197741097329526,0.028277129,-0.10244657974389426,-0.04258906976846255
XGB,TSLA,0,2021-07-01,2022-07-01,2022-04-06,2951,5.853886893461723,0.012454833096578355,0.0073591424,-0.04046307045580022,0.01093679078037102
XGB,TSLA,0,2021-07-01,2022-07-01,2022-04-07,2952,5.864823684242094,0.005017814828875977,0.0070143775,-0.027919599397053574,-0.030510186068030798
XGB,TSLA,0,2021-07-01,2022-07-01,2022-04-08,2953,5.834313498174064,-0.0036737767874610583,0.0004559991,-0.04823443496674251,-0.04953493181751334
XGB,TSLA,0,2021-07-01,2022-07-01,2022-04-11,2954,5.78477856635655,-0.002482935072664283,-0.0137849655,0.03310613293611908,0.01122853693277559
XGB,TSLA,0,2021-07-01,2022-07-01,2022-04-12,2955,5.796007103289326,-0.002773860059767763,-0.008432936,0.01817316639627453,0.035259373586186804
XGB,TSLA,0,2021-07-01,2022-07-01,2022-04-13,2956,5.831266476875513,-0.0087389584726143,0.005285468,-0.02410542978279917,-0.03723709338922099
XGB,TSLA,0,2021-07-01,2022-07-01,2022-04-14,2957,5.794029383486292,-0.01365262013080315,0.0011330363,-0.11679619392178697,0.01939443951963149
XGB,TSLA,0,2021-07-01,2022-07-01,2022-04-18,2958,5.813423823005923,-0.021878016000514755,0.015536525,-0.1303997545226725,0.023480261839117667
XGB,TSLA,0,2021-07-01,2022-07-01,2022-04-19,2959,5.836904084845041,-0.034827310129784905,0.021662634,-0.15842804587534776,-0.050825021637719736
XGB,TSLA,0,2021-07-01,2022-07-01,2022-04-20,2960,5.786079063207321,-0.04382107879522401,0.012284957,-0.11532498217469644,0.031805636085348254
XGB,TSLA,0,2021-07-01,2022-07-01,2022-04-21,2961,5.817884699292669,-0.053218509835843086,0.025947057,-0.11084084543224293,-0.0037044296070689597
XGB,TSLA,0,2021-07-01,2022-07-01,2022-04-22,2962,5.8141802696856,-0.061326002298029536,0.025766425,-0.10017244092315014,-0.007019222592886898
XGB,TSLA,0,2021-07-01,2022-07-01,2022-04-25,2963,5.8071610470927135,-0.06217618478173925,0.024109224,-0.04655722553359887,-0.1299278575282088
XGB,TSLA,0,2021-07-01,2022-07-01,2022-04-26,2964,5.677233189564505,-0.06536132334762002,0.0054675303,-0.0035892770564043275,0.0057908789187459675
XGB,TSLA,0,2021-07-01,2022-07-01,2022-04-27,2965,5.683024068483251,-0.06865996147798636,0.005725629,-0.018155729631010864,-0.004548029513557594
XGB,TSLA,0,2021-07-01,2022-07-01,2022-04-28,2966,5.678476038969693,-0.07438193931472181,0.004526437,-0.1087203363145477,-0.007721957937068424
XGB,TSLA,0,2021-07-01,2022-07-01,2022-04-29,2967,5.670754081032625,-0.07781165330128292,0.0084502855,-0.08470467074721277,0.03628977282780177
XGB,TSLA,0,2021-07-01,2022-07-01,2022-05-02,2968,5.7070438538604265,-0.08874383039988398,0.025055112,-0.20714709312547974,0.006963974902023828
XGB,TSLA,0,2021-07-01,2022-07-01,2022-05-03,2969,5.71400782876245,-0.10194993638462257,0.026129734,-0.22231904827399784,0.046595992796664376
XGB,TSLA,0,2021-07-01,2022-07-01,2022-05-04,2970,5.760603821559115,-0.11536742833019176,0.034579698,-0.21335820948166084,-0.08695990905101425
XGB,TSLA,0,2021-07-01,2022-07-01,2022-05-05,2971,5.6736439125081,-0.12660142609761849,0.015205228,-0.18695389634894433,-0.008775573655860569
XGB,TSLA,0,2021-07-01,2022-07-01,2022-05-06,2972,5.66486833885224,-0.13124673586537838,0.013539672,-0.12804603311080953,-0.09511263619709442
XGB,TSLA,0,2021-07-01,2022-07-01,2022-05-09,2973,5.569755702655145,-0.1359162114016499,-0.006019166,-0.10337066617399415,0.016293707630266496
XGB,TSLA,0,2021-07-01,2022-07-01,2022-05-10,2974,5.586049410285412,-0.1410613768885316,0.0026446653,-0.12021398826227347,-0.0861526495504652
XGB,TSLA,0,2021-07-01,2022-07-01,2022-05-11,2975,5.499896760734947,-0.14613567265938787,-0.011572545,-0.10037749988780398,-0.008207980246494273
XGB,TSLA,0,2021-07-01,2022-07-01,2022-05-12,2976,5.491688780488452,-0.1473480116883552,-0.010521571,-0.07573656905974957,0.055556831589001376
XGB,TSLA,0,2021-07-01,2022-07-01,2022-05-13,2977,5.547245612077454,-0.1580786872796267,0.009864958,-0.20306295953632247,-0.06055559591829773
XGB,TSLA,0,2021-07-01,2022-07-01,2022-05-16,2978,5.486690016159156,-0.15880793910759294,-0.0014137181,-0.09488227872999389,0.050132289582274225
XGB,TSLA,0,2021-07-01,2022-07-01,2022-05-17,2979,5.53682230574143,-0.15604780349887637,0.016823819,-0.07337191385935693,-0.07043726926027905
XGB,TSLA,0,2021-07-01,2022-07-01,2022-05-18,2980,5.466385036481151,-0.1415482331177511,0.0063711624,0.06783417399477365,-0.0005496144580128259
XGB,TSLA,0,2021-07-01,2022-07-01,2022-05-19,2981,5.465835422023138,-0.12532176195758726,0.0025209705,0.06657859668506472,-0.0663161611759957
XGB,TSLA,0,2021-07-01,2022-07-01,2022-05-20,2982,5.399519260847143,-0.10602406544088794,-0.012345654,0.10901848451983565,0.016432950581560135
XGB,TSLA,0,2021-07-01,2022-07-01,2022-05-23,2983,5.415952211428703,-0.08265769763616948,0.0016920307,0.13829856863405343,-0.07176955888757153
XGB,TSLA,0,2021-07-01,2022-07-01,2022-05-24,2984,5.344182652541131,-0.06485806187362453,-0.018049728,0.11334398867439965,0.047625084888030855
XGB,TSLA,0,2021-07-01,2022-07-01,2022-05-25,2985,5.391807737429162,-0.050335102664763376,-0.0032448869,0.08163871020834712,0.07164265445291118
XGB,TSLA,0,2021-07-01,2022-07-01,2022-05-26,2986,5.463450391882073,-0.04279322671085861,0.01467436,0.012538875936066063,0.07076881859385153
XGB,TSLA,0,2021-07-01,2022-07-01,2022-05-27,2987,5.534219210475925,-0.03981315769498828,0.0296158,-0.0458325919314273,-0.0018051917677217588
XGB,TSLA,0,2021-07-01,2022-07-01,2022-05-31,2988,5.532414018708203,-0.03800997501956882,0.0396331,-0.052998071901152244,-0.023876273341224774
XGB,TSLA,0,2021-07-01,2022-07-01,2022-06-01,2989,5.508537745366978,-0.03814837822108341,0.036660768,-0.06080950387978756,0.04571303469577792
XGB,TSLA,0,2021-07-01,2022-07-01,2022-06-02,2990,5.554250780062756,-0.051440043188499374,0.036094114,-0.1801922651343668,-0.0967241388472253
XGB,TSLA,0,2021-07-01,2022-07-01,2022-06-03,2991,5.457526641215531,-0.051370527240833574,0.017184896,-0.05986180392994278,0.015919806421978322
XGB,TSLA,0,2021-07-01,2022-07-01,2022-06-06,2992,5.473446447637509,-0.04691322057353986,0.024954926,-0.022407994071809156,0.002542820180630123
XGB,TSLA,0,2021-07-01,2022-07-01,2022-06-07,2993,5.475989267818139,-0.052472115561345234,0.027192086,-0.11422770007201244,0.01239735072635817
XGB,TSLA,0,2021-07-01,2022-07-01,2022-06-08,2994,5.488386618544498,-0.05817754105998585,0.017624263,-0.10959589318873242,-0.0089706717374467
XGB,TSLA,0,2021-07-01,2022-07-01,2022-06-09,2995,5.479415946807051,-0.055853040404556964,0.020999633,-0.011201105106529496,-0.03168770531986009
XGB,TSLA,0,2021-07-01,2022-07-01,2022-06-10,2996,5.447728241487191,-0.049442839754823886,0.008453828,0.016470741551994905,-0.07366972655880133
XGB,TSLA,0,2021-07-01,2022-07-01,2022-06-13,2997,5.3740585149283895,-0.03471592228009346,-0.0069736936,0.08582485835864428,0.023606322357198728
XGB,TSLA,0,2021-07-01,2022-07-01,2022-06-14,2998,5.397664837285588,-0.018632095085750144,0.00591719,0.1064735686097329,0.053373616280111946
XGB,TSLA,0,2021-07-01,2022-07-01,2022-06-15,2999,5.4510384535657,-0.008599396794289227,0.01605929,0.04989316556792023,-0.08927688581957316
XGB,TSLA,0,2021-07-01,2022-07-01,2022-06-16,3000,5.361761567746127,0.0038468651804119958,-0.0014321283,0.0878309056068769,0.01702915760963819
XGB,TSLA,0,2021-07-01,2022-07-01,2022-06-17,3001,5.378790725355765,0.012446634052458272,0.01910187,0.052701744385845295,0.08942411634475622
XGB,TSLA,0,2021-07-01,2022-07-01,2022-06-21,3002,5.468214841700521,0.011327880759370856,0.033359222,-0.054457949430684494,-0.004015858661335692
XGB,TSLA,0,2021-07-01,2022-07-01,2022-06-22,3003,5.464198983039186,0.01145187647747914,0.031718187,-0.03808956663577323,-0.00431560975215195
XGB,TSLA,1,2022-07-01,2023-07-01,2022-07-01,3010,5.4261094164034125,0.03721839597658505,0.03196859,0.04211945853812349,0.02521511490516115
XGB,TSLA,1,2022-07-01,2023-07-01,2022-07-05,3011,5.451324531308574,0.03811569635756573,0.066658415,0.02226182786985209,-0.005737228466480282
XGB,TSLA,1,2022-07-01,2023-07-01,2022-07-06,3012,5.445587302842093,0.040575277726827785,0.0524491,0.035329355467196066,0.0538052294718776
XGB,TSLA,1,2022-07-01,2023-07-01,2022-07-07,3013,5.499392532313971,0.037198411386566654,0.08128489,-0.01647844338786264,0.025117078284842442
XGB,TSLA,1,2022-07-01,2023-07-01,2022-07-08,3014,5.524509610598813,0.03335729228848017,0.090246946,-0.021090476209038478,-0.06772231414560181
XGB,TSLA,1,2022-07-01,2023-07-01,2022-07-11,3015,5.456787296453212,0.04104575316343073,0.058916073,0.05462328555553331,-0.005448427397798383
XGB,TSLA,1,2022-07-01,2023-07-01,2022-07-12,3016,5.451338869055413,0.05335354508117529,0.049636036,0.1533841779522076,0.016890005886122772
XGB,TSLA,1,2022-07-01,2023-07-01,2022-07-13,3017,5.468228874941536,0.0643199786700519,0.06862585,0.13846745009166828,0.0053574842368897535
XGB,TSLA,1,2022-07-01,2023-07-01,2022-07-14,3018,5.473586359178426,0.07303864073560007,0.06063083,0.11901617790068553,0.007330299130863693
XGB,TSLA,1,2022-07-01,2023-07-01,2022-07-15,3019,5.480916658309289,0.07560106334549754,0.0441621,0.07537066011673943,0.001997430616818896
XGB,TSLA,1,2022-07-01,2023-07-01,2022-07-18,3020,5.482914088926108,0.08296820991360399,0.037528034,0.13320227562848697,0.020505045463666605
XGB,TSLA,1,2022-07-01,2023-07-01,2022-07-19,3021,5.503419134389775,0.09000901887018475,0.061460212,0.13457957799199427,0.007991447618969971
XGB,TSLA,1,2022-07-01,2023-07-01,2022-07-20,3022,5.511410582008745,0.10022141188419198,0.05789228,0.1828264592637403,0.09331246499887591
XGB,TSLA,1,2022-07-01,2023-07-01,2022-07-21,3023,5.604723047007621,0.10639378974964941,0.096174695,0.08994021494406734,0.001973278025583447
XGB,TSLA,1,2022-07-01,2023-07-01,2022-07-22,3024,5.606696325033204,0.11246483345539104,0.086463004,0.09903980639846299,-0.014093787954092996
XGB,TSLA,1,2022-07-01,2023-07-01,2022-07-25,3025,5.592602537079111,0.12156539358016705,0.088926315,0.13553645297920536,-0.036315218653082404
XGB,TSLA,1,2022-07-01,2023-07-01,2022-07-26,3026,5.556287318426029,0.13511222516484622,0.06120329,0.17586662376788098,0.05982904612856643
XGB,TSLA,1,2022-07-01,2023-07-01,2022-07-27,3027,5.616116364554595,0.13141954405113232,0.09365425,0.04743426581029908,0.02188234782717391
XGB,TSLA,1,2022-07-01,2023-07-01,2022-07-28,3028,5.637998712381769,0.1252574181417785,0.10278645,0.033340938702042244,0.056238328890716005
XGB,TSLA,1,2022-07-01,2023-07-01,2022-07-29,3029,5.694237041272485,0.11090383847008223,0.11630078,-0.04761294455320009,0.0004262206792029488
XGB,TSLA,1,2022-07-01,2023-07-01,2022-08-01,3030,5.694663261951688,0.10018787470102186,0.08268371,-0.009871104224226102,0.011072869479979097
XGB,TSLA,1,2022-07-01,2023-07-01,2022-08-02,3031,5.705736131431667,0.08389901030538827,0.09091357,-0.04754392897451698,0.02240285862664937
XGB,TSLA,1,2022-07-01,2023-07-01,2022-08-03,3032,5.728138990058317,0.0709018036173985,0.11394093,-0.02425652447038562,0.004014952135593219
XGB,TSLA,1,2022-07-01,2023-07-01,2022-08-04,3033,5.73215394219391,0.06120246657892725,0.09232095,0.002222421225376081,-0.06860331182901547
XGB,TSLA,1,2022-07-01,2023-07-01,2022-08-05,3034,5.663550630364894,0.06141046964603625,0.05221239,0.061873707177872994,0.007789020718917072
XGB,TSLA,1,2022-07-01,2023-07-01,2022-08-08,3035,5.671339651083811,0.059228775299162706,0.043559406,0.045677108104598574,-0.024715554364526326
XGB,TSLA,1,2022-07-01,2023-07-01,2022-08-09,3036,5.646624096719285,0.05947019010578369,0.029881902,0.0666795576987429,0.038168061008176934
XGB,TSLA,1,2022-07-01,2023-07-01,2022-08-10,3037,5.684792157727462,0.0514516851562945,0.04991909,0.007816982041199516,-0.02659995527031178
XGB,TSLA,1,2022-07-01,2023-07-01,2022-08-11,3038,5.65819220245715,0.043845949111740445,0.034884673,0.011389814055712932,0.04569026313078073
XGB,TSLA,1,2022-07-01,2023-07-01,2022-08-12,3039,5.703882465587931,0.03454050612731141,0.054922756,-0.011992633487355242,0.03049389783135492
XGB,TSLA,1,2022-07-01,2023-07-01,2022-08-15,3040,5.734376363419286,0.022098866328630784,0.073603846,-0.04031875675366425,-0.008952025876518555
XGB,TSLA,1,2022-07-01,2023-07-01,2022-08-16,3041,5.725424337542767,0.010745081332403927,0.061597303,-0.03482839995260978,-0.008407578354357348
XGB,TSLA,1,2022-07-01,2023-07-01,2022-08-17,3042,5.71701675918841,-0.002386681207210195,0.05894764,-0.05374384058210424,-0.003713104770382003
XGB,TSLA,1,2022-07-01,2023-07-01,2022-08-18,3043,5.713303654418028,-0.015647677030834473,0.058064234,-0.061446226911492374,-0.020694514649366447
XGB,TSLA,1,2022-07-01,2023-07-01,2022-08-19,3044,5.692609139768662,-0.027731363728489278,0.04369236,-0.06606770149828822,-0.023027123255798365
XGB,TSLA,1,2022-07-01,2023-07-01,2022-08-22,3045,5.669582016512863,-0.036650247765429356,0.027431857,-0.05059524671053062,0.022307815587712554
XGB,TSLA,1,2022-07-01,2023-07-01,2022-08-23,3046,5.691889832100576,-0.04729366465104423,0.05150128,-0.06729486212841618,0.00216777456504591
XGB,TSLA,1,2022-07-01,2023-07-01,2022-08-24,3047,5.694057606665622,-0.060052509110495755,0.044121493,-0.09485820382512422,-0.00346166907546408
XGB,TSLA,1,2022-07-01,2023-07-01,2022-08-25,3048,5.690595937590158,-0.06777246261020853,0.037379067,-0.07593610916580396,-0.02732301898385181
XGB,TSLA,1,2022-07-01,2023-07-01,2022-08-26,3049,5.663272918606306,-0.06428167496379,0.023224585,-0.015355533763544926,-0.011415491099770136
XGB,TSLA,1,2022-07-01,2023-07-01,2022-08-29,3050,5.651857427506536,-0.055596045623686585,0.022821566,0.015468543899766374,-0.025315989236162295
XGB,TSLA,1,2022-07-01,2023-07-01,2022-08-30,3051,5.626541438270373,-0.03904891823948464,0.018364962,0.07617377598527408,-0.007554668468040759
XGB,TSLA,1,2022-07-01,2023-07-01,2022-08-31,3052,5.618986769802333,-0.019296706577577538,0.020032652,0.09942160115842569,0.005608200169826993
XGB,TSLA,1,2022-07-01,2023-07-01,2022-09-01,3053,5.62459496997216,-0.007933497688124902,0.023261229,0.052603955415538195,-0.025395567131662133
XGB,TSLA,1,2022-07-01,2023-07-01,2022-09-02,3054,5.599199402840497,0.010189084173569896,0.011805876,0.11324539648737098,0.015460425583856185
XGB,TSLA,1,2022-07-01,2023-07-01,2022-09-06,3055,5.614659828424354,0.025149100720745388,0.03510321,0.10154516623040433,0.03325755641840722
XGB,TSLA,1,2022-07-01,2023-07-01,2022-09-07,3056,5.647917384842761,0.032873110561095764,0.05884839,0.06696988966592077,0.019408586563541164
XGB,TSLA,1,2022-07-01,2023-07-01,2022-09-08,3057,5.667325971406302,0.03982704773879586,0.071908854,0.06624184075019546,0.035389242849345415
XGB,TSLA,1,2022-07-01,2023-07-01,2022-09-09,3058,5.702715214255647,0.04138290934247646,0.09164298,0.029751929846016267,0.015693156705110844
XGB,TSLA,1,2022-07-01,2023-07-01,2022-09-12,3059,5.718408370960758,0.035519323337898534,0.097124115,-0.01196281946696054,-0.0412094455730605
XGB,TSLA,1,2022-07-01,2023-07-01,2022-09-13,3060,5.677198925387698,0.030665588021912882,0.07550279,-0.012191942372565379,0.03524587394017065
XGB,TSLA,1,2022-07-01,2023-07-01,2022-09-14,3061,5.712444799327868,0.01725332131189372,0.08775465,-0.09447446985541763,0.003760195326889537
XGB,TSLA,1,2022-07-01,2023-07-01,2022-09-15,3062,5.716204994654758,0.002631066799513526,0.07724766,-0.09576786232849255,-0.00131772014607634
XGB,TSLA,1,2022-07-01,2023-07-01,2022-09-16,3063,5.714887274508682,-0.008202826847872657,0.068097934,-0.06965240484918667,0.018680537647815854
XGB,TSLA,1,2022-07-01,2023-07-01,2022-09-19,3064,5.7335678121564975,-0.01906101697630813,0.081579976,-0.0712672804379384,-0.0011006680548337755
XGB,TSLA,1,2022-07-01,2023-07-01,2022-09-20,3065,5.732467144101664,-0.03471991318129142,0.069413975,-0.14069692020049462,-0.026021592607865962
XGB,TSLA,1,2022-07-01,2023-07-01,2022-09-21,3066,5.706445551493798,-0.047142752318892533,0.04471875,-0.12577277399970566,-0.04143856847866534
XGB,TSLA,1,2022-07-01,2023-07-01,2022-09-22,3067,5.665006983015132,-0.05643532760351899,0.023361968,-0.1744177539994931,-0.047036653542681606
XGB,TSLA,1,2022-07-01,2023-07-01,2022-09-23,3068,5.617970329472451,-0.060399621314681795,0.010946264,-0.09875191437543496,0.0024668028538146203
XGB,TSLA,1,2022-07-01,2023-07-01,2022-09-26,3069,5.620437132326265,-0.06718077616577212,0.012629896,-0.13642890165297938,0.02479773733322954
XGB,TSLA,1,2022-07-01,2023-07-01,2022-09-27,3070,5.645234869659495,-0.07967396803671889,0.04195715,-0.17241810611882435,0.017065662059064124
XGB,TSLA,1,2022-07-01,2023-07-01,2022-09-28,3071,5.662300531718559,-0.0979172636600456,0.04906984,-0.25481487533614544,-0.07053030781739
XGB,TSLA,1,2022-07-01,2023-07-01,2022-09-29,3072,5.591770223901169,-0.11211969600676586,0.016178371,-0.1847778106150475,-0.011097446407076994
XGB,TSLA,1,2022-07-01,2023-07-01,2022-09-30,3073,5.580672777494092,-0.12726317615368465,0.0045397314,-0.2030822300515478,-0.09008354847845279
XGB,TSLA,1,2022-07-01,2023-07-01,2022-10-03,3074,5.490589229015639,-0.13959721117505275,-0.009400986,-0.10958647056284132,0.028629186081376545
XGB,TSLA,1,2022-07-01,2023-07-01,2022-10-04,3075,5.519218415097016,-0.149316537347703,0.02256425,-0.11780308503980486,-0.03521018442372981
XGB,TSLA,1,2022-07-01,2023-07-01,2022-10-05,3076,5.484008230673286,-0.15858832541502377,0.01054821,-0.16104700641526026,-0.01119146713261543
XGB,TSLA,1,2022-07-01,2023-07-01,2022-10-06,3077,5.472816763540671,-0.1571533834826404,0.003034625,-0.08214810810298356,-0.06533110715825696
XGB,TSLA,1,2022-07-01,2023-07-01,2022-10-07,3078,5.407485656382414,-0.15142535510026445,-0.02584687,-0.012994835297994278,-0.000493243096292062
XGB,TSLA,1,2022-07-01,2023-07-01,2022-10-10,3079,5.406992413286122,-0.14240355811218652,-0.02885139,-0.00413489770135822,-0.02940186584357729
XGB,TSLA,1,2022-07-01,2023-07-01,2022-10-11,3080,5.377590547442544,-0.13550404549567485,-0.03352152,-0.04352001707784048,0.003412211010253685
XGB,TSLA,1,2022-07-01,2023-07-01,2022-10-12,3081,5.381002758452798,-0.12428813089705848,-0.015239417,-0.012972768108428845,0.02041257160441301
XGB,TSLA,1,2022-07-01,2023-07-01,2022-10-13,3082,5.401415330057211,-0.11702531934932558,0.019840248,-0.048373063819927786,-0.07845410579918521
XGB,TSLA,1,2022-07-01,2023-07-01,2022-10-14,3083,5.322961224258026,-0.09983558613985988,-0.0071163983,0.08160625390025089,0.06770743117966127
XGB,TSLA,1,2022-07-01,2023-07-01,2022-10-17,3084,5.390668655437687,-0.08835157254396009,0.03136727,0.023830462682738585,0.003822165646732323
XGB,TSLA,1,2022-07-01,2023-07-01,2022-10-18,3085,5.394490821084419,-0.07589423655467176,0.04083256,0.022009484871793994,0.008366694500343996
XGB,TSLA,1,2022-07-01,2023-07-01,2022-10-19,3086,5.402857515584763,-0.06188570787224723,0.04261477,0.02876623696772107,-0.06878698522005955
XGB,TSLA,1,2022-07-01,2023-07-01,2022-10-20,3087,5.334070530364704,-0.04213149132051619,0.016860655,0.09325548724055022,0.03395945997966532
XGB,TSLA,1,2022-07-01,2023-07-01,2022-10-21,3088,5.368029990344369,-0.025559411097523466,0.03970972,0.06052588527654379,-0.014987724107085931
XGB,TSLA,1,2022-07-01,2023-07-01,2022-10-24,3089,5.353042266237283,-0.01767901169267816,0.03117141,0.01750271443387419,0.05152521192099346
XGB,TSLA,1,2022-07-01,2023-07-01,2022-10-25,3090,5.404567478158277,-0.01531001017239042,0.05011493,-0.032488639387215024,0.009931639962148964
XGB,TSLA,1,2022-07-01,2023-07-01,2022-10-26,3091,5.414499118120426,-0.019819746614325062,0.04699856,-0.07951236133161999,0.002001187835787732
XGB,TSLA,1,2022-07-01,2023-07-01,2022-10-27,3092,5.416500305956213,-0.03116509639488907,0.036578193,-0.13289055898952995,0.015123446596271073
XGB,TSLA,1,2022-07-01,2023-07-01,2022-10-28,3093,5.431623752552484,-0.048261910494775684,0.059988998,-0.17778086015354422,-0.004297734947230403
XGB,TSLA,1,2022-07-01,2023-07-01,2022-10-31,3094,5.427326017605254,-0.07032682042454308,0.064193286,-0.2478485155598964,0.0012298580156588912
XGB,TSLA,1,2022-07-01,2023-07-01,2022-11-01,3095,5.428555875620913,-0.08518652651707725,0.057670724,-0.17774948534342894,-0.05801089494975553
XGB,TSLA,1,2022-07-01,2023-07-01,2022-11-02,3096,5.370544980671157,-0.08767792013647746,0.038834013,-0.09258338815116396,0.0015338580999042506
XGB,TSLA,1,2022-07-01,2023-07-01,2022-11-03,3097,5.372078838771062,-0.09309258466406689,0.025091773,-0.12006724108151001,-0.037092081982256
XGB,TSLA,1,2022-07-01,2023-07-01,2022-11-04,3098,5.334986756788806,-0.0913301480203339,0.016806545,-0.06496599881391951,-0.05137700982212223
XGB,TSLA,1,2022-07-01,2023-07-01,2022-11-07,3099,5.283609746966683,-0.08795256415794928,-0.0058000274,-0.05292903893038492,-0.029766854567743195
XGB,TSLA,1,2022-07-01,2023-07-01,2022-11-08,3100,5.25384289239894,-0.0834550457820864,-0.023599774,-0.043428219023291526,-0.07436539035358258
XGB,TSLA,1,2022-07-01,2023-07-01,2022-11-09,3101,5.179477502045358,-0.07545685521546819,-0.028554024,0.014534361242431793,0.07132888823212635
XGB,TSLA,1,2022-07-01,2023-07-01,2022-11-10,3102,5.250806390277484,-0.08158524709298831,0.012240985,-0.12761654903002917,0.027155202242509446
XGB,TSLA,1,2022-07-01,2023-07-01,2022-11-11,3103,5.277961592519993,-0.0887381851942246,0.05149681,-0.142692685869096,-0.025949994830441803
XGB,TSLA,1,2022-07-01,2023-07-01,2022-11-14,3104,5.252011597689552,-0.08516222523165151,0.03834663,-0.041433162107588295,0.018009160285334502
XGB,TSLA,1,2022-07-01,2023-07-01,2022-11-15,3105,5.270020757974886,-0.08338248402715465,0.041161127,-0.06129992190079747,-0.03934004993858764
XGB,TSLA,1,2022-07-01,2023-07-01,2022-11-16,3106,5.2306807080362985,-0.07675960563421746,0.04416092,-0.02163181925658364,-0.0202660346606498
XGB,TSLA,1,2022-07-01,2023-07-01,2022-11-17,3107,5.210414673375649,-0.06897218794518789,0.015952736,-0.01285729985292594,-0.016402810087859265
XGB,TSLA,1,2022-07-01,2023-07-01,2022-11-18,3108,5.194011863287789,-0.05330591133430751,0.017291099,0.07744803341621065,-0.07082202204033461
XGB,TSLA,1,2022-07-01,2023-07-01,2022-11-21,3109,5.123189841247455,-0.030255172999674507,-0.0076285093,0.14827005545654526,0.012079065403442613
XGB,TSLA,1,2022-07-01,2023-07-01,2022-11-22,3110,5.135268906650897,-0.007911828981896463,0.0061803604,0.1370124484785542,0.0753095289310659
XGB,TSLA,1,2022-07-01,2023-07-01,2022-11-23,3111,5.210578435581963,-0.0036741573275147488,0.040295493,-0.004102289426049843,-0.0018575995078746743
XGB,TSLA,1,2022-07-01,2023-07-01,2022-11-25,3112,5.208720836074089,-0.0013752716800539133,0.022651998,-0.01676444478662731,0.0003280527056261917
XGB,TSLA,1,2022-07-01,2023-07-01,2022-11-28,3113,5.209048888779715,-0.0037552400238887174,0.024808474,-0.04976376950381045,-0.011491515256992102
XGB,TSLA,1,2022-07-01,2023-07-01,2022-11-29,3114,5.197557373522723,-0.00562667206070433,0.029807022,-0.041725641195068164,0.07390252318127732
XGB,TSLA,1,2022-07-01,2023-07-01,2022-11-30,3115,5.271459896704,-0.009599229418800093,0.07274097,-0.08379478321539313,0.0
XGB,TSLA,1,2022-07-01,2023-07-01,2022-12-01,3116,5.271459896704,-0.02288100950333405,0.08161923,-0.14856787661877568,0.00082145842545156
XGB,TSLA,1,2022-07-01,2023-07-01,2022-12-02,3117,5.272281355129452,-0.0414466378761178,0.08321156,-0.19118761634553927,-0.06580520897353814
XGB,TSLA,1,2022-07-01,2023-07-01,2022-12-05,3118,5.2064761461559135,-0.05334828885588383,0.035169132,-0.15150501877686473,-0.01451975486845214
XGB,TSLA,1,2022-07-01,2023-07-01,2022-12-06,3119,5.191956391287461,-0.06308026536570743,0.033820238,-0.13145216165128026,-0.03267127201155695
XGB,TSLA,1,2022-07-01,2023-07-01,2022-12-07,3120,5.159285119275904,-0.07376868435384765,0.01158261,-0.14711769464103863,-0.0034533869482498147
XGB,TSLA,1,2022-07-01,2023-07-01,2022-12-08,3121,5.155831732327655,-0.08430670506719284,0.01206951,-0.14606351325106992,0.031833381160952356
XGB,TSLA,1,2022-07-01,2023-07-01,2022-12-09,3122,5.187665113488607,-0.10443568284012272,0.05040866,-0.2618617327627657,-0.06477309340338255
XGB,TSLA,1,2022-07-01,2023-07-01,2022-12-12,3123,5.122892020085224,-0.11701048265032643,0.020043204,-0.19875908837238043,-0.041798281301312024
XGB,TSLA,1,2022-07-01,2023-07-01,2022-12-13,3124,5.081093738783912,-0.12930283998724867,-0.011840534,-0.24998392635255673,-0.026122611404863605
XGB,TSLA,1,2022-07-01,2023-07-01,2022-12-14,3125,5.054971127379049,-0.1412896536276218,-0.005415071,-0.24156799042209265,0.005533102257132327
XGB,TSLA,1,2022-07-01,2023-07-01,2022-12-15,3126,5.060504229636181,-0.1565718052276157,-0.0035350698,-0.368239350783214,-0.04833680500131532
XGB,TSLA,1,2022-07-01,2023-07-01,2022-12-16,3127,5.012167424634866,-0.1664628363797549,-0.00901414,-0.28734928450373687,-0.0023992055582811034
XGB,TSLA,1,2022-07-01,2023-07-01,2022-12-19,3128,5.009768219076585,-0.17028281699569803,-0.018845186,-0.207223676173383,-0.08396483835074342
XGB,TSLA,1,2022-07-01,2023-07-01,2022-12-20,3129,4.925803380725841,-0.16840490944946662,-0.024667673,-0.11215667798946605,-0.0016704490129972882
XGB,TSLA,1,2022-07-01,2023-07-01,2022-12-21,3130,4.924132931712844,-0.17177854828005845,-0.023751205,-0.24107622118312033,-0.09302311928148832
XGB,TSLA,1,2022-07-01,2023-07-01,2022-12-22,3131,4.831109812431356,-0.16857337682103068,-0.039358553,-0.0980742608162899,-0.017706675474399525
XGB,TSLA,1,2022-07-01,2023-07-01,2022-12-23,3132,4.813403136956956,-0.16518083581731346,-0.039963353,-0.10983666230198974,-0.12113825810398904
XGB,TSLA,1,2022-07-01,2023-07-01,2022-12-27,3133,4.692264878852967,-0.15757031404916244,-0.04948834,0.035653750800277884,0.03255326127816183
XGB,TSLA,1,2022-07-01,2023-07-01,2022-12-28,3134,4.724818140131129,-0.1452370950208728,-0.026047286,0.06075506880011883,0.07772640277207277
XGB,TSLA,1,2022-07-01,2023-07-01,2022-12-29,3135,4.802544542903202,-0.1387121906078299,0.03274569,-0.024682361935693287,0.01110215983317353
XGB,TSLA,1,2022-07-01,2023-07-01,2022-12-30,3136,4.813646702736375,-0.12814492893622642,0.017926972,0.00032468275674535363,-0.13058999220665157
XGB,TSLA,1,2022-07-01,2023-07-01,2023-01-03,3137,4.683056710529724,-0.11000767242283871,-0.010745094,0.1336701377617846,0.04997884108534212
XGB,TSLA,1,2022-07-01,2023-07-01,2023-01-04,3138,4.733035551615066,-0.0941529601072979,-3.1365897e-05,0.07425883092949093,-0.029469076960099372
XGB,TSLA,1,2022-07-01,2023-07-01,2023-01-05,3139,4.703566474654966,-0.06888702608199448,0.0130904,0.17536437022014795,0.024352154998278586
XGB,TSLA,1,2022-07-01,2023-07-01,2023-01-06,3140,4.727918629653245,-0.04665220209308796,0.025306145,0.1301868829778119,0.05765457927800277
XGB,TSLA,1,2022-07-01,2023-07-01,2023-01-09,3141,4.785573208931248,-0.030328657001354564,0.05377349,0.05995155070292757,-0.0077110279637393475
XGB,TSLA,1,2022-07-01,2023-07-01,2023-01-10,3142,4.777862180967508,-0.009008303451272681,0.009502592,0.11563985258987142,0.03610920452561217
XGB,TSLA,1,2022-07-01,2023-07-01,2023-01-11,3143,4.8139713854931205,0.012674956726113962,0.07223968,0.15410429418433935,0.0027554627983876756
XGB,TSLA,1,2022-07-01,2023-07-01,2023-01-12,3144,4.816726848291508,0.03394384261994343,0.06681744,0.1523222662420256,-0.009432465746951557
XGB,TSLA,1,2022-07-01,2023-07-01,2023-01-13,3145,4.807294382544557,0.05604983859940926,0.06968587,0.16550052785731673,0.07163646233055765
XGB,TSLA,1,2022-07-01,2023-07-01,2023-01-17,3146,4.878930844875114,0.0726797850835128,0.08071156,0.19792907478826471,-0.02082533224405747
XGB,TSLA,1,2022-07-01,2023-07-01,2023-01-18,3147,4.858105512631057,0.09279171518862928,0.07830475,0.32311604773204383,-0.01258075299688155
XGB,TSLA,1,2022-07-01,2023-07-01,2023-01-19,3148,4.845524759634175,0.10807804847260183,0.07156238,0.27043107129342037,0.0479772739232045
XGB,TSLA,1,2022-07-01,2023-07-01,2023-01-20,3149,4.89350203355738,0.12206995096994167,0.088693775,0.2610604363926443,0.0745736461200801
XGB,TSLA,1,2022-07-01,2023-07-01,2023-01-23,3150,4.96807567967746,0.13525831190002968,0.11513782,0.23268400346269225,0.0009734348560739292
XGB,TSLA,1,2022-07-01,2023-07-01,2023-01-24,3151,4.969049114533534,0.15089416521330712,0.104860306,0.26882801089635144,0.003745795868339563
XGB,TSLA,1,2022-07-01,2023-07-01,2023-01-25,3152,4.972794910401873,0.16730410025097164,0.09344117,0.2741238705711586,0.10406500926150564
XGB,TSLA,1,2022-07-01,2023-07-01,2023-01-26,3153,5.076859919663379,0.18438524291816005,0.120702386,0.19490808344633503,0.10436164069972165
XGB,TSLA,1,2022-07-01,2023-07-01,2023-01-27,3154,5.181221560363101,0.19982848493561,0.15719782,0.10101722356735632,-0.06526572943550502
XGB,TSLA,1,2022-07-01,2023-07-01,2023-01-30,3155,5.115955830927596,0.22147863418758007,0.13491638,0.18879079003114274,0.038606639022428446
XGB,TSLA,1,2022-07-01,2023-07-01,2023-01-31,3156,5.154562469950024,0.239882019798487,0.14672449,0.17970105869956665,0.04619721319012804
XGB,TSLA,1,2022-07-01,2023-07-01,2023-02-01,3157,5.200759683140152,0.2425669962928403,0.17140119,0.08188551091362672,0.03711744228973313
XGB,TSLA,1,2022-07-01,2023-07-01,2023-02-02,3158,5.237877125429885,0.2379164884242453,0.15192743,0.033274569909584883,0.009041655543146732
XGB,TSLA,1,2022-07-01,2023-07-01,2023-02-03,3159,5.246918780973032,0.2344015486810882,0.1521755,0.09661092839655261,0.02484922213668206
XGB,TSLA,1,2022-07-01,2023-07-01,2023-02-06,3160,5.271768003109714,0.2292712353152142,0.14741223,0.0953289044733836,0.010470780820742931
XGB,TSLA,1,2022-07-01,2023-07-01,2023-02-07,3161,5.282238783930457,0.21287928019901603,0.12871926,0.026226880439008227,0.022507837028281408
XGB,TSLA,1,2022-07-01,2023-07-01,2023-02-08,3162,5.304746620958738,0.1968701353401432,0.13706146,0.034280722117022044,0.029516907690852356
XGB,TSLA,1,2022-07-01,2023-07-01,2023-02-09,3163,5.334263528649591,0.17124409750592395,0.14277492,-0.04918341362296008,-0.05161833459581189
XGB,TSLA,1,2022-07-01,2023-07-01,2023-02-10,3164,5.282645194053779,0.15709887299776426,0.10066813,0.019962956950105415,-0.011493498714308714
XGB,TSLA,1,2022-07-01,2023-07-01,2023-02-13,3165,5.27115169533947,0.14500348159665766,0.07320662,0.03746251293188241,0.07237801403011446
XGB,TSLA,1,2022-07-01,2023-07-01,2023-02-14,3166,5.343529709369585,0.12416059806476731,0.09922624,-0.06093527848582703,0.023567198213513052
XGB,TSLA,1,2022-07-01,2023-07-01,2023-02-15,3167,5.367096907583098,0.10757233295330249,0.103377335,-0.031339234544323524,-0.058631243213632445
XGB,TSLA,1,2022-07-01,2023-07-01,2023-02-16,3168,5.308465664369465,0.09808346455910488,0.08252776,0.01800177823245175,0.030561678706295226
XGB,TSLA,1,2022-07-01,2023-07-01,2023-02-17,3169,5.33902734307576,0.08303758700911512,0.07813816,-0.02695499022490999,-0.05394722804912977
XGB,TSLA,1,2022-07-01,2023-07-01,2023-02-21,3170,5.285080115026631,0.06871828408072567,0.0652771,-0.03333041626724764,0.01752803597725361
XGB,TSLA,1,2022-07-01,2023-07-01,2023-02-22,3171,5.302608151003884,0.05742165844379965,0.07329908,-0.015402323154988906,0.006006057267468279
XGB,TSLA,1,2022-07-01,2023-07-01,2023-02-23,3172,5.3086142082713526,0.04316192911950889,0.0516073,-0.04173592315560182,-0.026019777387594978
XGB,TSLA,1,2022-07-01,2023-07-01,2023-02-24,3173,5.282594430883758,0.029285987112136702,0.04260979,-0.04769617643814428,0.053163242155016555
XGB,TSLA,1,2022-07-01,2023-07-01,2023-02-27,3174,5.335757673038774,0.0055416950491595784,0.06308384,-0.13175098596197898,-0.009290230436857172
XGB,TSLA,1,2022-07-01,2023-07-01,2023-02-28,3175,5.326467442601917,-0.01964180963652762,0.057283346,-0.17363839339151355,-0.014395089751066514
XGB,TSLA,1,2022-07-01,2023-07-01,2023-03-01,3176,5.31207235285085,-0.041960677031243954,0.046789452,-0.15624062052319587,-0.06032265409146742
XGB,TSLA,1,2022-07-01,2023-07-01,2023-03-02,3177,5.251749698759383,-0.05652287823529356,0.021700267,-0.08993960135283263,0.035456129089512345
XGB,TSLA,1,2022-07-01,2023-07-01,2023-03-03,3178,5.287205827848895,-0.06567104205783014,0.042328183,-0.07629994828653164,-0.020327542733144632
XGB,TSLA,1,2022-07-01,2023-07-01,2023-03-06,3179,5.266878285115751,-0.07341405836555914,0.039414562,-0.07142457093888233,-0.03198003067013744
XGB,TSLA,1,2022-07-01,2023-07-01,2023-03-07,3180,5.234898254445613,-0.07356509259530153,0.01005149,-0.019256198048196005,-0.03089156736881815
XGB,TSLA,1,2022-07-01,2023-07-01,2023-03-08,3181,5.204006687076795,-0.07245741172168874,-0.005586346,-0.010327847534170154,-0.051177637866391734
XGB,TSLA,1,2022-07-01,2023-07-01,2023-03-09,3182,5.152829049210403,-0.0641789942426696,-0.02067571,0.058022291556357075,0.0030026831172511592
XGB,TSLA,1,2022-07-01,2023-07-01,2023-03-10,3183,5.155831732327655,-0.04449961202664365,-0.01828376,0.13031184255608252,0.00597836507889582
XGB,TSLA,1,2022-07-01,2023-07-01,2023-03-13,3184,5.16181009740655,-0.028939894770599217,-0.004340107,0.0912483308053682,0.04909578215581334
XGB,TSLA,1,2022-07-01,2023-07-01,2023-03-14,3185,5.210905879562364,-0.02190814619112036,0.032892462,0.047734676183326386,-0.01545216538549532
XGB,TSLA,1,2022-07-01,2023-07-01,2023-03-15,3186,5.195453714176868,-0.013875701158286624,0.025301063,0.053725947042377875,0.020188342220548883
XGB,TSLA,1,2022-07-01,2023-07-01,2023-03-16,3187,5.215642056397417,-0.007876214619050081,0.042511098,0.04086322960792632,-0.0219632168547923
XGB,TSLA,1,2022-07-01,2023-07-01,2023-03-17,3188,5.193678839542625,-0.001049894689100661,0.038240083,0.049072974460223406,0.017172501224135495
XGB,TSLA,1,2022-07-01,2023-07-01,2023-03-20,3189,5.2108513407667605,0.006696161523797706,0.058841746,0.056388095395129234,0.07529223411697661
XGB,TSLA,1,2022-07-01,2023-07-01,2023-03-21,3190,5.286143574883737,0.004751671645127686,0.09532914,-0.011709155050072972,-0.0330851466718185
XGB,TSLA,1,2022-07-01,2023-07-01,2023-03-22,3191,5.253058428211919,0.013537193059455888,0.08127253,0.0818801541539882,0.005582127533771519
XGB,TSLA,1,2022-07-01,2023-07-01,2023-03-23,3192,5.25864055574569,0.013725913935556555,0.06773951,0.013178841432047506,-0.00946089452644383
XGB,TSLA,1,2022-07-01,2023-07-01,2023-03-24,3193,5.249179661219246,0.013882069301109468,0.057961147,0.01133200010091251,0.007325624786097329
XGB,TSLA,1,2022-07-01,2023-07-01,2023-03-27,3194,5.256505286005344,0.008923250665787918,0.06221841,-0.033342570028415786,-0.013753472002495215
XGB,TSLA,1,2022-07-01,2023-07-01,2023-03-28,3195,5.242751814002848,0.005430577942302506,0.047122132,-0.022071730374475962,0.024487622159041322
XGB,TSLA,1,2022-07-01,2023-07-01,2023-03-29,3196,5.26723943616189,-0.002460767734458358,0.06587657,-0.04953580337973218,0.007194983671774402
XGB,TSLA,1,2022-07-01,2023-07-01,2023-03-30,3197,5.274434419833664,-0.009427146452208213,0.058397155,-0.044449464605849975,0.06050416253224267
XGB,TSLA,1,2022-07-01,2023-07-01,2023-03-31,3198,5.334938582365907,-0.0274756099552107,0.08815184,-0.13898625968359735,-0.06311918518816917
XGB,TSLA,1,2022-07-01,2023-07-01,2023-04-03,3199,5.271819397177738,-0.03250033067594327,0.05775225,-0.04661053528259185,-0.011307735857578827
XGB,TSLA,1,2022-07-01,2023-07-01,2023-04-04,3200,5.260511661320159,-0.036585964160682494,0.04533719,-0.040155836241834386,-0.037348945343230966
XGB,TSLA,1,2022-07-01,2023-07-01,2023-04-05,3201,5.223162715976928,-0.03434633792441133,0.03542938,0.008159745851474831,-0.0024826323485553914
XGB,TSLA,1,2022-07-01,2023-07-01,2023-04-06,3202,5.220680083628372,-0.03346728687005296,0.023358962,-0.004060974311036247,-0.0029764508462148953
XGB,TSLA,1,2022-07-01,2023-07-01,2023-04-10,3203,5.2177036327821575,-0.03471197666678094,0.033531673,-0.021474384596489315,0.012281322445656606
XGB,TSLA,1,2022-07-01,2023-07-01,2023-04-11,3204,5.229984955227814,-0.042028139050160895,0.026915003,-0.13629607229381246,-0.034032632545504704
XGB,TSLA,1,2022-07-01,2023-07-01,2023-04-12,3205,5.195952322682309,-0.045054780113688686,0.011759341,-0.08952210670600547,0.02925653921283633
XGB,TSLA,1,2022-07-01,2023-07-01,2023-04-13,3206,5.225208861895146,-0.05501243550996904,0.045954317,-0.13422319637095992,-0.0048530368168213656
XGB,TSLA,1,2022-07-01,2023-07-01,2023-04-14,3207,5.220355825078324,-0.06607072482002252,0.046242364,-0.14100326441945032,0.010966636750078251
XGB,TSLA,1,2022-07-01,2023-07-01,2023-04-17,3208,5.231322461828403,-0.08260613491243429,0.04823278,-0.195994555141775,-0.01470335251106647
XGB,TSLA,1,2022-07-01,2023-07-01,2023-04-18,3209,5.216619109317336,-0.09144551297568704,0.04824618,-0.14025848336325364,-0.020389861131667963
XGB,TSLA,1,2022-07-01,2023-07-01,2023-04-19,3210,5.196229248185668,-0.09408878509517304,0.039094057,-0.09447437558046623,-0.10254036525166654
XGB,TSLA,1,2022-07-01,2023-07-01,2023-04-20,3211,5.093688882934002,-0.09372066468113083,0.0017855201,-0.007142470090527375,0.012741333042302294
XGB,TSLA,1,2022-07-01,2023-07-01,2023-04-21,3212,5.106430215976304,-0.09386663723443167,0.011416494,-0.029320790504003824,-0.015444550452118122
XGB,TSLA,1,2022-07-01,2023-07-01,2023-04-24,3213,5.090985665524186,-0.09062670876929158,0.010491153,-0.012006595649171281,-0.011633104865311772
XGB,TSLA,1,2022-07-01,2023-07-01,2023-04-25,3214,5.079352560658874,-0.08393927092710474,0.0025313844,0.003293250482154342,-0.04402465397224642
XGB,TSLA,1,2022-07-01,2023-07-01,2023-04-26,3215,5.035327906686628,-0.06561034531928112,-0.011281847,0.10082339491487247,0.04103271926745489
XGB,TSLA,1,2022-07-01,2023-07-01,2023-04-27,3216,5.0763606259540826,-0.05049320165009874,0.019551324,0.06991213560244347,0.025394246651119445
XGB,TSLA,1,2022-07-01,2023-07-01,2023-04-28,3217,5.101754872605202,-0.040371751711506754,0.04689774,0.02903098653806424,-0.015208459761727688
XGB,TSLA,1,2022-07-01,2023-07-01,2023-05-01,3218,5.086546412843474,-0.02882210958889786,0.029301109,0.040626657665279176,-0.009436987371174155
XGB,TSLA,1,2022-07-01,2023-07-01,2023-05-02,3219,5.0771094254723,-0.013182329071510956,0.026975902,0.07085007012789202,0.001869644402714421
XGB,TSLA,1,2022-07-01,2023-07-01,2023-05-03,3220,5.078979069875015,-0.002728046741646395,0.027133396,0.044865829388123224,0.003666741266013851
XGB,TSLA,1,2022-07-01,2023-07-01,2023-05-04,3221,5.082645811141028,0.004877185606551038,0.031460118,0.031448228014262725,0.053505490460471705
XGB,TSLA,1,2022-07-01,2023-07-01,2023-05-05,3222,5.1361513016015,0.005031922802248623,0.06851778,-0.021035853617380695,0.010121459955025891
XGB,TSLA,1,2022-07-01,2023-07-01,2023-05-08,3223,5.146272761556526,0.008660104520138212,0.07091285,0.011977619604984113,-0.015486902413259784
XGB,TSLA,1,2022-07-01,2023-07-01,2023-05-09,3224,5.130785859143266,0.016563779826408442,0.04824336,0.044742207861691696,-0.0036127886345127536
XGB,TSLA,1,2022-07-01,2023-07-01,2023-05-10,3225,5.1271730705087535,0.026833745334884362,0.050140824,0.06656125245863631,0.020786425091438687
XGB,TSLA,1,2022-07-01,2023-07-01,2023-05-11,3226,5.147959495600192,0.036670819547310884,0.07144274,0.09309942625479284,-0.024114596337054373
XGB,TSLA,1,2022-07-01,2023-07-01,2023-05-12,3227,5.123844899263138,0.04829533016834642,0.0585982,0.10066447313883398,-0.009750860107846648
XGB,TSLA,1,2022-07-01,2023-07-01,2023-05-15,3228,5.114094039155291,0.058588875058840806,0.049707424,0.09484548287074812,0.0010214088288282852
XGB,TSLA,1,2022-07-01,2023-07-01,2023-05-16,3229,5.115115447984119,0.06923980123638529,0.04906432,0.10237140726672145,0.0431349331773907
XGB,TSLA,1,2022-07-01,2023-07-01,2023-05-17,3230,5.15825038116151,0.07770690755782717,0.07345821,0.1053202395777113,0.0172776858434478
XGB,TSLA,1,2022-07-01,2023-07-01,2023-05-18,3231,5.175528067004958,0.08656519686683861,0.08458117,0.1285725625037637,0.01820625596243186
XGB,TSLA,1,2022-07-01,2023-07-01,2023-05-19,3232,5.19373432296739,0.09467766440941894,0.08625105,0.12404243882150823,0.047324598887595215
XGB,TSLA,1,2022-07-01,2023-07-01,2023-05-22,3233,5.241058921854985,0.10134399684976891,0.111486025,0.09416881930133769,-0.016549549453013235
XGB,TSLA,1,2022-07-01,2023-07-01,2023-05-23,3234,5.224509372401972,0.11221573480410196,0.085439436,0.14132645158190726,-0.015569850375932504
XGB,TSLA,1,2022-07-01,2023-07-01,2023-05-24,3235,5.208939522026039,0.1267081525725855,0.06383777,0.17376495058695784,0.008547333224801612
XGB,TSLA,1,2022-07-01,2023-07-01,2023-05-25,3236,5.217486855250841,0.14090146039839269,0.06603595,0.18207756728186641,0.04608376548838056
XGB,TSLA,1,2022-07-01,2023-07-01,2023-05-26,3237,5.263570620739221,0.1516557173348394,0.09333038,0.15061687446564154,0.04053000876950019
XGB,TSLA,1,2022-07-01,2023-07-01,2023-05-30,3238,5.304100629508722,0.1604695083438603,0.10548869,0.154888965027002,0.01367613228017639
XGB,TSLA,1,2022-07-01,2023-07-01,2023-05-31,3239,5.317776761788898,0.1690406147198953,0.09152189,0.18102944053507386,0.01745097936742468
XGB,TSLA,1,2022-07-01,2023-07-01,2023-06-01,3240,5.335227741156323,0.1770534441451188,0.09950966,0.18555295273026218,0.030608082827556338
XGB,TSLA,1,2022-07-01,2023-07-01,2023-06-02,3241,5.365835823983879,0.18431728225738375,0.11157584,0.18987188624459161,0.016868648629118077
XGB,TSLA,1,2022-07-01,2023-07-01,2023-06-05,3242,5.382704472612997,0.18785035546531414,0.112824894,0.16555419091054002,0.016859949919710182
XGB,TSLA,1,2022-07-01,2023-07-01,2023-06-06,3243,5.399564422532707,0.18786022291115145,0.1185502,0.14522229678186083,0.01462307267215568
XGB,TSLA,1,2022-07-01,2023-07-01,2023-06-07,3244,5.414187495204863,0.18749420046419374,0.10542818,0.1485689378615218,0.044802099330860656
XGB,TSLA,1,2022-07-01,2023-07-01,2023-06-08,3245,5.458989594535724,0.1882023484733173,0.118937895,0.15577954493833435,0.03981660778824825
XGB,TSLA,1,2022-07-01,2023-07-01,2023-06-09,3246,5.498806202323972,0.1779477278657211,0.12706703,0.05979631288540954,0.021974491562612997
XGB,TSLA,1,2022-07-01,2023-07-01,2023-06-12,3247,5.520780693886585,0.16675013187523202,0.12860782,0.0574762946164773,0.034927016341885775
XGB,TSLA,1,2022-07-01,2023-07-01,2023-06-13,3248,5.555707710228471,0.14869393472229664,0.13367368,-0.008189234260825629,-0.007449046704933515
XGB,TSLA,1,2022-07-01,2023-07-01,2023-06-14,3249,5.548258663523537,0.12682019417834578,0.11116605,-0.06325427001163675,-0.0034719442089690133
XGB,TSLA,1,2022-07-01,2023-07-01,2023-06-15,3250,5.544786719314568,0.10969165907698653,0.09905234,-0.022486127221949204,0.017969713751816663
XGB,TSLA,1,2022-07-01,2023-07-01,2023-06-16,3251,5.562756433066385,0.09316127845565969,0.10918841,-0.01664196587672606,0.05201270640767319
XGB,TSLA,1,2022-07-01,2023-07-01,2023-06-20,3252,5.614769139474058,0.07267337987113809,0.116662,-0.06374941937026701,-0.05616662426467656
XGB,TSLA,1,2022-07-01,2023-07-01,2023-06-21,3253,5.558602515209381,0.06167921400987719,0.08272622,0.00886369843987822,0.019654473293680752
XGB,TSLA,2,2023-07-01,2024-07-01,2023-07-03,3261,5.63414656547989,0.030464690215080026,0.01552408,-0.006885250694424805,0.009461225032651122
XGB,TSLA,2,2023-07-01,2024-07-01,2023-07-05,3262,5.643607790512541,0.0210967947957732,0.0141699985,-0.0039017042103841604,-0.02125228365266274
XGB,TSLA,2,2023-07-01,2024-07-01,2023-07-06,3263,5.622355506859878,0.020500881221304113,-0.007460924,0.04883492001091394,-0.007659314226954095
XGB,TSLA,2,2023-07-01,2024-07-01,2023-07-07,3264,5.614696192632924,0.0230603428849685,-0.0018371163,0.06663614070150459,-0.017719776626485384
XGB,TSLA,2,2023-07-01,2024-07-01,2023-07-10,3265,5.596976416006439,0.027049716730330076,-0.018156989,0.07723995657688665,0.0006674942605870982
XGB,TSLA,2,2023-07-01,2024-07-01,2023-07-11,3266,5.597643910267026,0.026847483296469576,-0.023318233,-0.025870201747301813,0.008121354742897324
XGB,TSLA,2,2023-07-01,2024-07-01,2023-07-12,3267,5.605765265009923,0.02364515018883928,-0.02377811,-0.045006756127759395,0.02149604977554187
XGB,TSLA,2,2023-07-01,2024-07-01,2023-07-13,3268,5.627261314785465,0.019446765199236715,-0.009838101,-0.03232692080190436,0.012444771516691766
XGB,TSLA,2,2023-07-01,2024-07-01,2023-07-14,3269,5.639706086302157,0.011269774323729997,-0.013443282,-0.05892021895679189,0.03148434056863536
XGB,TSLA,2,2023-07-01,2024-07-01,2023-07-17,3270,5.671190426870792,-0.003401664729107523,0.0072425823,-0.09391642110056608,0.010141906463636552
XGB,TSLA,2,2023-07-01,2024-07-01,2023-07-18,3271,5.681332333334429,-0.022439093194647874,0.011463338,-0.13728831721613766,-0.007115960751103323
XGB,TSLA,2,2023-07-01,2024-07-01,2023-07-19,3272,5.6742163725833255,-0.033331524814744995,0.012476039,-0.08906728587528434,-0.10244266406360136
XGB,TSLA,2,2023-07-01,2024-07-01,2023-07-20,3273,5.571773708519724,-0.03888366564087509,-0.034413077,0.017084113941149504,-0.011015199637560258
XGB,TSLA,2,2023-07-01,2024-07-01,2023-07-21,3274,5.560758508882164,-0.04479386168521593,-0.048515484,0.0040300897698770655,0.03417588510139691
XGB,TSLA,2,2023-07-01,2024-07-01,2023-07-24,3275,5.594934393983561,-0.05592979246386243,-0.030024845,-0.05716714744508611,-0.014148526638195769
XGB,TSLA,2,2023-07-01,2024-07-01,2023-07-25,3276,5.580785867345365,-0.060835207071441744,-0.038060553,-0.0227230187946299,-0.0035118615751388305
XGB,TSLA,2,2023-07-01,2024-07-01,2023-07-26,3277,5.577274005770226,-0.06633935589866091,-0.053639624,-0.04049106940590974,-0.03322998965193502
XGB,TSLA,2,2023-07-01,2024-07-01,2023-07-27,3278,5.544044016118291,-0.06871763546854037,-0.06763074,-0.01679986563695568,0.04110507058974999
XGB,TSLA,2,2023-07-01,2024-07-01,2023-07-28,3279,5.585149086708041,-0.07686782737009068,-0.034790523,-0.06488890164401084,0.0037087357528324816
XGB,TSLA,2,2023-07-01,2024-07-01,2023-07-31,3280,5.588857822460874,-0.08724833153929534,-0.03727,-0.09913527030529856,-0.024069223808832696
XGB,TSLA,2,2023-07-01,2024-07-01,2023-08-01,3281,5.564788598652041,-0.09089259757006918,-0.053004306,-0.06214360997410573,-0.027021352113566266
XGB,TSLA,2,2023-07-01,2024-07-01,2023-08-02,3282,5.537767246538475,-0.09177200629001003,-0.07663956,-0.04614719584082749,0.02029560201226044
XGB,TSLA,2,2023-07-01,2024-07-01,2023-08-03,3283,5.558062848550735,-0.09639608913291209,-0.04820329,-0.078424448453422,-0.02127991218641867
XGB,TSLA,2,2023-07-01,2024-07-01,2023-08-04,3284,5.536782936364316,-0.1006549369695593,-0.050326068,-0.08591614253616786,-0.00953878588298096
XGB,TSLA,2,2023-07-01,2024-07-01,2023-08-07,3285,5.527244150481335,-0.10604124143223093,-0.057178274,-0.10848060380284164,-0.006983965417305171
XGB,TSLA,2,2023-07-01,2024-07-01,2023-08-08,3286,5.52026018506403,-0.11286694438434974,-0.048479404,-0.13018438770806018,-0.030537632908455237
XGB,TSLA,2,2023-07-01,2024-07-01,2023-08-09,3287,5.489722552155575,-0.11788476678202198,-0.0616308,-0.11680802190925199,0.012922436522360137
XGB,TSLA,2,2023-07-01,2024-07-01,2023-08-10,3288,5.502644988677935,-0.11323622440942493,-0.052654404,-0.0590158962478764,-0.01102493798028803
XGB,TSLA,2,2023-07-01,2024-07-01,2023-08-11,3289,5.491620050697647,-0.10608450635402011,-0.046099376,-0.039766468317807835,-0.01198165060033407
XGB,TSLA,2,2023-07-01,2024-07-01,2023-08-14,3290,5.479638400097313,-0.09533522601561462,-0.042830758,-0.012169148227118676,-0.02877160626916453
XGB,TSLA,2,2023-07-01,2024-07-01,2023-08-15,3291,5.4508667938281485,-0.08506318142176728,-0.062794656,-0.012613616168247077,-0.032103247149654734
XGB,TSLA,2,2023-07-01,2024-07-01,2023-08-16,3292,5.418763546678494,-0.0673486943025221,-0.07589244,0.055983035609695087,-0.028687749322523715
XGB,TSLA,2,2023-07-01,2024-07-01,2023-08-17,3293,5.39007579735597,-0.0463406767913952,-0.08391762,0.08563436341763264,-0.01716126710964705
XGB,TSLA,2,2023-07-01,2024-07-01,2023-08-18,3294,5.372914530246323,-0.019529907721208772,-0.07727201,0.17686167011701048,0.07071456218373573
XGB,TSLA,2,2023-07-01,2024-07-01,2023-08-21,3295,5.443629092430059,-0.0038718714217500505,-0.036771156,0.10505778792744636,0.008224489949780533
XGB,TSLA,2,2023-07-01,2024-07-01,2023-08-22,3296,5.451853582379839,0.012057938114305777,-0.031626515,0.10141597996770901,0.015615669490355089
XGB,TSLA,2,2023-07-01,2024-07-01,2023-08-23,3297,5.467469251870194,0.01776182773355206,-0.019800782,0.033829751747936676,-0.02921607421029293
XGB,TSLA,2,2023-07-01,2024-07-01,2023-08-24,3298,5.4382531776599015,0.030975111528354304,-0.03633123,0.10883646176206163,0.03649340462828743
XGB,TSLA,2,2023-07-01,2024-07-01,2023-08-25,3299,5.474746582288189,0.03777025617716401,-0.016362745,0.054364987236183104,0.0009635784854138407
XGB,TSLA,2,2023-07-01,2024-07-01,2023-08-28,3300,5.475710160773603,0.043620879406487845,0.0004385714,0.05169308838674791,0.07406603958973079
XGB,TSLA,2,2023-07-01,2024-07-01,2023-08-29,3301,5.5497762003633335,0.04323368901718094,0.04795299,-0.03433335482664912,-0.001089320005828398
XGB,TSLA,2,2023-07-01,2024-07-01,2023-08-30,3302,5.548686880357505,0.046071767634850325,0.01980825,0.06290715422222792,0.004582681990043191
XGB,TSLA,2,2023-07-01,2024-07-01,2023-08-31,3303,5.553269562347548,0.04581949653037043,0.01745723,0.03577527591168472,-0.05197055872941725
XGB,TSLA,2,2023-07-01,2024-07-01,2023-09-01,3304,5.501299003618131,0.055041709101650405,-0.014722183,0.10192617105216772,0.045790635803832025
XGB,TSLA,2,2023-07-01,2024-07-01,2023-09-05,3305,5.547089639421963,0.06198234162100391,-0.0043252506,0.07345617428581352,-0.017978069897591098
XGB,TSLA,2,2023-07-01,2024-07-01,2023-09-06,3306,5.529111569524372,0.0696949187143403,0.008039003,0.0854389359000649,-0.001708320364021354
XGB,TSLA,2,2023-07-01,2024-07-01,2023-09-07,3307,5.527403249160351,0.0717055943961018,0.022513175,0.05338261818501433,-0.011960403623666238
XGB,TSLA,2,2023-07-01,2024-07-01,2023-09-08,3308,5.515442845536684,0.07535512804334843,-0.00074215175,0.06993139806921445,0.09615118904304865
XGB,TSLA,2,2023-07-01,2024-07-01,2023-09-11,3309,5.611594034579733,0.0711658923864027,0.031090856,-0.04100016811338847,-0.02254919632050001
XGB,TSLA,2,2023-07-01,2024-07-01,2023-09-12,3310,5.589044838259233,0.06333727478857032,0.018758168,-0.04503996789700704,0.014180336411065753
XGB,TSLA,2,2023-07-01,2024-07-01,2023-09-13,3311,5.603225174670299,0.047332586219336115,0.028282335,-0.10245686009352895,0.017320639037477825
XGB,TSLA,2,2023-07-01,2024-07-01,2023-09-14,3312,5.620545813707777,0.029759931758968072,0.046210617,-0.11119794148890172,-0.0059953082833397175
XGB,TSLA,2,2023-07-01,2024-07-01,2023-09-15,3313,5.614550505424437,0.01065760103560276,0.029146234,-0.11689061774983234,-0.03376463807907193
XGB,TSLA,2,2023-07-01,2024-07-01,2023-09-18,3314,5.580785867345365,-0.005462275599292354,0.008592647,-0.09806577779954928,0.004588376260533877
XGB,TSLA,2,2023-07-01,2024-07-01,2023-09-19,3315,5.585374243605899,-0.017389963417350884,0.008189565,-0.07849916425385306,-0.014780377139554268
XGB,TSLA,2,2023-07-01,2024-07-01,2023-09-20,3316,5.570593866466345,-0.023943471467866573,-0.0037917676,-0.04825333069857152,-0.02658899610411858
XGB,TSLA,2,2023-07-01,2024-07-01,2023-09-21,3317,5.544004870362226,-0.025055649143202352,-0.031198043,-0.01616432127713363,-0.043236555785456154
XGB,TSLA,2,2023-07-01,2024-07-01,2023-09-22,3318,5.50076831457677,-0.02376110421023281,-0.06692947,0.0067153704030769035,0.008579557642105051
XGB,TSLA,2,2023-07-01,2024-07-01,2023-09-25,3319,5.509347872218875,-0.015008157992780546,-0.062245674,0.0557853881220316,-0.011687984544270336
XGB,TSLA,2,2023-07-01,2024-07-01,2023-09-26,3320,5.497659887674605,-0.004893966587816934,-0.054873265,0.0632139856033831,-0.014939798128788873
XGB,TSLA,2,2023-07-01,2024-07-01,2023-09-27,3321,5.482720089545816,0.00754958702927766,-0.060106855,0.0799979234791719,0.0241549898062301
XGB,TSLA,2,2023-07-01,2024-07-01,2023-09-28,3322,5.506875079352046,0.014683705616801213,-0.048202574,0.05253656644943838,0.015465456415727274
XGB,TSLA,2,2023-07-01,2024-07-01,2023-09-29,3323,5.522340535767773,0.021246667951061227,-0.03720981,0.05216811799438403,0.005500013317319308
XGB,TSLA,2,2023-07-01,2024-07-01,2023-10-02,3324,5.527840549085092,0.02600934775587671,-0.04079889,0.04427542242303151,-0.02035686410524562
XGB,TSLA,2,2023-07-01,2024-07-01,2023-10-03,3325,5.507483684979847,0.03084351450662215,-0.05362132,0.048842301346453176,0.057649575361059746
XGB,TSLA,2,2023-07-01,2024-07-01,2023-10-04,3326,5.5651332603409065,0.0222098080480011,-0.030167216,-0.039202367251348846,-0.00425938706291884
XGB,TSLA,2,2023-07-01,2024-07-01,2023-10-05,3327,5.560873873277988,0.015994956687727324,-0.02008911,-0.023854623711036638,0.0018441397469999288
XGB,TSLA,2,2023-07-01,2024-07-01,2023-10-06,3328,5.562718013024988,0.010206601313567099,-0.019737067,-0.022042852289493986,-0.0033063672235034147
XGB,TSLA,2,2023-07-01,2024-07-01,2023-10-09,3329,5.559411645801484,-0.000616158214929996,-0.028536908,-0.06766797290794901,0.015097007960672926
XGB,TSLA,2,2023-07-01,2024-07-01,2023-10-10,3330,5.574508653762157,-0.01571167887986924,-0.019032089,-0.18038122959520475,-0.002392682254033218
XGB,TSLA,2,2023-07-01,2024-07-01,2023-10-11,3331,5.572115971508124,-0.03348226777264962,-0.028374888,-0.21557684184758852,-0.01578998518182395
XGB,TSLA,2,2023-07-01,2024-07-01,2023-10-12,3332,5.5563259863263,-0.04992996746571521,-0.034666598,-0.19936241571173774,-0.030395093236742277
XGB,TSLA,2,2023-07-01,2024-07-01,2023-10-13,3333,5.525930893089558,-0.060628550552920935,-0.044209544,-0.148247951428373,0.011088356477393368
XGB,TSLA,2,2023-07-01,2024-07-01,2023-10-16,3334,5.537019249566951,-0.07593222419398948,-0.040862817,-0.17845381129353033,0.0036559111685425805
XGB,TSLA,2,2023-07-01,2024-07-01,2023-10-17,3335,5.540675160735494,-0.09502113861627848,-0.036467887,-0.21396474638318796,-0.04893148784195844
XGB,TSLA,2,2023-07-01,2024-07-01,2023-10-18,3336,5.491743672893535,-0.10779251436703507,-0.052464955,-0.15757663873034566,-0.09761624872658281
XGB,TSLA,2,2023-07-01,2024-07-01,2023-10-19,3337,5.394127424166952,-0.12137441853034847,-0.09120469,-0.10909794885327084,-0.037588294506416986
XGB,TSLA,2,2023-07-01,2024-07-01,2023-10-20,3338,5.356539129660535,-0.12889416710900914,-0.10717266,-0.05403057672799516,0.0004244409540268279
XGB,TSLA,2,2023-07-01,2024-07-01,2023-10-23,3339,5.356963570614562,-0.130068205561078,-0.08841908,-0.030739233006897848,0.02071937104662247
XGB,TSLA,2,2023-07-01,2024-07-01,2023-10-24,3340,5.377682941661185,-0.12274232589206857,-0.059553362,0.009148813278401668,-0.019117503387763968
XGB,TSLA,2,2023-07-01,2024-07-01,2023-10-25,3341,5.358565438273421,-0.11072352197745072,-0.07670378,0.034880303889320174,-0.031855023921115055
XGB,TSLA,2,2023-07-01,2024-07-01,2023-10-26,3342,5.326710414352306,-0.09465765624881506,-0.09001452,0.06359345229303592,0.007456619810883858
XGB,TSLA,2,2023-07-01,2024-07-01,2023-10-27,3343,5.3341670341631895,-0.0760802077436562,-0.079793654,0.0693207970251386,-0.04913755884950799
XGB,TSLA,2,2023-07-01,2024-07-01,2023-10-30,3344,5.2850294753136815,-0.05344747540247852,-0.09757314,0.1181432820847057,0.017479077618858696
XGB,TSLA,2,2023-07-01,2024-07-01,2023-10-31,3345,5.30250855293254,-0.041199274968306554,-0.0688951,0.04450371480726467,0.02371578467512414
XGB,TSLA,2,2023-07-01,2024-07-01,2023-11-01,3346,5.326224337607664,-0.029390726403228484,-0.055486143,0.042784428628171334,0.06060741733192199
XGB,TSLA,2,2023-07-01,2024-07-01,2023-11-02,3347,5.386831754939586,-0.021064684541642897,-0.009823937,0.02351884529570203,0.006613987223154538
XGB,TSLA,2,2023-07-01,2024-07-01,2023-11-03,3348,5.393445742162741,-0.009371710867850602,-0.019607894,0.07634287755008895,-0.0031418755173993063
XGB,TSLA,2,2023-07-01,2024-07-01,2023-11-06,3349,5.390303866645342,0.005111257160677063,-0.014850766,0.10209890853655335,0.013183964542986537
XGB,TSLA,2,2023-07-01,2024-07-01,2023-11-07,3350,5.403487831188328,0.011913470576260465,-0.01669352,0.050079594952759265,-0.0003150737899408895
XGB,TSLA,2,2023-07-01,2024-07-01,2023-11-08,3351,5.403172757398387,0.019021265274046684,-0.015822673,0.05342960114036366,-0.056160489658582335
XGB,TSLA,2,2023-07-01,2024-07-01,2023-11-09,3352,5.347012267739805,0.0354414078070846,-0.028308762,0.11512320994388947,0.021996498496030803
XGB,TSLA,2,2023-07-01,2024-07-01,2023-11-10,3353,5.369008766235836,0.051163530444905625,-0.006517264,0.11661768596479938,0.04134183399945268
XGB,TSLA,2,2023-07-01,2024-07-01,2023-11-13,3354,5.410350600235288,0.05624867610220008,0.019666737,0.04586757723103485,0.05943801947754146
XGB,TSLA,2,2023-07-01,2024-07-01,2023-11-14,3355,5.46978861971283,0.05685166933101904,0.046337914,-0.00829005598465038,0.02261415546906509
XGB,TSLA,2,2023-07-01,2024-07-01,2023-11-15,3356,5.492402775181895,0.05407447805745669,0.059393715,-0.02823203679113373,-0.03883534904080754
XGB,TSLA,2,2023-07-01,2024-07-01,2023-11-16,3357,5.453567426141087,0.06047733027536051,0.04876403,0.0546866691816037,0.0030349323976635034
XGB,TSLA,2,2023-07-01,2024-07-01,2023-11-17,3358,5.456602358538751,0.06365247210229974,0.02993264,0.04113947020289643,0.005533119144943477
XGB,TSLA,2,2023-07-01,2024-07-01,2023-11-20,3359,5.462135477683694,0.062161973610738386,0.031397782,0.018836731075269952,0.02349097451694071
XGB,TSLA,2,2023-07-01,2024-07-01,2023-11-21,3360,5.485626452200635,0.0562045706975578,0.03231171,-0.009874442765268832,-0.029408274734311846
XGB,TSLA,2,2023-07-01,2024-07-01,2023-11-22,3361,5.456218177466323,0.05232814441134437,0.01996521,0.005832388836854108,0.005280386261856229
XGB,TSLA,2,2023-07-01,2024-07-01,2023-11-24,3362,5.461498563728179,0.04949151819411668,0.015174025,0.013792758400751559,0.002672174662581739
XGB,TSLA,2,2023-07-01,2024-07-01,2023-11-27,3363,5.464170738390761,0.04634373456789653,0.009542119,0.01383971319893984,0.044083356931929885
XGB,TSLA,2,2023-07-01,2024-07-01,2023-11-28,3364,5.508254095322691,0.04050736672011279,0.03275174,-0.016675234457826704,-0.010512266581043761
XGB,TSLA,2,2023-07-01,2024-07-01,2023-11-29,3365,5.497741828741647,0.036666851321457195,0.027633693,-0.001229571261859519,-0.016769619982683004
XGB,TSLA,2,2023-07-01,2024-07-01,2023-11-30,3366,5.480972208758964,0.031937128302251594,0.018492764,-0.0014171830670051122,-0.005220199323598074
XGB,TSLA,2,2023-07-01,2024-07-01,2023-12-01,3367,5.475752009435366,0.025932339632944057,0.017348679,-0.007649698274483363,-0.013701443132188906
XGB,TSLA,2,2023-07-01,2024-07-01,2023-12-04,3368,5.462050566303177,0.024504558260374232,-0.0027667054,0.015625611130596795,0.01324075582575368
XGB,TSLA,2,2023-07-01,2024-07-01,2023-12-05,3369,5.475291322128931,0.02783354387147341,0.014240594,0.050360812507759256,0.00271912946077002
XGB,TSLA,2,2023-07-01,2024-07-01,2023-12-06,3370,5.478010451589701,0.03234722603951656,0.0063035213,0.05735337144153707,0.01356840927516334
XGB,TSLA,2,2023-07-01,2024-07-01,2023-12-07,3371,5.491578860864864,0.03364324331120372,0.0060706167,0.038167643847939026,0.004933396614923424
XGB,TSLA,2,2023-07-01,2024-07-01,2023-12-08,3372,5.496512257479788,0.037167091745530456,4.740574e-06,0.05341949710390814,-0.016957231787828597
XGB,TSLA,2,2023-07-01,2024-07-01,2023-12-11,3373,5.479555025691959,0.037559671660390315,-0.0134351645,0.03039994951442626,-0.011452714531076325
XGB,TSLA,2,2023-07-01,2024-07-01,2023-12-12,3374,5.468102311160883,0.04403982619006719,-0.00989417,0.07119852482969424,0.009573866272891252
XGB,TSLA,2,2023-07-01,2024-07-01,2023-12-13,3375,5.477676177433774,0.04718208153872272,-0.0072278753,0.05389344799139817,0.04797595720291614
XGB,TSLA,2,2023-07-01,2024-07-01,2023-12-14,3376,5.52565213463669,0.04550439956282215,0.020155512,0.02190523086239171,0.009711688394547835
XGB,TSLA,2,2023-07-01,2024-07-01,2023-12-15,3377,5.535363823031238,0.04488546308740027,0.010176491,0.030840997978704543,-0.005617318318434705
XGB,TSLA,2,2023-07-01,2024-07-01,2023-12-18,3378,5.529746504712803,0.03971921542008339,0.009932715,0.004354164566978902,0.02018524987089254
XGB,TSLA,2,2023-07-01,2024-07-01,2023-12-19,3379,5.549931754583696,0.02876706193230305,0.0119778365,-0.03456941237770472,-0.03997677937731048
XGB,TSLA,2,2023-07-01,2024-07-01,2023-12-20,3380,5.509954975206385,0.024389406310993067,-0.01035454,0.005165879538860274,0.029345860784191657
XGB,TSLA,2,2023-07-01,2024-07-01,2023-12-21,3381,5.539300835990577,0.011799742627244036,0.007524697,-0.06514120404465729,-0.007731210565404822
XGB,TSLA,2,2023-07-01,2024-07-01,2023-12-22,3382,5.531569625425172,-0.00020662062623344468,0.003853241,-0.05959314344491684,0.015987740073909684
XGB,TSLA,2,2023-07-01,2024-07-01,2023-12-26,3383,5.547557365499082,-0.014673512376305098,0.022871384,-0.07743182504391033,0.018647455510860667
XGB,TSLA,2,2023-07-01,2024-07-01,2023-12-27,3384,5.566204821009943,-0.028865268691219192,0.02015768,-0.08369266597813141,-0.032104151730160346
XGB,TSLA,2,2023-07-01,2024-07-01,2023-12-28,3385,5.534100669279782,-0.04021677901395915,-0.0019974688,-0.07468535381490593,-0.018738327073791083
XGB,TSLA,2,2023-07-01,2024-07-01,2023-12-29,3386,5.515362342205991,-0.04855681241648746,-0.020852117,-0.060297659547394744,-0.000241487460745482
XGB,TSLA,2,2023-07-01,2024-07-01,2024-01-02,3387,5.515120854745246,-0.05907608306827328,-0.02154786,-0.08920213823114675,-0.0409612227993259
XGB,TSLA,2,2023-07-01,2024-07-01,2024-01-03,3388,5.47415963194592,-0.06742498806902564,-0.0469369,-0.08559031420925045,-0.002183149965664377
XGB,TSLA,2,2023-07-01,2024-07-01,2024-01-04,3389,5.471976481980255,-0.07393820990936018,-0.03931044,-0.07875809358473518,-0.0018509415250838046
XGB,TSLA,2,2023-07-01,2024-07-01,2024-01-05,3390,5.470125540455172,-0.08168373656264993,-0.041097872,-0.09693262510402345,0.012386614576639587
XGB,TSLA,2,2023-07-01,2024-07-01,2024-01-08,3391,5.482512155031811,-0.09327369500765226,-0.034605946,-0.12649205531030638,-0.023096839566934868
XGB,TSLA,2,2023-07-01,2024-07-01,2024-01-09,3392,5.459415315464876,-0.10033634149030846,-0.056566577,-0.10193320424311292,-0.004350632806279897
XGB,TSLA,2,2023-07-01,2024-07-01,2024-01-10,3393,5.4550646826585965,-0.10779068436531425,-0.054991666,-0.11368781203441447,-0.029145966144497493
XGB,TSLA,2,2023-07-01,2024-07-01,2024-01-11,3394,5.425918716514099,-0.11021149558708565,-0.069129206,-0.08291483526204413,-0.0373493987774296
XGB,TSLA,2,2023-07-01,2024-07-01,2024-01-12,3395,5.388569317736669,-0.10920163182996312,-0.07536931,-0.05184887109533953,0.004649070658850896
XGB,TSLA,2,2023-07-01,2024-07-01,2024-01-16,3396,5.39321838839552,-0.10923402566658424,-0.06946337,-0.18575611345547838,-0.020025473044372077
XGB,TSLA,2,2023-07-01,2024-07-01,2024-01-17,3397,5.373192915351148,-0.10838748754419214,-0.07379328,-0.1623415745843877,-0.017172815629643345
XGB,TSLA,2,2023-07-01,2024-07-01,2024-01-18,3398,5.356020099721505,-0.10423545409523616,-0.079897024,-0.10411326935688603,0.0014620115002585976
XGB,TSLA,2,2023-07-01,2024-07-01,2024-01-19,3399,5.357482111221763,-0.10150366169833713,-0.0774322,-0.10212445822816552,-0.01610524059758145
XGB,TSLA,2,2023-07-01,2024-07-01,2024-01-22,3400,5.341376870624182,-0.09951799595430444,-0.07520371,-0.10871868872986123,0.0016270106278728491
XGB,TSLA,2,2023-07-01,2024-07-01,2024-01-23,3401,5.343003881252055,-0.09870693184865953,-0.06614711,-0.10199787818536432,-0.006283434610725003
XGB,TSLA,2,2023-07-01,2024-07-01,2024-01-24,3402,5.33672044664133,-0.0985957406309037,-0.056064054,-0.10075730235163416,-0.12925817170128795
XGB,TSLA,2,2023-07-01,2024-07-01,2024-01-25,3403,5.207462274940042,-0.10100594046735889,-0.08651166,-0.008633820376710233,0.003389065826718607
XGB,TSLA,2,2023-07-01,2024-07-01,2024-01-26,3404,5.2108513407667605,-0.09872101611810358,-0.0800517,0.01004491178684308,0.04105548959785832
XGB,TSLA,2,2023-07-01,2024-07-01,2024-01-29,3405,5.251906830364619,-0.09521393227525987,-0.05758501,-0.017701399522366046,0.003450822628979111
XGB,TSLA,2,2023-07-01,2024-07-01,2024-01-30,3406,5.255357652993598,-0.08862583651517042,-0.034294657,-0.010652068773542744,-0.02269947109927717
XGB,TSLA,2,2023-07-01,2024-07-01,2024-01-31,3407,5.232658181894321,-0.07598712546609399,-0.056738023,0.03298106010070434,0.008347821172369763
XGB,TSLA,2,2023-07-01,2024-07-01,2024-02-01,3408,5.2410060030666905,-0.06764705978288177,-0.03706937,-0.003872763889192221,-0.005042858776994841
XGB,TSLA,2,2023-07-01,2024-07-01,2024-02-02,3409,5.235963144289696,-0.061519495869822194,-0.023634596,-0.02091867371810796,-0.03713468972636402
XGB,TSLA,2,2023-07-01,2024-07-01,2024-02-05,3410,5.198828454563332,-0.047532270597066884,-0.04659517,0.04138302615536915,0.02206779799027192
XGB,TSLA,2,2023-07-01,2024-07-01,2024-02-06,3411,5.220896252553604,-0.031195186196105062,-0.021140471,0.07966857131037841,0.013309178288649193
XGB,TSLA,2,2023-07-01,2024-07-01,2024-02-07,3412,5.234205430842253,-0.016618113512092414,-0.038301826,0.06386188918796964,0.010500153377802413
XGB,TSLA,2,2023-07-01,2024-07-01,2024-02-08,3413,5.244705584220055,-0.008941261430894798,-0.013802182,0.021914667234375074,0.020933657774969916
XGB,TSLA,2,2023-07-01,2024-07-01,2024-02-09,3414,5.265639241995025,-0.003882037591848686,0.008942952,0.006180155182712532,-0.0285060028175268
XGB,TSLA,2,2023-07-01,2024-07-01,2024-02-12,3415,5.237133239177498,0.007251100594759308,0.0028763695,0.0481495636508571,-0.02208876860591058
XGB,TSLA,2,2023-07-01,2024-07-01,2024-02-13,3416,5.215044470571588,0.016085433753115552,-0.003552983,0.04229464560671303,0.02516701014711309
XGB,TSLA,2,2023-07-01,2024-07-01,2024-02-14,3417,5.240211480718701,0.024789253752617313,0.017954271,0.05510134619963036,0.06035334314528118
XGB,TSLA,2,2023-07-01,2024-07-01,2024-02-15,3418,5.300564823863982,0.02838436793991761,0.044764988,-0.00359839077808477,-0.0024975038337595734
XGB,TSLA,2,2023-07-01,2024-07-01,2024-02-16,3419,5.298067320030222,0.03260489638253006,0.03401064,0.010398344339242804,-0.03144706857579216
XGB,TSLA,2,2023-07-01,2024-07-01,2024-02-20,3420,5.26662025145443,0.040538749130827334,0.012789238,0.041053234204338374,0.005199145723307375
XGB,TSLA,2,2023-07-01,2024-07-01,2024-02-21,3421,5.271819397177738,0.0469776750506421,0.008356599,0.03961160550368259,0.013463405650617766
XGB,TSLA,2,2023-07-01,2024-07-01,2024-02-22,3422,5.285282802828355,0.038197479368736964,0.01920479,-0.0480964395286847,-0.027943686650054644
XGB,TSLA,2,2023-07-01,2024-07-01,2024-02-23,3423,5.257339116178301,0.02993156580478029,-0.008075996,-0.06027955131186058,0.03797371074003042
XGB,TSLA,2,2023-07-01,2024-07-01,2024-02-26,3424,5.295312826918331,0.014134363553592877,0.022637498,-0.12176538535653414,0.0016536061675660463
XGB,TSLA,2,2023-07-01,2024-07-01,2024-02-27,3425,5.296966433085897,-0.0013046904049547337,0.026839364,-0.11153788278113286,0.011499231283568001
XGB,TSLA,2,2023-07-01,2024-07-01,2024-02-28,3426,5.308465664369465,-0.02087147316369986,0.019458419,-0.1417387390947873,-0.0007921787106965894
XGB,TSLA,2,2023-07-01,2024-07-01,2024-02-29,3427,5.307673485658769,-0.0379692113820429,0.018679993,-0.1271828816905307,0.003757517022651591
XGB,TSLA,2,2023-07-01,2024-07-01,2024-03-01,3428,5.31143100268142,-0.055073354560200016,0.02265217,-0.1322351048573296,-0.07424463938174952
XGB,TSLA,2,2023-07-01,2024-07-01,2024-03-04,3429,5.237186363299671,-0.06437378274541139,-0.007433164,-0.1044514627505464,-0.040126798433230526
XGB,TSLA,2,2023-07-01,2024-07-01,2024-03-05,3430,5.19705956486644,-0.07333615457733433,-0.044293582,-0.10638156309664826,-0.02351212330464314
XGB,TSLA,2,2023-07-01,2024-07-01,2024-03-06,3431,5.173547441561797,-0.07851468356062608,-0.05373358,-0.0763063635140897,0.011881108742967328
XGB,TSLA,2,2023-07-01,2024-07-01,2024-03-07,3432,5.185428550304764,-0.07557999471816057,-0.030308213,-0.027523319914451783,-0.018701625030086433
XGB,TSLA,2,2023-07-01,2024-07-01,2024-03-08,3433,5.166726925274678,-0.07147048463292993,-0.04073978,-0.023193729775822902,0.013763678693559989
XGB,TSLA,2,2023-07-01,2024-07-01,2024-03-11,3434,5.180490603968238,-0.06587071850254489,-0.029420832,-0.011940274631553116,-0.001294706144147284
XGB,TSLA,2,2023-07-01,2024-07-01,2024-03-12,3435,5.179195897824091,-0.0619952167475839,-0.020055436,-0.026945265030218657,-0.04646099727496633
XGB,TSLA,2,2023-07-01,2024-07-01,2024-03-13,3436,5.132734900549124,-0.05428500649589196,-0.039834548,0.007934020128420372,-0.042056898779332386
XGB,TSLA,2,2023-07-01,2024-07-01,2024-03-14,3437,5.090678001769792,-0.04062662562970232,-0.05161658,0.060472602343508264,0.006563076277915414
XGB,TSLA,2,2023-07-01,2024-07-01,2024-03-15,3438,5.097241078047707,-0.02335898675860726,-0.039027836,0.08268680869417633,0.06066415234260525
XGB,TSLA,2,2023-07-01,2024-07-01,2024-03-18,3439,5.157905230390313,-0.013110585228894855,-0.00035383448,0.03410673996893543,-0.014372034891457552
XGB,TSLA,2,2023-07-01,2024-07-01,2024-03-19,3440,5.143533195498855,-0.005673222322003291,-0.006017411,0.025756867120400706,0.025017133837829775
XGB,TSLA,2,2023-07-01,2024-07-01,2024-03-20,3441,5.168550329336685,-0.0021815912961393735,0.012443815,-0.002507995131778351,-0.016299696542812825
XGB,TSLA,2,2023-07-01,2024-07-01,2024-03-21,3442,5.152250632793872,-0.004782363358654784,0.0017516237,-0.036474817940018944,-0.011581712116327303
XGB,TSLA,2,2023-07-01,2024-07-01,2024-03-22,3443,5.140668920677545,-0.004531151257300081,0.005436374,-0.014445561769259818,0.010481683435755507
XGB,TSLA,2,2023-07-01,2024-07-01,2024-03-25,3444,5.1511506041133,-0.0037179183008273498,0.009422475,-0.008843976002408382,0.028777282628583478
XGB,TSLA,2,2023-07-01,2024-07-01,2024-03-26,3445,5.179927886741884,-0.012594847652841246,0.028522173,-0.07458869418976732,0.01208408361736435
XGB,TSLA,2,2023-07-01,2024-07-01,2024-03-27,3446,5.192011970359248,-0.017187844021492538,0.039120145,-0.038836014180043676,-0.022721907739992275
XGB,TSLA,2,2023-07-01,2024-07-01,2024-03-28,3447,5.169290062619256,-0.014734738736749797,0.010090385,0.006181501535161615,-0.0032477284143492824
XGB,TSLA,2,2023-07-01,2024-07-01,2024-04-01,3448,5.166042334204906,-0.01584263769134875,0.012809527,-0.019944212616007206,-0.05026651935105342
XGB,TSLA,2,2023-07-01,2024-07-01,2024-04-02,3449,5.115775814853853,-0.00683749296707159,-0.006853351,0.04672186350878338,0.010447544054431823
XGB,TSLA,2,2023-07-01,2024-07-01,2024-04-03,3450,5.126223358908285,-0.0025612200637263882,-0.0019261786,0.01573257035664888,0.016083269202606942
XGB,TSLA,2,2023-07-01,2024-07-01,2024-04-04,3451,5.142306628110892,-0.00803989412001993,0.013236188,-0.057925358584294706,-0.03696743555877546
XGB,TSLA,2,2023-07-01,2024-07-01,2024-04-05,3452,5.105339192552116,-0.01152484125450215,-0.004578634,-0.04839299170774236,0.047836763627088
XGB,TSLA,2,2023-07-01,2024-07-01,2024-04-08,3453,5.153175956179204,-0.022949838420698754,0.021669012,-0.10685183930620656,0.022295607975213017
XGB,TSLA,2,2023-07-01,2024-07-01,2024-04-09,3454,5.175471564154417,-0.04105137103362999,0.028758885,-0.16530309449852876,-0.029373442565518104
XGB,TSLA,2,2023-07-01,2024-07-01,2024-04-10,3455,5.146098121588899,-0.05747648857160215,0.012880019,-0.1553254358356968,0.016399556773737167
XGB,TSLA,2,2023-07-01,2024-07-01,2024-04-11,3456,5.162497678362636,-0.07931813886560946,0.029545274,-0.20631854857875176,-0.020541749097702677
XGB,TSLA,2,2023-07-01,2024-07-01,2024-04-12,3457,5.141955929264934,-0.0948859754111151,0.016751034,-0.1674315728046123,-0.05757465973833664
XGB,TSLA,2,2023-07-01,2024-07-01,2024-04-15,3458,5.084381269526597,-0.09084975853345867,-0.015249348,0.004017243152030225,-0.027435068682223118
XGB,TSLA,2,2023-07-01,2024-07-01,2024-04-16,3459,5.056946200844374,-0.07988904816313713,-0.033715803,0.07991045653896656,-0.010622083971376206
XGB,TSLA,2,2023-07-01,2024-07-01,2024-04-17,3460,5.046324116872998,-0.06686959600901243,-0.02629681,0.07936452495735402,-0.03615564721710918
XGB,TSLA,2,2023-07-01,2024-07-01,2024-04-18,3461,5.010168469655889,-0.04703380266251411,-0.047982153,0.2579474038856837,-0.019395783902686148
XGB,TSLA,2,2023-07-01,2024-07-01,2024-04-19,3462,4.990772685753202,-0.02651719512856321,-0.04811414,0.22024234573171952,-0.03459355596931779
XGB,TSLA,2,2023-07-01,2024-07-01,2024-04-22,3463,4.956179129783885,-0.0023909917882374288,-0.053937655,0.23672219452677634,0.018345226676436788
XGB,TSLA,2,2023-07-01,2024-07-01,2024-04-23,3464,4.974524356460321,0.02001069355827223,-0.02581774,0.2184880179264086,0.11387415621830588
XGB,TSLA,2,2023-07-01,2024-07-01,2024-04-24,3465,5.088398512678627,0.03178094270284504,0.024388872,0.11114770524367668,0.04845814470471321
XGB,TSLA,2,2023-07-01,2024-07-01,2024-04-25,3466,5.1368566573833405,0.04269034928376403,0.04585811,0.08220099844771589,-0.011168015552988741
XGB,TSLA,2,2023-07-01,2024-07-01,2024-04-26,3467,5.125688641830352,0.04974236063886828,0.046537176,0.05502690890708273,0.14242723171122051
XGB,TSLA,2,2023-07-01,2024-07-01,2024-04-29,3468,5.268115873541572,0.052224545333273475,0.09251186,-0.10493117399840735,-0.057100842056650336
XGB,TSLA,2,2023-07-01,2024-07-01,2024-04-30,3469,5.211015031484922,0.05452512205284954,0.04478371,-0.06369498139046481,-0.018113707174260973
XGB,TSLA,2,2023-07-01,2024-07-01,2024-05-01,3470,5.192901324310661,0.05347597124281123,0.040630564,-0.0661436246667293,0.00011105007606904138
XGB,TSLA,2,2023-07-01,2024-07-01,2024-05-02,3471,5.19301237438673,0.05314569272280689,0.022732738,-0.04615764059749061,0.006533843535573958
XGB,TSLA,2,2023-07-01,2024-07-01,2024-05-03,3472,5.199546217922304,0.05443797878516765,0.034119025,-0.020293941345046917,0.019511437908752427
XGB,TSLA,2,2023-07-01,2024-07-01,2024-05-06,3473,5.219057655831056,0.049291370113508925,0.068271525,-0.06005979796070804,-0.0383421050936219
XGB,TSLA,2,2023-07-01,2024-07-01,2024-05-07,3474,5.1807155507374345,0.047546635093756784,0.054543976,-0.016844301687810592,-0.01753085119426956
XGB,TSLA,2,2023-07-01,2024-07-01,2024-05-08,3475,5.163184699543165,0.048622837124457696,0.019551894,0.015560569697155913,-0.0158646494487078
XGB,TSLA,2,2023-07-01,2024-07-01,2024-05-09,3476,5.147320050094457,0.04814541591905819,0.027635878,0.017180151275639766,-0.020562350450525457
XGB,TSLA,2,2023-07-01,2024-07-01,2024-05-10,3477,5.126757699643932,0.056911687604427996,0.005338091,0.10220962147839785,0.020097034145307724
XGB,TSLA,2,2023-07-01,2024-07-01,2024-05-13,3478,5.146854733789239,0.05771243177238006,0.02435632,0.04671304494849782,0.03239754278801765
XGB,TSLA,2,2023-07-01,2024-07-01,2024-05-14,3479,5.179252276577257,0.04954480287033736,0.029928645,-0.021692316128330447,-0.020254418706908695
XGB,TSLA,2,2023-07-01,2024-07-01,2024-05-15,3480,5.158997857870348,0.04827641514749903,0.0077955755,0.029727862694570284,0.0048733911792755435
XGB,TSLA,2,2023-07-01,2024-07-01,2024-05-16,3481,5.163871249049624,0.04434220650341203,0.002311765,0.010865055727058426,0.014874020190696946
XGB,TSLA,2,2023-07-01,2024-07-01,2024-05-17,3482,5.178745269240321,0.037831460115913096,0.016243918,-0.007182297181115516,-0.014245067870223949
XGB,TSLA,2,2023-07-01,2024-07-01,2024-05-20,3483,5.164500201370097,0.036126503475799154,0.008816374,0.021711693841938384,0.06446711975223263
XGB,TSLA,2,2023-07-01,2024-07-01,2024-05-21,3484,5.2289673211223295,0.026515434764317725,0.04343588,-0.046734423312892126,-0.03539954238459231
XGB,TSLA,2,2023-07-01,2024-07-01,2024-05-22,3485,5.193567778737737,0.020183875006020813,0.030539082,-0.021437450524306456,-0.03600781828881061
XGB,TSLA,2,2023-07-01,2024-07-01,2024-05-23,3486,5.157559960448927,0.017184630255964173,0.011128391,0.005910887775534945,0.031165760115992036
XGB,TSLA,2,2023-07-01,2024-07-01,2024-05-24,3487,5.188725720564919,0.01064465310799978,0.037485026,-0.02393974664140419,-0.013989415788236315
XGB,TSLA,2,2023-07-01,2024-07-01,2024-05-28,3488,5.174736304776682,0.00935565673023575,0.037671786,0.00671012376032909,-0.0031733327174769954
XGB,TSLA,2,2023-07-01,2024-07-01,2024-05-29,3489,5.171562972059205,0.008115471477634806,0.024627184,0.007294930378588305,0.014648923152829951
XGB,TSLA,2,2023-07-01,2024-07-01,2024-05-30,3490,5.186211895212035,0.0011803899189501976,0.032240428,-0.02836426006746251,-0.003978997402597884
XGB,TSLA,2,2023-07-01,2024-07-01,2024-05-31,3491,5.182232897809437,-0.007511648338517141,0.03245068,-0.04255960324248864,-0.010102569596006639
XGB,TSLA,2,2023-07-01,2024-07-01,2024-06-03,3492,5.172130328213431,-0.006758449465764649,0.021423824,0.0056564438274504525,-0.00865947998896921
XGB,TSLA,2,2023-07-01,2024-07-01,2024-06-04,3493,5.163470848224462,-0.00022606168051275688,0.021804186,0.04311493441386638,0.0013151256990528992
XGB,TSLA,2,2023-07-01,2024-07-01,2024-06-05,3494,5.1647859739235145,0.0020912013883496172,0.019848268,0.017053723707087798,0.016660454613496967
XGB,TSLA,2,2023-07-01,2024-07-01,2024-06-06,3495,5.181446428537011,0.0074461679216071275,0.032190643,0.052012378687529726,-0.0025885260992177805
XGB,TSLA,2,2023-07-01,2024-07-01,2024-06-07,3496,5.178857902437794,0.0118455093206693,0.03175002,0.04074088270053444,-0.021010267293220863
XGB,TSLA,2,2023-07-01,2024-07-01,2024-06-10,3497,5.157847635144573,0.017403328732089385,-0.0011716085,0.043793659476266455,-0.018174340577624015
XGB,TSLA,2,2023-07-01,2024-07-01,2024-06-11,3498,5.139673294566949,0.026712648978711506,-0.0030863208,0.06986747157459217,0.038113477473932456
XGB,TSLA,2,2023-07-01,2024-07-01,2024-06-12,3499,5.177786772040881,0.02794390750437703,0.024339795,0.02940167112483394,0.028799010597446717
XGB,TSLA,2,2023-07-01,2024-07-01,2024-06-13,3500,5.206585782638328,0.02883915569000095,0.043320622,0.026392775179513883,-0.024746085007725682
XGB,TSLA,2,2023-07-01,2024-07-01,2024-06-14,3501,5.181839697630602,0.03869412440272857,0.017476935,0.09816091226616752,0.051619109593938894
XGB,TSLA,2,2023-07-01,2024-07-01,2024-06-17,3502,5.233458807224541,0.04316187743165134,0.04103075,0.05187462249028041,-0.013860022086213064
XGB,TSLA,2,2023-07-01,2024-07-01,2024-06-18,3503,5.219598785138328,0.04926696511985629,0.041689616,0.06806202589680321,-0.01795749051748885
XGB,TSLA,2,2023-07-01,2024-07-01,2024-06-20,3504,5.201641294620839,0.061948814462402524,0.023918124,0.14479935001730038,0.007899471520701695
XGB,TSLA,2,2023-07-01,2024-07-01,2024-06-21,3505,5.209540766141541,0.07531000655316245,0.017168833,0.234001828806079,-0.0023523229758257713
XGB,TSLA,3,2024-07-01,2025-07-01,2024-07-01,3511,5.34644064463814,0.163826790492398,0.060998634,0.1384807573686313,0.09710195030948032
XGB,TSLA,3,2024-07-01,2025-07-01,2024-07-02,3512,5.44354259494762,0.16630502999395258,0.10561376,0.07081312357287661,0.0633730489954143
XGB,TSLA,3,2024-07-01,2025-07-01,2024-07-03,3513,5.506915643943034,0.1664342598859232,0.13298254,0.025049904148403357,0.020606882284372574
XGB,TSLA,3,2024-07-01,2025-07-01,2024-07-05,3514,5.527522526227407,0.1639388530532475,0.14985605,0.01984001964156512,0.005629789876539171
XGB,TSLA,3,2024-07-01,2025-07-01,2024-07-08,3515,5.533152316103946,0.15381364798288466,0.12443558,-0.017709470567261576,0.03645088589789047
XGB,TSLA,3,2024-07-01,2025-07-01,2024-07-09,3516,5.5696032020018365,0.1389886139147425,0.13642837,-0.05122705424415752,0.003538972090407988
XGB,TSLA,3,2024-07-01,2025-07-01,2024-07-10,3517,5.573142174092244,0.11600378380112009,0.12271727,-0.09584216477395202,-0.08822077208547352
XGB,TSLA,3,2024-07-01,2025-07-01,2024-07-11,3518,5.484921402006771,0.11109875271438785,0.07499238,0.04256132633323162,0.029434316513725634
XGB,TSLA,3,2024-07-01,2025-07-01,2024-07-12,3519,5.5143557185204966,0.09997697681804674,0.07398813,-0.0074806391684507645,0.017609829570941038
XGB,TSLA,3,2024-07-01,2025-07-01,2024-07-15,3520,5.531965548091438,0.08108089246646877,0.071844056,-0.15673341234278215,0.015396997777534338
XGB,TSLA,3,2024-07-01,2025-07-01,2024-07-16,3521,5.547362545868972,0.060446217084100695,0.06904707,-0.15259928105268283,-0.031919700332287526
XGB,TSLA,3,2024-07-01,2025-07-01,2024-07-17,3522,5.515442845536684,0.04245992605430615,0.03665735,-0.12272478968291534,0.002933302220994527
XGB,TSLA,3,2024-07-01,2025-07-01,2024-07-18,3523,5.518376147757679,0.02974776341187102,0.037605472,-0.07120780818036554,-0.04107613843938651
XGB,TSLA,3,2024-07-01,2025-07-01,2024-07-19,3524,5.477300009318292,0.018916905558824304,-0.00231438,-0.07183374918660856,0.05018271902171012
XGB,TSLA,3,2024-07-01,2025-07-01,2024-07-22,3525,5.5274827283400025,0.0059348428255328045,0.023451917,-0.08044364648494984,-0.02060764898795675
XGB,TSLA,3,2024-07-01,2025-07-01,2024-07-23,3526,5.506875079352046,-0.008763502258656963,0.0041705025,-0.127623092493514,-0.13164294360339035
XGB,TSLA,3,2024-07-01,2025-07-01,2024-07-24,3527,5.375232135748655,-0.021763705712052328,-0.034394074,-0.03928186321090443,0.019531129067633657
XGB,TSLA,3,2024-07-01,2025-07-01,2024-07-25,3528,5.394763264816289,-0.03862512113294514,-0.006502629,-0.10206161250233681,-0.0020452089625200287
XGB,TSLA,3,2024-07-01,2025-07-01,2024-07-26,3529,5.392718055853769,-0.05372673335146683,-0.010677576,-0.09120580145123647,0.054450283723544324
XGB,TSLA,3,2024-07-01,2025-07-01,2024-07-29,3530,5.447168339577313,-0.07713062463594866,0.0068539246,-0.19092377809722194,-0.041702079445629536
XGB,TSLA,3,2024-07-01,2025-07-01,2024-07-30,3531,5.405466260131684,-0.09120597796794883,-0.006692605,-0.1129657973225795,0.04157282172336885
XGB,TSLA,3,2024-07-01,2025-07-01,2024-07-31,3532,5.447039081855053,-0.1080470618373921,0.021501975,-0.1487217153070164,-0.06778709499652091
XGB,TSLA,3,2024-07-01,2025-07-01,2024-08-01,3533,5.379251986858532,-0.1204909031836765,-0.029077055,-0.0935640088957399,-0.04330171432078078
XGB,TSLA,3,2024-07-01,2025-07-01,2024-08-02,3534,5.335950272537751,-0.11906794444717672,-0.052899744,0.0007701741035788245,-0.04324862022379872
XGB,TSLA,3,2024-07-01,2025-07-01,2024-08-05,3535,5.292701652313952,-0.11614284520317764,-0.07932648,0.012492042420276128,0.00881060208858031
XGB,TSLA,3,2024-07-01,2025-07-01,2024-08-06,3536,5.301512254402533,-0.10314503614296289,-0.07338499,0.06511774947734583,-0.04526769292244115
XGB,TSLA,3,2024-07-01,2025-07-01,2024-08-07,3537,5.2562445614800914,-0.08445747999420838,-0.06874166,0.11958922490271195,0.03625590132901291
XGB,TSLA,3,2024-07-01,2025-07-01,2024-08-08,3538,5.292500462809104,-0.06602161678689455,-0.047438268,0.11341491981783758,0.0058169037389319556
XGB,TSLA,3,2024-07-01,2025-07-01,2024-08-09,3539,5.298317366548036,-0.0484787009126979,-0.027584935,0.10029774892059073,-0.012629388585244428
XGB,TSLA,3,2024-07-01,2025-07-01,2024-08-12,3540,5.285687977962792,-0.027771307729588024,-0.015152428,0.1226938425834021,0.051032468678537946
XGB,TSLA,3,2024-07-01,2025-07-01,2024-08-13,3541,5.33672044664133,-0.023601147529526578,-0.0007904639,0.013525030151046558,-0.031526751907101414
XGB,TSLA,3,2024-07-01,2025-07-01,2024-08-14,3542,5.305193694734228,-0.010015677865444772,-0.0076505523,0.08988737348966502,0.061436309145650014
XGB,TSLA,3,2024-07-01,2025-07-01,2024-08-15,3543,5.366630003879878,-0.009493174621220568,0.036699466,-0.004352376883508313,0.009203782502924973
XGB,TSLA,3,2024-07-01,2025-07-01,2024-08-16,3544,5.375833786382803,-0.012474676874290047,0.042263485,-0.03249522209572575,0.03008159624413853
XGB,TSLA,3,2024-07-01,2025-07-01,2024-08-19,3545,5.405915382626942,-0.021447091741744195,0.059040226,-0.07925354306976296,-0.007300267158314888
XGB,TSLA,3,2024-07-01,2025-07-01,2024-08-20,3546,5.398615115468627,-0.02879830603356215,0.04642065,-0.06938065220356915,0.00976670507756694
XGB,TSLA,3,2024-07-01,2025-07-01,2024-08-21,3547,5.408381820546194,-0.03155627920021509,0.055747215,-0.04189191604446307,-0.0581363437538176
XGB,TSLA,3,2024-07-01,2025-07-01,2024-08-22,3548,5.350245476792376,-0.02874256321011437,0.00811928,-0.00028484811094564577,0.04483559143151705
XGB,TSLA,3,2024-07-01,2025-07-01,2024-08-23,3549,5.395081068223893,-0.025895277103764158,0.01988281,-0.004138925879321853,-0.03280344122752332
XGB,TSLA,3,2024-07-01,2025-07-01,2024-08-26,3550,5.36227762699637,-0.01372785072278404,0.005347619,0.07654053138400485,-0.018939062709292465
XGB,TSLA,3,2024-07-01,2025-07-01,2024-08-27,3551,5.343338564287078,-0.010357867368537832,-0.010812789,0.007239108647469905,-0.016676724729898673
XGB,TSLA,3,2024-07-01,2025-07-01,2024-08-28,3552,5.326661839557179,-0.002497405005089881,-0.00598938,0.0498658072826359,0.0025726237078789183
XGB,TSLA,3,2024-07-01,2025-07-01,2024-08-29,3553,5.329234463265058,0.00900707475658713,-0.0070339437,0.0920524575307402,0.037255441236673015
XGB,TSLA,3,2024-07-01,2025-07-01,2024-08-30,3554,5.366489904501731,0.015823893411052836,0.015380923,0.06342575880669266,-0.01652927582030017
XGB,TSLA,3,2024-07-01,2025-07-01,2024-09-03,3555,5.349960628681431,0.026034946416887195,0.007251083,0.08729224126379798,0.040981513663140845
XGB,TSLA,3,2024-07-01,2025-07-01,2024-09-04,3556,5.390942142344572,0.0306942275289952,0.03127181,0.04839721276138498,0.04787601603580338
XGB,TSLA,3,2024-07-01,2025-07-01,2024-09-05,3557,5.438818158380375,0.02764355879117275,0.05194761,-0.014837779219444514,-0.08824048544582741
XGB,TSLA,3,2024-07-01,2025-07-01,2024-09-06,3558,5.350577672934548,0.03613094864721589,0.009498253,0.07819759654140501,0.02594997390526732
XGB,TSLA,3,2024-07-01,2025-07-01,2024-09-09,3559,5.376527646839815,0.04124724153040482,0.030071326,0.0493030265751484,0.044759273955983225
XGB,TSLA,3,2024-07-01,2025-07-01,2024-09-10,3560,5.421286920795798,0.04861419582305615,0.04473558,0.07555337437741727,0.008628742512625465
XGB,TSLA,3,2024-07-01,2025-07-01,2024-09-11,3561,5.429915663308424,0.051428440087131655,0.03919195,0.043404879225888315,0.007337206636805149
XGB,TSLA,3,2024-07-01,2025-07-01,2024-09-12,3562,5.437252869945229,0.05748450736845445,0.022076383,0.0842080479170173,0.0020864851607278467
XGB,TSLA,3,2024-07-01,2025-07-01,2024-09-13,3563,5.439339355105957,0.06499942453429064,0.024478244,0.09905735626534273,-0.01535897594502611
XGB,TSLA,3,2024-07-01,2025-07-01,2024-09-16,3564,5.4239803791609305,0.07585701261890065,0.011594636,0.12517348097303138,0.004794890315022116
XGB,TSLA,3,2024-07-01,2025-07-01,2024-09-17,3565,5.428775269475953,0.08381640930224865,0.007546289,0.10942476919232913,-0.0029445960609892907
XGB,TSLA,3,2024-07-01,2025-07-01,2024-09-18,3566,5.425830673414963,0.09477446505120124,0.0030673663,0.1366185923175527,0.0710096217582521
XGB,TSLA,3,2024-07-01,2025-07-01,2024-09-19,3567,5.496840295173215,0.09849283347790294,0.036382355,0.07009101539683371,-0.02351975263890349
XGB,TSLA,3,2024-07-01,2025-07-01,2024-09-20,3568,5.473320542534312,0.10145025501480553,0.027982224,0.07971651618331155,0.04814037532793414
XGB,TSLA,3,2024-07-01,2025-07-01,2024-09-23,3569,5.521460917862246,0.09275323200603491,0.057616383,-0.00392768618088013,0.016935793509053276
XGB,TSLA,3,2024-07-01,2025-07-01,2024-09-24,3570,5.538396711371299,0.07655907950494178,0.06631288,-0.05501154714434087,0.010757148762662538
XGB,TSLA,3,2024-07-01,2025-07-01,2024-09-25,3571,5.549153860133962,0.06466129727518855,0.07482356,-0.027372986138919586,-0.010953821465680136
XGB,TSLA,3,2024-07-01,2025-07-01,2024-09-26,3572,5.538200038668282,0.0496805371176432,0.058332413,-0.05410874067293836,0.02424922706423427
XGB,TSLA,3,2024-07-01,2025-07-01,2024-09-27,3573,5.562449265732516,0.033860330321194176,0.065085724,-0.06323395681758903,0.004482044837533117
XGB,TSLA,3,2024-07-01,2025-07-01,2024-09-30,3574,5.566931310570049,0.015829683234824365,0.051338416,-0.0819269170581487,-0.013894251852425654
XGB,TSLA,3,2024-07-01,2025-07-01,2024-10-01,3575,5.553037058717623,-0.0003360956511082591,0.041144025,-0.07753629533813022,-0.03550382703625754
XGB,TSLA,3,2024-07-01,2025-07-01,2024-10-02,3576,5.517533231681366,-0.013341438304649955,0.023175549,-0.13395600717076217,-0.03414806745440746
XGB,TSLA,3,2024-07-01,2025-07-01,2024-10-03,3577,5.483385164226958,-0.02189971844369598,0.003233449,-0.09358309084699101,0.03839570976808382
XGB,TSLA,3,2024-07-01,2025-07-01,2024-10-04,3578,5.521780873995042,-0.03696368902674951,0.023355559,-0.13010975235669608,-0.03768957599969891
XGB,TSLA,3,2024-07-01,2025-07-01,2024-10-07,3579,5.484091297995343,-0.04645868147194765,0.0073994678,-0.08443648926842773,0.015124010919583597
XGB,TSLA,3,2024-07-01,2025-07-01,2024-10-08,3580,5.499215308914927,-0.058030675936795006,0.01153104,-0.10155047162933872,-0.014210915403026547
XGB,TSLA,3,2024-07-01,2025-07-01,2024-10-09,3581,5.4850043935119,-0.06702406019682883,0.0024709397,-0.08820009407683926,-0.009503630132407181
XGB,TSLA,3,2024-07-01,2025-07-01,2024-10-10,3582,5.475500763379493,-0.0749043582135469,-0.0013811642,-0.08711417185355241,-0.09192353886888949
XGB,TSLA,3,2024-07-01,2025-07-01,2024-10-11,3583,5.383577224510604,-0.07872526233680333,-0.05256171,0.0007802197301440827,0.006224848869363697
XGB,TSLA,3,2024-07-01,2025-07-01,2024-10-14,3584,5.389802073379967,-0.08335873125545223,-0.04979286,-0.025462939857757938,0.001869048258378747
XGB,TSLA,3,2024-07-01,2025-07-01,2024-10-15,3585,5.391671121638346,-0.07135224196199363,-0.034353543,0.17085500335307113,0.007983687088569447
XGB,TSLA,3,2024-07-01,2025-07-01,2024-10-16,3586,5.399654808726916,-0.057140085816305586,-0.029889649,0.19576265032061446,-0.0019899714413273983
XGB,TSLA,3,2024-07-01,2025-07-01,2024-10-17,3587,5.397664837285588,-0.041815982727867684,-0.029916357,0.17262437645954343,-0.0008605378505270878
XGB,TSLA,3,2024-07-01,2025-07-01,2024-10-18,3588,5.396804299435061,-0.02550051103803952,-0.030841304,0.1620294291587241,-0.008417707909120331
XGB,TSLA,3,2024-07-01,2025-07-01,2024-10-21,3589,5.388386591525941,-0.007416315004959095,-0.03231378,0.16282723708890856,-0.004029147285192991
XGB,TSLA,3,2024-07-01,2025-07-01,2024-10-22,3590,5.384357444240748,0.009445946441042352,-0.018312946,0.13650331797818538,-0.020018310718538324
XGB,TSLA,3,2024-07-01,2025-07-01,2024-10-23,3591,5.3643391335222095,0.02878056604848922,-0.031623963,0.1530334212715747,0.19818699146920782
XGB,TSLA,3,2024-07-01,2025-07-01,2024-10-24,3592,5.562526124991417,0.030862803115434545,0.01394471,-0.0701233498095224,0.032891334056112775
XGB,TSLA,3,2024-07-01,2025-07-01,2024-10-25,3593,5.59541745904753,0.0342110683939838,0.048248775,-0.06821305684852064,-0.025128245302398433
XGB,TSLA,3,2024-07-01,2025-07-01,2024-10-28,3594,5.570289213745132,0.04308710936308824,0.037770666,0.09450984870125456,-0.011455485151346423
XGB,TSLA,3,2024-07-01,2025-07-01,2024-10-29,3595,5.558833728593785,0.05463753069866417,0.033426426,0.13459534631699643,-0.007619899978935862
XGB,TSLA,3,2024-07-01,2025-07-01,2024-10-30,3596,5.551213828614849,0.07018955633259427,0.035770856,0.22091242182011062,-0.030353066395916173
XGB,TSLA,3,2024-07-01,2025-07-01,2024-10-31,3597,5.520860762218933,0.09160774747297928,3.288086e-05,0.3370723922645258,-0.0034882074251489925
XGB,TSLA,3,2024-07-01,2025-07-01,2024-11-01,3598,5.517372554793784,0.10852429743596126,0.014336104,0.2771338115383921,-0.024969779611889287
XGB,TSLA,3,2024-07-01,2025-07-01,2024-11-04,3599,5.492402775181895,0.12924712439936048,0.0068905167,0.307416858099951,0.034801627017114534
XGB,TSLA,3,2024-07-01,2025-07-01,2024-11-05,3600,5.527204402199009,0.14104446533365422,0.02989936,0.21316709715088678,0.13759466024737677
XGB,TSLA,3,2024-07-01,2025-07-01,2024-11-06,3601,5.664799062446386,0.14974895912795105,0.0835647,0.10576940969399917,0.02863001246439545
XGB,TSLA,3,2024-07-01,2025-07-01,2024-11-07,3602,5.693429074910782,0.15910187854190205,0.0952529,0.13180374772292858,0.07869717552417832
XGB,TSLA,3,2024-07-01,2025-07-01,2024-11-08,3603,5.77212625043496,0.1655978396518485,0.124631874,0.07431252462276472,0.085806904048499
XGB,TSLA,3,2024-07-01,2025-07-01,2024-11-11,3604,5.857933154483459,0.16561395310793703,0.16489469,-0.02303470553871456,-0.06342678815128266
XGB,TSLA,3,2024-07-01,2025-07-01,2024-11-12,3605,5.794506366332176,0.16769223272287537,0.117471084,0.03337990992829187,0.005313266949669604
XGB,TSLA,3,2024-07-01,2025-07-01,2024-11-13,3606,5.799819633281846,0.1702431266091402,0.117101885,0.06540118032708886,-0.0594481339319497
XGB,TSLA,3,2024-07-01,2025-07-01,2024-11-14,3607,5.740371499349896,0.17069426275216504,0.0796631,0.08441842572454572,0.030196972790489163
XGB,TSLA,3,2024-07-01,2025-07-01,2024-11-15,3608,5.770568472140385,0.16645148698956014,0.101631366,0.053157697780211066,0.054664350493324854
XGB,TSLA,3,2024-07-01,2025-07-01,2024-11-18,3609,5.82523282263371,0.15392564458082347,0.09677911,-0.017420673550841315,0.021205952424014463
XGB,TSLA,3,2024-07-01,2025-07-01,2024-11-19,3610,5.846438775057725,0.14251369434458283,0.08728681,-0.0024306868077283994,-0.011540326112980281
XGB,TSLA,3,2024-07-01,2025-07-01,2024-11-20,3611,5.834898448944744,0.13541681966946317,0.06811094,0.043089391647729514,-0.00701217268427623
XGB,TSLA,3,2024-07-01,2025-07-01,2024-11-21,3612,5.827886276260468,0.12578723445233653,0.05826236,0.034095851279209555,0.03733453734846659
XGB,TSLA,3,2024-07-01,2025-07-01,2024-11-22,3613,5.865220813608935,0.11430934737565313,0.06654855,0.015116602484170905,-0.04043088853449284
XGB,TSLA,3,2024-07-01,2025-07-01,2024-11-25,3614,5.824789925074442,0.1127305935855496,0.037177786,0.08733372491811764,-0.0010637551538454915
XGB,TSLA,3,2024-07-01,2025-07-01,2024-11-26,3615,5.823726169920596,0.11728981393957927,0.032657284,0.1404185696687028,-0.015914020837727527
XGB,TSLA,3,2024-07-01,2025-07-01,2024-11-27,3616,5.807812149082869,0.12405663135153855,0.023468245,0.157796005401746,0.03619593916712738
XGB,TSLA,3,2024-07-01,2025-07-01,2024-11-29,3617,5.844008088249996,0.12916295974587122,0.029362928,0.1499283767359767,0.03397975234247763
XGB,TSLA,3,2024-07-01,2025-07-01,2024-12-02,3618,5.877987840592474,0.13556515538913416,0.038932573,0.17355997950833402,-0.01600571305279619
XGB,TSLA,3,2024-07-01,2025-07-01,2024-12-03,3619,5.861982127539678,0.14225002881002347,0.032660693,0.1737385254210615,0.01835528855342794
XGB,TSLA,3,2024-07-01,2025-07-01,2024-12-04,3620,5.880337416093106,0.15101279881781426,0.04211498,0.19783223628511237,0.0317862338994539
XGB,TSLA,3,2024-07-01,2025-07-01,2024-12-05,3621,5.91212364999256,0.16075453450139587,0.05713411,0.22564657597746152,0.05202108959673968
XGB,TSLA,3,2024-07-01,2025-07-01,2024-12-06,3622,5.964144739589299,0.1680258878363654,0.06958287,0.2093496245764941,0.0014634148953156512
XGB,TSLA,3,2024-07-01,2025-07-01,2024-12-09,3623,5.965608154484615,0.1649363517583886,0.054015893,0.12146199442907069,0.02832831050135809
XGB,TSLA,3,2024-07-01,2025-07-01,2024-12-10,3624,5.993936464985973,0.1576979206961493,0.058606826,0.08409564141102344,0.05761135511483495
XGB,TSLA,3,2024-07-01,2025-07-01,2024-12-11,3625,6.051547820100808,0.1411549449342857,0.057316028,-0.008772484556637039,-0.01582716714006871
XGB,TSLA,3,2024-07-01,2025-07-01,2024-12-12,3626,6.035720652960739,0.12914581631377686,0.027831286,0.0294589461439676,0.04244899941747882
XGB,TSLA,3,2024-07-01,2025-07-01,2024-12-13,3627,6.078169652378218,0.12099293743588557,0.033312976,0.05800111308840794,0.05960057359180304
XGB,TSLA,3,2024-07-01,2025-07-01,2024-12-16,3628,6.137770225970021,0.10572810821305723,0.04830713,-0.01938671455283103,0.03572413819577225
XGB,TSLA,3,2024-07-01,2025-07-01,2024-12-17,3629,6.173494364165793,0.08193081595295126,0.056228224,-0.10585611435118647,-0.08642421525210775
XGB,TSLA,3,2024-07-01,2025-07-01,2024-12-18,3630,6.087070148913686,0.06503149483794957,0.016285265,-0.05300118794994724,-0.00903804251668916
XGB,TSLA,3,2024-07-01,2025-07-01,2024-12-19,3631,6.078032106396996,0.04553394782850173,-0.0038486635,-0.07701335555242128,-0.035256770852825525
XGB,TSLA,3,2024-07-01,2025-07-01,2024-12-20,3632,6.042775335544171,0.026179601009920006,-0.019114021,-0.10450062016878281,0.02240426356053593
XGB,TSLA,3,2024-07-01,2025-07-01,2024-12-23,3633,6.065179599104707,0.01658576424228464,-0.017149545,-0.04794983816243281,0.07099116636191916
XGB,TSLA,3,2024-07-01,2025-07-01,2024-12-24,3634,6.136170765466626,-0.0015621953187165971,0.030665495,-0.11745593356567685,-0.01778725404943593
XGB,TSLA,3,2024-07-01,2025-07-01,2024-12-26,3635,6.11838351141719,-0.02124949267178522,0.008359625,-0.14111935085518645,-0.05074526160258319
XGB,TSLA,3,2024-07-01,2025-07-01,2024-12-27,3636,6.067638249814607,-0.03594275166776573,-0.021048678,-0.0889043890037291,-0.03356928885086852
XGB,TSLA,3,2024-07-01,2025-07-01,2024-12-30,3637,6.034068960963738,-0.04677939594263325,-0.028550979,-0.055841665377162286,-0.033050210119163204
XGB,TSLA,3,2024-07-01,2025-07-01,2024-12-31,3638,6.001018750844575,-0.05005912035343307,-0.034859046,-0.001313259888438445,-0.06274403546918705
XGB,TSLA,3,2024-07-01,2025-07-01,2025-01-02,3639,5.938274715375388,-0.05084603027619039,-0.0714191,0.044048136857903764,0.07895504556688593
XGB,TSLA,3,2024-07-01,2025-07-01,2025-01-03,3640,6.017229760942274,-0.04924194600434184,-0.034931917,0.0424073241194014,0.0014850709586751165
XGB,TSLA,3,2024-07-01,2025-07-01,2025-01-06,3641,6.018714831900949,-0.05003116543804076,-0.04234805,0.006716282469350077,-0.04145067133894553
XGB,TSLA,3,2024-07-01,2025-07-01,2025-01-07,3642,5.977264160562004,-0.04245860917410038,-0.05214328,0.07834820636973028,0.0014697002488741617
XGB,TSLA,3,2024-07-01,2025-07-01,2025-01-08,3643,5.978733860810878,-0.034486700516476176,-0.042686075,0.07116469240538148,-0.0005065652243017027
XGB,TSLA,3,2024-07-01,2025-07-01,2025-01-10,3644,5.978227295586576,-0.028219829576897837,-0.040269874,0.05031621447473977,0.021478195369560638
XGB,TSLA,3,2024-07-01,2025-07-01,2025-01-13,3645,5.999705490956137,-0.0255152618794261,-0.020209782,0.02223977524599796,-0.017382638722844845
XGB,TSLA,3,2024-07-01,2025-07-01,2025-01-14,3646,5.982322852233292,-0.022102282496473613,-0.008728404,0.02545782633356808,0.07731423282838357
XGB,TSLA,3,2024-07-01,2025-07-01,2025-01-15,3647,6.059637085061675,-0.03423627661309947,0.002228895,-0.07532305735082279,-0.03420597069137621
XGB,TSLA,3,2024-07-01,2025-07-01,2025-01-16,3648,6.025431114370299,-0.04122444197988706,-0.0027278059,-0.038753013195477415,0.03018125256143467
XGB,TSLA,3,2024-07-01,2025-07-01,2025-01-17,3649,6.055612366931734,-0.05395795291975958,0.031958286,-0.09177597125498682,-0.005713813715474636
XGB,TSLA,3,2024-07-01,2025-07-01,2025-01-21,3650,6.049898553216259,-0.059356196047033905,0.025339028,-0.057734254043626976,-0.02135504315494341
XGB,TSLA,3,2024-07-01,2025-07-01,2025-01-22,3651,6.028543510061316,-0.059320600867463824,-0.010768247,-0.02564457024236244,-0.006598243859181174
XGB,TSLA,3,2024-07-01,2025-07-01,2025-01-23,3652,6.021945266202135,-0.06394108911249319,0.012666573,-0.07213641345237942,-0.014164587635274728
XGB,TSLA,3,2024-07-01,2025-07-01,2025-01-24,3653,6.00778067856686,-0.06287399110441516,-0.007517773,-0.035983289720951994,-0.0234666508560073
XGB,TSLA,3,2024-07-01,2025-07-01,2025-01-27,3654,5.984314027710853,-0.06282143138081775,-0.016126247,-0.04897016223506867,0.002364073463969163
XGB,TSLA,3,2024-07-01,2025-07-01,2025-01-28,3655,5.986678101174822,-0.06464045048352496,-0.017198704,-0.06156703505013006,-0.022841705498074738
XGB,TSLA,3,2024-07-01,2025-07-01,2025-01-29,3656,5.963836395676747,-0.06717092585617035,-0.036824346,-0.07324247245634563,0.02832790349588521
XGB,TSLA,3,2024-07-01,2025-07-01,2025-01-30,3657,5.992164299172632,-0.07841688285500936,-0.00779809,-0.13214757116162001,0.010734640646321125
XGB,TSLA,3,2024-07-01,2025-07-01,2025-01-31,3658,6.002898939818953,-0.09456712682073753,-2.109594e-05,-0.20836210189428783,-0.053090087069198155
XGB,TSLA,3,2024-07-01,2025-07-01,2025-02-03,3659,5.949808852749755,-0.10180310797028458,-0.035248253,-0.13118095740420266,0.0219885360961527
XGB,TSLA,3,2024-07-01,2025-07-01,2025-02-04,3660,5.971797388845908,-0.10451962059713171,-0.0057993378,-0.0970352046650298,-0.036453523370123975
XGB,TSLA,3,2024-07-01,2025-07-01,2025-02-05,3661,5.935343865475784,-0.10271419689781425,-0.01878906,-0.06086268414507057,-0.010232799351092225
XGB,TSLA,3,2024-07-01,2025-07-01,2025-02-06,3662,5.925111066124692,-0.09969031123060912,-0.019951113,-0.055503508162508375,-0.03451714290429031
XGB,TSLA,3,2024-07-01,2025-07-01,2025-02-07,3663,5.890593923220401,-0.08995753560859754,-0.03577874,-0.0029355516091600364,-0.030577195209389174
XGB,TSLA,3,2024-07-01,2025-07-01,2025-02-10,3664,5.860016728011012,-0.07901789261458969,-0.043205746,0.010409473497803745,-0.06547989008634669
XGB,TSLA,3,2024-07-01,2025-07-01,2025-02-11,3665,5.794536837924666,-0.07059349748511501,-0.06738492,0.027917130312174798,0.02409105742088702
XGB,TSLA,3,2024-07-01,2025-07-01,2025-02-12,3666,5.818627895345553,-0.06702088248129012,-0.05474306,-0.01793047230822431,0.05613428883532556
XGB,TSLA,3,2024-07-01,2025-07-01,2025-02-13,3667,5.874762184180878,-0.07608740251546564,-0.027974868,-0.16168970293142682,-0.0002810028501647466
XGB,TSLA,3,2024-07-01,2025-07-01,2025-02-14,3668,5.874481181330713,-0.08880615924605273,-0.031208975,-0.20184547764876104,-0.004873623368530033
XGB,TSLA,3,2024-07-01,2025-07-01,2025-02-18,3669,5.869607557962183,-0.10438589757790595,-0.028390443,-0.22787776441397156,0.01805081364905803
XGB,TSLA,3,2024-07-01,2025-07-01,2025-02-19,3670,5.887658371611241,-0.11832901482851899,-0.014754106,-0.20755398681105852,-0.017232170102425393
XGB,TSLA,3,2024-07-01,2025-07-01,2025-02-20,3671,5.870426201508816,-0.13293532883979875,-0.021885075,-0.21916586755390188,-0.04797223327197564
XGB,TSLA,3,2024-07-01,2025-07-01,2025-02-21,3672,5.82245396823684,-0.14537098476380006,-0.03845571,-0.2165048225188686,-0.02175654519951209
XGB,TSLA,3,2024-07-01,2025-07-01,2025-02-24,3673,5.800697423037328,-0.15176106002197454,-0.0392808,-0.16912726062648886,-0.08762494178787694
XGB,TSLA,3,2024-07-01,2025-07-01,2025-02-25,3674,5.713072481249451,-0.1572940029025478,-0.061742164,-0.1392088382588712,-0.04043677756749897
XGB,TSLA,3,2024-07-01,2025-07-01,2025-02-26,3675,5.672635703681952,-0.15905148084910792,-0.07876958,-0.10173716109720843,-0.030905910133740555
XGB,TSLA,3,2024-07-01,2025-07-01,2025-02-27,3676,5.641729793548212,-0.15962350353963117,-0.08418952,-0.23837699164104453,0.03837459125197107
XGB,TSLA,3,2024-07-01,2025-07-01,2025-02-28,3677,5.680104384800183,-0.1640569025005334,-0.05604895,-0.23950650305429377,-0.028844050845268754
XGB,TSLA,3,2024-07-01,2025-07-01,2025-03-03,3678,5.651260333954914,-0.16164525614594982,-0.06931431,-0.13746876515878714,-0.04531118823694236
XGB,TSLA,3,2024-07-01,2025-07-01,2025-03-04,3679,5.605949145717972,-0.15766617034252572,-0.0788726,-0.12248092579717706,0.02562101669286765
XGB,TSLA,3,2024-07-01,2025-07-01,2025-03-05,3680,5.631570162410839,-0.15452112445743627,-0.06459184,-0.11018926483997493,-0.057706519420259283
XGB,TSLA,3,2024-07-01,2025-07-01,2025-03-06,3681,5.57386364299058,-0.15030145051607047,-0.0722637,-0.10155097647461542,-0.0029651004058361963
XGB,TSLA,3,2024-07-01,2025-07-01,2025-03-07,3682,5.570898542584744,-0.14989637879109274,-0.078536056,-0.15342132170321499,-0.16754574067757666
XGB,TSLA,3,2024-07-01,2025-07-01,2025-03-10,3683,5.403352801907167,-0.14284967797125336,-0.114341795,0.05988560934242759,0.03724507983872183
XGB,TSLA,3,2024-07-01,2025-07-01,2025-03-11,3684,5.440597881745889,-0.1353091324425275,-0.08186427,0.024334988523980527,0.07319368705023788
XGB,TSLA,3,2024-07-01,2025-07-01,2025-03-12,3685,5.513791568796127,-0.12575840420872364,-0.03843866,0.002496017286883756,-0.03032334887533228
XGB,TSLA,3,2024-07-01,2025-07-01,2025-03-13,3686,5.483468219920795,-0.10656656364328843,-0.041351736,0.1455548409725207,0.03791267765006978
XGB,TSLA,3,2024-07-01,2025-07-01,2025-03-14,3687,5.5213808975708645,-0.0855339097248633,-0.008038236,0.14206562640037834,-0.04906823105489977
XGB,TSLA,3,2024-07-01,2025-07-01,2025-03-17,3688,5.472312666515965,-0.06566688763373918,-0.031502914,0.13370995471554004,-0.054835445634435764
XGB,TSLA,3,2024-07-01,2025-07-01,2025-03-18,3689,5.417477220881529,-0.0398718339222075,-0.06667029,0.19247066931416335,0.04576119036806592
XGB,TSLA,3,2024-07-01,2025-07-01,2025-03-19,3690,5.463238411249595,-0.021296737027116208,-0.036172133,0.11100464573391466,0.0016944590202747634
XGB,TSLA,3,2024-07-01,2025-07-01,2025-03-20,3691,5.46493287026987,-0.00454947854282306,-0.040100638,0.09251277544257608,0.051354715813141105
XGB,TSLA,3,2024-07-01,2025-07-01,2025-03-21,3692,5.516287586083011,0.010603008639251676,-0.027592575,0.07641430914707481,0.11273547481030466
XGB,TSLA,3,2024-07-01,2025-07-01,2025-03-24,3693,5.629023060893315,0.02333992554517117,0.011772015,0.015575454946235467,0.03442346307792743
XGB,TSLA,3,2024-07-01,2025-07-01,2025-03-25,3694,5.663446523971243,0.023839424594680025,0.02714573,-0.07514973048987361,-0.057423902739738075
XGB,TSLA,3,2024-07-01,2025-07-01,2025-03-26,3695,5.606022621231505,0.015965046929633964,0.029175509,-0.12776155326570748,0.003925268964187545
XGB,TSLA,3,2024-07-01,2025-07-01,2025-03-27,3696,5.609947890195692,0.00382799921362853,0.027543364,-0.1576656041322062,-0.03570483321218276
XGB,TSLA,3,2024-07-01,2025-07-01,2025-03-28,3697,5.5742430569835095,-0.010082052362267113,0.02373439,-0.17219650192192937,-0.016797411271063822
XGB,TSLA,3,2024-07-01,2025-07-01,2025-03-31,3698,5.557445645712446,-0.011592694015152283,-0.015472389,0.049091489350735706,0.03525624951763984
XGB,TSLA,3,2024-07-01,2025-07-01,2025-04-01,3699,5.5927018952300855,-0.02094689687199125,0.024571033,-0.06168678874494393,0.051896620609465316
XGB,TSLA,3,2024-07-01,2025-07-01,2025-04-02,3700,5.644598515839551,-0.03488870084291307,0.04414442,-0.11394003529947927,-0.05630172235818165
XGB,TSLA,3,2024-07-01,2025-07-01,2025-04-03,3701,5.588296793481369,-0.04051187826932168,0.021202365,-0.05747975650839088,-0.11003572551557195
XGB,TSLA,3,2024-07-01,2025-07-01,2025-04-04,3702,5.478261067965797,-0.0321682837818873,-0.013732373,0.05950617857267737,-0.025978781902311177
XGB,TSLA,3,2024-07-01,2025-07-01,2025-04-07,3703,5.452282286063486,-0.02544327101774435,-0.029351806,0.0347942175709921,-0.050235731001905926
XGB,TSLA,3,2024-07-01,2025-07-01,2025-04-08,3704,5.40204655506158,-0.013918355246780756,-0.04260358,0.08428445058735257,0.20449058000160125
XGB,TSLA,3,2024-07-01,2025-07-01,2025-04-09,3705,5.606537135063181,-0.019490365007527544,-0.019300181,-0.17938689667217655,-0.0755220285780398
XGB,TSLA,3,2024-07-01,2025-07-01,2025-04-10,3706,5.531015106485142,-0.017336338032540866,-0.034716275,-0.05887048604920597,-0.00035662594507002154
XGB,TSLA,3,2024-07-01,2025-07-01,2025-04-11,3707,5.530658480540072,-0.0106727311374204,-0.022895899,-0.006241912944383365,0.00015855643290674237
XGB,TSLA,3,2024-07-01,2025-07-01,2025-04-14,3708,5.530817036972978,-0.0010331453112453204,-0.04732484,0.027978238166973313,0.006950209565496301
XGB,TSLA,3,2024-07-01,2025-07-01,2025-04-15,3709,5.537767246538475,0.01362209209877463,-0.03101194,0.1145465225817377,-0.050690742903996444
XGB,TSLA,3,2024-07-01,2025-07-01,2025-04-16,3710,5.487076503634478,0.03307541525666036,-0.041701786,0.16849565579723702,-0.0007454979855454624
XGB,TSLA,3,2024-07-01,2025-07-01,2025-04-17,3711,5.486331005648933,0.05456236799827874,-0.03310212,0.1905255268879511,-0.05918076725792787
XGB,TSLA,3,2024-07-01,2025-07-01,2025-04-21,3712,5.427150238391005,0.07677958982651845,-0.029678019,0.21532406051563147,0.04499438204493078
XGB,TSLA,3,2024-07-01,2025-07-01,2025-04-22,3713,5.472144620435936,0.09345429611427125,-0.009834299,0.1645003640686209,0.052271947159752585
XGB,TSLA,3,2024-07-01,2025-07-01,2025-04-23,3714,5.524416567595688,0.10695507115169534,0.009560695,0.1357970581622414,0.03437870754426342
XGB,TSLA,3,2024-07-01,2025-07-01,2025-04-24,3715,5.558795275139952,0.11212866079432526,0.02593149,0.0769225034469958,0.09351849398026069
XGB,TSLA,3,2024-07-01,2025-07-01,2025-04-25,3716,5.652313769120212,0.107336599057545,0.07438455,-0.0342707312453312,0.003258390311502879
XGB,TSLA,3,2024-07-01,2025-07-01,2025-04-28,3717,5.655572159431715,0.10072287944943081,0.056435604,-0.0343745053626181,0.02128437310516862
XGB,TSLA,3,2024-07-01,2025-07-01,2025-04-29,3718,5.676856532536884,0.09447245184167752,0.08236936,-0.02499910503034819,-0.034382233630247505
XGB,TSLA,3,2024-07-01,2025-07-01,2025-04-30,3719,5.642474298906636,0.09668835798303821,0.056567032,0.05549132316998584,-0.005829314402079788
XGB,TSLA,3,2024-07-01,2025-07-01,2025-05-01,3720,5.6366449845045565,0.10396161369047174,0.053293936,0.12660066875886322,0.0235686412533731
XGB,TSLA,3,2024-07-01,2025-07-01,2025-05-02,3721,5.66021362575793,0.11213977525347651,0.058077086,0.1511369480223017,-0.024495847170982188
XGB,TSLA,3,2024-07-01,2025-07-01,2025-05-05,3722,5.6357177785869474,0.1272210140069454,0.046453375,0.2155647168551953,-0.017674740712066317
XGB,TSLA,3,2024-07-01,2025-07-01,2025-05-06,3723,5.618043037874881,0.14273524598927256,0.030461654,0.21916251156864863,0.0031546161942159756
XGB,TSLA,3,2024-07-01,2025-07-01,2025-05-07,3724,5.621197654069097,0.15955537291530142,0.022963183,0.23667838731580648,0.03065977343743853
XGB,TSLA,3,2024-07-01,2025-07-01,2025-05-08,3725,5.651857427506536,0.16793514023148148,0.048278093,0.18321642212573597,0.046108194570086525
XGB,TSLA,3,2024-07-01,2025-07-01,2025-05-09,3726,5.697965622076622,0.1709678572999369,0.06472534,0.14215266383920522,0.0652800311867976
XGB,TSLA,3,2024-07-01,2025-07-01,2025-05-12,3727,5.76324565326342,0.16325705945981905,0.09123652,0.04974989177398559,0.04810492051681159
XGB,TSLA,3,2024-07-01,2025-07-01,2025-05-13,3728,5.811350573780231,0.1531760948275016,0.09695838,0.02064922373220579,0.039931921661911396
XGB,TSLA,3,2024-07-01,2025-07-01,2025-05-14,3729,5.851282495442143,0.13761014760403167,0.11912992,-0.024279951619207374,-0.014076945998612977
XGB,TSLA,3,2024-07-01,2025-07-01,2025-05-15,3730,5.83720554944353,0.13094942750088912,0.08853373,0.05689424896138462,0.020670491941373825
XGB,TSLA,3,2024-07-01,2025-07-01,2025-05-16,3731,5.857876041384904,0.11949815362411886,0.09071614,0.019579572009738477,-0.022802191752631984
XGB,TSLA,3,2024-07-01,2025-07-01,2025-05-19,3732,5.835073849632272,0.11218405557316835,0.06462167,0.04665951288838066,0.0050444362835557754
XGB,TSLA,3,2024-07-01,2025-07-01,2025-05-20,3733,5.840118285915827,0.09934990099613294,0.05094148,0.007649061271450819,-0.027122740878422036
XGB,TSLA,3,2024-07-01,2025-07-01,2025-05-21,3734,5.812995545037405,0.08966247620844836,0.025927251,0.023830710500801544,0.01900425247503179
XGB,TSLA,3,2024-07-01,2025-07-01,2025-05-22,3735,5.831999797512437,0.07821878583894115,0.04176708,0.00942640380978954,-0.004997253689501768
XGB,TSLA,3,2024-07-01,2025-07-01,2025-05-23,3736,5.827002543822935,0.06355841537226414,0.028124072,-0.021717020598843284,0.06709725458197902
XGB,TSLA,3,2024-07-01,2025-07-01,2025-05-27,3737,5.894099798404914,0.04176600069362113,0.06911734,-0.24266376124410094,-0.016644185010272317
XGB,TSLA,3,2024-07-01,2025-07-01,2025-05-28,3738,5.877455613394642,0.02355216277767891,0.04989255,-0.19000574372717338,0.0042777491260102
XGB,TSLA,3,2024-07-01,2025-07-01,2025-05-29,3739,5.881733362520652,0.007597034146262338,0.046424925,-0.14975227702037053,-0.03396601533337407
XGB,TSLA,3,2024-07-01,2025-07-01,2025-05-30,3740,5.847767347187278,0.0010063207209487501,0.020827565,-0.06059394153261177,-0.01094109164907131
XGB,TSLA,3,2024-07-01,2025-07-01,2025-06-02,3741,5.836826255538207,-0.003807337097933683,0.010205199,-0.048610747344509875,0.004599945784019788
XGB,TSLA,3,2024-07-01,2025-07-01,2025-06-03,3742,5.841426201322227,-0.011186494047455753,0.00953422,-0.0758903762945824,-0.03614067809813459
XGB,TSLA,3,2024-07-01,2025-07-01,2025-06-04,3743,5.805285523224092,-0.012099409608989475,-0.009498964,-0.02050695686754178,-0.15384948606327864
XGB,TSLA,3,2024-07-01,2025-07-01,2025-06-05,3744,5.651436037160813,-0.011904251247647046,-0.065989986,0.14501678717220923,0.03601383250665524
XGB,TSLA,3,2024-07-01,2025-07-01,2025-06-06,3745,5.687449869667469,-0.01646525026282397,-0.05020073,0.06939934521897761,0.044531215832813054
XGB,TSLA,3,2024-07-01,2025-07-01,2025-06-09,3746,5.731981085500282,-0.020831040292576652,-0.03876007,0.04272568958846801,0.05519232015438469
XGB,TSLA,3,2024-07-01,2025-07-01,2025-06-10,3747,5.787173405654666,-0.028574749323997395,-0.021005979,-0.012125077744105539,0.0010421025390305871
XGB,TSLA,3,2024-07-01,2025-07-01,2025-06-11,3748,5.788215508193697,-0.024441236727652083,-0.032708537,0.065939066944118,-0.022679683166052733
XGB,TSLA,3,2024-07-01,2025-07-01,2025-06-12,3749,5.765535825027644,-0.0200700103621525,-0.0487184,0.06479119453886018,0.01924274132890602
XGB,TSLA,3,2024-07-01,2025-07-01,2025-06-13,3750,5.78477856635655,-0.021040477414996595,-0.0352627,0.006862111553646244,0.011674257976472369
XGB,TSLA,3,2024-07-01,2025-07-01,2025-06-16,3751,5.796452824333023,-0.02332791659977307,-0.028682377,-0.01023052115058043,-0.03960360944657637
XGB,TSLA,3,2024-07-01,2025-07-01,2025-06-17,3752,5.756849214886446,-0.021945360048900575,-0.042775374,0.022751688134231784,0.017857560202303446
XGB,TSLA,3,2024-07-01,2025-07-01,2025-06-18,3753,5.77470677508875,-0.024572912061668895,-0.050823223,-0.013725135153348056,0.0003415528218111419
XGB,TSLA,3,2024-07-01,2025-07-01,2025-06-20,3754,5.775048327910561,-0.031924167549712834,-0.04000243,-0.06890201114824546,0.07910624722725412
XGB,TSLA,3,2024-07-01,2025-07-01,2025-06-23,3755,5.854154575137815,-0.04235592588987114,0.015935272,-0.09952058966051958,-0.023827555571310555
XGB,TSLA,4,2025-07-01,2026-07-01,2025-07-01,3761,5.706146316762315,-0.05742477578284966,-0.046144094,0.041684971877891996,0.04848766871498
XGB,TSLA,4,2025-07-01,2026-07-01,2025-07-02,3762,5.754633985477295,-0.05225746595256808,-0.03337801,0.003952261959510928,-0.0009508330129008868
XGB,TSLA,4,2025-07-01,2026-07-01,2025-07-03,3763,5.7536831524643945,-0.049474323177648216,-0.038891133,-0.014597890033675398,-0.07030747928005798
XGB,TSLA,4,2025-07-01,2026-07-01,2025-07-07,3764,5.683375673184337,-0.0350771433815984,-0.07371709,0.09015054387096644,0.013080017887538098
XGB,TSLA,4,2025-07-01,2026-07-01,2025-07-08,3765,5.696455691071875,-0.022865608989496522,-0.06907274,0.07001986438798014,-0.0065017078495293035
XGB,TSLA,4,2025-07-01,2026-07-01,2025-07-09,3766,5.689953983222345,-0.0052686557310934745,-0.05903198,0.10807748382182414,0.04619885570668991
XGB,TSLA,4,2025-07-01,2026-07-01,2025-07-10,3767,5.736152838929035,0.004662850752309211,-0.03186063,0.05835352740314104,0.011678449711172156
XGB,TSLA,4,2025-07-01,2026-07-01,2025-07-11,3768,5.747831288640207,0.014301871276852118,-0.023206793,0.05763490659419279,0.010754958796598935
XGB,TSLA,4,2025-07-01,2026-07-01,2025-07-14,3769,5.758586247436806,0.021925412332511662,-0.016624609,0.048234040166325265,-0.019500985006087213
XGB,TSLA,4,2025-07-01,2026-07-01,2025-07-15,3770,5.739085262430719,0.020293618190576623,-0.025155004,-0.017790402673612427,0.03444095462458385
XGB,TSLA,4,2025-07-01,2026-07-01,2025-07-16,3771,5.773526217055303,0.01693566365819077,-0.0032389218,-0.0175941557988466,-0.007050661595448204
XGB,TSLA,4,2025-07-01,2026-07-01,2025-07-17,3772,5.766475555459855,0.017774916946937225,-0.0062792515,0.01916335441856809,0.0315559115843147
XGB,TSLA,4,2025-07-01,2026-07-01,2025-07-18,3773,5.7980314670441695,0.012498504673594368,0.015554497,-0.0259674469671074,-0.00352510071199319
XGB,TSLA,4,2025-07-01,2026-07-01,2025-07-21,3774,5.794506366332176,0.006978699378194619,0.0051715793,-0.029189852775473035,0.010959828902223911
XGB,TSLA,4,2025-07-01,2026-07-01,2025-07-22,3775,5.8054661952344,-0.004597042018430919,0.0003232109,-0.07449020853272525,0.0013540923687314077
XGB,TSLA,4,2025-07-01,2026-07-01,2025-07-23,3776,5.806820287603132,-0.018446933313335023,0.0019536584,-0.09430933424849641,-0.0855254278460249
XGB,TSLA,4,2025-07-01,2026-07-01,2025-07-24,3777,5.721294859757107,-0.01689467926633803,-0.029546767,0.012887518867571224,0.03463720149934968
XGB,TSLA,4,2025-07-01,2026-07-01,2025-07-25,3778,5.755932061256456,-0.019035199404022762,-0.018759128,-0.02349734007301496,0.029706848621966486
XGB,TSLA,4,2025-07-01,2026-07-01,2025-07-28,3779,5.785638909878423,-0.018753764368772963,-0.009105986,-0.017599192195538294,-0.01357488980136079
XGB,TSLA,4,2025-07-01,2026-07-01,2025-07-29,3780,5.772064020077062,-0.015719960065363914,-0.029568387,0.0033256493411268906,-0.006747506520358826
XGB,TSLA,4,2025-07-01,2026-07-01,2025-07-30,3781,5.765316513556703,-0.008527542848978165,-0.027593136,0.032714953487466225,-0.03434052685502831
XGB,TSLA,4,2025-07-01,2026-07-01,2025-07-31,3782,5.730975986701675,0.006705330591035619,-0.04658689,0.09511260873791816,-0.01846503334703975
XGB,TSLA,4,2025-07-01,2026-07-01,2025-08-01,3783,5.712510953354635,0.024796844118052164,-0.055499773,0.11890219486075448,0.021671425270042732
XGB,TSLA,4,2025-07-01,2026-07-01,2025-08-04,3784,5.734182378624678,0.0378537905610381,-0.033210937,0.09293805930745158,-0.0017476574412365053
XGB,TSLA,4,2025-07-01,2026-07-01,2025-08-05,3785,5.732434721183441,0.04799430045246744,-0.035556596,0.08342561686459771,0.03560499649944315
XGB,TSLA,4,2025-07-01,2026-07-01,2025-08-06,3786,5.768039717682885,0.04883919581347573,-0.014128733,0.032748460862721984,0.007349951735304394
XGB,TSLA,4,2025-07-01,2026-07-01,2025-08-07,3787,5.775389669418189,0.05049190347976129,-0.013746242,0.03921837125334804,0.02264179762598051
XGB,TSLA,4,2025-07-01,2026-07-01,2025-08-08,3788,5.7980314670441695,0.04486703763834399,-0.0005831765,-0.0010319180905371539,0.028057128395423625
XGB,TSLA,4,2025-07-01,2026-07-01,2025-08-11,3789,5.826088595439593,0.03241026505564193,0.017218146,-0.04565378810613652,0.005324552775796576
XGB,TSLA,4,2025-07-01,2026-07-01,2025-08-12,3790,5.83141314821539,0.0173667282972918,0.0055268714,-0.06274850725075076,-0.0042927102832601705
XGB,TSLA,4,2025-07-01,2026-07-01,2025-08-13,3791,5.8271204379321295,0.013182350254799857,0.008054515,0.0018546197318469737,-0.01126009988409038
XGB,TSLA,4,2025-07-01,2026-07-01,2025-08-14,3792,5.815860338048039,0.014262561022354348,-0.0038699775,0.032311056843147945,-0.01507215950243257
XGB,TSLA,4,2025-07-01,2026-07-01,2025-08-15,3793,5.800788178545607,0.020739968320478752,-0.015657896,0.061905095507282404,0.013819862125930449
XGB,TSLA,4,2025-07-01,2026-07-01,2025-08-18,3794,5.814608040671537,0.02402914159751912,-0.009413245,0.042181620568412015,-0.017608491717904684
XGB,TSLA,4,2025-07-01,2026-07-01,2025-08-19,3795,5.796999548953632,0.028994266047177142,-0.021236805,0.04938145271942762,-0.016564741620175738
XGB,TSLA,4,2025-07-01,2026-07-01,2025-08-20,3796,5.780434807333457,0.031043449444760896,-0.031392574,0.030316873695095836,-0.01177016636881767
XGB,TSLA,4,2025-07-01,2026-07-01,2025-08-21,3797,5.768664640964639,0.03267804515863304,-0.033298418,0.02848669202154941,0.060310416699337566
XGB,TSLA,4,2025-07-01,2026-07-01,2025-08-22,3798,5.8289750576639765,0.027015255515327574,-0.0068985624,-0.017564650868993503,0.01919633722721059
XGB,TSLA,4,2025-07-01,2026-07-01,2025-08-25,3799,5.848171394891187,0.021031153305030692,0.0044643953,-0.023558683779361544,0.01452187916170189
XGB,TSLA,4,2025-07-01,2026-07-01,2025-08-26,3800,5.862693274052889,0.018373432443230975,0.005530523,-0.00236300540782608,-0.00590361281293994
XGB,TSLA,4,2025-07-01,2026-07-01,2025-08-27,3801,5.856789661239949,0.014292299630531247,0.006216075,-0.009195502171517766,-0.010408659566889078
XGB,TSLA,4,2025-07-01,2026-07-01,2025-08-28,3802,5.84638100167306,0.012257460007149668,-0.0061638663,0.002857322723091471,-0.03562932064450752
XGB,TSLA,4,2025-07-01,2026-07-01,2025-08-29,3803,5.810751681028552,0.016263770978678593,-0.02520374,0.040847192891066086,-0.013600348042364097
XGB,TSLA,4,2025-07-01,2026-07-01,2025-09-02,3804,5.797151332986188,0.028949543820464108,-0.029786339,0.11313026667642401,0.014259073808794653
XGB,TSLA,4,2025-07-01,2026-07-01,2025-09-03,3805,5.811410406794983,0.04286665721864935,-0.023159882,0.16985228399450403,0.01320230431684255
XGB,TSLA,4,2025-07-01,2026-07-01,2025-09-04,3806,5.8246127111118255,0.05805491463020829,-0.020275442,0.191642025642615,0.035717557533237354
XGB,TSLA,4,2025-07-01,2026-07-01,2025-09-05,3807,5.860330268645063,0.07121637254184776,-0.0016003147,0.1837741542060245,-0.012736109576631627
XGB,TSLA,4,2025-07-01,2026-07-01,2025-09-08,3808,5.847594159068431,0.08895490093364433,-0.012414797,0.20651646029251314,0.0016441653277201596
XGB,TSLA,4,2025-07-01,2026-07-01,2025-09-09,3809,5.849238324396151,0.10413486140014516,-0.0051782373,0.18348813510246575,0.0023605495234670926
XGB,TSLA,4,2025-07-01,2026-07-01,2025-09-10,3810,5.8515988739196185,0.1213872532854392,-0.007143827,0.20300479528982596,0.058682725742993824
XGB,TSLA,4,2025-07-01,2026-07-01,2025-09-11,3811,5.910281599662612,0.1338974447104091,-0.00040991086,0.16324666869848947,0.07098109112687467
XGB,TSLA,4,2025-07-01,2026-07-01,2025-09-12,3812,5.981262690789487,0.13851314620580268,0.039709087,0.07282449513015088,0.03499204596495353
XGB,TSLA,4,2025-07-01,2026-07-01,2025-09-15,3813,6.016254736754441,0.14263449698599473,0.054910794,0.07684089956377083,0.027849686096646842
XGB,TSLA,4,2025-07-01,2026-07-01,2025-09-16,3814,6.044104422851087,0.13526011151000272,0.064969726,0.004189351840913957,0.010006196509857013
XGB,TSLA,4,2025-07-01,2026-07-01,2025-09-17,3815,6.054110619360944,0.12908707413777698,0.050863847,0.03357277162855343,-0.021384159862327223
XGB,TSLA,4,2025-07-01,2026-07-01,2025-09-18,3816,6.032726459498617,0.12513862138419451,0.031246144,0.061317219577183835,0.021877209710827294
XGB,TSLA,4,2025-07-01,2026-07-01,2025-09-19,3817,6.0546036692094445,0.11805013973921241,0.03323429,0.042841204180649406,0.01892459915165734
XGB,TSLA,4,2025-07-01,2026-07-01,2025-09-22,3818,6.073528268361102,0.11224685025332537,0.042165354,0.05652359990517386,-0.01944108244146392
XGB,TSLA,4,2025-07-01,2026-07-01,2025-09-23,3819,6.054087185919638,0.10232533508460051,0.021238953,0.023555057429396342,0.03900845039857348
XGB,TSLA,4,2025-07-01,2026-07-01,2025-09-24,3820,6.093095636318211,0.08602052493693879,0.03813681,-0.029705885878408722,-0.04480186162621003
XGB,TSLA,4,2025-07-01,2026-07-01,2025-09-25,3821,6.048293774692001,0.08407699696554438,0.0022424697,0.06815007494295866,0.03938961629749649
XGB,TSLA,4,2025-07-01,2026-07-01,2025-09-26,3822,6.087683390989498,0.07278537197189738,0.02719216,-0.016737840847056873,0.0063602880863031785
XGB,TSLA,4,2025-07-01,2026-07-01,2025-09-29,3823,6.094043679075801,0.06183456624775019,0.024019126,-0.01025066021868426,0.003401194314292866
XGB,TSLA,4,2025-07-01,2026-07-01,2025-09-30,3824,6.097444873390094,0.049457295904361764,0.0019276398,-0.020858213246145674,0.032606994876181794
XGB,TSLA,4,2025-07-01,2026-07-01,2025-10-01,3825,6.130051868266276,0.028646347116886517,0.020372588,-0.10541856150937878,-0.05240962491724144
XGB,TSLA,4,2025-07-01,2026-07-01,2025-10-02,3826,6.077642243349034,0.022937498168492887,-0.009114313,-0.00022939810678757055,-0.014252492909231584
XGB,TSLA,4,2025-07-01,2026-07-01,2025-10-03,3827,6.063389750439803,0.017634018282837616,-0.01507875,-0.00137357013184225,0.053054099195157356
XGB,TSLA,4,2025-07-01,2026-07-01,2025-10-06,3828,6.11644384963496,0.006734364724359843,0.0024227453,-0.040753064425671504,-0.045498299492519045
XGB,TSLA,4,2025-07-01,2026-07-01,2025-10-07,3829,6.070945550142441,-0.0011524996793701447,-0.026380636,-0.0100715516622909,0.012847468714675792
XGB,TSLA,4,2025-07-01,2026-07-01,2025-10-08,3830,6.083793018857117,-0.005834844306920495,-0.02001063,0.001412289795533539,-0.007206358713168548
XGB,TSLA,4,2025-07-01,2026-07-01,2025-10-09,3831,6.076586660143948,-0.005837585407320489,-0.015237239,0.0269334243848256,-0.051953353387051315
XGB,TSLA,4,2025-07-01,2026-07-01,2025-10-10,3832,6.024633306756897,-0.0025669127176000117,-0.04746991,0.06803313465019123,0.052779538485349775
XGB,TSLA,4,2025-07-01,2026-07-01,2025-10-13,3833,6.077412845242247,-0.007684243123105894,-0.019872116,0.0070182311488311555,-0.015396664934286264
XGB,TSLA,4,2025-07-01,2026-07-01,2025-10-14,3834,6.06201618030796,-0.005877888551995447,-0.025670273,0.04496218748188863,0.013674604901328102
XGB,TSLA,4,2025-07-01,2026-07-01,2025-10-15,3835,6.0756907852092885,-0.009854830956269822,-0.019263862,-0.0032916177908113298,-0.014816786729138443
XGB,TSLA,4,2025-07-01,2026-07-01,2025-10-16,3836,6.06087399848015,-0.003972935193883309,-0.023887845,0.05373698312933772,0.02433131017250023
XGB,TSLA,4,2025-07-01,2026-07-01,2025-10-17,3837,6.08520530865265,0.0009241191000821658,-0.019151278,0.047216092276261,0.018314775876123512
XGB,TSLA,4,2025-07-01,2026-07-01,2025-10-20,3838,6.103520084528774,0.0034697653281536844,-0.004492848,0.030983658811906345,-0.010853643121685685
XGB,TSLA,4,2025-07-01,2026-07-01,2025-10-21,3839,6.092666441407088,0.0017144312046415422,-0.0008898757,-0.005664453721568208,-0.008235365016010299
XGB,TSLA,4,2025-07-01,2026-07-01,2025-10-22,3840,6.084431076391078,0.006699713976462185,-0.0037772374,0.03928904448998072,0.022547291398771208
XGB,TSLA,4,2025-07-01,2026-07-01,2025-10-23,3841,6.106978367789849,0.010872056613643544,0.0050122365,0.04228020363507223,-0.034579200371371854
XGB,TSLA,4,2025-07-01,2026-07-01,2025-10-24,3842,6.072399167418477,0.0137077321739838,-0.013299655,0.024010831192778248,0.04221181419101061
XGB,TSLA,4,2025-07-01,2026-07-01,2025-10-27,3843,6.114610981609488,0.014068865181935841,0.023297621,0.021105428997390874,0.01781041931942351
XGB,TSLA,4,2025-07-01,2026-07-01,2025-10-28,3844,6.132421400928911,0.008018101737270023,0.026237812,-0.03230425478124843,0.002082342411768856
XGB,TSLA,4,2025-07-01,2026-07-01,2025-10-29,3845,6.13450374334068,-0.0021457281229135816,0.019722592,-0.07183546280451925,-0.04750175565516024
XGB,TSLA,4,2025-07-01,2026-07-01,2025-10-30,3846,6.08700198768552,-0.0013525857028904298,-0.013685891,0.011589039565940595,0.03671813319553863
XGB,TSLA,4,2025-07-01,2026-07-01,2025-10-31,3847,6.1237201208810585,-0.007381939991343955,-0.0022129328,-0.03780941458802456,0.025538450543862723
XGB,TSLA,4,2025-07-01,2026-07-01,2025-11-03,3848,6.149258571424921,-0.019310937446840093,0.019313483,-0.08407897232021444,-0.05284857281366584
XGB,TSLA,4,2025-07-01,2026-07-01,2025-11-04,3849,6.096409998611255,-0.029591506257893307,-0.0047189905,-0.09998281021673261,0.039306411995623236
XGB,TSLA,4,2025-07-01,2026-07-01,2025-11-05,3850,6.135716410606879,-0.04445209298733843,-0.00932251,-0.13343555597041235,-0.035599264459215796
XGB,TSLA,4,2025-07-01,2026-07-01,2025-11-06,3851,6.100117146147663,-0.05385906873825963,-0.010185184,-0.0865975754217807,-0.03744886561150196
XGB,TSLA,4,2025-07-01,2026-07-01,2025-11-07,3852,6.062668280536161,-0.061194343332967804,-0.02972242,-0.06808360609193542,0.0359227467152996
XGB,TSLA,4,2025-07-01,2026-07-01,2025-11-10,3853,6.0985910272514605,-0.07137953132521258,-0.008804963,-0.09720092624484344,-0.012680320958426528
XGB,TSLA,4,2025-07-01,2026-07-01,2025-11-11,3854,6.085910706293034,-0.08184265468135532,-0.016905181,-0.106442804571933,-0.020731107188327158
XGB,TSLA,4,2025-07-01,2026-07-01,2025-11-12,3855,6.065179599104707,-0.09000725199538717,-0.030475233,-0.09624189594218979,-0.06875241071018401
XGB,TSLA,4,2025-07-01,2026-07-01,2025-11-13,3856,5.996427188394523,-0.08134501208146272,-0.06438853,0.03852778686610758,0.0058536662419435
XGB,TSLA,4,2025-07-01,2026-07-01,2025-11-14,3857,6.002280854636466,-0.07128945693691602,-0.06307613,0.036544249278382956,0.011238716089415846
XGB,TSLA,4,2025-07-01,2026-07-01,2025-11-17,3858,6.013519570725882,-0.059405193504801446,-0.043894652,0.04228032040934693,-0.018934896281656677
XGB,TSLA,4,2025-07-01,2026-07-01,2025-11-18,3859,5.9945846744442255,-0.04340529047425612,-0.060199898,0.0695958361657798,0.006805426562391581
XGB,TSLA,4,2025-07-01,2026-07-01,2025-11-19,3860,6.001390101006617,-0.02834006777650888,-0.060402215,0.06272067014126392,-0.021922199285516086
XGB,TSLA,4,2025-07-01,2026-07-01,2025-11-20,3861,5.979467901721101,-0.011088225790061301,-0.05347382,0.08254827858685942,-0.010530198558583947
XGB,TSLA,4,2025-07-01,2026-07-01,2025-11-21,3862,5.968937703162517,0.011986327520649986,-0.05639201,0.13303904488314267,0.06601727209811337
XGB,TSLA,4,2025-07-01,2026-07-01,2025-11-24,3863,6.03495497526063,0.025707418451365704,-0.0058177398,0.08430894009358525,0.003870128654218874
XGB,TSLA,4,2025-07-01,2026-07-01,2025-11-25,3864,6.038825103914849,0.03829264078109418,-0.006149425,0.08147231503610097,0.016974787220379817
XGB,TSLA,4,2025-07-01,2026-07-01,2025-11-26,3865,6.055799891135229,0.040926949392347645,-0.000850799,0.030019803907161524,0.008380619474776196
XGB,TSLA,4,2025-07-01,2026-07-01,2025-11-28,3866,6.064180510610005,0.04364981491176767,0.011443954,0.034275751239300156,-6.973946212429638e-05
XGB,TSLA,4,2025-07-01,2026-07-01,2025-12-01,3867,6.064110771147881,0.04792366833451123,0.0059757573,0.048353880645215064,-0.002094590839920585
XGB,TSLA,4,2025-07-01,2026-07-01,2025-12-02,3868,6.06201618030796,0.050002378302624884,0.0023452926,0.04029633178915759,0.03996056773769929
XGB,TSLA,4,2025-07-01,2026-07-01,2025-12-03,3869,6.10197674804566,0.05055496397753867,0.019729901,0.02698629362994609,0.01728716730855595
XGB,TSLA,4,2025-07-01,2026-07-01,2025-12-04,3870,6.119263915354216,0.05232585697751535,0.031310584,0.04470330225154662,0.0010335035967345974
XGB,TSLA,4,2025-07-01,2026-07-01,2025-12-05,3871,6.12029741895095,0.05698697334894742,0.022944171,0.07386305416950112,-0.03447772390855963
XGB,TSLA,4,2025-07-01,2026-07-01,2025-12-08,3872,6.085819695042391,0.05995701499958006,0.00990192,0.06106617378318724,0.012636566806914828
XGB,TSLA,4,2025-07-01,2026-07-01,2025-12-09,3873,6.0984562618493054,0.06454607383230737,0.008782282,0.08232613398718502,0.014008389943790611
XGB,TSLA,4,2025-07-01,2026-07-01,2025-12-10,3874,6.112464651793096,0.066369854244269,0.015505624,0.06381835767532262,-0.010152139695978057
XGB,TSLA,4,2025-07-01,2026-07-01,2025-12-11,3875,6.102312512097118,0.07210489956573252,0.0025940884,0.08949770012841007,0.02665052957848779
XGB,TSLA,4,2025-07-01,2026-07-01,2025-12-12,3876,6.128963041675606,0.072427097362187,0.007271901,0.05633981732597526,0.03500417593015648
XGB,TSLA,4,2025-07-01,2026-07-01,2025-12-15,3877,6.163967217605762,0.0680652124775385,0.02880371,0.02100606311254083,0.0301932555146891
XGB,TSLA,4,2025-07-01,2026-07-01,2025-12-16,3878,6.194160473120451,0.056095082859127565,0.04528136,-0.030445743926735602,-0.04727460429487351
XGB,TSLA,4,2025-07-01,2026-07-01,2025-12-17,3879,6.146885868825578,0.047322842059858594,0.012938502,-0.016442262566775057,0.033896527010912614
XGB,TSLA,4,2025-07-01,2026-07-01,2025-12-18,3880,6.1807823958364905,0.03264573570780449,0.01903216,-0.0617385255994618,-0.004499386368071789
XGB,TSLA,4,2025-07-01,2026-07-01,2025-12-19,3881,6.176283009468419,0.016725295935438922,0.021207826,-0.0676578398724974,0.015527202757109393
XGB,TSLA,4,2025-07-01,2026-07-01,2025-12-22,3882,6.191810212225528,-0.004192143416918981,0.0148305865,-0.10943148054762819,-0.006507353223947021
XGB,TSLA,4,2025-07-01,2026-07-01,2025-12-23,3883,6.185302859001581,-0.01705165681507914,0.008821371,-0.07235100458023958,-0.0003295782832779537
XGB,TSLA,4,2025-07-01,2026-07-01,2025-12-24,3884,6.184973280718303,-0.03346461439993487,-0.004650629,-0.11432795547193386,-0.021258551524587332
XGB,TSLA,4,2025-07-01,2026-07-01,2025-12-26,3885,6.163714729193716,-0.04618992979442904,-0.019118758,-0.0966558066755514,-0.03327112293491297
XGB,TSLA,4,2025-07-01,2026-07-01,2025-12-29,3886,6.130443606258803,-0.051773313063123716,-0.030191978,-0.053260211758910714,-0.011399736021774132
XGB,TSLA,4,2025-07-01,2026-07-01,2025-12-30,3887,6.119043870237029,-0.05099101587000021,-0.03326667,-0.020947094468434457,-0.010418700641107392
XGB,TSLA,4,2025-07-01,2026-07-01,2025-12-31,3888,6.108625169595921,-0.046434570754314564,-0.032619275,-0.0016913917145275903,-0.026246437918021392
XGB,TSLA,4,2025-07-01,2026-07-01,2026-01-02,3889,6.0823787316779,-0.03897714088135373,-0.047972746,0.020627217459570524,0.030573122743441594
XGB,TSLA,4,2025-07-01,2026-07-01,2026-01-05,3890,6.1129518544213415,-0.04065741246270438,-0.026125867,-0.027996936432233888,-0.04230652917497224
XGB,TSLA,4,2025-07-01,2026-07-01,2026-01-06,3891,6.070645325246369,-0.037527914192693856,-0.044495903,0.012874125645492285,-0.003586402728204874
XGB,TSLA,4,2025-07-01,2026-07-01,2026-01-07,3892,6.067058922518164,-0.033198014932422915,-0.04322314,0.014017783279504314,0.010124471981727723
XGB,TSLA,4,2025-07-01,2026-07-01,2026-01-08,3893,6.077183394499892,-0.03530475331517646,-0.03533603,-0.038715993796573756,0.020913381268702125
XGB,TSLA,4,2025-07-01,2026-07-01,2026-01-09,3894,6.098096775768594,-0.03612403526456642,-0.022786494,-0.030968319080884044,0.008837002112799475
XGB,TSLA,4,2025-07-01,2026-07-01,2026-01-12,3895,6.106933777881394,-0.032903429017617114,-0.009195628,0.0008905377443371165,-0.003927828743923278
XGB,TSLA,4,2025-07-01,2026-07-01,2026-01-13,3896,6.10300594913747,-0.028684433706707146,-0.010847378,0.004150554529880779,-0.018051031148362817
XGB,TSLA,4,2025-07-01,2026-07-01,2026-01-14,3897,6.084954917989108,-0.025893875345926354,-0.013885476,-0.009149194398130334,-0.0014354670972460681
XGB,TSLA,4,2025-07-01,2026-07-01,2026-01-15,3898,6.0835194508918615,-0.024513623019875475,-0.015981786,-0.017643420434644952,-0.002442745094192844
XGB,TSLA,4,2025-07-01,2026-07-01,2026-01-16,3899,6.081076705797669,-0.022714583765843344,-0.018874628,-0.013901919259878603,-0.04260930509435035
XGB,TSLA,4,2025-07-01,2026-07-01,2026-01-20,3900,6.038467400703318,-0.0206528643488042,-0.034183074,-0.006436897709550138,0.028661055984391837
XGB,TSLA,4,2025-07-01,2026-07-01,2026-01-21,3901,6.06712845668771,-0.01831366707266202,-0.021583693,-0.0023902054008813067,0.040695858938020635
XGB,TSLA,4,2025-07-01,2026-07-01,2026-01-22,3902,6.107824315625731,-0.02424715137375877,0.0040446594,-0.06326934573156873,-0.000667811958379616
XGB,TSLA,4,2025-07-01,2026-07-01,2026-01-23,3903,6.107156503667351,-0.03019498627648254,-0.0014006721,-0.06224600110429268,-0.03135078007637393
XGB,TSLA,4,2025-07-01,2026-07-01,2026-01-26,3904,6.075805723590977,-0.036512369874023065,-0.02348287,-0.06942790969802903,-0.009929693133760686
XGB,TSLA,4,2025-07-01,2026-07-01,2026-01-27,3905,6.065876030457217,-0.04412181063976739,-0.015195993,-0.08141094388183223,0.0012987560805735043
XGB,TSLA,4,2025-07-01,2026-07-01,2026-01-28,3906,6.06717478653779,-0.04612809543650975,-0.02376014,-0.048314003579480236,-0.03514428354402188
XGB,TSLA,4,2025-07-01,2026-07-01,2026-01-29,3907,6.032030502993768,-0.04075216213110622,-0.035285905,0.001822828156606171,0.03270774829306067
XGB,TSLA,4,2025-07-01,2026-07-01,2026-01-30,3908,6.064738251286829,-0.03746629939726631,-0.022951722,-0.012155106847048458,-0.020183281392666785
XGB,TSLA,4,2025-07-01,2026-07-01,2026-02-02,3909,6.044554969894162,-0.029916103235454017,-0.028408647,0.015198842259705359,0.00035553266889643
XGB,TSLA,4,2025-07-01,2026-07-01,2026-02-03,3910,6.0449105025630585,-0.027270503736114726,-0.027749158,-0.011656411583568449,-0.03853268867011028
XGB,TSLA,4,2025-07-01,2026-07-01,2026-02-04,3911,6.006377813892948,-0.019292913590832406,-0.055179242,0.027763013343990117,-0.021912727317563885
XGB,TSLA,4,2025-07-01,2026-07-01,2026-02-05,3912,5.984465086575384,-0.011354475265361152,-0.053834274,0.03322749104050615,0.0343956963829255
XGB,TSLA,4,2025-07-01,2026-07-01,2026-02-06,3913,6.01886078295831,-0.008677643027683146,-0.0309144,0.000510735209299007,0.014992548192064525
XGB,TSLA,4,2025-07-01,2026-07-01,2026-02-09,3914,6.033853331150374,-0.008051178336196507,-0.024410455,-0.013534133892999733,0.01872981328940604
XGB,TSLA,4,2025-07-01,2026-07-01,2026-02-10,3915,6.05258314443978,-0.01028840849433088,-0.017819334,-0.03199676597477996,0.007170667714087031
XGB,TSLA,4,2025-07-01,2026-07-01,2026-02-11,3916,6.059753812153867,-0.019300311555856098,-0.015006762,-0.06871438896759141,-0.026499721174377378
XGB,TSLA,4,2025-07-01,2026-07-01,2026-02-12,3917,6.03325409097949,-0.018964960449259216,-0.019334203,-0.018610258996767826,0.000886736257448284
XGB,TSLA,4,2025-07-01,2026-07-01,2026-02-13,3918,6.034140827236938,-0.015695913109923687,-0.026989494,-9.584721653954631e-05,-0.01644824962104785
XGB,TSLA,4,2025-07-01,2026-07-01,2026-02-17,3919,6.0176925776158905,-0.013528284764507958,-0.030218793,-0.005004876920778223,0.0016789405517183553
XGB,TSLA,4,2025-07-01,2026-07-01,2026-02-18,3920,6.019371518167609,-0.01446007125946025,-0.02727379,-0.02165155263529961,0.000947679089765785
XGB,TSLA,4,2025-07-01,2026-07-01,2026-02-19,3921,6.020319197257375,-0.015268129820981358,-0.029286668,-0.02058888757253996,0.00026718120762581066
XGB,TSLA,4,2025-07-01,2026-07-01,2026-02-20,3922,6.020586378465,-0.02073767980746677,-0.025491243,-0.048228219760513724,-0.02954695527872442
XGB,TSLA,4,2025-07-01,2026-07-01,2026-02-23,3923,5.991039423186276,-0.01502002083727394,-0.039530054,0.015165948257409134,0.023604408796446208
XGB,TSLA,4,2025-07-01,2026-07-01,2026-02-24,3924,6.014643831982722,-0.013872698904551228,-0.020655163,-0.009399691566310153,0.019401148037676563
XGB,TSLA,4,2025-07-01,2026-07-01,2026-02-25,3925,6.034044980020399,-0.01964438446024186,-0.0053947973,-0.05078900377010154,-0.021357279325286527
XGB,TSLA,4,2025-07-01,2026-07-01,2026-02-26,3926,6.012687700695112,-0.020496599641196767,-0.020241048,-0.0245286289670279,-0.01496773516280303
XGB,TSLA,4,2025-07-01,2026-07-01,2026-02-27,3927,5.997719965532309,-0.0184097359936386,-0.017806696,-0.008157250174461339,0.002010344152525434
XGB,TSLA,4,2025-07-01,2026-07-01,2026-03-02,3928,5.999730309684835,-0.013065105105248165,-0.020632042,0.011095608861206863,-0.027372150980347953
XGB,TSLA,4,2025-07-01,2026-07-01,2026-03-03,3929,5.972358158704487,-0.009312041592044906,-0.034777652,0.006552947054350611,0.03384721273919844
XGB,TSLA,4,2025-07-01,2026-07-01,2026-03-04,3930,6.006205371443685,-0.012975563059472783,-0.01959401,-0.03698640207895565,-0.0009612310272730795
XGB,TSLA,4,2025-07-01,2026-07-01,2026-03-05,3931,6.005244140416412,-0.014534637577594545,-0.015874915,-0.024941664186647117,-0.02198816416611482
XGB,TSLA,4,2025-07-01,2026-07-01,2026-03-06,3932,5.983255976250297,-0.010622737478905186,-0.02431585,0.00638187600023965,0.004903095477787112
XGB,TSLA,4,2025-07-01,2026-07-01,2026-03-09,3933,5.988159071728084,-0.01096123858058462,-0.023630831,-0.01490941614886232,0.001403643629763529
XGB,TSLA,4,2025-07-01,2026-07-01,2026-03-10,3934,5.989562715357848,-0.01666541123967402,-0.023941992,-0.04860233252205948,0.021263203188193636
XGB,TSLA,4,2025-07-01,2026-07-01,2026-03-11,3935,6.0108259185460415,-0.029923499739687998,-0.0015074216,-0.10285170515950615,-0.031914812787204205
XGB,TSLA,4,2025-07-01,2026-07-01,2026-03-12,3936,5.978911105758837,-0.03161891528423144,-0.02321498,-0.036505492914004734,-0.00969213639410782
XGB,TSLA,4,2025-07-01,2026-07-01,2026-03-13,3937,5.9692189693647295,-0.030844913243014638,-0.022255957,-0.021105657456879534,0.011083506865035453
XGB,TSLA,4,2025-07-01,2026-07-01,2026-03-16,3938,5.980302476229765,-0.03078645036525529,-0.0130964685,-0.024594617205372593,0.009335376020771946
XGB,TSLA,4,2025-07-01,2026-07-01,2026-03-17,3939,5.989637852250537,-0.03777925057838605,-0.004521164,-0.07044838212885018,-0.01638819667131486
XGB,TSLA,4,2025-07-01,2026-07-01,2026-03-18,3940,5.973249655579222,-0.044962873956348126,-0.016610913,-0.08207520442657845,-0.03228927274343363
XGB,TSLA,4,2025-07-01,2026-07-01,2026-03-19,3941,5.940960382835788,-0.04958208213962845,-0.024326669,-0.06805417528783231,-0.03298616944925303
XGB,TSLA,4,2025-07-01,2026-07-01,2026-03-20,3942,5.907974213386535,-0.04313151163991069,-0.037011866,0.010247371953728823,0.03443139945829721
XGB,TSLA,4,2025-07-01,2026-07-01,2026-03-23,3943,5.942405612844833,-0.03878809537415062,-0.016847681,0.0010759698550799612,0.00570769906301738
XGB,TSLA,4,2025-07-01,2026-07-01,2026-03-24,3944,5.94811331190785,-0.04174617690239568,-0.021100704,-0.06037174323755501,0.007594547116542394
XGB,TSLA,4,2025-07-01,2026-07-01,2026-03-25,3945,5.955707859024392,-0.04852525191921675,-0.02281593,-0.08974982639705242,-0.036518388902705645
XGB,TSLA,4,2025-07-01,2026-07-01,2026-03-26,3946,5.919189470121687,-0.0522253960173078,-0.040817592,-0.07087386234032866,-0.028015018969043126
XGB,TSLA,4,2025-07-01,2026-07-01,2026-03-27,3947,5.891174451152644,-0.053728844213725147,-0.046370782,-0.05271540650456341,-0.018268243604687484
XGB,TSLA,4,2025-07-01,2026-07-01,2026-03-30,3948,5.872906207547956,-0.051453063935807286,-0.052038874,-0.027566316049801642,0.0453153777923081
XGB,TSLA,4,2025-07-01,2026-07-01,2026-03-31,3949,5.918221585340264,-0.054280446175829056,-0.023550147,-0.06329290489492578,0.025259997359648345
XGB,TSLA,4,2025-07-01,2026-07-01,2026-04-01,3950,5.943481582699913,-0.05811555364632781,-0.01907,-0.07865789845781812,-0.05574001402961759
XGB,TSLA,4,2025-07-01,2026-07-01,2026-04-02,3951,5.887741568670295,-0.05013802809618895,-0.03874573,0.009961632140596421,-0.02178353604295502
XGB,TSLA,4,2025-07-01,2026-07-01,2026-04-06,3952,5.86595803262734,-0.03562249109550386,-0.058377,0.10517627915174899,-0.017642424845981886
XGB,TSLA,4,2025-07-01,2026-07-01,2026-04-07,3953,5.848315607781358,-0.01837233184007303,-0.05615369,0.1150066176860376,-0.009856563133277874
XGB,TSLA,4,2025-07-01,2026-07-01,2026-04-08,3954,5.83845904464808,0.003685126170680064,-0.06131394,0.15455429026161216,0.006880846850074285
XGB,TSLA,4,2025-07-01,2026-07-01,2026-04-09,3955,5.8453398914981545,0.022295682692491603,-0.05061205,0.12719664572430833,0.009588788947183957
XGB,TSLA,4,2025-07-01,2026-07-01,2026-04-10,3956,5.854928680445338,0.03680791393408622,-0.044018444,0.10199621513696489,0.009895003796756008
XGB,TSLA,4,2025-07-01,2026-07-01,2026-04-13,3957,5.864823684242094,0.04935779545366259,-0.035440993,0.09491799587090188,0.03287951656879695
XGB,TSLA,4,2025-07-01,2026-07-01,2026-04-14,3958,5.897703200810891,0.050055404824048466,0.004942744,0.025803656380221085,0.07343111096819754
XGB,TSLA,4,2025-07-01,2026-07-01,2026-04-15,3959,5.971134311779089,0.04738055141932307,0.028125644,-0.04074764661932395,-0.007812086311693278
XGB,TSLA,4,2025-07-01,2026-07-01,2026-04-16,3960,5.963322225467396,0.04474385317631935,0.027401565,-0.026657076615998143,0.029691109442296693
XGB,TSLA,4,2025-07-01,2026-07-01,2026-04-17,3961,5.993013334909692,0.03680945730372809,0.050706234,-0.06337103066245753,-0.020476797687229542
XGB,TSLA,4,2025-07-01,2026-07-01,2026-04-20,3962,5.972536537222463,0.028831444419537,0.025246628,-0.051494487155209434,-0.01561164164015949
XGB,TSLA,4,2025-07-01,2026-07-01,2026-04-21,3963,5.956924895582303,0.026278625368091113,0.015907617,-0.012473329951450118,0.002816784530693006
XGB,TSLA,4,2025-07-01,2026-07-01,2026-04-22,3964,5.959741680112996,0.026230457216332326,0.0030259185,0.008505434559445746,-0.03623482292188385
XGB,TSLA,4,2025-07-01,2026-07-01,2026-04-23,3965,5.9235068571911125,0.03249524098229628,-0.01130779,0.049055182293744615,0.006879807968652507
XGB,TSLA,4,2025-07-01,2026-07-01,2026-04-24,3966,5.930386665159765,0.03534607691040037,-0.018388163,0.03414337066772344,0.00627848369163253
XGB,TSLA,4,2025-07-01,2026-07-01,2026-04-27,3967,5.9366651488513975,0.04038053439217215,-0.034369085,0.051619374803255624,-0.007022844604162692
XGB,TSLA,4,2025-07-01,2026-07-01,2026-04-28,3968,5.929642304247235,0.05011613242684909,-0.026148118,0.09087122716944851,-0.008600254179981448
XGB,TSLA,4,2025-07-01,2026-07-01,2026-04-29,3969,5.921042050067253,0.06453234176287292,-0.033668563,0.13889858259169774,0.023409515563599825
XGB,TSLA,4,2025-07-01,2026-07-01,2026-04-30,3970,5.944451565630853,0.07771542163202572,-0.016844572,0.15362271653538695,0.02379554904158887
XGB,TSLA,4,2025-07-01,2026-07-01,2026-05-01,3971,5.968247114672442,0.08328246280749596,-0.0014482735,0.10352936280469649,0.004314924812415022
XGB,TSLA,4,2025-07-01,2026-07-01,2026-05-04,3972,5.972562039484857,0.09113083336983951,-0.010281855,0.12611877558776108,-0.00803200365736867
XGB,TSLA,4,2025-07-01,2026-07-01,2026-05-05,3973,5.964530035827488,0.10009672904219702,-0.009301312,0.12971667838679135,0.023754487827164716
XGB,TSLA,4,2025-07-01,2026-07-01,2026-05-06,3974,5.988284523654653,0.0974193030307191,0.006546897,0.05728932597222247,0.03222900776203019
XGB,TSLA,4,2025-07-01,2026-07-01,2026-05-07,3975,6.020513531416683,0.08694490218984008,0.0144102285,-0.004380786078858279,0.03942710124226778
XGB,TSLA,4,2025-07-01,2026-07-01,2026-05-08,3976,6.059940632658951,0.07046907246933465,0.03457566,-0.05825355077943506,0.038133649507289036
XGB,TSLA,4,2025-07-01,2026-07-01,2026-05-11,3977,6.09807428216624,0.05532298807245617,0.04753703,-0.0643647300603396,-0.02629780468910159
XGB,TSLA,4,2025-07-01,2026-07-01,2026-05-12,3978,6.071776477477139,0.043678366161125304,0.01908456,-0.03665394642273956,0.02690433759547961
XGB,TSLA,4,2025-07-01,2026-07-01,2026-05-13,3979,6.098680815072618,0.031776306789446096,0.037121814,-0.044217971976894255,-0.004434100858338397
XGB,TSLA,4,2025-07-01,2026-07-01,2026-05-14,3980,6.09424671421428,0.023030762129663707,0.018412635,-0.02214733553143855,-0.04867286458740416
XGB,TSLA,4,2025-07-01,2026-07-01,2026-05-15,3981,6.045573849626876,0.024363578463890256,-0.004061402,0.04201869131063951,-0.029441104289050557
XGB,TSLA,4,2025-07-01,2026-07-01,2026-05-18,3982,6.016132745337825,0.029783581659992286,-0.024073113,0.07540336930010749,-0.014445663458309
XGB,TSLA,4,2025-07-01,2026-07-01,2026-05-19,3983,6.001687081879516,0.03450553273337498,-0.0318919,0.07547341366997706,0.03202247022638449
XGB,TSLA,4,2025-07-01,2026-07-01,2026-05-20,3984,6.0337095521059005,0.028667581631926176,-0.0065463674,-0.0033127832552146685,0.0014129789484984556
XGB,TSLA,4,2025-07-01,2026-07-01,2026-05-21,3985,6.035122531054399,0.025782200374047548,-0.022441125,0.013997505495479068,0.019340312041324914
XGB,TSLA,4,2025-07-01,2026-07-01,2026-05-22,3986,6.054462843095724,0.019870588643489562,-0.020899978,-0.005437156652657649,0.017636535587117308
XGB,TSLA,4,2025-07-01,2026-07-01,2026-05-26,3987,6.072099378682841,0.009462219127034821,-0.015026793,-0.03554194103193975,0.015493162254673898
XGB,TSLA,4,2025-07-01,2026-07-01,2026-05-27,3988,6.087592540937515,-0.006398637690820941,-0.0035034737,-0.11888498095214928,0.003943573700417424
XGB,TSLA,4,2025-07-01,2026-07-01,2026-05-28,3989,6.0915361146379325,-0.01692332883346559,-0.011277031,-0.07794318560725877,-0.014375619088439429
XGB,TSLA,4,2025-07-01,2026-07-01,2026-05-29,3990,6.077160495549493,-0.027265559176640863,-0.015680742,-0.09403060369536576,-0.04676372669880724
XGB,TSLA,4,2025-07-01,2026-07-01,2026-06-01,3991,6.030396768850686,-0.035019134093606574,-0.03585837,-0.08605004466763155,0.018723267699192192
XGB,TSLA,4,2025-07-01,2026-07-01,2026-06-02,3992,6.049120036549878,-0.03973636982716666,-0.025061233,-0.05978276574935304,-9.435010681180245e-05
XGB,TSLA,4,2025-07-01,2026-07-01,2026-06-03,3993,6.049025686443066,-0.04209739414811331,-0.024578732,-0.04161399202649907,-0.012468248792164793
XGB,TSLA,4,2025-07-01,2026-07-01,2026-06-04,3994,6.0365574376509015,-0.04072341210958541,-0.026711965,-0.017599341078982533,-0.06784987766553563
XGB,TSLA,4,2025-07-01,2026-07-01,2026-06-05,3995,5.968707559985366,-0.03765151024087565,-0.06433385,0.03433965741552658,0.04488536904530793
XGB,TSLA,4,2025-07-01,2026-07-01,2026-06-08,3996,6.013592929030674,-0.042260775267106254,-0.042587474,-0.031219569615958065,-0.030463037176546415
XGB,TSLA,4,2025-07-01,2026-07-01,2026-06-09,3997,5.983129891854127,-0.041465223411749186,-0.06004165,0.009558881169355438,-0.03878316767107304
XGB,TSLA,4,2025-07-01,2026-07-01,2026-06-10,3998,5.944346724183054,-0.03444690782029092,-0.066021904,0.05966376195634826,0.044990546617470706
XGB,TSLA,4,2025-07-01,2026-07-01,2026-06-11,3999,5.989337270800525,-0.038940106897222826,-0.057653595,-0.04493816450490229,0.018074423616042168
XGB,TSLA,4,2025-07-01,2026-07-01,2026-06-12,4000,6.007411694416567,-0.046991424828583206,-0.0250552,-0.07907333617893908,0.011546402155351743
XGB,TSLA,4,2025-07-01,2026-07-01,2026-06-15,4001,6.018958096571919,-0.056211753450334356,-0.024544984,-0.09171213480725626,-0.015910879171026515
XGB,TSLA,4,2025-07-01,2026-07-01,2026-06-16,4002,6.003047217400892,-0.06069513351863609,-0.023671558,-0.06363943643223635,-0.020673857986176714
XGB,TSLA,4,2025-07-01,2026-07-01,2026-06-17,4003,5.982373359414716,-0.05200646070310544,-0.029121287,0.038261556100978034,0.010315413608767088
XGB,TSLA,4,2025-07-01,2026-07-01,2026-06-18,4004,5.992688773023483,-0.04220068143955569,-0.017045997,0.04899350475656572,0.011321713115919785
XGB,TSLA,4,2025-07-01,2026-07-01,2026-06-22,4005,6.004010486139403,-0.03243275055204098,-0.008496342,0.04878428741801866,-0.059611379843779844
XGB,TSLA,4,2025-07-01,2026-07-01,2026-06-23,4006,5.944399106295623,-0.02535881971025944,-0.034001317,0.030554919710992223,-0.016060748057994623
XGB,FTSE,0,2021-07-01,2022-07-01,2021-07-01,2766,8.87139310232984,0.0006560818872376473,0.000677265,2.8027876707525934e-05,-0.00026674957171124447
XGB,FTSE,0,2021-07-01,2022-07-01,2021-07-02,2767,8.871126352758129,0.0005693641085944279,0.001750921,0.0001965736425475484,0.0058230170428092975
XGB,FTSE,0,2021-07-01,2022-07-01,2021-07-05,2768,8.876949369800938,-0.0009457632842249097,0.007062394,-0.01033948458514189,-0.008972567994250724
XGB,FTSE,0,2021-07-01,2022-07-01,2021-07-06,2769,8.867976801806687,-0.002427244891432423,-0.0015375051,-0.012598555765562125,0.00703068424170894
XGB,FTSE,0,2021-07-01,2022-07-01,2021-07-07,2770,8.875007486048396,-0.005013243629973019,0.004758809,-0.020185570192815305,-0.016965905163354833
XGB,FTSE,0,2021-07-01,2022-07-01,2021-07-08,2771,8.858041580885041,-0.006898110719985695,-0.0058227857,-0.026855516495277953,0.012888228142280411
XGB,FTSE,0,2021-07-01,2022-07-01,2021-07-09,2772,8.870929809027322,-0.009857343166221,0.0012261643,-0.03439599296708984,0.0004913211792256789
XGB,FTSE,0,2021-07-01,2022-07-01,2021-07-12,2773,8.871421130206548,-0.011149066769641891,0.0013508141,-0.017998616715090066,-9.820380587122202e-05
XGB,FTSE,0,2021-07-01,2022-07-01,2021-07-13,2774,8.871322926400676,-0.012829451700442362,0.0006521513,-0.022196382862883723,-0.00471304118488014
XGB,FTSE,0,2021-07-01,2022-07-01,2021-07-14,2775,8.866609885215796,-0.013002934132877897,-0.0005840795,-0.009009338828795066,-0.01123163917467096
XGB,FTSE,0,2021-07-01,2022-07-01,2021-07-15,2776,8.855378246041125,-0.011841430039865486,-0.010606055,0.0019091721411541585,-0.0005563301855442404
XGB,FTSE,0,2021-07-01,2022-07-01,2021-07-16,2777,8.854821915855581,-0.010962621425152363,-0.0072692772,-0.0017137719783573147,-0.02363585146581748
XGB,FTSE,0,2021-07-01,2022-07-01,2021-07-19,2778,8.831186064389764,-0.008473013542154462,-0.012482031,0.024847998737756782,0.005347751670468526
XGB,FTSE,0,2021-07-01,2022-07-01,2021-07-20,2779,8.836533816060232,-0.004957392172823205,-0.008511377,0.028269342591300983,0.016888697431225452
XGB,FTSE,0,2021-07-01,2022-07-01,2021-07-21,2780,8.853422513491457,-0.004020178041075795,-0.005564859,0.004846559305963893,-0.00429596995366488
XGB,FTSE,0,2021-07-01,2022-07-01,2021-07-22,2781,8.849126543537793,-0.0016452403968880702,-0.0042760274,0.016142754901700584,0.008474002849208517
XGB,FTSE,0,2021-07-01,2022-07-01,2021-07-23,2782,8.857600546387001,0.00038210799337434764,-0.0016048877,0.01105203894543294,-0.0003131282047217354
XGB,FTSE,0,2021-07-01,2022-07-01,2021-07-26,2783,8.85728741818228,0.0027541418680900875,0.000835925,0.013923175362663187,-0.0041792743050557135
XGB,FTSE,0,2021-07-01,2022-07-01,2021-07-27,2784,8.853108143877224,0.005416471173584014,-0.0022189987,0.0176110250110586,0.002925919250296616
XGB,FTSE,0,2021-07-01,2022-07-01,2021-07-28,2785,8.85603406312752,0.007573048136189087,-0.00041168174,0.015050200850833306,0.008769095524012727
XGB,FTSE,0,2021-07-01,2022-07-01,2021-07-29,2786,8.864803158651533,0.008587587981040201,0.005856832,0.0075858559997961095,-0.0065340858541116376
XGB,FTSE,0,2021-07-01,2022-07-01,2021-07-30,2787,8.858269072797421,0.010981407615396677,-0.0018024815,0.018135842209519026,0.007000225642071811
XGB,FTSE,0,2021-07-01,2022-07-01,2021-08-02,2788,8.865269298439493,0.013258495660304348,0.002314846,0.019354797292583825,0.0033832868929408733
XGB,FTSE,0,2021-07-01,2022-07-01,2021-08-03,2789,8.868652585332434,0.014094550141713569,0.0054791835,0.012238856110988294,0.0025580082125085113
XGB,FTSE,0,2021-07-01,2022-07-01,2021-08-04,2790,8.871210593544943,0.014918535267625543,0.007451644,0.013219593784810968,-0.0004914246566602998
XGB,FTSE,0,2021-07-01,2022-07-01,2021-08-05,2791,8.870719168888282,0.014011205885333666,0.0066017103,0.004707750930680987,0.00036509509007132124
XGB,FTSE,0,2021-07-01,2022-07-01,2021-08-06,2792,8.871084263978354,0.013627318170968294,0.008719057,0.008123603271165791,0.0013047506729755298
XGB,FTSE,0,2021-07-01,2022-07-01,2021-08-09,2793,8.87238901465133,0.01272316895324721,0.006963824,0.005174257923654224,0.004015900355611279
XGB,FTSE,0,2021-07-01,2022-07-01,2021-08-10,2794,8.87640491500694,0.009424784295040567,0.0087128505,-0.014360417858805263,0.00821918072513661
XGB,FTSE,0,2021-07-01,2022-07-01,2021-08-11,2795,8.884624095732077,0.005578990175743925,0.010977675,-0.018479725676710856,-0.0037326542886546576
XGB,FTSE,0,2021-07-01,2022-07-01,2021-08-12,2796,8.880891441443422,0.0029414638548033167,0.008087762,-0.011774575513939567,0.003538745886331185
XGB,FTSE,0,2021-07-01,2022-07-01,2021-08-13,2797,8.884430187329754,0.00020976180150533708,0.008345798,-0.01295293520335683,-0.00900326751079028
XGB,FTSE,0,2021-07-01,2022-07-01,2021-08-16,2798,8.875426919818963,-0.00016034867524439278,0.0015997136,-0.0005452845567024411,0.0037809474305561253
XGB,FTSE,0,2021-07-01,2022-07-01,2021-08-17,2799,8.87920786724952,-0.0016626630450993218,0.0061458596,-0.007842862112667603,-0.0016445946745360374
XGB,FTSE,0,2021-07-01,2022-07-01,2021-08-18,2800,8.877563272574983,-0.0022106652403746097,0.004323454,-0.0029753962956640123,-0.015518775426848208
XGB,FTSE,0,2021-07-01,2022-07-01,2021-08-19,2801,8.862044497148135,-0.0016199757103994017,-0.0056177233,0.0085763989714156,0.004099872907231017
XGB,FTSE,0,2021-07-01,2022-07-01,2021-08-20,2802,8.866144370055366,-0.0006166635038304946,-0.0029940573,0.00869526589629288,0.002972495874116632
XGB,FTSE,0,2021-07-01,2022-07-01,2021-08-23,2803,8.869116865929483,0.00040288929246301564,-0.0026435293,0.007692924839679094,0.0023603861969139217
XGB,FTSE,0,2021-07-01,2022-07-01,2021-08-24,2804,8.871477252126397,0.0003918394585369356,0.0007178712,0.0017666747791338366,0.0034043831358641086
XGB,FTSE,0,2021-07-01,2022-07-01,2021-08-25,2805,8.87488163526226,0.0010983728233355805,0.0045510735,0.005175337016854797,-0.003516630125409037
XGB,FTSE,0,2021-07-01,2022-07-01,2021-08-26,2806,8.871365005136852,0.0014145909431348969,0.0014643276,0.003418697286770467,0.003222871142467554
XGB,FTSE,0,2021-07-01,2022-07-01,2021-08-27,2807,8.87458787627932,2.1373434194060792e-05,0.0046566837,-0.0073718170047278875,-0.003966980159768596
XGB,FTSE,0,2021-07-01,2022-07-01,2021-08-31,2808,8.87062089611955,-0.0016973367968855513,0.003855018,-0.01350425960021262,0.004218739832108298
XGB,FTSE,0,2021-07-01,2022-07-01,2021-09-01,2809,8.874839635951659,-0.004196545789664441,0.0070874994,-0.017011427845089244,0.001970154817502845
XGB,FTSE,0,2021-07-01,2022-07-01,2021-09-02,2810,8.876809790769162,-0.00602954598519112,0.006659942,-0.01342037965115317,-0.0035658638636313356
XGB,FTSE,0,2021-07-01,2022-07-01,2021-09-03,2811,8.87324392690553,-0.007777196019814525,0.0040855003,-0.014718883427470075,0.006813045373585069
XGB,FTSE,0,2021-07-01,2022-07-01,2021-09-06,2812,8.880056972279116,-0.011056032520363246,0.005871932,-0.024037175087924467,-0.005273269855493368
XGB,FTSE,0,2021-07-01,2022-07-01,2021-09-07,2813,8.874783702423622,-0.012872521102554657,0.0035886837,-0.017197399642935096,-0.0075676431490308005
XGB,FTSE,0,2021-07-01,2022-07-01,2021-09-08,2814,8.867216059274591,-0.014519356182738363,-0.00263689,-0.01876418426621207,-0.010099422755253329
XGB,FTSE,0,2021-07-01,2022-07-01,2021-09-09,2815,8.857116636519338,-0.015869437994959767,-0.010949642,-0.017274902362952815,0.0007115715872316741
XGB,FTSE,0,2021-07-01,2022-07-01,2021-09-10,2816,8.85782820810657,-0.015273398756809442,-0.008158486,-0.006880756136167676,0.00556120301143892
XGB,FTSE,0,2021-07-01,2022-07-01,2021-09-13,2817,8.863389411118009,-0.01404820104384541,-0.0059859827,0.0021198725002253838,-0.004864367639948242
XGB,FTSE,0,2021-07-01,2022-07-01,2021-09-14,2818,8.85852504347806,-0.011982865575925317,-0.00635233,0.006278115173472543,-0.0025052462868693226
XGB,FTSE,0,2021-07-01,2022-07-01,2021-09-15,2819,8.856019797191191,-0.00986815402037422,-0.0035255817,0.004975841941103454,0.0015665055894960034
XGB,FTSE,0,2021-07-01,2022-07-01,2021-09-16,2820,8.857586302780687,-0.007791398769226632,-0.0020879905,0.005095484357680036,-0.009134427772307774
XGB,FTSE,0,2021-07-01,2022-07-01,2021-09-17,2821,8.84845187500838,-0.005338179096552764,-0.008276559,0.009219816891583577,-0.008610140851994075
XGB,FTSE,0,2021-07-01,2022-07-01,2021-09-20,2822,8.839841734156385,-0.0006667402993016935,-0.012784955,0.029162619509451204,0.011105717814016813
XGB,FTSE,0,2021-07-01,2022-07-01,2021-09-21,2823,8.850947451970402,0.0017817168749800771,-0.004827712,0.014985267417733539,0.01456183164783198
XGB,FTSE,0,2021-07-01,2022-07-01,2021-09-22,2824,8.865509283618234,0.0014350369896938275,0.0016545362,-0.00797988780623804,-0.0007061249667010827
XGB,FTSE,0,2021-07-01,2022-07-01,2021-09-23,2825,8.864803158651533,0.0006525721337844459,0.0028842941,-0.009567535444565678,-0.0038075195192384115
XGB,FTSE,0,2021-07-01,2022-07-01,2021-09-24,2826,8.860995639132295,0.001508576859487576,0.0011200657,0.0036238729237592082,0.0016861480060725853
XGB,FTSE,0,2021-07-01,2022-07-01,2021-09-27,2827,8.862681787138367,0.00042860556228419,0.0035346514,-0.009602258943321118,-0.005010095238404233
XGB,FTSE,0,2021-07-01,2022-07-01,2021-09-28,2828,8.857671691899963,0.0013694700708697383,9.7464654e-05,0.007074969005445908,0.011332661765873553
XGB,FTSE,0,2021-07-01,2022-07-01,2021-09-29,2829,8.869004353665837,0.0012832835985321367,0.005477064,-0.0017741872881220644,-0.003071634277700852
XGB,FTSE,0,2021-07-01,2022-07-01,2021-09-30,2830,8.865932719388136,0.0023917185624231507,0.004678396,0.008501242185108282,-0.008403323576139599
XGB,FTSE,0,2021-07-01,2022-07-01,2021-10-01,2831,8.857529395811996,0.004429407276893116,-0.0034805068,0.014565195086110094,-0.002293772605028721
XGB,FTSE,0,2021-07-01,2022-07-01,2021-10-04,2832,8.855235623206967,0.0069787307617001915,-0.0039953347,0.01848447384712415,0.009383888849086475
XGB,FTSE,0,2021-07-01,2022-07-01,2021-10-05,2833,8.864619512056054,0.009178870497439817,0.002745717,0.018285693041969253,-0.011539983861007741
XGB,FTSE,0,2021-07-01,2022-07-01,2021-10-06,2834,8.853079528195046,0.013366032908670888,-0.0074841445,0.03346788431699643,0.011667132710362793
XGB,FTSE,0,2021-07-01,2022-07-01,2021-10-07,2835,8.864746660905409,0.015286267518934693,0.002320678,0.017617255538381116,0.0024835054723055805
XGB,FTSE,0,2021-07-01,2022-07-01,2021-10-08,2836,8.867230166377714,0.016919724845656958,0.0023705678,0.017033745159375613,0.007203795195529494
XGB,FTSE,0,2021-07-01,2022-07-01,2021-10-11,2837,8.874433961573244,0.01753408725070038,0.006804783,0.010605554564639519,-0.0023393706751377863
XGB,FTSE,0,2021-07-01,2022-07-01,2021-10-12,2838,8.872094590898106,0.017260714486869944,0.006863875,0.008393556400731583,0.0016255061559853345
XGB,FTSE,0,2021-07-01,2022-07-01,2021-10-13,2839,8.873720097054091,0.01688969873736923,0.008523631,0.00875490639103127,0.009185108043931578
XGB,FTSE,0,2021-07-01,2022-07-01,2021-10-14,2840,8.882905205098023,0.015733721686391533,0.010938549,0.0020927362025968677,0.0036422074140194383
XGB,FTSE,0,2021-07-01,2022-07-01,2021-10-15,2841,8.886547412512042,0.015074924932802602,0.013558155,0.006009017414553952,-0.0041834960682525235
XGB,FTSE,0,2021-07-01,2022-07-01,2021-10-18,2842,8.88236391644379,0.014389274697061083,0.00973548,0.006847873331786047,0.0018999950933000775
XGB,FTSE,0,2021-07-01,2022-07-01,2021-10-19,2843,8.88426391153709,0.013214126901932133,0.011868227,0.004423868416157717,0.0007756046007934003
XGB,FTSE,0,2021-07-01,2022-07-01,2021-10-20,2844,8.885039516137883,0.011570452010122523,0.010341069,0.0020054360665540116,-0.004551368839045722
XGB,FTSE,0,2021-07-01,2022-07-01,2021-10-21,2845,8.880488147298838,0.012138218012516688,0.005126075,0.013578628763820433,0.001986856146285021
XGB,FTSE,0,2021-07-01,2022-07-01,2021-10-22,2846,8.882475003445123,0.011941024321913574,0.0059013455,0.00969656995992274,0.002522937855497176
XGB,FTSE,0,2021-07-01,2022-07-01,2021-10-25,2847,8.88499794130062,0.010610917684591215,0.0077300593,0.0036070574270272715,0.007558488625976523
XGB,FTSE,0,2021-07-01,2022-07-01,2021-10-26,2848,8.892556429926596,0.008989531259684824,0.009944556,0.000315961491551775,-0.0033446401510204282
XGB,FTSE,0,2021-07-01,2022-07-01,2021-10-27,2849,8.889211789775576,0.008671458719405223,0.006982356,0.006965632499229102,-0.000524009822328253
XGB,FTSE,0,2021-07-01,2022-07-01,2021-10-28,2850,8.888687779953248,0.008350678335091288,0.0052596857,0.0069966268257815045,-0.001642827748810305
XGB,FTSE,0,2021-07-01,2022-07-01,2021-10-29,2851,8.887044952204437,0.007656207534353143,0.004923601,0.005016673342497668,0.007021823858220699
XGB,FTSE,0,2021-07-01,2022-07-01,2021-11-01,2852,8.894066776062658,0.007412358480660686,0.008048075,0.0070546197396943455,-0.0018952026576126713
XGB,FTSE,0,2021-07-01,2022-07-01,2021-11-02,2853,8.892171573405045,0.008460189663336948,0.006220186,0.014926314451356504,-0.003566574677398293
XGB,FTSE,0,2021-07-01,2022-07-01,2021-11-03,2854,8.888604998727647,0.00938845897543139,0.003064589,0.01356482507905632,0.004267392690501026
XGB,FTSE,0,2021-07-01,2022-07-01,2021-11-04,2855,8.892872391418148,0.009537286859218952,0.004344356,0.00984165750071675,0.0033050308566568987
XGB,FTSE,0,2021-07-01,2022-07-01,2021-11-05,2856,8.896177422274805,0.008450275080432945,0.0074260877,0.0031440118851584486,-0.0004930154957758504
XGB,FTSE,0,2021-07-01,2022-07-01,2021-11-08,2857,8.89568440677903,0.006737223401970027,0.006479289,-0.0012609594819821268,-0.003622781232094141
XGB,FTSE,0,2021-07-01,2022-07-01,2021-11-09,2858,8.892061625546935,0.005112080809883679,0.0027214296,-0.0024776337519618608,0.009059770255417376
XGB,FTSE,0,2021-07-01,2022-07-01,2021-11-10,2859,8.901121395802353,0.0012418319909155429,0.0067699077,-0.016012659705108234,0.005976492054049487
XGB,FTSE,0,2021-07-01,2022-07-01,2021-11-11,2860,8.907097887856402,-0.0023790702527346497,0.010338136,-0.0175828069252546,-0.004928064049698477
XGB,FTSE,0,2021-07-01,2022-07-01,2021-11-12,2861,8.902169823806704,-0.004708064466301565,0.005364407,-0.011112249674447128,0.0005442251121614561
XGB,FTSE,0,2021-07-01,2022-07-01,2021-11-15,2862,8.902714048918865,-0.006340333131589659,0.0059082136,-0.008962924147573048,-0.003392614758901402
XGB,FTSE,0,2021-07-01,2022-07-01,2021-11-16,2863,8.899321434159964,-0.00646808221466344,0.0026660268,-0.0022681767094940852,-0.004897986862916426
XGB,FTSE,0,2021-07-01,2022-07-01,2021-11-17,2864,8.894423447297047,-0.006710337189142379,-0.00061645504,-0.03449197768095047,-0.004839455502073875
XGB,FTSE,0,2021-07-01,2022-07-01,2021-11-18,2865,8.889583991794973,-0.006058103597325726,-0.0021754678,-0.020326468997685865,-0.004475255697728997
XGB,FTSE,0,2021-07-01,2022-07-01,2021-11-19,2866,8.885108736097244,-0.005241571569825965,-0.003734284,-0.022979229647663857,0.00440634483390312
XGB,FTSE,0,2021-07-01,2022-07-01,2021-11-22,2867,8.889515080931147,-0.0048005089472411555,-0.0008892323,-0.01203544754926611,0.0015424932011089965
XGB,FTSE,0,2021-07-01,2022-07-01,2021-11-23,2868,8.891057574132256,-0.005110047930751094,0.00030181604,-0.01910324158642851,0.0026935506390355357
XGB,FTSE,0,2021-07-01,2022-07-01,2021-11-24,2869,8.893751124771292,-0.006310264710812419,0.0024121085,-0.022765166244232304,0.0033021326791775607
XGB,FTSE,0,2021-07-01,2022-07-01,2021-11-25,2870,8.89705325745047,-0.007150600461901746,0.0056827907,-0.0107409009435262,-0.03712178783437281
XGB,FTSE,0,2021-07-01,2022-07-01,2021-11-26,2871,8.859931469616097,-0.005855806180139922,-0.0042602764,0.04114901461660736,0.00932605318119073
XGB,FTSE,0,2021-07-01,2022-07-01,2021-11-29,2872,8.869257522797287,-0.004463552775261448,0.0025729826,0.03148229931671054,-0.007128016347706989
XGB,FTSE,0,2021-07-01,2022-07-01,2021-11-30,2873,8.86212950644958,-0.0025814449841554676,-0.003939699,0.036413653688656566,0.015350126932300867
XGB,FTSE,0,2021-07-01,2022-07-01,2021-12-01,2874,8.877479633381881,-0.0015986686397049255,0.001960199,0.017026047937703126,-0.005525300836053404
XGB,FTSE,0,2021-07-01,2022-07-01,2021-12-02,2875,8.871954332545828,-0.0010506406383683498,-0.0013169933,0.014233587978187856,-0.0009683740187682588
XGB,FTSE,0,2021-07-01,2022-07-01,2021-12-03,2876,8.87098595852706,-0.0004098324664205677,-0.0010892198,0.013430362268893603,0.015326397979883666
XGB,FTSE,0,2021-07-01,2022-07-01,2021-12-06,2877,8.886312356506943,-0.0016246642496238195,0.00017283624,-0.008539880363457542,0.014768127725760749
XGB,FTSE,0,2021-07-01,2022-07-01,2021-12-07,2878,8.901080484232704,-0.0021305664870645558,0.005869496,-0.01086272175047931,-0.0003406621187060921
XGB,FTSE,0,2021-07-01,2022-07-01,2021-12-08,2879,8.900739822113998,-0.0025544584242105373,0.0049317186,-0.009242020272177243,-0.0021966619757609607
XGB,FTSE,0,2021-07-01,2022-07-01,2021-12-09,2880,8.898543160138237,-0.004206835674231968,0.001963121,-0.01698467149926053,-0.004037478818652573
XGB,FTSE,0,2021-07-01,2022-07-01,2021-12-10,2881,8.894505681319584,-0.003738643385784002,0.0021801372,0.0007677046094034523,-0.008317760795568674
XGB,FTSE,0,2021-07-01,2022-07-01,2021-12-13,2882,8.886187920524016,-0.0015757328336007959,-0.0031782857,0.015137808500236716,-0.0017715997280625118
XGB,FTSE,0,2021-07-01,2022-07-01,2021-12-14,2883,8.884416320795953,0.001399351709597596,9.523573e-05,0.02120429887717279,-0.006643844652467479
XGB,FTSE,0,2021-07-01,2022-07-01,2021-12-15,2884,8.877772476143486,0.005168215780063434,-0.0053753275,0.027685420640896297,0.012445286338738981
XGB,FTSE,0,2021-07-01,2022-07-01,2021-12-16,2885,8.890217762482225,0.00798725578084536,-0.00044226265,0.021810935172096535,0.0012800393595959747
XGB,FTSE,0,2021-07-01,2022-07-01,2021-12-17,2886,8.89149780184182,0.010089089875275903,0.002820274,0.01814280060127693,-0.009939313202844247
XGB,FTSE,0,2021-07-01,2022-07-01,2021-12-20,2887,8.881558488638976,0.012922545679524333,-0.0059597357,0.025579999227389294,0.013714897290011407
XGB,FTSE,0,2021-07-01,2022-07-01,2021-12-21,2888,8.895273385928988,0.015488689677644274,0.0019784218,0.028078032707854916,0.00605234309526459
XGB,FTSE,0,2021-07-01,2022-07-01,2021-12-22,2889,8.901325729024252,0.01744980552821751,0.003396757,0.023583355893709523,0.004294890648873562
XGB,FTSE,0,2021-07-01,2022-07-01,2021-12-23,2890,8.905620619673126,0.017337509463965617,0.00825462,0.010402368426804642,-0.00016272288874397134
XGB,FTSE,0,2021-07-01,2022-07-01,2021-12-24,2891,8.905457896784382,0.01775409600558575,0.00930717,0.015238453333671131,0.0065708008699392195
XGB,FTSE,0,2021-07-01,2022-07-01,2021-12-29,2892,8.912028697654321,0.016411577616230133,0.01258385,0.0033095159192892964,-0.0023880952112236287
XGB,FTSE,0,2021-07-01,2022-07-01,2021-12-30,2893,8.909640602443098,0.016287299243909814,0.0102807,0.011870359453638457,-0.002502114576731884
XGB,FTSE,0,2021-07-01,2022-07-01,2021-12-31,2894,8.907138487866366,0.017599105294987538,0.010593907,0.02238952045703968,0.01621293077047703
XGB,FTSE,0,2021-07-01,2022-07-01,2022-01-04,2895,8.923351418636843,0.017432617135044737,0.0129581895,0.007790777625036327,0.0015576662811191966
XGB,FTSE,0,2021-07-01,2022-07-01,2022-01-05,2896,8.924909084917962,0.016358204454515857,0.01363829,0.003466174935669031,-0.00888609681803132
XGB,FTSE,0,2021-07-01,2022-07-01,2022-01-06,2897,8.91602298809993,0.017747284986244338,0.004697208,0.021353163239282935,0.004673362018122518
XGB,FTSE,0,2021-07-01,2022-07-01,2022-01-07,2898,8.920696350118053,0.01733011337746504,0.006711452,0.010406209100356278,-0.0053581365444426154
XGB,FTSE,0,2021-07-01,2022-07-01,2022-01-10,2899,8.91533821357361,0.01815468204623727,0.0021726126,0.01920915607709439,0.006172748323125532
XGB,FTSE,0,2021-07-01,2022-07-01,2022-01-11,2900,8.921510961896736,0.01786656419697863,0.0071270145,0.012416929885896266,0.008017046426669339
XGB,FTSE,0,2021-07-01,2022-07-01,2022-01-12,2901,8.929528008323405,0.014775644558490342,0.009895474,-0.007656672019178856,0.0016141879384736768
XGB,FTSE,0,2021-07-01,2022-07-01,2022-01-13,2902,8.931142196261879,0.010569297555031554,0.013402001,-0.03589617758241204,-0.0027669364082480996
XGB,FTSE,0,2021-07-01,2022-07-01,2022-01-14,2903,8.928375259853631,0.007538344640943606,0.0067805657,-0.022998767563755962,0.009000891485582585
XGB,FTSE,0,2021-07-01,2022-07-01,2022-01-17,2904,8.937376151339214,0.004419788801035551,0.012330734,-0.018752673479440318,-0.006273592120804139
XGB,FTSE,0,2021-07-01,2022-07-01,2022-01-18,2905,8.93110255921841,0.0033711501887960793,0.0044856775,-0.0012303685302939016,0.0034448104322954975
XGB,FTSE,0,2021-07-01,2022-07-01,2022-01-19,2906,8.934547369650705,0.000968878846258292,0.0071390085,-0.016419303132879648,-0.0006194778680725932
XGB,FTSE,0,2021-07-01,2022-07-01,2022-01-20,2907,8.933927891782632,-0.0013088677133534787,0.0044247364,-0.016027573206249812,-0.012056555478405784
XGB,FTSE,0,2021-07-01,2022-07-01,2022-01-21,2908,8.921871336304227,-0.0008100263770103311,-0.0032333005,0.0055489144037164095,-0.026625317624759504
XGB,FTSE,0,2021-07-01,2022-07-01,2022-01-24,2909,8.895246018679467,0.0013431159334196252,-0.012521288,0.03841816002146814,0.010130473610407975
XGB,FTSE,0,2021-07-01,2022-07-01,2022-01-25,2910,8.905376492289875,0.0021128347217835852,-0.0073960093,0.02111442731265356,0.013246985569898229
XGB,FTSE,0,2021-07-01,2022-07-01,2022-01-26,2911,8.918623477859773,0.0016481267376633468,-0.0038092951,0.006219088062801248,0.011248712828342278
XGB,FTSE,0,2021-07-01,2022-07-01,2022-01-27,2912,8.929872190688116,0.001361782491214214,-0.00083157094,0.002538400278965014,-0.011744124170290249
XGB,FTSE,0,2021-07-01,2022-07-01,2022-01-28,2913,8.918128066517825,0.0019229952882149348,-0.006976396,0.013437128271608145,-0.00022774794144275745
XGB,FTSE,0,2021-07-01,2022-07-01,2022-01-31,2914,8.917900318576383,0.004059593877478562,-0.0065048183,0.02369747799086852,0.009519932131560438
XGB,FTSE,0,2021-07-01,2022-07-01,2022-02-01,2915,8.927420250707943,0.005760833840488644,-0.0022042603,0.017964489411337325,0.0062439279929922265
XGB,FTSE,0,2021-07-01,2022-07-01,2022-02-02,2916,8.933664178700935,0.006493922632040849,-0.00038833698,0.01023362381588555,-0.007173259098406604
XGB,FTSE,0,2021-07-01,2022-07-01,2022-02-03,2917,8.926490919602529,0.005815095370536483,-0.007643824,0.00037187498594626334,-0.0016483536799540843
XGB,FTSE,0,2021-07-01,2022-07-01,2022-02-04,2918,8.924842565922575,0.006668682517906532,-0.007155988,0.012231315001660192,0.007568025044506044
XGB,FTSE,0,2021-07-01,2022-07-01,2022-02-07,2919,8.93241059096708,0.006381035434321447,-0.0050504543,0.0039927846628220465,-0.0008453961776471175
XGB,FTSE,0,2021-07-01,2022-07-01,2022-02-08,2920,8.931565194789433,0.00513254901581206,-0.0060848743,-0.003932633796566165,0.010032601777817618
XGB,FTSE,0,2021-07-01,2022-07-01,2022-02-09,2921,8.941597796567251,0.0020508405975494526,-0.0031122726,-0.01712779281631782,0.0037869435520292427
XGB,FTSE,0,2021-07-01,2022-07-01,2022-02-10,2922,8.94538474011928,-0.002032302978927092,9.1942784e-05,-0.024821994109231582,-0.0014869376024595482
XGB,FTSE,0,2021-07-01,2022-07-01,2022-02-11,2923,8.94389780251682,-0.005508693058933645,-0.0028341254,-0.022013109440406353,-0.01703500792834589
XGB,FTSE,0,2021-07-01,2022-07-01,2022-02-14,2924,8.926862794588475,-0.006499217013059777,-0.007693606,-0.0044444978207636154,0.010211086335759845
XGB,FTSE,0,2021-07-01,2022-07-01,2022-02-15,2925,8.937073880924235,-0.009366642285408844,-0.0060171364,-0.054265825999793904,-0.0006705052943321022
XGB,FTSE,0,2021-07-01,2022-07-01,2022-02-16,2926,8.936403375629903,-0.010031425805649974,-0.0053646495,-0.015146057021128811,-0.008770814637035329
XGB,FTSE,0,2021-07-01,2022-07-01,2022-02-17,2927,8.927632560992867,-0.009742590914880722,-0.010629924,-0.010549801988918972,-0.0031625572419340386
XGB,FTSE,0,2021-07-01,2022-07-01,2022-02-18,2928,8.924470003750933,-0.009750212279053372,-0.012137761,-0.024711897467957655,-0.003907257740884518
XGB,FTSE,0,2021-07-01,2022-07-01,2022-02-21,2929,8.920562746010049,-0.008659142603418601,-0.013518336,-0.007335432404037334,0.0013219470663656807
XGB,FTSE,0,2021-07-01,2022-07-01,2022-02-22,2930,8.921884693076414,-0.008989477034390347,-0.011998465,-0.03466016643188574,0.0005336036912968467
XGB,FTSE,0,2021-07-01,2022-07-01,2022-02-23,2931,8.922418296767711,-0.01064552194458912,-0.008904484,-0.07059741204676939,-0.039610241843270444
XGB,FTSE,0,2021-07-01,2022-07-01,2022-02-24,2932,8.88280805492444,-0.012362530565070529,-0.015828753,-0.03494514325698539,0.03844926368433299
XGB,FTSE,0,2021-07-01,2022-07-01,2022-02-25,2933,8.921257318608774,-0.016639451009378803,-0.009557892,-0.0727336442375126,-0.00417455960482549
XGB,FTSE,0,2021-07-01,2022-07-01,2022-02-28,2934,8.917082759003948,-0.018623274424031777,-0.0061634737,-0.03653892842507389,-0.017324652720972722
XGB,FTSE,0,2021-07-01,2022-07-01,2022-03-01,2935,8.899758106282976,-0.02065392658695231,-0.012332288,-0.03203479809560328,0.013469207323035803
XGB,FTSE,0,2021-07-01,2022-07-01,2022-03-02,2936,8.913227313606011,-0.022907709772249873,-0.011997929,-0.03757675404142269,-0.026002786961482727
XGB,FTSE,0,2021-07-01,2022-07-01,2022-03-03,2937,8.887224526644529,-0.02369250973732484,-0.016994605,-0.006291407167440255,-0.035403641923586804
XGB,FTSE,0,2021-07-01,2022-07-01,2022-03-04,2938,8.851820884720942,-0.023539350097109946,-0.017101657,0.02663473934232563,-0.003957973053486441
XGB,FTSE,0,2021-07-01,2022-07-01,2022-03-07,2939,8.847862911667455,-0.021126757839734722,-0.020184921,0.04662910909396345,0.0006607627038057728
XGB,FTSE,0,2021-07-01,2022-07-01,2022-03-08,2940,8.848523674371261,-0.016874132737246583,-0.017654374,0.05872311620723991,0.032020156207613226
XGB,FTSE,0,2021-07-01,2022-07-01,2022-03-09,2941,8.880543830578874,-0.014217967950280297,-0.010697731,0.029326408512392987,-0.01282052239150211
XGB,FTSE,0,2021-07-01,2022-07-01,2022-03-10,2942,8.867723308187372,-0.009963393576169821,-0.02363547,0.04722533514536842,0.007927251377216393
XGB,FTSE,0,2021-07-01,2022-07-01,2022-03-11,2943,8.875650559564589,-0.00530459815418638,-0.01491363,0.04389626370919508,0.005282559912499707
XGB,FTSE,0,2021-07-01,2022-07-01,2022-03-14,2944,8.880933119477088,-0.001047422088213068,-0.013892199,0.03645801253050429,-0.002477495413820918
XGB,FTSE,0,2021-07-01,2022-07-01,2022-03-15,2945,8.878455624063267,0.0036565930231322596,-0.0078838,0.039846521497082676,0.01603639669815138
XGB,FTSE,0,2021-07-01,2022-07-01,2022-03-16,2946,8.894492020761419,0.007165992645450814,-0.005492622,0.025950479337442545,0.012754769817082234
XGB,FTSE,0,2021-07-01,2022-07-01,2022-03-17,2947,8.907246790578501,0.009154393274087624,0.0044380035,0.01181840783671717,0.002623448512766302
XGB,FTSE,0,2021-07-01,2022-07-01,2022-03-18,2948,8.909870239091267,0.011750868053264085,0.004795575,0.01774904168266289,0.005078404241473322
XGB,FTSE,0,2021-07-01,2022-07-01,2022-03-21,2949,8.91494864333274,0.01422890052297987,0.01097676,0.018161485654566434,0.004598179941043057
XGB,FTSE,0,2021-07-01,2022-07-01,2022-03-22,2950,8.919546823273784,0.014445635477800423,0.011548804,0.00520264760189626,-0.0021556912661910843
XGB,FTSE,0,2021-07-01,2022-07-01,2022-03-23,2951,8.917391132007593,0.015139929687951081,0.012145399,0.010307762657792097,0.000911013552757467
XGB,FTSE,0,2021-07-01,2022-07-01,2022-03-24,2952,8.91830214556035,0.015909525545053427,0.014132953,0.01217879746181616,0.0021403545385112466
XGB,FTSE,0,2021-07-01,2022-07-01,2022-03-25,2953,8.920442500098861,0.01718140493564313,0.0142957335,0.017262060616877406,-0.0013773016836431395
XGB,FTSE,0,2021-07-01,2022-07-01,2022-03-28,2954,8.919065198415218,0.017874881076089366,0.010745654,0.015218621489140105,0.008554082358712023
XGB,FTSE,0,2021-07-01,2022-07-01,2022-03-29,2955,8.92761928077393,0.016494000379406515,0.011023836,0.0019219177868379234,0.005490848213376864
XGB,FTSE,0,2021-07-01,2022-07-01,2022-03-30,2956,8.933110128987307,0.016206686994019393,0.013012237,0.011909625508380373,-0.008360658111627117
XGB,FTSE,0,2021-07-01,2022-07-01,2022-03-31,2957,8.92474947087568,0.01638685727153799,0.00681822,0.013559030165007258,0.0029494237897047526
XGB,FTSE,0,2021-07-01,2022-07-01,2022-04-01,2958,8.927698894665385,0.015330446480552595,0.009717316,0.0051341587535223,0.00278204835678153
XGB,FTSE,0,2021-07-01,2022-07-01,2022-04-04,2959,8.930480943022166,0.01397579506462776,0.010557997,0.0028930451781974398,0.007223617693572493
XGB,FTSE,0,2021-07-01,2022-07-01,2022-04-05,2960,8.937704560715739,0.012388600636553448,0.011582957,0.00035452256284784767,-0.0034207408113804405
XGB,FTSE,0,2021-07-01,2022-07-01,2022-04-06,2961,8.934283819904358,0.011139792158623152,0.010037045,0.0017907186791905616,-0.004742621343590159
XGB,FTSE,0,2021-07-01,2022-07-01,2022-04-07,2962,8.929541198560768,0.011339980324933663,0.0049412283,0.010197096542155393,0.015478555934919314
XGB,FTSE,0,2021-07-01,2022-07-01,2022-04-08,2963,8.945019754495688,0.009621367095435929,0.009136165,-0.005438787775377207,-0.006711253455000232
XGB,FTSE,0,2021-07-01,2022-07-01,2022-04-11,2964,8.938308501040687,0.00686513962372004,0.0042226096,-0.012761019849055089,-0.005475447621780205
XGB,FTSE,0,2021-07-01,2022-07-01,2022-04-12,2965,8.932833053418907,0.0035784807440322197,0.0025000318,-0.026236387441855413,0.0005409347814566701
XGB,FTSE,0,2021-07-01,2022-07-01,2022-04-13,2966,8.933373988200364,0.00011065876970306476,-0.00036315393,-0.02600528845541028,0.004685095078222901
XGB,FTSE,0,2021-07-01,2022-07-01,2022-04-14,2967,8.938059083278587,-0.0034183900331683503,-0.00011014483,-0.025370301640380788,-0.0019845446950377266
XGB,FTSE,0,2021-07-01,2022-07-01,2022-04-19,2968,8.936074538583549,-0.005008004171676461,-0.0031100954,-0.0121902981235813,0.0036637565193746724
XGB,FTSE,0,2021-07-01,2022-07-01,2022-04-20,2969,8.939738295102924,-0.006490339249564769,0.0009020138,-0.0111509276043531,-0.00015732838261328652
XGB,FTSE,0,2021-07-01,2022-07-01,2022-04-21,2970,8.93958096672031,-0.007479064467762697,0.00017760388,-0.00878258048834546,-0.014033485528678113
XGB,FTSE,0,2021-07-01,2022-07-01,2022-04-22,2971,8.925547481191632,-0.007563204610166352,-0.0077114757,-0.003756224106581385,-0.01895081521458053
XGB,FTSE,0,2021-07-01,2022-07-01,2022-04-25,2972,8.906596665977052,-0.006040157208518693,-0.014621648,0.016501510745522197,0.000772033767901803
XGB,FTSE,0,2021-07-01,2022-07-01,2022-04-26,2973,8.907368699744953,-0.005930198842124312,-0.012549088,0.00023009280125485532,0.005320081893252393
XGB,FTSE,0,2021-07-01,2022-07-01,2022-04-27,2974,8.912688781638206,-0.007434758827189469,-0.008067214,-0.028549561261469236,0.011195458821761761
XGB,FTSE,0,2021-07-01,2022-07-01,2022-04-28,2975,8.923884240459968,-0.010410763067822515,-0.006467662,-0.03606583681332687,0.004703127038602872
XGB,FTSE,0,2021-07-01,2022-07-01,2022-04-29,2976,8.92858736749857,-0.012454974713721256,-0.0059636245,-0.026444722851607594,0.0022110187333943543
XGB,FTSE,0,2021-07-01,2022-07-01,2022-05-03,2977,8.930798386231965,-0.015976280543332777,-0.004031136,-0.04434777067892526,-0.009007129146914039
XGB,FTSE,0,2021-07-01,2022-07-01,2022-05-04,2978,8.92179125708505,-0.015956534820395163,-0.010860801,-0.010099511625007551,0.0013069196375230518
XGB,FTSE,0,2021-07-01,2022-07-01,2022-05-05,2979,8.923098176722574,-0.015571902149364547,-0.010414604,-0.005144284967228074,-0.015499384176365538
XGB,FTSE,0,2021-07-01,2022-07-01,2022-05-06,2980,8.907598792546208,-0.012837976715378119,-0.014026125,0.01750982281337521,-0.0234595721694717
XGB,FTSE,0,2021-07-01,2022-07-01,2022-05-09,2981,8.884139220376737,-0.009886287329223364,-0.018790498,0.03023151162141602,0.0036791832699041294
XGB,FTSE,0,2021-07-01,2022-07-01,2022-05-10,2982,8.88781840364664,-0.008449758892655979,-0.017947303,0.008181044866320875,0.014324241000322147
XGB,FTSE,0,2021-07-01,2022-07-01,2022-05-11,2983,8.902142644646963,-0.007392531496281052,-0.012982415,0.005740369295285319,-0.01569202909392331
XGB,FTSE,0,2021-07-01,2022-07-01,2022-05-12,2984,8.88645061555304,-0.0036146823989842147,-0.018054789,0.03799274345010417,0.025241129907003668
XGB,FTSE,0,2021-07-01,2022-07-01,2022-05-13,2985,8.911691745460043,-0.002336630139730289,-0.012711093,0.008884374812060614,0.006262146295302529
XGB,FTSE,0,2021-07-01,2022-07-01,2022-05-16,2986,8.917953891755346,-0.0009275476155057305,-0.0073386044,0.007739770349836306,0.007154723604237745
XGB,FTSE,0,2021-07-01,2022-07-01,2022-05-17,2987,8.925108615359584,0.0004966062738827048,-0.0053888555,0.006165779095724133,-0.010737883361430889
XGB,FTSE,0,2021-07-01,2022-07-01,2022-05-18,2988,8.914370731998153,0.0032228766294188915,-0.012086769,0.01962307718999412,-0.018371283485191015
XGB,FTSE,0,2021-07-01,2022-07-01,2022-05-19,2989,8.895999448512962,0.007755039301585498,-0.016537488,0.039917248418971596,0.011883565429286591
XGB,FTSE,0,2021-07-01,2022-07-01,2022-05-20,2990,8.907883013942248,0.011279584595358827,-0.0063507166,0.029033183001855534,0.016560345060895543
XGB,FTSE,0,2021-07-01,2022-07-01,2022-05-23,2991,8.924443359003144,0.011613719880102735,0.0015348876,0.002605288822550733,-0.0038672387310398904
XGB,FTSE,0,2021-07-01,2022-07-01,2022-05-24,2992,8.920576120272104,0.013385518578608924,0.0018948785,0.01640579739668091,0.005117541833078221
XGB,FTSE,0,2021-07-01,2022-07-01,2022-05-25,2993,8.925693662105182,0.014230619478686535,0.0013107775,0.010065104000380742,0.005580732350125572
XGB,FTSE,0,2021-07-01,2022-07-01,2022-05-26,2994,8.931274394455308,0.014099716860718203,0.004998088,0.0037076547579264485,0.0027194147328390983
XGB,FTSE,0,2021-07-01,2022-07-01,2022-05-27,2995,8.933993809188147,0.011213456133170041,0.006443899,-0.014513862572018255,0.001922887743786461
XGB,FTSE,0,2021-07-01,2022-07-01,2022-05-30,2996,8.935916696931933,0.006255435003849286,0.006696457,-0.03789267836589261,0.0009995000121705289
XGB,FTSE,0,2021-07-01,2022-07-01,2022-05-31,2997,8.936916196944104,1.757774807487067e-06,0.008517696,-0.05427468777503819,-0.009867549118409258
XGB,FTSE,0,2021-07-01,2022-07-01,2022-06-01,2998,8.927048647825695,-0.005104295624853705,0.004929429,-0.04694996272008822,0.009933269843090287
XGB,FTSE,0,2021-07-01,2022-07-01,2022-06-06,2999,8.936981917668785,-0.010040509711778611,0.0032839577,-0.04500279451549005,-0.001223151563221947
XGB,FTSE,0,2021-07-01,2022-07-01,2022-06-07,3000,8.935758766105563,-0.01587586204287561,0.0035645755,-0.07568534177278252,-0.0007767168923287215
XGB,FTSE,0,2021-07-01,2022-07-01,2022-06-08,3001,8.934982049213234,-0.022177037667525212,0.0031757446,-0.07899078450526886,-0.015502102597105605
XGB,FTSE,0,2021-07-01,2022-07-01,2022-06-09,3002,8.919479946616129,-0.02496312619522456,-0.0028800918,-0.04856419259674816,-0.02145592805008789
XGB,FTSE,0,2021-07-01,2022-07-01,2022-06-10,3003,8.89802401856604,-0.025751981476798136,-0.011369752,-0.02286270605332419,-0.015382509396975053
XGB,FTSE,0,2021-07-01,2022-07-01,2022-06-13,3004,8.882641509169066,-0.02615690623370348,-0.017087953,-0.01631370343737082,-0.0025428240634592925
XGB,FTSE,0,2021-07-01,2022-07-01,2022-06-14,3005,8.880098685105606,-0.026924324856972603,-0.0147530725,-0.023508965550909977,0.011880438047688457
XGB,FTSE,0,2021-07-01,2022-07-01,2022-06-15,3006,8.891979123153295,-0.026066542199815856,-0.01212941,-0.00892136932608878,-0.031905698820514417
XGB,FTSE,0,2021-07-01,2022-07-01,2022-06-16,3007,8.86007342433278,-0.023351022086394835,-0.019642903,0.02982746937791525,-0.004082159624815063
XGB,FTSE,0,2021-07-01,2022-07-01,2022-06-17,3008,8.855991264707965,-0.01894123041981821,-0.015865615,0.042838701949035496,0.014924489311415101
XGB,FTSE,0,2021-07-01,2022-07-01,2022-06-20,3009,8.87091575401938,-0.015645160868871244,-0.008523019,0.026397360009218218,0.004245558493336077
XGB,FTSE,0,2021-07-01,2022-07-01,2022-06-21,3010,8.875161312512716,-0.014457555431642177,-0.008090156,0.0024019600622668946,-0.008833506781021683
XGB,FTSE,0,2021-07-01,2022-07-01,2022-06-22,3011,8.866327805731695,-0.012355958993552463,-0.013052871,0.011151827650186519,-0.00973808617699845
XGB,FTSE,1,2022-07-01,2023-07-01,2022-07-01,3018,8.877479633381881,-0.008458649404747831,-0.0027264853,0.005730713630665463,0.008888083045574646
XGB,FTSE,1,2022-07-01,2023-07-01,2022-07-04,3019,8.886367716427456,-0.008556805044594995,-0.0027854359,-0.01060538985779047,-0.02906605038106136
XGB,FTSE,1,2022-07-01,2023-07-01,2022-07-05,3020,8.857301666046395,-0.008013841728031323,-0.011176613,0.002033345867197056,0.01164635804359726
XGB,FTSE,1,2022-07-01,2023-07-01,2022-07-06,3021,8.868948024089992,-0.006447116856676871,-0.004796736,0.00717756130619307,0.011373258521558682
XGB,FTSE,1,2022-07-01,2023-07-01,2022-07-07,3022,8.88032128261155,-0.0049169544210094784,-0.00040561036,0.0047320914213262455,0.0009871324321633068
XGB,FTSE,1,2022-07-01,2023-07-01,2022-07-08,3023,8.881308415043714,-0.0024525776628241402,0.0037864204,0.013814207517462762,5.5569775959440904e-05
XGB,FTSE,1,2022-07-01,2023-07-01,2022-07-11,3024,8.881363984819673,-0.0005899931983552875,0.0042481986,0.009363207281500863,0.0018463621928734852
XGB,FTSE,1,2022-07-01,2023-07-01,2022-07-12,3025,8.883210347012547,0.0010886352378296493,0.0071106297,0.008369996940993829,-0.007448020442881287
XGB,FTSE,1,2022-07-01,2023-07-01,2022-07-13,3026,8.875762326569665,0.0037418169850838012,5.5375993e-05,0.016629173397438635,-0.016427314656073833
XGB,FTSE,1,2022-07-01,2023-07-01,2022-07-14,3027,8.859335011913592,0.008753339781486957,-0.007525992,0.03715723000724935,0.016790573482593274
XGB,FTSE,1,2022-07-01,2023-07-01,2022-07-15,3028,8.876125585396185,0.011593307322641522,-0.0040058726,0.02036665652465608,0.008927788636691858
XGB,FTSE,1,2022-07-01,2023-07-01,2022-07-18,3029,8.885053374032877,0.013994989669738445,-0.001521125,0.017157316802057565,0.010069248528299823
XGB,FTSE,1,2022-07-01,2023-07-01,2022-07-19,3030,8.895122622561177,0.014932002112162834,0.0036856923,0.0066932827342114365,-0.0043954304600024585
XGB,FTSE,1,2022-07-01,2023-07-01,2022-07-20,3031,8.890727192101174,0.01735672944373512,0.0038589314,0.021665246978125552,0.0008531518523664516
XGB,FTSE,1,2022-07-01,2023-07-01,2022-07-21,3032,8.89158034395354,0.019128539066551653,0.006927626,0.01946409533525184,0.0008111560135635187
XGB,FTSE,1,2022-07-01,2023-07-01,2022-07-22,3033,8.892391499967104,0.020385970813340037,0.0077058007,0.018072766637173387,0.004100741953736886
XGB,FTSE,1,2022-07-01,2023-07-01,2022-07-25,3034,8.896492241920841,0.021544032590107065,0.010352417,0.01889974784309878,0.0
XGB,FTSE,1,2022-07-01,2023-07-01,2022-07-26,3035,8.896492241920841,0.022495316349511185,0.0092285555,0.019222016480695103,0.005718448914093344
XGB,FTSE,1,2022-07-01,2023-07-01,2022-07-27,3036,8.902210690834934,0.022201852152839763,0.009863804,0.01237513985131855,-0.00039478553954630513
XGB,FTSE,1,2022-07-01,2023-07-01,2022-07-28,3037,8.901815905295388,0.02273510521496469,0.008195427,0.018492956773492608,0.010576533783911657
XGB,FTSE,1,2022-07-01,2023-07-01,2022-07-29,3038,8.9123924390793,0.021944150486334024,0.011070624,0.008691314205851342,-0.0013479997905072594
XGB,FTSE,1,2022-07-01,2023-07-01,2022-08-01,3039,8.911044439288792,0.02163648939776941,0.008385817,0.012560092104498821,-0.0005801726845149346
XGB,FTSE,1,2022-07-01,2023-07-01,2022-08-02,3040,8.910464266604277,0.020208866308507822,0.007357803,0.007636985647204497,0.004927723159662278
XGB,FTSE,1,2022-07-01,2023-07-01,2022-08-03,3041,8.91539198976394,0.018876164197010326,0.008326328,0.0073862895417668994,0.0003222686375963235
XGB,FTSE,1,2022-07-01,2023-07-01,2022-08-04,3042,8.915714258401536,0.017702747794894336,0.008751192,0.008169982058431557,-0.001128427715283209
XGB,FTSE,1,2022-07-01,2023-07-01,2022-08-05,3043,8.914585830686253,0.017408900079963985,0.0056347414,0.012874268079430706,0.005723031382627752
XGB,FTSE,1,2022-07-01,2023-07-01,2022-08-08,3044,8.92030886206888,0.015645236014838915,0.007953567,0.004453862224622185,0.0007748912162703903
XGB,FTSE,1,2022-07-01,2023-07-01,2022-08-09,3045,8.921083753285151,0.014496325660301679,0.0076896767,0.007145652414283887,0.0025207781081402203
XGB,FTSE,1,2022-07-01,2023-07-01,2022-08-10,3046,8.923604531393291,0.013182535277000085,0.008891686,0.005751276644915038,-0.005503279141809259
XGB,FTSE,1,2022-07-01,2023-07-01,2022-08-11,3047,8.918101252251482,0.01255504049203715,0.0037638533,0.009053563399977094,0.004677027054224681
XGB,FTSE,1,2022-07-01,2023-07-01,2022-08-12,3048,8.922778279305707,0.010069287704499885,0.0067149,-0.0017078934950713887,0.0011059611542609815
XGB,FTSE,1,2022-07-01,2023-07-01,2022-08-15,3049,8.923884240459968,0.007145792920351113,0.0085761985,-0.005033179278520095,0.00357585830571594
XGB,FTSE,1,2022-07-01,2023-07-01,2022-08-16,3050,8.927460098765684,0.004048615346990303,0.010937856,-0.007512109440993342,-0.002697374472180769
XGB,FTSE,1,2022-07-01,2023-07-01,2022-08-17,3051,8.924762724293503,0.0008273931820550473,0.0069970665,-0.011845070576464778,0.0034666814059320927
XGB,FTSE,1,2022-07-01,2023-07-01,2022-08-18,3052,8.928229405699435,-0.0035923888067408427,0.008617227,-0.024196813032602904,0.0011264023387713706
XGB,FTSE,1,2022-07-01,2023-07-01,2022-08-19,3053,8.929355808038206,-0.00857767319148195,0.008239955,-0.03589288331351881,-0.0022009923867472025
XGB,FTSE,1,2022-07-01,2023-07-01,2022-08-22,3054,8.927154815651459,-0.012818101484080913,0.0071936487,-0.05249699218224002,-0.006084429840823802
XGB,FTSE,1,2022-07-01,2023-07-01,2022-08-23,3055,8.921070385810635,-0.014042561001319953,-0.0016000629,-0.028019396214673975,-0.0022193246291877244
XGB,FTSE,1,2022-07-01,2023-07-01,2022-08-24,3056,8.918851061181448,-0.01496556624988088,-0.0012517166,-0.024948966144476614,0.0010969281432426925
XGB,FTSE,1,2022-07-01,2023-07-01,2022-08-25,3057,8.91994798932469,-0.016142134506576866,-0.0008478636,-0.024263582545660967,-0.007030335607652205
XGB,FTSE,1,2022-07-01,2023-07-01,2022-08-26,3058,8.912917653717038,-0.01718479462418898,-0.004570986,-0.025845108902709413,-0.008885061050206033
XGB,FTSE,1,2022-07-01,2023-07-01,2022-08-30,3059,8.904032592666832,-0.017219264942745838,-0.008573148,-0.013608257028767667,-0.010569667942144534
XGB,FTSE,1,2022-07-01,2023-07-01,2022-08-31,3060,8.893462924724687,-0.015064211825444929,-0.011942765,0.009142329432796359,-0.018805101255468415
XGB,FTSE,1,2022-07-01,2023-07-01,2022-09-01,3061,8.874657823469219,-0.011267278123517244,-0.014567083,0.04439398046107179,0.018393166126742244
XGB,FTSE,1,2022-07-01,2023-07-01,2022-09-02,3062,8.893050989595961,-0.010198459824714234,-0.010508903,0.014277053374827986,0.0008511054410096364
XGB,FTSE,1,2022-07-01,2023-07-01,2022-09-05,3063,8.893902095036971,-0.010131963796069954,-0.009621301,-0.001386928598384074,0.00178231174205834
XGB,FTSE,1,2022-07-01,2023-07-01,2022-09-06,3064,8.89568440677903,-0.00994379085457986,-0.0040850164,-0.0025098322364147663,-0.008611861964700651
XGB,FTSE,1,2022-07-01,2023-07-01,2022-09-07,3065,8.887072544814329,-0.009522926191571912,-0.008867355,-0.00015193745927177815,0.003351790823735712
XGB,FTSE,1,2022-07-01,2023-07-01,2022-09-08,3066,8.890424335638064,-0.009942467822391166,-0.0038623193,-0.009602406701558763,0.012180918519419492
XGB,FTSE,1,2022-07-01,2023-07-01,2022-09-09,3067,8.902605254157484,-0.01095558143262565,-0.0020958376,-0.015560301953046363,0.016446549772807018
XGB,FTSE,1,2022-07-01,2023-07-01,2022-09-12,3068,8.91905180393029,-0.014678772800321482,0.0013338437,-0.04285637881623039,-0.011723760959501561
XGB,FTSE,1,2022-07-01,2023-07-01,2022-09-13,3069,8.90732804297079,-0.018648624133401626,-0.006018041,-0.05100898212528726,-0.014812876532202424
XGB,FTSE,1,2022-07-01,2023-07-01,2022-09-14,3070,8.892515166438587,-0.02143665859525612,-0.010407466,-0.035854229421337536,0.0006594081040276478
XGB,FTSE,1,2022-07-01,2023-07-01,2022-09-15,3071,8.893174574542615,-0.024755678330791397,-0.010393154,-0.041711556078711354,-0.006253967187557663
XGB,FTSE,1,2022-07-01,2023-07-01,2022-09-16,3072,8.886920607355057,-0.026895209210607618,-0.012100313,-0.03248406208440002,-0.006098678418551273
XGB,FTSE,1,2022-07-01,2023-07-01,2022-09-20,3073,8.880821928936506,-0.02946123225965458,-0.013114854,-0.04421545271611116,0.006223023267931893
XGB,FTSE,1,2022-07-01,2023-07-01,2022-09-21,3074,8.887044952204437,-0.032668898290753035,-0.007074783,-0.04866724461403571,-0.010849527090377009
XGB,FTSE,1,2022-07-01,2023-07-01,2022-09-22,3075,8.87619542511406,-0.034266020890420634,-0.0096999975,-0.035644213063678265,-0.019876364268558433
XGB,FTSE,1,2022-07-01,2023-07-01,2022-09-23,3076,8.856319060845502,-0.03141424421307626,-0.017188795,0.009627783761457565,0.0003418761717473018
XGB,FTSE,1,2022-07-01,2023-07-01,2022-09-26,3077,8.85666093701725,-0.028612817022116488,-0.015888046,0.004490698974237262,-0.00519791855334617
XGB,FTSE,1,2022-07-01,2023-07-01,2022-09-27,3078,8.851463018463903,-0.02581475403247424,-0.016119784,0.0018165929683924276,0.002973526806753668
XGB,FTSE,1,2022-07-01,2023-07-01,2022-09-28,3079,8.854436545270657,-0.023354342492428515,-0.009002051,-0.0020433407870434905,-0.01783006905026241
XGB,FTSE,1,2022-07-01,2023-07-01,2022-09-29,3080,8.836606476220394,-0.020058967750777867,-0.016046321,0.011227669272487972,0.0017712313700073423
XGB,FTSE,1,2022-07-01,2023-07-01,2022-09-30,3081,8.838377707590402,-0.018044897602896626,-0.009993036,-0.001248219826047503,0.0021735044599804354
XGB,FTSE,1,2022-07-01,2023-07-01,2022-10-03,3082,8.840551212050382,-0.017254343560557217,-0.0106970295,-0.012027754664471146,0.025395632556577397
XGB,FTSE,1,2022-07-01,2023-07-01,2022-10-04,3083,8.86594684460696,-0.018846807230572082,0.002421012,-0.033899147200775914,-0.004795208615473001
XGB,FTSE,1,2022-07-01,2023-07-01,2022-10-05,3084,8.861151635991487,-0.019763377159435436,0.001360848,-0.02786388616298119,-0.007872024559191004
XGB,FTSE,1,2022-07-01,2023-07-01,2022-10-06,3085,8.853279611432296,-0.018560906262541366,-0.0051822728,-0.011079633280589363,-0.0008864069486822501
XGB,FTSE,1,2022-07-01,2023-07-01,2022-10-07,3086,8.852393204483613,-0.016873874093533914,-0.002854098,-0.0078117402371606914,-0.0045590589907309464
XGB,FTSE,1,2022-07-01,2023-07-01,2022-10-10,3087,8.847834145492882,-0.014918656500196192,-0.00047602228,-0.004940814437343732,-0.010704657728528133
XGB,FTSE,1,2022-07-01,2023-07-01,2022-10-11,3088,8.837129487764354,-0.011276637409766366,-0.008946784,0.008489353486876183,-0.008606030378443208
XGB,FTSE,1,2022-07-01,2023-07-01,2022-10-12,3089,8.828523457385911,-0.006162271596247493,-0.010445835,0.02080403185854074,0.0035242400202726287
XGB,FTSE,1,2022-07-01,2023-07-01,2022-10-13,3090,8.832047697406184,-0.0008896541836556082,-0.004926292,0.02361573329394062,0.0012400524223217246
XGB,FTSE,1,2022-07-01,2023-07-01,2022-10-14,3091,8.833287749828505,0.0038530216278189755,-0.0010840716,0.022304392331220058,0.008912228323200821
XGB,FTSE,1,2022-07-01,2023-07-01,2022-10-17,3092,8.842199978151706,0.0077731027253626905,0.0024200245,0.019447805610070645,0.002381486094746421
XGB,FTSE,1,2022-07-01,2023-07-01,2022-10-18,3093,8.844581464246453,0.011320720083771718,0.006758012,0.019557523409739375,-0.0016881331909139874
XGB,FTSE,1,2022-07-01,2023-07-01,2022-10-19,3094,8.842893331055539,0.013942278632367078,0.0075196703,0.017563298100748526,0.0027255101956917827
XGB,FTSE,1,2022-07-01,2023-07-01,2022-10-20,3095,8.84561884125123,0.016648249823287387,0.009075531,0.02145627369613834,0.003708647993221348
XGB,FTSE,1,2022-07-01,2023-07-01,2022-10-21,3096,8.849327489244452,0.019336989299477025,0.009441105,0.030590337115892652,0.006335941455672511
XGB,FTSE,1,2022-07-01,2023-07-01,2022-10-24,3097,8.855663430700124,0.020129413409343044,0.0108162435,0.0183787031880982,-7.128854039883947e-05
XGB,FTSE,1,2022-07-01,2023-07-01,2022-10-25,3098,8.855592142159725,0.021617543943154516,0.0095271235,0.024659588299060786,0.006055641602051409
XGB,FTSE,1,2022-07-01,2023-07-01,2022-10-26,3099,8.861647783761777,0.022773957105709286,0.011217969,0.038737613285034556,0.0024912038944151504
XGB,FTSE,1,2022-07-01,2023-07-01,2022-10-27,3100,8.864138987656192,0.023426133582459485,0.010083243,0.03149063948029074,-0.0036823584999048364
XGB,FTSE,1,2022-07-01,2023-07-01,2022-10-28,3101,8.860456629156287,0.02528305038972789,0.0074620694,0.03600827885190405,0.006618485791081596
XGB,FTSE,1,2022-07-01,2023-07-01,2022-10-31,3102,8.867075114947369,0.02626199140995311,0.008492388,0.02804750761380781,0.01284271141297566
XGB,FTSE,1,2022-07-01,2023-07-01,2022-11-01,3103,8.879917826360344,0.027355655940468182,0.009755927,0.02597400550447837,-0.005875692472121941
XGB,FTSE,1,2022-07-01,2023-07-01,2022-11-02,3104,8.874042133888222,0.02811956185871267,0.0047592167,0.024050211690930468,0.006209596570563747
XGB,FTSE,1,2022-07-01,2023-07-01,2022-11-03,3105,8.880251730458786,0.028968647976567397,0.0064235935,0.026981572509274798,0.02013366658802518
XGB,FTSE,1,2022-07-01,2023-07-01,2022-11-04,3106,8.900385397046811,0.028904748440886863,0.009055491,0.004706160444730045,-0.004755769910328667
XGB,FTSE,1,2022-07-01,2023-07-01,2022-11-07,3107,8.895629627136483,0.02837859300472978,0.0059291148,0.006989243618983565,0.000835280871708477
XGB,FTSE,1,2022-07-01,2023-07-01,2022-11-08,3108,8.896464908008191,0.027098267727710734,0.006362373,0.00551438030780993,-0.0013422854470146461
XGB,FTSE,1,2022-07-01,2023-07-01,2022-11-09,3109,8.895122622561177,0.026375987702090598,0.00581922,0.012151274919478539,0.010769209303646221
XGB,FTSE,1,2022-07-01,2023-07-01,2022-11-10,3110,8.905891831864823,0.02417154686649603,0.009063067,0.00021693004355860523,-0.007799486285669843
XGB,FTSE,1,2022-07-01,2023-07-01,2022-11-11,3111,8.898092345579153,0.02432811642878363,0.0022223382,0.018252707904274246,0.009140957388908078
XGB,FTSE,1,2022-07-01,2023-07-01,2022-11-14,3112,8.907233302968061,0.023534694561252678,0.0053923996,0.010774224503975915,-0.0021417454765195743
XGB,FTSE,1,2022-07-01,2023-07-01,2022-11-15,3113,8.905091557491541,0.022769936004943148,0.0046553314,0.013103476151270499,-0.002472686736075147
XGB,FTSE,1,2022-07-01,2023-07-01,2022-11-16,3114,8.902618870755466,0.022642116755314134,0.0036406647,0.01826454730662519,-0.0006395824394651584
XGB,FTSE,1,2022-07-01,2023-07-01,2022-11-17,3115,8.901979288316001,0.022137882022313704,0.0043441746,0.01720632172942871,0.005294609164653963
XGB,FTSE,1,2022-07-01,2023-07-01,2022-11-18,3116,8.907273897480655,0.021666315221844812,0.0069708265,0.016983123407444012,-0.0011651355722737122
XGB,FTSE,1,2022-07-01,2023-07-01,2022-11-21,3117,8.906108761908381,0.02266479462522497,0.006055307,0.026249024819955835,0.010236291575045797
XGB,FTSE,1,2022-07-01,2023-07-01,2022-11-22,3118,8.916345053483427,0.021733914058437165,0.008320605,0.014082983305335972,0.0016624739886097473
XGB,FTSE,1,2022-07-01,2023-07-01,2022-11-23,3119,8.918007527472037,0.020399152321591174,0.008307341,0.012116195678276043,0.0001875061707750092
XGB,FTSE,1,2022-07-01,2023-07-01,2022-11-24,3120,8.918195033642812,0.019306343962423256,0.008448415,0.01342300725306167,0.0026883844192795436
XGB,FTSE,1,2022-07-01,2023-07-01,2022-11-25,3121,8.920883418062092,0.01676781312352027,0.009088616,0.004624138783249521,-0.0016978080166616394
XGB,FTSE,1,2022-07-01,2023-07-01,2022-11-28,3122,8.91918561004543,0.01404399524790989,0.0078749675,0.002031677761788586,0.005071410842669266
XGB,FTSE,1,2022-07-01,2023-07-01,2022-11-29,3123,8.9242570208881,0.010185200733213051,0.010023608,-0.005312248603797087,0.008100765840238111
XGB,FTSE,1,2022-07-01,2023-07-01,2022-11-30,3124,8.932357786728337,0.005427345141280071,0.010558687,-0.012824351489875596,-0.0019297499395740658
XGB,FTSE,1,2022-07-01,2023-07-01,2022-12-01,3125,8.930428036788763,0.000761023608557565,0.008301348,-0.014995782356100662,-0.0003043136384501821
XGB,FTSE,1,2022-07-01,2023-07-01,2022-12-02,3126,8.930123723150313,-0.00154050539753392,0.006993032,-0.0070788447113354636,0.001494317745560636
XGB,FTSE,1,2022-07-01,2023-07-01,2022-12-05,3127,8.931618040895874,-0.004029961830461559,0.0068663247,-0.009506570542795245,-0.006110484050532605
XGB,FTSE,1,2022-07-01,2023-07-01,2022-12-06,3128,8.925507556845341,-0.006180111912156505,0.0009799579,-0.012737963770845795,-0.004290269038122574
XGB,FTSE,1,2022-07-01,2023-07-01,2022-12-07,3129,8.921217287807218,-0.00808569106295387,-0.0010241887,-0.021200026778203096,-0.0022725155229164073
XGB,FTSE,1,2022-07-01,2023-07-01,2022-12-08,3130,8.918944772284302,-0.009182762540794087,-0.0008600656,-0.014952972256255137,0.0005886629541596022
XGB,FTSE,1,2022-07-01,2023-07-01,2022-12-09,3131,8.919533435238462,-0.010325525307470329,-0.00042727095,-0.014279028993167131,-0.004101180805799132
XGB,FTSE,1,2022-07-01,2023-07-01,2022-12-12,3132,8.915432254432663,-0.008248407976207517,-0.0007820362,0.006865954225137472,0.007612624006315016
XGB,FTSE,1,2022-07-01,2023-07-01,2022-12-13,3133,8.923044878438978,-0.008399408900102046,0.0012060263,-0.004488339017699516,-0.0009334080858991456
XGB,FTSE,1,2022-07-01,2023-07-01,2022-12-14,3134,8.922111470353078,-0.008180013757895566,0.00038407627,-0.0030596664227875436,-0.009341877278583155
XGB,FTSE,1,2022-07-01,2023-07-01,2022-12-15,3135,8.912769593074495,-0.006442875235933343,-0.005526821,0.009515329461727617,-0.012752332045479875
XGB,FTSE,1,2022-07-01,2023-07-01,2022-12-16,3136,8.900017261029015,-0.0036537136466510134,-0.009451949,0.02433296575389754,0.003974538999031552
XGB,FTSE,1,2022-07-01,2023-07-01,2022-12-19,3137,8.903991800028047,-0.002243964391992037,-0.007859959,0.012205699444580276,0.0012626062172476082
XGB,FTSE,1,2022-07-01,2023-07-01,2022-12-20,3138,8.905254406245295,0.001029051361362221,-0.0059764697,0.02459134788666084,0.01704380241250547
XGB,FTSE,1,2022-07-01,2023-07-01,2022-12-21,3139,8.9222982086578,0.002361376061221776,-0.0032991804,0.011656076357608569,-0.0037416692365219717
XGB,FTSE,1,2022-07-01,2023-07-01,2022-12-22,3140,8.918556539421278,0.004886241568629046,-0.0037319204,0.021745195275718388,0.0004952645090128271
XGB,FTSE,1,2022-07-01,2023-07-01,2022-12-23,3141,8.91905180393029,0.008325913459858114,-0.0020836918,0.02985886673817717,0.003233118605932006
XGB,FTSE,1,2022-07-01,2023-07-01,2022-12-28,3142,8.922284922536223,0.011803217697790913,-0.0017256464,0.029919221520367856,0.0020653042466900473
XGB,FTSE,1,2022-07-01,2023-07-01,2022-12-29,3143,8.924350226782913,0.014234167588481839,0.0006990611,0.02391084012099398,-0.008152727310285712
XGB,FTSE,1,2022-07-01,2023-07-01,2022-12-30,3144,8.916197499472627,0.018278860871497216,-0.0055919536,0.0360196022933188,0.013648254659328174
XGB,FTSE,1,2022-07-01,2023-07-01,2023-01-03,3145,8.929845754131955,0.021350437382631426,-0.0024192971,0.03126373176669972,0.004108530883453199
XGB,FTSE,1,2022-07-01,2023-07-01,2023-01-04,3146,8.933954285015409,0.0244193900309142,-0.0017188346,0.033562663266863524,0.006347449681587847
XGB,FTSE,1,2022-07-01,2023-07-01,2023-01-05,3147,8.940301734696996,0.026731906031162822,0.0006852496,0.02925288571593576,0.00860893597147161
XGB,FTSE,1,2022-07-01,2023-07-01,2023-01-06,3148,8.948910670668468,0.027537767298621674,0.0018028277,0.019485520529787692,0.003293473388122692
XGB,FTSE,1,2022-07-01,2023-07-01,2023-01-09,3149,8.95220414405659,0.0269670128039472,0.0044118855,0.013603065618806198,-0.003943077152683827
XGB,FTSE,1,2022-07-01,2023-07-01,2023-01-10,3150,8.948261066903907,0.0250237095141852,0.0025107122,0.006838582435431562,0.003956034862039104
XGB,FTSE,1,2022-07-01,2023-07-01,2023-01-11,3151,8.952217101765946,0.022858687527550714,0.0035357014,0.005885571259051758,0.008892384132709097
XGB,FTSE,1,2022-07-01,2023-07-01,2023-01-12,3152,8.961109485898655,0.019900833961756348,0.003347089,-0.0011939129292688477,0.006407462383617002
XGB,FTSE,1,2022-07-01,2023-07-01,2023-01-13,3153,8.967516948282272,0.015523747301832813,0.00506447,-0.011114455382495336,0.0020376721306600842
XGB,FTSE,1,2022-07-01,2023-07-01,2023-01-16,3154,8.969554620412932,0.010594667443552197,0.0042783017,-0.01476479181026491,-0.0011584292146764597
XGB,FTSE,1,2022-07-01,2023-07-01,2023-01-17,3155,8.968396191198256,0.006500855025565855,0.0030607388,-0.011516822906834534,-0.002588981522858802
XGB,FTSE,1,2022-07-01,2023-07-01,2023-01-18,3156,8.965807209675397,0.0032865537683193224,0.00087934535,-0.008399692671893888,-0.010707560336058464
XGB,FTSE,1,2022-07-01,2023-07-01,2023-01-19,3157,8.955099649339338,0.0026044432824381403,-0.006500806,0.004841577086786231,0.0030030236856593007
XGB,FTSE,1,2022-07-01,2023-07-01,2023-01-20,3158,8.958102673024998,0.001247732496166165,-0.003191856,0.00014156175564217222,0.0018128999443884908
XGB,FTSE,1,2022-07-01,2023-07-01,2023-01-23,3159,8.959915572969386,-0.00048408195814353405,-0.004023252,-0.0030362046779650598,-0.0035130800696094866
XGB,FTSE,1,2022-07-01,2023-07-01,2023-01-24,3160,8.956402492899777,0.0002709522546222587,-0.004961598,0.00806294073548841,-0.0016126642971094896
XGB,FTSE,1,2022-07-01,2023-07-01,2023-01-25,3161,8.954789828602667,0.0028248507040409265,-0.004965595,0.020056007282805766,0.0020895396887539164
XGB,FTSE,1,2022-07-01,2023-07-01,2023-01-26,3162,8.956879368291421,0.0038068831367734646,-0.003905617,0.00969376299748248,0.000528148712081844
XGB,FTSE,1,2022-07-01,2023-07-01,2023-01-27,3163,8.957407517003503,0.005189395037906053,-0.0020301195,0.012732178920947135,0.002533709422621655
XGB,FTSE,1,2022-07-01,2023-07-01,2023-01-30,3164,8.959941226426125,0.006403189345958182,-0.0014877337,0.012801662035203165,-0.0016969916454847578
XGB,FTSE,1,2022-07-01,2023-07-01,2023-01-31,3165,8.95824423478064,0.008465114327114165,-0.0016950532,0.01779054586324058,-0.0013648664892187412
XGB,FTSE,1,2022-07-01,2023-07-01,2023-02-01,3166,8.956879368291421,0.01004252833736885,-0.0019510478,0.015521023127794464,0.007586065343843984
XGB,FTSE,1,2022-07-01,2023-07-01,2023-02-02,3167,8.964465433635265,0.011122448418046105,-0.00071873725,0.016159853931183576,0.010380402250207865
XGB,FTSE,1,2022-07-01,2023-07-01,2023-02-03,3168,8.974845835885473,0.010859530182740329,-0.0002604566,0.006571805234678152,-0.008272704596569369
XGB,FTSE,1,2022-07-01,2023-07-01,2023-02-06,3169,8.966573131288904,0.012550640262661616,-0.006309223,0.0203486271328579,0.0035665646355464986
XGB,FTSE,1,2022-07-01,2023-07-01,2023-02-07,3170,8.97013969592445,0.013945488957274321,-0.0030815972,0.01861840530447445,0.0026031925368776854
XGB,FTSE,1,2022-07-01,2023-07-01,2023-02-08,3171,8.972742888461328,0.014573464297445327,-0.0025901864,0.01500376880575871,0.003291892182552658
XGB,FTSE,1,2022-07-01,2023-07-01,2023-02-09,3172,8.97603478064388,0.014746084057927433,-8.5714004e-05,0.012947919970699218,-0.003634389224664858
XGB,FTSE,1,2022-07-01,2023-07-01,2023-02-10,3173,8.972400391419216,0.014522189051778156,-0.0017604822,0.012017547310321675,0.008224896147233096
XGB,FTSE,1,2022-07-01,2023-07-01,2023-02-13,3174,8.980625287566449,0.011988614646647022,0.0010689036,-0.002141301443053578,0.0007923535537024406
XGB,FTSE,1,2022-07-01,2023-07-01,2023-02-14,3175,8.981417641120151,0.008849526804770136,-1.8180868e-05,-0.005825369117285817,0.005504117301610378
XGB,FTSE,1,2022-07-01,2023-07-01,2023-02-15,3176,8.986921758421762,0.004405146839937757,0.0026122346,-0.015003539008995759,0.0018363428071630494
XGB,FTSE,1,2022-07-01,2023-07-01,2023-02-16,3177,8.988758101228925,0.0015460876702739768,0.0014462569,-0.009706853646498814,-0.0010114439618380544
XGB,FTSE,1,2022-07-01,2023-07-01,2023-02-17,3178,8.987746657267087,-0.0018482727648283515,0.0006852707,-0.016133152629766556,0.0012360433474931654
XGB,FTSE,1,2022-07-01,2023-07-01,2023-02-20,3179,8.98898270061458,-0.0043909179934793485,-1.4073172e-05,-0.012480374956346907,-0.004564761885042401
XGB,FTSE,1,2022-07-01,2023-07-01,2023-02-21,3180,8.984417938729537,-0.0051407431969376916,-0.0033267688,-0.004245733004529129,-0.005933952606142157
XGB,FTSE,1,2022-07-01,2023-07-01,2023-02-22,3181,8.978483986123395,-0.004714444503379767,-0.005934977,0.002078387390692882,-0.002891714120529798
XGB,FTSE,1,2022-07-01,2023-07-01,2023-02-23,3182,8.975592272002865,-0.004090956714339455,-0.0054216743,0.0027907969968303803,-0.0036740525900995635
XGB,FTSE,1,2022-07-01,2023-07-01,2023-02-24,3183,8.971918219412766,-0.0030665314690345724,-0.005210322,0.005165132089709701,0.007133028169659994
XGB,FTSE,1,2022-07-01,2023-07-01,2023-02-27,3184,8.979051247582426,-0.003362736751409301,-0.0035239463,-0.0006555556884642044,-0.007437742945105796
XGB,FTSE,1,2022-07-01,2023-07-01,2023-02-28,3185,8.97161350463732,-0.0036250591464561666,-0.007123888,0.0004696782146051959,0.004888821020912815
XGB,FTSE,1,2022-07-01,2023-07-01,2023-03-01,3186,8.976502325658233,-0.005234671636692667,-0.0025268917,-0.021260688841220343,0.0036698800667753773
XGB,FTSE,1,2022-07-01,2023-07-01,2023-03-02,3187,8.980172205725008,-0.0074942569304763396,-0.0018456158,-0.05105479820286618,0.00039016778907985383
XGB,FTSE,1,2022-07-01,2023-07-01,2023-03-03,3188,8.980562373514088,-0.009474449784837802,-0.0002497327,-0.0397891317774306,-0.0021793045143922996
XGB,FTSE,1,2022-07-01,2023-07-01,2023-03-06,3189,8.978383068999696,-0.011255249491174624,-0.0013024928,-0.07667605622822649,-0.001299717497220243
XGB,FTSE,1,2022-07-01,2023-07-01,2023-03-07,3190,8.977083351502475,-0.01297601747693733,-0.0005481929,-0.06649763321234303,0.0013123403914860887
XGB,FTSE,1,2022-07-01,2023-07-01,2023-03-08,3191,8.978395691893962,-0.015822878097415227,-0.0009096429,-0.07792848305609468,-0.006312509042036396
XGB,FTSE,1,2022-07-01,2023-07-01,2023-03-09,3192,8.972083182851925,-0.01775274261734161,-0.005066876,-0.06232102865244471,-0.016841546034912724
XGB,FTSE,1,2022-07-01,2023-07-01,2023-03-10,3193,8.955241636817012,-0.018394890099514782,-0.011268521,-0.027768255718266133,-0.02612422929487046
XGB,FTSE,1,2022-07-01,2023-07-01,2023-03-13,3194,8.929117407522142,-0.018967667852225034,-0.013405433,0.0024081024575952625,0.011655834214515437
XGB,FTSE,1,2022-07-01,2023-07-01,2023-03-14,3195,8.940773241736657,-0.020533606557997075,-0.008526731,-0.018168263946334307,-0.03906622896518819
XGB,FTSE,1,2022-07-01,2023-07-01,2023-03-15,3196,8.90170701277147,-0.02280169164018986,-0.015067658,0.008271233595557703,0.00887870551866321
XGB,FTSE,1,2022-07-01,2023-07-01,2023-03-16,3197,8.910585718290132,-0.024301128050328913,-0.012070951,0.008305468525071191,-0.010118509452265556
XGB,FTSE,1,2022-07-01,2023-07-01,2023-03-17,3198,8.900467208837867,-0.02491939385672559,-0.015429627,0.02009553717218182,0.009294945361613571
XGB,FTSE,1,2022-07-01,2023-07-01,2023-03-20,3199,8.90976215419948,-0.024227135527770116,-0.0101585295,0.021432910526801408,0.017711226899265853
XGB,FTSE,1,2022-07-01,2023-07-01,2023-03-21,3200,8.927473381098746,-0.023239062033715285,-0.0076408284,0.011110746827425189,0.004052128880990935
XGB,FTSE,1,2022-07-01,2023-07-01,2023-03-22,3201,8.931525509979737,-0.021772413399331114,-0.005089676,0.008540419791964737,-0.008920532189414132
XGB,FTSE,1,2022-07-01,2023-07-01,2023-03-23,3202,8.922604977790323,-0.018635935132744308,-0.011850855,0.022857974387342495,-0.012626731423296178
XGB,FTSE,1,2022-07-01,2023-07-01,2023-03-24,3203,8.909978246367027,-0.014952948084538065,-0.014304007,0.030454481256539268,0.008912940448176698
XGB,FTSE,1,2022-07-01,2023-07-01,2023-03-27,3204,8.918891186815204,-0.011055477015203152,-0.009115842,0.025254581606589,0.0016715591948450736
XGB,FTSE,1,2022-07-01,2023-07-01,2023-03-28,3205,8.920562746010049,-0.005769569193027735,-0.006149566,0.03380093017116259,0.010632318716233158
XGB,FTSE,1,2022-07-01,2023-07-01,2023-03-29,3206,8.931195064726282,-0.0007963326739179877,-0.0024094705,0.028848957091726746,0.007389063199889634
XGB,FTSE,1,2022-07-01,2023-07-01,2023-03-30,3207,8.938584127926172,0.003927941134762136,0.00078895065,0.02646930308941009,0.0014818018455304838
XGB,FTSE,1,2022-07-01,2023-07-01,2023-03-31,3208,8.940065929771702,0.008548160512665604,0.0035186803,0.027361750582224786,0.005397022405963625
XGB,FTSE,1,2022-07-01,2023-07-01,2023-04-03,3209,8.945462952177666,0.012641408861648884,0.0049808533,0.025591770816026482,-0.005030224554099405
XGB,FTSE,1,2022-07-01,2023-07-01,2023-04-04,3210,8.940432727623566,0.017126225583382393,0.0012551016,0.031587001438559525,0.00371304079822643
XGB,FTSE,1,2022-07-01,2023-07-01,2023-04-05,3211,8.944145768421793,0.02115557318669481,0.0027278783,0.03166142376584702,0.010217907759418665
XGB,FTSE,1,2022-07-01,2023-07-01,2023-04-06,3212,8.954363676181211,0.023171381902622912,0.0033926838,0.020102427275086043,0.005680345636797313
XGB,FTSE,1,2022-07-01,2023-07-01,2023-04-11,3213,8.960044021818009,0.02407185498232778,0.0047759064,0.014903088772530992,0.005009409197572978
XGB,FTSE,1,2022-07-01,2023-07-01,2023-04-12,3214,8.965053431015582,0.024162177078837388,0.004680992,0.011347839024711703,0.00237424933834518
XGB,FTSE,1,2022-07-01,2023-07-01,2023-04-13,3215,8.967427680353927,0.023519148844277638,0.0057288962,0.008733495372760913,0.003627042639765321
XGB,FTSE,1,2022-07-01,2023-07-01,2023-04-14,3216,8.971054722993692,0.02159877026405077,0.005074372,0.0024361104875989525,0.0009650060684336381
XGB,FTSE,1,2022-07-01,2023-07-01,2023-04-17,3217,8.972019729062126,0.01852904551731882,0.0061474834,-0.0034197504964090797,0.0037874631255139235
XGB,FTSE,1,2022-07-01,2023-07-01,2023-04-18,3218,8.97580719218764,0.014541026816038638,0.0062325024,-0.009885069335007657,-0.0013410887313423103
XGB,FTSE,1,2022-07-01,2023-07-01,2023-04-19,3219,8.974466103456297,0.012011188967635533,0.003916308,-0.0035765136613292725,0.0004810071342422617
XGB,FTSE,1,2022-07-01,2023-07-01,2023-04-20,3220,8.97494711059054,0.007868890147129548,0.0031346637,-0.016535641360320597,0.0014541594497536892
XGB,FTSE,1,2022-07-01,2023-07-01,2023-04-21,3221,8.976401270040293,0.004004647925311744,0.0013366487,-0.016010556337507253,-0.00024009431360560995
XGB,FTSE,1,2022-07-01,2023-07-01,2023-04-24,3222,8.976161175726688,-0.00065674029604601,0.0010570289,-0.026847949863999077,-0.0026703422453966397
XGB,FTSE,1,2022-07-01,2023-07-01,2023-04-25,3223,8.973490833481291,-0.0030509216263396866,-0.0019806905,-0.01438490554064309,-0.004890854915574394
XGB,FTSE,1,2022-07-01,2023-07-01,2023-04-26,3224,8.968599978565717,-0.0045724559364899164,-0.005121472,-0.011334141823054367,-0.0026778557130846536
XGB,FTSE,1,2022-07-01,2023-07-01,2023-04-27,3225,8.965922122852632,-0.005941018598411674,-0.0054718717,-0.011597236945940281,0.004967466942336074
XGB,FTSE,1,2022-07-01,2023-07-01,2023-04-28,3226,8.970889589794968,-0.008422583089313207,-0.002821363,-0.017947818929673787,-0.012478120564749062
XGB,FTSE,1,2022-07-01,2023-07-01,2023-05-02,3227,8.958411469230219,-0.008448510947037136,-0.00848805,-0.0023699619825698903,0.001979244472567032
XGB,FTSE,1,2022-07-01,2023-07-01,2023-05-03,3228,8.960390713702786,-0.008061848640974034,-0.004983489,-0.00137474494565204,-0.011077487840097433
XGB,FTSE,1,2022-07-01,2023-07-01,2023-05-04,3229,8.949313225862689,-0.00703082910775521,-0.0095131025,0.006276834495706041,0.009792702077959348
XGB,FTSE,1,2022-07-01,2023-07-01,2023-05-05,3230,8.959105927940648,-0.007937974032177664,-0.004260532,-0.007121837745355464,-0.0018400911979856716
XGB,FTSE,1,2022-07-01,2023-07-01,2023-05-09,3231,8.957265836742662,-0.007884243926641332,-0.0048460187,-0.0028117819054092053,-0.0029409508359705683
XGB,FTSE,1,2022-07-01,2023-07-01,2023-05-10,3232,8.954324885906692,-0.006871708681916999,-0.00427515,0.0020131503296880737,-0.0013831150413974314
XGB,FTSE,1,2022-07-01,2023-07-01,2023-05-11,3233,8.952941770865294,-0.0051872768301564065,-0.0045915246,0.005212364343947229,0.003099736382354834
XGB,FTSE,1,2022-07-01,2023-07-01,2023-05-12,3234,8.95604150724765,-0.004286916103474425,-0.0038766516,0.0010826291580308123,0.0029744615094848825
XGB,FTSE,1,2022-07-01,2023-07-01,2023-05-15,3235,8.959015968757134,-0.0058340800880802846,-0.0020933107,-0.019552982559932985,-0.0034259083987393524
XGB,FTSE,1,2022-07-01,2023-07-01,2023-05-16,3236,8.955590060358395,-0.0075910047394227576,-0.0033465642,-0.023522843536023075,-0.003605970163102157
XGB,FTSE,1,2022-07-01,2023-07-01,2023-05-17,3237,8.951984090195293,-0.007970204840548334,-0.0047812923,-0.012507980137366204,0.002469964641960587
XGB,FTSE,1,2022-07-01,2023-07-01,2023-05-18,3238,8.954454054837253,-0.01000539722406657,-0.0046935934,-0.028853408576150485,0.0018839813991267107
XGB,FTSE,1,2022-07-01,2023-07-01,2023-05-19,3239,8.95633803623638,-0.0134064987711362,-0.0023786698,-0.040892338749266344,0.0018160989728617238
XGB,FTSE,1,2022-07-01,2023-07-01,2023-05-22,3240,8.958154135209242,-0.016758055645553327,-0.0008291435,-0.0367900321709449,-0.0010299988035615826
XGB,FTSE,1,2022-07-01,2023-07-01,2023-05-23,3241,8.95712413640568,-0.018090552816236283,-0.0015905644,-0.020260570500036934,-0.017661150208478915
XGB,FTSE,1,2022-07-01,2023-07-01,2023-05-24,3242,8.939462986197201,-0.017556131470083614,-0.008078085,-0.0035594599227781742,-0.007395769374829442
XGB,FTSE,1,2022-07-01,2023-07-01,2023-05-25,3243,8.932067216822372,-0.015669465854223574,-0.011474635,0.007526872210403823,0.007408893235554714
XGB,FTSE,1,2022-07-01,2023-07-01,2023-05-26,3244,8.939476110057926,-0.014475893419390928,-0.008240003,-0.0003803416922867342,-0.013875463796823695
XGB,FTSE,1,2022-07-01,2023-07-01,2023-05-30,3245,8.925600646261103,-0.012533591694337431,-0.011024907,0.010263431250029598,-0.010154948773989148
XGB,FTSE,1,2022-07-01,2023-07-01,2023-05-31,3246,8.915445697487113,-0.010275610126003087,-0.014050686,0.01549816871066767,0.00591840555118317
XGB,FTSE,1,2022-07-01,2023-07-01,2023-06-01,3247,8.921364103038297,-0.008131941627357975,-0.011384636,0.010676735193968057,0.01549946286734638
XGB,FTSE,1,2022-07-01,2023-07-01,2023-06-02,3248,8.936863565905643,-0.007085905345272536,-0.0067090276,-0.0016445100529924872,-0.0009600396312201553
XGB,FTSE,1,2022-07-01,2023-07-01,2023-06-05,3249,8.935903526274423,-0.005711603062595216,-0.0049248813,0.00035522575676694146,0.0036905627583525558
XGB,FTSE,1,2022-07-01,2023-07-01,2023-06-06,3250,8.939594089032775,-0.004209399706903483,-0.0013516209,2.6180099178318983e-05,-0.0004983206671358431
XGB,FTSE,1,2022-07-01,2023-07-01,2023-06-07,3251,8.93909576836564,-0.0024542239864260296,-0.0008333689,0.002410480059538145,-0.003231690854507363
XGB,FTSE,1,2022-07-01,2023-07-01,2023-06-08,3252,8.935864077511132,-0.0018757529561046482,-0.0014011022,-0.0014748551110308483,-0.004920211313351075
XGB,FTSE,1,2022-07-01,2023-07-01,2023-06-09,3253,8.930943866197781,-0.0010796445914849073,-0.0039203297,0.000911979877418645,0.0010969720344835565
XGB,FTSE,1,2022-07-01,2023-07-01,2023-06-12,3254,8.932040838232265,-0.0007701947615892379,-0.0032694722,-0.0015201689261274964,0.003178217620385837
XGB,FTSE,1,2022-07-01,2023-07-01,2023-06-13,3255,8.93521905585265,-0.0023311670643249016,-0.0013537857,-0.012294125210818407,0.0010396961785392733
XGB,FTSE,1,2022-07-01,2023-07-01,2023-06-14,3256,8.93625875203119,-0.004867558771621816,-0.00033218076,-0.018693412660114817,0.0033615171007639333
XGB,FTSE,1,2022-07-01,2023-07-01,2023-06-15,3257,8.939620269131954,-0.008066507652038979,0.00086836895,-0.02316783989384774,0.0018859792932239827
XGB,FTSE,1,2022-07-01,2023-07-01,2023-06-16,3258,8.941506248425178,-0.011163208474846087,0.0022967383,-0.02399450305365569,-0.007117026025076356
XGB,FTSE,1,2022-07-01,2023-07-01,2023-06-19,3259,8.934389222400101,-0.011529833858473282,-0.0030220507,-0.011664258431157037,-0.0025333763249015817
XGB,FTSE,1,2022-07-01,2023-07-01,2023-06-20,3260,8.9318558460752,-0.01208760407364906,-0.0033836733,-0.012977990725181243,-0.0013351767690625849
XGB,FTSE,1,2022-07-01,2023-07-01,2023-06-21,3261,8.930520669306137,-0.011052969864495665,-0.0043139835,-0.0036711651632668207,-0.007595738664305074
XGB,FTSE,2,2023-07-01,2024-07-01,2023-07-03,3269,8.926291664809604,-0.014242814368255807,0.0011107012,-0.014883060128539682,-0.0010101163050677542
XGB,FTSE,2,2023-07-01,2024-07-01,2023-07-04,3270,8.925281548504536,-0.014927300314878877,0.0009516894,-0.01062851306730117,-0.010373189318059417
XGB,FTSE,2,2023-07-01,2024-07-01,2023-07-05,3271,8.914908359186477,-0.01370028988388583,-0.0057113506,-0.0010082882005999494,-0.021953539035516556
XGB,FTSE,2,2023-07-01,2024-07-01,2023-07-06,3272,8.89295482015096,-0.011583664348451705,-0.011394249,0.01714493694065844,-0.003246814223601291
XGB,FTSE,2,2023-07-01,2024-07-01,2023-07-07,3273,8.889708005927359,-0.007951920878902285,-0.012439826,0.026757852658017,0.0023260972017258297
XGB,FTSE,2,2023-07-01,2024-07-01,2023-07-10,3274,8.892034103129085,-0.0029170497064008316,-0.013321056,0.04231561072387713,0.0011953857045057248
XGB,FTSE,2,2023-07-01,2024-07-01,2023-07-11,3275,8.89322948883359,0.003108512715799705,-0.008759208,0.048721516843254875,0.01817911584747378
XGB,FTSE,2,2023-07-01,2024-07-01,2023-07-12,3276,8.911408604681064,0.007680326095426793,-0.003210333,0.03284159563878397,0.0032444307561707575
XGB,FTSE,2,2023-07-01,2024-07-01,2023-07-13,3277,8.914653035437235,0.012202660410943977,0.0010925926,0.031539495138646956,-0.0007529644513581957
XGB,FTSE,2,2023-07-01,2024-07-01,2023-07-14,3278,8.913900070985877,0.01684893853638947,0.0020042928,0.03401000895241779,-0.003800313894258167
XGB,FTSE,2,2023-07-01,2024-07-01,2023-07-17,3279,8.910099757091618,0.02133723001010779,-0.0010278577,0.03587132900906553,0.00636610149375727
XGB,FTSE,2,2023-07-01,2024-07-01,2023-07-18,3280,8.916465858585376,0.024940767990482726,0.00015426285,0.03157422148640343,0.017883855267585957
XGB,FTSE,2,2023-07-01,2024-07-01,2023-07-19,3281,8.934349713852962,0.026864814862150865,0.0010615546,0.013885334736968957,0.0076012918238834715
XGB,FTSE,2,2023-07-01,2024-07-01,2023-07-20,3282,8.941951005676845,0.027494067660285282,0.0020613912,0.006946664367307065,0.0022991946430028776
XGB,FTSE,2,2023-07-01,2024-07-01,2023-07-21,3283,8.944250200319848,0.026206327242597638,0.0034427405,0.00033915321590605174,0.0019423302560337419
XGB,FTSE,2,2023-07-01,2024-07-01,2023-07-24,3284,8.946192530575882,0.022055898712881827,0.0051167915,-0.01535443066853226,0.0017175493624126403
XGB,FTSE,2,2023-07-01,2024-07-01,2023-07-25,3285,8.947910079938294,0.01682665071375311,0.0059009595,-0.021365980547601637,-0.0019389938376104254
XGB,FTSE,2,2023-07-01,2024-07-01,2023-07-26,3286,8.945971086100684,0.012606051119531614,0.005284426,-0.014762788557545647,0.0020689939710951677
XGB,FTSE,2,2023-07-01,2024-07-01,2023-07-27,3287,8.94804008007178,0.007930294602386923,0.0053758146,-0.01814138889188399,0.00019496851815148375
XGB,FTSE,2,2023-07-01,2024-07-01,2023-07-28,3288,8.94823504858993,0.0028821782246364336,0.0055479393,-0.021930085918768327,0.0006626214542215791
XGB,FTSE,2,2023-07-01,2024-07-01,2023-07-31,3289,8.948897670044152,-0.00047178951682091963,0.0061377953,-0.01466661990916407,-0.004308316508398136
XGB,FTSE,2,2023-07-01,2024-07-01,2023-08-01,3290,8.944589353535754,-0.001964686226692436,0.0030968639,-0.0062414359509261885,-0.01375125362840457
XGB,FTSE,2,2023-07-01,2024-07-01,2023-08-02,3291,8.93083809990735,-0.0028177080259581544,-0.0046384768,-0.0049583022762753615,-0.004294000516656737
XGB,FTSE,2,2023-07-01,2024-07-01,2023-08-03,3292,8.926544099390693,-0.0033541573858446583,-0.0047349674,-0.002926234354900359,0.0046641981524455645
XGB,FTSE,2,2023-07-01,2024-07-01,2023-08-04,3293,8.931208297543138,-0.005650554208573411,-0.00398008,-0.023379399049375138,-0.0013096063632431765
XGB,FTSE,2,2023-07-01,2024-07-01,2023-08-07,3294,8.929898691179895,-0.008335566594816157,-0.0028760945,-0.026504777111053812,-0.003593728508732852
XGB,FTSE,2,2023-07-01,2024-07-01,2023-08-08,3295,8.926304962671162,-0.011182085677761577,-0.0032703893,-0.029279023802683213,0.007926087463825837
XGB,FTSE,2,2023-07-01,2024-07-01,2023-08-09,3296,8.934231050134988,-0.016217137815976557,0.0009673467,-0.043765431879615235,0.004116867449839745
XGB,FTSE,2,2023-07-01,2024-07-01,2023-08-10,3297,8.938347917584828,-0.021989010398735687,0.0024989692,-0.04851591290267976,-0.012468119953753742
XGB,FTSE,2,2023-07-01,2024-07-01,2023-08-11,3298,8.925879797631074,-0.025603024294623467,-0.0056495355,-0.03425821875471868,-0.002261932595281735
XGB,FTSE,2,2023-07-01,2024-07-01,2023-08-14,3299,8.923617865035792,-0.02722129763593628,-0.004965101,-0.025183954402255182,-0.015788966542029215
XGB,FTSE,2,2023-07-01,2024-07-01,2023-08-15,3300,8.907828898493763,-0.027132721988683883,-0.009397305,-0.007607078529920486,-0.004434984424921851
XGB,FTSE,2,2023-07-01,2024-07-01,2023-08-16,3301,8.903393914068841,-0.025902205555432545,-0.009046172,-0.0024905330402642534,-0.0063679752003622525
XGB,FTSE,2,2023-07-01,2024-07-01,2023-08-17,3302,8.89702593886848,-0.021555378202860354,-0.01039585,0.020954771104811698,-0.006560320613106185
XGB,FTSE,2,2023-07-01,2024-07-01,2023-08-18,3303,8.890465618255373,-0.01600064250663813,-0.013093282,0.028679877968716738,-0.0006336135732247783
XGB,FTSE,2,2023-07-01,2024-07-01,2023-08-21,3304,8.889832004682148,-0.010734254356819406,-0.012477748,0.024673161213295103,0.0017895741942073329
XGB,FTSE,2,2023-07-01,2024-07-01,2023-08-22,3305,8.891621578876356,-0.005226903247869785,-0.0085584065,0.026292149617288985,0.0068123317571817665
XGB,FTSE,2,2023-07-01,2024-07-01,2023-08-23,3306,8.898433910633537,-0.0013774642442605511,-0.0041073877,0.017911142849889927,0.0017879093303054816
XGB,FTSE,2,2023-07-01,2024-07-01,2023-08-24,3307,8.900221819963843,0.0016615520880218781,-0.0010933971,0.01412199682692794,0.0006815610647343817
XGB,FTSE,2,2023-07-01,2024-07-01,2023-08-25,3308,8.900903381028577,0.00406390582261551,5.596543e-06,0.011852732968026913,0.0170773289447137
XGB,FTSE,2,2023-07-01,2024-07-01,2023-08-29,3309,8.91798070997329,0.004588017899267882,0.0020896755,-0.0031260873777352316,0.001164786250798855
XGB,FTSE,2,2023-07-01,2024-07-01,2023-08-30,3310,8.91914549622409,0.005472292874630469,0.0023445212,0.0006019301919213405,-0.004640330328646414
XGB,FTSE,2,2023-07-01,2024-07-01,2023-08-31,3311,8.914505165895443,0.0071611980214711934,-0.00018881515,0.007739701823640033,0.0034085625982012147
XGB,FTSE,2,2023-07-01,2024-07-01,2023-09-01,3312,8.917913728493644,0.008715980744968377,-0.00013149544,0.008404531862243658,-0.0015686750102172908
XGB,FTSE,2,2023-07-01,2024-07-01,2023-09-04,3313,8.916345053483427,0.010134937932980037,-2.7239206e-05,0.009773917669955168,-0.002001236692656505
XGB,FTSE,2,2023-07-01,2024-07-01,2023-09-05,3314,8.91434381679077,0.012377670564351462,-0.0014797229,0.03113218074116908,-0.0015877027941666455
XGB,FTSE,2,2023-07-01,2024-07-01,2023-09-06,3315,8.912756113996604,0.015570181948382,-0.0014978406,0.037698905773378755,0.002098508598951554
XGB,FTSE,2,2023-07-01,2024-07-01,2023-09-07,3316,8.914854622595556,0.017483149987317148,0.0015331049,0.027985304597107685,0.004892803820455427
XGB,FTSE,2,2023-07-01,2024-07-01,2023-09-08,3317,8.919747426416011,0.01880015837409843,0.0033121111,0.024045971135398858,0.0024974413030722786
XGB,FTSE,2,2023-07-01,2024-07-01,2023-09-11,3318,8.922244867719083,0.020614214854548507,0.0060397303,0.030839197324601386,0.00407339263680484
XGB,FTSE,2,2023-07-01,2024-07-01,2023-09-12,3319,8.926318260355888,0.020852209484159445,0.00758554,0.01987427021999366,-0.0001992892025057813
XGB,FTSE,2,2023-07-01,2024-07-01,2023-09-13,3320,8.926118971153382,0.021324027677160018,0.007854235,0.02076352588599839,0.019357026378557407
XGB,FTSE,2,2023-07-01,2024-07-01,2023-09-14,3321,8.94547599753194,0.01982783981879166,0.009151726,-0.006419552197900913,0.004979022238043029
XGB,FTSE,2,2023-07-01,2024-07-01,2023-09-15,3322,8.950455019769983,0.017422122142232155,0.0091447,-0.011175593616941981,-0.0076150925773195155
XGB,FTSE,2,2023-07-01,2024-07-01,2023-09-18,3323,8.942839927192663,0.014975098236318374,0.00260048,-0.007831512554249187,0.0009534703587465998
XGB,FTSE,2,2023-07-01,2024-07-01,2023-09-19,3324,8.94379339755141,0.012318356578981948,0.00354294,-0.007639915368075734,0.009290667492274807
XGB,FTSE,2,2023-07-01,2024-07-01,2023-09-20,3325,8.953084065043685,0.00877613278147571,0.0059751538,-0.01611530401013006,-0.0068915344678028845
XGB,FTSE,2,2023-07-01,2024-07-01,2023-09-21,3326,8.946192530575882,0.004683151529780716,-0.0011380769,-0.022108555102235528,0.0006899664634989477
XGB,FTSE,2,2023-07-01,2024-07-01,2023-09-22,3327,8.94688249703938,-0.0002494592579473931,0.00036321304,-0.02820541936366361,-0.007826051705341897
XGB,FTSE,2,2023-07-01,2024-07-01,2023-09-25,3328,8.939056445334039,-0.004698393884185137,-0.0038412747,-0.028133402028057475,0.0002229808190019611
XGB,FTSE,2,2023-07-01,2024-07-01,2023-09-26,3329,8.93927942615304,-0.008170100129969882,-0.002156198,-0.023108792764192643,-0.004271011514626721
XGB,FTSE,2,2023-07-01,2024-07-01,2023-09-27,3330,8.935008414638414,-0.009792753134989951,-0.00218878,-0.013070361408280107,0.0011450675449200531
XGB,FTSE,2,2023-07-01,2024-07-01,2023-09-28,3331,8.936153482183334,-0.011489022027987517,-0.0019143134,-0.014535697765401423,0.00081527885022048
XGB,FTSE,2,2023-07-01,2024-07-01,2023-09-29,3332,8.936968761033555,-0.010726108931539358,0.0015578786,0.002638450139494708,-0.012884785559908352
XGB,FTSE,2,2023-07-01,2024-07-01,2023-10-02,3333,8.924083975473646,-0.008398404385733471,-0.005661421,0.014447673207046208,-0.005406897797929133
XGB,FTSE,2,2023-07-01,2024-07-01,2023-10-03,3334,8.918677077675717,-0.004778046084709331,-0.005460528,0.023103853907361582,-0.007754034369735763
XGB,FTSE,2,2023-07-01,2024-07-01,2023-10-04,3335,8.910923043305981,-0.0010890978984718913,-0.00953202,0.024927862854585925,0.005247590082866793
XGB,FTSE,2,2023-07-01,2024-07-01,2023-10-05,3336,8.916170633388848,0.002352577234512765,-0.0054985075,0.02375113755527991,0.005767419841285815
XGB,FTSE,2,2023-07-01,2024-07-01,2023-10-06,3337,8.921938053230134,0.005611328446002872,-0.002852114,0.02381160296488538,-0.00032026881220126313
XGB,FTSE,2,2023-07-01,2024-07-01,2023-10-09,3338,8.921617784417933,0.007116896194503397,-0.0034479292,0.012705546636972542,0.01798942675511661
XGB,FTSE,2,2023-07-01,2024-07-01,2023-10-10,3339,8.93960721117305,0.004809716694991195,2.3984954e-05,-0.017015580537634634,-0.0010755624923568519
XGB,FTSE,2,2023-07-01,2024-07-01,2023-10-11,3340,8.938531648680692,0.0013460159275737738,-0.00063550845,-0.029012612770602075,0.0032492829023862413
XGB,FTSE,2,2023-07-01,2024-07-01,2023-10-12,3341,8.941780931583079,-0.0032009069952536606,0.0012649657,-0.035956895870612016,-0.00593002542251142
XGB,FTSE,2,2023-07-01,2024-07-01,2023-10-13,3342,8.935850906160567,-0.006786266860784096,-0.0028143632,-0.028008462011154478,0.004070864783560779
XGB,FTSE,2,2023-07-01,2024-07-01,2023-10-16,3343,8.939921770944128,-0.010435585397774005,-0.0014702698,-0.02875595040772083,0.005827885250891285
XGB,FTSE,2,2023-07-01,2024-07-01,2023-10-17,3344,8.94574965619502,-0.015738125112227053,-6.453751e-05,-0.042668396132397035,-0.011426325140114102
XGB,FTSE,2,2023-07-01,2024-07-01,2023-10-18,3345,8.934323331054905,-0.02003971586523967,-0.005739971,-0.039886222262916604,-0.011731700419490565
XGB,FTSE,2,2023-07-01,2024-07-01,2023-10-19,3346,8.922591630635415,-0.022046505557838714,-0.009368618,-0.023215618690414885,-0.013072594725324294
XGB,FTSE,2,2023-07-01,2024-07-01,2023-10-20,3347,8.90951903591009,-0.02280498116006413,-0.012272422,-0.010921188805371074,-0.003695000197623699
XGB,FTSE,2,2023-07-01,2024-07-01,2023-10-23,3348,8.905824035712467,-0.022175275028621044,-0.012283019,-0.004403005372214608,0.0020184084369461175
XGB,FTSE,2,2023-07-01,2024-07-01,2023-10-24,3349,8.907842444149413,-0.019361052305974624,-0.01076484,0.007656958176509576,0.0033233763869944255
XGB,FTSE,2,2023-07-01,2024-07-01,2023-10-25,3350,8.911165820536407,-0.01737427918815726,-0.006123239,0.00045852085822239985,-0.008084560473784919
XGB,FTSE,2,2023-07-01,2024-07-01,2023-10-26,3351,8.903081260062622,-0.014314778370939862,-0.009792079,0.008556509848068217,-0.008644151270633671
XGB,FTSE,2,2023-07-01,2024-07-01,2023-10-27,3352,8.894437108791989,-0.010429790642628944,-0.011495375,0.016148609498143784,0.004938903153011154
XGB,FTSE,2,2023-07-01,2024-07-01,2023-10-30,3353,8.899376011945,-0.007496930036978711,-0.005810718,0.010088996980675446,-0.0007781648402804819
XGB,FTSE,2,2023-07-01,2024-07-01,2023-10-31,3354,8.89859784710472,-0.003379954938516505,-0.0048977397,0.01813629859611332,0.002823183235532767
XGB,FTSE,2,2023-07-01,2024-07-01,2023-11-01,3355,8.901421030340252,-0.0020574525429672974,-0.0040933914,0.0024757130665147287,0.014078371985670302
XGB,FTSE,2,2023-07-01,2024-07-01,2023-11-02,3356,8.915499402325922,-0.0017816322820980446,-0.0011984885,-0.0027837266531385296,-0.003875060931292751
XGB,FTSE,2,2023-07-01,2024-07-01,2023-11-03,3357,8.91162434139463,-0.0007356023323250582,-0.0017910352,0.0030689884754746544,1.3428516060898232e-05
XGB,FTSE,2,2023-07-01,2024-07-01,2023-11-06,3358,8.91163776991069,0.0010489782614300225,-0.0025697055,0.009272322702607028,-0.0010520516205581032
XGB,FTSE,2,2023-07-01,2024-07-01,2023-11-07,3359,8.910585718290132,0.0012655824987781727,-0.0018064869,0.00013494366122657198,-0.0011207093644571842
XGB,FTSE,2,2023-07-01,2024-07-01,2023-11-08,3360,8.909465008925675,0.002949862930352154,-0.0034220382,0.013766433612552476,0.007269136775157392
XGB,FTSE,2,2023-07-01,2024-07-01,2023-11-09,3361,8.916734145700833,0.003424202888055561,-0.00054969447,0.0054440255596048814,-0.012837402294065825
XGB,FTSE,2,2023-07-01,2024-07-01,2023-11-10,3362,8.903896743406767,0.00575945132528588,-0.008128075,0.016358671501324196,0.008818932266017043
XGB,FTSE,2,2023-07-01,2024-07-01,2023-11-13,3363,8.912715675672784,0.006614452744493349,-0.0030072771,0.005867665809587308,0.001977654197320433
XGB,FTSE,2,2023-07-01,2024-07-01,2023-11-14,3364,8.914693329870104,0.0073413124635877125,-0.0014030146,0.005775921790526439,0.0062167627431932715
XGB,FTSE,2,2023-07-01,2024-07-01,2023-11-15,3365,8.920910092613298,0.0071919541612661675,0.0034407235,0.00017366067185342615,-0.010189430661938559
XGB,FTSE,2,2023-07-01,2024-07-01,2023-11-16,3366,8.910720661951359,0.007828769379084832,-0.0036981185,0.006683886803337202,0.01251078058686872
XGB,FTSE,2,2023-07-01,2024-07-01,2023-11-17,3367,8.923231442538228,0.006845325048416839,0.0022020922,-0.006564361868624857,-0.001053271277790202
XGB,FTSE,2,2023-07-01,2024-07-01,2023-11-20,3368,8.922178171260438,0.004985845626825025,0.0026555904,-0.009772248200386358,-0.0019227563523465108
XGB,FTSE,2,2023-07-01,2024-07-01,2023-11-21,3369,8.920255414908091,0.004121008908896329,0.0017210922,-0.003776192663483613,-0.0016720734257198444
XGB,FTSE,2,2023-07-01,2024-07-01,2023-11-22,3370,8.918583341482371,0.004944271657759458,0.0018510281,0.007987281891955078,0.0018859101782595644
XGB,FTSE,2,2023-07-01,2024-07-01,2023-11-23,3371,8.92046925166063,0.005050220816560369,0.0040592933,0.00392088070852914,0.0006145016245202584
XGB,FTSE,2,2023-07-01,2024-07-01,2023-11-24,3372,8.921083753285151,0.004466877425592486,0.0047035194,0.00021359452277813773,-0.0036792045304547827
XGB,FTSE,2,2023-07-01,2024-07-01,2023-11-27,3373,8.917404548754696,0.005179102077731201,0.0024411285,0.007304965901299809,-0.0007374680850933402
XGB,FTSE,2,2023-07-01,2024-07-01,2023-11-28,3374,8.916667080669603,0.005915864851928632,0.0029702554,0.007816245188999815,-0.004261157609551702
XGB,FTSE,2,2023-07-01,2024-07-01,2023-11-29,3375,8.912405923060051,0.008297955176580274,0.0029735442,0.017492768119844015,0.004073299184556234
XGB,FTSE,2,2023-07-01,2024-07-01,2023-11-30,3376,8.916479222244607,0.009434871149100132,0.0043114447,0.012147882115693065,0.010091401129718847
XGB,FTSE,2,2023-07-01,2024-07-01,2023-12-01,3377,8.926570623374326,0.008864020303128939,0.0054961983,0.0017780955845427826,-0.002180491005166374
XGB,FTSE,2,2023-07-01,2024-07-01,2023-12-04,3378,8.92439013236916,0.00867445200503525,0.0030453054,0.004700753948435832,-0.0030927845612307436
XGB,FTSE,2,2023-07-01,2024-07-01,2023-12-05,3379,8.92129734780793,0.010506034422919086,0.00029370523,0.021032851513936635,0.0034121668480668887
XGB,FTSE,2,2023-07-01,2024-07-01,2023-12-06,3380,8.924709514655996,0.010394585961215341,0.0022659993,0.008083904237057737,-0.00022618879739333408
XGB,FTSE,2,2023-07-01,2024-07-01,2023-12-07,3381,8.924483325858603,0.010979617064114322,0.0026786588,0.013326277433142408,0.005415365321292498
XGB,FTSE,2,2023-07-01,2024-07-01,2023-12-08,3382,8.929898691179895,0.011097231725877066,0.0036020274,0.010992376605566179,-0.0012715868195947166
XGB,FTSE,2,2023-07-01,2024-07-01,2023-12-11,3383,8.9286271043603,0.012630214389144356,0.0022432108,0.02238541397427518,-0.00027838540143143575
XGB,FTSE,2,2023-07-01,2024-07-01,2023-12-12,3384,8.928348718958869,0.013969720350202053,0.0025114121,0.019938365582078177,0.0007421673587266753
XGB,FTSE,2,2023-07-01,2024-07-01,2023-12-13,3385,8.929090886317596,0.015249690550094286,0.0014434004,0.01955999348106019,0.013239313004270059
XGB,FTSE,2,2023-07-01,2024-07-01,2023-12-14,3386,8.942330199321866,0.015471551588241539,0.003184409,0.009886902444080192,-0.009536780428812008
XGB,FTSE,2,2023-07-01,2024-07-01,2023-12-15,3387,8.932793418893054,0.016774812273709472,-0.003940837,0.019125929204008685,0.005016184398691337
XGB,FTSE,2,2023-07-01,2024-07-01,2023-12-18,3388,8.937809603291745,0.017457390656364424,-0.0016310243,0.015468449422963104,0.0030814644937162683
XGB,FTSE,2,2023-07-01,2024-07-01,2023-12-19,3389,8.940891067785461,0.017127407412584006,-0.0011926969,0.010872856877593762,0.010121450549114286
XGB,FTSE,2,2023-07-01,2024-07-01,2023-12-20,3390,8.951012518334576,0.01453775387009415,0.0007895088,-0.004338283284827327,-0.00272543379362844
XGB,FTSE,2,2023-07-01,2024-07-01,2023-12-21,3391,8.948287084540947,0.013244699635368562,1.710999e-05,0.0036840449253219276,0.0003637952577086878
XGB,FTSE,2,2023-07-01,2024-07-01,2023-12-22,3392,8.948650879798656,0.011009741586503807,0.0007831573,-0.0010268215567226235,0.003566221967290062
XGB,FTSE,2,2023-07-01,2024-07-01,2023-12-27,3393,8.952217101765946,0.008353225109637208,0.0018678382,-0.003994999125913168,-0.00029775366888351584
XGB,FTSE,2,2023-07-01,2024-07-01,2023-12-28,3394,8.951919348097062,0.005605454431247381,0.00028457755,-0.005023824208615579,0.0013587046176457562
XGB,FTSE,2,2023-07-01,2024-07-01,2023-12-29,3395,8.953278052714708,0.0021117822980656342,0.0007184174,-0.01058188497883883,-0.0015141280516530742
XGB,FTSE,2,2023-07-01,2024-07-01,2024-01-02,3396,8.951763924663055,-0.001585190963666605,-0.001018421,-0.018944082578222776,-0.005089689613306803
XGB,FTSE,2,2023-07-01,2024-07-01,2024-01-03,3397,8.946674235049748,-0.0029529556110805544,-0.0035671967,-0.007499761221778201,0.005296894416520814
XGB,FTSE,2,2023-07-01,2024-07-01,2024-01-04,3398,8.95197112946627,-0.005870218030157304,-0.0028064246,-0.01673889393815564,-0.004347071224335863
XGB,FTSE,2,2023-07-01,2024-07-01,2024-01-05,3399,8.947624058241933,-0.008476087874159433,-0.0043611843,-0.01722250792055746,0.0005980443980995176
XGB,FTSE,2,2023-07-01,2024-07-01,2024-01-08,3400,8.948222102640033,-0.011485087012209405,-0.003305508,-0.0327495851598254,-0.0013265787515859273
XGB,FTSE,2,2023-07-01,2024-07-01,2024-01-09,3401,8.946895523888447,-0.014233919683904972,-0.003285772,-0.029705468308049987,-0.004199356152577494
XGB,FTSE,2,2023-07-01,2024-07-01,2024-01-10,3402,8.94269616773587,-0.016326121157838713,-0.0041338885,-0.02513082836479441,-0.009876325651037021
XGB,FTSE,2,2023-07-01,2024-07-01,2024-01-11,3403,8.932819842084832,-0.01701281297726709,-0.009172622,-0.011802862748110599,0.006354631743137773
XGB,FTSE,2,2023-07-01,2024-07-01,2024-01-12,3404,8.93917447382797,-0.018716550645246244,-0.005935838,-0.018424634881503366,-0.003942238299856626
XGB,FTSE,2,2023-07-01,2024-07-01,2024-01-15,3405,8.935232235528114,-0.01850343697523904,-0.006665371,-0.008887380333243655,-0.004830685206737684
XGB,FTSE,2,2023-07-01,2024-07-01,2024-01-16,3406,8.930401550321376,-0.017334877953206984,-0.00800803,-0.0037910450195983714,-0.014929032841168421
XGB,FTSE,2,2023-07-01,2024-07-01,2024-01-17,3407,8.915472517480207,-0.013787267725556163,-0.012133789,0.02503881045413614,0.0017175381001894863
XGB,FTSE,2,2023-07-01,2024-07-01,2024-01-18,3408,8.917190055580397,-0.009855609733234516,-0.007826821,0.02300689800826916,0.0003752837906780826
XGB,FTSE,2,2023-07-01,2024-07-01,2024-01-19,3409,8.917565339371075,-0.004995713047392769,-0.007823328,0.027024014164679144,0.003451639965646791
XGB,FTSE,2,2023-07-01,2024-07-01,2024-01-22,3410,8.921016979336722,-0.0013499830753556097,-0.005003053,0.018904791607406324,-0.00026714039025499403
XGB,FTSE,2,2023-07-01,2024-07-01,2024-01-23,3411,8.920749838946467,0.002150762586651922,-0.0031819511,0.018070507599308172,0.005595016248403084
XGB,FTSE,2,2023-07-01,2024-07-01,2024-01-24,3412,8.92634485519487,0.004295667060752351,0.0014335719,0.011596067860688564,0.00026565010690760005
XGB,FTSE,2,2023-07-01,2024-07-01,2024-01-25,3413,8.926610505301777,0.006144686833273738,0.00039651015,0.010988937664187404,0.01390082263256609
XGB,FTSE,2,2023-07-01,2024-07-01,2024-01-26,3414,8.940511327934344,0.007356008466844699,0.0024223705,0.005993698064338915,-0.0003143743456774928
XGB,FTSE,2,2023-07-01,2024-07-01,2024-01-29,3415,8.940196953588666,0.007086821456899983,0.00026366735,-0.0005111411997393844,0.004392399947088066
XGB,FTSE,2,2023-07-01,2024-07-01,2024-01-30,3416,8.944589353535754,0.005337761496264193,0.002126776,-0.009278107888036402,-0.004667582591626029
XGB,FTSE,2,2023-07-01,2024-07-01,2024-01-31,3417,8.939921770944128,0.0037681742835786736,-0.0014777372,-0.00763000955548776,-0.0011014243983531458
XGB,FTSE,2,2023-07-01,2024-07-01,2024-02-01,3418,8.938820346545775,0.0023595977699031323,-0.0020973703,-0.006383322269577718,-0.0008794234902165243
XGB,FTSE,2,2023-07-01,2024-07-01,2024-02-02,3419,8.937940923055558,-9.24038503455904e-05,-0.0026644676,-0.01364399286167739,-0.0003414800895935599
XGB,FTSE,2,2023-07-01,2024-07-01,2024-02-05,3420,8.937599442965965,-0.001110176166660537,-0.0031186996,-0.0058624924115164845,0.008905583032717601
XGB,FTSE,2,2023-07-01,2024-07-01,2024-02-06,3421,8.946505025998682,-0.0027235215975789373,-0.0015316108,-0.010930501207734977,-0.006819213609755792
XGB,FTSE,2,2023-07-01,2024-07-01,2024-02-07,3422,8.939685812388927,-0.0016188784797748212,-0.004444454,0.0108081480566522,-0.004374566741208952
XGB,FTSE,2,2023-07-01,2024-07-01,2024-02-08,3423,8.935311245647718,0.0006763445074522423,-0.004033335,0.01735882794465482,-0.0030194842590773874
XGB,FTSE,2,2023-07-01,2024-07-01,2024-02-09,3424,8.93229176138864,0.003451564696659304,-0.004055066,0.019174274619702558,0.0001452628875568962
XGB,FTSE,2,2023-07-01,2024-07-01,2024-02-12,3425,8.932437024276197,0.005000698863897313,-0.003707752,0.011656555968269089,-0.008140094082316196
XGB,FTSE,2,2023-07-01,2024-07-01,2024-02-13,3426,8.924296930193881,0.008114331320399515,-0.005624566,0.02266366185348545,0.007440020360567345
XGB,FTSE,2,2023-07-01,2024-07-01,2024-02-14,3427,8.931736950554448,0.010240715729061378,-0.0022536789,0.018056479232699374,0.0038375742364991083
XGB,FTSE,2,2023-07-01,2024-07-01,2024-02-15,3428,8.935574524790947,0.011099864924959846,-0.0004086823,0.011360015083829111,0.014919435654631386
XGB,FTSE,2,2023-07-01,2024-07-01,2024-02-16,3429,8.950493960445579,0.010358400098676057,0.0019260552,-0.003728585577944088,0.002176113146793668
XGB,FTSE,2,2023-07-01,2024-07-01,2024-02-19,3430,8.952670073592373,0.007734180270375646,0.0031692975,-0.01348247211675968,-0.0012040375840296491
XGB,FTSE,2,2023-07-01,2024-07-01,2024-02-20,3431,8.951466036008343,0.0051891976899085535,0.0029835897,-0.011622911729840979,-0.007372455763876573
XGB,FTSE,2,2023-07-01,2024-07-01,2024-02-21,3432,8.944093580244466,0.00502649886236739,-0.0016191315,0.002606713760172852,0.0028670118029001657
XGB,FTSE,2,2023-07-01,2024-07-01,2024-02-22,3433,8.946960592047366,0.003453951363795227,-0.0009982544,-0.005768469205483129,0.0028328377397812687
XGB,FTSE,2,2023-07-01,2024-07-01,2024-02-23,3434,8.949793429787148,0.001580215946097141,0.00046506175,-0.007829332861199134,-0.002858889912371154
XGB,FTSE,2,2023-07-01,2024-07-01,2024-02-26,3435,8.946934539874777,0.001081930949341725,-0.0027368157,-0.0006508891540590866,-0.00016916500714181382
XGB,FTSE,2,2023-07-01,2024-07-01,2024-02-27,3436,8.946765374867635,0.000975801792980846,-0.00392235,0.0012357323285616673,-0.007577773392021925
XGB,FTSE,2,2023-07-01,2024-07-01,2024-02-28,3437,8.939187601475613,0.001358785203843027,-0.0063597434,0.0045405214999281185,0.0006555228028890525
XGB,FTSE,2,2023-07-01,2024-07-01,2024-02-29,3438,8.939843124278502,0.00189120421771527,-0.0050564,0.00512448763286244,0.006857169726137258
XGB,FTSE,2,2023-07-01,2024-07-01,2024-03-01,3439,8.94670029400464,0.0027606465857559215,-0.0022296077,0.008463891867252826,-0.005508171162755815
XGB,FTSE,2,2023-07-01,2024-07-01,2024-03-04,3440,8.941192122841883,0.005071996458129391,-0.005360155,0.017116445855933193,0.0007719740840652634
XGB,FTSE,2,2023-07-01,2024-07-01,2024-03-05,3441,8.941964096925949,0.006520141233046672,-0.0036441141,0.012606246132675025,0.004319553794768893
XGB,FTSE,2,2023-07-01,2024-07-01,2024-03-06,3442,8.946283650720718,0.006709243002431364,-0.0016984354,0.006244069768301941,0.00171745647547894
XGB,FTSE,2,2023-07-01,2024-07-01,2024-03-07,3443,8.948001107196196,0.006408402213146758,0.0001951734,0.0039052793327041257,-0.0042729842206554736
XGB,FTSE,2,2023-07-01,2024-07-01,2024-03-08,3444,8.943728122975541,0.007321141667064879,-0.0025306146,0.010209156001609543,0.001239488935823374
XGB,FTSE,2,2023-07-01,2024-07-01,2024-03-11,3445,8.944967611911364,0.007854514252725764,-0.0019366151,0.00885336830556227,0.010196573960527644
XGB,FTSE,2,2023-07-01,2024-07-01,2024-03-12,3446,8.955164185871892,0.008409222677641992,0.00040222483,0.017248904186169867,0.003144382825924552
XGB,FTSE,2,2023-07-01,2024-07-01,2024-03-13,3447,8.958308568697817,0.009213680024661386,0.00075312355,0.020213220242151664,-0.0037382256391929047
XGB,FTSE,2,2023-07-01,2024-07-01,2024-03-14,3448,8.954570343058624,0.010802968378840205,-0.0014565431,0.02227307785793009,-0.002042622569604191
XGB,FTSE,2,2023-07-01,2024-07-01,2024-03-15,3449,8.95252772048902,0.013158623290259186,-0.0028927042,0.026006689594300525,-0.000621333960118875
XGB,FTSE,2,2023-07-01,2024-07-01,2024-03-18,3450,8.9519063865289,0.015728382081205083,-0.0029443859,0.026754103110786076,0.0020308924482499435
XGB,FTSE,2,2023-07-01,2024-07-01,2024-03-19,3451,8.95393727897715,0.018218443043458876,-0.0018496771,0.027316931508932996,-0.00011629876022389851
XGB,FTSE,2,2023-07-01,2024-07-01,2024-03-20,3452,8.953820980216927,0.020207758691519473,-0.0026822083,0.02523026736549916,0.01859210984113524
XGB,FTSE,2,2023-07-01,2024-07-01,2024-03-21,3453,8.972413090058062,0.020341605760917147,-0.0005624707,0.006927942335023474,0.006108698881906349
XGB,FTSE,2,2023-07-01,2024-07-01,2024-03-22,3454,8.978521788939968,0.020291530011398606,0.00055885414,0.005657972766355712,-0.0016783680234144782
XGB,FTSE,2,2023-07-01,2024-07-01,2024-03-25,3455,8.976843420916554,0.01842607538582186,0.00023038767,-0.0008086402726732445,0.0016909891667662436
XGB,FTSE,2,2023-07-01,2024-07-01,2024-03-26,3456,8.97853441008332,0.016716441236278357,-6.7675915e-05,0.001574853076757421,0.00012607955636667612
XGB,FTSE,2,2023-07-01,2024-07-01,2024-03-27,3457,8.978660489639687,0.014543768558677783,-0.0005114533,0.00035291359959366275,0.002593720846396863
XGB,FTSE,2,2023-07-01,2024-07-01,2024-03-28,3458,8.981254210486084,0.012529679004353866,0.000103354796,0.0010808352920292918,-0.0022029629036577347
XGB,FTSE,2,2023-07-01,2024-07-01,2024-04-02,3459,8.979051247582426,0.010080482956649206,-0.0017288584,-0.0014251045092450454,0.00028978481065955464
XGB,FTSE,2,2023-07-01,2024-07-01,2024-04-03,3460,8.979341032393085,0.009402597710076677,-0.0009987089,0.00730564917715526,0.004838729313238588
XGB,FTSE,2,2023-07-01,2024-07-01,2024-04-04,3461,8.984179761706324,0.007379707205114272,-0.00042498516,-0.0013047666933747593,-0.008144981062443435
XGB,FTSE,2,2023-07-01,2024-07-01,2024-04-05,3462,8.97603478064388,0.005783411180910747,-0.0051210234,-0.011543810004917887,0.004074482516196909
XGB,FTSE,2,2023-07-01,2024-07-01,2024-04-08,3463,8.980109263160077,0.00369723777332176,-0.0023493294,-0.012095261914877753,-0.001095859920797082
XGB,FTSE,2,2023-07-01,2024-07-01,2024-04-09,3464,8.97901340323928,0.0022025229890569875,-0.0019730115,-0.007298296030528562,0.003321642538832492
XGB,FTSE,2,2023-07-01,2024-07-01,2024-04-10,3465,8.982335045778113,0.0003830492314680356,0.00031574277,-0.008236141753286574,-0.004708902704932072
XGB,FTSE,2,2023-07-01,2024-07-01,2024-04-11,3466,8.97762614307318,0.0015557919523274677,-0.002259495,0.012553711708097381,0.00902053849705986
XGB,FTSE,2,2023-07-01,2024-07-01,2024-04-12,3467,8.98664668157024,0.0014873560888037929,0.00048938545,0.006134493107527561,-0.0037716865572914315
XGB,FTSE,2,2023-07-01,2024-07-01,2024-04-15,3468,8.98287499501295,0.0021439630521165043,-5.0719857e-05,0.009359105020596559,-0.018384024373986563
XGB,FTSE,2,2023-07-01,2024-07-01,2024-04-16,3469,8.964490970638963,0.004708330492466217,-0.005789969,0.03252002090679973,0.003523030606237043
XGB,FTSE,2,2023-07-01,2024-07-01,2024-04-17,3470,8.9680140012452,0.008165005576451279,-0.003676226,0.0365068634302137,0.0037011059635521093
XGB,FTSE,2,2023-07-01,2024-07-01,2024-04-18,3471,8.971715107208752,0.011523986832193245,-0.002800957,0.033689933101889835,0.0023837968160744794
XGB,FTSE,2,2023-07-01,2024-07-01,2024-04-19,3472,8.974098904024826,0.014563045036281252,-0.0012943813,0.030950125659522598,0.016080950756451884
XGB,FTSE,2,2023-07-01,2024-07-01,2024-04-22,3473,8.990179854781278,0.014944593070568502,0.0011895593,0.012053374756517243,0.0026013198964900397
XGB,FTSE,2,2023-07-01,2024-07-01,2024-04-23,3474,8.992781174677768,0.015849649642291297,0.0042452756,0.015712278672909363,-0.0005470746442224339
XGB,FTSE,2,2023-07-01,2024-07-01,2024-04-24,3475,8.992234100033546,0.017383625540755787,0.0038184929,0.021300320947709395,0.004776891512216608
XGB,FTSE,2,2023-07-01,2024-07-01,2024-04-25,3476,8.997010991545762,0.019413037610462425,0.0046543796,0.02864906739441686,0.007509873129651012
XGB,FTSE,2,2023-07-01,2024-07-01,2024-04-26,3477,9.004520864675413,0.02102194849551786,0.004305247,0.02598680386520691,0.0008841756352282459
XGB,FTSE,2,2023-07-01,2024-07-01,2024-04-29,3478,9.005405040310642,0.0228135871878532,0.00507829,0.028365250257092356,-0.0003560106262927576
XGB,FTSE,2,2023-07-01,2024-07-01,2024-04-30,3479,9.005049029684349,0.025304161670247183,0.0021224571,0.03495366764225061,-0.002815800146553471
XGB,FTSE,2,2023-07-01,2024-07-01,2024-05-01,3480,9.002233229537795,0.027771071653802437,0.0008160991,0.0355378770871102,0.00626022381288216
XGB,FTSE,2,2023-07-01,2024-07-01,2024-05-02,3481,9.008493453350678,0.029240814212526445,0.0014118067,0.030833140366278045,0.0050409676305775974
XGB,FTSE,2,2023-07-01,2024-07-01,2024-05-03,3482,9.013534420981255,0.030028547797662952,0.0017706734,0.02789011125841334,0.012125637958924074
XGB,FTSE,2,2023-07-01,2024-07-01,2024-05-07,3483,9.02566005894018,0.02904619652833418,0.00311089,0.014923511495062769,0.004847609600441061
XGB,FTSE,2,2023-07-01,2024-07-01,2024-05-08,3484,9.03050766854062,0.02666741343065482,0.004264152,0.007893044319287057,0.003262622027113693
XGB,FTSE,2,2023-07-01,2024-07-01,2024-05-09,3485,9.033770290567734,0.02372258671707783,0.0056436025,0.005093527839349576,0.006232406758865494
XGB,FTSE,2,2023-07-01,2024-07-01,2024-05-10,3486,9.0400026973266,0.01972964703218949,0.006345097,-0.0020533534674633813,-0.002231590701693875
XGB,FTSE,2,2023-07-01,2024-07-01,2024-05-13,3487,9.037771106624906,0.015296211304905327,0.0044179587,-0.005326124823788803,0.0015554870920500008
XGB,FTSE,2,2023-07-01,2024-07-01,2024-05-14,3488,9.039326593716956,0.010248076943650375,0.0041373856,-0.010604002805472135,0.0020979385227128944
XGB,FTSE,2,2023-07-01,2024-07-01,2024-05-15,3489,9.041424532239668,0.004776927440106604,0.0036259724,-0.015295548539576487,-0.0008409618044264988
XGB,FTSE,2,2023-07-01,2024-07-01,2024-05-16,3490,9.040583570435242,-0.0006408548637661937,0.0015681953,-0.02210610607804142,-0.0021828575753346513
XGB,FTSE,2,2023-07-01,2024-07-01,2024-05-17,3491,9.038400712859907,-0.005685120133470889,-0.00011099331,-0.028574370016254846,0.00046310554717621244
XGB,FTSE,2,2023-07-01,2024-07-01,2024-05-20,3492,9.038863818407084,-0.009410933943376776,0.00055826193,-0.02318892377336823,-0.0009144745479474636
XGB,FTSE,2,2023-07-01,2024-07-01,2024-05-21,3493,9.037949343859136,-0.011692901858840088,-0.00019688322,-0.016906759210398192,-0.0055043620580192965
XGB,FTSE,2,2023-07-01,2024-07-01,2024-05-22,3494,9.032444981801117,-0.013119604189808953,-0.002913508,-0.012926213314587542,-0.0037223908896333313
XGB,FTSE,2,2023-07-01,2024-07-01,2024-05-23,3495,9.028722590911483,-0.014312463308728596,-0.0036951243,-0.012938313397597767,-0.0025936072113914577
XGB,FTSE,2,2023-07-01,2024-07-01,2024-05-24,3496,9.026128983700092,-0.014513233833609362,-0.0038571637,-0.008524206866736606,-0.007651519342891433
XGB,FTSE,2,2023-07-01,2024-07-01,2024-05-28,3497,9.0184774643572,-0.012945376566902311,-0.005965947,0.0037606512926231517,-0.008651121513548077
XGB,FTSE,2,2023-07-01,2024-07-01,2024-05-29,3498,9.009826342843652,-0.011526631032618084,-0.0076952465,0.007584452599227021,0.005848551790062828
XGB,FTSE,2,2023-07-01,2024-07-01,2024-05-30,3499,9.015674894633715,-0.011311905182797233,-0.0033795384,-0.0003158775982772255,0.005367690015022575
XGB,FTSE,2,2023-07-01,2024-07-01,2024-05-31,3500,9.021042584648738,-0.012829326462400203,-0.0022200604,-0.015539377475326077,-0.0015238161622086466
XGB,FTSE,2,2023-07-01,2024-07-01,2024-06-03,3501,9.01951876848653,-0.01245048131232629,-0.0017940168,-0.005740875594643313,-0.003734490972643556
XGB,FTSE,2,2023-07-01,2024-07-01,2024-06-04,3502,9.015784277513886,-0.012216184718420564,-0.0022310007,-0.008331477027617495,0.001820499319469704
XGB,FTSE,2,2023-07-01,2024-07-01,2024-06-05,3503,9.017604776833355,-0.012627372993069486,-0.0003367601,-0.012212023041822562,0.004633338816468324
XGB,FTSE,2,2023-07-01,2024-07-01,2024-06-06,3504,9.022238115649824,-0.014082800576391108,0.0013499967,-0.01742239891171593,-0.004827320206944208
XGB,FTSE,2,2023-07-01,2024-07-01,2024-06-07,3505,9.01741079544288,-0.013472207964651872,-0.00173306,-0.006582924877228891,-0.002051778407441418
XGB,FTSE,2,2023-07-01,2024-07-01,2024-06-10,3506,9.015359017035438,-0.012109398402373017,-0.0026278086,-0.0028478735026702395,-0.009855809862026277
XGB,FTSE,2,2023-07-01,2024-07-01,2024-06-11,3507,9.005503207173412,-0.008498667416185768,-0.0067000706,0.01518883262235704,0.008274685718474117
XGB,FTSE,2,2023-07-01,2024-07-01,2024-06-12,3508,9.013777892891886,-0.00701271579634799,-0.0031036027,0.0026985885446588753,-0.006325092405617738
XGB,FTSE,2,2023-07-01,2024-07-01,2024-06-13,3509,9.007452800486268,-0.0038615594954656274,-0.0056153745,0.014338617772382989,-0.0020600466947353624
XGB,FTSE,2,2023-07-01,2024-07-01,2024-06-14,3510,9.005392753791533,-0.001136162287131981,-0.005749915,0.0123089996280914,-0.0005770370534250446
XGB,FTSE,2,2023-07-01,2024-07-01,2024-06-17,3511,9.004815716738108,0.001127042019017921,-0.0041557034,0.010154308649095611,0.006012153827542832
XGB,FTSE,2,2023-07-01,2024-07-01,2024-06-18,3512,9.01082787056565,0.0011505355951992868,-0.0006830606,-0.0014170925803114187,0.001683272967117233
XGB,FTSE,2,2023-07-01,2024-07-01,2024-06-19,3513,9.012511143532768,0.00045573244298324767,0.0002590719,-0.0050093588187820615,0.008180896263001003
XGB,FTSE,2,2023-07-01,2024-07-01,2024-06-20,3514,9.020692039795769,-0.0013599094578218285,0.0025038181,-0.0128596294491512,-0.0042155583592240475
XGB,FTSE,2,2023-07-01,2024-07-01,2024-06-21,3515,9.016476481436545,-0.0034108628728297674,0.0008823632,-0.01424325189874942,0.005314936822106375
XGB,FTSE,3,2024-07-01,2025-07-01,2024-07-01,3521,9.007832410346618,-0.002029233579481371,-0.0033244377,0.0032640256396607725,-0.005599180808822268
XGB,FTSE,3,2024-07-01,2025-07-01,2024-07-02,3522,9.002233229537795,0.0006220295976469004,-0.0051814467,0.012493614051889423,0.006125600127557362
XGB,FTSE,3,2024-07-01,2025-07-01,2024-07-03,3523,9.008358829665353,0.0025308006976221264,-0.0020837148,0.009961150379758976,0.008554524085319315
XGB,FTSE,3,2024-07-01,2025-07-01,2024-07-04,3524,9.016913353750672,0.001533245854911769,0.0003575855,-0.007099243223292362,-0.00454837619415116
XGB,FTSE,3,2024-07-01,2025-07-01,2024-07-05,3525,9.01236497755652,0.0008578821352465127,-0.0024046646,-0.004765231584876517,-0.0012685415702424763
XGB,FTSE,3,2024-07-01,2025-07-01,2024-07-08,3526,9.011096435986278,0.0008296467624315795,-0.0012455785,-0.0007325560427702271,-0.006575571310865058
XGB,FTSE,3,2024-07-01,2025-07-01,2024-07-09,3527,9.004520864675413,0.00227380664534671,-0.0050846953,0.007965998692817777,0.006575571310865058
XGB,FTSE,3,2024-07-01,2025-07-01,2024-07-10,3528,9.011096435986278,0.0014475449681423669,-0.0017041295,-0.0046240637570953425,0.0036304076034063826
XGB,FTSE,3,2024-07-01,2025-07-01,2024-07-11,3529,9.014726843589685,0.0009591214120447944,-0.0009917108,-0.002983786331796523,0.003593136455426915
XGB,FTSE,3,2024-07-01,2025-07-01,2024-07-12,3530,9.018319980045112,-0.0008407064665192365,0.00058496953,-0.010414092250282891,-0.008505869517732023
XGB,FTSE,3,2024-07-01,2025-07-01,2024-07-15,3531,9.00981411052738,-0.001333615224236695,-0.0030398283,-0.0035869956298117955,-0.0022143645557353153
XGB,FTSE,3,2024-07-01,2025-07-01,2024-07-16,3532,9.007599745971644,-0.0006507498514487509,-0.0020962106,0.0026297618718178484,0.0027641339718638136
XGB,FTSE,3,2024-07-01,2025-07-01,2024-07-17,3533,9.010363879943508,0.0009356717492572386,-0.0013715529,0.011922559962556534,0.002122983424722946
XGB,FTSE,3,2024-07-01,2025-07-01,2024-07-18,3534,9.012486863368231,0.0023568218995269063,0.000105734565,0.010607895397113154,-0.0060144911390480615
XGB,FTSE,3,2024-07-01,2025-07-01,2024-07-19,3535,9.006472372229183,0.004571594383131483,-0.0033516486,0.0144493650432711,0.005270685028705202
XGB,FTSE,3,2024-07-01,2025-07-01,2024-07-22,3536,9.011743057257888,0.006822121565052797,-0.0008194065,0.02042712904681565,-0.0038371694630594533
XGB,FTSE,3,2024-07-01,2025-07-01,2024-07-23,3537,9.007905887794829,0.008269111228985437,-0.0018457483,0.014102950476754472,-0.0016787728972609273
XGB,FTSE,3,2024-07-01,2025-07-01,2024-07-24,3538,9.006227114897568,0.008569083664736965,-0.0016417488,0.002572206839131397,0.004002392945894329
XGB,FTSE,3,2024-07-01,2025-07-01,2024-07-25,3539,9.010229507843462,0.006892457688373099,-0.00094598404,-0.022008187746237695,0.012056932062602499
XGB,FTSE,3,2024-07-01,2025-07-01,2024-07-26,3540,9.022286439906065,0.003550787227801777,0.0020042476,-0.03175765200326808,0.0008083188592795665
XGB,FTSE,3,2024-07-01,2025-07-01,2024-07-29,3541,9.023094758765344,0.0013798699892859645,0.0019431158,-0.015250091837788915,-0.002173021492890115
XGB,FTSE,3,2024-07-01,2025-07-01,2024-07-30,3542,9.020921737272454,-0.0007741316110276841,0.00065753295,-0.015762216236309357,0.011248449032249752
XGB,FTSE,3,2024-07-01,2025-07-01,2024-07-31,3543,9.032170186304704,-0.003784225765851801,0.0025980186,-0.02417857168022053,-0.010161348033120632
XGB,FTSE,3,2024-07-01,2025-07-01,2024-08-01,3544,9.022008838271583,-0.004785353881141319,-0.002936257,-0.00886411947752741,-0.013209516534884003
XGB,FTSE,3,2024-07-01,2025-07-01,2024-08-02,3545,9.0087993217367,-0.003987097573652676,-0.008204949,0.007373630878579007,-0.020578001639474763
XGB,FTSE,3,2024-07-01,2025-07-01,2024-08-05,3546,8.988221320097225,-0.0013285688107149696,-0.011714141,0.033509721529147996,0.0023074678055721165
XGB,FTSE,3,2024-07-01,2025-07-01,2024-08-06,3547,8.990528787902797,0.0025566310032214545,-0.010156767,0.039176651004643404,0.01731587902475873
XGB,FTSE,3,2024-07-01,2025-07-01,2024-08-07,3548,9.007844666927555,0.004367570389447906,-0.0063400837,0.01753872545168811,-0.0026851458914105564
XGB,FTSE,3,2024-07-01,2025-07-01,2024-08-08,3549,9.005159521036145,0.007191918856738866,-0.0058963513,0.025683349619995965,0.00283209358833858
XGB,FTSE,3,2024-07-01,2025-07-01,2024-08-09,3550,9.007991614624483,0.008148469059912955,-0.0024741027,0.012797102841457075,0.005153104169572487
XGB,FTSE,3,2024-07-01,2025-07-01,2024-08-12,3551,9.013144718794056,0.008696369035185114,-0.00024911016,0.00886411947752741,0.0030282338212224147
XGB,FTSE,3,2024-07-01,2025-07-01,2024-08-13,3552,9.016172952615278,0.00887770380020747,0.0031899395,0.006391011883986053,0.005558089011094225
XGB,FTSE,3,2024-07-01,2025-07-01,2024-08-14,3553,9.021731041626373,0.00902209326277692,0.004604537,0.005623529557148288,0.007974397281067525
XGB,FTSE,3,2024-07-01,2025-07-01,2024-08-15,3554,9.02970543890744,0.008399908278558854,0.0052069738,-0.00022768848896781435,-0.004322046528196566
XGB,FTSE,3,2024-07-01,2025-07-01,2024-08-16,3555,9.025383392379243,0.00822170982102044,0.0023085217,0.003902666385547704,0.0054594782768973005
XGB,FTSE,3,2024-07-01,2025-07-01,2024-08-19,3556,9.03084287065614,0.007907881957395446,0.003660181,0.0027125423676608307,-0.01005415319020031
XGB,FTSE,3,2024-07-01,2025-07-01,2024-08-20,3557,9.02078871746594,0.008988006613318333,-0.0031313812,0.01240861912383373,0.0012201208056428214
XGB,FTSE,3,2024-07-01,2025-07-01,2024-08-21,3558,9.022008838271583,0.009428325213086453,-0.0016922912,0.009659286635093522,0.0005551262276810576
XGB,FTSE,3,2024-07-01,2025-07-01,2024-08-22,3559,9.022563964499264,0.008323976136438205,-0.0020852452,0.0012660900615095727,0.00479060668425646
XGB,FTSE,3,2024-07-01,2025-07-01,2024-08-23,3560,9.02735457118352,0.005887793394364849,-0.0006737846,-0.007013199165509576,0.0021231792349514222
XGB,FTSE,3,2024-07-01,2025-07-01,2024-08-27,3561,9.029477750418472,0.0026650718810046214,0.00016223916,-0.012515814416380167,-0.00019169165368104757
XGB,FTSE,3,2024-07-01,2025-07-01,2024-08-28,3562,9.029286058764791,-0.0012339690002320935,-0.00013340528,-0.019655271895841153,0.004269354259010427
XGB,FTSE,3,2024-07-01,2025-07-01,2024-08-29,3563,9.033555413023802,-0.0035407409984404836,0.0013350905,-0.013068918111891037,-0.0003580764340274101
XGB,FTSE,3,2024-07-01,2025-07-01,2024-08-30,3564,9.033197336589774,-0.006557338747231967,0.0018208671,-0.020576463587641314,-0.0015292116830973868
XGB,FTSE,3,2024-07-01,2025-07-01,2024-09-02,3565,9.031668124906677,-0.009328389057314368,0.0005537088,-0.020522823253417144,-0.007838070345902892
XGB,FTSE,3,2024-07-01,2025-07-01,2024-09-03,3566,9.023830054560774,-0.009601852110117548,-0.0039367815,-0.00695307979738935,-0.003488682542762689
XGB,FTSE,3,2024-07-01,2025-07-01,2024-09-04,3567,9.020341372018011,-0.008579396478559431,-0.0037955958,0.00042314739643600774,-0.0033794360159191683
XGB,FTSE,3,2024-07-01,2025-07-01,2024-09-05,3568,9.016961936002092,-0.006858644649499368,-0.0049084853,0.004443103175667318,-0.007331149133142034
XGB,FTSE,3,2024-07-01,2025-07-01,2024-09-06,3569,9.00963078686895,-0.0035733116394531805,-0.0076188482,0.01557211422097815,0.010855708042960543
XGB,FTSE,3,2024-07-01,2025-07-01,2024-09-09,3570,9.02048649491191,-0.0036896474168290894,-0.0036526646,-0.002069607610337698,-0.007865621909777687
XGB,FTSE,3,2024-07-01,2025-07-01,2024-09-10,3571,9.012620873002133,-0.0013630830847137787,-0.0059195696,0.014841811005316785,-0.001475571348873217
XGB,FTSE,3,2024-07-01,2025-07-01,2024-09-11,3572,9.01114530165326,-0.00041278553099921567,-0.0049256086,0.004395992017856898,0.005731673110124902
XGB,FTSE,3,2024-07-01,2025-07-01,2024-09-12,3573,9.016876974763385,3.26626189242063e-05,-0.0029051497,0.002266595125915316,0.0038875446510626688
XGB,FTSE,3,2024-07-01,2025-07-01,2024-09-13,3574,9.020764519414447,0.00024123881944326797,0.00033195937,0.001171811470930706,0.0006405197633121418
XGB,FTSE,3,2024-07-01,2025-07-01,2024-09-16,3575,9.02140503917776,5.885142419082001e-05,0.0010854542,-0.0011724345752632814,0.0037978619121687984
XGB,FTSE,3,2024-07-01,2025-07-01,2024-09-17,3576,9.025202901089928,-0.00045298759001966005,0.0020993098,-0.0030129941591141574,-0.006786013788355305
XGB,FTSE,3,2024-07-01,2025-07-01,2024-09-18,3577,9.018416887301573,0.0010183659899940523,-0.00090263,0.008096772264547525,0.009045796705876796
XGB,FTSE,3,2024-07-01,2025-07-01,2024-09-19,3578,9.02746268400745,-0.0006537406389721667,0.0017450249,-0.011071205066201628,-0.011921390336333104
XGB,FTSE,3,2024-07-01,2025-07-01,2024-09-20,3579,9.015541293671117,9.760263052882578e-05,-0.004781168,0.0056583471389739515,0.00360227621818332
XGB,FTSE,3,2024-07-01,2025-07-01,2024-09-23,3580,9.0191435698893,0.0006829168690636322,-0.0025187912,0.003770283997830859,0.0027927609960780586
XGB,FTSE,3,2024-07-01,2025-07-01,2024-09-24,3581,9.021936330885378,0.0006669110410530976,-0.0017199193,-3.619671132781832e-05,-0.0017037262828818456
XGB,FTSE,3,2024-07-01,2025-07-01,2024-09-25,3582,9.020232604602496,0.0008604051390150858,-0.0017013656,0.001438056746037475,0.0019573023283179225
XGB,FTSE,3,2024-07-01,2025-07-01,2024-09-26,3583,9.022189906930814,0.001233457589924214,-0.00034194766,0.002254480714976026,0.004323752635306377
XGB,FTSE,3,2024-07-01,2025-07-01,2024-09-27,3584,9.02651365956612,-0.0010960905916697072,0.0012304726,-0.015771213406166495,-0.010122180624872357
XGB,FTSE,3,2024-07-01,2025-07-01,2024-09-30,3585,9.016391478941248,-0.0008372081009042631,-0.004528641,0.0008130959974081975,0.004808161868842475
XGB,FTSE,3,2024-07-01,2025-07-01,2024-10-01,3586,9.02119964081009,-0.0014556687879885288,-0.0018658635,-0.004723159373545727,0.0017142130770402275
XGB,FTSE,3,2024-07-01,2025-07-01,2024-10-02,3587,9.02291385388713,-0.002038680557816974,-0.0011335512,-0.004496966585557871,-0.0010137197130806186
XGB,FTSE,3,2024-07-01,2025-07-01,2024-10-03,3588,9.02190013417405,-0.001633551861401017,-0.0015096305,0.0012307780877378605,-0.00022947282551655235
XGB,FTSE,3,2024-07-01,2025-07-01,2024-10-04,3589,9.021670661348534,-0.002077056740501959,-0.0015172141,-0.003787057780742842,0.0027737262972564736
XGB,FTSE,3,2024-07-01,2025-07-01,2024-10-07,3590,9.02444438764579,-0.001605147364033499,-7.151523e-05,0.0030662515618971042,-0.013701941485836144
XGB,FTSE,3,2024-07-01,2025-07-01,2024-10-08,3591,9.010742446159954,0.0017137815123540179,-0.006042487,0.023469107499066055,0.006462128778702336
XGB,FTSE,3,2024-07-01,2025-07-01,2024-10-09,3592,9.017204574938656,0.003656091722991306,-0.002168778,0.01380573781203509,-0.0007280935021114487
XGB,FTSE,3,2024-07-01,2025-07-01,2024-10-10,3593,9.016476481436545,0.004851557036753107,-0.0036682908,0.009724706298797514,0.001940405865028083
XGB,FTSE,3,2024-07-01,2025-07-01,2024-10-11,3594,9.018416887301573,0.0054329884582724475,-0.0014629588,0.006376732524961071,0.004714024960215113
XGB,FTSE,3,2024-07-01,2025-07-01,2024-10-14,3595,9.023130912261788,0.004193007139233984,-0.0006374562,-0.004120598936680153,-0.005247308693997255
XGB,FTSE,3,2024-07-01,2025-07-01,2024-10-15,3596,9.01788360356779,0.004083099271241508,-0.0021362004,0.0024336776648006264,0.00962703563989642
XGB,FTSE,3,2024-07-01,2025-07-01,2024-10-16,3597,9.027510639207687,0.002082142221219385,0.000672441,-0.009687648681639516,0.006700914451332807
XGB,FTSE,3,2024-07-01,2025-07-01,2024-10-17,3598,9.03421155365902,0.0001356956546185728,0.0025297184,-0.011937253529398006,-0.0032012409083286286
XGB,FTSE,3,2024-07-01,2025-07-01,2024-10-18,3599,9.031010312750691,-0.0026058968818194472,0.00014359335,-0.016733535208580008,-0.004809125015349025
XGB,FTSE,3,2024-07-01,2025-07-01,2024-10-21,3600,9.026201187735342,-0.005412524187290657,-0.0025619545,-0.019250748618269142,-0.0014075679088083604
XGB,FTSE,3,2024-07-01,2025-07-01,2024-10-22,3601,9.024793619826534,-0.008654098798462684,-0.003100958,-0.023928130295555405,-0.005783306501426111
XGB,FTSE,3,2024-07-01,2025-07-01,2024-10-23,3602,9.019010313325108,-0.00929369131341673,-0.004550904,-0.009905216729245936,0.001306967907483525
XGB,FTSE,3,2024-07-01,2025-07-01,2024-10-24,3603,9.020317281232591,-0.009979670421575548,-0.0030643714,-0.010356512107486893,-0.0024942907065437225
XGB,FTSE,3,2024-07-01,2025-07-01,2024-10-25,3604,9.017822990526048,-0.01036263537977078,-0.003444025,-0.009305100109909148,0.004451309603574316
XGB,FTSE,3,2024-07-01,2025-07-01,2024-10-28,3605,9.022274300129622,-0.011675778505280121,-0.0014706835,-0.014454086724871473,-0.00799752258751063
XGB,FTSE,3,2024-07-01,2025-07-01,2024-10-29,3606,9.014276777542111,-0.012106528461449884,-0.003712556,-0.009645303164795394,-0.007326338425038159
XGB,FTSE,3,2024-07-01,2025-07-01,2024-10-30,3607,9.006950439117073,-0.012605988032918347,-0.0066596786,-0.010744336395061893,-0.0060849495860946234
XGB,FTSE,3,2024-07-01,2025-07-01,2024-10-31,3608,9.000865489530979,-0.011016548755053535,-0.007584776,0.001860156786490208,0.008239607064883359
XGB,FTSE,3,2024-07-01,2025-07-01,2024-11-01,3609,9.009105096595862,-0.012247166885961391,-0.004540321,-0.018688489428271282,0.0008556725292425682
XGB,FTSE,3,2024-07-01,2025-07-01,2024-11-04,3610,9.009960769125104,-0.013575930683657589,-0.0029299597,-0.018983627303731154,-0.0014428787089659778
XGB,FTSE,3,2024-07-01,2025-07-01,2024-11-05,3611,9.008517890416138,-0.013849448864107217,-0.0020518843,-0.012460417123275391,-0.0006976770113880093
XGB,FTSE,3,2024-07-01,2025-07-01,2024-11-06,3612,9.00782021340475,-0.014093825309528185,-0.0022780108,-0.012704815387731827,-0.0031887390274345506
XGB,FTSE,3,2024-07-01,2025-07-01,2024-11-07,3613,9.004631474377316,-0.012798212422440614,-0.0024020444,-0.0038646682716443337,-0.008425371655304659
XGB,FTSE,3,2024-07-01,2025-07-01,2024-11-08,3614,8.996206102722011,-0.010523796837929922,-0.005729763,0.0032897735269781236,0.006519543595457478
XGB,FTSE,3,2024-07-01,2025-07-01,2024-11-11,3615,9.002725646317469,-0.009746314803605216,-0.0033142613,-0.004947493720408147,-0.012309039149878132
XGB,FTSE,3,2024-07-01,2025-07-01,2024-11-12,3616,8.99041660716759,-0.006372196919421924,-0.007985605,0.01527068184126179,0.0005605346537826961
XGB,FTSE,3,2024-07-01,2025-07-01,2024-11-13,3617,8.990977141821373,-0.001998724899159754,-0.0048894617,0.02845688238981836,0.005080331471489785
XGB,FTSE,3,2024-07-01,2025-07-01,2024-11-14,3618,8.996057473292863,0.0021979149525872543,-0.004251689,0.0269528437134241,-0.0009420752758444451
XGB,FTSE,3,2024-07-01,2025-07-01,2024-11-15,3619,8.995115398017019,0.0059512227206255375,-0.0027564843,0.023894915308089182,0.005651408088652943
XGB,FTSE,3,2024-07-01,2025-07-01,2024-11-18,3620,9.000766806105672,0.00898586814194502,-0.0009772005,0.020203201059931786,-0.0012709298566822014
XGB,FTSE,3,2024-07-01,2025-07-01,2024-11-19,3621,8.99949587624899,0.012174624417069069,-0.0006607411,0.022247311750614784,-0.001717723651928793
XGB,FTSE,3,2024-07-01,2025-07-01,2024-11-20,3622,8.99777815259706,0.01551807428841201,-0.0009115956,0.02470132530815583,0.007909136411791806
XGB,FTSE,3,2024-07-01,2025-07-01,2024-11-21,3623,9.005687289008852,0.01781172759506333,0.0008465074,0.019876562088484206,0.013746735202339266
XGB,FTSE,3,2024-07-01,2025-07-01,2024-11-22,3624,9.019434024211192,0.019545197218967303,0.0022746401,0.011707955685844595,0.003576292795095526
XGB,FTSE,3,2024-07-01,2025-07-01,2024-11-25,3625,9.023010317006287,0.019658591083054233,0.0031261581,0.0053044309460190675,-0.004000003681179365
XGB,FTSE,3,2024-07-01,2025-07-01,2024-11-26,3626,9.019010313325108,0.020173419219990052,-8.7938e-05,0.01093469243538081,0.0019596938404955466
XGB,FTSE,3,2024-07-01,2025-07-01,2024-11-27,3627,9.020970007165603,0.018909797601503797,0.0017767926,0.004076347755576748,0.0007731808340007973
XGB,FTSE,3,2024-07-01,2025-07-01,2024-11-28,3628,9.021743187999604,0.01821962750935846,0.0022325818,0.008525048461539342,0.0007362899056122529
XGB,FTSE,3,2024-07-01,2025-07-01,2024-11-29,3629,9.022479477905216,0.01579406941825212,0.0031079599,-0.000832875339366268,0.0030843731921201822
XGB,FTSE,3,2024-07-01,2025-07-01,2024-12-02,3630,9.025563851097337,0.013296964718820803,0.0027176093,-0.0013603518604519138,0.005578128799699655
XGB,FTSE,3,2024-07-01,2025-07-01,2024-12-03,3631,9.031141979897036,0.010303848709229513,0.0043409215,-0.005710532503368171,-0.002827231944730002
XGB,FTSE,3,2024-07-01,2025-07-01,2024-12-04,3632,9.028314747952306,0.007752022493148658,0.001723959,-0.004267833773280216,0.0016302578081823782
XGB,FTSE,3,2024-07-01,2025-07-01,2024-12-05,3633,9.029945005760489,0.004266574284187641,0.00070047646,-0.010510981549296972,-0.004898650839308516
XGB,FTSE,3,2024-07-01,2025-07-01,2024-12-06,3634,9.02504635492118,0.00111683438855259,-0.0017922914,-0.013742435083425875,0.005221881539963391
XGB,FTSE,3,2024-07-01,2025-07-01,2024-12-09,3635,9.030268236461144,-0.0027854841742342984,0.0006007502,-0.018488612972427987,-0.008621633895293357
XGB,FTSE,3,2024-07-01,2025-07-01,2024-12-10,3636,9.02164660256585,-0.005742076399885221,-0.003159844,-0.021373178989197328,0.0025568966710345364
XGB,FTSE,3,2024-07-01,2025-07-01,2024-12-11,3637,9.024203499236885,-0.00950321220073036,-0.0006005721,-0.026487190705468677,0.0012279481567833983
XGB,FTSE,3,2024-07-01,2025-07-01,2024-12-12,3638,9.025431447393668,-0.01301633434001559,-0.00050779176,-0.02547880483839826,-0.0013845332146420475
XGB,FTSE,3,2024-07-01,2025-07-01,2024-12-13,3639,9.024046914179026,-0.015226441245760114,-0.0006549877,-0.019870073482369577,-0.004612889967834377
XGB,FTSE,3,2024-07-01,2025-07-01,2024-12-16,3640,9.019434024211192,-0.016108170368241304,-0.002509674,-0.013685382120003808,-0.008130104373437419
XGB,FTSE,3,2024-07-01,2025-07-01,2024-12-17,3641,9.011303919837754,-0.01641119018426984,-0.005165911,-0.009095341555342529,0.00047570365096127887
XGB,FTSE,3,2024-07-01,2025-07-01,2024-12-18,3642,9.011779623488716,-0.0152234978643353,-0.004236027,-0.003188305972585681,-0.011506199912062698
XGB,FTSE,3,2024-07-01,2025-07-01,2024-12-19,3643,9.000273423576653,-0.011755820310378695,-0.008979831,0.018918502112027724,-0.002557115045236813
XGB,FTSE,3,2024-07-01,2025-07-01,2024-12-20,3644,8.997716308531416,-0.008250749385954492,-0.0076147416,0.017095679163530164,0.0022363340238538143
XGB,FTSE,3,2024-07-01,2025-07-01,2024-12-23,3645,8.99995264255527,-0.004443765767803143,-0.0055521256,0.0179794961510229,0.004224198141386637
XGB,FTSE,3,2024-07-01,2025-07-01,2024-12-24,3646,9.004176840696656,-0.0015065747649636307,-0.003226757,0.013221755635660415,0.0015718013945313913
XGB,FTSE,3,2024-07-01,2025-07-01,2024-12-27,3647,9.005748642091188,0.0011895446421767986,-0.0007732095,0.012341042013156667,-0.0035400638087761394
XGB,FTSE,3,2024-07-01,2025-07-01,2024-12-30,3648,9.002208578282412,0.005410935350409929,-0.0018695504,0.024172920666348574,0.006382739233718127
XGB,FTSE,3,2024-07-01,2025-07-01,2024-12-31,3649,9.00859131751613,0.006580093444338075,0.0015171656,0.009195327099849493,0.010600608172550707
XGB,FTSE,3,2024-07-01,2025-07-01,2025-01-02,3650,9.01919192568868,0.005780307014944697,0.003227216,-0.004355595474780927,-0.004379937993734373
XGB,FTSE,3,2024-07-01,2025-07-01,2025-01-03,3651,9.014811987694946,0.0050419314301244356,0.00051760767,-0.0027396443424070327,0.0031201510113465503
XGB,FTSE,3,2024-07-01,2025-07-01,2025-01-06,3652,9.017932138706293,0.005373505244378407,0.0012928955,0.006211129360520928,-0.0005335423739758482
XGB,FTSE,3,2024-07-01,2025-07-01,2025-01-07,3653,9.017398596332317,0.006758606175816695,0.00049711927,0.01762368411009696,0.0006910877720276432
XGB,FTSE,3,2024-07-01,2025-07-01,2025-01-08,3654,9.018089684104345,0.008897898277947291,0.0015544997,0.03034335899209495,0.008291814844415768
XGB,FTSE,3,2024-07-01,2025-07-01,2025-01-09,3655,9.02638149894876,0.010493850322143672,0.0024420875,0.023848804598687323,-0.008594854332780955
XGB,FTSE,3,2024-07-01,2025-07-01,2025-01-10,3656,9.01778664461598,0.014257491564530156,-0.0022790963,0.03570104428797194,-0.0029503144020797123
XGB,FTSE,3,2024-07-01,2025-07-01,2025-01-13,3657,9.0148363302139,0.0184983898360489,-0.002705605,0.038276922304127936,-0.002763986861360479
XGB,FTSE,3,2024-07-01,2025-07-01,2025-01-14,3658,9.01207234335254,0.0234207824786008,-0.0045094513,0.0433904407825505,0.012070924714274511
XGB,FTSE,3,2024-07-01,2025-07-01,2025-01-15,3659,9.024143268066814,0.025053344904781838,-0.0017001517,0.023960533441590215,0.010879012375600183
XGB,FTSE,3,2024-07-01,2025-07-01,2025-01-16,3660,9.035022280442414,0.025402832324385116,0.0008276973,0.013234384408583821,0.013410762654025632
XGB,FTSE,3,2024-07-01,2025-07-01,2025-01-17,3661,9.04843304309644,0.025107089912191682,0.0033781966,0.0033687485216340463,0.0017972604510081425
XGB,FTSE,3,2024-07-01,2025-07-01,2025-01-20,3662,9.050230303547448,0.02439630896637901,0.0039231833,0.004368100387235785,0.0032573853565036615
XGB,FTSE,3,2024-07-01,2025-07-01,2025-01-21,3663,9.053487688903951,0.024084247666015912,0.004824921,0.011468510460233006,-0.0003744363859237154
XGB,FTSE,3,2024-07-01,2025-07-01,2025-01-22,3664,9.053113252518028,0.023893095591020597,0.0045972615,0.014972071877284776,0.002349531617062084
XGB,FTSE,3,2024-07-01,2025-07-01,2025-01-23,3665,9.05546278413509,0.02136464491425194,0.0046628686,0.0021458552589521673,-0.007358982626685773
XGB,FTSE,3,2024-07-01,2025-07-01,2025-01-24,3666,9.048103801508404,0.019916831185108563,0.00017105138,0.008012531830036806,0.00015286334259378975
XGB,FTSE,3,2024-07-01,2025-07-01,2025-01-27,3667,9.048256664850998,0.019357686043454336,0.00016135245,0.013966433522849542,0.003545126767075857
XGB,FTSE,3,2024-07-01,2025-07-01,2025-01-28,3668,9.051801791618074,0.019781647547558734,-0.0010606934,0.022409508649158028,0.002796612316609881
XGB,FTSE,3,2024-07-01,2025-07-01,2025-01-29,3669,9.054598403934683,0.019417815078213607,0.0006712547,0.016537370320950373,0.010357795429500882
XGB,FTSE,3,2024-07-01,2025-07-01,2025-01-30,3670,9.064956199364184,0.018801588042480333,0.0019587835,0.01388497706836489,0.003129125031128055
XGB,FTSE,3,2024-07-01,2025-07-01,2025-01-31,3671,9.068085324395312,0.017890216335429088,0.0031425685,0.011850235320279623,-0.010476685001270525
XGB,FTSE,3,2024-07-01,2025-07-01,2025-02-03,3672,9.057608639394042,0.019245576733014857,-0.00321879,0.025738961149111006,-0.0014923060556011336
XGB,FTSE,3,2024-07-01,2025-07-01,2025-02-04,3673,9.05611633333844,0.019910010597337546,-0.0020076989,0.02237125867576495,0.006106765035406525
XGB,FTSE,3,2024-07-01,2025-07-01,2025-02-05,3674,9.062223098373847,0.018912283478327296,-0.0010763773,0.01258387830714014,0.011988201893384343
XGB,FTSE,3,2024-07-01,2025-07-01,2025-02-06,3675,9.074211300267232,0.017069168041780713,-0.00022083282,0.0046527089205650185,-0.0030755260115977734
XGB,FTSE,3,2024-07-01,2025-07-01,2025-02-07,3676,9.071135774255634,0.015501457701422083,-0.00063365453,0.007579979795160341,0.007705402176915399
XGB,FTSE,3,2024-07-01,2025-07-01,2025-02-10,3677,9.07884117643255,0.011939483028974962,0.00077040377,-0.00632712136376945,0.001094383283042788
XGB,FTSE,3,2024-07-01,2025-07-01,2025-02-11,3678,9.079935559715592,0.007503709703776451,0.0015873912,-0.013119197825451678,0.0034120408275608582
XGB,FTSE,3,2024-07-01,2025-07-01,2025-02-12,3679,9.083347600543153,0.0026538195153715805,0.003435342,-0.01694684034165128,-0.004860008528947191
XGB,FTSE,3,2024-07-01,2025-07-01,2025-02-13,3680,9.078487592014206,-0.0010527132245812254,0.00053450564,-0.012133070566406445,-0.0036806153332182845
XGB,FTSE,3,2024-07-01,2025-07-01,2025-02-14,3681,9.074806976680987,-0.003523293610028233,-0.0017730445,-0.00733283794797579,0.004057032506809222
XGB,FTSE,3,2024-07-01,2025-07-01,2025-02-17,3682,9.078864009187797,-0.004725753242066588,-0.0007936527,-0.0041715538078967995,-0.00014825513700245097
XGB,FTSE,3,2024-07-01,2025-07-01,2025-02-18,3683,9.078715754050794,-0.005137523711834291,-0.0009115265,-0.0011984318831519403,-0.006201698982014392
XGB,FTSE,3,2024-07-01,2025-07-01,2025-02-19,3684,9.07251405506878,-0.003327936923666286,-0.004311306,0.011094633238428742,-0.00569769317863944
XGB,FTSE,3,2024-07-01,2025-07-01,2025-02-20,3685,9.06681636189014,0.000369372747874408,-0.0061967527,0.02376024210125216,-0.0004156016886387448
XGB,FTSE,3,2024-07-01,2025-07-01,2025-02-21,3686,9.066400760201502,0.0022818541037459283,-0.0049398397,0.011436261961588201,-4.623875370235453e-05
XGB,FTSE,3,2024-07-01,2025-07-01,2025-02-24,3687,9.0663545214478,0.0040390843696034295,-0.0046480047,0.011117073147312695,0.001119617285212371
XGB,FTSE,3,2024-07-01,2025-07-01,2025-02-25,3688,9.067474138733012,0.00445246503668173,-0.0029472902,0.0016251750544107324,0.007218316646888212
XGB,FTSE,3,2024-07-01,2025-07-01,2025-02-26,3689,9.0746924553799,0.0028987195023724155,-0.00032747857,-0.005927123525797384,0.0028248667877424083
XGB,FTSE,3,2024-07-01,2025-07-01,2025-02-27,3690,9.077517322167642,-7.427723330621916e-05,0.0018030908,-0.017976561672274016,0.00609136613956629
XGB,FTSE,3,2024-07-01,2025-07-01,2025-02-28,3691,9.083608688307208,-0.00485440476766108,0.0034366306,-0.03625794482548805,0.0069679156841839784
XGB,FTSE,3,2024-07-01,2025-07-01,2025-03-03,3692,9.090576603991392,-0.010038627536804512,0.0042440477,-0.03794322804524519,-0.012739581828302704
XGB,FTSE,3,2024-07-01,2025-07-01,2025-03-04,3693,9.07783702216309,-0.013328636549744033,-0.0027568717,-0.02501637779386634,-0.0003654275679778607
XGB,FTSE,3,2024-07-01,2025-07-01,2025-03-05,3694,9.077471594595112,-0.014618784549295327,-0.0012604247,-0.014205356484616516,-0.008372280807689592
XGB,FTSE,3,2024-07-01,2025-07-01,2025-03-06,3695,9.069099313787422,-0.013996269044538323,-0.0049913204,-0.0002879670189663841,-0.00033398193331990456
XGB,FTSE,3,2024-07-01,2025-07-01,2025-03-07,3696,9.068765331854102,-0.012591687552694353,-0.005154315,0.002910517822114045,-0.009224571358734224
XGB,FTSE,3,2024-07-01,2025-07-01,2025-03-10,3697,9.059540760495368,-0.010062204166096933,-0.008837039,0.01230738513591767,-0.012190017013647747
XGB,FTSE,3,2024-07-01,2025-07-01,2025-03-11,3698,9.04735074348172,-0.00671102081219388,-0.011634955,0.02395741979890431,0.00528263246442684
XGB,FTSE,3,2024-07-01,2025-07-01,2025-03-12,3699,9.052633375946147,-0.0048874984282818446,-0.0074650613,0.01231119074991227,0.00018726842307614788
XGB,FTSE,3,2024-07-01,2025-07-01,2025-03-13,3700,9.052820644369223,-0.003000155127098836,-0.005681734,0.011105709151422616,0.010445593741271963
XGB,FTSE,3,2024-07-01,2025-07-01,2025-03-14,3701,9.063266238110495,-0.002182177839637589,-0.0026547513,0.0036424437345221605,0.00554510865796054
XGB,FTSE,3,2024-07-01,2025-07-01,2025-03-17,3702,9.068811346768456,-0.0015266551465948908,-4.2347976e-05,0.001070795558959503,0.0028645029077605244
XGB,FTSE,3,2024-07-01,2025-07-01,2025-03-18,3703,9.071675849676216,-0.0018714224297351478,0.0026985896,-0.004501753168822731,0.00017229595506940143
XGB,FTSE,3,2024-07-01,2025-07-01,2025-03-19,3704,9.071848145631286,-0.002418426839517096,0.0024315547,-0.00550512781530621,-0.0005399823506611057
XGB,FTSE,3,2024-07-01,2025-07-01,2025-03-20,3705,9.071308163280625,-0.004310814572273003,0.0022361907,-0.013792706465967086,-0.006363596584565201
XGB,FTSE,3,2024-07-01,2025-07-01,2025-03-21,3706,9.06494456669606,-0.003942128114928778,-0.0017751991,-0.0013887605545637172,-0.001018213175413507
XGB,FTSE,3,2024-07-01,2025-07-01,2025-03-24,3707,9.063926353520646,-0.003912813018047245,-0.0019731985,-0.0034209873041195493,0.002982328324371508
XGB,FTSE,3,2024-07-01,2025-07-01,2025-03-25,3708,9.066908681845018,-0.005917454949955214,-0.0024482405,-0.022068125406448758,0.0029734604823978827
XGB,FTSE,3,2024-07-01,2025-07-01,2025-03-26,3709,9.069882142327415,-0.008201518290396947,-0.0011665163,-0.07583384671634086,-0.0027080458200217095
XGB,FTSE,3,2024-07-01,2025-07-01,2025-03-27,3710,9.067174096507394,-0.010389865666633469,-0.0017823719,-0.11792578589704128,-0.0008310786914140778
XGB,FTSE,3,2024-07-01,2025-07-01,2025-03-28,3711,9.06634301781598,-0.012280344819417977,-0.0017935978,-0.09039674792686014,-0.008827561001321982
XGB,FTSE,3,2024-07-01,2025-07-01,2025-03-31,3712,9.057515456814658,-0.013475638277764546,-0.005473151,-0.11120573695897384,0.006040349326838168
XGB,FTSE,3,2024-07-01,2025-07-01,2025-04-01,3713,9.063555806141496,-0.015508075521406539,-0.0020250415,-0.08725566363628268,-0.0030504399249693392
XGB,FTSE,3,2024-07-01,2025-07-01,2025-04-02,3714,9.060505366216526,-0.017346380423290952,-0.0029855322,-0.0777935638154208,-0.0156648097779577
XGB,FTSE,3,2024-07-01,2025-07-01,2025-04-03,3715,9.044840556438569,-0.017489007173169924,-0.008449073,-0.04099561243974037,-0.05079226082749422
XGB,FTSE,3,2024-07-01,2025-07-01,2025-04-04,3716,8.994048295611075,-0.017723791446377035,-0.012189355,0.023811039504060716,-0.04479998500072213
XGB,FTSE,3,2024-07-01,2025-07-01,2025-04-07,3717,8.949248310610352,-0.017540090105164552,-0.017006025,0.07181834735721893,0.02669795927876706
XGB,FTSE,3,2024-07-01,2025-07-01,2025-04-08,3718,8.97594626988912,-0.01763384849378724,-0.014076405,0.04513254252416843,-0.029636550033435682
XGB,FTSE,3,2024-07-01,2025-07-01,2025-04-09,3719,8.946309719855684,-0.016721631303605378,-0.018052505,0.08114088705179157,0.029990422649529336
XGB,FTSE,3,2024-07-01,2025-07-01,2025-04-10,3720,8.976300142505213,-0.015539084728887431,-0.011686548,0.06006774540584203,0.006411659895892541
XGB,FTSE,3,2024-07-01,2025-07-01,2025-04-11,3721,8.982711802401106,-0.013923166509364648,-0.009785876,0.054155793462491886,0.021133141597722727
XGB,FTSE,3,2024-07-01,2025-07-01,2025-04-14,3722,9.003844943998828,-0.012377927834117841,-0.004865064,0.033961789405280385,0.014014391116306868
XGB,FTSE,3,2024-07-01,2025-07-01,2025-04-15,3723,9.017859335115135,-0.010864091537337472,-0.0031086798,0.020185032410360293,0.0032073228524360786
XGB,FTSE,3,2024-07-01,2025-07-01,2025-04-16,3724,9.021066657967571,-0.008575743136743696,-3.1068048e-05,0.022451420661580457,1.2154445716561213e-05
XGB,FTSE,3,2024-07-01,2025-07-01,2025-04-17,3725,9.021078812413288,-0.005569468458034521,-0.0012471369,0.026142495976559488,0.006371794494187455
XGB,FTSE,3,2024-07-01,2025-07-01,2025-04-22,3726,9.027450606907475,-0.002656983233165988,0.002834649,0.019994271113258577,0.008917281003579802
XGB,FTSE,3,2024-07-01,2025-07-01,2025-04-23,3727,9.036367887911055,0.0010674896800839662,0.004284563,0.02273094748052884,0.0004997079525423942
XGB,FTSE,3,2024-07-01,2025-07-01,2025-04-24,3728,9.036867595863598,0.004709775966306395,0.004565619,0.022347560522263166,0.0009391375405112257
XGB,FTSE,3,2024-07-01,2025-07-01,2025-04-25,3729,9.037806733404109,0.007455448344947158,0.0036723197,0.01696693386818282,0.0002376341213867761
XGB,FTSE,3,2024-07-01,2025-07-01,2025-04-28,3730,9.038044367525496,0.009480724033938515,0.003130196,0.013487782855705177,0.0054737111036562425
XGB,FTSE,3,2024-07-01,2025-07-01,2025-04-29,3731,9.043518078629152,0.011112390488930757,0.0038829988,0.010729706451680698,0.003703229760695592
XGB,FTSE,3,2024-07-01,2025-07-01,2025-04-30,3732,9.047221308389847,0.012875543050078875,0.0034105806,0.012877400255792537,0.00022356963088654425
XGB,FTSE,3,2024-07-01,2025-07-01,2025-05-01,3733,9.047444878020734,0.014235438521655652,0.001962028,0.012409802087109512,0.011653957370850065
XGB,FTSE,3,2024-07-01,2025-07-01,2025-05-02,3734,9.059098835391584,0.013644403821796658,0.0029465344,-0.0013270620600085437,0.0001163209942767196
XGB,FTSE,3,2024-07-01,2025-07-01,2025-05-06,3735,9.05921515638586,0.013660390143373391,0.003237537,0.0042248326049989515,-0.004441489113569119
XGB,FTSE,3,2024-07-01,2025-07-01,2025-05-07,3736,9.054773667272292,0.014963064064149378,-0.00037100897,0.014532908944126177,-0.0032415168910908676
XGB,FTSE,3,2024-07-01,2025-07-01,2025-05-08,3737,9.0515321503812,0.016754803033563803,-0.0010552893,0.01946566880277878,0.0027156346996317637
XGB,FTSE,3,2024-07-01,2025-07-01,2025-05-09,3738,9.054247785080833,0.01908413734149761,-0.0005823972,0.026109133954147268,0.005850923564807431
XGB,FTSE,3,2024-07-01,2025-07-01,2025-05-12,3739,9.06009870864564,0.020433774734796017,0.00043580146,0.020873022989260193,-0.00024402853779648126
XGB,FTSE,3,2024-07-01,2025-07-01,2025-05-13,3740,9.059854680107843,0.020650856656184047,0.00046621685,0.015730671452301337,-0.00208290677626799
XGB,FTSE,3,2024-07-01,2025-07-01,2025-05-14,3741,9.057771773331575,0.020705276283106144,-0.0014226899,0.015373359466762437,0.005668215659284215
XGB,FTSE,3,2024-07-01,2025-07-01,2025-05-15,3742,9.06343998899086,0.020887878279825856,0.00057572103,0.016575228809134757,0.005866587225558106
XGB,FTSE,3,2024-07-01,2025-07-01,2025-05-16,3743,9.069306576216418,0.019114218886414847,0.002008727,0.004755777467138955,0.0016912429675617346
XGB,FTSE,3,2024-07-01,2025-07-01,2025-05-19,3744,9.07099781918398,0.01696927099782819,0.0025428596,0.0019752409992896958,0.009359099851000252
XGB,FTSE,3,2024-07-01,2025-07-01,2025-05-20,3745,9.08035691903498,0.014804939424172048,0.003664803,-0.0009911663727670827,0.0006148125999203558
XGB,FTSE,3,2024-07-01,2025-07-01,2025-05-21,3746,9.0809717316349,0.012663389024853089,0.0036348738,-0.0013894808221781574,-0.005386380074755337
XGB,FTSE,3,2024-07-01,2025-07-01,2025-05-22,3747,9.075585351560145,0.011860666167615719,0.0009169386,0.005443283935697707,-0.0024402187618068893
XGB,FTSE,3,2024-07-01,2025-07-01,2025-05-23,3748,9.073145132798338,0.011778646187197594,0.00028240037,0.009509561838761726,0.006870085001656534
XGB,FTSE,3,2024-07-01,2025-07-01,2025-05-27,3749,9.080015217799994,0.010785501780562257,0.0007591356,0.003741002066735888,-0.005952864116437695
XGB,FTSE,3,2024-07-01,2025-07-01,2025-05-28,3750,9.074062353683557,0.011400754573369198,-0.003044761,0.012742261364865115,-0.0010892935002875248
XGB,FTSE,3,2024-07-01,2025-07-01,2025-05-29,3751,9.07297306018327,0.011940205214308719,-0.0028429728,0.013197653034596968,0.006392692478943474
XGB,FTSE,3,2024-07-01,2025-07-01,2025-05-30,3752,9.079365752662213,0.011776153389901012,-0.0017629879,0.009157162368087057,0.00021649815050928112
XGB,FTSE,3,2024-07-01,2025-07-01,2025-06-02,3753,9.079582250812722,0.011756603334456273,-0.001088257,0.010216327576685558,0.0014463846831205274
XGB,FTSE,3,2024-07-01,2025-07-01,2025-06-03,3754,9.081028635495842,0.011884742993862218,0.0004781667,0.011079894070583407,0.0016260591412571301
XGB,FTSE,3,2024-07-01,2025-07-01,2025-06-04,3755,9.0826546946371,0.010824299182869979,0.0010602315,0.005585793541531103,0.0011015252296306954
XGB,FTSE,3,2024-07-01,2025-07-01,2025-06-05,3756,9.08375621986673,0.010219026926016284,0.0021090321,0.007259951440785173,0.0030483951816915322
XGB,FTSE,3,2024-07-01,2025-07-01,2025-06-06,3757,9.086804615048422,0.008175325402918432,0.0032316414,-0.00044142289194937234,-0.0006339018305556721
XGB,FTSE,3,2024-07-01,2025-07-01,2025-06-09,3758,9.086170713217866,0.006666856202901528,0.0017028282,0.001267291656981584,0.002352201812433563
XGB,FTSE,3,2024-07-01,2025-07-01,2025-06-10,3759,9.0885229150303,0.0038909756094493986,0.0026291844,-0.006948189373567004,0.0012756633591077815
XGB,FTSE,3,2024-07-01,2025-07-01,2025-06-11,3760,9.089798578389408,0.0007295221410039687,0.0026057283,-0.010170696415357838,0.0023099511770183767
XGB,FTSE,3,2024-07-01,2025-07-01,2025-06-12,3761,9.092108529566426,-0.002950387226837492,0.0033887527,-0.014385682205082517,-0.0038680413877951736
XGB,FTSE,3,2024-07-01,2025-07-01,2025-06-13,3762,9.08824048817863,-0.00536154183133597,0.0003508984,-0.010403466015540985,0.002775683128884765
XGB,FTSE,3,2024-07-01,2025-07-01,2025-06-16,3763,9.091016171307515,-0.008766913545086297,0.0020645463,-0.017779300954464006,-0.004652979151043013
XGB,FTSE,3,2024-07-01,2025-07-01,2025-06-17,3764,9.086363192156472,-0.010414672530744795,-0.00065259624,-0.01120132748230418,0.0010748127183752842
XGB,FTSE,3,2024-07-01,2025-07-01,2025-06-18,3765,9.087438004874848,-0.010395818985976746,0.0009428381,-0.005055967826947949,-0.005863279218115025
XGB,FTSE,3,2024-07-01,2025-07-01,2025-06-19,3766,9.081574725656733,-0.01004822756270407,-0.0025742555,-0.003509392990368454,-0.0019468436826830526
XGB,FTSE,3,2024-07-01,2025-07-01,2025-06-20,3767,9.07962788197405,-0.008686971307399816,-0.0021336128,0.0012072449501534521,-0.0019050346127063023
XGB,FTSE,3,2024-07-01,2025-07-01,2025-06-23,3768,9.077722847361343,-0.007176068237244593,-0.0032365269,0.0019050346127063023,0.00011417480174635841
XGB,FTSE,4,2025-07-01,2026-07-01,2025-07-01,3774,9.080835126924203,0.0063609655718597224,0.0034165627,0.021441099579979195,-0.0012072449501534521
XGB,FTSE,4,2025-07-01,2026-07-01,2025-07-02,3775,9.07962788197405,0.008617084308253808,0.0033334186,0.01878597744129884,0.005512035154129791
XGB,FTSE,4,2025-07-01,2026-07-01,2025-07-03,3776,9.08513991712818,0.010516059158657498,0.0059058405,0.0196287623800373,-3.3979709689546667e-05
XGB,FTSE,4,2025-07-01,2026-07-01,2025-07-04,3777,9.08510593741849,0.011336540529622852,0.004680437,0.012994734216265513,-0.0018605732461391966
XGB,FTSE,4,2025-07-01,2026-07-01,2025-07-07,3778,9.08324536417235,0.012330022542238694,0.0027802805,0.013545454357256403,0.005401859583848534
XGB,FTSE,4,2025-07-01,2026-07-01,2025-07-08,3779,9.0886472237562,0.012996533396924193,0.0041079666,0.01328350083392138,0.0014445756238092855
XGB,FTSE,4,2025-07-01,2026-07-01,2025-07-09,3780,9.090091799380009,0.013658101413719592,0.0041979314,0.014009850247157729,0.01218442712417378
XGB,FTSE,4,2025-07-01,2026-07-01,2025-07-10,3781,9.102276226504182,0.013708097866249602,0.006339117,0.0041470320522272175,-0.003862367088833807
XGB,FTSE,4,2025-07-01,2026-07-01,2025-07-11,3782,9.098413859415349,0.01411888025882213,0.0032741295,0.009206929312165713,0.006354820092868252
XGB,FTSE,4,2025-07-01,2026-07-01,2025-07-14,3783,9.104768679508217,0.014223103610312648,0.0056350664,0.007021268738686359,-0.006668007873461335
XGB,FTSE,4,2025-07-01,2026-07-01,2025-07-15,3784,9.098100671634755,0.01616130230342172,0.0008400228,0.022139965530428185,-0.0013098531051483064
XGB,FTSE,4,2025-07-01,2026-07-01,2025-07-16,3785,9.096790818529607,0.017756071541368712,0.001613732,0.021467137319451268,0.0051399060605135105
XGB,FTSE,4,2025-07-01,2026-07-01,2025-07-17,3786,9.10193072459012,0.01756025509417647,0.0024780736,0.012052963155699814,0.0021709250370456346
XGB,FTSE,4,2025-07-01,2026-07-01,2025-07-18,3787,9.104101649627166,0.017865536323718345,0.0029533864,0.015909097479710255,0.0023216089292432684
XGB,FTSE,4,2025-07-01,2026-07-01,2025-07-21,3788,9.10642325855641,0.017659513601701704,0.0047303536,0.013653222623453587,0.0011975301711046882
XGB,FTSE,4,2025-07-01,2026-07-01,2025-07-22,3789,9.107620788727514,0.01704824598223631,0.0052107074,0.012006797729119612,0.004169159519388899
XGB,FTSE,4,2025-07-01,2026-07-01,2025-07-23,3790,9.111789948246903,0.014520197509718002,0.0074122446,0.000783184857324315,0.008450688918280491
XGB,FTSE,4,2025-07-01,2026-07-01,2025-07-24,3791,9.120240637165184,0.012241864382517065,0.008092174,-0.001105901652616481,-0.0019826813161252232
XGB,FTSE,4,2025-07-01,2026-07-01,2025-07-25,3792,9.118257955849058,0.01056720704965386,0.005759455,0.0024530911524021093,-0.004274268103237944
XGB,FTSE,4,2025-07-01,2026-07-01,2025-07-28,3793,9.11398368774582,0.010192047675120719,0.0010466762,0.00908707077556592,0.006027059361056075
XGB,FTSE,4,2025-07-01,2026-07-01,2025-07-29,3794,9.120010747106877,0.007726347343872675,0.0039549842,-0.0038931678390881075,6.573407298660072e-05
XGB,FTSE,4,2025-07-01,2026-07-01,2025-07-30,3795,9.120076481179863,0.005214453718394907,0.0031684858,-0.004519406350679489,-0.00044889472322928725
XGB,FTSE,4,2025-07-01,2026-07-01,2025-07-31,3796,9.119627586456634,0.0037515392882347953,0.0024290492,-0.00033945072194541126,-0.007054453352406398
XGB,FTSE,4,2025-07-01,2026-07-01,2025-08-01,3797,9.112573133104227,0.0039888905381388895,-0.0032424612,0.008695537746460147,0.006561602408339695
XGB,FTSE,4,2025-07-01,2026-07-01,2025-08-04,3798,9.119134735512567,0.0034372774954558594,0.0018500092,0.004034267982847339,0.0015763114888933671
XGB,FTSE,4,2025-07-01,2026-07-01,2025-08-05,3799,9.12071104700146,0.0029829484628276504,0.0023526466,0.0037664004769091264,0.0023597115199258667
XGB,FTSE,4,2025-07-01,2026-07-01,2025-08-06,3800,9.123070758521386,0.0013501041301431371,0.003171907,-0.0027754086821456525,-0.006953179253597952
XGB,FTSE,4,2025-07-01,2026-07-01,2025-08-07,3801,9.116117579267788,0.0014470931957148991,-0.0010342684,0.006232776496212011,-0.0005605044386047808
XGB,FTSE,4,2025-07-01,2026-07-01,2025-08-08,3802,9.115557074829184,0.002555262122342583,0.00070718734,0.010227106843402112,0.0037310609055047905
XGB,FTSE,4,2025-07-01,2026-07-01,2025-08-11,3803,9.119288135734688,0.004439576342777585,0.0025138014,0.01720111210911135,0.00198053511599916
XGB,FTSE,4,2025-07-01,2026-07-01,2025-08-12,3804,9.121268670850688,0.006395710674286903,0.002938889,0.017489787600412754,0.0019003326447268876
XGB,FTSE,4,2025-07-01,2026-07-01,2025-08-13,3805,9.123169003495414,0.00823351257107241,0.004365395,0.01689914940167192,0.0013084439829551542
XGB,FTSE,4,2025-07-01,2026-07-01,2025-08-14,3806,9.12447744747837,0.008660363895133472,0.004687721,0.00960801289978086,-0.004182097639128912
XGB,FTSE,4,2025-07-01,2026-07-01,2025-08-15,3807,9.12029534983924,0.009689282699826052,0.0023747901,0.012677898560498946,0.002055005924759712
XGB,FTSE,4,2025-07-01,2026-07-01,2025-08-18,3808,9.122350355764,0.009426581816393664,0.0042532226,0.006432807768920412,0.0034338259085853196
XGB,FTSE,4,2025-07-01,2026-07-01,2025-08-19,3809,9.125784181672586,0.007789698084168961,0.00474888,-0.0002068283548855021,0.010705066171214028
XGB,FTSE,4,2025-07-01,2026-07-01,2025-08-20,3810,9.1364892478438,0.004878156676312528,0.00618708,-0.009932760851491196,0.0022692106073005647
XGB,FTSE,4,2025-07-01,2026-07-01,2025-08-21,3811,9.1387584584511,0.0006913129548653529,0.0068853414,-0.020895261545041066,0.0013096944459860538
XGB,FTSE,4,2025-07-01,2026-07-01,2025-08-22,3812,9.140068152897086,-0.00239766769396077,0.006667507,-0.015503557942308177,-0.005982692518935906
XGB,FTSE,4,2025-07-01,2026-07-01,2025-08-26,3813,9.13408546037815,-0.003549530482420238,0.0010706411,-0.00529138357915393,-0.0011122119784108264
XGB,FTSE,4,2025-07-01,2026-07-01,2025-08-27,3814,9.13297324839974,-0.004519489351915595,0.0015712384,-0.005123556779919269,-0.004190084866818822
XGB,FTSE,4,2025-07-01,2026-07-01,2025-08-28,3815,9.12878316353292,-0.004332047946002504,0.00016599489,0.0004990276691039242,-0.0032058102152205947
XGB,FTSE,4,2025-07-01,2026-07-01,2025-08-29,3816,9.1255773533177,-0.003008835290811973,-0.0011940886,0.005990337493088305,0.0009791336746083346
XGB,FTSE,4,2025-07-01,2026-07-01,2025-09-01,3817,9.126556486992309,-0.0022346515106566045,-3.3239427e-05,0.003159383752324274,-0.008693290086249306
XGB,FTSE,4,2025-07-01,2026-07-01,2025-09-02,3818,9.11786319690606,0.000880971328392377,-0.0043795616,0.019648342401250574,0.006701398048718943
XGB,FTSE,4,2025-07-01,2026-07-01,2025-09-03,3819,9.124564594954778,0.002449720850931314,0.0017121991,0.011407750022698337,0.004229481844218341
XGB,FTSE,4,2025-07-01,2026-07-01,2025-09-04,3820,9.128794076798997,0.0031716830992891687,0.0023729694,0.006499420854275684,-0.0009443851791761659
XGB,FTSE,4,2025-07-01,2026-07-01,2025-09-05,3821,9.12784969161982,0.0026162772107802823,0.0016468423,-0.0013584079088531098,0.0014324995822043718
XGB,FTSE,4,2025-07-01,2026-07-01,2025-09-08,3822,9.129282191202025,0.001983422520440925,0.003574076,-0.0014107588367764379,0.0022854996087637858
XGB,FTSE,4,2025-07-01,2026-07-01,2025-09-09,3823,9.131567690810789,0.0012995971801963435,0.004107752,-0.0015592773215011846,-0.001851820066155696
XGB,FTSE,4,2025-07-01,2026-07-01,2025-09-10,3824,9.129715870744633,0.0008027597882929172,0.0037897795,-0.0009435146411203021,0.007795668562676994
XGB,FTSE,4,2025-07-01,2026-07-01,2025-09-11,3825,9.13751153930731,-0.0008039825628429753,0.005631447,-0.007654784365389133,-0.0015391943298332933
XGB,FTSE,4,2025-07-01,2026-07-01,2025-09-12,3826,9.135972344977477,-0.0021273849348730778,0.003915272,-0.006484196069541426,-0.0006788473242043125
XGB,FTSE,4,2025-07-01,2026-07-01,2025-09-15,3827,9.135293497653272,-0.0025325748897735423,0.0035042255,-0.0028713826106159246,-0.00880221394230496
XGB,FTSE,4,2025-07-01,2026-07-01,2025-09-16,3828,9.126491283710967,-0.0023108530309592368,-0.002310729,0.0019880617848944127,0.0013801486542810437
XGB,FTSE,4,2025-07-01,2026-07-01,2025-09-17,3829,9.127871432365248,-0.0007919052377900471,0.00017768526,0.00826248003536989,0.002136981124039039
XGB,FTSE,4,2025-07-01,2026-07-01,2025-09-18,3830,9.130008413489287,0.0006452061610620063,0.0010632534,0.007739739042676774,-0.0012360573857748136
XGB,FTSE,4,2025-07-01,2026-07-01,2025-09-19,3831,9.128772356103513,0.0031130366051357328,0.00048542564,0.014402087789099127,0.0010843988384081626
XGB,FTSE,4,2025-07-01,2026-07-01,2025-09-22,3832,9.12985675494192,0.0060899791396682446,0.002358015,0.02353228193585366,-0.00036860603398558567
XGB,FTSE,4,2025-07-01,2026-07-01,2025-09-23,3833,9.129488148907935,0.008969376840886056,0.0021020507,0.02191931524838253,0.0029339661347211887
XGB,FTSE,4,2025-07-01,2026-07-01,2025-09-24,3834,9.132422115042656,0.011859985865163125,0.0042922455,0.02570873290286535,-0.003942769546794622
XGB,FTSE,4,2025-07-01,2026-07-01,2025-09-25,3835,9.128479345495862,0.015418551207684317,0.0019300316,0.028365267328489097,0.007654566904756521
XGB,FTSE,4,2025-07-01,2026-07-01,2025-09-26,3836,9.136133912400618,0.01745541641199999,0.004729061,0.021185316408786292,0.0016142401313459231
XGB,FTSE,4,2025-07-01,2026-07-01,2025-09-29,3837,9.137748152531964,0.019839416193162762,0.0050288113,0.02643313197049224,0.005426291360647539
XGB,FTSE,4,2025-07-01,2026-07-01,2025-09-30,3838,9.143174443892612,0.020408039855123405,0.0070329397,0.01686165925159777,0.010214592985162696
XGB,FTSE,4,2025-07-01,2026-07-01,2025-10-01,3839,9.153389036877774,0.018546496873355522,0.0077409176,-0.0020028077452618476,-0.0019815727214567147
XGB,FTSE,4,2025-07-01,2026-07-01,2025-10-02,3840,9.151407464156318,0.016832467595929046,0.005370289,0.0016109925628189359,0.006723383789204007
XGB,FTSE,4,2025-07-01,2026-07-01,2025-10-03,3841,9.158130847945522,0.014337644520185933,0.0072689103,-0.004064595710383756,-0.0012862351211708756
XGB,FTSE,4,2025-07-01,2026-07-01,2025-10-06,3842,9.15684461282435,0.011286569931808543,0.0053804065,-0.005744841615692664,0.0004746159850537168
XGB,FTSE,4,2025-07-01,2026-07-01,2025-10-07,3843,9.157319228809405,0.008362514240753072,0.004883662,-0.005021232023970867,0.006862055693051872
XGB,FTSE,4,2025-07-01,2026-07-01,2025-10-08,3844,9.164181284502456,0.003589695457886677,0.0058842907,-0.020557846349428033,-0.00414518135824693
XGB,FTSE,4,2025-07-01,2026-07-01,2025-10-09,3845,9.16003610314421,0.0007026141481834003,0.0022238803,-0.011188271020285967,-0.008649874011696923
XGB,FTSE,4,2025-07-01,2026-07-01,2025-10-10,3846,9.151386229132513,-0.0002123647090996883,-0.0025854472,-5.3037736362782084e-05,0.0016322275866240687
XGB,FTSE,4,2025-07-01,2026-07-01,2025-10-13,3847,9.153018456719137,0.0003192968550305153,0.00080163026,0.007606323011113858,0.0010477955160013153
XGB,FTSE,4,2025-07-01,2026-07-01,2025-10-14,3848,9.154066252235138,0.001718968526377651,0.001516958,0.01322042948253177,-0.0029664810264797836
XGB,FTSE,4,2025-07-01,2026-07-01,2025-10-15,3849,9.151099771208658,0.004639195502969429,0.00065087934,0.02315732009670235,0.0011982255767755134
XGB,FTSE,4,2025-07-01,2026-07-01,2025-10-16,3850,9.152297996785434,0.0075705345414966985,0.0015449664,0.022808882187412394,-0.008674558632405294
XGB,FTSE,4,2025-07-01,2026-07-01,2025-10-17,3851,9.143623438153028,0.012169432867224828,-0.0028837193,0.03591748241178827,0.005224393970895136
XGB,FTSE,4,2025-07-01,2026-07-01,2025-10-20,3852,9.148847832123923,0.016475622697376124,0.002005227,0.03680013722280506,0.002485359272226262
XGB,FTSE,4,2025-07-01,2026-07-01,2025-10-21,3853,9.15133319139615,0.020287625849451985,0.002489724,0.03472469383749477,0.009291588334100709
XGB,FTSE,4,2025-07-01,2026-07-01,2025-10-22,3854,9.16062477973025,0.02141643161927753,0.0049627903,0.021038281259601277,0.006661901987419228
XGB,FTSE,4,2025-07-01,2026-07-01,2025-10-23,3855,9.16728668171767,0.021077132342760763,0.006682667,0.012738842520960247,0.006970409587690796
XGB,FTSE,4,2025-07-01,2026-07-01,2025-10-24,3856,9.17425709130536,0.01990308970737864,0.008003504,0.007169270506180325,0.0008497876674855576
XGB,FTSE,4,2025-07-01,2026-07-01,2025-10-27,3857,9.175106878972846,0.019511583680506206,0.007786162,0.012691276613789881,0.004434041591970583
XGB,FTSE,4,2025-07-01,2026-07-01,2025-10-28,3858,9.179540920564817,0.017501809062329343,0.008398262,0.004024151513107199,0.006107048781911928
XGB,FTSE,4,2025-07-01,2026-07-01,2025-10-29,3859,9.185647969346729,0.013736448058672579,0.008288182,-0.007562270442960539,0.00040991588691596803
XGB,FTSE,4,2025-07-01,2026-07-01,2025-10-30,3860,9.186057885233645,0.011857927632847876,0.007629257,0.0027728232105665995,-0.004394824243792783
XGB,FTSE,4,2025-07-01,2026-07-01,2025-10-31,3861,9.181663060989852,0.012278490179314261,0.0026318205,0.01858653081749395,-0.001637536751221802
XGB,FTSE,4,2025-07-01,2026-07-01,2025-11-03,3862,9.18002552423863,0.013430963425021147,0.0019945411,0.021415403962205204,0.0014008375729108735
XGB,FTSE,4,2025-07-01,2026-07-01,2025-11-04,3863,9.18142636181154,0.013102251193203074,0.0024492578,0.009496728535159704,0.006371793775095114
XGB,FTSE,4,2025-07-01,2026-07-01,2025-11-05,3864,9.187798155586636,0.010622035552653841,0.003824218,-0.008081912876999553,-0.004233083508712099
XGB,FTSE,4,2025-07-01,2026-07-01,2025-11-06,3865,9.183565072077924,0.00861818538209036,0.0012793844,-0.006223170992312177,-0.0054793731741558105
XGB,FTSE,4,2025-07-01,2026-07-01,2025-11-07,3866,9.178085698903768,0.00669734076348405,-0.0020301887,-0.013548477176046347,0.010745009540443107
XGB,FTSE,4,2025-07-01,2026-07-01,2025-11-10,3867,9.188830708444211,0.0021330630670419737,0.0022653393,-0.02900494562279121,0.011418883363134569
XGB,FTSE,4,2025-07-01,2026-07-01,2025-11-11,3868,9.200249591807346,-0.003623514175437492,0.0039047603,-0.03829094691456625,0.0011913363934894505
XGB,FTSE,4,2025-07-01,2026-07-01,2025-11-12,3869,9.201440928200835,-0.009509978080961545,0.003721563,-0.03822359032018241,-0.010517837854134626
XGB,FTSE,4,2025-07-01,2026-07-01,2025-11-13,3870,9.1909230903467,-0.014012288025611497,-0.0042308997,-0.028209019076241404,-0.011206847637064143
XGB,FTSE,4,2025-07-01,2026-07-01,2025-11-14,3871,9.179716242709636,-0.015616683589678715,-0.0075837546,-0.009208771235176272,-0.002374341624024723
XGB,FTSE,4,2025-07-01,2026-07-01,2025-11-17,3872,9.177341901085612,-0.01509988534160378,-0.0047864737,0.0016728685421387723,-0.012804679357889981
XGB,FTSE,4,2025-07-01,2026-07-01,2025-11-18,3873,9.164537221727722,-0.013413266096490517,-0.010012245,0.014714919261180626,-0.0047114589063017576
XGB,FTSE,4,2025-07-01,2026-07-01,2025-11-19,3874,9.15982576282142,-0.010303920688302881,-0.00823999,0.022166573639276876,0.002132882071359532
XGB,FTSE,4,2025-07-01,2026-07-01,2025-11-20,3875,9.16195864489278,-0.007390174131160165,-0.006737668,0.018180218350281052,0.0012586929878732889
XGB,FTSE,4,2025-07-01,2026-07-01,2025-11-21,3876,9.163217337880653,-0.004411431212030692,-0.0031518538,0.01684935627412898,-0.0005032666101936201
XGB,FTSE,4,2025-07-01,2026-07-01,2025-11-24,3877,9.16271407127046,-0.0014453192253292002,-0.001558754,0.016352288097150947,0.007793400204000989
XGB,FTSE,4,2025-07-01,2026-07-01,2025-11-25,3878,9.17050747147446,0.00033695581472770186,0.0039300784,0.01049681369162947,0.008507298153290321
XGB,FTSE,4,2025-07-01,2026-07-01,2025-11-26,3879,9.17901476962775,-0.00022143636426008584,0.004988382,-0.0025414671631445174,0.0002373713611518724
XGB,FTSE,4,2025-07-01,2026-07-01,2025-11-27,3880,9.179252140988902,-0.001197018714702125,0.00583655,-0.005046888136305938,0.002740195471794493
XGB,FTSE,4,2025-07-01,2026-07-01,2025-11-28,3881,9.181992336460697,-0.0025880745161330765,0.005923854,-0.008108501495128095,-0.0018534732176362922
XGB,FTSE,4,2025-07-01,2026-07-01,2025-12-01,3882,9.18013886324306,-0.003205185301910163,0.004587672,-0.0048558830822802435,-7.216908827878399e-05
XGB,FTSE,4,2025-07-01,2026-07-01,2025-12-02,3883,9.180066694154782,-0.0027162533094067243,0.0037366515,0.00014433296855820288,-0.0010003347871716528
XGB,FTSE,4,2025-07-01,2026-07-01,2025-12-03,3884,9.17906635936761,-0.0031618931749513024,0.0021921424,-0.004456797347225816,0.0019379257984795117
XGB,FTSE,4,2025-07-01,2026-07-01,2025-12-04,3885,9.18100428516609,-0.002404234273328143,0.0026727659,0.004151583241656098,-0.004530982701483666
XGB,FTSE,4,2025-07-01,2026-07-01,2025-12-05,3886,9.176473302464606,-0.001716330420689971,0.0005474731,0.0018396025059068677,-0.0022680496120095484
XGB,FTSE,4,2025-07-01,2026-07-01,2025-12-08,3887,9.174205252852596,0.0004752290278080551,-0.00034293806,0.013306498201314909,-0.00032141788702766405
XGB,FTSE,4,2025-07-01,2026-07-01,2025-12-09,3888,9.173883834965569,0.0034361148880268644,0.00043014478,0.020103532994571793,0.0013991451952115597
XGB,FTSE,4,2025-07-01,2026-07-01,2025-12-10,3889,9.17528298016078,0.00674168612704662,0.0016687646,0.024744434674396132,0.004928046962559662
XGB,FTSE,4,2025-07-01,2026-07-01,2025-12-11,3890,9.18021102712334,0.008534434312435835,0.003157838,0.01663875467034437,-0.005601465102955672
XGB,FTSE,4,2025-07-01,2026-07-01,2025-12-12,3891,9.174609562020384,0.011779362525212278,-0.0006662199,0.024588989287034124,0.010546306387361426
XGB,FTSE,4,2025-07-01,2026-07-01,2025-12-15,3892,9.185155868407746,0.012946993683710772,0.00391213,0.012170203277850788,-0.006842963437232896
XGB,FTSE,4,2025-07-01,2026-07-01,2025-12-16,3893,9.178312904970513,0.014818979844763547,-0.00088009,0.018587554638967774,0.009198846083398493
XGB,FTSE,4,2025-07-01,2026-07-01,2025-12-17,3894,9.187511751053911,0.016466631673795362,0.0031406297,0.016880988300128408,0.00647561690622922
XGB,FTSE,4,2025-07-01,2026-07-01,2025-12-18,3895,9.19398736796014,0.016894919439774725,0.00384809,0.009469405382034779,0.006040046875035898
XGB,FTSE,4,2025-07-01,2026-07-01,2025-12-19,3896,9.200027414835176,0.01662635534917456,0.0054133236,0.005410922716318822,-0.0031776330414921006
XGB,FTSE,4,2025-07-01,2026-07-01,2025-12-22,3897,9.196849781793684,0.017344181516696366,0.004140879,0.013950445370392472,0.0023487695137340836
XGB,FTSE,4,2025-07-01,2026-07-01,2025-12-23,3898,9.199198551307418,0.018536997662700117,0.005358947,0.02333717366314758,-0.0018724796218219097
XGB,FTSE,4,2025-07-01,2026-07-01,2025-12-24,3899,9.197326071685596,0.018881773911815003,0.005077476,0.01782274072045098,-0.000425612076115911
XGB,FTSE,4,2025-07-01,2026-07-01,2025-12-29,3900,9.19690045960948,0.019255552472952076,0.0034923279,0.017899971033124018,0.007492279744559127
XGB,FTSE,4,2025-07-01,2026-07-01,2025-12-30,3901,9.20439273935404,0.019528013995191884,0.0042810463,0.01833060708569967,-0.0009359660118644086
XGB,FTSE,4,2025-07-01,2026-07-01,2025-12-31,3902,9.203456773342175,0.020203598509120013,0.0026937434,0.020855554211124172,0.0019815642093199415
XGB,FTSE,4,2025-07-01,2026-07-01,2026-01-02,3903,9.205438337551495,0.020421842563544956,0.004243706,0.018548534991593257,0.00536188961258155
XGB,FTSE,4,2025-07-01,2026-07-01,2026-01-05,3904,9.210800227164077,0.02046889383962558,0.005056838,0.01781222795478321,0.011735497806489192
XGB,FTSE,4,2025-07-01,2026-07-01,2026-01-06,3905,9.222535724970566,0.020166117956625484,0.0065322323,0.011413784128862403,-0.007386912564518511
XGB,FTSE,4,2025-07-01,2026-07-01,2026-01-07,3906,9.215148812406047,0.020671857619188216,0.0010536285,0.018448977364636576,-0.0003483817634428732
XGB,FTSE,4,2025-07-01,2026-07-01,2026-01-08,3907,9.214800430642605,0.020207742773864723,0.0020316048,0.014891524829206304,0.007922915797134777
XGB,FTSE,4,2025-07-01,2026-07-01,2026-01-09,3908,9.22272334643974,0.017491048239378415,0.0032077127,0.000217288225488943,0.001588981113560095
XGB,FTSE,4,2025-07-01,2026-07-01,2026-01-12,3909,9.2243123275533,0.014646485731240944,0.0032371404,-0.0002564832215714574,-0.00032545501021097323
XGB,FTSE,4,2025-07-01,2026-07-01,2026-01-13,3910,9.223986872543088,0.012133027007735109,0.0039095148,0.0012519256102176968,0.004625582575771503
XGB,FTSE,4,2025-07-01,2026-07-01,2026-01-14,3911,9.22861245511886,0.00884997230217266,0.005418313,-0.004033889945903368,0.005337053980568385
XGB,FTSE,4,2025-07-01,2026-07-01,2026-01-15,3912,9.233949509099428,0.005062473543892665,0.0059708934,-0.008828866397267987,-0.00035171932874433764
XGB,FTSE,4,2025-07-01,2026-07-01,2026-01-16,3913,9.233597789770684,0.0029991833868336926,0.0054676444,-0.002690395988187433,-0.0039058342988731454
XGB,FTSE,4,2025-07-01,2026-07-01,2026-01-19,3914,9.22969195547181,0.0010145344380134702,0.0018048362,-0.004029528929299531,-0.006751320806582584
XGB,FTSE,4,2025-07-01,2026-07-01,2026-01-20,3915,9.222940634665228,0.0006369356646303004,-0.0027063205,0.004433810665362969,0.0011152096664996947
XGB,FTSE,4,2025-07-01,2026-07-01,2026-01-21,3916,9.224055844331728,0.001294876451485294,0.00065300637,0.008388426551379169,0.001182953821578181
XGB,FTSE,4,2025-07-01,2026-07-01,2026-01-22,3917,9.225238798153306,0.003416848595200861,0.00040485885,0.01869103904422964,-0.0006602329803495621
XGB,FTSE,4,2025-07-01,2026-07-01,2026-01-23,3918,9.224578565172957,0.005445600152429009,0.0005252708,0.016737043231469073,0.0005420775292037661
XGB,FTSE,4,2025-07-01,2026-07-01,2026-01-26,3919,9.22512064270216,0.008399321462366771,0.0017390931,0.02466155304665385,0.0057867510803362165
XGB,FTSE,4,2025-07-01,2026-07-01,2026-01-27,3920,9.230907393782497,0.00872756756230686,0.003913028,0.00988460459497098,-0.005244967239985243
XGB,FTSE,4,2025-07-01,2026-07-01,2026-01-28,3921,9.225662426542511,0.01076863868332012,0.00034024235,0.020990569257248737,0.0017120187880799165
XGB,FTSE,4,2025-07-01,2026-07-01,2026-01-29,3922,9.227374445330591,0.012703480777169318,0.002751737,0.02085885438496682,0.005069825552515894
XGB,FTSE,4,2025-07-01,2026-07-01,2026-01-30,3923,9.232444270883107,0.01300646287232965,0.0032775488,0.012664591322032237,0.011485566314428652
XGB,FTSE,4,2025-07-01,2026-07-01,2026-02-02,3924,9.243929837197536,0.013226853290221996,0.0052194037,0.01253998231936393,-0.0026142287931101293
XGB,FTSE,4,2025-07-01,2026-07-01,2026-02-03,3925,9.241315608404426,0.01282106492915247,0.0034013249,0.008476256884113909,0.008466587344388543
XGB,FTSE,4,2025-07-01,2026-07-01,2026-02-04,3926,9.249782195748814,0.011925750983229122,0.0056048823,0.0042305420768169455,-0.008990197371346653
XGB,FTSE,4,2025-07-01,2026-07-01,2026-02-05,3927,9.240791998377468,0.012608863153502625,1.9312953e-05,0.015830652347172958,0.005860997422292513
XGB,FTSE,4,2025-07-01,2026-07-01,2026-02-06,3928,9.24665299579976,0.01359304743876244,0.0043151015,0.01781566671680146,0.0015803039157979981
XGB,FTSE,4,2025-07-01,2026-07-01,2026-02-09,3929,9.248233299715558,0.01551591962975074,0.0044218055,0.028475186981202327,-0.0031244375104186872
XGB,FTSE,4,2025-07-01,2026-07-01,2026-02-10,3930,9.24510886220514,0.01725444659702724,0.002323486,0.026044349167555936,0.011360957311760345
XGB,FTSE,4,2025-07-01,2026-07-01,2026-02-11,3931,9.2564698195169,0.018157191204048573,0.004414926,0.020304188353069463,-0.00667795422836015
XGB,FTSE,4,2025-07-01,2026-07-01,2026-02-12,3932,9.24979186528854,0.01986956073808166,-0.0001442771,0.026776243607091743,0.00422087253709158
XGB,FTSE,4,2025-07-01,2026-07-01,2026-02-13,3933,9.254012737825631,0.020793867207371974,0.0039379466,0.022171516312488038,0.002609912899009359
XGB,FTSE,4,2025-07-01,2026-07-01,2026-02-16,3934,9.25662265072464,0.022680645392911813,0.0038903935,0.03127121561416679,0.007846011791921015
XGB,FTSE,4,2025-07-01,2026-07-01,2026-02-17,3935,9.264468662516562,0.023918871800823638,0.0057664327,0.027147520731015007,0.012239824180198866
XGB,FTSE,4,2025-07-01,2026-07-01,2026-02-18,3936,9.27670848669676,0.024588409257725985,0.007109855,0.020781550232872092,-0.005555275324065079
XGB,FTSE,4,2025-07-01,2026-07-01,2026-02-19,3937,9.271153211372695,0.023928736963565456,0.0020223649,0.01430387324936433,0.005620796497273872
XGB,FTSE,4,2025-07-01,2026-07-01,2026-02-20,3938,9.27677400786997,0.021147782643302193,0.0061278623,-0.01915894238682192,-0.0002058989743378703
XGB,FTSE,4,2025-07-01,2026-07-01,2026-02-23,3939,9.276568108895631,0.01872907957654313,0.003989878,-0.011010632199543124,-0.0003838547575121254
XGB,FTSE,4,2025-07-01,2026-07-01,2026-02-24,3940,9.27618425413812,0.015538760472997737,0.0026874244,-0.025287485409645427,0.011709612200688113
XGB,FTSE,4,2025-07-01,2026-07-01,2026-02-25,3941,9.287893866338807,0.010001664383180398,0.0042725117,-0.04947152922607145,0.00372231690876923
XGB,FTSE,4,2025-07-01,2026-07-01,2026-02-26,3942,9.291616183247577,0.00321384144630521,0.005506777,-0.05663198035863459,0.005873853682055952
XGB,FTSE,4,2025-07-01,2026-07-01,2026-02-27,3943,9.297490036929632,-0.002628509719553307,0.006774546,-0.04675654363616033,-0.012032952307572842
XGB,FTSE,4,2025-07-01,2026-07-01,2026-03-02,3944,9.28545708462206,-0.007182651824532371,-0.0021056992,-0.040348222416920265,-0.027842019138912377
XGB,FTSE,4,2025-07-01,2026-07-01,2026-03-03,3945,9.257615065483147,-0.01101942120867605,-0.0061929813,-0.01721114533976653,0.007942411212940925
XGB,FTSE,4,2025-07-01,2026-07-01,2026-03-04,3946,9.265557476696088,-0.015765042648887118,-0.00381975,-0.02943238671209869,-0.014660707967614428
XGB,FTSE,4,2025-07-01,2026-07-01,2026-03-05,3947,9.250896768728474,-0.01881807492667953,-0.010157808,-0.00928060381893836,-0.012474431615737913
XGB,FTSE,4,2025-07-01,2026-07-01,2026-03-06,3948,9.238422337112736,-0.019502062131657283,-0.012474065,0.011484804418362415,-0.0034381342237939094
XGB,FTSE,4,2025-07-01,2026-07-01,2026-03-09,3949,9.234984202888942,-0.020207892797573734,-0.0105114775,0.005429383140755917,0.015749290404530214
XGB,FTSE,4,2025-07-01,2026-07-01,2026-03-10,3950,9.250733493293472,-0.02325135348804963,-0.005764215,-0.034063197622419494,-0.005624631088332777
XGB,FTSE,4,2025-07-01,2026-07-01,2026-03-11,3951,9.24510886220514,-0.026435879570783527,-0.0054475507,-0.042972067271779935,-0.0047049420617586435
XGB,FTSE,4,2025-07-01,2026-07-01,2026-03-12,3952,9.24040392014338,-0.029344487908007366,-0.0044544977,-0.04069989454865741,-0.004278830159391234
XGB,FTSE,4,2025-07-01,2026-07-01,2026-03-13,3953,9.23612508998399,-0.03071954948683242,-0.0041737203,-0.029270767693182265,0.005491074925545902
XGB,FTSE,4,2025-07-01,2026-07-01,2026-03-16,3954,9.241616164909535,-0.030677409666072464,-0.00010601587,-0.020652440621082846,0.008290976621562862
XGB,FTSE,4,2025-07-01,2026-07-01,2026-03-17,3955,9.249907141531098,-0.03287688014274259,0.002587867,-0.04235062134583423,-0.009493555501400408
XGB,FTSE,4,2025-07-01,2026-07-01,2026-03-18,3956,9.240413586029698,-0.034074460269160056,-0.0046285694,-0.033338500240226665,-0.023743290358645197
XGB,FTSE,4,2025-07-01,2026-07-01,2026-03-19,3957,9.216670295671053,-0.0320908804476705,-0.0082362965,0.0063888487129055704,-0.014533500737693217
XGB,FTSE,4,2025-07-01,2026-07-01,2026-03-20,3958,9.20213679493336,-0.028283481078206663,-0.010311564,0.02569962465957687,-0.0024327693386361204
XGB,FTSE,4,2025-07-01,2026-07-01,2026-03-23,3959,9.199704025594723,-0.021878979026221046,-0.01070904,0.04646668453846026,0.007150296696083913
XGB,FTSE,4,2025-07-01,2026-07-01,2026-03-24,3960,9.206854322290807,-0.015184105035629614,-0.0080219265,0.04619105148413283,0.014109401997645321
XGB,FTSE,4,2025-07-01,2026-07-01,2026-03-25,3961,9.220963724288453,-0.011193473488907202,-0.0029569608,0.023662106781319636,-0.01340720410318852
XGB,FTSE,4,2025-07-01,2026-07-01,2026-03-26,3962,9.207556520185264,-0.00442857863149726,-0.0070489324,0.0618920670909926,-0.00048143439579284575
XGB,FTSE,4,2025-07-01,2026-07-01,2026-03-27,3963,9.207075085789471,0.0027799084046247202,-0.0033317164,0.06186432848964962,0.01598405859448704
XGB,FTSE,4,2025-07-01,2026-07-01,2026-03-30,3964,9.223059144383958,0.008103077621957055,-0.0009371417,0.045597304415061046,0.004777275208978082
XGB,FTSE,4,2025-07-01,2026-07-01,2026-03-31,3965,9.227836419592936,0.012738878477891902,0.0009776104,0.03916779950078819,0.018334290540247267
XGB,FTSE,4,2025-07-01,2026-07-01,2026-04-01,3966,9.246170710133184,0.01584073755953419,0.0037044806,0.023296655420947943,0.006874663641756484
XGB,FTSE,4,2025-07-01,2026-07-01,2026-04-02,3967,9.25304537377494,0.01729293570846835,0.007082803,0.01174526698760836,-0.00841954270516787
XGB,FTSE,4,2025-07-01,2026-07-01,2026-04-07,3968,9.244625831069772,0.019876410115175602,0.0004812502,0.02303960752568024,0.024822756206484442
XGB,FTSE,4,2025-07-01,2026-07-01,2026-04-08,3969,9.269448587276257,0.021570670616366527,0.0057198536,0.0055177653917048985,-0.0005091729971358205
XGB,FTSE,4,2025-07-01,2026-07-01,2026-04-09,3970,9.26893941427912,0.021779935625277247,0.005028281,0.0005279512750107074,-0.000282965480101538
XGB,FTSE,4,2025-07-01,2026-07-01,2026-04-10,3971,9.26865644879902,0.019795618203657384,0.0028707818,-0.009706918617329308,-0.001652229705294772
XGB,FTSE,4,2025-07-01,2026-07-01,2026-04-13,3972,9.267004219093725,0.017379651093095916,0.0024846871,-0.010114286464562028,0.0024631464604070175
XGB,FTSE,4,2025-07-01,2026-07-01,2026-04-14,3973,9.269467365554132,0.014169326175654362,0.0030969381,-0.014440475955542098,-0.004676724791583098
XGB,FTSE,4,2025-07-01,2026-07-01,2026-04-15,3974,9.264790640762548,0.010438327213938337,0.0016715091,-0.017241230639823968,0.002874797832904008
XGB,FTSE,4,2025-07-01,2026-07-01,2026-04-16,3975,9.267665438595452,0.005548547880223964,0.0026640731,-0.025719853940056936,0.0073009140725091015
XGB,FTSE,4,2025-07-01,2026-07-01,2026-04-17,3976,9.274966352667962,0.0001271147928498806,0.004692525,-0.031887791006191435,-0.005498987113830012
XGB,FTSE,4,2025-07-01,2026-07-01,2026-04-20,3977,9.269467365554132,-0.005532798987129439,0.0008757012,-0.03804091482913741,-0.010517835372441553
XGB,FTSE,4,2025-07-01,2026-07-01,2026-04-21,3978,9.25894953018169,-0.00672956816362813,-0.0055388105,-0.011429005899632472,-0.0020595975525274923
XGB,FTSE,4,2025-07-01,2026-07-01,2026-04-22,3979,9.256889932629162,-0.00771704741446122,-0.0031284273,-0.010806002087038635,-0.0018630430305730528
XGB,FTSE,4,2025-07-01,2026-07-01,2026-04-23,3980,9.25502688959859,-0.009854392282559132,-0.0040330654,-0.02301313056593557,-0.007477479475864968
XGB,FTSE,4,2025-07-01,2026-07-01,2026-04-24,3981,9.247549410122724,-0.008500392629668951,-0.006142518,0.00572594119813985,-0.00560382546732896
XGB,FTSE,4,2025-07-01,2026-07-01,2026-04-27,3982,9.241945584655396,-0.007641546459939974,-0.0065848455,-0.004281917030324323,0.0011329770063746025
XGB,FTSE,4,2025-07-01,2026-07-01,2026-04-28,3983,9.24307856166177,-0.0074982871735596035,-0.002374914,-0.009695756490172514,-0.011652110936775983
XGB,FTSE,4,2025-07-01,2026-07-01,2026-04-29,3984,9.231426450724994,-0.005717989234163667,-0.00811048,0.005497465938637092,0.016094073557063382
XGB,FTSE,4,2025-07-01,2026-07-01,2026-04-30,3985,9.247520524282058,-0.006583699735696058,-0.0021538567,-0.010995988758935482,-0.001436593739933656
XGB,FTSE,4,2025-07-01,2026-07-01,2026-05-01,3986,9.246083930542124,-0.006502429160422096,-0.0027470682,-0.0037217347117390887,-0.014070171509469986
XGB,FTSE,4,2025-07-01,2026-07-01,2026-05-05,3987,9.232013759032654,-0.004243252511885842,-0.007836474,0.014938193598320382,0.02126159228821045
XGB,FTSE,4,2025-07-01,2026-07-01,2026-05-06,3988,9.253275351320864,-0.006320010587206326,-0.0033565483,-0.023583395849053446,-0.015611683695793133
XGB,FTSE,4,2025-07-01,2026-07-01,2026-05-07,3989,9.237663667625071,-0.005604393653719342,-0.008094839,0.004543501770820413,-0.004280862453473588
XGB,FTSE,4,2025-07-01,2026-07-01,2026-05-08,3990,9.233382805171598,-0.00429380082147901,-0.006145735,0.009482800695558069,0.0035411114920336217
XGB,FTSE,4,2025-07-01,2026-07-01,2026-05-11,3991,9.236923916663631,-0.0020771919718800547,-0.0051646573,0.015738106036119248,-0.0003993811405091918
XGB,FTSE,4,2025-07-01,2026-07-01,2026-05-12,3992,9.236524535523122,0.0004092691392454384,-0.002229822,0.017210518772250438,0.0058376603072627375
XGB,FTSE,4,2025-07-01,2026-07-01,2026-05-13,3993,9.242362195830385,0.002454589438197985,0.0013339708,0.013553636276002479,0.004589756800589484
XGB,FTSE,4,2025-07-01,2026-07-01,2026-05-14,3994,9.246951952630974,0.00415765737735363,0.0038149545,0.011359237525706334,-0.017259997159163376
XGB,FTSE,4,2025-07-01,2026-07-01,2026-05-15,3995,9.22969195547181,0.00800014488008749,-0.003813695,0.029914657807289302,0.012515213924080726
XGB,FTSE,4,2025-07-01,2026-07-01,2026-05-18,3996,9.242207169395892,0.008912220287726313,0.00016335303,0.009850795932161205,0.0006584364712640678
XGB,FTSE,4,2025-07-01,2026-07-01,2026-05-19,3997,9.242865605867156,0.009360339469132839,-0.00030135288,0.007589291682132071,0.009796416832594801
XGB,FTSE,4,2025-07-01,2026-07-01,2026-05-20,3998,9.25266202269975,0.007452037117715804,0.002462532,-0.008983591113057798,0.0010730315956219982
XGB,FTSE,4,2025-07-01,2026-07-01,2026-05-21,3999,9.253735054295372,0.005921584926166901,0.0036476683,-0.0067252979621788,0.002180777811014778
XGB,FTSE,4,2025-07-01,2026-07-01,2026-05-22,4000,9.255915832106387,0.0033926609361927262,0.005981087,-0.012885661210647825,0.002395358050293339
XGB,FTSE,4,2025-07-01,2026-07-01,2026-05-26,4001,9.25831119015668,0.0010778039451899701,0.0068081412,-0.012574736085522176,0.0012954231224195922
XGB,FTSE,4,2025-07-01,2026-07-01,2026-05-27,4002,9.2596066132791,-0.001194145768934618,0.0071171666,-0.013117587347487358,-0.007548647951047371
XGB,FTSE,4,2025-07-01,2026-07-01,2026-05-28,4003,9.252057965328053,-0.0019252109936882533,0.00080989685,-0.0050771104283082735,-0.001603067778765066
XGB,FTSE,4,2025-07-01,2026-07-01,2026-05-29,4004,9.250454897549288,-0.0042258034438162895,0.0015928223,-0.017639022155107043,-0.0067764659625950685
XGB,FTSE,4,2025-07-01,2026-07-01,2026-06-01,4005,9.243678431586693,-0.004983802211775412,-0.0027836594,-0.00817728299796805,0.0033313247465009965
XGB,FTSE,4,2025-07-01,2026-07-01,2026-06-02,4006,9.247009756333194,-0.005523372675572347,-0.0009440944,-0.006731975094693254,-0.003979585437454247
XGB,FTSE,4,2025-07-01,2026-07-01,2026-06-03,4007,9.24303017089574,-0.003438097120850969,-0.0013962289,0.013401507112334343,0.0027062831754189887
XGB,FTSE,4,2025-07-01,2026-07-01,2026-06-04,4008,9.245736454071158,-0.0022684575099098936,0.000941397,0.006762581185425276,0.0007525718604544096
XGB,FTSE,4,2025-07-01,2026-07-01,2026-06-05,4009,9.246489025931613,-0.0004681884953754434,0.0033873708,0.012088995254528001,0.0004918289681317134
XGB,FTSE,4,2025-07-01,2026-07-01,2026-06-08,4010,9.246980854899745,0.0014715617205300902,0.004377344,0.01296835645652017,-0.014164979505563835
XGB,FTSE,4,2025-07-01,2026-07-01,2026-06-09,4011,9.23281587539418,0.0036707753390121667,-0.0040982147,0.016716381945968806,0.0026852731945439245
XGB,FTSE,4,2025-07-01,2026-07-01,2026-06-10,4012,9.235501148588725,0.004944964873818236,-0.0014680892,0.010524830475919345,0.004776632649775792
XGB,FTSE,4,2025-07-01,2026-07-01,2026-06-11,4013,9.2402777812385,0.006431234283981624,-0.0016971171,0.012920947963300122,0.01615389676957335
XGB,FTSE,4,2025-07-01,2026-07-01,2026-06-12,4014,9.256431678008074,0.005797544273786315,0.002370787,-0.004095563123863499,-0.003932642751490079
XGB,FTSE,4,2025-07-01,2026-07-01,2026-06-15,4015,9.252499035256584,0.005999393808789222,0.0010008917,0.002967616996771838,0.006078985929557135
XGB,FTSE,4,2025-07-01,2026-07-01,2026-06-16,4016,9.25857802118614,0.00632450758090819,0.0049590548,0.003396124317367466,0.0013711901701238816
XGB,FTSE,4,2025-07-01,2026-07-01,2026-06-17,4017,9.259949211356265,0.005915159487825505,0.0054046535,-5.7060550831877777e-05,-0.010416954016115199
XGB,FTSE,4,2025-07-01,2026-07-01,2026-06-18,4018,9.24953225734015,0.006581301989013966,-0.0024900585,0.008092402238698782,-0.0035062782755055366
XGB,FTSE,4,2025-07-01,2026-07-01,2026-06-19,4019,9.246025979064644,0.007871257002726395,-0.0011101905,0.012828291244506573,0.007172750137156569
XGB,FTSE,4,2025-07-01,2026-07-01,2026-06-22,4020,9.2531987292018,0.0076386603486024995,-0.0001920557,0.0038629831349901167,-0.0008626143175902712
XGB,FTSE,4,2025-07-01,2026-07-01,2026-06-23,4021,9.25233611488421,0.009423861063313055,-0.0006572227,0.021251356324219373,0.0031305373691452587
XGB,AUDUSD,0,2021-07-01,2022-07-01,2021-07-01,2853,-0.2922516164760949,-0.008594649921881692,-0.013803899,0.002032734274382164,0.007046345332139603
XGB,AUDUSD,0,2021-07-01,2022-07-01,2021-07-04,2854,-0.2852052711439553,-0.008771610936009921,-0.0057405676,-0.01024028380748121,0.003240551844619577
XGB,AUDUSD,0,2021-07-01,2022-07-01,2021-07-05,2855,-0.2819647192993357,-0.008713078396202834,-0.00043551918,-0.008336470278562824,-0.0063844323660647295
XGB,AUDUSD,0,2021-07-01,2022-07-01,2021-07-06,2856,-0.2883491516654004,-0.008784772702638555,-0.0042316215,-0.009652527672590172,-0.0014132189151580543
XGB,AUDUSD,0,2021-07-01,2022-07-01,2021-07-07,2857,-0.2897623705805585,-0.009249890148487316,-0.0033412506,-0.012559706481614918,-0.006854658746442033
XGB,AUDUSD,0,2021-07-01,2022-07-01,2021-07-08,2858,-0.2966170293270005,-0.00962452589952939,-0.0060158586,-0.01273792373279009,0.0076107779502858075
XGB,AUDUSD,0,2021-07-01,2022-07-01,2021-07-11,2859,-0.2890062513767147,-0.011122157093425455,0.00025377877,-0.020388334932583574,-0.0012126308249980067
XGB,AUDUSD,0,2021-07-01,2022-07-01,2021-07-12,2860,-0.2902188822017127,-0.0121435000761011,-0.0015842746,-0.01730993549330717,-0.005226672749723771
XGB,AUDUSD,0,2021-07-01,2022-07-01,2021-07-13,2861,-0.2954455549514365,-0.011721081148999113,-0.0050758626,-0.008298334275159691,0.005144365373537962
XGB,AUDUSD,0,2021-07-01,2022-07-01,2021-07-14,2862,-0.2903011895778985,-0.012270957636529078,-0.0017249831,-0.015107814621895588,-0.007700489760092077
XGB,AUDUSD,0,2021-07-01,2022-07-01,2021-07-15,2863,-0.2980016793379906,-0.011182290224005409,-0.0064835497,-0.004692159168285415,-0.004320397724182801
XGB,AUDUSD,0,2021-07-01,2022-07-01,2021-07-18,2864,-0.3023220770621734,-0.010055563351404229,-0.0068956036,-0.0033374070433789815,-0.007032875997617205
XGB,AUDUSD,0,2021-07-01,2022-07-01,2021-07-19,2865,-0.3093549530597906,-0.007786686854421965,-0.0112230545,0.005150627874608793,-3.963324950767566e-05
XGB,AUDUSD,0,2021-07-01,2022-07-01,2021-07-20,2866,-0.3093945863092983,-0.005054928345607612,-0.010823187,0.007762269082306705,0.0018657686142783958
XGB,AUDUSD,0,2021-07-01,2022-07-01,2021-07-21,2867,-0.3075288176950199,-0.004190475576748787,-0.010134447,-0.0014033431132798313,0.0037849284684237094
XGB,AUDUSD,0,2021-07-01,2022-07-01,2021-07-22,2868,-0.3037438892265962,-0.003603568566665827,-0.004359846,-0.002699801922596501,-0.0016651149731979342
XGB,AUDUSD,0,2021-07-01,2022-07-01,2021-07-25,2869,-0.3054090041997941,-0.0021108260850710714,-0.0036711495,0.003871374911044223,0.0027151656935180957
XGB,AUDUSD,0,2021-07-01,2022-07-01,2021-07-26,2870,-0.302693838506276,-0.0014991840924095667,-0.0015153904,-0.0007112406541940897,-0.0029656455992763675
XGB,AUDUSD,0,2021-07-01,2022-07-01,2021-07-27,2871,-0.3056594841055524,2.7454403873639066e-05,-0.0012146585,0.004959553157634189,0.0014551589203705695
XGB,AUDUSD,0,2021-07-01,2022-07-01,2021-07-28,2872,-0.3042043251851818,-0.0004628762185182045,-0.0013787879,-0.005337112756959472,0.0025720079581902366
XGB,AUDUSD,0,2021-07-01,2022-07-01,2021-07-29,2873,-0.3016323172269916,-0.0015927710757980829,0.00048201683,-0.008840603643565426,-0.007299843581308141
XGB,AUDUSD,0,2021-07-01,2022-07-01,2021-08-01,2874,-0.3089321608082997,-0.0009771969675874126,-0.006172814,0.00020333456581111964,0.00248846965910704
XGB,AUDUSD,0,2021-07-01,2022-07-01,2021-08-02,2875,-0.3064436911491927,-0.00019757491272798244,-0.0053054127,0.001830773689609766,0.00490606186044279
XGB,AUDUSD,0,2021-07-01,2022-07-01,2021-08-03,2876,-0.3015376292887499,-0.0009706732288117248,-0.0013577599,-0.007504698490004236,-0.001867449871720217
XGB,AUDUSD,0,2021-07-01,2022-07-01,2021-08-04,2877,-0.3034050791604701,-0.0009311657687757768,-0.000922165,-0.0023428483998124694,0.002705148212551911
XGB,AUDUSD,0,2021-07-01,2022-07-01,2021-08-05,2878,-0.3006999309479182,-0.0019643120900523225,-0.0006453069,-0.008401097969512827,-0.008841506994223092
XGB,AUDUSD,0,2021-07-01,2022-07-01,2021-08-08,2879,-0.3095414379421413,-0.002759439935456409,-0.0051428596,-0.011270221784825396,-0.0009314829284157167
XGB,AUDUSD,0,2021-07-01,2022-07-01,2021-08-09,2880,-0.310472920870557,-0.003927709065168428,-0.005875309,-0.013735153547827117,0.0017440946280684044
XGB,AUDUSD,0,2021-07-01,2022-07-01,2021-08-10,2881,-0.3087288262424886,-0.006177057494186289,-0.005872435,-0.02727544461636261,0.004115908782905686
XGB,AUDUSD,0,2021-07-01,2022-07-01,2021-08-11,2882,-0.3046129174595829,-0.009439967242152236,-0.0013886887,-0.0322878014499855,-0.004429410319171212
XGB,AUDUSD,0,2021-07-01,2022-07-01,2021-08-12,2883,-0.3090423277787541,-0.010745021957905776,-0.004089485,-0.018129678175403174,0.0032944002184715493
XGB,AUDUSD,0,2021-07-01,2022-07-01,2021-08-15,2884,-0.3057479275602826,-0.012026275325698,-0.0011440451,-0.01600150165919334,-0.003353101357148447
XGB,AUDUSD,0,2021-07-01,2022-07-01,2021-08-16,2885,-0.309101028917431,-0.012210044779282392,-0.0023644425,-0.008820261570547383,-0.01171063080953566
XGB,AUDUSD,0,2021-07-01,2022-07-01,2021-08-17,2886,-0.3208116597269667,-0.011597526077395226,-0.010704448,-0.002373412881832293,-0.0033964146914174376
XGB,AUDUSD,0,2021-07-01,2022-07-01,2021-08-18,2887,-0.3242080744183841,-0.009364397740997066,-0.009664937,0.011684575308285816,-0.011796196440467088
XGB,AUDUSD,0,2021-07-01,2022-07-01,2021-08-19,2888,-0.3360042708588512,-0.006651341198131933,-0.01636121,0.020091919390113788,-0.0008964480507172023
XGB,AUDUSD,0,2021-07-01,2022-07-01,2021-08-22,2889,-0.3369007189095684,-0.0030716713004959595,-0.014735929,0.024639280253518192,0.009728712955411112
XGB,AUDUSD,0,2021-07-01,2022-07-01,2021-08-23,2890,-0.3271720059541573,9.870482315355034e-05,-0.008437891,0.021733474924240603,0.005422576734681384
XGB,AUDUSD,0,2021-07-01,2022-07-01,2021-08-24,2891,-0.3217494292194759,0.003252621064723349,-0.0011511741,0.020549863443961813,0.00382813873149751
XGB,AUDUSD,0,2021-07-01,2022-07-01,2021-08-25,2892,-0.3179212904879784,0.006533364515761642,0.0012949596,0.022881400566893417,-0.00526378212082057
XGB,AUDUSD,0,2021-07-01,2022-07-01,2021-08-26,2893,-0.323185072608799,0.010233357647067287,0.00080477004,0.02702900725781049,0.010661573498700672
XGB,AUDUSD,0,2021-07-01,2022-07-01,2021-08-29,2894,-0.3125234991100983,0.01145341846283765,0.0050736377,0.00960576272807312,-0.003388852358639116
XGB,AUDUSD,0,2021-07-01,2022-07-01,2021-08-30,2895,-0.3159123514687374,0.012376512800957307,0.0042480305,0.009899289430468639,0.0036509128126872015
XGB,AUDUSD,0,2021-07-01,2022-07-01,2021-08-31,2896,-0.3122614386560502,0.012807140982379395,0.005710548,0.0072062032378371055,0.006822907626133523
XGB,AUDUSD,0,2021-07-01,2022-07-01,2021-09-01,2897,-0.3054385310299167,0.012245905521225453,0.0077549857,1.4723076327216589e-05,0.0042389652544025935
XGB,AUDUSD,0,2021-07-01,2022-07-01,2021-09-02,2898,-0.3011995657755141,0.010909544268322413,0.009739411,-0.00452400466406222,0.006159675854429114
XGB,AUDUSD,0,2021-07-01,2022-07-01,2021-09-05,2899,-0.295039889921085,0.007676901764420985,0.011263628,-0.017331431437937805,-0.0011161754299034987
XGB,AUDUSD,0,2021-07-01,2022-07-01,2021-09-06,2900,-0.2961560653509885,0.005073450193977536,0.01138445,-0.012926614015949134,-0.006761671031036698
XGB,AUDUSD,0,2021-07-01,2022-07-01,2021-09-07,2901,-0.3029177363820252,0.002712322476447704,0.008340692,-0.012958074233523298,-0.003095325656243597
XGB,AUDUSD,0,2021-07-01,2022-07-01,2021-09-08,2902,-0.3060130620382688,0.0003124260519249411,0.0048927977,-0.013639970305777294,0.0009578266200556684
XGB,AUDUSD,0,2021-07-01,2022-07-01,2021-09-09,2903,-0.3050552354182131,-0.0022717538295563555,0.0026011835,-0.015191064505509111,-0.0003685725353763658
XGB,AUDUSD,0,2021-07-01,2022-07-01,2021-09-12,2904,-0.3054238079535895,-0.0052646255559059,0.0010363045,-0.01919921947070513,-0.0002997624859868431
XGB,AUDUSD,0,2021-07-01,2022-07-01,2021-09-13,2905,-0.3057235704395763,-0.007866611575375493,-0.00042755692,-0.018069393506858766,-0.006647750919446471
XGB,AUDUSD,0,2021-07-01,2022-07-01,2021-09-14,2906,-0.3123713213590228,-0.007559677904394768,-0.0027124644,-0.0023664239327675918,0.003288641992085173
XGB,AUDUSD,0,2021-07-01,2022-07-01,2021-09-15,2907,-0.3090826793669376,-0.008398253317002335,-0.0021965294,-0.010279757329469397,-0.006793131248610862
XGB,AUDUSD,0,2021-07-01,2022-07-01,2021-09-16,2908,-0.3158758106155485,-0.007875385811930702,-0.0047532585,-0.0014958325025742347,-0.003777221728497593
XGB,AUDUSD,0,2021-07-01,2022-07-01,2021-09-19,2909,-0.3196530323440461,-0.007502814782216982,-0.008787081,-0.0027202004804396385,-0.0005932675796761488
XGB,AUDUSD,0,2021-07-01,2022-07-01,2021-09-20,2910,-0.3202462999237222,-0.007962665296049165,-0.008652013,-0.011039666360004863,-0.004376727500572386
XGB,AUDUSD,0,2021-07-01,2022-07-01,2021-09-21,2911,-0.3246230274242946,-0.006836302577789721,-0.010626392,0.00044025849655632276,0.0008300634778595217
XGB,AUDUSD,0,2021-07-01,2022-07-01,2021-09-22,2912,-0.3237929639464351,-0.005141301704656154,-0.009348593,0.005681126222768895,0.009055218654644703
XGB,AUDUSD,0,2021-07-01,2022-07-01,2021-09-23,2913,-0.3147377452917904,-0.0048041817661832464,-0.0045311125,-0.0013852939162191102,-0.004624691404616632
XGB,AUDUSD,0,2021-07-01,2022-07-01,2021-09-26,2914,-0.319362436696407,-0.0037517970571433468,-0.003607112,0.003384439132936734,0.0019907935782843
XGB,AUDUSD,0,2021-07-01,2022-07-01,2021-09-27,2915,-0.3173716431181227,-0.003191582872926979,-0.0024049706,0.0001113339428379101,-0.005001589706362997
XGB,AUDUSD,0,2021-07-01,2022-07-01,2021-09-28,2916,-0.3223732328244857,-0.0011798619176212055,-0.004508348,0.009960936544186338,-0.008912733459241373
XGB,AUDUSD,0,2021-07-01,2022-07-01,2021-09-29,2917,-0.3312859662837271,0.0012247124307150914,-0.0106203,0.0158768128957526,0.0071031973559887995
XGB,AUDUSD,0,2021-07-01,2022-07-01,2021-09-30,2918,-0.3241827689277383,0.003544804647383104,-0.005696646,0.016080651062111484,0.006070931204072094
XGB,AUDUSD,0,2021-07-01,2022-07-01,2021-10-03,2919,-0.3181118377236662,0.004768080417685727,-0.00030128277,0.008196269280199786,0.001988798515656698
XGB,AUDUSD,0,2021-07-01,2022-07-01,2021-10-04,2920,-0.3161230392080095,0.006434537832589238,-0.00033072795,0.01313372561566939,0.0001450416445392122
XGB,AUDUSD,0,2021-07-01,2022-07-01,2021-10-05,2921,-0.3159779975634703,0.008464416125898655,-0.0007415464,0.016736000938345208,-0.001282311611814524
XGB,AUDUSD,0,2021-07-01,2022-07-01,2021-10-06,2922,-0.3172603091752848,0.010810110778850857,0.0021703234,0.019499171419912087,0.004848012894985432
XGB,AUDUSD,0,2021-07-01,2022-07-01,2021-10-07,2923,-0.3124122962802994,0.012071795212542369,0.005442232,0.013601937788045582,-0.0029968571076751105
XGB,AUDUSD,0,2021-07-01,2022-07-01,2021-10-10,2924,-0.3154091533879745,0.01449752936404669,0.003421285,0.024681737496422385,0.007307035522347682
XGB,AUDUSD,0,2021-07-01,2022-07-01,2021-10-11,2925,-0.3081021178656268,0.016426715281481596,0.006867326,0.022457876986723524,-0.0018134505778396037
XGB,AUDUSD,0,2021-07-01,2022-07-01,2021-10-12,2926,-0.3099155684434664,0.01728220832735239,0.0060097165,0.017381768745707016,0.006926254851126301
XGB,AUDUSD,0,2021-07-01,2022-07-01,2021-10-13,2927,-0.3029893135923401,0.017326927814802495,0.009069315,0.011178299423524607,0.003747316967215031
XGB,AUDUSD,0,2021-07-01,2022-07-01,2021-10-14,2928,-0.2992419966251251,0.017174279556863348,0.009311792,0.01046577926557557,0.001480858869752355
XGB,AUDUSD,0,2021-07-01,2022-07-01,2021-10-17,2929,-0.2977611377553727,0.017074649793524188,0.0098103015,0.011808011860862222,-0.0010492207368810735
XGB,AUDUSD,0,2021-07-01,2022-07-01,2021-10-18,2930,-0.2988103584922538,0.016753176111434454,0.0089222025,0.01122833736553508,0.008082942600701692
XGB,AUDUSD,0,2021-07-01,2022-07-01,2021-10-19,2931,-0.2907274158915521,0.01618857116484068,0.012999582,0.007249904474461721,0.005083175012648822
XGB,AUDUSD,0,2021-07-01,2022-07-01,2021-10-20,2932,-0.2856442408789033,0.014546221613794985,0.014706285,0.00039758666846478885,-0.006889558818856112
XGB,AUDUSD,0,2021-07-01,2022-07-01,2021-10-21,2933,-0.2925337996977594,0.014028542923230747,0.009399851,0.007581150098153189,0.0007227855289438923
XGB,AUDUSD,0,2021-07-01,2022-07-01,2021-10-24,2934,-0.2918110141688155,0.01202189413424204,0.006705723,-0.004037886579480399,0.003034796809265994
XGB,AUDUSD,0,2021-07-01,2022-07-01,2021-10-25,2935,-0.2887762173595495,0.010073596415341779,0.006120982,-0.003047485356387991,0.002823091465039007
XGB,AUDUSD,0,2021-07-01,2022-07-01,2021-10-26,2936,-0.2859531258945105,0.006963424456345846,0.0075256233,-0.013892190163761087,-0.0016288952322082162
XGB,AUDUSD,0,2021-07-01,2022-07-01,2021-10-27,2937,-0.2875820211267187,0.003895945588928529,0.005640307,-0.014076890921166763,0.0041045097096283345
XGB,AUDUSD,0,2021-07-01,2022-07-01,2021-10-28,2938,-0.2834775114170904,0.0006051629522607072,0.007511833,-0.015629588324760135,-0.0017691427933481108
XGB,AUDUSD,0,2021-07-01,2022-07-01,2021-11-01,2939,-0.2852466542104385,-0.0027931249595152807,0.007105499,-0.019080166483125216,0.000294004610832288
XGB,AUDUSD,0,2021-07-01,2022-07-01,2021-11-02,2940,-0.2849526495996062,-0.0066390536672808476,0.0037637064,-0.02509489315619462,-0.010896251148689695
XGB,AUDUSD,0,2021-07-01,2022-07-01,2021-11-03,2941,-0.2958489007482959,-0.009595559152534572,-0.0040787817,-0.019958409583660797,0.004025198032358401
XGB,AUDUSD,0,2021-07-01,2022-07-01,2021-11-04,2942,-0.2918237027159375,-0.011923311467859687,-0.0008916028,-0.018443944323690287,-0.008021613342334089
XGB,AUDUSD,0,2021-07-01,2022-07-01,2021-11-05,2943,-0.2998453160582716,-0.013083263380571863,-0.005211513,-0.0087336940819846,-0.001813595989613892
XGB,AUDUSD,0,2021-07-01,2022-07-01,2021-11-08,2944,-0.3016589120478855,-0.014378747684497983,-0.008174213,-0.012830640741261112,0.002551812306034962
XGB,AUDUSD,0,2021-07-01,2022-07-01,2021-11-09,2945,-0.2991070997418505,-0.01634573151278773,-0.0066073276,-0.01991373663041751,-0.0052197209517131915
XGB,AUDUSD,0,2021-07-01,2022-07-01,2021-11-10,2946,-0.3043268206935637,-0.01726474346027329,-0.0072722295,-0.01326466149751232,-0.005720722062237116
XGB,AUDUSD,0,2021-07-01,2022-07-01,2021-11-11,2947,-0.3100475427558008,-0.018049188550847972,-0.0105643,-0.014063681864962763,-0.005759767576155872
XGB,AUDUSD,0,2021-07-01,2022-07-01,2021-11-12,2948,-0.3158073103319567,-0.018163345452949287,-0.011119909,-0.008809202492108592,0.005539663292328911
XGB,AUDUSD,0,2021-07-01,2022-07-01,2021-11-15,2949,-0.3102676470396278,-0.019138517243149744,-0.0064496254,-0.015158072920726517,0.0016886368993715983
XGB,AUDUSD,0,2021-07-01,2022-07-01,2021-11-16,2950,-0.3085790101402562,-0.020473290428420776,-0.006423307,-0.019647149059027313,-0.0059105426488904045
XGB,AUDUSD,0,2021-07-01,2022-07-01,2021-11-17,2951,-0.3144895527891466,-0.021400809768844675,-0.008480309,-0.0176734347482978,-0.004531283583121437
XGB,AUDUSD,0,2021-07-01,2022-07-01,2021-11-18,2952,-0.319020836372268,-0.022073167006686878,-0.009368945,-0.017458552831897567,0.0014293541811919996
XGB,AUDUSD,0,2021-07-01,2022-07-01,2021-11-19,2953,-0.317591482191076,-0.022611493996515075,-0.0063437484,-0.01846850640440506,-0.006519742429687558
XGB,AUDUSD,0,2021-07-01,2022-07-01,2021-11-22,2954,-0.3241112246207636,-0.022672303598462062,-0.00908817,-0.014864342992128299,-0.0005052882033017014
XGB,AUDUSD,0,2021-07-01,2022-07-01,2021-11-23,2955,-0.3246165128240653,-0.022764782223724023,-0.009117027,-0.016804201365820615,-0.0008092071362890141
XGB,AUDUSD,0,2021-07-01,2022-07-01,2021-11-24,2956,-0.3254257199603543,-0.02297040802868039,-0.006735562,-0.018784305897736386,-0.0028004392389291977
XGB,AUDUSD,0,2021-07-01,2022-07-01,2021-11-25,2957,-0.3282261591992835,-0.023551973803686177,-0.0070811193,-0.02589511105990311,-0.0039368283381608915
XGB,AUDUSD,0,2021-07-01,2022-07-01,2021-11-26,2958,-0.3321629875374444,-0.02301854144701243,-0.008772321,-0.017507471603015412,-0.0043164016667212035
XGB,AUDUSD,0,2021-07-01,2022-07-01,2021-11-29,2959,-0.3364793892041656,-0.020810441455499096,-0.008791995,-0.0028331165031165173,0.0004194006086845059
XGB,AUDUSD,0,2021-07-01,2022-07-01,2021-11-30,2960,-0.3360599885954811,-0.018148255892999732,-0.008779787,0.003380643984284004,-0.0029155790174107965
XGB,AUDUSD,0,2021-07-01,2022-07-01,2021-12-01,2961,-0.3389755676128919,-0.015432508157845526,-0.007637068,0.002960620541950565,-0.0024451465769940173
XGB,AUDUSD,0,2021-07-01,2022-07-01,2021-12-02,2962,-0.3414207141898859,-0.012042044809648988,-0.008249373,0.008196632685147198,-0.002789311668204786
XGB,AUDUSD,0,2021-07-01,2022-07-01,2021-12-03,2963,-0.3442100258580907,-0.009038368344375436,-0.0077761505,0.006381555713059595,-0.00991124440109592
XGB,AUDUSD,0,2021-07-01,2022-07-01,2021-12-06,2964,-0.3541212702591866,-0.00584021382802985,-0.012162644,0.012476036417331804,0.004450811118726805
XGB,AUDUSD,0,2021-07-01,2022-07-01,2021-12-07,2965,-0.3496704591404598,-0.0024610413338481685,-0.0087781735,0.016503018816228288,0.010357953433177691
XGB,AUDUSD,0,2021-07-01,2022-07-01,2021-12-08,2966,-0.3393125057072821,-4.555435140896069e-05,-0.001689556,0.007415031158106211,0.006633161096085027
XGB,AUDUSD,0,2021-07-01,2022-07-01,2021-12-09,2967,-0.3326793446111971,0.0002314926386383087,0.0041964976,-0.0074220250870967175,-0.0033356024597442357
XGB,AUDUSD,0,2021-07-01,2022-07-01,2021-12-10,2968,-0.3360149470709413,0.000580971068606051,0.002266711,-0.005138455705847089,0.002790865566202616
XGB,AUDUSD,0,2021-07-01,2022-07-01,2021-12-13,2969,-0.3332240815047387,0.0010719290894164457,0.004327174,-0.0025565155586416144,-0.0046043886402923895
XGB,AUDUSD,0,2021-07-01,2022-07-01,2021-12-14,2970,-0.3378284701450311,0.002868494217595219,0.0013023218,0.011266577713060999,-0.0038167636968237106
XGB,AUDUSD,0,2021-07-01,2022-07-01,2021-12-15,2971,-0.3416452338418548,0.005526017940107375,-0.00091718126,0.017741689502331293,0.008477793517623289
XGB,AUDUSD,0,2021-07-01,2022-07-01,2021-12-16,2972,-0.3331674403242315,0.0072441030035481635,0.0030676285,0.008999178489967619,0.0012699657750556148
XGB,AUDUSD,0,2021-07-01,2022-07-01,2021-12-17,2973,-0.3318974745491759,0.00866017061981933,0.0030154393,0.0085191193855928,-0.008203895149117901
XGB,AUDUSD,0,2021-07-01,2022-07-01,2021-12-20,2974,-0.3401013696982938,0.011186076331996142,-0.0018676511,0.016308405751858712,-0.0010520330784946075
XGB,AUDUSD,0,2021-07-01,2022-07-01,2021-12-21,2975,-0.3411534027767884,0.014022347926534617,-0.0005143883,0.02078147671333641,0.005372805713408091
XGB,AUDUSD,0,2021-07-01,2022-07-01,2021-12-22,2976,-0.3357805970633803,0.015607010798967647,0.0022206765,0.014169628417436242,0.009218704631410224
XGB,AUDUSD,0,2021-07-01,2022-07-01,2021-12-23,2977,-0.3265618924319701,0.0164980844206572,0.010154211,0.007482914329254187,0.002658348092446583
XGB,AUDUSD,0,2021-07-01,2022-07-01,2021-12-24,2978,-0.3239035443395235,0.014787755656627044,0.0092498865,-0.004878428164513393,-0.0002647174947403852
XGB,AUDUSD,0,2021-07-01,2022-07-01,2021-12-27,2979,-0.3241682618342639,0.013642508658113894,0.008663499,0.0010389352833293786,0.0007899066706807956
XGB,AUDUSD,0,2021-07-01,2022-07-01,2021-12-28,2980,-0.3233783551635831,0.011895002506698338,0.0070592444,-0.0022409158656184203,-0.00041460878285198843
XGB,AUDUSD,0,2021-07-01,2022-07-01,2021-12-29,2981,-0.3237929639464351,0.009149266325710836,0.007340539,-0.009919063209925194,0.003421037882983091
XGB,AUDUSD,0,2021-07-01,2022-07-01,2021-12-30,2982,-0.320371926063452,0.006254954367798438,0.008660466,-0.011037573942398682,-0.001239042582492078
XGB,AUDUSD,0,2021-07-01,2022-07-01,2021-12-31,2983,-0.3216109686459441,0.0037331425564144927,0.007459158,-0.009535708425922329,0.0025319905432281686
XGB,AUDUSD,0,2021-07-01,2022-07-01,2022-01-03,2984,-0.3190789781027159,0.0016039842297394524,0.006832677,-0.008064919076764598,-0.009702994401320997
XGB,AUDUSD,0,2021-07-01,2022-07-01,2022-01-04,2985,-0.3287819725040369,0.002708031453636739,0.00092583185,0.01163093863752368,0.0056526459531023865
XGB,AUDUSD,0,2021-07-01,2022-07-01,2022-01-05,2986,-0.3231293265509345,0.003126179103647597,0.004921618,0.005985495431352628,-0.0024899444782670033
XGB,AUDUSD,0,2021-07-01,2022-07-01,2022-01-06,2987,-0.3256192710292015,0.0026581956536232965,0.0037161915,-0.0005933498097439593,-0.008092756127158762
XGB,AUDUSD,0,2021-07-01,2022-07-01,2022-01-07,2988,-0.3337120271563603,0.0031120818625151037,-0.003366359,0.006706595495611589,0.0023025271505096034
XGB,AUDUSD,0,2021-07-01,2022-07-01,2022-01-10,2989,-0.3314095000058507,0.002818375165592246,-0.003813083,0.0011680619198471964,0.0002628229339842747
XGB,AUDUSD,0,2021-07-01,2022-07-01,2022-01-11,2990,-0.3311466770718664,0.0031395774654351394,-0.0006354866,0.0050011209213806085,0.004002779892385899
XGB,AUDUSD,0,2021-07-01,2022-07-01,2022-01-12,2991,-0.3271438971794805,0.0027993127381421568,0.00020443476,0.00101064674578083,0.009992863312967282
XGB,AUDUSD,0,2021-07-01,2022-07-01,2022-01-13,2992,-0.3171510338665132,0.0006046219677006692,0.002981674,-0.013037165744612389,7.2027469313340475e-06
XGB,AUDUSD,0,2021-07-01,2022-07-01,2022-01-14,2993,-0.3171438311195819,-0.002277627146412664,0.002803507,-0.017699914727004495,-0.00906878971936359
XGB,AUDUSD,0,2021-07-01,2022-07-01,2022-01-17,2994,-0.3262126208389455,-0.003724653373945841,-0.0021192331,-0.008030052211640548,-0.0007928108218032137
XGB,AUDUSD,0,2021-07-01,2022-07-01,2022-01-18,2995,-0.3270054316607487,-0.00562384127557819,-0.0011763164,-0.012250756401275598,-0.0032360064252547893
XGB,AUDUSD,0,2021-07-01,2022-07-01,2022-01-19,2996,-0.3302414380860035,-0.007591907459152836,-0.00034063737,-0.021374835781274526,0.004095881935517687
XGB,AUDUSD,0,2021-07-01,2022-07-01,2022-01-20,2997,-0.3261455561504858,-0.010743579811970161,0.00040006218,-0.030815377705299907,1.230571678612069e-05
XGB,AUDUSD,0,2021-07-01,2022-07-01,2022-01-21,2998,-0.3261332504336997,-0.012385173496792079,-3.5390778e-05,-0.020831640556560227,-0.004054949177425937
XGB,AUDUSD,0,2021-07-01,2022-07-01,2022-01-24,2999,-0.3301881996111256,-0.012329618193647807,-0.0032631466,-0.007526050875675705,-0.004655546235460772
XGB,AUDUSD,0,2021-07-01,2022-07-01,2022-01-25,3000,-0.3348437458465864,-0.011736556278012844,-0.005528381,-0.004721600733447406,0.000601072796000357
XGB,AUDUSD,0,2021-07-01,2022-07-01,2022-01-26,3001,-0.334242673050586,-0.010797663270229074,-0.0045534465,-0.001929511125349448,-0.005013515011438263
XGB,AUDUSD,0,2021-07-01,2022-07-01,2022-01-27,3002,-0.3392561880620243,-0.010192247564050738,-0.008695103,-0.006012898375383935,-0.012360085805253718
XGB,AUDUSD,0,2021-07-01,2022-07-01,2022-01-28,3003,-0.351616273867278,-0.008115457910408685,-0.012704395,0.013342163839697718,-0.005344659988507694
XGB,AUDUSD,0,2021-07-01,2022-07-01,2022-01-31,3004,-0.3569609338557857,-0.005065896809934078,-0.012862295,0.020917377310794294,0.0099960428655258
XGB,AUDUSD,0,2021-07-01,2022-07-01,2022-02-01,3005,-0.3469648909902599,-0.0028173215737957724,-0.0044776965,0.015318575353072295,0.009250640503458585
XGB,AUDUSD,0,2021-07-01,2022-07-01,2022-02-02,3006,-0.3377142504868013,-0.001822294459123186,0.001031516,0.00387622562652834,-0.0018510960932324738
XGB,AUDUSD,0,2021-07-01,2022-07-01,2022-02-03,3007,-0.3395653465800338,-0.000991118434521543,0.00034131116,0.0033645484311592977,0.0033931624040983155
XGB,AUDUSD,0,2021-07-01,2022-07-01,2022-02-04,3008,-0.3361721841759355,-0.0008649775967896067,0.002703003,-0.001807456986966216,-0.00909690226147275
XGB,AUDUSD,0,2021-07-01,2022-07-01,2022-02-07,3009,-0.3452690864374082,0.0006894563162968548,-0.0019309202,0.009668676352900196,0.0069949764098279354
XGB,AUDUSD,0,2021-07-01,2022-07-01,2022-02-08,3010,-0.3382741100275803,0.0023030775983867158,0.004681785,0.00900627225056877,0.0022305534825888818
XGB,AUDUSD,0,2021-07-01,2022-07-01,2022-02-09,3011,-0.3360435565449914,0.003419101133279423,0.0035796666,0.006056592664541616,0.004397240907803801
XGB,AUDUSD,0,2021-07-01,2022-07-01,2022-02-10,3012,-0.3316463156371876,0.003397747546788399,0.0043418515,-0.0007963841624272772,-0.0021917092230853696
XGB,AUDUSD,0,2021-07-01,2022-07-01,2022-02-11,3013,-0.333838024860273,0.003892340601912958,0.0037940727,0.0031790391512684923,-0.0023627732886015163
XGB,AUDUSD,0,2021-07-01,2022-07-01,2022-02-14,3014,-0.3362007981488745,0.005492702711676789,0.0025305136,0.011425283971725708,-0.0017788430140271982
XGB,AUDUSD,0,2021-07-01,2022-07-01,2022-02-15,3015,-0.3379796411629017,0.0072736748327035805,0.0013757241,0.013356613738607082,0.002379231078393662
XGB,AUDUSD,0,2021-07-01,2022-07-01,2022-02-16,3016,-0.335600410084508,0.006883419949407221,0.0025784327,0.001553297202660453,0.006332572307496509
XGB,AUDUSD,0,2021-07-01,2022-07-01,2022-02-17,3017,-0.3292678377770115,0.006048922654496358,0.0051483065,-0.0011144222749301935,-0.0007191261034382723
XGB,AUDUSD,0,2021-07-01,2022-07-01,2022-02-18,3018,-0.3299869638804498,0.0064405112983675905,0.003936821,0.010057286758964279,-0.002455735919165092
XGB,AUDUSD,0,2021-07-01,2022-07-01,2022-02-21,3019,-0.3324426997996149,0.007370520475309339,0.0024701618,0.012433814812558175,0.0017837140906103999
XGB,AUDUSD,0,2021-07-01,2022-07-01,2022-02-22,3020,-0.3306589857090045,0.008539699073003115,0.0033369237,0.01504570679472661,0.0058834715318557
XGB,AUDUSD,0,2021-07-01,2022-07-01,2022-02-23,3021,-0.3247755141771488,0.009526412857055855,0.006743941,0.015120430109342664,0.00015248675285417512
XGB,AUDUSD,0,2021-07-01,2022-07-01,2022-02-24,3022,-0.3246230274242946,0.011199962317256174,0.006240212,0.022816138548214182,-0.009424085457552966
XGB,AUDUSD,0,2021-07-01,2022-07-01,2022-02-25,3023,-0.3340471128818476,0.013165648667543994,0.0021690447,0.023232653066025677,0.0036648528299058625
XGB,AUDUSD,0,2021-07-01,2022-07-01,2022-02-28,3024,-0.3303822600519417,0.013579365967637758,0.0031665862,0.01126686989168052,0.0104525829304562
XGB,AUDUSD,0,2021-07-01,2022-07-01,2022-03-01,3025,-0.3199296771214855,0.01354098856153474,0.0072386567,0.007531310873566288,-7.920786557119586e-05
XGB,AUDUSD,0,2021-07-01,2022-07-01,2022-03-02,3026,-0.3200088849870567,0.01408884032087765,0.007276806,0.014298585287158494,0.004395606072778835
XGB,AUDUSD,0,2021-07-01,2022-07-01,2022-03-03,3027,-0.3156132789142779,0.012899063416023149,0.00597688,0.00042307696709836806,0.005958194846471754
XGB,AUDUSD,0,2021-07-01,2022-07-01,2022-03-04,3028,-0.3096550840678061,0.00986899862390922,0.011163413,-0.019029760262860795,0.007848195191725693
XGB,AUDUSD,0,2021-07-01,2022-07-01,2022-03-07,3029,-0.3018068888760804,0.005845042477447104,0.016797071,-0.027947879231701556,-0.009007570939741472
XGB,AUDUSD,0,2021-07-01,2022-07-01,2022-03-08,3030,-0.3108144598158219,0.004605070257395594,0.010887465,-0.005431807734502414,-0.008300930344439295
XGB,AUDUSD,0,2021-07-01,2022-07-01,2022-03-09,3031,-0.3191153901602612,0.005386276465021322,0.0053794975,0.015439417488391782,0.006717023912341968
XGB,AUDUSD,0,2021-07-01,2022-07-01,2022-03-10,3032,-0.3123983662479192,0.005890666142326806,0.007986565,0.012642018855441028,0.00668806654802101
XGB,AUDUSD,0,2021-07-01,2022-07-01,2022-03-11,3033,-0.3057102996998982,0.005570389069479376,0.011031441,0.004036558717472993,-0.009479902247281291
XGB,AUDUSD,0,2021-07-01,2022-07-01,2022-03-14,3034,-0.3151902019471795,0.007259833557785755,0.002679771,0.02246903459824029,-0.01349464238348741
XGB,AUDUSD,0,2021-07-01,2022-07-01,2022-03-15,3035,-0.3286848443306669,0.010659480632104423,-4.7319532e-05,0.04089277539166869,-0.0010699237771150671
XGB,AUDUSD,0,2021-07-01,2022-07-01,2022-03-16,3036,-0.329754768107782,0.014606111780896769,-0.0030038194,0.043974499488527996,0.01350850055745767
XGB,AUDUSD,0,2021-07-01,2022-07-01,2022-03-17,3037,-0.3162462675503243,0.017134985599916774,0.0036654735,0.03099208175469681,0.012570294878454902
XGB,AUDUSD,0,2021-07-01,2022-07-01,2022-03-18,3038,-0.3036759726718694,0.01811804871895978,0.010278217,0.01592745870219009,0.0039196252793912145
XGB,AUDUSD,0,2021-07-01,2022-07-01,2022-03-21,3039,-0.2997563473924782,0.018781543844636983,0.008996505,0.014028747102286798,-0.0019173935899470251
XGB,AUDUSD,0,2021-07-01,2022-07-01,2022-03-22,3040,-0.3016737409824252,0.019087670320295624,0.0070987423,0.014391734342236617,0.008952573633486005
XGB,AUDUSD,0,2021-07-01,2022-07-01,2022-03-23,3041,-0.2927211673489392,0.01806326061510849,0.011133025,0.00396221433043864,0.004929098409940991
XGB,AUDUSD,0,2021-07-01,2022-07-01,2022-03-24,3042,-0.2877920689389982,0.016162465380678226,0.014408338,-0.001693357781358651,0.002011800319744239
XGB,AUDUSD,0,2021-07-01,2022-07-01,2022-03-25,3043,-0.285780268619254,0.0151086981361781,0.01221612,0.003934704051564875,0.0005260828236264836
XGB,AUDUSD,0,2021-07-01,2022-07-01,2022-03-27,3044,-0.2852541857956275,0.014645955348499384,0.01026357,0.008933930519704425,-0.0024943281740518186
XGB,AUDUSD,0,2021-07-01,2022-07-01,2022-03-28,3045,-0.2877485139696793,0.012991934606662259,0.008368477,0.000744194757380412,0.0020209136794879234
XGB,AUDUSD,0,2021-07-01,2022-07-01,2022-03-29,3046,-0.2857276002901914,0.010618168960607743,0.006691151,-0.004827804884940001,-0.001554406349997206
XGB,AUDUSD,0,2021-07-01,2022-07-01,2022-03-30,3047,-0.2872820066401886,0.00803844610157367,0.006867443,-0.007556953463484395,-0.0014769463783119718
XGB,AUDUSD,0,2021-07-01,2022-07-01,2022-03-31,3048,-0.2887589530185006,0.005288800404382732,0.0045049894,-0.01027837406963611,-0.0007264737018563006
XGB,AUDUSD,0,2021-07-01,2022-07-01,2022-04-03,3049,-0.2894854267203569,0.003707619706072529,0.0041587832,-0.004215000129711932,0.007639862152667765
XGB,AUDUSD,0,2021-07-01,2022-07-01,2022-04-04,3050,-0.2818455645676891,0.0008747823430270696,0.008081094,-0.012324454177113864,0.005525309291766034
XGB,AUDUSD,0,2021-07-01,2022-07-01,2022-04-05,3051,-0.2763202552759231,-0.003276902055958708,0.011318988,-0.02341389140506972,-0.010684063936375832
XGB,AUDUSD,0,2021-07-01,2022-07-01,2022-04-06,3052,-0.2870043192122989,-0.006043660837665887,0.004070583,-0.014935654674063492,-0.00355108596283249
XGB,AUDUSD,0,2021-07-01,2022-07-01,2022-04-07,3053,-0.2905554051751314,-0.008730989293272429,0.0013398494,-0.016296741304645312,-0.0042835549285416
XGB,AUDUSD,0,2021-07-01,2022-07-01,2022-04-10,3054,-0.294838960103673,-0.00967494459149515,-0.0014002786,-0.007078845153016489,-0.004198366984463686
XGB,AUDUSD,0,2021-07-01,2022-07-01,2022-04-11,3055,-0.2990373270881367,-0.008648762660821707,-0.0055716834,0.004263200262111078,0.0053369002380678765
XGB,AUDUSD,0,2021-07-01,2022-07-01,2022-04-12,3056,-0.2937004268500688,-0.009560404755512952,-0.00291066,-0.012673382749132378,-0.00046959189473416707
XGB,AUDUSD,0,2021-07-01,2022-07-01,2022-04-13,3057,-0.294170018744803,-0.010969142213630989,-0.0010540858,-0.029216984359744513,-0.005564127936189822
XGB,AUDUSD,0,2021-07-01,2022-07-01,2022-04-14,3058,-0.2997341466809928,-0.012346832343378245,-0.005492851,-0.031760706772873515,-0.0022058272053696037
XGB,AUDUSD,0,2021-07-01,2022-07-01,2022-04-17,3059,-0.3019399738863624,-0.01402775986293503,-0.0064182617,-0.03409215545274552,-0.00491217259341431
XGB,AUDUSD,0,2021-07-01,2022-07-01,2022-04-18,3060,-0.3068521464797767,-0.015696622927987514,-0.007209644,-0.03202437773830846,0.004934341223087224
XGB,AUDUSD,0,2021-07-01,2022-07-01,2022-04-19,3061,-0.3019178052566895,-0.01883103347088949,-0.0039759907,-0.03932874592666402,0.00714367843066388
XGB,AUDUSD,0,2021-07-01,2022-07-01,2022-04-20,3062,-0.2947741268260256,-0.023807362031041834,0.0025967045,-0.05260270054090349,-0.01159968277317558
XGB,AUDUSD,0,2021-07-01,2022-07-01,2022-04-21,3063,-0.3063738095992012,-0.02788171103373932,-0.0047179824,-0.04304217092767132,-0.017013193505346302
XGB,AUDUSD,0,2021-07-01,2022-07-01,2022-04-24,3064,-0.3233870031045475,-0.029774683584462835,-0.009475695,-0.018570142575665527,-0.008107850349318824
XGB,AUDUSD,0,2021-07-01,2022-07-01,2022-04-25,3065,-0.3314948534538663,-0.028206013962746634,-0.013444166,0.010310985591703625,-0.0045372758852416095
XGB,AUDUSD,0,2021-07-01,2022-07-01,2022-04-26,3066,-0.3360321293391079,-0.027040286123216073,-0.015898535,-0.003504674239364458,-0.002844394878977252
XGB,AUDUSD,0,2021-07-01,2022-07-01,2022-04-27,3067,-0.3388765242180852,-0.025914015706364035,-0.014489295,-0.011106922501284922,-0.002370026965268335
XGB,AUDUSD,0,2021-07-01,2022-07-01,2022-04-28,3068,-0.3412465511833535,-0.025066642761457703,-0.014222892,-0.02153375078647457,-0.006130276183575589
XGB,AUDUSD,0,2021-07-01,2022-07-01,2022-05-01,3069,-0.3473768273669291,-0.02400236435820019,-0.015533684,-0.018482941726153,-0.0020391531599434076
XGB,AUDUSD,0,2021-07-01,2022-07-01,2022-05-02,3070,-0.3494159805268725,-0.02286623237534935,-0.013408416,-0.01766997567053219,0.00745883484665949
XGB,AUDUSD,0,2021-07-01,2022-07-01,2022-05-03,3071,-0.341957145680213,-0.023800973709267037,-0.006654165,-0.03318619243261467,0.02077327781805033
XGB,AUDUSD,0,2021-07-01,2022-07-01,2022-05-04,3072,-0.3211838678621627,-0.026122905284230336,-0.00029226305,-0.043209204509409016,-0.018352935716309693
XGB,AUDUSD,0,2021-07-01,2022-07-01,2022-05-05,3073,-0.3395368035784724,-0.026776151254754077,-0.0048931437,-0.021028532019371937,-0.010446643140897716
XGB,AUDUSD,0,2021-07-01,2022-07-01,2022-05-08,3074,-0.3499834467193701,-0.025626377173165515,-0.00789069,-0.0020105795207241983,-0.012796855250457984
XGB,AUDUSD,0,2021-07-01,2022-07-01,2022-05-09,3075,-0.3627803019698281,-0.024604927920074626,-0.011873029,0.00023102786558359956,-0.0030794671232540205
XGB,AUDUSD,0,2021-07-01,2022-07-01,2022-05-10,3076,-0.3658597690930821,-0.021781106919490367,-0.011203542,0.015095921686413993,-0.0012261871043225958
XGB,AUDUSD,0,2021-07-01,2022-07-01,2022-05-11,3077,-0.3670859561974047,-0.018125154239143626,-0.011696375,0.0193558451171586,-0.00805738191542299
XGB,AUDUSD,0,2021-07-01,2022-07-01,2022-05-12,3078,-0.3751433381128277,-0.013125983713158762,-0.014660285,0.031099805897334798,0.010750265741255982
XGB,AUDUSD,0,2021-07-01,2022-07-01,2022-05-15,3079,-0.3643930723715717,-0.008893790623290099,-0.006783696,0.022353444225863217,0.003827736773727386
XGB,AUDUSD,0,2021-07-01,2022-07-01,2022-05-16,3080,-0.3605653355978443,-0.005258410366767274,-0.0016733506,0.01658065813942189,0.008571309357750023
XGB,AUDUSD,0,2021-07-01,2022-07-01,2022-05-17,3081,-0.3519940262400943,-0.002418188144482858,0.0015948571,0.009333841380641195,-0.010555247864150186
XGB,AUDUSD,0,2021-07-01,2022-07-01,2022-05-18,3082,-0.3625492741042445,0.002334002614175379,-0.0019351433,0.028866621937562398,0.011785426697576373
XGB,AUDUSD,0,2021-07-01,2022-07-01,2022-05-19,3083,-0.3507638474066681,0.00629198515752788,0.0024571694,0.02159318500340568,0.0030337363264220096
XGB,AUDUSD,0,2021-07-01,2022-07-01,2022-05-22,3084,-0.3477301110802461,0.009386867310156422,0.002618648,0.016809011491425108,0.0036865788647532094
XGB,AUDUSD,0,2021-07-01,2022-07-01,2022-05-23,3085,-0.3440435322154929,0.011539980685685403,0.0067172507,0.01186617040530441,0.0020039040697844013
XGB,AUDUSD,0,2021-07-01,2022-07-01,2022-05-24,3086,-0.3420396281457085,0.013925378259411092,0.006730894,0.0230733222002637,-0.0019450493127139423
XGB,AUDUSD,0,2021-07-01,2022-07-01,2022-05-25,3087,-0.3439846774584224,0.015020022576419434,0.0037740082,0.016164048787529306,0.001324492598969329
XGB,AUDUSD,0,2021-07-01,2022-07-01,2022-05-26,3088,-0.3426601848594531,0.015539653985328417,0.005748414,0.012572566717930722,0.008977532692771018
XGB,AUDUSD,0,2021-07-01,2022-07-01,2022-05-29,3089,-0.3336826521666821,0.01560481230602584,0.009448029,0.008035975570500176,0.004511989763419655
XGB,AUDUSD,0,2021-07-01,2022-07-01,2022-05-30,3090,-0.3291706624032624,0.014308155406222767,0.009724392,-0.0012115976486792857,-0.001750437185558562
XGB,AUDUSD,0,2021-07-01,2022-07-01,2022-05-31,3091,-0.330921099588821,0.011497670678325633,0.0076331203,-0.011824312835629291,-0.0012562622213674879
XGB,AUDUSD,0,2021-07-01,2022-07-01,2022-06-01,3092,-0.3321773618101885,0.007771791353979651,0.007400044,-0.021889213526898432,0.013211055864743693
XGB,AUDUSD,0,2021-07-01,2022-07-01,2022-06-02,3093,-0.3189663059454448,0.002337773812915167,0.010761552,-0.0460864278870774,-0.008854322725448338
XGB,AUDUSD,0,2021-07-01,2022-07-01,2022-06-05,3094,-0.3278206286708931,-0.0024970741921281348,0.0066071865,-0.04470798418587557,-0.002266989470629255
XGB,AUDUSD,0,2021-07-01,2022-07-01,2022-06-06,3095,-0.3300876181415224,-0.004980608713778034,0.0029530723,-0.024175414217400826,0.004440941545340471
XGB,AUDUSD,0,2021-07-01,2022-07-01,2022-06-07,3096,-0.3256466765961819,-0.007740576206462291,0.0058042966,-0.02525947363528508,-0.0047355834557598064
XGB,AUDUSD,0,2021-07-01,2022-07-01,2022-06-08,3097,-0.3303822600519417,-0.010788289712730603,0.0019444975,-0.033029550514651285,-0.012363152372508568
XGB,AUDUSD,0,2021-07-01,2022-07-01,2022-06-09,3098,-0.3427454124244503,-0.011914155123269043,-0.0019816926,-0.018296082450440898,-0.011321162912636629
XGB,AUDUSD,0,2021-07-01,2022-07-01,2022-06-12,3099,-0.3540665753370869,-0.012018359030052828,-0.005006919,-0.008080304933776206,-0.010986158495435272
XGB,AUDUSD,0,2021-07-01,2022-07-01,2022-06-13,3100,-0.3650527338325222,-0.011972689333600406,-0.008526125,-0.005254862614079037,-0.007475879024246512
XGB,AUDUSD,0,2021-07-01,2022-07-01,2022-06-14,3101,-0.3725286128567687,-0.011202892321922064,-0.011381875,0.001972475271552976,0.01826558049784549
XGB,AUDUSD,0,2021-07-01,2022-07-01,2022-06-15,3102,-0.3542630323589232,-0.011723506358058633,-0.0028488755,-0.010532823835316507,0.0033568821274562177
XGB,AUDUSD,0,2021-07-01,2022-07-01,2022-06-16,3103,-0.350906150231467,-0.012811695344223994,-0.0026645162,-0.016898675512610428,-0.012505660335126012
XGB,AUDUSD,0,2021-07-01,2022-07-01,2022-06-19,3104,-0.363411810566593,-0.013102950920266199,-0.0063059637,-0.007014566852437398,0.0023703156917018187
XGB,AUDUSD,0,2021-07-01,2022-07-01,2022-06-20,3105,-0.3610414948748912,-0.01388785134075926,-0.0058412347,-0.012857252836382838,-0.0011053853959719362
XGB,AUDUSD,0,2021-07-01,2022-07-01,2022-06-21,3106,-0.3621468802708631,-0.013955364514322055,-0.004063159,-0.009264904451607991,-0.008160716175738103
XGB,AUDUSD,1,2022-07-01,2023-07-01,2022-07-03,3114,-0.3833421609426983,-0.014375950809273619,-0.00895946,-0.010144761493876997,0.008473740306492894
XGB,AUDUSD,1,2022-07-01,2023-07-01,2022-07-04,3115,-0.3748684206362054,-0.015388803728488887,-0.0018451458,-0.020799490905240192,-0.011794330022653676
XGB,AUDUSD,1,2022-07-01,2023-07-01,2022-07-05,3116,-0.3866627506588591,-0.014672552622452373,-0.007883802,-0.0056563487288666114,-0.0010605686039854012
XGB,AUDUSD,1,2022-07-01,2023-07-01,2022-07-06,3117,-0.3877233192628445,-0.012619912745093054,-0.0068218685,0.00423125651691586,0.009240948764163981
XGB,AUDUSD,1,2022-07-01,2023-07-01,2022-07-07,3118,-0.3784823704986805,-0.011777599372501502,-0.00037054002,-0.005681465277280584,-0.0004676171717770128
XGB,AUDUSD,1,2022-07-01,2023-07-01,2022-07-10,3119,-0.3789499876704575,-0.009705476435325322,0.0014846309,0.007593333317065298,-0.015083305196318675
XGB,AUDUSD,1,2022-07-01,2023-07-01,2022-07-11,3120,-0.3940332928667762,-0.006161254634099278,-0.0032162338,0.021139540387203004,0.0005463704302008932
XGB,AUDUSD,1,2022-07-01,2023-07-01,2022-07-12,3121,-0.3934869224365753,-0.0020118598098450846,-0.0041762693,0.025736856376710082,-0.002180989104870301
XGB,AUDUSD,1,2022-07-01,2023-07-01,2022-07-13,3122,-0.3956679115414456,0.002009179232547509,-0.0059022345,0.025284352145736266,0.0033488121537199045
XGB,AUDUSD,1,2022-07-01,2023-07-01,2022-07-14,3123,-0.3923190993877257,0.006206965161634825,-0.0025847463,0.0286487085812408,0.00882703664179707
XGB,AUDUSD,1,2022-07-01,2023-07-01,2022-07-17,3124,-0.3834920627459286,0.009073079896069036,0.0028024942,0.019272653175517906,-0.0006717730300324631
XGB,AUDUSD,1,2022-07-01,2023-07-01,2022-07-18,3125,-0.3841638357759611,0.012518903989183372,0.0021646868,0.026760070223228294,0.01280718142256887
XGB,AUDUSD,1,2022-07-01,2023-07-01,2022-07-19,3126,-0.3713566543533922,0.01470525285722557,0.004148982,0.014801661825286805,-0.001537098126180969
XGB,AUDUSD,1,2022-07-01,2023-07-01,2022-07-20,3127,-0.3728937524795732,0.015953605499214485,0.0046004625,0.012098274465132397,0.005143686419707971
XGB,AUDUSD,1,2022-07-01,2023-07-01,2022-07-21,3128,-0.3677500660598652,0.017177526207806326,0.0063386527,0.014483953368214397,-0.002633493335844117
XGB,AUDUSD,1,2022-07-01,2023-07-01,2022-07-24,3129,-0.3703835593957093,0.015765034853835125,0.005127063,-0.0020871798241068884,0.006713168589224439
XGB,AUDUSD,1,2022-07-01,2023-07-01,2022-07-25,3130,-0.3636703908064849,0.014140629078889022,0.008645298,-0.0017571318359878019,-0.0005490187639258237
XGB,AUDUSD,1,2022-07-01,2023-07-01,2022-07-26,3131,-0.3642194095704107,0.012831961549364945,0.008802677,0.0016986568959757031,0.006815644017677924
XGB,AUDUSD,1,2022-07-01,2023-07-01,2022-07-27,3132,-0.3574037655527328,0.009934706884323241,0.011321836,-0.013297346915341901,0.0008487730246273806
XGB,AUDUSD,1,2022-07-01,2023-07-01,2022-07-28,3133,-0.3565549925281054,0.008084985832847169,0.010094731,-0.0018785736890717941,-0.004240485486335377
XGB,AUDUSD,1,2022-07-01,2023-07-01,2022-07-31,3134,-0.3607954780144408,0.006683398103951632,0.0061333897,-0.0020404259482832976,0.0075293653227899715
XGB,AUDUSD,1,2022-07-01,2023-07-01,2022-08-01,3135,-0.3532661126916508,0.005813333576066726,0.010326385,0.007692571265468018,-0.019204626528165403
XGB,AUDUSD,1,2022-07-01,2023-07-01,2022-08-02,3136,-0.3724707392198162,0.0082567558064362,0.0016203905,0.030388566593616217,0.007043216577343525
XGB,AUDUSD,1,2022-07-01,2023-07-01,2022-08-03,3137,-0.3654275226424727,0.01040234284524999,0.005419097,0.025283439587395817,0.0029067699680376813
XGB,AUDUSD,1,2022-07-01,2023-07-01,2022-08-04,3138,-0.362520752674435,0.010631485546816588,0.005409914,0.0086992485913856,-0.00818035979363968
XGB,AUDUSD,1,2022-07-01,2023-07-01,2022-08-07,3139,-0.3707011124680747,0.01168746838094975,0.0021025673,0.01679384876917578,0.012267546250897488
XGB,AUDUSD,1,2022-07-01,2023-07-01,2022-08-08,3140,-0.3584335662171772,0.010261035085344816,0.006582286,-0.008233803963851871,-0.00440233774554688
XGB,AUDUSD,1,2022-07-01,2023-07-01,2022-08-09,3141,-0.3628359039627241,0.008832126973920329,0.0042241984,-0.0066060362245820015,0.017262362536541287
XGB,AUDUSD,1,2022-07-01,2023-07-01,2022-08-10,3142,-0.3455735414261828,0.005481824867331286,0.007550465,-0.028813652065472428,0.003491368799982797
XGB,AUDUSD,1,2022-07-01,2023-07-01,2022-08-11,3143,-0.3420821726262,0.001599335996722906,0.008426466,-0.03207320249805018,0.001938089571123125
XGB,AUDUSD,1,2022-07-01,2023-07-01,2022-08-14,3144,-0.3401440830550769,-0.0017344298628285126,0.008729509,-0.02759151868318982,-0.013677421027972536
XGB,AUDUSD,1,2022-07-01,2023-07-01,2022-08-15,3145,-0.3538215040830494,-0.0037909599798068294,0.0011752371,-0.016085483280506296,-8.575961584950109e-05
XGB,AUDUSD,1,2022-07-01,2023-07-01,2022-08-16,3146,-0.3539072636988989,-0.0046429910611861525,-0.001074158,-0.007926394117730995,-0.012760106482130162
XGB,AUDUSD,1,2022-07-01,2023-07-01,2022-08-17,3147,-0.3666673701810291,-0.005702556090911637,-0.0025443854,-0.009204127178865151,-0.0027745700062770107
XGB,AUDUSD,1,2022-07-01,2023-07-01,2022-08-18,3148,-0.3694419401873061,-0.005676669272373536,-0.0055241403,-0.0005341627936324977,-0.00494525330434914
XGB,AUDUSD,1,2022-07-01,2023-07-01,2022-08-21,3149,-0.3743871934916552,-0.005820015037377946,-0.0063778902,-0.0028698077916097797,0.00023181836740504558
XGB,AUDUSD,1,2022-07-01,2023-07-01,2022-08-22,3150,-0.3741553751242502,-0.006397004281143148,-0.0063272147,-0.00732433383284703,0.006419773385983485
XGB,AUDUSD,1,2022-07-01,2023-07-01,2022-08-23,3151,-0.3677356017382667,-0.008393273394976919,-0.0021034318,-0.018617995277104615,-0.002171385625289013
XGB,AUDUSD,1,2022-07-01,2023-07-01,2022-08-24,3152,-0.3699069873635557,-0.010112239600996609,-0.0021523214,-0.017183682934032996,0.0080733295469258
XGB,AUDUSD,1,2022-07-01,2023-07-01,2022-08-25,3153,-0.3618336578166299,-0.01233159993508337,0.00175531,-0.021772289346709717,-0.014037839543264319
XGB,AUDUSD,1,2022-07-01,2023-07-01,2022-08-28,3154,-0.3758714973598942,-0.014056707703521854,-0.0061841533,-0.0201221886326029,0.005895394378955643
XGB,AUDUSD,1,2022-07-01,2023-07-01,2022-08-29,3155,-0.3699761029809386,-0.015962591334235332,-0.00094432564,-0.022858888247583642,-0.007280898302326422
XGB,AUDUSD,1,2022-07-01,2023-07-01,2022-08-30,3156,-0.377257001283265,-0.016636206565751988,-0.0053320164,-0.013432851760323605,-0.0042227076738322045
XGB,AUDUSD,1,2022-07-01,2023-07-01,2022-08-31,3157,-0.3814797089570972,-0.015019346084594598,-0.0059968713,0.0027049727736243034,-0.004873888058274101
XGB,AUDUSD,1,2022-07-01,2023-07-01,2022-09-01,3158,-0.3863535970153713,-0.011955881703277604,-0.005443534,0.014417749225134335,-0.0007370732822173931
XGB,AUDUSD,1,2022-07-01,2023-07-01,2022-09-04,3159,-0.3870906702975887,-0.01090083772965239,-0.006772489,-0.006989205554729483,0.003484723134249079
XGB,AUDUSD,1,2022-07-01,2023-07-01,2022-09-05,3160,-0.3836059471633396,-0.010437000398027807,-0.0011243392,-0.00917033636467085,-0.012387738829157502
XGB,AUDUSD,1,2022-07-01,2023-07-01,2022-09-06,3161,-0.3959936859924971,-0.009681271641895528,-0.009506278,-0.0063813493412903655,0.003158694763974901
XGB,AUDUSD,1,2022-07-01,2023-07-01,2022-09-07,3162,-0.3928349912285222,-0.008848698419828771,-0.0073602656,-0.0036210179368104667,0.002145138184933615
XGB,AUDUSD,1,2022-07-01,2023-07-01,2022-09-08,3163,-0.3906898530435886,-0.008281149404831323,-0.0060847066,-0.004770641787249674,0.011915116860115704
XGB,AUDUSD,1,2022-07-01,2023-07-01,2022-09-11,3164,-0.3787747361834729,-0.010032238680787009,0.0010640628,-0.022568514996164468,0.006838888393235931
XGB,AUDUSD,1,2022-07-01,2023-07-01,2022-09-12,3165,-0.371935847790237,-0.013687928238118208,0.006248743,-0.042050151602074315,-0.02214402806208121
XGB,AUDUSD,1,2022-07-01,2023-07-01,2022-09-13,3166,-0.3940798758523182,-0.014626226189988933,0.0012164864,-0.0145800728937302,0.0013035923243077119
XGB,AUDUSD,1,2022-07-01,2023-07-01,2022-09-14,3167,-0.3927762835280105,-0.016733816241294663,-0.0013533247,-0.0332949895339103,-0.009598751805777017
XGB,AUDUSD,1,2022-07-01,2023-07-01,2022-09-15,3168,-0.4023750353337875,-0.018772634865128035,-0.007475893,-0.03210693731598829,0.0059190261684547996
XGB,AUDUSD,1,2022-07-01,2023-07-01,2022-09-18,3169,-0.3964560091653327,-0.021910521403540495,0.00026105932,-0.043910934383022404,0.0009955143344944073
XGB,AUDUSD,1,2022-07-01,2023-07-01,2022-09-19,3170,-0.3954604948308383,-0.02385020847690228,0.00093741214,-0.0345541283347644,-0.00588275634879909
XGB,AUDUSD,1,2022-07-01,2023-07-01,2022-09-20,3171,-0.4013432511796374,-0.0250014245128804,-0.00056128093,-0.027441825222599026,-0.012642748212673915
XGB,AUDUSD,1,2022-07-01,2023-07-01,2022-09-21,3172,-0.4139859993923113,-0.026115923555887655,-0.0053020753,-0.02903175928481,0.005326050646262903
XGB,AUDUSD,1,2022-07-01,2023-07-01,2022-09-22,3173,-0.4086599487460484,-0.026341798189912058,-5.322628e-05,-0.021846293353301738,-0.01741132431587239
XGB,AUDUSD,1,2022-07-01,2023-07-01,2022-09-25,3174,-0.4260712730619208,-0.025091890145170548,-0.004756238,-0.002544420764106714,-0.008410699587855008
XGB,AUDUSD,1,2022-07-01,2023-07-01,2022-09-26,3175,-0.4344819726497758,-0.02294792106346394,-0.011523709,0.005650679379591572,-0.0058849708985793114
XGB,AUDUSD,1,2022-07-01,2023-07-01,2022-09-27,3176,-0.4403669435483551,-0.021534932150820585,-0.014100292,-0.003671239823354322,0.010352320382752411
XGB,AUDUSD,1,2022-07-01,2023-07-01,2022-09-28,3177,-0.4300146231656027,-0.021966323407999533,-0.0065375,-0.020997349400190823,0.0012295467633662849
XGB,AUDUSD,1,2022-07-01,2023-07-01,2022-09-29,3178,-0.4287850764022364,-0.023442618457455933,-0.0064891563,-0.034074409604159805,-0.014232682274884889
XGB,AUDUSD,1,2022-07-01,2023-07-01,2022-10-02,3179,-0.4430177586771213,-0.024231035415799518,-0.012294831,-0.024363750571463505,0.012511516577771165
XGB,AUDUSD,1,2022-07-01,2023-07-01,2022-10-03,3180,-0.4305062420993501,-0.02612757421243056,-0.008912697,-0.03513793062219839,0.0018905482733226342
XGB,AUDUSD,1,2022-07-01,2023-07-01,2022-10-04,3181,-0.4286156938260275,-0.027579692995508942,-0.007778724,-0.033261218631424894,-0.00021559944415672216
XGB,AUDUSD,1,2022-07-01,2023-07-01,2022-10-05,3182,-0.4288312932701842,-0.030143861525532722,-0.007881015,-0.045351091139959,-0.015206890101525206
XGB,AUDUSD,1,2022-07-01,2023-07-01,2022-10-06,3183,-0.4440381833717094,-0.02963870402926766,-0.009224828,-0.018185292625079397,-0.00697378919408409
XGB,AUDUSD,1,2022-07-01,2023-07-01,2022-10-09,3184,-0.4510119725657935,-0.02798322824878008,-0.0133695705,-0.008423479122412869,-0.011847513440602697
XGB,AUDUSD,1,2022-07-01,2023-07-01,2022-10-10,3185,-0.4628594860063962,-0.02619267878392595,-0.011580788,-0.004954236318258087,-0.004522023242188589
XGB,AUDUSD,1,2022-07-01,2023-07-01,2022-10-11,3186,-0.4673815092485848,-0.02353681616776715,-0.017399738,0.001323162539646705,0.0017373365270362817
XGB,AUDUSD,1,2022-07-01,2023-07-01,2022-10-12,3187,-0.4656441727215485,-0.01954634652856363,-0.014568249,0.014957127558671124,0.0037672602640961284
XGB,AUDUSD,1,2022-07-01,2023-07-01,2022-10-13,3188,-0.4618769124574524,-0.01680632807112914,-0.009318302,0.004528613926043201,-0.012305471952690827
XGB,AUDUSD,1,2022-07-01,2023-07-01,2022-10-16,3189,-0.4741823844101432,-0.011998778621696793,-0.01520818,0.025658423538144626,0.011958908413354397
XGB,AUDUSD,1,2022-07-01,2023-07-01,2022-10-17,3190,-0.4622234759967888,-0.007800389925078477,-0.008632624,0.030439764957528537,0.0027880243085824374
XGB,AUDUSD,1,2022-07-01,2023-07-01,2022-10-18,3191,-0.4594354516882064,-0.004551889222140393,-0.006585513,0.0210709137296074,-0.008378270636447915
XGB,AUDUSD,1,2022-07-01,2023-07-01,2022-10-19,3192,-0.4678137223246543,-0.001201267687688523,-0.013007399,0.0217313742150137,0.0017553756157162037
XGB,AUDUSD,1,2022-07-01,2023-07-01,2022-10-20,3193,-0.4660583467089381,0.0020516320602373406,-0.0092140045,0.02131676732412846,0.0153713015460607
XGB,AUDUSD,1,2022-07-01,2023-07-01,2022-10-23,3194,-0.4506870451628774,0.003555515160070244,-0.0017726916,0.003884207036716991,-0.006661253368531794
XGB,AUDUSD,1,2022-07-01,2023-07-01,2022-10-24,3195,-0.4573482985314092,0.004389668322362594,-0.0055932263,0.0014056010382521578,0.008824337659410597
XGB,AUDUSD,1,2022-07-01,2023-07-01,2022-10-25,3196,-0.4485239608719986,0.003228293398601645,0.0008052849,-0.015335841588348942,0.016740249832738308
XGB,AUDUSD,1,2022-07-01,2023-07-01,2022-10-26,3197,-0.4317837110392603,0.0026263892007871714,0.006688299,-0.008379108868336649,-0.0065808269193387
XGB,AUDUSD,1,2022-07-01,2023-07-01,2022-10-27,3198,-0.438364537958599,0.0030808383797972794,0.0032377688,0.003696628671811253,-0.007717810151041615
XGB,AUDUSD,1,2022-07-01,2023-07-01,2022-10-31,3199,-0.4460823481096406,0.004875779631202226,0.003263882,0.016711852777681002,0.0013407687248309652
XGB,AUDUSD,1,2022-07-01,2023-07-01,2022-11-01,3200,-0.4447415793848096,0.005082487693777893,0.008025205,0.003780635114967734,-0.002061258741350769
XGB,AUDUSD,1,2022-07-01,2023-07-01,2022-11-02,3201,-0.4468028381261604,0.006324603727240641,0.010009056,0.03233240733980597,-0.009139859366996628
XGB,AUDUSD,1,2022-07-01,2023-07-01,2022-11-03,3202,-0.455942697493157,0.00968482104320223,0.0068691457,0.055289173180462614,-0.007917104967190502
XGB,AUDUSD,1,2022-07-01,2023-07-01,2022-11-04,3203,-0.4638598024603475,0.014329162392116457,0.0026273602,0.06217253367266384,0.0236969825527506
XGB,AUDUSD,1,2022-07-01,2023-07-01,2022-11-07,3204,-0.4401628199075969,0.018234548829780373,0.008009258,0.05000492318285943,0.005494910620809201
XGB,AUDUSD,1,2022-07-01,2023-07-01,2022-11-08,3205,-0.4346679092867877,0.02140407212048462,0.009700699,0.040068225206267516,0.005297413954828134
XGB,AUDUSD,1,2022-07-01,2023-07-01,2022-11-09,3206,-0.4293704953319596,0.02324947251712367,0.013782293,0.02727974785588888,-0.011590448937882303
XGB,AUDUSD,1,2022-07-01,2023-07-01,2022-11-10,3207,-0.4409609442698419,0.026279913101008523,0.008887114,0.03780517215768592,0.026490513483487466
XGB,AUDUSD,1,2022-07-01,2023-07-01,2022-11-11,3208,-0.4144704307863544,0.02685729016023286,0.011495657,0.00013612628896153556,0.013816906473660018
XGB,AUDUSD,1,2022-07-01,2023-07-01,2022-11-14,3209,-0.4006535243126944,0.027038806377481128,0.01874604,-0.0073417506874219884,-0.0010337444749892732
XGB,AUDUSD,1,2022-07-01,2023-07-01,2022-11-15,3210,-0.4016872687876837,0.0277903100382898,0.016185513,0.007681553440033906,0.011529372062946186
XGB,AUDUSD,1,2022-07-01,2023-07-01,2022-11-16,3211,-0.3901578967247375,0.02788245896232544,0.022246497,-0.0005765337202479071,-0.0044417873557827114
XGB,AUDUSD,1,2022-07-01,2023-07-01,2022-11-17,3212,-0.3945996840805202,0.026812426628630426,0.016608179,-0.004102593216778694,-0.007491063395550501
XGB,AUDUSD,1,2022-07-01,2023-07-01,2022-11-18,3213,-0.4020907474760707,0.02500950887141118,0.0128706135,-0.0055785837258972015,-0.0010650246360852655
XGB,AUDUSD,1,2022-07-01,2023-07-01,2022-11-21,3214,-0.403155772112156,0.02354067669328025,0.014716678,0.00030073965056187646,-0.011178532385236917
XGB,AUDUSD,1,2022-07-01,2023-07-01,2022-11-22,3215,-0.4143343044973929,0.024760813719642394,0.007280727,0.028612841396904287,0.006339029497276494
XGB,AUDUSD,1,2022-07-01,2023-07-01,2022-11-23,3216,-0.4079952750001164,0.025463090208281303,0.014277323,0.023951338033204872,0.013989559652466621
XGB,AUDUSD,1,2022-07-01,2023-07-01,2022-11-24,3217,-0.3940057153476498,0.025025802024229493,0.015048404,0.010254638600352084,0.003271284902664373
XGB,AUDUSD,1,2022-07-01,2023-07-01,2022-11-25,3218,-0.3907344304449854,0.022069140526257358,0.01580194,-0.008578474438128092,-0.007967846852313498
XGB,AUDUSD,1,2022-07-01,2023-07-01,2022-11-28,3219,-0.3987022772972989,0.01990847782303723,0.010439875,-0.0019512470153955075,-0.008967053904669009
XGB,AUDUSD,1,2022-07-01,2023-07-01,2022-11-29,3220,-0.4076693312019679,0.019321886297978264,0.0052785827,0.01121332203663522,0.0048142987403738124
XGB,AUDUSD,1,2022-07-01,2023-07-01,2022-11-30,3221,-0.4028550324615941,0.019010658457154384,0.010022923,0.013730734745941497,0.017133569361105494
XGB,AUDUSD,1,2022-07-01,2023-07-01,2022-12-01,3222,-0.3857214631004886,0.017268147278285295,0.014109446,-0.0026788517600642714,0.0016775261335770786
XGB,AUDUSD,1,2022-07-01,2023-07-01,2022-12-02,3223,-0.3840439369669115,0.014622280627250517,0.0145417005,-0.008406206388282378,0.000292860219613833
XGB,AUDUSD,1,2022-07-01,2023-07-01,2022-12-05,3224,-0.3837510767472977,0.013495890174720027,0.014860213,0.0042898722992598115,-0.015561828135815803
XGB,AUDUSD,1,2022-07-01,2023-07-01,2022-12-06,3225,-0.3993129048831135,0.014596449361159503,0.0076453295,0.022114225356127004,-0.0013406194295809137
XGB,AUDUSD,1,2022-07-01,2023-07-01,2022-12-07,3226,-0.4006535243126944,0.013674160147247205,0.009167007,0.001058986852828514,0.004197515147361719
XGB,AUDUSD,1,2022-07-01,2023-07-01,2022-12-08,3227,-0.3964560091653327,0.011934558878442858,0.013370031,-0.005890861131317815,0.0073317114496800895
XGB,AUDUSD,1,2022-07-01,2023-07-01,2022-12-09,3228,-0.3891242977156526,0.009554377509891354,0.018637782,-0.010188607167460895,0.0007239828550997252
XGB,AUDUSD,1,2022-07-01,2023-07-01,2022-12-12,3229,-0.3884003148605529,0.006760607198651347,0.01431223,-0.013795404738743133,-0.004049828494641028
XGB,AUDUSD,1,2022-07-01,2023-07-01,2022-12-13,3230,-0.3924501433551939,0.005085118000925204,0.010753679,-0.005520298630968978,0.012988938907156022
XGB,AUDUSD,1,2022-07-01,2023-07-01,2022-12-14,3231,-0.3794612044480379,0.0011809284105985252,0.016625471,-0.024305154661684814,0.00226252492105139
XGB,AUDUSD,1,2022-07-01,2023-07-01,2022-12-15,3232,-0.3771986795269865,-0.002195397689562284,0.016139023,-0.021416395688134304,-0.022395857932879404
XGB,AUDUSD,1,2022-07-01,2023-07-01,2022-12-16,3233,-0.3995945374598659,-0.0026478308990741106,0.0052293567,0.005750029314108118,-0.00275233283678461
XGB,AUDUSD,1,2022-07-01,2023-07-01,2022-12-19,3234,-0.4023468702966505,-0.0029968613910592024,-0.00016084846,0.0063261718724551,0.0030339654135370098
XGB,AUDUSD,1,2022-07-01,2023-07-01,2022-12-20,3235,-0.3993129048831135,-0.003086693265750229,0.0016465719,0.005840735522234519,-0.0028828147161825135
XGB,AUDUSD,1,2022-07-01,2023-07-01,2022-12-21,3236,-0.402195719599296,-0.00227160100527829,-0.001517501,0.0115207546127154,0.004225277613133127
XGB,AUDUSD,1,2022-07-01,2023-07-01,2022-12-22,3237,-0.3979704419861629,-0.0005947816914413928,0.0013352592,0.015698891850513708,-0.005795917123559813
XGB,AUDUSD,1,2022-07-01,2023-07-01,2022-12-23,3238,-0.4037663591097227,0.0013722412533763717,-0.0014263425,0.018927145783084687,0.005151283894601899
XGB,AUDUSD,1,2022-07-01,2023-07-01,2022-12-26,3239,-0.3986150752151208,0.0012279751253490012,0.0017835714,0.002307822961909678,0.004770567069363019
XGB,AUDUSD,1,2022-07-01,2023-07-01,2022-12-27,3240,-0.3938445081457578,0.0023418366205670282,0.003765658,0.012453567163851986,-0.0021761902784376286
XGB,AUDUSD,1,2022-07-01,2023-07-01,2022-12-28,3241,-0.3960206984241954,0.0027426232692348007,0.0010393725,0.003821861989841302,0.0025485290633164293
XGB,AUDUSD,1,2022-07-01,2023-07-01,2022-12-29,3242,-0.393472169360879,0.004477573955090353,0.0034024273,0.021536321570642003,0.0027972043742983677
XGB,AUDUSD,1,2022-07-01,2023-07-01,2022-12-30,3243,-0.3906749649865806,0.006074978079871396,0.003566115,0.02101601244441681,0.008403414850931434
XGB,AUDUSD,1,2022-07-01,2023-07-01,2023-01-02,3244,-0.3822715501356492,0.0063101492148682214,0.010317067,0.010483190380647878,-0.0025676631909888337
XGB,AUDUSD,1,2022-07-01,2023-07-01,2023-01-03,3245,-0.384839213326638,0.0072767303220805934,0.0073615075,0.015368208635579805,-0.01146803892657311
XGB,AUDUSD,1,2022-07-01,2023-07-01,2023-01-04,3246,-0.3963072522532111,0.0105183529388162,0.0016900068,0.035023871584868804,0.014916311271305327
XGB,AUDUSD,1,2022-07-01,2023-07-01,2023-01-05,3247,-0.3813909409819058,0.011990547482929603,0.0065864474,0.02092322038135841,-0.010807895452448313
XGB,AUDUSD,1,2022-07-01,2023-07-01,2023-01-06,3248,-0.3921988364343541,0.014356017422553768,-0.0001650752,0.03071209984509793,0.02026298864411713
XGB,AUDUSD,1,2022-07-01,2023-07-01,2023-01-09,3249,-0.371935847790237,0.015334767447103326,0.005887979,0.013604294416189877,0.002276895248073174
XGB,AUDUSD,1,2022-07-01,2023-07-01,2023-01-10,3250,-0.3696589525421638,0.014969061214772927,0.008355217,0.004951940733607496,-0.0021294072128374975
XGB,AUDUSD,1,2022-07-01,2023-07-01,2023-01-11,3251,-0.3717883597550013,0.013991308080176401,0.0064633833,0.002751423567008693,0.002317355063943094
XGB,AUDUSD,1,2022-07-01,2023-07-01,2023-01-12,3252,-0.3694710046910582,0.014033424947964557,0.007450755,0.010322118073844921,0.00818762402271589
XGB,AUDUSD,1,2022-07-01,2023-07-01,2023-01-13,3253,-0.3612833806683423,0.013986810213362011,0.009374184,0.008783088271829997,0.0008156600677949322
XGB,AUDUSD,1,2022-07-01,2023-07-01,2023-01-16,3254,-0.3604677206005474,0.014034880967209118,0.00759413,0.010444858070847884,-0.0010190159887087935
XGB,AUDUSD,1,2022-07-01,2023-07-01,2023-01-17,3255,-0.3614867365892562,0.01511055697442637,0.0043269093,0.02015063402305367,0.0031551832152090786
XGB,AUDUSD,1,2022-07-01,2023-07-01,2023-01-18,3256,-0.3583315533740471,0.01582395391911201,0.0057453485,0.017796851613101683,-0.006375458434509207
XGB,AUDUSD,1,2022-07-01,2023-07-01,2023-01-19,3257,-0.3647070118085563,0.017253770983121253,0.0008679394,0.023339631448457077,-0.004329924379436301
XGB,AUDUSD,1,2022-07-01,2023-07-01,2023-01-20,3258,-0.3690369361879926,0.01808327330647791,-0.001708202,0.020627666999598615,0.009888049570779323
XGB,AUDUSD,1,2022-07-01,2023-07-01,2023-01-23,3259,-0.3591488866172133,0.01730441665640048,0.0018008922,0.009789964665040674,0.006648594220700965
XGB,AUDUSD,1,2022-07-01,2023-07-01,2023-01-24,3260,-0.3525002923965123,0.01740035779146848,0.0063411775,0.016328108220576842,0.002477429866812819
XGB,AUDUSD,1,2022-07-01,2023-07-01,2023-01-25,3261,-0.3500228625296995,0.01599586374370371,0.008638577,0.003961039782123477,0.008686759963496993
XGB,AUDUSD,1,2022-07-01,2023-07-01,2023-01-26,3262,-0.3413361025662025,0.012397988414881989,0.011882241,-0.026717848710228975,0.0008014008052570909
XGB,AUDUSD,1,2022-07-01,2023-07-01,2023-01-27,3263,-0.3405347017609454,0.008207355057038901,0.012268237,-0.0322983867738007,-0.0008326785991538133
XGB,AUDUSD,1,2022-07-01,2023-07-01,2023-01-30,3264,-0.3413673803600992,0.00519282179783459,0.009353559,-0.02037778142681218,-0.007041888828294762
XGB,AUDUSD,1,2022-07-01,2023-07-01,2023-01-31,3265,-0.348409269188394,0.002883581789888623,0.0048882067,-0.018315725740123523,-0.000949652763778619
XGB,AUDUSD,1,2022-07-01,2023-07-01,2023-02-01,3266,-0.3493589219521726,0.0007861915798222929,0.0013462148,-0.016013112095167703,0.013186737776237134
XGB,AUDUSD,1,2022-07-01,2023-07-01,2023-02-02,3267,-0.3361721841759355,-0.003472136698888517,0.006742312,-0.03294010120473573,-0.009889638571640547
XGB,AUDUSD,1,2022-07-01,2023-07-01,2023-02-03,3268,-0.346061822747576,-0.005480373995560228,-0.00058101345,-0.014907921646891753,-0.02199212852885546
XGB,AUDUSD,1,2022-07-01,2023-07-01,2023-02-06,3269,-0.3680539512764315,-0.0059237507096013275,-0.004917329,0.009603580942159906,-0.004779137258314636
XGB,AUDUSD,1,2022-07-01,2023-07-01,2023-02-07,3270,-0.3728330885347461,-0.006817516297440818,-0.008184927,0.002768534755671237,0.011087926747834709
XGB,AUDUSD,1,2022-07-01,2023-07-01,2023-02-08,3271,-0.3617451617869114,-0.009247644776339214,-0.0016452145,-0.014782584193714199,-0.004979833141606105
XGB,AUDUSD,1,2022-07-01,2023-07-01,2023-02-09,3272,-0.3667249949285175,-0.010982997096920355,-0.004676453,-0.008782443299119813,0.001352960881177201
XGB,AUDUSD,1,2022-07-01,2023-07-01,2023-02-10,3273,-0.3653720340473403,-0.011701383512469188,-0.0037838467,-0.004387850459260101,-0.0037402513333308907
XGB,AUDUSD,1,2022-07-01,2023-07-01,2023-02-13,3274,-0.3691122853806712,-0.012555574454314822,-0.0058370437,-0.007488249281155601,0.008142540986203428
XGB,AUDUSD,1,2022-07-01,2023-07-01,2023-02-14,3275,-0.3609697443944678,-0.01501474466405145,0.0010294055,-0.0227949803411166,0.0025193740601962
XGB,AUDUSD,1,2022-07-01,2023-07-01,2023-02-15,3276,-0.3584503703342716,-0.017631845009343505,0.0037712592,-0.025723005453395842,-0.011614183444803305
XGB,AUDUSD,1,2022-07-01,2023-07-01,2023-02-16,3277,-0.3700645537790749,-0.01983668166502922,-0.0054379655,-0.025101046078081224,-0.006463192201550727
XGB,AUDUSD,1,2022-07-01,2023-07-01,2023-02-17,3278,-0.3765277459806256,-0.021063964396028034,-0.007236191,-0.01755212987169258,0.001020307752988281
XGB,AUDUSD,1,2022-07-01,2023-07-01,2023-02-20,3279,-0.3755074382276373,-0.022381511941300614,-0.0047465893,-0.020385378281339794,0.005747553721036913
XGB,AUDUSD,1,2022-07-01,2023-07-01,2023-02-21,3280,-0.3697598845066004,-0.02358137836510793,-0.00079038274,-0.02183212260986117,-0.006840650155226391
XGB,AUDUSD,1,2022-07-01,2023-07-01,2023-02-22,3281,-0.3766005346618268,-0.024281804189274336,-0.0034616552,-0.018666746345895324,-0.00716419007375757
XGB,AUDUSD,1,2022-07-01,2023-07-01,2023-02-23,3282,-0.3837647247355844,-0.023491064593751776,-0.008123619,-0.00859487731757963,-0.0004086510520830422
XGB,AUDUSD,1,2022-07-01,2023-07-01,2023-02-24,3283,-0.3841733757876674,-0.022906114058240112,-0.0048972475,-0.011376082529649278,-0.010992224069488687
XGB,AUDUSD,1,2022-07-01,2023-07-01,2023-02-27,3284,-0.3951655998571561,-0.022468183277923603,-0.012244403,-0.021714145698613796,0.001085724004837918
XGB,AUDUSD,1,2022-07-01,2023-07-01,2023-02-28,3285,-0.3940798758523182,-0.0222911155585524,-0.007342726,-0.02234500292632069,-0.0018129406566589346
XGB,AUDUSD,1,2022-07-01,2023-07-01,2023-03-01,3286,-0.3958928165089771,-0.022081088176727326,-0.0057461117,-0.02098692904679278,0.004300809392515537
XGB,AUDUSD,1,2022-07-01,2023-07-01,2023-03-02,3287,-0.3915920071164616,-0.021923170139431514,-0.0030619027,-0.018754426557389292,-0.0036752738912605443
XGB,AUDUSD,1,2022-07-01,2023-07-01,2023-03-03,3288,-0.3952672810077221,-0.02086784538727887,-0.0043441076,-0.01131860502670895,0.002907678954558124
XGB,AUDUSD,1,2022-07-01,2023-07-01,2023-03-06,3289,-0.392359602053164,-0.0197914336498089,-0.0020473786,-0.009746471735244788,-0.0031898562641526906
XGB,AUDUSD,1,2022-07-01,2023-07-01,2023-03-07,3290,-0.3955494583173167,-0.01956936860318209,-0.0050598173,-0.017197083156108017,-0.021330287238453205
XGB,AUDUSD,1,2022-07-01,2023-07-01,2023-03-08,3291,-0.4168797455557699,-0.01742422770847124,-0.011677076,0.010924686470461298,0.0004548667771310244
XGB,AUDUSD,1,2022-07-01,2023-07-01,2023-03-09,3292,-0.4164248787786389,-0.014151324977114466,-0.011588317,0.01791733048830585,-0.0004548667771310244
XGB,AUDUSD,1,2022-07-01,2023-07-01,2023-03-10,3293,-0.4168797455557699,-0.01048333771964055,-0.010292663,0.018921372054710617,0.006533311881919024
XGB,AUDUSD,1,2022-07-01,2023-07-01,2023-03-13,3294,-0.4103464336738509,-0.008341755832321107,-0.006496012,0.006564722549117996,0.003760547639419798
XGB,AUDUSD,1,2022-07-01,2023-07-01,2023-03-14,3295,-0.4065858860344311,-0.006180109626187924,-0.00030440357,0.006006032635754666,0.0044798122460222856
XGB,AUDUSD,1,2022-07-01,2023-07-01,2023-03-15,3296,-0.4021060737884088,-0.005024169208294238,0.002139699,-0.0011218643219879088,-0.01064046768501592
XGB,AUDUSD,1,2022-07-01,2023-07-01,2023-03-16,3297,-0.4127465414734247,-0.003262035060189128,-0.0031724805,0.005576181478450626,0.00679148238811611
XGB,AUDUSD,1,2022-07-01,2023-07-01,2023-03-17,3298,-0.4059550590853086,-0.0022220539231659897,-5.9049584e-05,-0.0004962171374749968,0.007447510794975576
XGB,AUDUSD,1,2022-07-01,2023-07-01,2023-03-20,3299,-0.398507548290333,-0.001154178158665753,0.0059359563,-0.0009395420901243678,0.0005491747892737431
XGB,AUDUSD,1,2022-07-01,2023-07-01,2023-03-21,3300,-0.3979583735010593,-0.0009318007622113322,0.004835694,-0.005137189927782226,-0.005823337623673597
XGB,AUDUSD,1,2022-07-01,2023-07-01,2023-03-22,3301,-0.4037817111247329,0.000734111994708242,0.00041341345,0.005811269138569997,0.0032018577260564673
XGB,AUDUSD,1,2022-07-01,2023-07-01,2023-03-23,3302,-0.4005798533986764,0.0003210790267892949,0.0018884689,-0.006051234807847583,-0.002648084711720289
XGB,AUDUSD,1,2022-07-01,2023-07-01,2023-03-24,3303,-0.4032279381103967,0.001469387232670094,0.002134575,0.015873193219331394,-0.003942421884577385
XGB,AUDUSD,1,2022-07-01,2023-07-01,2023-03-26,3304,-0.4071703599949741,0.0029358248755650407,-0.002219356,0.015324287914913304,0.0007190837721904875
XGB,AUDUSD,1,2022-07-01,2023-07-01,2023-03-27,3305,-0.4064512762227836,0.003664934057993563,-0.0027674397,0.0084606901907186,0.007004185842326205
XGB,AUDUSD,1,2022-07-01,2023-07-01,2023-03-28,3306,-0.3994470903804574,0.0027822735158770096,0.0020719152,-0.004617068468106111,-0.0036484730483841155
XGB,AUDUSD,1,2022-07-01,2023-07-01,2023-03-29,3307,-0.4030955634288415,0.002464742984231383,-0.0014018852,-0.0013449890349042648,0.005125121442678626
XGB,AUDUSD,1,2022-07-01,2023-07-01,2023-03-30,3308,-0.3979704419861629,0.0009487991460529477,0.0024625459,-0.010253514136696007,-0.008660646220361112
XGB,AUDUSD,1,2022-07-01,2023-07-01,2023-04-02,3309,-0.406631088206524,0.0010560612689262117,-0.0025602407,-0.0007355160360489887,0.01927634331545869
XGB,AUDUSD,1,2022-07-01,2023-07-01,2023-04-03,3310,-0.3873547448910653,0.0007682125284089181,0.0060422,-0.013271997459056772,-0.004491327188995475
XGB,AUDUSD,1,2022-07-01,2023-07-01,2023-04-04,3311,-0.3918460720800608,0.0017921820575920733,0.0023162074,0.0038276724737640877,-0.006144513952004216
XGB,AUDUSD,1,2022-07-01,2023-07-01,2023-04-05,3312,-0.397990586032065,0.0018292682324923537,-0.0025483416,-0.0017112397302833093,-0.006073572816498507
XGB,AUDUSD,1,2022-07-01,2023-07-01,2023-04-06,3313,-0.4040641588485635,0.0023857540123554677,-0.006243336,0.00364648689836633,-0.0003763936151822689
XGB,AUDUSD,1,2022-07-01,2023-07-01,2023-04-09,3314,-0.4044405524637458,0.003534518587099522,-0.0064886506,0.009276987893959698,-0.003783403659113116
XGB,AUDUSD,1,2022-07-01,2023-07-01,2023-04-10,3315,-0.4082239561228589,0.0045247857326509155,-0.009018841,0.008569064853655994,0.0008573518802859059
XGB,AUDUSD,1,2022-07-01,2023-07-01,2023-04-11,3316,-0.407366604242573,0.006038512447867239,-0.0068965773,0.013312981307412874,0.006739861892450905
XGB,AUDUSD,1,2022-07-01,2023-07-01,2023-04-12,3317,-0.4006267423501221,0.005560939067097703,-0.0021631096,-0.0008236287277265109,0.012608342743825385
XGB,AUDUSD,1,2022-07-01,2023-07-01,2023-04-13,3318,-0.3880183996062967,0.004128401222981526,0.0052505247,-0.011891368902935184,-0.011683426156051613
XGB,AUDUSD,1,2022-07-01,2023-07-01,2023-04-16,3319,-0.3997018257623483,0.002809468686265082,0.00067090796,-0.0103135858754827,-0.0007158461878488676
XGB,AUDUSD,1,2022-07-01,2023-07-01,2023-04-17,3320,-0.4004176719501972,0.0009554658689189255,0.00033823788,-0.013828778234484751,0.005254107380411099
XGB,AUDUSD,1,2022-07-01,2023-07-01,2023-04-18,3321,-0.3951635645697861,-0.0010503556855928076,0.0017334623,-0.015756690576140042,-0.00449132669941682
XGB,AUDUSD,1,2022-07-01,2023-07-01,2023-04-19,3322,-0.3996548912692029,-0.0028591733368594774,-0.0009085306,-0.013983374995626185,0.005601268334042786
XGB,AUDUSD,1,2022-07-01,2023-07-01,2023-04-20,3323,-0.3940536229351601,-0.005064061357196226,0.0018430186,-0.018013013932791366,-0.007396748142688481
XGB,AUDUSD,1,2022-07-01,2023-07-01,2023-04-23,3324,-0.4014503710778486,-0.004990356533311702,-0.0015228832,-0.0030649411799005266,0.0015406025686167113
XGB,AUDUSD,1,2022-07-01,2023-07-01,2023-04-24,3325,-0.3999097685092319,-0.005817472569028037,-0.002349556,-0.009334791099666617,-0.010105643128599129
XGB,AUDUSD,1,2022-07-01,2023-07-01,2023-04-25,3326,-0.410015411637831,-0.00417343675652837,-0.0019110949,0.00895535405950132,-0.004231038546850918
XGB,AUDUSD,1,2022-07-01,2023-07-01,2023-04-26,3327,-0.4142464501846819,-0.001094283077026137,-0.0049019936,0.02086067470610975,0.003326195038755808
XGB,AUDUSD,1,2022-07-01,2023-07-01,2023-04-27,3328,-0.4109202551459261,0.002090438078076129,-0.003905409,0.02245893985008901,-0.002718011118902963
XGB,AUDUSD,1,2022-07-01,2023-07-01,2023-04-30,3329,-0.4136382662648291,0.005309117903475491,-0.0027148663,0.02309728381781967,0.0015716293968776052
XGB,AUDUSD,1,2022-07-01,2023-07-01,2023-05-01,3330,-0.4120666368679515,0.0084705773856521,-0.002542055,0.02374094139909716,0.007551324610202359
XGB,AUDUSD,1,2022-07-01,2023-07-01,2023-05-02,3331,-0.4045153122577491,0.008385476054324048,0.0019417922,0.004022557925953407,-0.004729247351149379
XGB,AUDUSD,1,2022-07-01,2023-07-01,2023-05-03,3332,-0.4092445596088985,0.008061267503996827,-0.0017378088,0.000810522173577688,0.008184502030568808
XGB,AUDUSD,1,2022-07-01,2023-07-01,2023-05-04,3333,-0.4010600575783297,0.007555585612267546,0.0020791984,0.0010303400486214032,0.007674282099757512
XGB,AUDUSD,1,2022-07-01,2023-07-01,2023-05-07,3334,-0.3933857754785722,0.005356540274965016,0.007740696,-0.013411728033889014,0.004924460182735069
XGB,AUDUSD,1,2022-07-01,2023-07-01,2023-05-08,3335,-0.3884613152958371,0.002451782809449632,0.010210659,-0.018662474813043894,-0.002079667151172304
XGB,AUDUSD,1,2022-07-01,2023-07-01,2023-05-09,3336,-0.3905409824470094,-0.0006646790725214902,0.008289188,-0.02044220189855367,0.0022152869781550955
XGB,AUDUSD,1,2022-07-01,2023-07-01,2023-05-10,3337,-0.3883256954688543,-0.0033531333137270525,0.008579176,-0.017989736296518788,-0.012167058862941393
XGB,AUDUSD,1,2022-07-01,2023-07-01,2023-05-11,3338,-0.4004927543317957,-0.004276324548388277,0.0021685425,-0.007522419496226618,-0.007941283103525099
XGB,AUDUSD,1,2022-07-01,2023-07-01,2023-05-14,3339,-0.4084340374353208,-0.005002905615606679,-0.0031582478,-0.00502567604665477,0.008404319905612523
XGB,AUDUSD,1,2022-07-01,2023-07-01,2023-05-15,3340,-0.4000297175297083,-0.007667642155448684,-0.0013303772,-0.023838391772189826,-0.006767785982752905
XGB,AUDUSD,1,2022-07-01,2023-07-01,2023-05-16,3341,-0.4067975035124612,-0.010222280918483873,-0.0022952945,-0.024218393009498684,-0.0003262865964198114
XGB,AUDUSD,1,2022-07-01,2023-07-01,2023-05-17,3342,-0.407123790108881,-0.012025404173539866,-0.0036613173,-0.019515516329454974,-0.003859394236682079
XGB,AUDUSD,1,2022-07-01,2023-07-01,2023-05-18,3343,-0.4109831843455631,-0.013214377587557447,-0.006554417,-0.015424378094891333,0.004667752580189977
XGB,AUDUSD,1,2022-07-01,2023-07-01,2023-05-21,3344,-0.4063154317653731,-0.015202550989556196,-0.00085038267,-0.021732751320897303,-0.0016997420626492232
XGB,AUDUSD,1,2022-07-01,2023-07-01,2023-05-22,3345,-0.4080151738280223,-0.01702514509958225,-0.00046627465,-0.021783411426209764,-0.005444539653953251
XGB,AUDUSD,1,2022-07-01,2023-07-01,2023-05-23,3346,-0.4134597134819756,-0.01615168412261958,-0.0055255797,-0.005395418693551812,-0.010408395819922533
XGB,AUDUSD,1,2022-07-01,2023-07-01,2023-05-24,3347,-0.4238681093018981,-0.013742976442387922,-0.009873185,0.008352343836339093,-0.007147787220061763
XGB,AUDUSD,1,2022-07-01,2023-07-01,2023-05-25,3348,-0.4310158965219599,-0.010231056960602614,-0.0131917335,0.017542934635233987,0.004376590083623899
XGB,AUDUSD,1,2022-07-01,2023-07-01,2023-05-28,3349,-0.426639306438336,-0.006306387559396054,-0.009676639,0.023035914073405384,0.00023174399788156164
XGB,AUDUSD,1,2022-07-01,2023-07-01,2023-05-29,3350,-0.4264075624404544,-0.0027671324366881356,-0.0077139335,0.01973189662556002,-0.0016406206458159933
XGB,AUDUSD,1,2022-07-01,2023-07-01,2023-05-30,3351,-0.4280481830862704,0.001744848574595892,-0.009212962,0.029449268725281308,-0.0017504021679616844
XGB,AUDUSD,1,2022-07-01,2023-07-01,2023-05-31,3352,-0.4297985852542321,0.006961770206646456,-0.008121165,0.03601478821583748,0.010943453078704701
XGB,AUDUSD,1,2022-07-01,2023-07-01,2023-06-01,3353,-0.4188551321755274,0.010448067079646406,0.00016723534,0.026271985902413475,0.003339366709968372
XGB,AUDUSD,1,2022-07-01,2023-07-01,2023-06-04,3354,-0.415515765465559,0.013651350801704654,0.0010000184,0.02532678702536012,0.00204280357883313
XGB,AUDUSD,1,2022-07-01,2023-07-01,2023-06-05,3355,-0.4134729618867259,0.01681940910370494,0.002772547,0.027353798219708014,0.009869569521795296
XGB,AUDUSD,1,2022-07-01,2023-07-01,2023-06-06,3356,-0.4036033923649306,0.01927294112594341,0.0063294997,0.0296804749281252,-0.0030722734499638027
XGB,AUDUSD,1,2022-07-01,2023-07-01,2023-06-07,3357,-0.4066756658148944,0.02203096332382176,0.0035290353,0.03212759778951291,0.008076751453905295
XGB,AUDUSD,1,2022-07-01,2023-07-01,2023-06-08,3358,-0.3985989143609891,0.023302706172245335,0.008585595,0.020463894430228224,0.0048151173225944865
XGB,AUDUSD,1,2022-07-01,2023-07-01,2023-06-11,3359,-0.3937837970383946,0.022331568596283602,0.011897053,0.00647593750228459,0.0012006507652806975
XGB,AUDUSD,1,2022-07-01,2023-07-01,2023-06-12,3360,-0.3925831462731139,0.02118619148372397,0.011600222,0.006729835255499805,0.0023941678329150173
XGB,AUDUSD,1,2022-07-01,2023-07-01,2023-06-13,3361,-0.3901889784401989,0.018798268583435696,0.010268971,-0.0012698048548880903,0.004069814773181024
XGB,AUDUSD,1,2022-07-01,2023-07-01,2023-06-14,3362,-0.3861191636670179,0.014701870074353196,0.009785322,-0.01727043090501562,0.012196246230212482
XGB,AUDUSD,1,2022-07-01,2023-07-01,2023-06-15,3363,-0.3739229174368054,0.009913108065230825,0.014483595,-0.030368132203925424,-0.0006251505885760955
XGB,AUDUSD,1,2022-07-01,2023-07-01,2023-06-18,3364,-0.3745480680253815,0.005064973274722551,0.010831144,-0.028709219675347397,-0.0035869519053793875
XGB,AUDUSD,1,2022-07-01,2023-07-01,2023-06-19,3365,-0.3781350199307609,-0.00011816246212825732,0.00651401,-0.037287008047735826,-0.009172839605349148
XGB,AUDUSD,1,2022-07-01,2023-07-01,2023-06-20,3366,-0.38730785953611,-0.00354974530532709,0.0004628973,-0.025225531797629153,0.0014545485184959128
XGB,AUDUSD,1,2022-07-01,2023-07-01,2023-06-21,3367,-0.3858533110176141,-0.0063340367273950204,0.0009787984,-0.020864338337858668,-0.005605472277472878
XGB,AUDUSD,2,2023-07-01,2024-07-01,2023-07-02,3374,-0.4067176493554728,-0.005058146830853261,-0.0066727065,0.0053141168185925625,0.0023664976224342937
XGB,AUDUSD,2,2023-07-01,2024-07-01,2023-07-03,3375,-0.4043511517330385,-0.0028440195843623117,-0.004516172,0.017627243301365003,0.002783674703780603
XGB,AUDUSD,2,2023-07-01,2024-07-01,2023-07-04,3376,-0.4015674770292579,-0.00011383220121879978,-0.0012158803,0.028852849981925166,-0.005363250301025524
XGB,AUDUSD,2,2023-07-01,2024-07-01,2023-07-05,3377,-0.4069307273302834,0.0027823441236755064,-0.003529273,0.026810739171786002,-0.00429108455739291
XGB,AUDUSD,2,2023-07-01,2024-07-01,2023-07-06,3378,-0.4112218118876763,0.0059549517873742075,-0.004481562,0.027102261579699916,0.009008714685409924
XGB,AUDUSD,2,2023-07-01,2024-07-01,2023-07-09,3379,-0.4022130972022664,0.007739841361981803,0.0013578046,0.018727856613374394,-0.0014036813530063919
XGB,AUDUSD,2,2023-07-01,2024-07-01,2023-07-10,3380,-0.4036167785552728,0.008896402221901356,-0.00028991367,0.013532664017277263,0.0022132460183925673
XGB,AUDUSD,2,2023-07-01,2024-07-01,2023-07-11,3381,-0.4014035325368802,0.009810035732515432,0.0012178535,0.0125286521963755,0.014679624105206734
XGB,AUDUSD,2,2023-07-01,2024-07-01,2023-07-12,3382,-0.3867239084316735,0.008169148420049288,0.005255441,-0.009910301483433415,0.014009281384340766
XGB,AUDUSD,2,2023-07-01,2024-07-01,2023-07-13,3383,-0.3727146270473327,0.005717108751839173,0.011631492,-0.022848287133115375,-0.007405361111164688
XGB,AUDUSD,2,2023-07-01,2024-07-01,2023-07-16,3384,-0.3801199881584974,0.004898891190721066,0.0087052565,-0.007367786138540999,-0.003999562149478997
XGB,AUDUSD,2,2023-07-01,2024-07-01,2023-07-17,3385,-0.3841195503079764,0.0037613352533615863,0.0051132254,-0.007442742214512799,0.0006343097190844027
XGB,AUDUSD,2,2023-07-01,2024-07-01,2023-07-18,3386,-0.383485240588892,0.0015215200189981348,0.0045507196,-0.015223785862764627,-0.006598873949103523
XGB,AUDUSD,2,2023-07-01,2024-07-01,2023-07-19,3387,-0.3900841145379955,-0.0007991102299853559,-0.0017252997,-0.016260578604451403,0.001209234197490805
XGB,AUDUSD,2,2023-07-01,2024-07-01,2023-07-20,3388,-0.3888748803405047,-0.002030496563450057,-0.00043001576,-0.009095561645658168,-0.007759329574602181
XGB,AUDUSD,2,2023-07-01,2024-07-01,2023-07-23,3389,-0.3966342099151069,-0.0034534938791419,-0.004800763,-0.016216897096034633,0.001071295734658806
XGB,AUDUSD,2,2023-07-01,2024-07-01,2023-07-24,3390,-0.3955629141804481,-0.005814998643124403,-0.0034423897,-0.028320858863884524,0.008075139883409688
XGB,AUDUSD,2,2023-07-01,2024-07-01,2023-07-25,3391,-0.3874877742970384,-0.00919645154870996,0.0010036831,-0.033922802896639515,-0.004074518225450796
XGB,AUDUSD,2,2023-07-01,2024-07-01,2023-07-26,3392,-0.3915622925224892,-0.01187260664824702,-0.00017206052,-0.027943737502145793,-0.007146733929167426
XGB,AUDUSD,2,2023-07-01,2024-07-01,2023-07-27,3393,-0.3987090264516566,-0.013633841646146727,-0.0027019968,-0.02096793335113467,-0.007635666690790299
XGB,AUDUSD,2,2023-07-01,2024-07-01,2023-07-30,3394,-0.4063446931424469,-0.015120952472359284,-0.008009893,-0.01958822657411846,0.00837425115628404
XGB,AUDUSD,2,2023-07-01,2024-07-01,2023-07-31,3395,-0.3979704419861629,-0.01762831459835751,-0.00015635925,-0.027166587782449625,-0.014880665024978645
XGB,AUDUSD,2,2023-07-01,2024-07-01,2023-08-01,3396,-0.4128511070111415,-0.019233386307753397,-0.007111832,-0.01601084615191939,-0.011032666033191085
XGB,AUDUSD,2,2023-07-01,2024-07-01,2023-08-02,3397,-0.4238837730443326,-0.020129563920533333,-0.010773451,-0.0076063408203457805,0.002473195850654697
XGB,AUDUSD,2,2023-07-01,2024-07-01,2023-08-03,3398,-0.4214105771936779,-0.020951313968128327,-0.009171746,-0.011158532938324861,0.001904547169042925
XGB,AUDUSD,2,2023-07-01,2024-07-01,2023-08-06,3399,-0.419506030024635,-0.022187381753486835,-0.009164634,-0.017774258936984533,-0.0001709297781563035
XGB,AUDUSD,2,2023-07-01,2024-07-01,2023-08-07,3400,-0.4196769598027913,-0.023808044058295008,-0.0077230306,-0.024316342744921005,-0.0062559599137740896
XGB,AUDUSD,2,2023-07-01,2024-07-01,2023-08-08,3401,-0.4259329197165654,-0.024640454025149805,-0.009007404,-0.019278361535252808,0.0007958899479528769
XGB,AUDUSD,2,2023-07-01,2024-07-01,2023-08-09,3402,-0.4251370297686125,-0.02503423008613731,-0.00960334,-0.018856272779099792,-0.0037249233944484095
XGB,AUDUSD,2,2023-07-01,2024-07-01,2023-08-10,3403,-0.4288619531630609,-0.02469093696967467,-0.011012589,-0.015227525045527768,-0.002628160701617477
XGB,AUDUSD,2,2023-07-01,2024-07-01,2023-08-13,3404,-0.4314901138646784,-0.023368960574330078,-0.011697035,-0.01043166522547101,-0.0010789962673243836
XGB,AUDUSD,2,2023-07-01,2024-07-01,2023-08-14,3405,-0.4325691101320028,-0.020600791969194288,-0.010041987,-0.0012047789453707436,-0.004711178829616747
XGB,AUDUSD,2,2023-07-01,2024-07-01,2023-08-15,3406,-0.4372802889616195,-0.018870624649186873,-0.010570562,-0.00682842548916518,-0.006713013586092775
XGB,AUDUSD,2,2023-07-01,2024-07-01,2023-08-16,3407,-0.4439933025477123,-0.01639185620147332,-0.01251537,0.0003143880496006002,-0.0012179787041058932
XGB,AUDUSD,2,2023-07-01,2024-07-01,2023-08-17,3408,-0.4452112812518182,-0.013548133021367648,-0.011346084,0.003317783372037919,0.0012179787041058932
XGB,AUDUSD,2,2023-07-01,2024-07-01,2023-08-20,3409,-0.4439933025477123,-0.010182715597158387,-0.009809607,0.009603825099641305,-9.61756608763853e-05
XGB,AUDUSD,2,2023-07-01,2024-07-01,2023-08-21,3410,-0.4440894782085887,-0.00689934628395944,-0.0070939194,0.010036960664005556,0.0021676991184392813
XGB,AUDUSD,2,2023-07-01,2024-07-01,2023-08-22,3411,-0.4419217790901494,-0.003996414250024394,-0.005117513,0.009353955044820006,0.008147890012775882
XGB,AUDUSD,2,2023-07-01,2024-07-01,2023-08-23,3412,-0.4337738890773735,-0.003530040970991244,-0.0005123514,-0.004287446826884367,-0.010334825373411183
XGB,AUDUSD,2,2023-07-01,2024-07-01,2023-08-24,3413,-0.4441087144507847,-0.0013888119384846687,-0.004426884,0.00685879080654811,0.0004297999526730045
XGB,AUDUSD,2,2023-07-01,2024-07-01,2023-08-27,3414,-0.4436789144981117,-0.0013690414483589208,-0.0040763835,-0.006459932257084189,0.0017854166183314257
XGB,AUDUSD,2,2023-07-01,2024-07-01,2023-08-28,3415,-0.4418934978797803,-0.0016125676482722229,-0.0031571581,-0.007053106159544353,0.00750402043170928
XGB,AUDUSD,2,2023-07-01,2024-07-01,2023-08-29,3416,-0.434389477448071,-0.0029555973223546195,0.0023642273,-0.015435099697671706,0.00033695990348786564
XGB,AUDUSD,2,2023-07-01,2024-07-01,2023-08-30,3417,-0.4340525175445831,-0.0039799567590964036,0.0009740194,-0.012548139767325994,0.0014846934992537308
XGB,AUDUSD,2,2023-07-01,2024-07-01,2023-08-31,3418,-0.4325678240453294,-0.0045525739301156,0.0048738574,-0.008731489757286881,-0.00549351185892849
XGB,AUDUSD,2,2023-07-01,2024-07-01,2023-09-03,3419,-0.4380613359042579,-0.004171159292479687,0.00030662993,-0.0038321619755223857,0.0008114122600212936
XGB,AUDUSD,2,2023-07-01,2024-07-01,2023-09-04,3420,-0.4372499236442366,-0.004147613131447292,0.0011797351,-0.005665079413920804,-0.012888923110959294
XGB,AUDUSD,2,2023-07-01,2024-07-01,2023-09-05,3421,-0.4501388467551959,-0.0019203284879148463,-0.004564116,0.008901248528860095,0.0011922427158712612
XGB,AUDUSD,2,2023-07-01,2024-07-01,2023-09-06,3422,-0.4489466040393246,0.0003198942168715635,-0.003867028,0.008967968796718517,-0.0008779731064180729
XGB,AUDUSD,2,2023-07-01,2024-07-01,2023-09-07,3423,-0.4498245771457427,0.0024971649445821864,-0.0009435093,0.009706186794582294,0.0032239198338335773
XGB,AUDUSD,2,2023-07-01,2024-07-01,2023-09-10,3424,-0.4466006573119091,0.004656344532952494,0.0060010306,0.010573348191945331,0.005301343509292844
XGB,AUDUSD,2,2023-07-01,2024-07-01,2023-09-11,3425,-0.4412993138026163,0.00488137206740874,0.008633973,0.0006369883673196797,-0.000594184077163995
XGB,AUDUSD,2,2023-07-01,2024-07-01,2023-09-12,3426,-0.4418934978797803,0.004291354572199257,0.008885176,-0.00289494877228752,-0.0010215051783771245
XGB,AUDUSD,2,2023-07-01,2024-07-01,2023-09-13,3427,-0.4429150030581574,0.004591796867863263,0.007128423,0.003013641228311714,0.001677404831821605
XGB,AUDUSD,2,2023-07-01,2024-07-01,2023-09-14,3428,-0.4412375982263358,0.004007823476486205,0.009705185,-0.0016177241660609298,0.0012589629837296834
XGB,AUDUSD,2,2023-07-01,2024-07-01,2023-09-17,3429,-0.4399786352426061,0.002438052850283312,0.010550816,-0.007268025953999668,-0.00013975510855429585
XGB,AUDUSD,2,2023-07-01,2024-07-01,2023-09-18,3430,-0.4401183903511604,1.6828229256193872e-06,0.0089636855,-0.01439025462450827,0.004091081231196614
XGB,AUDUSD,2,2023-07-01,2024-07-01,2023-09-19,3431,-0.4360273091199638,-0.0013900770741788748,0.010772667,-0.005898271767647623,-0.004635016315332807
XGB,AUDUSD,2,2023-07-01,2024-07-01,2023-09-20,3432,-0.4406623254352966,-0.0014872770738088015,0.010084985,0.00017122100854150002,-0.004126121216771195
XGB,AUDUSD,2,2023-07-01,2024-07-01,2023-09-21,3433,-0.4447884466520678,-0.0019770995165663274,0.0055491193,-0.007343945466836588,0.00488708482222211
XGB,AUDUSD,2,2023-07-01,2024-07-01,2023-09-24,3434,-0.4399013618298457,-0.004029736603905654,0.009324971,-0.020722188635704797,-0.002953960562551039
XGB,AUDUSD,2,2023-07-01,2024-07-01,2023-09-25,3435,-0.4428553223923967,-0.005351794846954416,0.00967221,-0.01457142126807398,-0.004391338804209055
XGB,AUDUSD,2,2023-07-01,2024-07-01,2023-09-26,3436,-0.4472466611966058,-0.005224395424333672,0.0067746243,-0.0035741593135081295,-0.007261983779062897
XGB,AUDUSD,2,2023-07-01,2024-07-01,2023-09-27,3437,-0.4545086449756687,-0.004133382085396875,0.0034177166,0.0038369407367642716,0.01258306408805726
XGB,AUDUSD,2,2023-07-01,2024-07-01,2023-09-28,3438,-0.4419255808876114,-0.0037559556339403777,0.010273062,-0.0011011821725558923,0.0014344764608563154
XGB,AUDUSD,2,2023-07-01,2024-07-01,2023-10-01,3439,-0.4404911044267551,-0.0032729534750060574,0.0116393715,-0.0005792507617479181,-0.011641287692149282
XGB,AUDUSD,2,2023-07-01,2024-07-01,2023-10-02,3440,-0.4521323921189044,-0.0019250456419916406,0.0063501177,0.00866905130140938,-0.0084911583466461
XGB,AUDUSD,2,2023-07-01,2024-07-01,2023-10-03,3441,-0.4606235504655505,-0.0016122893454413312,0.0005780438,0.0012512268885063738,0.003196806805079777
XGB,AUDUSD,2,2023-07-01,2024-07-01,2023-10-04,3442,-0.4574267436604707,-0.0016592543666090753,0.0049268017,-0.0025473934548516097,0.006605923150356796
XGB,AUDUSD,2,2023-07-01,2024-07-01,2023-10-05,3443,-0.4508208205101139,-0.0019988722995971098,0.009618377,-0.005232845454851198,0.000149116271209504
XGB,AUDUSD,2,2023-07-01,2024-07-01,2023-10-08,3444,-0.4506717042389044,-0.0018843193876424413,0.009092537,-0.0014606878799999778,0.007644941178737097
XGB,AUDUSD,2,2023-07-01,2024-07-01,2023-10-09,3445,-0.4430267630601673,-0.00328510211156946,0.010556147,-0.013878949047748612,0.0019564078716642896
XGB,AUDUSD,2,2023-07-01,2024-07-01,2023-10-10,3446,-0.441070355188503,-0.005107569462572625,0.012286683,-0.016688600698068767,-0.0023929856289919837
XGB,AUDUSD,2,2023-07-01,2024-07-01,2023-10-11,3447,-0.443463340817495,-0.006737304818960788,0.01089896,-0.015340348882363575,-0.015908982759549106
XGB,AUDUSD,2,2023-07-01,2024-07-01,2023-10-12,3448,-0.4593723235770441,-0.006092527880135312,0.003513021,0.00314569151634142,-0.0006018135382782064
XGB,AUDUSD,2,2023-07-01,2024-07-01,2023-10-15,3449,-0.4599741371153223,-0.004609850035557472,0.004303064,0.007574538969238487,0.003920471150357208
XGB,AUDUSD,2,2023-07-01,2024-07-01,2023-10-16,3450,-0.4560536659649651,-0.0050013064292224185,0.010446103,-0.006458184151303392,0.003921273846060724
XGB,AUDUSD,2,2023-07-01,2024-07-01,2023-10-17,3451,-0.4521323921189044,-0.004990073856343147,0.01509526,-0.004205145854612902,-0.004773319989011537
XGB,AUDUSD,2,2023-07-01,2024-07-01,2023-10-18,3452,-0.4569057121079159,-0.004272291403466244,0.00882074,0.0010263927760950087,-0.0008532437786558655
XGB,AUDUSD,2,2023-07-01,2024-07-01,2023-10-19,3453,-0.4577589558865718,-0.002716919485373115,0.010306994,0.006930463800013387,-0.0010447338132867912
XGB,AUDUSD,2,2023-07-01,2024-07-01,2023-10-22,3454,-0.4588036896998586,-0.00179888657858579,0.0087896,0.0030891912000339805,0.0025770576391558886
XGB,AUDUSD,2,2023-07-01,2024-07-01,2023-10-23,3455,-0.4562266320607027,-7.59651316610821e-05,0.011878301,0.01346448977549708,0.0038270339146188603
XGB,AUDUSD,2,2023-07-01,2024-07-01,2023-10-24,3456,-0.4523995981460838,0.0011885062159191495,0.013853624,0.010462426323343932,-0.010112251970184671
XGB,AUDUSD,2,2023-07-01,2024-07-01,2023-10-25,3457,-0.4625118501162685,0.00473526041206801,0.0068062856,0.03432026468099009,0.006174312142751215
XGB,AUDUSD,2,2023-07-01,2024-07-01,2023-10-26,3458,-0.4563375379735173,0.0071068352042062966,0.0075359466,0.023925501906576163,0.00045821864169637294
XGB,AUDUSD,2,2023-07-01,2024-07-01,2023-10-30,3459,-0.4558793193318209,0.008300465693349024,0.0077390843,0.01428416267521082,0.0050508272452625125
XGB,AUDUSD,2,2023-07-01,2024-07-01,2023-10-31,3460,-0.4508284920865584,0.0083382729913829,0.010435332,0.005431408435568386,-0.004886006413266197
XGB,AUDUSD,2,2023-07-01,2024-07-01,2023-11-01,3461,-0.4557144984998246,0.008287787877567954,0.00740984,0.003424901943908709,0.012952356214618987
XGB,AUDUSD,2,2023-07-01,2024-07-01,2023-11-02,3462,-0.4427621422852056,0.006926250835466052,0.013440732,-0.0090717418515453,0.0008249704624657128
XGB,AUDUSD,2,2023-07-01,2024-07-01,2023-11-03,3463,-0.4419371718227399,0.00564044436722877,0.012832515,-0.007322772116586718,0.013745586387461484
XGB,AUDUSD,2,2023-07-01,2024-07-01,2023-11-06,3464,-0.4281915854352784,0.005049541916860967,0.019215921,-0.002616309900288105,-0.004220450631662709
XGB,AUDUSD,2,2023-07-01,2024-07-01,2023-11-07,3465,-0.4324120360669411,0.005021777775907121,0.01592353,0.003397135487425429,-0.00918312058966897
XGB,AUDUSD,2,2023-07-01,2024-07-01,2023-11-08,3466,-0.4415951566566101,0.005403046095391328,0.010351156,0.006312397818001192,-0.0038019269943799228
XGB,AUDUSD,2,2023-07-01,2024-07-01,2023-11-09,3467,-0.44539708365099,0.0068345373441515145,0.008370103,0.016703885529131435,-0.006892512904925874
XGB,AUDUSD,2,2023-07-01,2024-07-01,2023-11-10,3468,-0.4522895965559159,0.009809238800392805,0.0036127646,0.031304896320752784,0.0004557124191649775
XGB,AUDUSD,2,2023-07-01,2024-07-01,2023-11-13,3469,-0.4518338841367509,0.012710541491242955,0.0053568636,0.030101758229420794,0.002573940197424296
XGB,AUDUSD,2,2023-07-01,2024-07-01,2023-11-14,3470,-0.4492599439393266,0.01488880292576339,0.005448027,0.025038521176996287,0.018452048603760096
XGB,AUDUSD,2,2023-07-01,2024-07-01,2023-11-15,3471,-0.4308078953355665,0.015751548313007957,0.015477551,0.009228697406408137,0.0017929947560508253
XGB,AUDUSD,2,2023-07-01,2024-07-01,2023-11-16,3472,-0.4290149005795157,0.016567868842613354,0.0128017375,0.010661905623010393,-0.006267858259093206
XGB,AUDUSD,2,2023-07-01,2024-07-01,2023-11-17,3473,-0.4352827588386089,0.018417901428699424,0.007993646,0.021659636096516888,0.00658956071675032
XGB,AUDUSD,2,2023-07-01,2024-07-01,2023-11-20,3474,-0.4286931981218586,0.020160031313462223,0.014649936,0.0220774162261671,0.007708497886695476
XGB,AUDUSD,2,2023-07-01,2024-07-01,2023-11-21,3475,-0.4209847002351631,0.01989425978182935,0.015755024,0.008345414891143987,-0.0007474256721670125
XGB,AUDUSD,2,2023-07-01,2024-07-01,2023-11-22,3476,-0.4217321259073301,0.01916494139633873,0.015421069,0.007246448544361905,-0.0024892968550002115
XGB,AUDUSD,2,2023-07-01,2024-07-01,2023-11-23,3477,-0.4242214227623303,0.019908945960081692,0.014215563,0.021185975201937712,0.0026422248331719467
XGB,AUDUSD,2,2023-07-01,2024-07-01,2023-11-24,3478,-0.4215791979291584,0.018948347610083238,0.016926747,0.008651348527950964,0.0032262029726530805
XGB,AUDUSD,2,2023-07-01,2024-07-01,2023-11-27,3479,-0.4183529949565053,0.01655370956339064,0.018942367,-0.004049818617150591,0.004729872214413289
XGB,AUDUSD,2,2023-07-01,2024-07-01,2023-11-28,3480,-0.413623122742092,0.013442707841246071,0.019268442,-0.009283047432042668,0.007007340846400534
XGB,AUDUSD,2,2023-07-01,2024-07-01,2023-11-29,3481,-0.4066157818956915,0.010437112737190501,0.021200623,-0.009736514551344111,-0.006023503448327638
XGB,AUDUSD,2,2023-07-01,2024-07-01,2023-11-30,3482,-0.4126392853440191,0.008216018631575284,0.015787322,-0.005941510785528681,-0.0018463920189490945
XGB,AUDUSD,2,2023-07-01,2024-07-01,2023-12-01,3483,-0.4144856773629682,0.006021745580933935,0.0144711435,-0.006346753893881174,0.011450229802575596
XGB,AUDUSD,2,2023-07-01,2024-07-01,2023-12-04,3484,-0.4030354475603926,0.0025816821608463103,0.018698264,-0.01785799746198019,-0.009892401840814802
XGB,AUDUSD,2,2023-07-01,2024-07-01,2023-12-05,3485,-0.4129278494012074,0.002628198443853702,0.014352058,0.007212757971950534,-0.009474964172448475
XGB,AUDUSD,2,2023-07-01,2024-07-01,2023-12-06,3486,-0.4224028135736559,0.004337992423917747,0.005685234,0.02232552146912531,-0.0005033566004787882
XGB,AUDUSD,2,2023-07-01,2024-07-01,2023-12-07,3487,-0.4229061701741347,0.0061930985392946725,0.0067704646,0.022265992444074678,0.006553873727099091
XGB,AUDUSD,2,2023-07-01,2024-07-01,2023-12-08,3488,-0.4163522964470356,0.007330282099376417,0.007451757,0.01642919110014196,-0.0022284996825122083
XGB,AUDUSD,2,2023-07-01,2024-07-01,2023-12-11,3489,-0.4185807961295478,0.00979673532094294,0.008130522,0.027462089526882894,-0.0022516351273015878
XGB,AUDUSD,2,2023-07-01,2024-07-01,2023-12-12,3490,-0.4208324312568494,0.012122095888322415,0.005819688,0.026280061874843608,-6.101376552342108e-05
XGB,AUDUSD,2,2023-07-01,2024-07-01,2023-12-13,3491,-0.4208934450223728,0.015407126384396008,0.007907191,0.03476068870405058,0.015178353593115923
XGB,AUDUSD,2,2023-07-01,2024-07-01,2023-12-14,3492,-0.4057150914292569,0.016731646875040584,0.011708508,0.021344243217936598,0.0056377993247263
XGB,AUDUSD,2,2023-07-01,2024-07-01,2023-12-15,3493,-0.4000772921045306,0.017257380577678505,0.014619111,0.01529798290503337,-0.000562885625529419
XGB,AUDUSD,2,2023-07-01,2024-07-01,2023-12-18,3494,-0.40064017773006,0.018047692601944165,0.010163405,0.018471703735974287,0.0007170723831663728
XGB,AUDUSD,2,2023-07-01,2024-07-01,2023-12-19,3495,-0.3999231053468936,0.01922917150614528,0.010529525,0.022272625816959823,0.008804398744228725
XGB,AUDUSD,2,2023-07-01,2024-07-01,2023-12-20,3496,-0.3911187066026649,0.018521533566095816,0.01119497,0.009316765656789405,-0.0034336627793408736
XGB,AUDUSD,2,2023-07-01,2024-07-01,2023-12-21,3497,-0.3945523693820058,0.01799408605624181,0.008683233,0.011898820771103269,0.008419613063683551
XGB,AUDUSD,2,2023-07-01,2024-07-01,2023-12-22,3498,-0.3861327563183222,0.016128369425128963,0.011777867,0.002013818641406817,0.0017619081070019416
XGB,AUDUSD,2,2023-07-01,2024-07-01,2023-12-25,3499,-0.3843708482113203,0.013035896745296871,0.0107452385,-0.00634878161126351,-0.00040846098817692855
XGB,AUDUSD,2,2023-07-01,2024-07-01,2023-12-26,3500,-0.3847793091994972,0.009465322179380453,0.009045089,-0.010339126149393862,0.002610835205411499
XGB,AUDUSD,2,2023-07-01,2024-07-01,2023-12-27,3501,-0.3821684739940857,0.005100973063074166,0.007087415,-0.017325541127272193,0.004517994464151909
XGB,AUDUSD,2,2023-07-01,2024-07-01,2023-12-28,3502,-0.3776504795299338,0.0005593052478652938,0.008653346,-0.020380395811324004,-0.004151461415941693
XGB,AUDUSD,2,2023-07-01,2024-07-01,2023-12-29,3503,-0.3818019409458755,-0.0028933760139734366,0.005505686,-0.015694833600352287,-0.0008516076650270099
XGB,AUDUSD,2,2023-07-01,2024-07-01,2024-01-01,3504,-0.3826535486109025,-0.006535235421648133,0.003601261,-0.02010990643590088,-0.001465389066012901
XGB,AUDUSD,2,2023-07-01,2024-07-01,2024-01-02,3505,-0.3841189376769154,-0.009039165735931165,0.0017426338,-0.015761934960898782,-0.006600692145668385
XGB,AUDUSD,2,2023-07-01,2024-07-01,2024-01-03,3506,-0.3907196298225838,-0.010495480955596548,-0.003771199,-0.009982121626764484,-0.004398805526307281
XGB,AUDUSD,2,2023-07-01,2024-07-01,2024-01-04,3507,-0.3951184353488911,-0.011347706315228856,-0.006141574,-0.006987638439517718,-0.004375579772466831
XGB,AUDUSD,2,2023-07-01,2024-07-01,2024-01-05,3508,-0.3994940151213579,-0.012090337669502849,-0.0076374733,-0.008414139942784893,0.0014631397801000978
XGB,AUDUSD,2,2023-07-01,2024-07-01,2024-01-08,3509,-0.3980308753412578,-0.013445958412754533,-0.0066907476,-0.019167789098488208,0.0005341007950300236
XGB,AUDUSD,2,2023-07-01,2024-07-01,2024-01-09,3510,-0.3974967745462278,-0.01540030286787436,-0.0055981954,-0.025318328797208522,-0.0052666805005756046
XGB,AUDUSD,2,2023-07-01,2024-07-01,2024-01-10,3511,-0.4027634550468034,-0.0159607484574959,-0.007206636,-0.015354546959088111,0.0028825824089891983
XGB,AUDUSD,2,2023-07-01,2024-07-01,2024-01-11,3512,-0.3998808726378142,-0.016799956466704014,-0.004629244,-0.016319768145734992,-0.000820878811534087
XGB,AUDUSD,2,2023-07-01,2024-07-01,2024-01-12,3513,-0.4007017514493483,-0.01791058197163986,-0.003921458,-0.019278238452654806,-0.0014043223390605153
XGB,AUDUSD,2,2023-07-01,2024-07-01,2024-01-15,3514,-0.4021060737884088,-0.01828269424261353,-0.003681356,-0.015487174176537222,-0.005802081275734006
XGB,AUDUSD,2,2023-07-01,2024-07-01,2024-01-16,3515,-0.4079081550641428,-0.018120375309396197,-0.0056917025,-0.01114416865497131,-0.009290509375603218
XGB,AUDUSD,2,2023-07-01,2024-07-01,2024-01-17,3516,-0.417198664439746,-0.017002457003388483,-0.01051133,-0.00045847709048807417,-0.005616438903690291
XGB,AUDUSD,2,2023-07-01,2024-07-01,2024-01-18,3517,-0.4228151033434363,-0.015289734579485847,-0.013316584,0.004052119508681007,0.004697101337544807
XGB,AUDUSD,2,2023-07-01,2024-07-01,2024-01-19,3518,-0.4181180020058915,-0.013099400856179166,-0.00993444,0.004750932326675117,0.0019173612223423175
XGB,AUDUSD,2,2023-07-01,2024-07-01,2024-01-22,3519,-0.4162006407835492,-0.011594453978379937,-0.007286295,-0.00010284858970482924,-0.0037793491184539008
XGB,AUDUSD,2,2023-07-01,2024-07-01,2024-01-23,3520,-0.4199799899020031,-0.010390276360779771,-0.008220703,-0.0013847121087735004,0.0023867419370570686
XGB,AUDUSD,2,2023-07-01,2024-07-01,2024-01-24,3521,-0.417593247964946,-0.009185635660249214,-0.0058774287,-0.0017327253114081675,-0.0014590757541680932
XGB,AUDUSD,2,2023-07-01,2024-07-01,2024-01-25,3522,-0.4190523237191141,-0.009099766363062922,-0.0056891507,-0.010949288209085806,0.0013951821888800175
XGB,AUDUSD,2,2023-07-01,2024-07-01,2024-01-26,3523,-0.4176571415302341,-0.009884629304133252,-0.0034195196,-0.016162183801875396,-0.0011058423045212096
XGB,AUDUSD,2,2023-07-01,2024-07-01,2024-01-29,3524,-0.4187629838347553,-0.009543095924920197,-0.0039539593,-0.007465009375093479,0.005395914155538917
XGB,AUDUSD,2,2023-07-01,2024-07-01,2024-01-30,3525,-0.4133670696792164,-0.01041811559267869,0.0009273167,-0.014055249292381722,-0.0029364196940376286
XGB,AUDUSD,2,2023-07-01,2024-07-01,2024-01-31,3526,-0.416303489373254,-0.011255472608901529,-0.0005127088,-0.014848805310101298,-0.005061212637522572
XGB,AUDUSD,2,2023-07-01,2024-07-01,2024-02-01,3527,-0.4213647020107766,-0.010574672371782445,-0.003920601,-0.0054900521585039,0.0020387287344224014
XGB,AUDUSD,2,2023-07-01,2024-07-01,2024-02-02,3528,-0.4193259732763542,-0.010168643405839894,-0.0037824973,-0.007020877097357547,-0.010675638651845731
XGB,AUDUSD,2,2023-07-01,2024-07-01,2024-02-05,3529,-0.4300016119281999,-0.009985461578459254,-0.010111385,-0.007976502685842601,-0.003817713403909573
XGB,AUDUSD,2,2023-07-01,2024-07-01,2024-02-06,3530,-0.4338193253321095,-0.008505874973366967,-0.011010219,0.002851489364990467,0.007591332122260708
XGB,AUDUSD,2,2023-07-01,2024-07-01,2024-02-07,3531,-0.4262279932098488,-0.007545726007429199,-0.00525394,-0.0006397313164117069,-0.0011943257617493264
XGB,AUDUSD,2,2023-07-01,2024-07-01,2024-02-08,3532,-0.4274223189715981,-0.006137030227272022,-0.005404851,0.0024553313898131868,-0.003729975711757205
XGB,AUDUSD,2,2023-07-01,2024-07-01,2024-02-09,3533,-0.4311522946833553,-0.004349046474686258,-0.007474813,0.005094072919561987,0.004297540514074827
XGB,AUDUSD,2,2023-07-01,2024-07-01,2024-02-12,3534,-0.4268547541692805,-0.0027376844586814997,-0.0035206857,0.0042690551696509815,0.0005079037955687538
XGB,AUDUSD,2,2023-07-01,2024-07-01,2024-02-13,3535,-0.4263468503737117,-0.0013014399236187524,-0.003473469,0.00371522014222353,-0.011631264240330785
XGB,AUDUSD,2,2023-07-01,2024-07-01,2024-02-14,3536,-0.4379781146140425,0.0017402608709275458,-0.009075599,0.016246715692412428,0.007010278646923496
XGB,AUDUSD,2,2023-07-01,2024-07-01,2024-02-15,3537,-0.430967835967119,0.004025434505807168,-0.003994442,0.010193872742526533,0.004100111440858534
XGB,AUDUSD,2,2023-07-01,2024-07-01,2024-02-16,3538,-0.4268677245262605,0.004796659685776805,-0.00033985949,0.0021583436357253682,0.0019007369444755673
XGB,AUDUSD,2,2023-07-01,2024-07-01,2024-02-19,3539,-0.4249669875817849,0.005249402023258021,-0.00051138096,0.0009149959775210381,-0.0010912341820084048
XGB,AUDUSD,2,2023-07-01,2024-07-01,2024-02-20,3540,-0.4260582217637933,0.004309383248298659,-0.00023740111,-0.005540363417119276,0.0034725227641638212
XGB,AUDUSD,2,2023-07-01,2024-07-01,2024-02-21,3541,-0.4225856989996295,0.0028843151168796988,0.00047356592,-0.008443221963611802,-4.593123185869796e-05
XGB,AUDUSD,2,2023-07-01,2024-07-01,2024-02-22,3542,-0.4226316302314882,0.0021647106309061748,0.0015114866,-0.0038707051784714896,0.0009002313098581127
XGB,AUDUSD,2,2023-07-01,2024-07-01,2024-02-23,3543,-0.4217313989216301,0.0007363983745093949,0.0012111991,-0.007879771400432833,0.0009574356970376008
XGB,AUDUSD,2,2023-07-01,2024-07-01,2024-02-26,3544,-0.4207739632245925,-0.000908292786029663,0.00201962,-0.009409088278678923,-0.003935417665942631
XGB,AUDUSD,2,2023-07-01,2024-07-01,2024-02-27,3545,-0.4247093808905351,-0.0004223343690751835,0.00014153279,0.004074583250926633,0.0006573892862712372
XGB,AUDUSD,2,2023-07-01,2024-07-01,2024-02-28,3546,-0.4240519916042639,0.0007011174271863707,-0.0001383636,0.01175889125334606,-0.007546593576648719
XGB,AUDUSD,2,2023-07-01,2024-07-01,2024-02-29,3547,-0.4315985851809126,0.003417547052980474,-0.003480116,0.0197604300313457,0.0005696642176712952
XGB,AUDUSD,2,2023-07-01,2024-07-01,2024-03-01,3548,-0.4310289209632413,0.0058742621813525076,-0.0027899789,0.017860177496150986,0.004526585553281615
XGB,AUDUSD,2,2023-07-01,2024-07-01,2024-03-04,3549,-0.4265023354099597,0.007315033520338743,0.0014249021,0.01209198650277521,-0.003108834912103231
XGB,AUDUSD,2,2023-07-01,2024-07-01,2024-03-05,3550,-0.4296111703220629,0.0096366576441968,0.0034823783,0.018268674297270637,-0.000571881181208489
XGB,AUDUSD,2,2023-07-01,2024-07-01,2024-03-06,3551,-0.4301830515032714,0.010578701827325288,0.0007962177,0.01152597793724991,0.009548253863662926
XGB,AUDUSD,2,2023-07-01,2024-07-01,2024-03-07,3552,-0.4206347976396085,0.009699915215992116,0.008715573,-0.001267821009424408,0.008341697288690664
XGB,AUDUSD,2,2023-07-01,2024-07-01,2024-03-08,3553,-0.4122931003509178,0.007961603487703639,0.013746026,-0.009681686561816172,0.0004549452013509203
XGB,AUDUSD,2,2023-07-01,2024-07-01,2024-03-11,3554,-0.4118381551495669,0.005215027986955667,0.0119102495,-0.01489128846034482,-0.0013305883175234179
XGB,AUDUSD,2,2023-07-01,2024-07-01,2024-03-12,3555,-0.4131687434670903,0.004165981295255139,0.009497739,-0.002680231453951465,-0.0012416054400941623
XGB,AUDUSD,2,2023-07-01,2024-07-01,2024-03-13,3556,-0.4144103489071845,0.002849785861867793,0.008787209,-0.005023418799583901,0.003067852882392197
XGB,AUDUSD,2,2023-07-01,2024-07-01,2024-03-14,3557,-0.4113424960247923,0.00013142065809296222,0.010099032,-0.01701190526903712,-0.007314577541229217
XGB,AUDUSD,2,2023-07-01,2024-07-01,2024-03-15,3558,-0.4186570735660215,-0.0008223661631940327,0.004613081,-0.0061595898042619,-0.003245545083011392
XGB,AUDUSD,2,2023-07-01,2024-07-01,2024-03-18,3559,-0.4219026186490329,-0.0012841987325004633,0.0010228187,-0.0029009186342462967,-7.216826370110008e-05
XGB,AUDUSD,2,2023-07-01,2024-07-01,2024-03-19,3560,-0.421974786912734,-0.002070695068492334,0.0012246984,-0.005429253864749184,-0.004754656697177728
XGB,AUDUSD,2,2023-07-01,2024-07-01,2024-03-20,3561,-0.4267294436099117,-0.0022297968253741085,-0.000802376,-0.0014751295332329772,0.010880468688869938
XGB,AUDUSD,2,2023-07-01,2024-07-01,2024-03-21,3562,-0.4158489749210418,-0.00352343873023081,0.004513689,-0.009869607920735601,-0.003584792785726598
XGB,AUDUSD,2,2023-07-01,2024-07-01,2024-03-22,3563,-0.4194337677067684,-0.005283649525436751,0.0036911971,-0.013211867559483614,-0.008920633587061022
XGB,AUDUSD,2,2023-07-01,2024-07-01,2024-03-25,3564,-0.4283544012938294,-0.00530888940166796,-2.2036524e-05,-0.0002157261044362091,0.0035377379235460027
XGB,AUDUSD,2,2023-07-01,2024-07-01,2024-03-26,3565,-0.4248166633702834,-0.004444854574937873,0.0014607989,0.004592985537864691,1.3126087004211584e-05
XGB,AUDUSD,2,2023-07-01,2024-07-01,2024-03-27,3566,-0.4248035372832792,-0.0030903961707915983,0.00031343516,0.007423027273346483,-0.0026005034942039873
XGB,AUDUSD,2,2023-07-01,2024-07-01,2024-03-28,3567,-0.4274040407774832,-0.0017279997652960288,-0.0009375093,0.007365629248212491,-0.0008005323656615215
XGB,AUDUSD,2,2023-07-01,2024-07-01,2024-03-29,3568,-0.4282045731431447,0.0005049422414242777,-0.000986986,0.01344613223763197,0.0024859903013673135
XGB,AUDUSD,2,2023-07-01,2024-07-01,2024-03-31,3569,-0.4257185828417774,0.002758577815048402,7.8566205e-05,0.014512057771208897,-0.006927052424474611
XGB,AUDUSD,2,2023-07-01,2024-07-01,2024-04-01,3570,-0.432645635266252,0.0037197820279386007,-0.0044745356,0.002969982049353781,0.004075507867986383
XGB,AUDUSD,2,2023-07-01,2024-07-01,2024-04-02,3571,-0.4285701273982656,0.004284925890155333,-0.0031737334,0.00401504173678241,0.008346449565846903
XGB,AUDUSD,2,2023-07-01,2024-07-01,2024-04-03,3572,-0.4202236778324187,0.0028134536307575786,0.0029905927,-0.014288760284131619,0.0028431678224860035
XGB,AUDUSD,2,2023-07-01,2024-07-01,2024-04-04,3573,-0.4173805100099327,0.0003398701893145284,0.0038869476,-0.022287587115556895,-0.0026579015193379796
XGB,AUDUSD,2,2023-07-01,2024-07-01,2024-04-07,3574,-0.4200384115292707,-0.0023177140629056514,0.0032090868,-0.02425050965230019,0.005279970623757957
XGB,AUDUSD,2,2023-07-01,2024-07-01,2024-04-08,3575,-0.4147584409055127,-0.005346150553451223,0.0063972785,-0.025327091355985376,0.0035519158349442415
XGB,AUDUSD,2,2023-07-01,2024-07-01,2024-04-09,3576,-0.4112065250705685,-0.009191570444651798,0.00902887,-0.031228720229139195,-0.018469128146329727
XGB,AUDUSD,2,2023-07-01,2024-07-01,2024-04-10,3577,-0.4296756532168982,-0.0107980371225887,0.0008615439,-0.012558477808871704,0.005120567555415012
XGB,AUDUSD,2,2023-07-01,2024-07-01,2024-04-11,3578,-0.4245550856614832,-0.01201991013244158,-0.0007271671,-0.013506250242774687,-0.009957352455067126
XGB,AUDUSD,2,2023-07-01,2024-07-01,2024-04-14,3579,-0.4345124381165503,-0.01150497928094385,-0.0044812243,0.002020582113789249,-0.005155659008939273
XGB,AUDUSD,2,2023-07-01,2024-07-01,2024-04-15,3580,-0.4396680971254896,-0.01013447635759318,-0.0062859464,0.008423422710365225,-0.004620824056081274
XGB,AUDUSD,2,2023-07-01,2024-07-01,2024-04-16,3581,-0.4442889211815709,-0.007494651795844576,-0.007083722,0.017068831826444475,0.00420338892007277
XGB,AUDUSD,2,2023-07-01,2024-07-01,2024-04-17,3582,-0.4400855322614981,-0.004741094119889766,-0.00404809,0.01565146010282742,-0.0023497130382095777
XGB,AUDUSD,2,2023-07-01,2024-07-01,2024-04-18,3583,-0.4424352452997077,-0.0011740485306855342,-0.0048121335,0.02113022329782177,0.0002011142739377636
XGB,AUDUSD,2,2023-07-01,2024-07-01,2024-04-21,3584,-0.4422341310257699,0.0002776809463831964,-0.0033249496,0.008061086526153505,0.00417279512151203
XGB,AUDUSD,2,2023-07-01,2024-07-01,2024-04-22,3585,-0.4380613359042579,0.001990543743086992,-0.00040701704,0.012174134292512573,0.00556947990149681
XGB,AUDUSD,2,2023-07-01,2024-07-01,2024-04-23,3586,-0.4324918560027611,0.0034811759491688576,0.0023440884,0.012633506394413963,0.0012471815876367032
XGB,AUDUSD,2,2023-07-01,2024-07-01,2024-04-24,3587,-0.4312446744151244,0.005372885523998727,0.004879686,0.01710401799970307,0.004024585059997976
XGB,AUDUSD,2,2023-07-01,2024-07-01,2024-04-25,3588,-0.4272200893551264,0.006938217325599572,0.0073090876,0.01532236661049352,0.0027860171964557146
XGB,AUDUSD,2,2023-07-01,2024-07-01,2024-04-28,3589,-0.4244340721586707,0.007240296773350197,0.006662075,0.007280909174142369,0.003129050156784774
XGB,AUDUSD,2,2023-07-01,2024-07-01,2024-04-29,3590,-0.4213050220018859,0.006776470147543012,0.0065750736,0.002268377158373802,-0.012868022497730502
XGB,AUDUSD,2,2023-07-01,2024-07-01,2024-04-30,3591,-0.4341730444996164,0.009216396342104916,8.4353764e-05,0.021834213183777207,0.008285842887871098
XGB,AUDUSD,2,2023-07-01,2024-07-01,2024-05-01,3592,-0.4258872016117453,0.01016460473878622,0.0043473844,0.010524590341786322,0.0060288520033982
XGB,AUDUSD,2,2023-07-01,2024-07-01,2024-05-02,3593,-0.4198583496083471,0.010599405939368478,0.0064608003,0.006292824241777628,0.00571769319292581
XGB,AUDUSD,2,2023-07-01,2024-07-01,2024-05-05,3594,-0.4141406564154213,0.010553447705895225,0.009281098,0.002560976322943609,0.0022429336707884273
XGB,AUDUSD,2,2023-07-01,2024-07-01,2024-05-06,3595,-0.4118977227446329,0.011098173292128866,0.00873359,0.011579143791159263,-0.005255440239895437
XGB,AUDUSD,2,2023-07-01,2024-07-01,2024-05-07,3596,-0.4171531629845283,0.01202668249654315,0.0075498833,0.01415776093332044,-0.0018834818589837932
XGB,AUDUSD,2,2023-07-01,2024-07-01,2024-05-08,3597,-0.4190366448435121,0.013501703544408328,0.005853594,0.018664428799381516,0.006697813527672902
XGB,AUDUSD,2,2023-07-01,2024-07-01,2024-05-09,3598,-0.4123388313158392,0.01332794067700166,0.011243134,0.0076873829281818296,-0.0030237799541197874
XGB,AUDUSD,2,2023-07-01,2024-07-01,2024-05-12,3599,-0.415362611269959,0.01339759190247608,0.0108189015,0.009962172110294376,0.001797085903389506
XGB,AUDUSD,2,2023-07-01,2024-07-01,2024-05-13,3600,-0.4135655253665695,0.012033063382452969,0.008688947,0.0009527145764084977,0.001985845274091791
XGB,AUDUSD,2,2023-07-01,2024-07-01,2024-05-14,3601,-0.4115796800924777,0.00994264433094455,0.01053663,-0.003710335614284299,0.011261101139004082
XGB,AUDUSD,2,2023-07-01,2024-07-01,2024-05-15,3602,-0.4003185789534736,0.0073792561090824105,0.016551213,-0.011565916239248186,-0.00267682309773426
XGB,AUDUSD,2,2023-07-01,2024-07-01,2024-05-16,3603,-0.4029954020512079,0.0059177451327305786,0.014581227,-0.004128388057673127,0.0026231860070772828
XGB,AUDUSD,2,2023-07-01,2024-07-01,2024-05-19,3604,-0.4003722160441306,0.0038820781753471922,0.016853396,-0.007896926699479612,-0.004279232343526784
XGB,AUDUSD,2,2023-07-01,2024-07-01,2024-05-20,3605,-0.4046514483876574,0.0017881102433401352,0.011029297,-0.008790420581667513,-0.0007489907720072408
XGB,AUDUSD,2,2023-07-01,2024-07-01,2024-05-21,3606,-0.4054004391596646,0.0003438171223165143,0.00861184,-0.005534379248849808,-0.0072123716304963725
XGB,AUDUSD,2,2023-07-01,2024-07-01,2024-05-22,3607,-0.412612810790161,0.0007765881996132373,0.0025370948,0.005682083459877585,-0.002677204916601006
XGB,AUDUSD,2,2023-07-01,2024-07-01,2024-05-23,3608,-0.415290015706762,0.0024451904908106004,0.0018921382,0.013331047002391072,0.0034055205140401945
XGB,AUDUSD,2,2023-07-01,2024-07-01,2024-05-26,3609,-0.4118844951927218,0.0024751936244903905,0.004993062,0.003344817613904816,0.004760705083840799
XGB,AUDUSD,2,2023-07-01,2024-07-01,2024-05-27,3610,-0.407123790108881,0.001994797384260283,0.0073287673,0.0003262865964198114,-0.001145352634729202
XGB,AUDUSD,2,2023-07-01,2024-07-01,2024-05-28,3611,-0.4082691427436102,0.0020411419376806794,0.005518916,0.0032441180861833008,-0.0051727262257146855
XGB,AUDUSD,2,2023-07-01,2024-07-01,2024-05-29,3612,-0.4134418689693249,0.001634781763044324,0.002001788,-0.004695962678214427,0.0025070505608104643
XGB,AUDUSD,2,2023-07-01,2024-07-01,2024-05-30,3613,-0.4109348184085144,0.0011631065666299345,0.002423417,-0.0032257693106479968,0.00400409107823102
XGB,AUDUSD,2,2023-07-01,2024-07-01,2024-06-02,3614,-0.4069307273302834,-0.00010265782786245126,0.0033903907,-0.00741882166838892,0.004971758625912481
XGB,AUDUSD,2,2023-07-01,2024-07-01,2024-06-03,3615,-0.4019589687043709,-0.0010057897407286798,0.0069537545,-0.004071321319155274,-0.006580708874446062
XGB,AUDUSD,2,2023-07-01,2024-07-01,2024-06-04,3616,-0.408539677578817,-0.0013414092764701957,0.0012786635,-0.0019727125800431122,0.001742174066355795
XGB,AUDUSD,2,2023-07-01,2024-07-01,2024-06-05,3617,-0.4067975035124612,-0.0023214591115876537,0.0013466284,-0.006768021854108297,0.0017724788550342874
XGB,AUDUSD,2,2023-07-01,2024-07-01,2024-06-06,3618,-0.4050250246574269,-0.003353801338766893,0.0020981028,-0.007150877138481504,-0.013112806990112413
XGB,AUDUSD,2,2023-07-01,2024-07-01,2024-06-09,3619,-0.4181378316475393,-0.0021323927509602214,-0.004366996,0.011852465726367334,0.0039772439283768946
XGB,AUDUSD,2,2023-07-01,2024-07-01,2024-06-10,3620,-0.4141605877191624,-0.000916136910442289,-0.00364424,0.00998964213601694,-0.0001889612795099027
XGB,AUDUSD,2,2023-07-01,2024-07-01,2024-06-11,3621,-0.4143495489986723,5.236077787335036e-05,-0.002171281,0.007988837797877735,0.008319258975146127
XGB,AUDUSD,2,2023-07-01,2024-07-01,2024-06-12,3622,-0.4060302900235262,-0.000723938882552122,0.0032177584,-0.004196118656952186,-0.0044821001353339
XGB,AUDUSD,2,2023-07-01,2024-07-01,2024-06-13,3623,-0.4105123901588601,-0.00038848891939963215,-0.0014921587,0.003235627747698422,-0.00305313520770939
XGB,AUDUSD,2,2023-07-01,2024-07-01,2024-06-16,3624,-0.4135655253665695,0.00012437241958784817,-0.0018930328,0.004815161923765909,0.0013896235706610804
XGB,AUDUSD,2,2023-07-01,2024-07-01,2024-06-17,3625,-0.4121759017959084,0.00047958616606674775,-0.0013276675,0.0034228473142373095,0.0058905358747364245
XGB,AUDUSD,2,2023-07-01,2024-07-01,2024-06-18,3626,-0.406285365921172,0.00011407321832956896,0.0019023524,-0.0015927649977303115,0.0021144203380265014
XGB,AUDUSD,2,2023-07-01,2024-07-01,2024-06-19,3627,-0.4041709455831455,0.00011126159343027853,0.0030359933,-0.0001936023536948106,-0.0021897656176491087
XGB,AUDUSD,2,2023-07-01,2024-07-01,2024-06-20,3628,-0.4063607112007946,-0.00012429353307680246,0.0012025137,-0.0009160512103670859,-0.003865697479683794
XGB,AUDUSD,2,2023-07-01,2024-07-01,2024-06-23,3629,-0.4102264086804784,0.0006971203724879804,-0.0010257922,0.0050060073006280015,0.002949646269316708
XGB,AUDUSD,3,2024-07-01,2025-07-01,2024-07-01,3635,-0.4072767624111617,0.010170117434758041,-0.00051324733,0.014500478883151202,0.0020563610313112934
XGB,AUDUSD,3,2024-07-01,2025-07-01,2024-07-02,3636,-0.4052204013798504,0.011628531092508554,0.0004514282,0.014914923948186998,0.0063683887168831665
XGB,AUDUSD,3,2024-07-01,2025-07-01,2024-07-03,3637,-0.3988520126629672,0.011991535078034132,0.003112758,0.009063148478551608,0.0021115406439948248
XGB,AUDUSD,3,2024-07-01,2025-07-01,2024-07-04,3638,-0.3967404720189724,0.01151499771258191,0.0045700185,0.0056664480801683625,0.0031927681487033954
XGB,AUDUSD,3,2024-07-01,2025-07-01,2024-07-07,3639,-0.393547703870269,0.009559925012152415,0.006021926,-0.0021653616968781986,-0.0005024717633261289
XGB,AUDUSD,3,2024-07-01,2025-07-01,2024-07-08,3640,-0.3940501756335951,0.00767417503113732,0.0058600516,-0.0018561013595185805,-0.00025292205330906814
XGB,AUDUSD,3,2024-07-01,2025-07-01,2024-07-09,3641,-0.3943030976869042,0.005329585218992294,0.003645244,-0.005353838031377289,0.001526814158893719
XGB,AUDUSD,3,2024-07-01,2025-07-01,2024-07-10,3642,-0.3927762835280105,0.00258001341220232,0.0026433207,-0.008252352605109037,0.002470806096347089
XGB,AUDUSD,3,2024-07-01,2025-07-01,2024-07-11,3643,-0.3903054774316634,-0.0008481065643499153,0.003273487,-0.01915171190831283,0.0005166132472477769
XGB,AUDUSD,3,2024-07-01,2025-07-01,2024-07-14,3644,-0.3897888641844156,-0.004709961068541879,0.0025013941,-0.023895735472978907,-0.0012851597543884208
XGB,AUDUSD,3,2024-07-01,2025-07-01,2024-07-15,3645,-0.391074023938804,-0.008554386485345844,0.001602388,-0.02826708881268486,-0.004639041628343166
XGB,AUDUSD,3,2024-07-01,2025-07-01,2024-07-16,3646,-0.3957130655671472,-0.011852186125122677,-0.0021144915,-0.028476290601611,-0.00019321142596651075
XGB,AUDUSD,3,2024-07-01,2025-07-01,2024-07-17,3647,-0.3959062769931137,-0.014846177845714625,-0.0033198833,-0.02645070678711281,-0.003750658725167777
XGB,AUDUSD,3,2024-07-01,2025-07-01,2024-07-18,3648,-0.3996569357182815,-0.017234014867249348,-0.0052437857,-0.02324850661613881,-0.0013717004148380285
XGB,AUDUSD,3,2024-07-01,2025-07-01,2024-07-21,3649,-0.4010286361331195,-0.01939438939438054,-0.0037654813,-0.023389672543388584,-0.008428553206856704
XGB,AUDUSD,3,2024-07-01,2025-07-01,2024-07-22,3650,-0.4094571893399762,-0.020669823237052687,-0.007415319,-0.014120820808987411,-0.004227410317418301
XGB,AUDUSD,3,2024-07-01,2025-07-01,2024-07-23,3651,-0.4136845996573945,-0.021749884742840453,-0.00989804,-0.01788351692658996,-0.005656513094094373
XGB,AUDUSD,3,2024-07-01,2025-07-01,2024-07-24,3652,-0.4193411127514889,-0.022096639556822506,-0.012083004,-0.011869709510114734,-0.0048482434172693045
XGB,AUDUSD,3,2024-07-01,2025-07-01,2024-07-25,3653,-0.4241893561687582,-0.021126104018405922,-0.013440831,-0.004211973942708336,0.0018323723885316778
XGB,AUDUSD,3,2024-07-01,2025-07-01,2024-07-28,3654,-0.4223569837802265,-0.02000309303615605,-0.013305481,-0.0061206446654483715,-0.0005484585541937759
XGB,AUDUSD,3,2024-07-01,2025-07-01,2024-07-29,3655,-0.4229054423344203,-0.0184291264995331,-0.010246026,-0.005422979820290497,-0.0015128663420878041
XGB,AUDUSD,3,2024-07-01,2025-07-01,2024-07-30,3656,-0.4244183086765081,-0.015400229751684202,-0.009364598,0.007690208370253082,0.0008402985275444697
XGB,AUDUSD,3,2024-07-01,2025-07-01,2024-07-31,3657,-0.4235780101489636,-0.012912040508292644,-0.0070784492,0.003473915571765407,-0.00799010643502085
XGB,AUDUSD,3,2024-07-01,2025-07-01,2024-08-01,3658,-0.4315681165839845,-0.009442442470732615,-0.010668406,0.013825354895852793,0.00035729432238085224
XGB,AUDUSD,3,2024-07-01,2025-07-01,2024-08-04,3659,-0.4312108222616036,-0.005337231103706819,-0.010936134,0.021526592475448136,0.002809492150137094
XGB,AUDUSD,3,2024-07-01,2025-07-01,2024-08-05,3660,-0.4284013301114665,-0.0025916770051216953,-0.008456401,0.012886919296443144,-7.629833420835785e-05
XGB,AUDUSD,3,2024-07-01,2025-07-01,2024-08-06,3661,-0.4284776284456749,0.00036330237874476756,-0.007218602,0.014852612775781981,0.000149206290964099
XGB,AUDUSD,3,2024-07-01,2025-07-01,2024-08-07,3662,-0.4283284221547108,0.0037168906648762934,-0.006779931,0.023810430230698065,0.011600321848455775
XGB,AUDUSD,3,2024-07-01,2025-07-01,2024-08-08,3663,-0.416728100306255,0.006384135290315784,0.0005988235,0.021508608072162594,-0.0033759942709432056
XGB,AUDUSD,3,2024-07-01,2025-07-01,2024-08-11,3664,-0.4201040945771982,0.00972252601751078,-0.0015491365,0.02665763215151734,0.0023613328890665364
XGB,AUDUSD,3,2024-07-01,2025-07-01,2024-08-12,3665,-0.4177427616881317,0.012803577000844224,-0.0007850001,0.024655950369428303,0.008058531901976196
XGB,AUDUSD,3,2024-07-01,2025-07-01,2024-08-13,3666,-0.4096842297861555,0.014043335841009585,0.003961538,0.010429703303050597,-0.005830181028867898
XGB,AUDUSD,3,2024-07-01,2025-07-01,2024-08-14,3667,-0.4155144108150234,0.01650195056101017,3.1951306e-05,0.028057107521994973,0.0018893951451304791
XGB,AUDUSD,3,2024-07-01,2025-07-01,2024-08-15,3668,-0.4136250156698929,0.01839947254145924,0.0012872516,0.023970895408640003,0.009107023745880183
XGB,AUDUSD,3,2024-07-01,2025-07-01,2024-08-18,3669,-0.4045179919240127,0.019867443721083122,0.0059095165,0.017074299298200146,0.009298499689920303
XGB,AUDUSD,3,2024-07-01,2025-07-01,2024-08-19,3670,-0.3952194922340924,0.0205319181380319,0.010835472,0.007068765751750639,0.0017730298084115415
XGB,AUDUSD,3,2024-07-01,2025-07-01,2024-08-20,3671,-0.3934464624256809,0.020754476465847882,0.011283964,0.0071661920349327946,0.0003596511069774988
XGB,AUDUSD,3,2024-07-01,2025-07-01,2024-08-21,3672,-0.3930868113187034,0.0197069660380077,0.009029829,0.002707623433556572,-0.0061677151644015105
XGB,AUDUSD,3,2024-07-01,2025-07-01,2024-08-22,3673,-0.3992545264831049,0.019886601610193455,0.0038534254,0.011722580753656509,0.011797223190076478
XGB,AUDUSD,3,2024-07-01,2025-07-01,2024-08-25,3674,-0.3874573032930284,0.01759919673784205,0.009128832,-0.010932786599793076,-0.002196816968224491
XGB,AUDUSD,3,2024-07-01,2025-07-01,2024-08-26,3675,-0.3896541202612529,0.015217916910320206,0.0067411806,-0.008410301161763611,0.0022104276354403263
XGB,AUDUSD,3,2024-07-01,2025-07-01,2024-08-27,3676,-0.3874436926258126,0.012857309303581588,0.0068822354,-0.00700697984138654,-0.0007070338565292045
XGB,AUDUSD,3,2024-07-01,2025-07-01,2024-08-28,3677,-0.3881507264823418,0.009369864993900079,0.006506637,-0.016694238613755408,0.0018704560915936974
XGB,AUDUSD,3,2024-07-01,2025-07-01,2024-08-29,3678,-0.3862802703907481,0.005289391534473498,0.008382082,-0.02050389381105533,-0.004098917494398724
XGB,AUDUSD,3,2024-07-01,2025-07-01,2024-09-01,3679,-0.3903791878851468,0.0018653875482412818,0.0044016726,-0.01709321255114621,0.002847242155698426
XGB,AUDUSD,3,2024-07-01,2025-07-01,2024-09-02,3680,-0.3875319457294484,-0.0012973592949650503,0.0036058545,-0.016384641192598526,-0.010858144163373107
XGB,AUDUSD,3,2024-07-01,2025-07-01,2024-09-03,3681,-0.3983900898928215,-0.001491585381909688,0.0015333153,0.0019192835649108897,0.0003256684698049739
XGB,AUDUSD,3,2024-07-01,2025-07-01,2024-09-04,3682,-0.3980644214230165,-0.0019098798820493812,-0.0010582537,-0.0003559417635198847,0.0036137489558173974
XGB,AUDUSD,3,2024-07-01,2025-07-01,2024-09-05,3683,-0.3944506724671991,-0.0019046004455399168,0.003185613,0.0016892198129366265,-0.010394292628898072
XGB,AUDUSD,3,2024-07-01,2025-07-01,2024-09-08,3684,-0.4048449650960972,-0.0005081442320787333,-0.0030193795,0.013681573832941607,-0.0019391991057062241
XGB,AUDUSD,3,2024-07-01,2025-07-01,2024-09-09,3685,-0.4067841642018034,0.0012581064072761938,-0.006302329,0.015768920923861618,-0.0006882362344896031
XGB,AUDUSD,3,2024-07-01,2025-07-01,2024-09-10,3686,-0.407472400436293,0.004181472244005613,-0.0015153673,0.02321727439490484,0.003555813514246109
XGB,AUDUSD,3,2024-07-01,2025-07-01,2024-09-11,3687,-0.4039165869220469,0.006509011126932973,-7.420739e-05,0.019722730434856117,0.007445780594136309
XGB,AUDUSD,3,2024-07-01,2025-07-01,2024-09-12,3688,-0.3964708063279106,0.008086694493436963,0.0034825588,0.015810832233593586,-0.0019495568586258005
XGB,AUDUSD,3,2024-07-01,2025-07-01,2024-09-15,3689,-0.3984203631865364,0.010850844674786697,0.0034673149,0.028139007145033312,0.005658910532273909
XGB,AUDUSD,3,2024-07-01,2025-07-01,2024-09-16,3690,-0.3927614526542625,0.011101167965819003,0.0029184814,0.010270262487994175,0.0015980613911069086
XGB,AUDUSD,3,2024-07-01,2025-07-01,2024-09-17,3691,-0.3911633912631556,0.01201835191339684,0.0053469893,0.019055821320667576,0.0001481479852137868
XGB,AUDUSD,3,2024-07-01,2025-07-01,2024-09-18,3692,-0.3910152432779418,0.013373177320105567,0.0056052897,0.02267066759111458,0.00676011723655362
XGB,AUDUSD,3,2024-07-01,2025-07-01,2024-09-19,3693,-0.3842551260413882,0.013788360123126897,0.007620876,0.015478937001038473,6.126955419738511e-05
XGB,AUDUSD,3,2024-07-01,2025-07-01,2024-09-22,3694,-0.3841938564871908,0.013575955417802377,0.006407618,0.010226323148031513,0.0035338823928737773
XGB,AUDUSD,3,2024-07-01,2025-07-01,2024-09-23,3695,-0.380659974094317,0.01296161388142053,0.007457795,0.007724940335568697,0.010378618052813926
XGB,AUDUSD,3,2024-07-01,2025-07-01,2024-09-24,3696,-0.3702813560415031,0.010647578340919894,0.010866948,-0.008011227063302817,-0.012209834124765229
XGB,AUDUSD,3,2024-07-01,2025-07-01,2024-09-25,3697,-0.3824911901662683,0.009049230919207008,0.0043958314,-0.003084155957547463,0.01038362022378031
XGB,AUDUSD,3,2024-07-01,2025-07-01,2024-09-26,3698,-0.372107569942488,0.005773498509741293,0.007972654,-0.020046623764692684,0.00376299425566079
XGB,AUDUSD,3,2024-07-01,2025-07-01,2024-09-29,3699,-0.3683445756868272,0.001656757358324712,0.00944315,-0.026240250452852998,-0.0004316133535224864
XGB,AUDUSD,3,2024-07-01,2025-07-01,2024-09-30,3700,-0.3687761890403497,-0.0029169188878741537,0.00812941,-0.029107558313491988,-0.005191344298809575
XGB,AUDUSD,3,2024-07-01,2025-07-01,2024-10-01,3701,-0.3739675333391593,-0.006147471386780123,0.0035381352,-0.020409658489425553,0.0010324995804109616
XGB,AUDUSD,3,2024-07-01,2025-07-01,2024-10-02,3702,-0.3729350337587483,-0.00957767455947095,0.003959635,-0.02291067248252837,-0.0053575493460575885
XGB,AUDUSD,3,2024-07-01,2025-07-01,2024-10-03,3703,-0.3782925831048059,-0.01216489670782478,0.0015505545,-0.01831202786799141,-0.007282763019009875
XGB,AUDUSD,3,2024-07-01,2025-07-01,2024-10-06,3704,-0.3855753461238158,-0.014358914068594797,-0.004007187,-0.017580425988340198,-0.006578847583364911
XGB,AUDUSD,3,2024-07-01,2025-07-01,2024-10-07,3705,-0.3921541937071807,-0.01594329453834309,-0.0062584295,-0.013577531713978908,-0.0024306324324995243
XGB,AUDUSD,3,2024-07-01,2025-07-01,2024-10-08,3706,-0.3945848261396802,-0.015819178036787007,-0.007847871,-0.00593470656641798,-0.0032989212141614765
XGB,AUDUSD,3,2024-07-01,2025-07-01,2024-10-09,3707,-0.3978837473538417,-0.014608522416807768,-0.009701864,-8.669463232119368e-05,0.0035065555252568603
XGB,AUDUSD,3,2024-07-01,2025-07-01,2024-10-10,3708,-0.3943771918285848,-0.014955657977607228,-0.0055317106,-0.013125847698836957,-0.001468514412691857
XGB,AUDUSD,3,2024-07-01,2025-07-01,2024-10-13,3709,-0.3958457062412767,-0.014282966669386998,-0.005758742,-0.006723921258298737,-0.0007589047315206265
XGB,AUDUSD,3,2024-07-01,2025-07-01,2024-10-14,3710,-0.3966046109727973,-0.01431828274058361,-0.00444868,-0.013471157980358583,-0.006551161139358663
XGB,AUDUSD,3,2024-07-01,2025-07-01,2024-10-15,3711,-0.403155772112156,-0.013661130126689902,-0.007174985,-0.0067660569632892464,-0.00257595330900362
XGB,AUDUSD,3,2024-07-01,2025-07-01,2024-10-16,3712,-0.4057317254211596,-0.013263262178434487,-0.00797672,-0.009267780195510722,0.005212192715061403
XGB,AUDUSD,3,2024-07-01,2025-07-01,2024-10-17,3713,-0.4005195327060982,-0.014366281678196147,-0.0033139992,-0.017624818361571315,0.0025490907199353097
XGB,AUDUSD,3,2024-07-01,2025-07-01,2024-10-20,3714,-0.3979704419861629,-0.016260017500122348,-0.0015666995,-0.023166550416686804,-0.009532597541258903
XGB,AUDUSD,3,2024-07-01,2025-07-01,2024-10-21,3715,-0.4075030395274218,-0.016677194056819222,-0.004779697,-0.012142361809500013,0.004933412027846362
XGB,AUDUSD,3,2024-07-01,2025-07-01,2024-10-22,3716,-0.4025696274995754,-0.01749335882428943,-0.0022720208,-0.016467017343936685,-0.007506141453580473
XGB,AUDUSD,3,2024-07-01,2025-07-01,2024-10-23,3717,-0.4100757689531559,-0.01681623989543307,-0.00508361,-0.0066655327090413,0.00015393987771067374
XGB,AUDUSD,3,2024-07-01,2025-07-01,2024-10-24,3718,-0.4099218290754452,-0.016158452132023104,-0.004421248,-0.008005321417051903,-0.005077676541225096
XGB,AUDUSD,3,2024-07-01,2025-07-01,2024-10-28,3719,-0.4149995056166703,-0.013547739666302017,-0.0074066054,0.005752253638672822,-0.0031448454509991897
XGB,AUDUSD,3,2024-07-01,2025-07-01,2024-10-29,3720,-0.4181443510676695,-0.012126948756747413,-0.009849695,-0.002383430244676188,-0.0029926413351801795
XGB,AUDUSD,3,2024-07-01,2025-07-01,2024-10-30,3721,-0.4211369924028497,-0.009225132586608398,-0.011623598,0.01719299963716997,0.0014915910659278886
XGB,AUDUSD,3,2024-07-01,2025-07-01,2024-10-31,3722,-0.4196454013369218,-0.007699809738900332,-0.0077411253,0.0017906707276973965,0.0006087564934096901
XGB,AUDUSD,3,2024-07-01,2025-07-01,2024-11-01,3723,-0.4190366448435121,-0.0065261025444439125,-0.0067727333,0.00012234116416631746,0.0022953431813149128
XGB,AUDUSD,3,2024-07-01,2025-07-01,2024-11-04,3724,-0.4167413016621972,-0.006549008620472474,-0.0030436425,-0.009528499907083987,-0.0011858488302999293
XGB,AUDUSD,3,2024-07-01,2025-07-01,2024-11-05,3725,-0.4179271504924971,-0.007029369086314574,-0.0010535626,-0.013978650390903291,0.008679898514499629
XGB,AUDUSD,3,2024-07-01,2025-07-01,2024-11-06,3726,-0.4092472519779975,-0.0094230298605536,0.002925218,-0.028405617877726497,-0.0112805293343482
XGB,AUDUSD,3,2024-07-01,2025-07-01,2024-11-07,3727,-0.4205277813123457,-0.010166341536712198,-0.0030494004,-0.0158996761075465,0.01658378854666598
XGB,AUDUSD,3,2024-07-01,2025-07-01,2024-11-08,3728,-0.4039439927656797,-0.011259919448990297,0.001613977,-0.025931363974597388,-0.013910737843544685
XGB,AUDUSD,3,2024-07-01,2025-07-01,2024-11-11,3729,-0.4178547306092244,-0.010667357069455763,-0.0025275901,-0.006563578067283693,-0.001059573070121389
XGB,AUDUSD,3,2024-07-01,2025-07-01,2024-11-12,3730,-0.4189143036793458,-0.010481329726229671,-0.005331615,-0.009717128431450617,-0.007355497889935392
XGB,AUDUSD,3,2024-07-01,2025-07-01,2024-11-13,3731,-0.4262698015692812,-0.009719816007909166,-0.008567447,-0.0029313951151112017,-0.005635999314119233
XGB,AUDUSD,3,2024-07-01,2025-07-01,2024-11-14,3732,-0.4319058008834004,-0.007743318526705123,-0.01113717,0.007239530270922723,-0.005747068972323577
XGB,AUDUSD,3,2024-07-01,2025-07-01,2024-11-15,3733,-0.437652869855724,-0.006843938014441886,-0.011884037,0.001284891611290917,0.0012254124358317964
XGB,AUDUSD,3,2024-07-01,2025-07-01,2024-11-18,3734,-0.4364274574198922,-0.005747202636308846,-0.008821586,0.0018178181354154832,0.006552100679615092
XGB,AUDUSD,3,2024-07-01,2025-07-01,2024-11-19,3735,-0.4298753567402771,-0.004928419866171541,-0.0063318443,-0.0013354655213265176,0.00545704806376901
XGB,AUDUSD,3,2024-07-01,2025-07-01,2024-11-20,3736,-0.4244183086765081,-0.004539618581848093,-0.003193459,-0.0052267512849549225,-0.004213123434288313
XGB,AUDUSD,3,2024-07-01,2025-07-01,2024-11-21,3737,-0.4286314321107964,-0.003772484347900895,-0.0032562139,-0.001779931810458879,-0.0005697645735959767
XGB,AUDUSD,3,2024-07-01,2025-07-01,2024-11-22,3738,-0.4292011966843924,-0.003700194426699277,-0.0035817178,-0.005388927971246016,0.004534926071914691
XGB,AUDUSD,3,2024-07-01,2025-07-01,2024-11-25,3739,-0.4246662706124777,-0.0040295087445617606,0.00036990645,-0.008349211491322506,-0.011701707631955383
XGB,AUDUSD,3,2024-07-01,2025-07-01,2024-11-26,3740,-0.4363679782444331,-0.0039997800728667765,-0.006198613,-0.004785948638997006,0.0017583389599563626
XGB,AUDUSD,3,2024-07-01,2025-07-01,2024-11-27,3741,-0.4346096392844767,-0.003775490299217532,-0.0052393912,-0.003911062348385064,0.0033988170228730907
XGB,AUDUSD,3,2024-07-01,2025-07-01,2024-11-28,3742,-0.4312108222616036,-0.005130517243080279,-0.0016174429,-0.015089061919513591,0.0015657623001406051
XGB,AUDUSD,3,2024-07-01,2025-07-01,2024-11-29,3743,-0.429645059961463,-0.005861045486838745,-0.0010214618,-0.010736696901173293,-0.0007663039597922694
XGB,AUDUSD,3,2024-07-01,2025-07-01,2024-12-02,3744,-0.4304113639212553,-0.007671063350830232,0.00063826505,-0.01963249980741083,-0.0041787607343831135
XGB,AUDUSD,3,2024-07-01,2025-07-01,2024-12-03,3745,-0.4345901246556384,-0.008632755900539857,-0.0048550386,-0.014215391745292405,0.0015746425518382012
XGB,AUDUSD,3,2024-07-01,2025-07-01,2024-12-04,3746,-0.4330154821038002,-0.010045785488009162,-0.0026967344,-0.017185258052840324,-0.008138444779629883
XGB,AUDUSD,3,2024-07-01,2025-07-01,2024-12-05,3747,-0.4411539268834301,-0.010276724281104266,-0.0055942726,-0.01028464393006523,0.002633225250568305
XGB,AUDUSD,3,2024-07-01,2025-07-01,2024-12-06,3748,-0.4385207016328618,-0.0106312213162702,-0.0038106905,-0.011460624064083935,-0.007779182548255437
XGB,AUDUSD,3,2024-07-01,2025-07-01,2024-12-09,3749,-0.4462998841811172,-0.010703203917314885,-0.0067928815,-0.009224441263945171,0.0059181273184809036
XGB,AUDUSD,3,2024-07-01,2025-07-01,2024-12-10,3750,-0.4403817568626363,-0.012727802493044671,-0.0002694502,-0.036654619995743376,-0.009662106866029807
XGB,AUDUSD,3,2024-07-01,2025-07-01,2024-12-11,3751,-0.4500438637286661,-0.013472790607414908,-0.0057130223,-0.02252337820306849,0.0012383473277353119
XGB,AUDUSD,3,2024-07-01,2025-07-01,2024-12-12,3752,-0.4488055164009308,-0.01425973448116341,-0.0022986603,-0.020735497089655774,-0.001395223755709718
XGB,AUDUSD,3,2024-07-01,2025-07-01,2024-12-13,3753,-0.4502007401566405,-0.015085735846731896,0.0005028752,-0.020615081773853572,-0.001237830656854788
XGB,AUDUSD,3,2024-07-01,2025-07-01,2024-12-16,3754,-0.4514385708134953,-0.015913969748113765,0.0010023986,-0.020313526725222464,0.0014572451165495992
XGB,AUDUSD,3,2024-07-01,2025-07-01,2024-12-17,3755,-0.4499813256969457,-0.016919511992582514,0.0008951707,-0.020890714871568905,-0.005542999748116673
XGB,AUDUSD,3,2024-07-01,2025-07-01,2024-12-18,3756,-0.4555243254450624,-0.017495792299009993,0.0015308273,-0.018807466306660803,-0.0215120514133173
XGB,AUDUSD,3,2024-07-01,2025-07-01,2024-12-19,3757,-0.4770363768583797,-0.016839003116890683,-0.005934084,0.0030407202395910105,0.00446913492664508
XGB,AUDUSD,3,2024-07-01,2025-07-01,2024-12-20,3758,-0.4725672419317346,-0.01624854784378288,-0.0020861682,-0.0022479780424695117,0.0030262284411480267
XGB,AUDUSD,3,2024-07-01,2025-07-01,2024-12-23,3759,-0.4695410134905866,-0.016237253049812606,0.0017752453,-0.009430433445550113,-0.0012748084399075155
XGB,AUDUSD,3,2024-07-01,2025-07-01,2024-12-24,3760,-0.4708158219304941,-0.0156324655793314,0.0016255558,-0.007090868305224485,-0.0009362756082236801
XGB,AUDUSD,3,2024-07-01,2025-07-01,2024-12-25,3761,-0.4717520975387178,-0.01417621727853663,0.0027048117,-0.0030462569541814255,0.000880056970203158
XGB,AUDUSD,3,2024-07-01,2025-07-01,2024-12-26,3762,-0.4708720405685146,-0.012226451127597238,0.003952585,-0.0008769043424664003,-0.0034597511832085703
XGB,AUDUSD,3,2024-07-01,2025-07-01,2024-12-27,3763,-0.4743317917517232,-0.009960620629755279,0.0009971743,0.0019123554044787605,0.0003361351329345119
XGB,AUDUSD,3,2024-07-01,2025-07-01,2024-12-30,3764,-0.4739956566187887,-0.008554916162379966,0.0025153023,-0.0021702040793501465,-0.0008195633554154425
XGB,AUDUSD,3,2024-07-01,2025-07-01,2024-12-31,3765,-0.4748152199742041,-0.00774875726604507,0.0024430759,-0.00488309748820609,-0.004156226961932574
XGB,AUDUSD,3,2024-07-01,2025-07-01,2025-01-02,3766,-0.4789714469361367,-0.007310152408878112,-0.00045780707,-0.006351738151926023,0.0010647567004181124
XGB,AUDUSD,3,2024-07-01,2025-07-01,2025-01-03,3767,-0.4779066902357186,-0.006166326554092383,0.0026232796,-0.0014041089681678387,0.003108335742819379
XGB,AUDUSD,3,2024-07-01,2025-07-01,2025-01-06,3768,-0.4747983544928992,-0.005648409652905584,0.008500833,-0.004592343018773981,0.0030494095819181832
XGB,AUDUSD,3,2024-07-01,2025-07-01,2025-01-07,3769,-0.471748944910981,-0.004844397076619655,0.009604858,-0.0005932511549976982,-0.0006704914362634096
XGB,AUDUSD,3,2024-07-01,2025-07-01,2025-01-08,3770,-0.4724194363472444,-0.004620558319909596,0.008739633,-0.003956304163083901,-0.003746424350894395
XGB,AUDUSD,3,2024-07-01,2025-07-01,2025-01-09,3771,-0.4761658606981388,-0.00405441164247039,0.0060988558,-0.00261161239653257,-0.0035324567642713856
XGB,AUDUSD,3,2024-07-01,2025-07-01,2025-01-10,3772,-0.4796983174624102,-0.002011471768926243,0.0033796509,0.014642487763513734,-0.005624867625652508
XGB,AUDUSD,3,2024-07-01,2025-07-01,2025-01-13,3773,-0.4853231850880627,0.0007057623317483497,0.0029138275,0.017240127051186438,0.006012385884176297
XGB,AUDUSD,3,2024-07-01,2025-07-01,2025-01-14,3774,-0.4793107992038864,0.0026935032919306323,0.006467989,0.013299567378045218,-7.989830778676321e-05
XGB,AUDUSD,3,2024-07-01,2025-07-01,2025-01-15,3775,-0.4793906975116732,0.004842534282428257,0.0048801317,0.01469493610155359,0.007048501445694466
XGB,AUDUSD,3,2024-07-01,2025-07-01,2025-01-16,3776,-0.4723421960659787,0.006290553605488192,0.010448708,0.009180702702759225,-0.004033544444349613
XGB,AUDUSD,3,2024-07-01,2025-07-01,2025-01-17,3777,-0.4763757405103283,0.00744325457425471,0.0076317578,0.008577624109454618,-0.0024017325843430637
XGB,AUDUSD,3,2024-07-01,2025-07-01,2025-01-20,3778,-0.4787774730946714,0.008597382651756746,0.00954796,0.009505330550272195,0.013721643395774918
XGB,AUDUSD,3,2024-07-01,2025-07-01,2025-01-21,3779,-0.4650558296988965,0.008288636195812105,0.016412176,-0.006583925784894307,-0.0030272283379798037
XGB,AUDUSD,3,2024-07-01,2025-07-01,2025-01-22,3780,-0.4680830580368763,0.007312112130933746,0.014969192,-0.007535997729502031,0.002071826211035077
XGB,AUDUSD,3,2024-07-01,2025-07-01,2025-01-23,3781,-0.4660112318258412,0.004574655574504427,0.016535224,-0.02106454300108801,0.001315470415721609
XGB,AUDUSD,3,2024-07-01,2025-07-01,2025-01-24,3782,-0.4646957614101196,0.002889976996086563,0.016659359,-0.01053792856682223,0.0015342680469001002
XGB,AUDUSD,3,2024-07-01,2025-07-01,2025-01-27,3783,-0.4631614933632195,0.00143205898048554,0.016756287,-0.006667151956035788,-0.0046366230376542195
XGB,AUDUSD,3,2024-07-01,2025-07-01,2025-01-28,3784,-0.4677981164008737,0.001402600528915332,0.011766207,0.003454233227443926,-0.0014740261435254864
XGB,AUDUSD,3,2024-07-01,2025-07-01,2025-01-29,3785,-0.4692721425443992,0.0016308316283291102,0.011186942,0.004343845928839074,-0.0023676129393915835
XGB,AUDUSD,3,2024-07-01,2025-07-01,2025-01-30,3786,-0.4716397554837908,0.0018272714964324144,0.010597037,0.0030589492994803624,-0.003979300282587528
XGB,AUDUSD,3,2024-07-01,2025-07-01,2025-01-31,3787,-0.4756190557663783,0.0030182991891741784,0.005437749,0.009014926548668423,-0.011456719060550902
XGB,AUDUSD,3,2024-07-01,2025-07-01,2025-02-03,3788,-0.4870757748269292,0.006053997807850542,0.00075441913,0.024770441968220924,0.011842084849987389
XGB,AUDUSD,3,2024-07-01,2025-07-01,2025-02-04,3789,-0.4752336899769418,0.007209469920661904,0.0064181797,0.010493911363298247,0.005405044657686542
XGB,AUDUSD,3,2024-07-01,2025-07-01,2025-02-05,3790,-0.4698286453192553,0.008478395341714517,0.010994741,0.010475287705620173,0.005484762145825495
XGB,AUDUSD,3,2024-07-01,2025-07-01,2025-02-06,3791,-0.4643438831734298,0.009788700668039718,0.012551528,0.011238450351384377,-0.0005844134421303382
XGB,AUDUSD,3,2024-07-01,2025-07-01,2025-02-07,3792,-0.4649282966155601,0.010952472789628742,0.012855668,0.011759379871828013,-0.003652509568750295
XGB,AUDUSD,3,2024-07-01,2025-07-01,2025-02-10,3793,-0.4685808061843104,0.012331928800190572,0.0110341925,0.014941589077505535,0.0019766769666005324
XGB,AUDUSD,3,2024-07-01,2025-07-01,2025-02-11,3794,-0.4666041292177099,0.012884898460251981,0.014264039,0.011098884885471783,0.0042987963590016
XGB,AUDUSD,3,2024-07-01,2025-07-01,2025-02-12,3795,-0.4623053328587083,0.013833148324300715,0.016294695,0.016658473413695585,-0.0024344457549352883
XGB,AUDUSD,3,2024-07-01,2025-07-01,2025-02-13,3796,-0.4647397786136436,0.01431459406843899,0.012185496,0.013804346107813281,0.005386421000008468
XGB,AUDUSD,3,2024-07-01,2025-07-01,2025-02-14,3797,-0.4593533576136351,0.01325994009438658,0.015554055,0.003347277942095994,0.0062479247915896985
XGB,AUDUSD,3,2024-07-01,2025-07-01,2025-02-17,3798,-0.4531054328220454,0.011733018377155069,0.016818726,-0.0005718757271180874,-6.348392168670225e-05
XGB,AUDUSD,3,2024-07-01,2025-07-01,2025-02-18,3799,-0.4531689167437321,0.009275248971577665,0.016235683,-0.007156791910835403,-0.0004703003630727731
XGB,AUDUSD,3,2024-07-01,2025-07-01,2025-02-19,3800,-0.4536392171068049,0.006049118410500376,0.016044855,-0.019216624177211428,-0.00186602722543322
XGB,AUDUSD,3,2024-07-01,2025-07-01,2025-02-20,3801,-0.4555052443322381,0.002894582425662817,0.014907689,-0.019199780196337612,0.009858384887225402
XGB,AUDUSD,3,2024-07-01,2025-07-01,2025-02-21,3802,-0.4456468594450127,-0.0015491783200040632,0.020653944,-0.029841774751677985,-0.005288573060817592
XGB,AUDUSD,3,2024-07-01,2025-07-01,2025-02-24,3803,-0.4509354325058303,-0.0037878086690398827,0.015494473,-0.015875628430901623,-0.005070647165708819
XGB,AUDUSD,3,2024-07-01,2025-07-01,2025-02-25,3804,-0.4560060796715391,-0.003942976566779166,0.011581977,0.0,0.002328771122375617
XGB,AUDUSD,3,2024-07-01,2025-07-01,2025-02-26,3805,-0.4536773085491635,-0.004416251806417748,0.012945963,-0.003247417284780618,-0.006648400105404018
XGB,AUDUSD,3,2024-07-01,2025-07-01,2025-02-27,3806,-0.4603257086545675,-0.0044386119724789674,0.00895541,-0.0010911968757545965,-0.012530132629448798
XGB,AUDUSD,3,2024-07-01,2025-07-01,2025-02-28,3807,-0.4728558412840163,-0.003996615948279714,0.0065458175,0.007563311108914894,-0.0018491832445594047
XGB,AUDUSD,3,2024-07-01,2025-07-01,2025-03-03,3808,-0.4747050245285757,-0.002765872537074221,0.003702143,0.011921097123260227,-0.0007836096681149707
XGB,AUDUSD,3,2024-07-01,2025-07-01,2025-03-04,3809,-0.4754886341966907,-0.0004665922172278347,0.003620573,0.017823315493984082,0.00867757325995877
XGB,AUDUSD,3,2024-07-01,2025-07-01,2025-03-05,3810,-0.4668110609367319,-0.0003820282729766755,0.008279614,0.0027752303834767122,0.010804981265192803
XGB,AUDUSD,3,2024-07-01,2025-07-01,2025-03-06,3811,-0.4560060796715391,-0.0006435842774104028,0.014623251,-0.0018806288078019873,-0.0009186461624050013
XGB,AUDUSD,3,2024-07-01,2025-07-01,2025-03-07,3812,-0.4569247258339441,0.00025721893068963997,0.010941831,0.00781917593962922,-0.004492179696377996
XGB,AUDUSD,3,2024-07-01,2025-07-01,2025-03-10,3813,-0.4614169055303221,0.001294894495560639,0.007085069,0.009049165989006513,-0.0038756246447793075
XGB,AUDUSD,3,2024-07-01,2025-07-01,2025-03-11,3814,-0.4652925301751014,0.0029167813667378417,0.0054509463,0.013382880094019833,0.002508602769785928
XGB,AUDUSD,3,2024-07-01,2025-07-01,2025-03-12,3815,-0.4627839274053155,0.0028771796888197865,0.008893541,0.0013670218749933793,0.0051186087026088845
XGB,AUDUSD,3,2024-07-01,2025-07-01,2025-03-13,3816,-0.4576653187027066,0.001711971038535931,0.012509109,-0.006225952310654093,-0.006370511850548599
XGB,AUDUSD,3,2024-07-01,2025-07-01,2025-03-14,3817,-0.4640358305532552,0.0013794168745668856,0.011574013,-0.00023892452222568084,0.006149122073914104
XGB,AUDUSD,3,2024-07-01,2025-07-01,2025-03-17,3818,-0.4578867084793411,0.000753538266324072,0.012570124,-0.002721064441651322,0.008781158585026205
XGB,AUDUSD,3,2024-07-01,2025-07-01,2025-03-18,3819,-0.4491055498943149,-0.0014493022715609816,0.017111953,-0.014993135029508387,-0.0032621896470007017
XGB,AUDUSD,3,2024-07-01,2025-07-01,2025-03-19,3820,-0.4523677395413156,-0.0027779711976029797,0.0144427335,-0.009414676428398716,0.0004580894602340124
XGB,AUDUSD,3,2024-07-01,2025-07-01,2025-03-20,3821,-0.4519096500810816,-0.004604189262944536,0.014102134,-0.01284265102205212,-0.009507255449240526
XGB,AUDUSD,3,2024-07-01,2025-07-01,2025-03-21,3822,-0.4614169055303221,-0.005920929757757876,0.009422596,-0.009885899493267791,-0.0024743654830385875
XGB,AUDUSD,3,2024-07-01,2025-07-01,2025-03-24,3823,-0.4638912710133607,-0.005493042492182465,0.008459443,0.00020121104855869154,-0.0003834840621201874
XGB,AUDUSD,3,2024-07-01,2025-07-01,2025-03-25,3824,-0.4642747550754809,-0.005500767156782438,0.0071841707,-0.0033798743675211296,0.003666982154488463
XGB,AUDUSD,3,2024-07-01,2025-07-01,2025-03-26,3825,-0.4606077729209924,-0.0047940447166177624,0.010042992,0.0022971782509122463,-0.0034909120028308593
XGB,AUDUSD,3,2024-07-01,2025-07-01,2025-03-27,3826,-0.4640986849238233,-0.004868053847924603,0.0084183905,-0.048778806480922865,0.0023162689541089687
XGB,AUDUSD,3,2024-07-01,2025-07-01,2025-03-28,3827,-0.4617824159697143,-0.005553429174270763,0.009874028,-0.04944110821559561,-0.002969885133419392
XGB,AUDUSD,3,2024-07-01,2025-07-01,2025-03-30,3828,-0.4647523011031337,-0.0061672219535436335,0.009556183,-0.05355325874186889,-0.0065505039204561966
XGB,AUDUSD,3,2024-07-01,2025-07-01,2025-03-31,3829,-0.4713028050235899,-0.005280133246555296,0.0056833397,-0.0174980252744803,0.007612745058787895
XGB,AUDUSD,3,2024-07-01,2025-07-01,2025-04-01,3830,-0.463690059964802,-0.005481324259880571,0.010037385,-0.010579476015096678,-0.0039645694782000085
XGB,AUDUSD,3,2024-07-01,2025-07-01,2025-04-02,3831,-0.467654629443002,-0.004816334976514125,0.0057705473,0.005828135141734303,0.009344034772921839
XGB,AUDUSD,3,2024-07-01,2025-07-01,2025-04-03,3832,-0.4583105946700802,-0.005294568926045573,0.012516485,-0.0005688250380945226,-0.05456689673466597
XGB,AUDUSD,3,2024-07-01,2025-07-01,2025-04-06,3833,-0.5128774914047461,-0.0042449794534933916,0.002667038,0.05683962509265916,0.0016539672194362254
XGB,AUDUSD,3,2024-07-01,2025-07-01,2025-04-07,3834,-0.5112235241853099,-0.002616007927236541,0.0046089543,0.060708583215483836,-0.007082035659692676
XGB,AUDUSD,3,2024-07-01,2025-07-01,2025-04-08,3835,-0.5183055598450026,-1.1512217069131747e-05,0.0054615038,0.07544828837359441,0.029504729546932396
XGB,AUDUSD,3,2024-07-01,2025-07-01,2025-04-09,3836,-0.4888008302980702,0.0016748671639310042,0.010912957,0.038788189334204914,0.014531294318171517
XGB,AUDUSD,3,2024-07-01,2025-07-01,2025-04-10,3837,-0.4742695359798987,0.0031191339734496504,0.018489122,0.022544467544480584,0.012443041678630973
XGB,AUDUSD,3,2024-07-01,2025-07-01,2025-04-13,3838,-0.4618264943012677,0.004818268978661222,0.019693008,0.016083486187442098,0.002947074593093013
XGB,AUDUSD,3,2024-07-01,2025-07-01,2025-04-14,3839,-0.4588794197081747,0.0062054568983245795,0.019300986,0.010099392200320079,0.002841553396087715
XGB,AUDUSD,3,2024-07-01,2025-07-01,2025-04-15,3840,-0.456037866312087,0.008103314309425014,0.02102549,0.014240796710419001,0.005522925342260898
XGB,AUDUSD,3,2024-07-01,2025-07-01,2025-04-16,3841,-0.4505149409698261,0.008943717468293366,0.021185154,0.002181937170399384,0.007657669498417896
XGB,AUDUSD,3,2024-07-01,2025-07-01,2025-04-21,3842,-0.4428572714714082,0.009656917731951653,0.024705376,-0.0013861070366698036,-0.007155369492457098
XGB,AUDUSD,3,2024-07-01,2025-07-01,2025-04-22,3843,-0.4500126409638653,0.010092770431583797,0.019895867,0.0016605057680947888,-0.0017124274715528132
XGB,AUDUSD,3,2024-07-01,2025-07-01,2025-04-23,3844,-0.4517250684354181,0.011484300739166453,0.019297801,0.012535081764398881,0.005982060321592486
XGB,AUDUSD,3,2024-07-01,2025-07-01,2025-04-24,3845,-0.4457430081138256,0.012515694250802845,0.021174997,0.009005371715964106,-0.0030370193940290058
XGB,AUDUSD,3,2024-07-01,2025-07-01,2025-04-27,3846,-0.4487800275078546,0.014390399422460898,0.017386554,0.019025596930209998,0.006982957906186638
XGB,AUDUSD,3,2024-07-01,2025-07-01,2025-04-28,3847,-0.441797069601668,0.013775591000837362,0.021004297,0.0009326489888581979,-0.006535934197758719
XGB,AUDUSD,3,2024-07-01,2025-07-01,2025-04-29,3848,-0.4483330037994267,0.012888613825760509,0.016816,0.0008882269385191988,0.0040896252913487086
XGB,AUDUSD,3,2024-07-01,2025-07-01,2025-04-30,3849,-0.444243378508078,0.012037182039806194,0.018137472,0.001219214659588408,-0.004108756687692505
XGB,AUDUSD,3,2024-07-01,2025-07-01,2025-05-01,3850,-0.4483521351957705,0.010621436819982344,0.013786609,-0.0023539929083050137,0.009162148524751279
XGB,AUDUSD,3,2024-07-01,2025-07-01,2025-05-04,3851,-0.4391899866710192,0.010015234457733113,0.019013077,0.004185462544109619,0.0024523502731577107
XGB,AUDUSD,3,2024-07-01,2025-07-01,2025-05-05,3852,-0.4367376363978615,0.008329231832876982,0.019582111,-0.005059433203806474,0.006983205820216887
XGB,AUDUSD,3,2024-07-01,2025-07-01,2025-05-06,3853,-0.4297544305776446,0.005441985148654238,0.023660148,-0.01562990538613157,-0.011109990035165163
XGB,AUDUSD,3,2024-07-01,2025-07-01,2025-05-07,3854,-0.4408644206128098,0.004319866157749097,0.015193908,-0.003861164889845392,-0.0065803562480977185
XGB,AUDUSD,3,2024-07-01,2025-07-01,2025-05-08,3855,-0.4474447768609075,0.004985726481168518,0.009447115,0.009841672495706888,0.004420613012417918
XGB,AUDUSD,3,2024-07-01,2025-07-01,2025-05-11,3856,-0.4430241638484896,0.004441851717090051,0.012197566,0.0007913313997018889,-0.007681964255585927
XGB,AUDUSD,3,2024-07-01,2025-07-01,2025-05-12,3857,-0.4507061281040755,0.0050632446090706495,0.008127499,0.009577866442108285,0.015701603977165912
XGB,AUDUSD,3,2024-07-01,2025-07-01,2025-05-13,3858,-0.4350045241269096,0.003285027481966074,0.013715077,-0.0097517475378604,-0.0067925454747583824
XGB,AUDUSD,3,2024-07-01,2025-07-01,2025-05-14,3859,-0.441797069601668,0.004122203822689741,0.011274493,0.011197132196998305,-0.00358726636210821
XGB,AUDUSD,3,2024-07-01,2025-07-01,2025-05-15,3860,-0.4453843359637762,0.005000762828081595,0.0075161546,0.011675286549205799,0.000658750461121016
XGB,AUDUSD,3,2024-07-01,2025-07-01,2025-05-18,3861,-0.4447255855026552,0.005107710173474056,0.010077137,0.005774152333105298,0.007122481137454562
XGB,AUDUSD,3,2024-07-01,2025-07-01,2025-05-19,3862,-0.4376031043652006,0.0038278521916089714,0.011615139,-0.004753100426855172,-0.004629728083587081
XGB,AUDUSD,3,2024-07-01,2025-07-01,2025-05-20,3863,-0.4422328324487877,0.003661184700844533,0.008096787,0.0031072978186988953,0.001104570786820469
XGB,AUDUSD,3,2024-07-01,2025-07-01,2025-05-21,3864,-0.4411282616619672,0.0032849242259883615,0.009954318,0.0015709947790742973,-0.003628010002802773
XGB,AUDUSD,3,2024-07-01,2025-07-01,2025-05-22,3865,-0.44475627166477,0.0046844204260163,0.010550186,0.013727350701528696,0.014156334260100323
XGB,AUDUSD,3,2024-07-01,2025-07-01,2025-05-25,3866,-0.4305999374046697,0.003490844693131767,0.01582876,-0.0054138211082704335,-0.0031091120099007163
XGB,AUDUSD,3,2024-07-01,2025-07-01,2025-05-26,3867,-0.4337090494145704,0.0032328017649880247,0.015131878,0.001491622366190215,-0.005242383754979485
XGB,AUDUSD,3,2024-07-01,2025-07-01,2025-05-27,3868,-0.4389514331695499,0.004097689469215515,0.012063603,0.009782829365026002,-0.003404771622505909
XGB,AUDUSD,3,2024-07-01,2025-07-01,2025-05-28,3869,-0.4423562047920558,0.005116013745439962,0.0087940255,0.01160681345784037,0.0032306701619669864
XGB,AUDUSD,3,2024-07-01,2025-07-01,2025-05-29,3870,-0.4391255346300888,0.006061266979944524,0.012581473,0.011123623678664707,-0.00043173225280412897
XGB,AUDUSD,3,2024-07-01,2025-07-01,2025-06-01,3871,-0.4395572668828929,0.007229512781945946,0.00972703,0.012950561250566817,0.008528345919651625
XGB,AUDUSD,3,2024-07-01,2025-07-01,2025-06-02,3872,-0.4310289209632413,0.006580797648241488,0.015975611,0.0017066818710083087,-0.004984837549698806
XGB,AUDUSD,3,2024-07-01,2025-07-01,2025-06-03,3873,-0.4360137585129401,0.007138254214518969,0.01114528,0.00952913665260452,0.003796331464559932
XGB,AUDUSD,3,2024-07-01,2025-07-01,2025-06-04,3874,-0.4322174270483802,0.006329411201854318,0.0150413215,0.0014341991777354623,0.0030488232438563023
XGB,AUDUSD,3,2024-07-01,2025-07-01,2025-06-05,3875,-0.4291686038045239,0.00539587645156836,0.014902387,7.680879333549218e-05,-0.0015807875296915408
XGB,AUDUSD,3,2024-07-01,2025-07-01,2025-06-08,3876,-0.4307493913342154,0.003972214865039125,0.014377254,-0.00314637089782166,0.002747480382791323
XGB,AUDUSD,3,2024-07-01,2025-07-01,2025-06-09,3877,-0.4280019109514241,0.0029799329437740774,0.013551443,-0.0016418666784522862,0.0013952053190979807
XGB,AUDUSD,3,2024-07-01,2025-07-01,2025-06-10,3878,-0.4266067056323261,0.0013496946022986678,0.013460238,-0.005902786934854687,-0.0027155334599068826
XGB,AUDUSD,3,2024-07-01,2025-07-01,2025-06-11,3879,-0.429322239092233,-0.0005487232546091958,0.00975467,-0.00969372735519991,0.0028376172318974047
XGB,AUDUSD,3,2024-07-01,2025-07-01,2025-06-12,3880,-0.4264846218603356,-0.0019823217722526043,0.010617486,-0.007719522791526823,-0.004298606010309125
XGB,AUDUSD,3,2024-07-01,2025-07-01,2025-06-15,3881,-0.4307832278706447,-0.002087987463124219,0.007351937,-0.0006154011457922826,0.0016914328594563321
XGB,AUDUSD,3,2024-07-01,2025-07-01,2025-06-16,3882,-0.4290917950111884,-0.0017678745182920785,0.007759227,0.0018586391851423967,-0.004803967220848693
XGB,AUDUSD,3,2024-07-01,2025-07-01,2025-06-17,3883,-0.4338957622320371,-6.659714068890654e-05,0.005658311,0.01021095512097675,0.004251984602160697
XGB,AUDUSD,3,2024-07-01,2025-07-01,2025-06-18,3884,-0.4296437776298764,0.00043312226849467894,0.009148808,0.003957856825335282,-0.00286571493730442
XGB,AUDUSD,3,2024-07-01,2025-07-01,2025-06-19,3885,-0.4325094925671808,0.0024029584973108142,0.0068010637,0.01366758968235432,-0.006506473880252106
XGB,AUDUSD,3,2024-07-01,2025-07-01,2025-06-22,3886,-0.4390159664474329,0.005324832458719619,0.005595601,0.020937441461574724,0.004811821795570492
XGB,AUDUSD,3,2024-07-01,2025-07-01,2025-06-23,3887,-0.4342041446518624,0.007263874727878761,0.0048803757,0.016094653878398313,0.002805515635425415
XGB,AUDUSD,4,2025-07-01,2026-07-01,2025-07-01,3893,-0.4180785249858582,0.002788292731032871,0.0088047655,0.0016536462072193059,-3.096578760591884e-05
XGB,AUDUSD,4,2025-07-01,2026-07-01,2025-07-02,3894,-0.4181094907734641,0.0020159203299182082,0.0070501757,-0.0007324121113623794,-0.0008514820286515956
XGB,AUDUSD,4,2025-07-01,2026-07-01,2025-07-03,3895,-0.4189609728021157,0.0007574189987227808,0.0054571694,-0.004966058944884222,-0.003885516274669709
XGB,AUDUSD,4,2025-07-01,2026-07-01,2025-07-06,3896,-0.4228464890767854,-0.00023243376932791104,0.0030223266,-0.005019178417428494,-0.006999001205949096
XGB,AUDUSD,4,2025-07-01,2026-07-01,2025-07-07,3897,-0.4298454902827345,-6.590488225960422e-05,0.0010054845,0.00290140165238878,0.0028275896555307045
XGB,AUDUSD,4,2025-07-01,2026-07-01,2025-07-08,3898,-0.4270179006272038,-0.0009488808632815982,0.0008898842,-0.004043490456421106,0.0017436307443033927
XGB,AUDUSD,4,2025-07-01,2026-07-01,2025-07-09,3899,-0.4252742698829004,-0.0016774265604885263,0.0034300578,-0.003646900719429913,0.008849391104261528
XGB,AUDUSD,4,2025-07-01,2026-07-01,2025-07-10,3900,-0.4164248787786389,-0.0032077635954071426,0.006844762,-0.010044768985513208,-0.002417024106187604
XGB,AUDUSD,4,2025-07-01,2026-07-01,2025-07-13,3901,-0.4188419028848265,-0.003580362871280829,0.004909781,-0.003559001072168111,-0.005085128862173438
XGB,AUDUSD,4,2025-07-01,2026-07-01,2025-07-14,3902,-0.4239270317469999,-0.0021390357476080424,0.0005717602,0.009017334265463639,-0.003938635747213981
XGB,AUDUSD,4,2025-07-01,2026-07-01,2025-07-15,3903,-0.4278656674942139,-0.00022700008621806544,0.00022860257,0.011922282613890278,0.0009215788638681777
XGB,AUDUSD,4,2025-07-01,2026-07-01,2025-07-16,3904,-0.4269440886303457,0.000907763745318646,0.00045125058,0.007326345474758744,-0.004117302453279181
XGB,AUDUSD,4,2025-07-01,2026-07-01,2025-07-17,3905,-0.4310613910836249,0.0015612652044029174,-0.0019137398,0.003965287644697779,0.0021402204812945858
XGB,AUDUSD,4,2025-07-01,2026-07-01,2025-07-20,3906,-0.4289211706023303,0.001511683824394039,0.0016549138,0.00016931411441983846,0.002451522838178233
XGB,AUDUSD,4,2025-07-01,2026-07-01,2025-07-21,3907,-0.4264696477641521,0.00012660210067810818,0.0014592618,-0.012481785405397794,0.004068743807157493
XGB,AUDUSD,4,2025-07-01,2026-07-01,2025-07-22,3908,-0.4224009039569946,-0.002491228286967462,0.005979403,-0.019351199867099322,0.007491206475458312
XGB,AUDUSD,4,2025-07-01,2026-07-01,2025-07-23,3909,-0.4149096974815363,-0.0051803621494032615,0.0071388814,-0.020638382038745517,-0.0010336873987873418
XGB,AUDUSD,4,2025-07-01,2026-07-01,2025-07-24,3910,-0.4159433848803236,-0.007603943416299663,0.0048700282,-0.018724524406464105,-0.0036743582752633563
XGB,AUDUSD,4,2025-07-01,2026-07-01,2025-07-27,3911,-0.419617743155587,-0.00933922953441968,0.0030020387,-0.015328491351734308,-0.007478360283340146
XGB,AUDUSD,4,2025-07-01,2026-07-01,2025-07-28,3912,-0.4270961034389271,-0.009173961409667586,-0.00023009826,-0.003653287895288293,-0.001655753048983355
XGB,AUDUSD,4,2025-07-01,2026-07-01,2025-07-29,3913,-0.4287518564879105,-0.008006692441223373,-0.0025885717,0.0019167402150027657,-0.0101995766816394
XGB,AUDUSD,4,2025-07-01,2026-07-01,2025-07-30,3914,-0.4389514331695499,-0.0061511053856374565,-0.0027360583,0.010890264237759462,-0.002800670654544035
XGB,AUDUSD,4,2025-07-01,2026-07-01,2025-07-31,3915,-0.4417521038240939,-0.003870626069204297,-0.004197947,0.013182616902987387,0.006204024303812117
XGB,AUDUSD,4,2025-07-01,2026-07-01,2025-08-03,3916,-0.4355480795202818,-0.0020445002693522674,-0.0012895052,0.009339620621584,0.0008801702334940709
XGB,AUDUSD,4,2025-07-01,2026-07-01,2025-08-04,3917,-0.4346679092867877,0.0002534076222860393,1.286939e-05,0.011808319786430932,-0.00027832522053355957
XGB,AUDUSD,4,2025-07-01,2026-07-01,2025-08-05,3918,-0.4349462345073213,0.001009416686305109,-0.0021495768,0.00378091360604188,0.004196843173105869
XGB,AUDUSD,4,2025-07-01,2026-07-01,2025-08-06,3919,-0.4307493913342154,0.0013746774534282302,0.00073998043,0.0019584578629497362,0.003914275061307704
XGB,AUDUSD,4,2025-07-01,2026-07-01,2025-08-07,3920,-0.4268351162729077,0.0006197037217250956,0.0031395012,-0.004747959174889904,-0.0012260526588827036
XGB,AUDUSD,4,2025-07-01,2026-07-01,2025-08-10,3921,-0.4280611689317904,-0.0008084738151245552,0.004188572,-0.009731131349946687,-0.0005083179893161094
XGB,AUDUSD,4,2025-07-01,2026-07-01,2025-08-11,3922,-0.4285694869211065,-0.0025711361747493555,0.002425408,-0.012092838514190074,0.0023610280224087288
XGB,AUDUSD,4,2025-07-01,2026-07-01,2025-08-12,3923,-0.4262084588986978,-0.004989459792229423,0.0046575875,-0.01610275496737079,0.0033488693983410034
XGB,AUDUSD,4,2025-07-01,2026-07-01,2025-08-13,3924,-0.4228595895003568,-0.006305843372917619,0.005526,-0.010249271840950314,-0.008305731400922611
XGB,AUDUSD,4,2025-07-01,2026-07-01,2025-08-14,3925,-0.4311653209012794,-0.006065197390862309,0.00065325,-0.0025295655152083873,0.0023743874300137247
XGB,AUDUSD,4,2025-07-01,2026-07-01,2025-08-17,3926,-0.4287909334712657,-0.005790125458484396,-0.0005062009,-0.00263815897840991,-0.0027921419765319366
XGB,AUDUSD,4,2025-07-01,2026-07-01,2025-08-18,3927,-0.4315830754477976,-0.004642568479389209,0.00025487554,0.002552430299379793,-0.006209224833939486
XGB,AUDUSD,4,2025-07-01,2026-07-01,2025-08-19,3928,-0.4377923002817371,-0.002127522990008679,-0.0046931035,0.01198156460085259,-0.0028700251535594967
XGB,AUDUSD,4,2025-07-01,2026-07-01,2025-08-20,3929,-0.4406623254352966,0.0010523573941715325,-0.0028520192,0.016564517376568888,-0.0016488884307719887
XGB,AUDUSD,4,2025-07-01,2026-07-01,2025-08-21,3930,-0.4423112138660686,0.004700016533360163,-0.0041256296,0.020228982937290307,0.009202352524761481
XGB,AUDUSD,4,2025-07-01,2026-07-01,2025-08-24,3931,-0.4331088613413071,0.005336727976700817,0.0010393261,0.005137583925697298,-0.000586025075180685
XGB,AUDUSD,4,2025-07-01,2026-07-01,2025-08-25,3932,-0.4336948864164878,0.006581721390808204,1.29631935e-05,0.009719493778102495,0.002265793966812202
XGB,AUDUSD,4,2025-07-01,2026-07-01,2025-08-26,3933,-0.4314290924496756,0.006740592320193417,0.001109231,0.0040250516721924146,0.0023984473012577667
XGB,AUDUSD,4,2025-07-01,2026-07-01,2025-08-27,3934,-0.4290306451484178,0.007193307348466904,0.003372021,0.006597640960130602,0.0032199094675333106
XGB,AUDUSD,4,2025-07-01,2026-07-01,2025-08-28,3935,-0.4258107356808845,0.007860439893606963,0.005374533,0.01000593613899603,0.0017129276221568013
XGB,AUDUSD,4,2025-07-01,2026-07-01,2025-08-31,3936,-0.4240978080587277,0.007896229437868885,0.0060558254,0.006261543680560533,0.0020155771299494307
XGB,AUDUSD,4,2025-07-01,2026-07-01,2025-09-01,3937,-0.4220822309287783,0.008252341005532626,0.0051838653,0.009489230570791485,-0.005889046486831528
XGB,AUDUSD,4,2025-07-01,2026-07-01,2025-09-02,3938,-0.4279712774156098,0.010560195205335798,0.003711242,0.022706182491341098,0.003995884777224512
XGB,AUDUSD,4,2025-07-01,2026-07-01,2025-09-03,3939,-0.4239753926383853,0.011785809564512806,0.0057056793,0.015856505446041114,-0.0034286481390978785
XGB,AUDUSD,4,2025-07-01,2026-07-01,2025-09-04,3940,-0.4274040407774832,0.014049735992146872,0.0012321861,0.02288872851973406,0.004971036589195954
XGB,AUDUSD,4,2025-07-01,2026-07-01,2025-09-07,3941,-0.4224330041882872,0.015773985443279903,0.0040699495,0.020312138503591814,0.006628204646398739
XGB,AUDUSD,4,2025-07-01,2026-07-01,2025-09-08,3942,-0.4158047995418885,0.015519822915109116,0.0056056725,0.008212614629708404,-0.002031464836278696
XGB,AUDUSD,4,2025-07-01,2026-07-01,2025-09-09,3943,-0.4178362643781672,0.014619823764029816,0.003613909,0.005029560778602005,0.005243264020180383
XGB,AUDUSD,4,2025-07-01,2026-07-01,2025-09-10,3944,-0.4125930003579868,0.012325676938536256,0.006839829,-0.004543699389402023,0.007327905433718085
XGB,AUDUSD,4,2025-07-01,2026-07-01,2025-09-11,3945,-0.4052650949242687,0.00957189392667146,0.01205996,-0.009947726058583406,-0.0028537922680754724
XGB,AUDUSD,4,2025-07-01,2026-07-01,2025-09-14,3946,-0.4081188871923442,0.007029492423559769,0.00990028,-0.007730087728697599,0.0036035749345950663
XGB,AUDUSD,4,2025-07-01,2026-07-01,2025-09-15,3947,-0.4045153122577491,0.0037180610223231936,0.012451693,-0.012983731820687572,0.00239444657305371
XGB,AUDUSD,4,2025-07-01,2026-07-01,2025-09-16,3948,-0.4021208656846954,-0.0006191540538251217,0.013996669,-0.022937749617100822,-0.005471319227484672
XGB,AUDUSD,4,2025-07-01,2026-07-01,2025-09-17,3949,-0.4075921849121801,-0.0033821321929469184,0.00936751,-0.01491757301495672,-0.005214518687385095
XGB,AUDUSD,4,2025-07-01,2026-07-01,2025-09-18,3950,-0.4128067035995652,-0.004404804362302228,0.00676429,-0.005442960101158301,-0.004329996147823645
XGB,AUDUSD,4,2025-07-01,2026-07-01,2025-09-21,3951,-0.4171366997473888,-0.003932305885814336,0.0026947262,0.003241228994604828,0.0019238787645367017
XGB,AUDUSD,4,2025-07-01,2026-07-01,2025-09-22,3952,-0.4152128209828521,-0.0035474770667886513,0.0032292702,0.0020428161375674048,-0.0006361539381896653
XGB,AUDUSD,4,2025-07-01,2026-07-01,2025-09-23,3953,-0.4158489749210418,-0.0034303621544533036,0.00087973615,4.41753791532995e-05,-0.0016500691573949067
XGB,AUDUSD,4,2025-07-01,2026-07-01,2025-09-24,3954,-0.4174990440784367,-0.0030950151159155337,0.00089916436,0.0009377541116089017,-0.00755957122335954
XGB,AUDUSD,4,2025-07-01,2026-07-01,2025-09-25,3955,-0.4250586153017962,-0.0012468706456584822,-0.0013161689,0.012040054565568725,0.00254885737465943
XGB,AUDUSD,4,2025-07-01,2026-07-01,2025-09-28,3956,-0.4225097579271368,-0.0007057235321949462,-0.0010186792,0.004036302016228621,0.004260094226413325
XGB,AUDUSD,4,2025-07-01,2026-07-01,2025-09-29,3957,-0.4182496637007235,-0.0008171765816212262,0.0012682289,0.0003830746946971719,0.004354192947939484
XGB,AUDUSD,4,2025-07-01,2026-07-01,2025-09-30,3958,-0.413895470752784,-0.0022044708158511783,0.004334494,-0.0075021158289727,0.0007254659074992786
XGB,AUDUSD,4,2025-07-01,2026-07-01,2025-10-01,3959,-0.4131700048452847,-0.0043928773281532996,0.0019883884,-0.01785891611795659,-0.0026347946966037705
XGB,AUDUSD,4,2025-07-01,2026-07-01,2025-10-02,3960,-0.4158047995418885,-0.005882940050298047,0.0013445431,-0.013195180541217433,-0.0007564904249393045
XGB,AUDUSD,4,2025-07-01,2026-07-01,2025-10-05,3961,-0.4165612899668278,-0.00763085712014272,0.0003751091,-0.015560729128689887,0.0035427292306002833
XGB,AUDUSD,4,2025-07-01,2026-07-01,2025-10-06,3962,-0.4130185607362275,-0.009598670614472282,0.001848993,-0.016534083967053415,-0.005454895174680674
XGB,AUDUSD,4,2025-07-01,2026-07-01,2025-10-07,3963,-0.4184734559109082,-0.0110753804002377,-0.000555546,-0.015021146723574408,0.0006068669048818753
XGB,AUDUSD,4,2025-07-01,2026-07-01,2025-10-08,3964,-0.4178665890060263,-0.011978711439857015,-0.0025515435,-0.012654596081013103,-0.003530997575730388
XGB,AUDUSD,4,2025-07-01,2026-07-01,2025-10-09,3965,-0.4213975865817567,-0.011757186220072935,-0.0033660668,-0.006878696379590488,-0.009631334381484613
XGB,AUDUSD,4,2025-07-01,2026-07-01,2025-10-12,3966,-0.4310289209632413,-0.01130868803734636,-0.005294132,-0.0010001782507246815,0.002028940880135388
XGB,AUDUSD,4,2025-07-01,2026-07-01,2025-10-13,3967,-0.4289999800831059,-0.010918394436552459,-0.0045290194,-0.0033225990936386895,-0.003122039012411759
XGB,AUDUSD,4,2025-07-01,2026-07-01,2025-10-14,3968,-0.4321220190955177,-0.009189752120709438,-0.0032682233,0.003613192651745367,0.0025693743922367562
XGB,AUDUSD,4,2025-07-01,2026-07-01,2025-10-15,3969,-0.4295526447032809,-0.007284551836422126,-0.005319184,0.003984316644908226,-0.003941957931201667
XGB,AUDUSD,4,2025-07-01,2026-07-01,2025-10-16,3970,-0.4334946026344826,-0.004234274862036036,-0.0046307263,0.011686412927854384,0.00297341754744318
XGB,AUDUSD,4,2025-07-01,2026-07-01,2025-10-19,3971,-0.4305211850870394,-0.0012469940549493241,-0.0044987453,0.012745567205980801,0.0022449021256922275
XGB,AUDUSD,4,2025-07-01,2026-07-01,2025-10-20,3972,-0.4282762829613472,0.0009523087074672087,-0.0037078375,0.00923963811783507,-0.003752816252618807
XGB,AUDUSD,4,2025-07-01,2026-07-01,2025-10-21,3973,-0.432029099213966,0.0030543693575469932,-0.0040884856,0.010327869732821404,-0.00029347996277862
XGB,AUDUSD,4,2025-07-01,2026-07-01,2025-10-22,3974,-0.4323225791767446,0.004597008591030571,-0.003673504,0.008546170699831102,0.0038137527329722976
XGB,AUDUSD,4,2025-07-01,2026-07-01,2025-10-23,3975,-0.4285088264437723,0.005087792119604251,-0.0013931132,0.00402573100112763,0.0029404983853996147
XGB,AUDUSD,4,2025-07-01,2026-07-01,2025-10-27,3976,-0.4255683280583727,0.0036972043706126057,0.00077092333,-0.007432173739245318,0.003760138351744491
XGB,AUDUSD,4,2025-07-01,2026-07-01,2025-10-28,3977,-0.4218081897066282,0.0022009246077451805,0.0030572084,-0.007451603590731881,0.0040325718255695975
XGB,AUDUSD,4,2025-07-01,2026-07-01,2025-10-29,3978,-0.4177756178810586,-0.00044178153852075797,0.004885257,-0.015487485351548813,-0.0012610269624535042
XGB,AUDUSD,4,2025-07-01,2026-07-01,2025-10-30,3979,-0.4190366448435121,-0.002349161252683807,0.0046480047,-0.011377285711920593,-0.0026645846376324722
XGB,AUDUSD,4,2025-07-01,2026-07-01,2025-10-31,3980,-0.4217012294811446,-0.0028163691735035856,0.0025479158,-0.003729818103198723,-0.0020751789957689226
XGB,AUDUSD,4,2025-07-01,2026-07-01,2025-11-03,3981,-0.4237764084769135,-0.0029153893387116048,0.0014868448,-0.0024784222125542876,-0.0007066869657311736
XGB,AUDUSD,4,2025-07-01,2026-07-01,2025-11-04,3982,-0.4244830954426447,-0.002639347855376284,0.0006110106,-0.0007153936829782381,-0.008517406354973334
XGB,AUDUSD,4,2025-07-01,2026-07-01,2025-11-05,3983,-0.433000501797618,-0.0013354066732328418,-3.9754203e-05,0.0066692625024591945,0.0037407085002579277
XGB,AUDUSD,4,2025-07-01,2026-07-01,2025-11-06,3984,-0.4292597932973601,-0.0004659689536599676,7.886411e-06,0.0035412104555826995,-0.0040033099352473345
XGB,AUDUSD,4,2025-07-01,2026-07-01,2025-11-07,3985,-0.4332631032326074,-0.00018220688709891242,-0.001024933,0.0013566597316457263,0.002849172677174716
XGB,AUDUSD,4,2025-07-01,2026-07-01,2025-11-10,3986,-0.4304139305554327,9.876769629157955e-05,-0.0012723706,0.0010175205701317136,0.004982882971089397
XGB,AUDUSD,4,2025-07-01,2026-07-01,2025-11-11,3987,-0.4254310475843433,-0.00093104603715366,0.0024887256,-0.006890153982122615,-0.000823783105124487
XGB,AUDUSD,4,2025-07-01,2026-07-01,2025-11-12,3988,-0.4262548306894678,-0.002665755269098624,0.0028674135,-0.012327788737099832,0.0010563415638448759
XGB,AUDUSD,4,2025-07-01,2026-07-01,2025-11-13,3989,-0.4251984891256229,-0.004250319029388994,0.002795213,-0.011386028764486966,-0.001132750169535901
XGB,AUDUSD,4,2025-07-01,2026-07-01,2025-11-14,3990,-0.4263312392951588,-0.005453914366922996,0.0035575945,-0.009727135514868368,0.0006126564533814327
XGB,AUDUSD,4,2025-07-01,2026-07-01,2025-11-17,3991,-0.4257185828417774,-0.0065452273831848595,0.0022816628,-0.009643856930465322,-0.006187860659184308
XGB,AUDUSD,4,2025-07-01,2026-07-01,2025-11-18,3992,-0.4319064435009617,-0.0052018495152799105,-0.00033451835,0.004940796484293297,0.0025100335156607034
XGB,AUDUSD,4,2025-07-01,2026-07-01,2025-11-19,3993,-0.429396409985301,-0.0039866579271328195,-0.00011081608,0.004105815938428792,-0.0029247915811649317
XGB,AUDUSD,4,2025-07-01,2026-07-01,2025-11-20,3994,-0.4323212015664659,-0.001861340225053798,-0.00086506025,0.009399382710336635,-0.006261417860101703
XGB,AUDUSD,4,2025-07-01,2026-07-01,2025-11-21,3995,-0.4385826194265676,0.0008749752327432692,-0.00427898,0.014546385282744323,0.0019981015364577415
XGB,AUDUSD,4,2025-07-01,2026-07-01,2025-11-24,3996,-0.4365845178901099,0.0038329528803233703,-0.0019183863,0.017076402426206783,0.0005261430800826972
XGB,AUDUSD,4,2025-07-01,2026-07-01,2025-11-25,3997,-0.4360583748100272,0.007149986381121132,-0.0028972868,0.021303182601471182,0.0006959350377844786
XGB,AUDUSD,4,2025-07-01,2026-07-01,2025-11-26,3998,-0.4353624397722427,0.010216673761084705,-0.002966806,0.020818660897797825,0.008396792755574312
XGB,AUDUSD,4,2025-07-01,2026-07-01,2025-11-27,3999,-0.4269656470166684,0.012396195197876825,0.0016271739,0.01679960474413489,0.001675052969796198
XGB,AUDUSD,4,2025-07-01,2026-07-01,2025-11-28,4000,-0.4252905940468722,0.013821132826139615,0.0019746767,0.01390313001411192,0.002368775190742911
XGB,AUDUSD,4,2025-07-01,2026-07-01,2025-12-01,4001,-0.4229218188561293,0.014948186874980063,0.0026581285,0.013597472300772684,-0.001114415287694015
XGB,AUDUSD,4,2025-07-01,2026-07-01,2025-12-02,4002,-0.4240362341438233,0.016644574047387672,0.0042871707,0.019745184503092483,0.004528118679920201
XGB,AUDUSD,4,2025-07-01,2026-07-01,2025-12-03,4003,-0.4195081154639031,0.01722525155902871,0.005808675,0.013793024034646217,0.004752923255347097
XGB,AUDUSD,4,2025-07-01,2026-07-01,2025-12-04,4004,-0.414755192208556,0.016452310303976647,0.008580674,0.006380964745225315,0.0002114133341111213
XGB,AUDUSD,4,2025-07-01,2026-07-01,2025-12-05,4005,-0.4145437788744449,0.015258581818208716,0.0065209433,0.005341667993569388,0.004377736601911375
XGB,AUDUSD,4,2025-07-01,2026-07-01,2025-12-08,4006,-0.4101660422725335,0.01316116539752027,0.008597592,-0.00021093898380647458,-0.0012214217602267707
XGB,AUDUSD,4,2025-07-01,2026-07-01,2025-12-09,4007,-0.4113874640327603,0.010491528602690647,0.007504019,-0.003900565302317305,0.0020631174774036753
XGB,AUDUSD,4,2025-07-01,2026-07-01,2025-12-10,4008,-0.4093243465553566,0.007920663981284048,0.0053811613,-0.004102291743435016,0.0050332969146257844
XGB,AUDUSD,4,2025-07-01,2026-07-01,2025-12-11,4009,-0.4042910496407308,0.004707322726090091,0.00827231,-0.00968043215704456,-0.0014240417885260648
XGB,AUDUSD,4,2025-07-01,2026-07-01,2025-12-12,4010,-0.4057150914292569,0.0033847519922821645,0.006682629,-0.0009906519670010994,-0.0026591360340738057
XGB,AUDUSD,4,2025-07-01,2026-07-01,2025-12-15,4011,-0.4083742274633307,0.0035854302870224064,0.003785047,0.008180345849918502,-0.0008278834175448058
XGB,AUDUSD,4,2025-07-01,2026-07-01,2025-12-16,4012,-0.4092021108808755,0.004232257558883179,0.003359714,0.009560641760520572,-0.0011748703754644874
XGB,AUDUSD,4,2025-07-01,2026-07-01,2025-12-17,4013,-0.41037698125634,0.005439146791922811,0.0040888153,0.012001628177776391,-0.004911048078737601
XGB,AUDUSD,4,2025-07-01,2026-07-01,2025-12-18,4014,-0.4152880293350776,0.0069201190951238,0.002042478,0.014138864781718163,0.0018613910362859643
XGB,AUDUSD,4,2025-07-01,2026-07-01,2025-12-19,4015,-0.4134266382987916,0.008036217778014942,0.0015208416,0.012650495044680743,-0.0005448434989837603
XGB,AUDUSD,4,2025-07-01,2026-07-01,2025-12-22,4016,-0.4139714817977754,0.008648972541938194,0.0016095843,0.010249838551548263,0.0072657384015173965
XGB,AUDUSD,4,2025-07-01,2026-07-01,2025-12-23,4017,-0.406705743396258,0.007894550061152472,0.0064093196,0.003822620757703288,0.006511861782845796
XGB,AUDUSD,4,2025-07-01,2026-07-01,2025-12-24,4018,-0.4001938816134122,0.007206615690022622,0.0070000924,0.001714478428769206,0.0005524124930572638
XGB,AUDUSD,4,2025-07-01,2026-07-01,2025-12-26,4019,-0.3996414691203549,0.006950178186634237,0.00669148,0.004671237963843333,0.001266116041791332
XGB,AUDUSD,4,2025-07-01,2026-07-01,2025-12-29,4020,-0.3983753530785636,0.005986392720990497,0.004851728,0.0011910992369371098,-0.0027738114747958287
XGB,AUDUSD,4,2025-07-01,2026-07-01,2025-12-30,4021,-0.4011491645533594,0.00495531391637033,0.005322327,0.0008305855998858025,0.00037302129924854377
XGB,AUDUSD,4,2025-07-01,2026-07-01,2025-12-31,4022,-0.4007761432541109,0.00350653626046743,0.003294902,-0.0018229036718092062,-0.0029454999921162406
XGB,AUDUSD,4,2025-07-01,2026-07-01,2026-01-02,4023,-0.4037216432462271,0.003440764632183624,0.0020829486,0.004408738363113618,0.0008385206076724216
XGB,AUDUSD,4,2025-07-01,2026-07-01,2026-01-05,4024,-0.4028831226385547,0.0026455495098016146,0.0022970452,-4.539182666990493e-05,0.004403719453911714
XGB,AUDUSD,4,2025-07-01,2026-07-01,2026-01-06,4025,-0.398479403184643,0.0009728819536958255,0.0031372663,-0.004568798627408499,0.003509172028131391
XGB,AUDUSD,4,2025-07-01,2026-07-01,2026-01-07,4026,-0.3949702311565116,-0.00047336778542472757,0.0057818205,-0.004879168159074798,-0.0022140226851148914
XGB,AUDUSD,4,2025-07-01,2026-07-01,2026-01-08,4027,-0.3971842538416265,-0.0018218086101267073,0.0023133087,-0.005145949543998107,-0.003134325111847136
XGB,AUDUSD,4,2025-07-01,2026-07-01,2026-01-09,4028,-0.4003185789534736,-0.0017304605845354648,0.0015901526,0.001314321230737714,-0.002280467972446465
XGB,AUDUSD,4,2025-07-01,2026-07-01,2026-01-12,4029,-0.4025990469259201,-0.0005281702574777003,0.0005753228,0.006841533640261688,0.0032861420428065835
XGB,AUDUSD,4,2025-07-01,2026-07-01,2026-01-13,4030,-0.3993129048831135,0.0005509888099770599,0.0010709815,0.006980304789181491,-0.003615609582111101
XGB,AUDUSD,4,2025-07-01,2026-07-01,2026-01-14,4031,-0.4029285144652246,0.002898704170556543,0.00023291596,0.023205242768603918,-0.00011968734682687998
XGB,AUDUSD,4,2025-07-01,2026-07-01,2026-01-15,4032,-0.4030482018120515,0.005874296118748457,-0.0008550473,0.03401126562405887,0.003198802496465092
XGB,AUDUSD,4,2025-07-01,2026-07-01,2026-01-16,4033,-0.3998493993155864,0.008524205702046983,-0.00036743307,0.030916856345129307,-0.0024808040700382006
XGB,AUDUSD,4,2025-07-01,2026-07-01,2026-01-19,4034,-0.4023302033856246,0.012203410551420324,-0.0003840383,0.045055099032345,0.003325945662888685
XGB,AUDUSD,4,2025-07-01,2026-07-01,2026-01-20,4035,-0.3990042577227359,0.015876288200040778,0.0015073806,0.04799879673576901,0.003246744437077509
XGB,AUDUSD,4,2025-07-01,2026-07-01,2026-01-21,4036,-0.3957575132856584,0.0194661033241868,0.003396051,0.04581711768264468,0.0034249131917263864
XGB,AUDUSD,4,2025-07-01,2026-07-01,2026-01-22,4037,-0.392332600093932,0.02069527678964994,0.0056295604,0.027953428720992823,0.012609328397311326
XGB,AUDUSD,4,2025-07-01,2026-07-01,2026-01-23,4038,-0.3797232716966207,0.02151044740332525,0.0083907405,0.016671013151800085,0.010686335508628075
XGB,AUDUSD,4,2025-07-01,2026-07-01,2026-01-26,4039,-0.3690369361879926,0.022466412151769533,0.010904122,0.0155740993015,0.00010439321753552555
XGB,AUDUSD,4,2025-07-01,2026-07-01,2026-01-27,4040,-0.3689325429704571,0.02266849736828247,0.011057373,0.011457367569133903,0.011657438617177496
XGB,AUDUSD,4,2025-07-01,2026-07-01,2026-01-28,4041,-0.3572751043532796,0.021095968467696236,0.013634451,-0.011414729876127017,0.006269643366312694
XGB,AUDUSD,4,2025-07-01,2026-07-01,2026-01-29,4042,-0.3510054609869669,0.019969036488500513,0.014651177,-0.0008668690073149188,0.0010650653839531787
XGB,AUDUSD,4,2025-07-01,2026-07-01,2026-01-30,4043,-0.3499403956030137,0.018840700846620095,0.014097288,0.005137242158967603,-0.014438775769925472
XGB,AUDUSD,4,2025-07-01,2026-07-01,2026-02-02,4044,-0.3643791713729392,0.019431128271021558,0.008603884,0.018332934859214278,0.0013269128281185871
XGB,AUDUSD,4,2025-07-01,2026-07-01,2026-02-03,4045,-0.3630522585448206,0.020408016059941636,0.007329847,0.0241187688429097,0.00958942165832799
XGB,AUDUSD,4,2025-07-01,2026-07-01,2026-02-04,4046,-0.3534628368864926,0.01999516696458087,0.012299118,0.009154247184264885,-0.004012338514830571
XGB,AUDUSD,4,2025-07-01,2026-07-01,2026-02-05,4047,-0.3574751754013232,0.01947597691157199,0.0077683814,0.010807238909648298,-0.011214658828083424
XGB,AUDUSD,4,2025-07-01,2026-07-01,2026-02-06,4048,-0.3686898342294066,0.01999148126548611,0.0011473021,0.02238744717325991,0.01681750423512479
XGB,AUDUSD,4,2025-07-01,2026-07-01,2026-02-09,4049,-0.3518723299942818,0.019263424370909277,0.0043149246,0.007013218830695889,0.007069176550235701
XGB,AUDUSD,4,2025-07-01,2026-07-01,2026-02-10,4050,-0.3448031534440461,0.016969003963181517,0.0059688627,-0.005635361321094101,-0.0012430830696787964
XGB,AUDUSD,4,2025-07-01,2026-07-01,2026-02-11,4051,-0.3460462365137249,0.014770855338842148,0.007078677,-0.0026459754264274715,0.007112746811814008
XGB,AUDUSD,4,2025-07-01,2026-07-01,2026-02-12,4052,-0.3389334897019109,0.01303567731944899,0.008871542,-0.0019525892824364122,-0.005375100000316824
XGB,AUDUSD,4,2025-07-01,2026-07-01,2026-02-13,4053,-0.3443085897022277,0.010799869594143807,0.0070603928,-0.0037322137954067802,-0.0023593467894471587
XGB,AUDUSD,4,2025-07-01,2026-07-01,2026-02-16,4054,-0.3466679364916749,0.008797685277097678,0.0037602948,-0.0013304903366227472,0.00036554943552818964
XGB,AUDUSD,4,2025-07-01,2026-07-01,2026-02-17,4055,-0.3463023870561467,0.008161595427629842,0.0031652171,0.006695019677485592,0.0014432758925607692
XGB,AUDUSD,4,2025-07-01,2026-07-01,2026-02-18,4056,-0.3448591111635859,0.007009799633114933,0.0039401622,0.002622101627129503,-0.005579403601554289
XGB,AUDUSD,4,2025-07-01,2026-07-01,2026-02-19,4057,-0.3504385147651402,0.005922571294191548,-0.0012879572,0.0020305967530381275,0.0017463028249878332
XGB,AUDUSD,4,2025-07-01,2026-07-01,2026-02-20,4058,-0.3486922119401524,0.005757904475507558,-7.530734e-05,0.0070185426148217656,0.007806132955805067
XGB,AUDUSD,4,2025-07-01,2026-07-01,2026-02-23,4059,-0.3408860789843473,0.003424817081562115,0.003798067,-0.0099912027072101,-0.007154724513287192
XGB,AUDUSD,4,2025-07-01,2026-07-01,2026-02-24,4060,-0.3480408034976345,0.002823974149425146,-0.0018018909,0.0021643148270558132,4.237666933687434e-05
XGB,AUDUSD,4,2025-07-01,2026-07-01,2026-02-25,4061,-0.3479984268282976,0.0014380438837156007,-0.0014298161,-0.007063571557162973,0.008391059449636529
XGB,AUDUSD,4,2025-07-01,2026-07-01,2026-02-26,4062,-0.3396073673786611,-0.0018991290867684252,0.0036030477,-0.02190794672625268,-0.00262964215779532
XGB,AUDUSD,4,2025-07-01,2026-07-01,2026-02-27,4063,-0.3422370095364564,-0.002554327350368646,0.0019295277,-0.004687574109454196,-0.0061709084756456645
XGB,AUDUSD,4,2025-07-01,2026-07-01,2026-03-02,4064,-0.3484079180121021,-0.0015778015297198689,-0.0014678566,0.008871114433629701,0.006734248686771471
XGB,AUDUSD,4,2025-07-01,2026-07-01,2026-03-03,4065,-0.3416736693253306,-0.0014856272042124141,0.002415537,0.0032889543525431164,-0.009203612366226799
XGB,AUDUSD,4,2025-07-01,2026-07-01,2026-03-04,4066,-0.3508772816915574,-0.001149065215328815,-0.0011512773,0.004901812048957899,0.005000793020978722
XGB,AUDUSD,4,2025-07-01,2026-07-01,2026-03-05,4067,-0.3458764886705787,-0.0023563521724653813,0.0026388173,-0.009984433956700511,-0.009185509714881912
XGB,AUDUSD,4,2025-07-01,2026-07-01,2026-03-06,4068,-0.3550619983854606,-0.0015526906918792993,-0.004422639,0.008123332651177706,-0.006453315719453179
XGB,AUDUSD,4,2025-07-01,2026-07-01,2026-03-09,4069,-0.3615153141049138,0.0006253425336968377,-0.006810735,0.020305738260061656,0.014590730459003165
XGB,AUDUSD,4,2025-07-01,2026-07-01,2026-03-10,4070,-0.3469245836459106,-0.0004256476278779453,-0.00036269837,-0.0055446743485405015,0.007387780067438232
XGB,AUDUSD,4,2025-07-01,2026-07-01,2026-03-11,4071,-0.3395368035784724,-0.0013599994126254344,0.0015474933,-0.005619062047887036,0.0011520886056848867
XGB,AUDUSD,4,2025-07-01,2026-07-01,2026-03-12,4072,-0.3383847149727875,-0.003361063623796512,0.003395188,-0.017176259832615226,-0.0075907546698120165
XGB,AUDUSD,4,2025-07-01,2026-07-01,2026-03-13,4073,-0.3459754696425995,-0.004608087925880355,-0.0019435263,-0.00982870609658687,-0.009885452984679688
XGB,AUDUSD,4,2025-07-01,2026-07-01,2026-03-16,4074,-0.3558609226272792,-0.005078300611675746,-0.0064595393,-0.0012567433905140146,0.008922256892996305
XGB,AUDUSD,4,2025-07-01,2026-07-01,2026-03-17,4075,-0.3469386657342829,-0.007343706177013243,0.0006671802,-0.017926640505335434,0.005729089889430772
XGB,AUDUSD,4,2025-07-01,2026-07-01,2026-03-18,4076,-0.3412095758448521,-0.010932945021697338,0.004063828,-0.0316820130926635,-0.011259682149598993
XGB,AUDUSD,4,2025-07-01,2026-07-01,2026-03-19,4077,-0.3524692579944511,-0.013916609201130858,-0.0013641339,-0.025735622610403186,0.007313392368091698
XGB,AUDUSD,4,2025-07-01,2026-07-01,2026-03-20,4078,-0.3451558656263594,-0.017691988389416546,0.00232601,-0.03377914654905756,-0.010405109179043304
XGB,AUDUSD,4,2025-07-01,2026-07-01,2026-03-23,4079,-0.3555609748054027,-0.018395027904478223,-0.0009917442,-0.012534489073123878,-0.00024320093378366048
XGB,AUDUSD,4,2025-07-01,2026-07-01,2026-03-24,4080,-0.3558041757391864,-0.018777617055210027,-0.0029173004,-0.01178739687757202,-0.0013134902786068325
XGB,AUDUSD,4,2025-07-01,2026-07-01,2026-03-25,4081,-0.3571176660177932,-0.019033189104752823,-0.001900722,-0.012280808357437,-0.007747640221825114
XGB,AUDUSD,4,2025-07-01,2026-07-01,2026-03-26,4082,-0.3648653062396183,-0.018824464383501216,-0.0069231195,-0.00830178252127467,-0.008026282697897291
XGB,AUDUSD,4,2025-07-01,2026-07-01,2026-03-27,4083,-0.3728915889375156,-0.01691880320555994,-0.009054494,0.004274400734517514,-0.005313291667338682
XGB,AUDUSD,4,2025-07-01,2026-07-01,2026-03-29,4084,-0.3782048806048543,-0.012447748441677398,-0.012164076,0.032440249699831225,-0.0007301315705626754
XGB,AUDUSD,4,2025-07-01,2026-07-01,2026-03-30,4085,-0.378935012175417,-0.008128937653861301,-0.011050963,0.027869773719796376,0.010839548296890378
XGB,AUDUSD,4,2025-07-01,2026-07-01,2026-03-31,4086,-0.3680954638785266,-0.005185827270310417,-0.005134276,0.022176519888795487,0.0005038912617681968
XGB,AUDUSD,4,2025-07-01,2026-07-01,2026-04-01,4087,-0.3675915726167584,-0.003048210501697679,-0.0044706007,0.013755209721084904,-0.0018069017584718128
XGB,AUDUSD,4,2025-07-01,2026-07-01,2026-04-02,4088,-0.3693984743752302,0.00025666145580471866,-0.003832127,0.02680932093142363,-0.003768614385662783
XGB,AUDUSD,4,2025-07-01,2026-07-01,2026-04-05,4089,-0.373167088760893,0.004538589508604696,-0.005328948,0.034795165461779576,0.0045499005578948926
XGB,AUDUSD,4,2025-07-01,2026-07-01,2026-04-06,4090,-0.3686171882029981,0.008660087129608807,-0.0010715392,0.036746211237663584,0.02285255729797503
XGB,AUDUSD,4,2025-07-01,2026-07-01,2026-04-07,4091,-0.3457646309050231,0.010652843120648847,0.004022453,0.011549933045107263,-0.005300607550597525
XGB,AUDUSD,4,2025-07-01,2026-07-01,2026-04-08,4092,-0.3510652384556206,0.01245641762684735,0.0033541545,0.013492177853909715,0.005146294465889489
XGB,AUDUSD,4,2025-07-01,2026-07-01,2026-04-09,4093,-0.3459189439897311,0.014238890330472265,0.0052683065,0.013824916852676505,-0.007917418905942386
XGB,AUDUSD,4,2025-07-01,2026-07-01,2026-04-12,4094,-0.3538363628956735,0.016257702386709483,0.00059128343,0.019230107712701117,0.011247209451866913
XGB,AUDUSD,4,2025-07-01,2026-07-01,2026-04-13,4095,-0.3425891534438066,0.017170168983785816,0.0065465104,0.00823490488362938,0.004217230144693163
XGB,AUDUSD,4,2025-07-01,2026-07-01,2026-04-14,4096,-0.3383719232991134,0.016665726761275257,0.00751988,4.422615988114442e-05,0.006500946333778901
XGB,AUDUSD,4,2025-07-01,2026-07-01,2026-04-15,4097,-0.3318709769653345,0.015563533185693201,0.010911636,-0.004511201093016892,-0.0023437208945812915
XGB,AUDUSD,4,2025-07-01,2026-07-01,2026-04-16,4098,-0.3342146978599158,0.015357141126237983,0.007298606,0.004445590054392101,-0.0033583627417950734
XGB,AUDUSD,4,2025-07-01,2026-07-01,2026-04-19,4099,-0.3375730606017109,0.015271275328830491,0.0063760304,0.0072913186076492,0.00547903346465628
XGB,AUDUSD,4,2025-07-01,2026-07-01,2026-04-20,4100,-0.3320940271370546,0.013069131527935485,0.008034307,-0.006019756700782197,-0.002512228045917775
XGB,AUDUSD,4,2025-07-01,2026-07-01,2026-04-21,4101,-0.3346062551829724,0.012480557247214918,0.0063001127,0.006212987107149404,0.0002520066227951756
XGB,AUDUSD,4,2025-07-01,2026-07-01,2026-04-22,4102,-0.3343542485601772,0.012078811720230564,0.005056833,0.007643787853457595,-0.003973448579055072
XGB,AUDUSD,4,2025-07-01,2026-07-01,2026-04-23,4103,-0.3383276971392323,0.01141366318579451,0.0018680491,0.00529706405443775,0.0019455190808808642
XGB,AUDUSD,4,2025-07-01,2026-07-01,2026-04-26,4104,-0.3363821780583514,0.011166432763012601,0.0022878256,0.008419661367313924,0.006613070252827702
XGB,AUDUSD,4,2025-07-01,2026-07-01,2026-04-27,4105,-0.3297691078055237,0.010617137452701597,0.0041958587,0.006128151340621002,-0.0005126341885379748
XGB,AUDUSD,4,2025-07-01,2026-07-01,2026-04-28,4106,-0.3302817419940617,0.009611741559885423,0.004305685,0.0029714128238021997,-0.007832041843775117
XGB,AUDUSD,4,2025-07-01,2026-07-01,2026-04-29,4107,-0.3381137838378368,0.010542922007263589,-0.00049471227,0.014735428674253703,0.009720515762013826
XGB,AUDUSD,4,2025-07-01,2026-07-01,2026-04-30,4108,-0.328393268075823,0.010305630474730876,0.004534515,0.0062879795953803,0.0016828073691033674
XGB,AUDUSD,4,2025-07-01,2026-07-01,2026-05-03,4109,-0.3267104607067196,0.009544549916667644,0.0042197416,0.0034428749346774312,-0.0063201723780749175
XGB,AUDUSD,4,2025-07-01,2026-07-01,2026-05-04,4110,-0.3330306330847945,0.010079097981234186,-0.000366853,0.012136245025015036,0.005068116393757038
XGB,AUDUSD,4,2025-07-01,2026-07-01,2026-05-05,4111,-0.3279625166910375,0.008884019733746973,0.0017745196,0.001442430928509597,0.00432156022613478
XGB,AUDUSD,4,2025-07-01,2026-07-01,2026-05-06,4112,-0.3236409564649027,0.006016156049967247,0.0044437665,-0.014604730987192394,-0.003669372705356777
XGB,AUDUSD,4,2025-07-01,2026-07-01,2026-05-07,4113,-0.3273103291702595,0.004567286071708254,0.0017142926,-0.004964500644762615,0.003931974006676386
XGB,AUDUSD,4,2025-07-01,2026-07-01,2026-05-10,4114,-0.3233783551635831,0.0017255159698543743,0.0038374462,-0.018183086778550905,0.0012730666831404225
XGB,AUDUSD,4,2025-07-01,2026-07-01,2026-05-11,4115,-0.3221052884804427,-0.0004928378970402436,0.0037620368,-0.013366400767202136,-0.0011622972915995011
XGB,AUDUSD,4,2025-07-01,2026-07-01,2026-05-12,4116,-0.3232675857720422,-0.0024855994592150044,0.00420585,-0.012442967145986916,0.002373197712262687
XGB,AUDUSD,4,2025-07-01,2026-07-01,2026-05-13,4117,-0.3208943880597795,-0.00462789047358525,0.0037405048,-0.013571531739719311,-0.0056256977027484
XGB,AUDUSD,4,2025-07-01,2026-07-01,2026-05-14,4118,-0.3265200857625279,-0.005398066833372628,0.0009476631,-0.006117694413189323,-0.011725601689567211
XGB,AUDUSD,4,2025-07-01,2026-07-01,2026-05-17,4119,-0.3382456874520951,-0.004977441414327488,-0.007663296,0.005677482274991819,0.0059708576370730015
XGB,AUDUSD,4,2025-07-01,2026-07-01,2026-05-18,4120,-0.3322748298150221,-0.006006128845379599,-0.0037089593,-0.00555013082656608,-0.009286612127111904
XGB,AUDUSD,4,2025-07-01,2026-07-01,2026-05-19,4121,-0.341561441942134,-0.00527647460936187,-0.009487688,0.008072992500242182,0.006089752694489192
XGB,AUDUSD,4,2025-07-01,2026-07-01,2026-05-20,4122,-0.3354716892476448,-0.004785820952235897,-0.0044084485,0.00425536999503362,-0.0002388636703842817
XGB,AUDUSD,4,2025-07-01,2026-07-01,2026-05-21,4123,-0.3357105529180291,-0.004497512234065859,-0.0049154595,0.0022356646397934665,0.0012446331185302917
XGB,AUDUSD,4,2025-07-01,2026-07-01,2026-05-24,4124,-0.3344659197994988,-0.003993802008567582,-0.0043981597,0.0023603442040115996,0.0018281396237815883
XGB,AUDUSD,4,2025-07-01,2026-07-01,2026-05-25,4125,-0.3326377801757172,-0.0045910806520466085,-0.0016150674,-0.005005204522454787,6.957499861393046e-05
XGB,AUDUSD,4,2025-07-01,2026-07-01,2026-05-26,4126,-0.3325682051771033,-0.005155588368623121,-0.0011120061,-0.005402911638842711,-0.005256755464484897
XGB,AUDUSD,4,2025-07-01,2026-07-01,2026-05-27,4127,-0.3378249606415882,-0.0058781271942461855,-0.004247308,-0.012655188087394909,0.004336511199696358
XGB,AUDUSD,4,2025-07-01,2026-07-01,2026-05-28,4128,-0.3334884494418918,-0.007569196052579552,-0.001487395,-0.017417700789575163,0.00227213018928063
XGB,AUDUSD,4,2025-07-01,2026-07-01,2026-05-31,4129,-0.3312163192526112,-0.009993327733212098,0.0018678742,-0.02216215402907129,-0.002258569025624435
XGB,AUDUSD,4,2025-07-01,2026-07-01,2026-06-01,4130,-0.3334748882782356,-0.012473104920043221,0.0003790268,-0.024028920666484488,0.0013693126827484248
XGB,AUDUSD,4,2025-07-01,2026-07-01,2026-06-02,4131,-0.3321055755954872,-0.01378440974725087,0.00032822884,-0.017749569041910385,-0.005537409102684798
XGB,AUDUSD,4,2025-07-01,2026-07-01,2026-06-03,4132,-0.337642984698172,-0.013561383151935502,-0.0014206129,-0.008346722162512477,-0.00032813211777399376
XGB,AUDUSD,4,2025-07-01,2026-07-01,2026-06-04,4133,-0.337971116815946,-0.01326683744941154,-0.0026393593,-0.008329079200776579,-0.012509031913037094
XGB,AUDUSD,4,2025-07-01,2026-07-01,2026-06-07,4134,-0.3504801487289831,-0.012077528224446243,-0.008678395,0.003118843745077593,-0.000426001502483897
XGB,AUDUSD,4,2025-07-01,2026-07-01,2026-06-08,4135,-0.350906150231467,-0.011583657726851715,-0.008430038,-0.0031295119076691913,-0.002472323050215497
XGB,AUDUSD,4,2025-07-01,2026-07-01,2026-06-09,4136,-0.3533784732816825,-0.010724450494689008,-0.00746399,-0.0014268210246242141,-0.0041253356630376325
XGB,AUDUSD,4,2025-07-01,2026-07-01,2026-06-10,4137,-0.3575038089447201,-0.009473403810343617,-0.010058272,0.0012430144855420933,0.007648664307322528
XGB,AUDUSD,4,2025-07-01,2026-07-01,2026-06-11,4138,-0.3498551446373976,-0.009657253593497284,-0.003486584,-0.007588500727131631,0.00386543777671311
XGB,AUDUSD,4,2025-07-01,2026-07-01,2026-06-14,4139,-0.3459897068606845,-0.011450015430639893,0.000544998,-0.02281552733984943,-0.00031048915603809624
XGB,AUDUSD,4,2025-07-01,2026-07-01,2026-06-15,4140,-0.3463001960167226,-0.013536445279860587,0.0019955905,-0.024763229678854304,-0.0010611089671829221
XGB,AUDUSD,4,2025-07-01,2026-07-01,2026-06-16,4141,-0.3473613049839055,-0.015439337676056986,0.0015441057,-0.02362964756374003,-0.006674357155230681
XGB,AUDUSD,4,2025-07-01,2026-07-01,2026-06-17,4142,-0.3540356621391362,-0.016351465534479193,-0.0013791961,-0.017576190123000934,-0.0007696321671705197
XGB,AUDUSD,4,2025-07-01,2026-07-01,2026-06-18,4143,-0.3548052943063067,-0.0173266173786481,-0.0020200133,-0.018812642286882286,-0.0014555001528713252
XGB,AUDUSD,4,2025-07-01,2026-07-01,2026-06-21,4144,-0.356260794459178,-0.017115737897437977,-0.0022034105,-0.012920637853578165,-0.001182850905351196
XGB,AUDUSD,4,2025-07-01,2026-07-01,2026-06-22,4145,-0.3574436453645292,-0.017164215375275627,-0.0026107905,-0.014765968827027964,-0.011361588836004688
XGB,AUDUSD,4,2025-07-01,2026-07-01,2026-06-23,4146,-0.3688052342005339,-0.015361591133039476,-0.008634082,5.800329310368113e-05,-0.0022581914950429716
XGB,COPPER,0,2021-07-01,2022-07-01,2021-07-01,2755,1.4450348804227418,-0.011672105315168047,-0.01211485,0.016946528945500194,0.009385324889507052
XGB,COPPER,0,2021-07-01,2022-07-01,2021-07-02,2756,1.4544202053122488,-0.009846242279207162,-0.004814529,-0.001168387662301873,-0.005620663029976436
XGB,COPPER,0,2021-07-01,2022-07-01,2021-07-06,2757,1.4487995422822724,-0.005455584038919881,-0.008384407,0.017460642733857945,0.01653702529637524
XGB,COPPER,0,2021-07-01,2022-07-01,2021-07-07,2758,1.4653365675786476,-0.003771607416863443,-0.001722827,0.0008081706265559152,-0.013371488070429427
XGB,COPPER,0,2021-07-01,2022-07-01,2021-07-08,2759,1.4519650795082182,-0.0043029592354677515,-0.0076839263,-0.01438373019207817,0.018785304387606727
XGB,COPPER,0,2021-07-01,2022-07-01,2021-07-09,2760,1.470750383895825,-0.005652583124609922,0.0016406452,-0.018317228305649857,-0.006800788799357971
XGB,COPPER,0,2021-07-01,2022-07-01,2021-07-12,2761,1.463949595096467,-0.005813167246137896,-0.0028246667,-0.00941269287235591,-0.0019681857282249915
XGB,COPPER,0,2021-07-01,2022-07-01,2021-07-13,2762,1.461981409368242,-0.003961025989351441,-0.001764233,0.00773457129620958,-0.008729591718295016
XGB,COPPER,0,2021-07-01,2022-07-01,2021-07-14,2763,1.453251817649947,0.0007119793219028114,-0.010243881,0.029828874742510614,0.013008367366183382
XGB,COPPER,0,2021-07-01,2022-07-01,2021-07-15,2764,1.4662601850161303,0.004742779136593045,0.0018863882,0.057401999441485385,-0.00011544681092678921
XGB,COPPER,0,2021-07-01,2022-07-01,2021-07-16,2765,1.4661447382052035,0.008385685508984109,0.0017878308,0.048102988064280705,-0.028563388889063512
XGB,COPPER,0,2021-07-01,2022-07-01,2021-07-19,2766,1.43758134931614,0.014766715108724515,-0.01226861,0.061818478349463524,0.01485180627403504
XGB,COPPER,0,2021-07-01,2022-07-01,2021-07-20,2767,1.452433155590175,0.020384134365282858,-0.0033191394,0.05607883403416691,0.0021037466339359767
XGB,COPPER,0,2021-07-01,2022-07-01,2021-07-21,2768,1.454536902224111,0.024677095335056798,-0.0028175474,0.04519779449921946,0.015179078440340499
XGB,COPPER,0,2021-07-01,2022-07-01,2021-07-22,2769,1.4697159806644515,0.025640367073284542,0.006272929,0.01913500493064002,0.013364711728006018
XGB,COPPER,0,2021-07-01,2022-07-01,2021-07-23,2770,1.4830806923924575,0.023420112175096985,0.010935274,-0.0053472944549475265,0.04058149206515815
XGB,COPPER,0,2021-07-01,2022-07-01,2021-07-26,2771,1.5236621844576157,0.018060351490103654,0.015116957,-0.05809466006306607,-0.00941445818813147
XGB,COPPER,0,2021-07-01,2022-07-01,2021-07-27,2772,1.5142477262694842,0.013340703687839017,0.010408413,-0.04510690112980664,-0.014847898603880694
XGB,COPPER,0,2021-07-01,2022-07-01,2021-07-28,2773,1.4993998276656035,0.00974919607914182,0.004471108,-0.03025900252592595,0.00911216195873843
XGB,COPPER,0,2021-07-01,2022-07-01,2021-07-29,2774,1.508511989624342,0.003023951066006836,0.0068926946,-0.052924760186536135,-0.00877729290101148
XGB,COPPER,0,2021-07-01,2022-07-01,2021-07-30,2775,1.4997346967233305,-0.000534597256903746,0.0027087966,-0.029214075586142974,-0.010883711128238938
XGB,COPPER,0,2021-07-01,2022-07-01,2021-08-02,2776,1.4888509855950915,-0.002364313161984377,-0.0027515802,-0.015461953463540956,-0.011117587657581529
XGB,COPPER,0,2021-07-01,2022-07-01,2021-08-03,2777,1.47773339793751,-0.0030483650100940896,-0.00982109,-0.0061792051270719295,-0.012165873542960393
XGB,COPPER,0,2021-07-01,2022-07-01,2021-08-04,2778,1.4655675243945496,-0.0009770133566633366,-0.015133937,0.013078116919533977,0.003573300745127961
XGB,COPPER,0,2021-07-01,2022-07-01,2021-08-05,2779,1.4691408251396776,-0.0018030162184436982,-0.015239619,-0.005422560876621407,0.0
XGB,COPPER,0,2021-07-01,2022-07-01,2021-08-06,2780,1.4691408251396776,-0.005281016603825295,-0.016533779,-0.03405634526341861,-0.013553595701871757
XGB,COPPER,0,2021-07-01,2022-07-01,2021-08-09,2781,1.4555872294378058,-0.00853252804304705,-0.020844009,-0.040705368833332534,0.014933391699381682
XGB,COPPER,0,2021-07-01,2022-07-01,2021-08-10,2782,1.4705206211371875,-0.015708934542384645,-0.01487257,-0.07464732679861341,0.0028684109943630798
XGB,COPPER,0,2021-07-01,2022-07-01,2021-08-11,2783,1.4733890321315506,-0.020360080989787033,-0.010080718,-0.05402262349291509,-0.0018348393211125025
XGB,COPPER,0,2021-07-01,2022-07-01,2021-08-12,2784,1.471554192810438,-0.02222342082938633,-0.009148014,-0.02828895164642531,0.007091448503645514
XGB,COPPER,0,2021-07-01,2022-07-01,2021-08-13,2785,1.4786456413140836,-0.02465851207334957,-0.005341267,-0.030550852393113503,-0.014927377051027424
XGB,COPPER,0,2021-07-01,2022-07-01,2021-08-16,2786,1.4637182642630562,-0.024251139540109268,-0.01619848,-0.013276114624081181,-0.0286337843867972
XGB,COPPER,0,2021-07-01,2022-07-01,2021-08-17,2787,1.435084479876259,-0.021553230679092872,-0.025902383,0.010892839382155906,-0.020202619271785682
XGB,COPPER,0,2021-07-01,2022-07-01,2021-08-18,2788,1.4148818606044733,-0.01501426168953035,-0.0322765,0.04756307139260718,-0.019008566265899196
XGB,COPPER,0,2021-07-01,2022-07-01,2021-08-19,2789,1.395873294338574,-0.005505878599570746,-0.03493058,0.07682810851773425,0.023493114300061402
XGB,COPPER,0,2021-07-01,2022-07-01,2021-08-20,2790,1.4193664086386355,0.0011758151123260063,-0.026006645,0.05310567934487698,0.023898832525377278
XGB,COPPER,0,2021-07-01,2022-07-01,2021-08-23,2791,1.4432652411640128,0.00212884573492067,-0.012188951,0.006707899303576514,0.00482954775695732
XGB,COPPER,0,2021-07-01,2022-07-01,2021-08-24,2792,1.44809478892097,0.00343193208364867,-0.010179924,0.008191935126887318,0.0023473607180048983
XGB,COPPER,0,2021-07-01,2022-07-01,2021-08-25,2793,1.450442149638975,0.005525733065804728,-0.005964041,0.014085593645043915,-0.004464830380560114
XGB,COPPER,0,2021-07-01,2022-07-01,2021-08-26,2794,1.4459773192584149,0.006402891144424716,-0.008624083,0.007391443198008885,0.016467612738665593
XGB,COPPER,0,2021-07-01,2022-07-01,2021-08-27,2795,1.4624449319970805,0.0036762105936953837,-0.00049742823,-0.01977026718706787,0.010256470859227873
XGB,COPPER,0,2021-07-01,2022-07-01,2021-08-30,2796,1.4727014028563084,0.0014302853558625372,0.008931172,-0.017930925015984256,-0.0002293148727958716
XGB,COPPER,0,2021-07-01,2022-07-01,2021-08-31,2797,1.4724720879835125,0.002197668284564802,0.009223224,0.019982458673319048,-0.022498947515923184
XGB,COPPER,0,2021-07-01,2022-07-01,2021-09-01,2798,1.4499731404675893,0.004471551390095918,-0.0014503746,0.023301374254731444,0.006313583580268123
XGB,COPPER,0,2021-07-01,2022-07-01,2021-09-02,2799,1.4562867240478574,0.004925388778043827,0.00292813,0.0065055709402450645,0.008241019236161495
XGB,COPPER,0,2021-07-01,2022-07-01,2021-09-03,2800,1.464527743284019,0.006097982132933222,0.008041468,0.017871954171396753,-0.011158980827595144
XGB,COPPER,0,2021-07-01,2022-07-01,2021-09-07,2801,1.4533687624564238,0.006003497726575491,0.0013359471,0.00023373714308316806,-0.01069409764641116
XGB,COPPER,0,2021-07-01,2022-07-01,2021-09-08,2802,1.4426746648100126,0.006578459839191364,-0.008949021,0.0031849543133941616,0.012095813030311486
XGB,COPPER,0,2021-07-01,2022-07-01,2021-09-09,2803,1.454770477840324,0.002820735323628698,-0.0040448597,-0.039645710035110415,0.03768406881650743
XGB,COPPER,0,2021-07-01,2022-07-01,2021-09-10,2804,1.4924545466568315,-0.004134482404734463,0.00087506464,-0.07466157115144334,-0.01918003193451079
XGB,COPPER,0,2021-07-01,2022-07-01,2021-09-13,2805,1.4732745147223207,-0.0062798311456047085,-0.0047818758,-0.025767455978718656,-0.010482219734218257
XGB,COPPER,0,2021-07-01,2022-07-01,2021-09-14,2806,1.4627922949881025,-0.007970834857808029,-0.0074986336,-0.020353935872663653,0.019607402467313184
XGB,COPPER,0,2021-07-01,2022-07-01,2021-09-15,2807,1.4823996974554157,-0.010146657799009695,0.0017010337,-0.026695907206490288,-0.02879719785590873
XGB,COPPER,0,2021-07-01,2022-07-01,2021-09-16,2808,1.453602499599507,-0.009193024012431161,-0.0087667145,0.0034997390921480687,-0.007742880476100167
XGB,COPPER,0,2021-07-01,2022-07-01,2021-09-17,2809,1.4458596191234068,-0.008784984387161687,-0.0126760965,-0.00011782631908774377,-0.03073485131819309
XGB,COPPER,0,2021-07-01,2022-07-01,2021-09-20,2810,1.4151247678052137,-0.00722748419188135,-0.022351824,0.0199597120710453,0.0026682077001745075
XGB,COPPER,0,2021-07-01,2022-07-01,2021-09-21,2811,1.4177929755053882,-0.008199113348767995,-0.019278485,-0.009247968143125895,0.029714083238213895
XGB,COPPER,0,2021-07-01,2022-07-01,2021-09-22,2812,1.447507058743602,-0.00909043498163431,-0.0012548324,-0.013971341294913175,-0.0050686996281632535
XGB,COPPER,0,2021-07-01,2022-07-01,2021-09-23,2813,1.4424383591154388,-0.00806742221772394,-0.0026401123,0.003656758715750552,0.01326543113348655
XGB,COPPER,0,2021-07-01,2022-07-01,2021-09-24,2814,1.4557037902489254,-0.009597203903337181,0.00035469202,-0.02014315423644586,0.0013984484427296273
XGB,COPPER,0,2021-07-01,2022-07-01,2021-09-27,2815,1.457102238691655,-0.012595631352009917,-0.00071927963,-0.03230856282099759,-0.01136044588733598
XGB,COPPER,0,2021-07-01,2022-07-01,2021-09-28,2816,1.445741792804319,-0.011405241245094677,-0.0063756355,0.0014124395224048847,-0.010657312928060048
XGB,COPPER,0,2021-07-01,2022-07-01,2021-09-29,2817,1.435084479876259,-0.007896235629719861,-0.011738372,0.019569216975654724,-0.026539472513996687
XGB,COPPER,0,2021-07-01,2022-07-01,2021-09-30,2818,1.4085450073622623,0.0004770883802225345,-0.019625604,0.06724717398430413,0.024990710086426615
XGB,COPPER,0,2021-07-01,2022-07-01,2021-10-01,2819,1.433535717448689,0.004444703544907114,-0.010661998,0.0318008501299587,0.012559400382500474
XGB,COPPER,0,2021-07-01,2022-07-01,2021-10-04,2820,1.4460951178311894,0.009524349736421911,-0.0026190095,0.06252752986967258,-0.010534481818709862
XGB,COPPER,0,2021-07-01,2022-07-01,2021-10-05,2821,1.4355606360124795,0.017593956333924465,-0.008375747,0.09732010345731079,-0.010766960141822102
XGB,COPPER,0,2021-07-01,2022-07-01,2021-10-06,2822,1.4247936758706574,0.028671150626683017,-0.018344557,0.1299768787347908,0.022360556456066494
XGB,COPPER,0,2021-07-01,2022-07-01,2021-10-07,2823,1.447154232326724,0.037478354749090226,-0.007489617,0.1068767196071072,0.007499464525189792
XGB,COPPER,0,2021-07-01,2022-07-01,2021-10-08,2824,1.4546536968519137,0.04526229840052487,0.0008238204,0.09588315540643233,0.02113848449465272
XGB,COPPER,0,2021-07-01,2022-07-01,2021-10-11,2825,1.4757921813465664,0.05174921612253347,0.005962029,0.08361480630486007,-0.010455613767918814
XGB,COPPER,0,2021-07-01,2022-07-01,2021-10-12,2826,1.4653365675786476,0.05406320381461405,-0.0023354823,0.05778067498473449,0.043286080122214354
XGB,COPPER,0,2021-07-01,2022-07-01,2021-10-13,2827,1.508622647700862,0.05235666266918271,0.010764544,0.001215904567527959,0.024258091768928347
XGB,COPPER,0,2021-07-01,2022-07-01,2021-10-14,2828,1.5328807394697903,0.04916616954734887,0.018952137,-0.017423924869451213,0.02188981513565791
XGB,COPPER,0,2021-07-01,2022-07-01,2021-10-15,2829,1.5547705546054482,0.042263679842994506,0.025390768,-0.05369771446410598,-0.0007396026716171011
XGB,COPPER,0,2021-07-01,2022-07-01,2021-10-18,2830,1.5540309519338311,0.03215746514391782,0.0181464,-0.07538531061974751,-0.003494099675485085
XGB,COPPER,0,2021-07-01,2022-07-01,2021-10-19,2831,1.550536852258346,0.02309113650377914,0.01878743,-0.06044569745681194,0.008870135393080458
XGB,COPPER,0,2021-07-01,2022-07-01,2021-10-20,2832,1.5594069876514265,0.011196762974017949,0.021771265,-0.08338614245062681,-0.03628974508804439
XGB,COPPER,0,2021-07-01,2022-07-01,2021-10-21,2833,1.523117242563382,0.005255474741463706,0.010214829,-0.04105827072468804,-0.01327869029499218
XGB,COPPER,0,2021-07-01,2022-07-01,2021-10-22,2834,1.50983855226839,-0.0002644844362647003,0.007919491,-0.0341606134433412,0.005618262331949175
XGB,COPPER,0,2021-07-01,2022-07-01,2021-10-25,2835,1.515456814600339,-0.0076590554271323,0.004243365,-0.05081343768827917,-0.014383974458996862
XGB,COPPER,0,2021-07-01,2022-07-01,2021-10-26,2836,1.5010728401413422,-0.013169809065429972,-0.008780594,-0.03642946322928231,-0.022427198827258632
XGB,COPPER,0,2021-07-01,2022-07-01,2021-10-27,2837,1.4786456413140836,-0.015130784671577802,-0.023007065,-0.008699712961443451,0.011445513487450487
XGB,COPPER,0,2021-07-01,2022-07-01,2021-10-28,2838,1.490091154801534,-0.015925239966142923,-0.0119488565,-0.007350847783801129,-0.01407030960073441
XGB,COPPER,0,2021-07-01,2022-07-01,2021-10-29,2839,1.4760208452007997,-0.01576240365739623,-0.018423257,0.0010279053156181384,0.006038126637894381
XGB,COPPER,0,2021-07-01,2022-07-01,2021-11-01,2840,1.482058971838694,-0.01775937257480842,-0.021035928,-0.016953414429321745,-0.006381033013645343
XGB,COPPER,0,2021-07-01,2022-07-01,2021-11-02,2841,1.4756779388250487,-0.0157229392453917,-0.023647567,0.0069488084748463574,-0.011034561912988794
XGB,COPPER,0,2021-07-01,2022-07-01,2021-11-03,2842,1.46464337691206,-0.010581111351523953,-0.030426664,0.02949593941242279,0.0
XGB,COPPER,0,2021-07-01,2022-07-01,2021-11-04,2843,1.46464337691206,-0.007090262590027985,-0.03257629,0.018550823662982552,0.005302551440580228
XGB,COPPER,0,2021-07-01,2022-07-01,2021-11-05,2844,1.4699459283526402,-0.006102447218968798,-0.027543928,0.002182033992085275,0.01279437866509281
XGB,COPPER,0,2021-07-01,2022-07-01,2021-11-08,2845,1.482740307017733,-0.009497404995141512,-0.017616428,-0.03042420570600579,-0.005691556501315143
XGB,COPPER,0,2021-07-01,2022-07-01,2021-11-09,2846,1.4770487505164178,-0.01073746989484392,-0.018370857,-0.016110859676970124,-0.011943193107045502
XGB,COPPER,0,2021-07-01,2022-07-01,2021-11-10,2847,1.4651055574093723,-0.007173758092995586,-0.019360779,0.018428982266128324,0.01752118989052276
XGB,COPPER,0,2021-07-01,2022-07-01,2021-11-11,2848,1.482626747299895,-0.006942307015008753,-0.013134219,-0.0020454153333162584,0.011512569024587638
XGB,COPPER,0,2021-07-01,2022-07-01,2021-11-12,2849,1.4941393163244827,-0.00743472124229716,-0.0050724386,-0.007208064585246365,-0.010945115749440237
XGB,COPPER,0,2021-07-01,2022-07-01,2021-11-15,2850,1.4831942005750425,-0.005158172746904777,-0.009290174,0.011506075462090148,-0.01106623823031705
XGB,COPPER,0,2021-07-01,2022-07-01,2021-11-16,2851,1.4721279623447254,-0.005575012104020782,-0.015476526,-0.017824578935613733,-0.019811861032998257
XGB,COPPER,0,2021-07-01,2022-07-01,2021-11-17,2852,1.4523161013117272,-0.002789577443482516,-0.024182826,0.014866738913527744,0.008621789527720525
XGB,COPPER,0,2021-07-01,2022-07-01,2021-11-18,2853,1.4609378908394477,-0.0026118738849565393,-0.013451103,-0.007452308713669087,0.022596648836052946
XGB,COPPER,0,2021-07-01,2022-07-01,2021-11-19,2854,1.4835345396755006,-0.006478114054767614,-0.0055482844,-0.03720397858311264,-0.0029532077089218234
XGB,COPPER,0,2021-07-01,2022-07-01,2021-11-22,2855,1.4805813319665788,-0.0086083886090349,-0.007784756,-0.022198944143769994,0.006349919772657531
XGB,COPPER,0,2021-07-01,2022-07-01,2021-11-23,2856,1.4869312517392363,-0.012510977500995502,-0.0032553957,-0.03613743363883826,0.0077690242978962765
XGB,COPPER,0,2021-07-01,2022-07-01,2021-11-24,2857,1.4947002760371326,-0.015252683767392305,-0.0010372514,-0.02751743581187771,-0.04039689262802093
XGB,COPPER,0,2021-07-01,2022-07-01,2021-11-26,2858,1.4543033834091117,-0.013587398710042109,-0.011563504,0.01310998766528626,0.01287945681614322
XGB,COPPER,0,2021-07-01,2022-07-01,2021-11-29,2859,1.467182840225255,-0.011217970609281647,-0.0071672583,0.012374104441627454,-0.013697258099476306
XGB,COPPER,0,2021-07-01,2022-07-01,2021-11-30,2860,1.4534855821257786,-0.009432089079714379,-0.01637015,0.012081942268771018,-0.007155021033390607
XGB,COPPER,0,2021-07-01,2022-07-01,2021-12-01,2861,1.446330561092388,-0.008159570603484045,-0.0110313,0.008323135759525702,0.012051826730420823
XGB,COPPER,0,2021-07-01,2022-07-01,2021-12-02,2862,1.4583823878228088,-0.00826214673315362,-0.005180176,-0.004429329208462063,-0.007588569722410732
XGB,COPPER,0,2021-07-01,2022-07-01,2021-12-03,2863,1.450793818100398,-0.008215879478443933,-0.0075517953,-0.0029340573824931937,0.016389022124856822
XGB,COPPER,0,2021-07-01,2022-07-01,2021-12-06,2864,1.467182840225255,-0.012388898416114458,-0.0018556353,-0.03699119342484458,0.00023053084914304023
XGB,COPPER,0,2021-07-01,2022-07-01,2021-12-07,2865,1.467413371074398,-0.012426715207678685,-0.0056068907,-0.008682095579787497,0.012143573592484413
XGB,COPPER,0,2021-07-01,2022-07-01,2021-12-08,2866,1.4795569446668824,-0.014285907805937637,0.0033218376,-0.02303716443848325,-0.013989420272332742
XGB,COPPER,0,2021-07-01,2022-07-01,2021-12-09,2867,1.4655675243945496,-0.014134551322042554,-0.007876415,-0.009747075716645126,-0.010913827542635923
XGB,COPPER,0,2021-07-01,2022-07-01,2021-12-10,2868,1.4546536968519137,-0.010917513807676027,-0.01638994,0.012759674222484252,-0.0007006382375669418
XGB,COPPER,0,2021-07-01,2022-07-01,2021-12-13,2869,1.4539530586143468,-0.006121181330825953,-0.015072753,0.025262298924648485,-0.006093297896441863
XGB,COPPER,0,2021-07-01,2022-07-01,2021-12-14,2870,1.447859760717905,-0.000565899966527672,-0.017102709,0.030785880596178705,-0.017668113917494566
XGB,COPPER,0,2021-07-01,2022-07-01,2021-12-15,2871,1.4301916468004103,0.008873898618616538,-0.020487174,0.06607760170227106,0.028539628694200125
XGB,COPPER,0,2021-07-01,2022-07-01,2021-12-16,2872,1.4587312754946105,0.012460003699893418,-0.009446534,0.027408437856069723,-0.0022114952662113385
XGB,COPPER,0,2021-07-01,2022-07-01,2021-12-17,2873,1.4565197802283991,0.015493337508727612,-0.008472617,0.025539191610294942,-0.0006993315504946196
XGB,COPPER,0,2021-07-01,2022-07-01,2021-12-20,2874,1.4558204486779045,0.017736262559501004,-0.010111139,0.022255151649659854,0.011592922396493455
XGB,COPPER,0,2021-07-01,2022-07-01,2021-12-21,2875,1.467413371074398,0.02032648094288514,-0.003098662,0.02661367272290982,0.011801986464597292
XGB,COPPER,0,2021-07-01,2022-07-01,2021-12-22,2876,1.4792153575389952,0.019722046834978135,0.0071928906,0.005679273396498541,-0.0005697162249116428
XGB,COPPER,0,2021-07-01,2022-07-01,2021-12-23,2877,1.4786456413140836,0.020564174128499424,0.0039010774,0.01784753004133033,0.01762360718859779
XGB,COPPER,0,2021-07-01,2022-07-01,2021-12-27,2878,1.4962692485026814,0.017130731776505703,0.012753871,-0.013642501202786317,-0.010129535152001212
XGB,COPPER,0,2021-07-01,2022-07-01,2021-12-28,2879,1.4861397133506802,0.013371034997297526,0.003912711,-0.016423732686228654,-0.004080741511986119
XGB,COPPER,0,2021-07-01,2022-07-01,2021-12-29,2880,1.482058971838694,0.011996726790993284,0.002930908,0.00022712721057249752,-0.0039833715111297074
XGB,COPPER,0,2021-07-01,2022-07-01,2021-12-30,2881,1.4780756003275644,0.009433602100991534,-0.00084182876,-0.009164908103555414,0.01595144346974342
XGB,COPPER,0,2021-07-01,2022-07-01,2021-12-31,2882,1.4940270437973078,0.007156782068623357,0.0044981157,-0.007774276807301694,-0.009132412861813988
XGB,COPPER,0,2021-07-01,2022-07-01,2022-01-03,2883,1.4848946309354938,0.009014364471246816,-0.0031394889,0.03330482948232527,0.011598540419920145
XGB,COPPER,0,2021-07-01,2022-07-01,2022-01-04,2884,1.496493171355414,0.008972957427199946,0.00453296,0.015111363061497185,-0.013866424055518856
XGB,COPPER,0,2021-07-01,2022-07-01,2022-01-05,2885,1.482626747299895,0.008446210301717771,-0.00435273,0.0015880151918277186,-0.012910766635443549
XGB,COPPER,0,2021-07-01,2022-07-01,2022-01-06,2886,1.4697159806644515,0.008908148884259726,-0.012277289,0.0064190678923290445,0.012570118384815032
XGB,COPPER,0,2021-07-01,2022-07-01,2022-01-07,2887,1.4822860990492666,0.009477218074428029,-0.00624869,0.013423069427343615,-0.013375406825257619
XGB,COPPER,0,2021-07-01,2022-07-01,2022-01-10,2888,1.468910692224009,0.014070070183211936,-0.015134217,0.05202380828204256,0.01734207476599714
XGB,COPPER,0,2021-07-01,2022-07-01,2022-01-11,2889,1.486252766990006,0.015019711133232638,-0.0050247284,0.020598514400878676,0.03194669342781298
XGB,COPPER,0,2021-07-01,2022-07-01,2022-01-12,2890,1.518199460417819,0.01099123154122772,0.0054237796,-0.0359133613685525,-0.006594926000907941
XGB,COPPER,0,2021-07-01,2022-07-01,2022-01-13,2891,1.5116045344169111,0.00810010523686766,-0.0026758856,-0.020274746523749165,-0.027389771925188322
XGB,COPPER,0,2021-07-01,2022-07-01,2022-01-14,2892,1.4842147624917228,0.009401783891323623,-0.012258685,0.020862115139770987,-0.008079713934942223
XGB,COPPER,0,2021-07-01,2022-07-01,2022-01-18,2893,1.4761350485567806,0.009316585214193873,-0.017229794,0.008419705934464172,0.019574119919829602
XGB,COPPER,0,2021-07-01,2022-07-01,2022-01-19,2894,1.4957091684766102,0.004991780264413048,-0.007493782,-0.036396720825790485,0.025225332029441327
XGB,COPPER,0,2021-07-01,2022-07-01,2022-01-20,2895,1.5209345005060515,-0.0014266021924784766,-0.0034210274,-0.05814220551794902,-0.014083219115166745
XGB,COPPER,0,2021-07-01,2022-07-01,2022-01-21,2896,1.5068512813908848,-0.0036035153096125594,-0.0070307087,-0.018677478843621254,-0.024565182341618197
XGB,COPPER,0,2021-07-01,2022-07-01,2022-01-24,2897,1.4822860990492666,-0.0019374492205732619,-0.017598134,0.019789334129162395,0.009043688843895392
XGB,COPPER,0,2021-07-01,2022-07-01,2022-01-25,2898,1.491329787893162,-0.0016389878697598004,-0.01803542,0.005275272709096779,0.01374708973833183
XGB,COPPER,0,2021-07-01,2022-07-01,2022-01-26,2899,1.5050768776314938,-0.0022757260199228746,-0.0053090258,-0.004672885370698099,-0.020522123140249038
XGB,COPPER,0,2021-07-01,2022-07-01,2022-01-27,2900,1.4845547544912447,-0.0013587415603346642,-0.011764845,0.010930315487955422,-0.025242306840425055
XGB,COPPER,0,2021-07-01,2022-07-01,2022-01-28,2901,1.4593124476508197,0.0017929704780375033,-0.023397362,0.03572416769070941,0.003479847337282793
XGB,COPPER,0,2021-07-01,2022-07-01,2022-01-31,2902,1.4627922949881025,0.008364832381133391,-0.02737194,0.0633727214695492,0.02538150755916102
XGB,COPPER,0,2021-07-01,2022-07-01,2022-02-01,2903,1.4881738025472635,0.013341577451187359,-0.016759122,0.0503049758989238,0.013901630631165451
XGB,COPPER,0,2021-07-01,2022-07-01,2022-02-02,2904,1.502075433178429,0.012746714776932233,-0.0019677368,0.003112483284961387,-0.005470372576170224
XGB,COPPER,0,2021-07-01,2022-07-01,2022-02-03,2905,1.4966050606022587,0.012753953829326203,-0.010681567,0.009137653576576144,0.0037989316585369526
XGB,COPPER,0,2021-07-01,2022-07-01,2022-02-04,2906,1.5004039922607957,0.012829696959777426,-0.010017759,0.010648987946463073,-0.004918922281595517
XGB,COPPER,0,2021-07-01,2022-07-01,2022-02-07,2907,1.4954850699792002,0.013783103856045198,-0.011103657,0.017552104294959125,-0.00044845463767106963
XGB,COPPER,0,2021-07-01,2022-07-01,2022-02-08,2908,1.495036615341529,0.014292527081661621,-0.006180861,0.01458098288603571,0.031128401116122584
XGB,COPPER,0,2021-07-01,2022-07-01,2022-02-09,2909,1.5261650164576517,0.011035722292534578,0.0013115129,-0.01776369715639481,0.012313761988535621
XGB,COPPER,0,2021-07-01,2022-07-01,2022-02-10,2910,1.5384787784461873,0.006023287164039992,0.00953422,-0.03218157418174883,-0.03329086198279696
XGB,COPPER,0,2021-07-01,2022-07-01,2022-02-11,2911,1.5051879164633903,0.004095767347494617,-0.004513695,-0.005230071450924578,0.0005547977154445327
XGB,COPPER,0,2021-07-01,2022-07-01,2022-02-14,2912,1.5057427141788349,0.0012512997390583536,-0.009313752,-0.011940146200124513,0.005310266028423882
XGB,COPPER,0,2021-07-01,2022-07-01,2022-02-15,2913,1.5110529802072588,-0.0013095214188418858,-0.007638509,-0.013217217057879482,0.0019841940669005353
XGB,COPPER,0,2021-07-01,2022-07-01,2022-02-16,2914,1.5130371742741593,-0.004953528623684367,-0.00402141,-0.021369804440936058,-0.0034195760465944858
XGB,COPPER,0,2021-07-01,2022-07-01,2022-02-17,2915,1.5096175982275648,-0.0034866534593804843,-0.00035022505,0.013499644335817296,-0.0012162789263079343
XGB,COPPER,0,2021-07-01,2022-07-01,2022-02-18,2916,1.5084013193012569,-0.00016326240982067475,-0.0066789677,0.029647983115461463,-0.002104115036818399
XGB,COPPER,0,2021-07-01,2022-07-01,2022-02-22,2917,1.5062972042644385,0.005467731232640327,-0.006845138,0.05636353979552178,-0.006339359251972709
XGB,COPPER,0,2021-07-01,2022-07-01,2022-02-23,2918,1.4999578450124658,0.013691037657092897,-0.009831078,0.09517826258861439,-0.006155277033755402
XGB,COPPER,0,2021-07-01,2022-07-01,2022-02-24,2919,1.4938025679787104,0.018710055884064936,-0.009730022,0.05842989653601083,0.004033195170668913
XGB,COPPER,0,2021-07-01,2022-07-01,2022-02-25,2920,1.4978357631493793,0.022795120384894396,-0.0074670846,0.04983312532174344,-0.00616839331615604
XGB,COPPER,0,2021-07-01,2022-07-01,2022-02-28,2921,1.4916673698332232,0.025671489495057154,-0.010017719,0.026532090584595824,0.03144987273015887
XGB,COPPER,0,2021-07-01,2022-07-01,2022-03-01,2922,1.523117242563382,0.025133444224216595,3.7424757e-05,0.012351117631522524,0.014932059853336233
XGB,COPPER,0,2021-07-01,2022-07-01,2022-03-02,2923,1.5380493024167183,0.022447534787935375,0.004286358,-0.008520735196173135,0.024611441643241916
XGB,COPPER,0,2021-07-01,2022-07-01,2022-03-03,2924,1.5626607440599602,0.015820470260944797,0.01266928,-0.055809462669075494,0.032475363541119906
XGB,COPPER,0,2021-07-01,2022-07-01,2022-03-04,2925,1.5951361076010802,0.00707767884313526,0.01806535,-0.09072540422213327,-0.04290364308635897
XGB,COPPER,0,2021-07-01,2022-07-01,2022-03-07,2926,1.5522324645147212,0.004342737255565776,0.003750899,-0.02878830432579549,-0.004563576043598472
XGB,COPPER,0,2021-07-01,2022-07-01,2022-03-08,2927,1.5476688884711227,0.0039046161875069263,-0.0036284362,-0.0021297482443054516,-0.02946942805330366
XGB,COPPER,0,2021-07-01,2022-07-01,2022-03-09,2928,1.518199460417819,0.006474557851774643,-0.009175641,0.03583149151601206,0.017268899777085567
XGB,COPPER,0,2021-07-01,2022-07-01,2022-03-10,2929,1.5354683601949046,0.007119192393320928,-0.004280467,0.01241323355802959,-0.005939792974359426
XGB,COPPER,0,2021-07-01,2022-07-01,2022-03-11,2930,1.5295285672205452,0.007871422955161078,-0.0057516997,0.015690800547323303,-0.022677285829660443
XGB,COPPER,0,2021-07-01,2022-07-01,2022-03-14,2931,1.5068512813908848,0.012480893990033604,-0.0129447095,0.05392141901261893,-0.002440578011937866
XGB,COPPER,0,2021-07-01,2022-07-01,2022-03-15,2932,1.504410703378947,0.016479775043584777,-0.019415257,0.049303079642642356,0.01903345680997881
XGB,COPPER,0,2021-07-01,2022-07-01,2022-03-16,2933,1.5234441601889257,0.017107320334838416,-0.013938978,0.02113515221854989,0.022094980037891565
XGB,COPPER,0,2021-07-01,2022-07-01,2022-03-17,2934,1.5455391402268173,0.01628393973450626,-0.00035619384,0.004997712031528767,0.008491811707013852
XGB,COPPER,0,2021-07-01,2022-07-01,2022-03-18,2935,1.5540309519338311,0.01445945420590955,-0.00076226244,-0.0029639940747754334,-0.006149358180896902
XGB,COPPER,0,2021-07-01,2022-07-01,2022-03-21,2936,1.5478815937529342,0.013997490650937694,-0.0022484781,0.008050060816505278,-0.0026622259850657137
XGB,COPPER,0,2021-07-01,2022-07-01,2022-03-22,2937,1.5452193677678685,0.0138729340659276,-0.01072736,0.011450485561811607,0.015553332635635186
XGB,COPPER,0,2021-07-01,2022-07-01,2022-03-23,2938,1.5607727004035037,0.009666558943805414,-0.0020554233,-0.016940569507529535,-0.007058917381914442
XGB,COPPER,0,2021-07-01,2022-07-01,2022-03-24,2939,1.5537137830215892,0.009651956541661066,-0.003995946,0.009994324826013257,-0.009134470614113654
XGB,COPPER,0,2021-07-01,2022-07-01,2022-03-25,2940,1.5445793124074756,0.011379606158961053,-0.0054993373,0.02215982240308545,0.005957539850870441
XGB,COPPER,0,2021-07-01,2022-07-01,2022-03-28,2941,1.550536852258346,0.010350500622579695,-0.005833307,0.004128035134356445,0.0005301056007096516
XGB,COPPER,0,2021-07-01,2022-07-01,2022-03-29,2942,1.5510669578590557,0.008102533612223795,-0.005942273,-0.004568808636236543,0.004864696710383809
XGB,COPPER,0,2021-07-01,2022-07-01,2022-03-30,2943,1.5559316545694395,0.006044431219364377,-0.002653903,-0.004122899422897897,0.0007381987602406159
XGB,COPPER,0,2021-07-01,2022-07-01,2022-03-31,2944,1.55666985332968,0.001670874295715441,-0.006448956,-0.024437015101254067,-0.012837722433705956
XGB,COPPER,0,2021-07-01,2022-07-01,2022-04-01,2945,1.5438321308959742,0.001977007939424791,-0.011575342,0.004581078889404067,0.01987597695162835
XGB,COPPER,0,2021-07-01,2022-07-01,2022-04-04,2946,1.5637081078476025,-0.0007612931127791711,-0.0075373156,-0.014657392433578442,0.0030310269629585385
XGB,COPPER,0,2021-07-01,2022-07-01,2022-04-05,2947,1.566739134810561,-0.0034991848150387472,-0.0055387984,-0.015566128891010944,-0.012074247417858563
XGB,COPPER,0,2021-07-01,2022-07-01,2022-04-06,2948,1.5546648873927025,-0.00184019477063746,-0.009170503,0.01311735056795671,-0.008166738169883336
XGB,COPPER,0,2021-07-01,2022-07-01,2022-04-07,2949,1.5464981492228191,-0.0012912039214958426,-0.018682927,0.004038703035526892,0.005310605923722456
XGB,COPPER,0,2021-07-01,2022-07-01,2022-04-08,2950,1.5518087551465416,-0.0032401160891373237,-0.015315521,-0.015049091183117147,-0.019575916918115555
XGB,COPPER,0,2021-07-01,2022-07-01,2022-04-11,2951,1.532232838228426,-0.0011818514786519074,-0.021817956,0.016074030405619055,0.016180371556952178
XGB,COPPER,0,2021-07-01,2022-07-01,2022-04-12,2952,1.5484132097853782,-0.0039969969983488784,-0.012866138,-0.026168513215899747,0.0006375056286458403
XGB,COPPER,0,2021-07-01,2022-07-01,2022-04-13,2953,1.549050715414024,-0.008594692850303343,-0.013033467,-0.05637139017038839,0.0021222905055260366
XGB,COPPER,0,2021-07-01,2022-07-01,2022-04-14,2954,1.55117300591955,-0.014180865862263747,-0.0073052654,-0.06051861658792612,0.01660923204110909
XGB,COPPER,0,2021-07-01,2022-07-01,2022-04-18,2955,1.5677822379606592,-0.022138062463745722,-0.0005068472,-0.07386737225089268,-0.017245385702313154
XGB,COPPER,0,2021-07-01,2022-07-01,2022-04-19,2956,1.550536852258346,-0.028745760420118005,-0.016659494,-0.06586886481048504,-0.013777188294921583
XGB,COPPER,0,2021-07-01,2022-07-01,2022-04-20,2957,1.5367596639634244,-0.03416086721260059,-0.016549326,-0.05629213716609893,0.011547204670620648
XGB,COPPER,0,2021-07-01,2022-07-01,2022-04-21,2958,1.548306868634045,-0.042220094734862545,-0.008726832,-0.10009464234862908,-0.026062172064566624
XGB,COPPER,0,2021-07-01,2022-07-01,2022-04-22,2959,1.5222446965694785,-0.04772657879811493,-0.02042396,-0.07039672614605053,-0.029565371325842804
XGB,COPPER,0,2021-07-01,2022-07-01,2022-04-25,2960,1.4926793252436357,-0.04957427537142012,-0.031559173,-0.027458311160023285,-0.002024935912011694
XGB,COPPER,0,2021-07-01,2022-07-01,2022-04-26,2961,1.490654389331624,-0.05155616282487263,-0.0317473,-0.03553387289165766,0.0032604763781425294
XGB,COPPER,0,2021-07-01,2022-07-01,2022-04-27,2962,1.4939148657097665,-0.05388039820659385,-0.025870237,-0.04429368247931498,-0.009246878261905511
XGB,COPPER,0,2021-07-01,2022-07-01,2022-04-28,2963,1.484667987447861,-0.05625347604208408,-0.031032542,-0.051251557469893294,-0.004200460650535476
XGB,COPPER,0,2021-07-01,2022-07-01,2022-04-29,2964,1.4804675267973255,-0.05865736083465567,-0.033519495,-0.056275440838009505,-0.0322553005119095
XGB,COPPER,0,2021-07-01,2022-07-01,2022-05-02,2965,1.448212226285416,-0.057092388393838345,-0.042367626,-0.010155907967783318,0.0036357441380119315
XGB,COPPER,0,2021-07-01,2022-07-01,2022-05-03,2966,1.451847970423428,-0.05734215197655712,-0.03477788,-0.03964222287263297,0.013373043660184436
XGB,COPPER,0,2021-07-01,2022-07-01,2022-05-04,2967,1.4652210140836124,-0.05663557219066817,-0.022680247,-0.03479015017565401,-0.010100497643646067
XGB,COPPER,0,2021-07-01,2022-07-01,2022-05-05,2968,1.4551205164399663,-0.05404226774283294,-0.025495067,-0.020869713714085414,-0.0054993332095147895
XGB,COPPER,0,2021-07-01,2022-07-01,2022-05-06,2969,1.4496211832304515,-0.04915906754404187,-0.027093932,-0.0051758346709447345,-0.016204753252483828
XGB,COPPER,0,2021-07-01,2022-07-01,2022-05-09,2970,1.4334164299779677,-0.044322431909860516,-0.03467179,-0.0026267906603631985,-0.009224344018651687
XGB,COPPER,0,2021-07-01,2022-07-01,2022-05-10,2971,1.424192085959316,-0.035700633635157075,-0.03552712,0.030928430480650304,0.013864232358316686
XGB,COPPER,0,2021-07-01,2022-07-01,2022-05-11,2972,1.4380563183176327,-0.029355196442482745,-0.020951439,0.016130340923919517,-0.02585057076683772
XGB,COPPER,0,2021-07-01,2022-07-01,2022-05-12,2973,1.412205747550795,-0.019088682724751393,-0.030981928,0.05739518459765813,0.018225116357163396
XGB,COPPER,0,2021-07-01,2022-07-01,2022-05-13,2974,1.4304308639079584,-0.01169722645248683,-0.015436385,0.03409687937606054,0.00381993881792253
XGB,COPPER,0,2021-07-01,2022-07-01,2022-05-16,2975,1.434250802725881,-0.006568655514996857,-0.008181905,0.01900101492406603,0.01019454583362589
XGB,COPPER,0,2021-07-01,2022-07-01,2022-05-17,2976,1.4444453485595068,-0.003661392213502701,-0.005800256,0.0036494403614633075,-0.013655709241902292
XGB,COPPER,0,2021-07-01,2022-07-01,2022-05-18,2977,1.4307896393176045,0.002338902006450816,-0.013688357,0.028755160497703658,0.024330877122361816
XGB,COPPER,0,2021-07-01,2022-07-01,2022-05-19,2978,1.4551205164399663,0.005148538223640919,-0.005524413,0.002331056759685257,-0.0009338571984141009
XGB,COPPER,0,2021-07-01,2022-07-01,2022-05-20,2979,1.4541866592415522,0.008729426367050985,-0.004334378,0.01138086515299741,0.015414272906900894
XGB,COPPER,0,2021-07-01,2022-07-01,2022-05-23,2980,1.469600932148453,0.010588288773764942,0.004144152,0.04640501371397088,-0.005073188864434197
XGB,COPPER,0,2021-07-01,2022-07-01,2022-05-24,2981,1.464527743284019,0.011865218895516838,0.0046194224,0.0345371031490076,-0.011275925634071982
XGB,COPPER,0,2021-07-01,2022-07-01,2022-05-25,2982,1.453251817649947,0.014382434882552975,-0.0010264441,0.037289907188309934,-0.005157028728976831
XGB,COPPER,0,2021-07-01,2022-07-01,2022-05-26,2983,1.44809478892097,0.01781205296551458,-0.0039662044,0.042446935917286766,0.011450010894338059
XGB,COPPER,0,2021-07-01,2022-07-01,2022-05-27,2984,1.4595447998153082,0.020286958706305036,0.004506469,0.035267566243063486,-0.002093226615656585
XGB,COPPER,0,2021-07-01,2022-07-01,2022-05-31,2985,1.4574515731996516,0.021054464428799102,-0.00083393854,0.021649823600052853,0.008115951194898052
XGB,COPPER,0,2021-07-01,2022-07-01,2022-06-01,2986,1.4655675243945496,0.01817763296788777,0.0034278242,-0.006719943098039138,0.05043842146787436
XGB,COPPER,0,2021-07-01,2022-07-01,2022-06-02,2987,1.516005945862424,0.012816360654045011,0.012021059,-0.07700059196992526,-0.016941099429397477
XGB,COPPER,0,2021-07-01,2022-07-01,2022-06-03,2988,1.4990648464330265,0.006750846845622771,0.0040171416,-0.07318926572899787,-0.008523121594769645
XGB,COPPER,0,2021-07-01,2022-07-01,2022-06-06,2989,1.4905417248382569,0.0008928936670806742,-0.0007832135,-0.06322538461872318,0.0
XGB,COPPER,0,2021-07-01,2022-07-01,2022-06-07,2990,1.4905417248382569,-0.007001158690227438,-0.00681239,-0.07663219946848909,0.004270641220114779
XGB,COPPER,0,2021-07-01,2022-07-01,2022-06-08,2991,1.4948123660583716,-0.017744925014963053,-0.0024702346,-0.10415256641924464,-0.015710969258667218
XGB,COPPER,0,2021-07-01,2022-07-01,2022-06-09,2992,1.4791013967997044,-0.02592989066547502,-0.009664222,-0.08211435141625345,-0.02025381550319394
XGB,COPPER,0,2021-07-01,2022-07-01,2022-06-10,2993,1.4588475812965105,-0.03359441307976874,-0.014702401,-0.0847523430796906,-0.01984222740401176
XGB,COPPER,0,2021-07-01,2022-07-01,2022-06-13,2994,1.4390053538924987,-0.040082707099832415,-0.02082226,-0.1149853858683596,-0.013129773188470084
XGB,COPPER,0,2021-07-01,2022-07-01,2022-06-14,2995,1.4258755807040286,-0.045820423257044274,-0.025674716,-0.10145662583859338,0.0014407595155050412
XGB,COPPER,0,2021-07-01,2022-07-01,2022-06-15,2996,1.4273163402195337,-0.05169433600552553,-0.024576021,-0.09785690424354998,-0.013406814849765913
XGB,COPPER,0,2021-07-01,2022-07-01,2022-06-16,2997,1.4139095253697678,-0.05618160732298905,-0.02821534,-0.08312789535049614,-0.02324972573064077
XGB,COPPER,0,2021-07-01,2022-07-01,2022-06-17,2998,1.390659799639127,-0.05881423691332466,-0.03728602,-0.0612003636631433,0.006327245744323973
XGB,COPPER,0,2021-07-01,2022-07-01,2022-06-21,2999,1.396987045383451,-0.06353697235641498,-0.036034312,-0.08474297912439743,-0.022891807166631084
XGB,COPPER,0,2021-07-01,2022-07-01,2022-06-22,3000,1.37409523821682,-0.0678831331748555,-0.043850157,-0.08789750523003903,-0.050075270192680765
XGB,COPPER,1,2022-07-01,2023-07-01,2022-07-01,3007,1.2861977329867809,-0.07883380074738877,-0.025496423,-0.08457769080312749,-0.05509627519484517
XGB,COPPER,1,2022-07-01,2023-07-01,2022-07-05,3008,1.2311014577919357,-0.08063883750802758,-0.030681204,-0.06467476894587265,-0.002045878120812139
XGB,COPPER,1,2022-07-01,2023-07-01,2022-07-06,3009,1.2290555796711236,-0.08120380450798059,-0.03070886,-0.055181244398019746,0.04686572875972961
XGB,COPPER,1,2022-07-01,2023-07-01,2022-07-07,3010,1.2759213084308532,-0.08274502020120988,-0.024662094,-0.06755814099147828,-0.014057007328479143
XGB,COPPER,1,2022-07-01,2023-07-01,2022-07-08,3011,1.261864301102374,-0.08429861266479732,-0.027355913,-0.07052088536168277,-0.027119838109684435
XGB,COPPER,1,2022-07-01,2023-07-01,2022-07-11,3012,1.2347444629926896,-0.08270953400336545,-0.034101438,-0.03192233245428078,-0.041883173257639905
XGB,COPPER,1,2022-07-01,2023-07-01,2022-07-12,3013,1.1928612897350497,-0.07941182347339315,-0.035949044,0.0016670696261109619,0.00875875244860369
XGB,COPPER,1,2022-07-01,2023-07-01,2022-07-13,3014,1.2016200421836534,-0.07416680372694096,-0.032494195,0.006892446171604449,-0.03519335333759033
XGB,COPPER,1,2022-07-01,2023-07-01,2022-07-14,3015,1.166426688846063,-0.06616856536688909,-0.03782369,0.04283214096906218,0.007447646427040766
XGB,COPPER,1,2022-07-01,2023-07-01,2022-07-15,3016,1.1738743352731038,-0.056564147727206304,-0.033786606,0.044740726053648094,0.03448883216627108
XGB,COPPER,1,2022-07-01,2023-07-01,2022-07-18,3017,1.2083631674393749,-0.04807556755835041,-0.018640779,0.024051340550470757,-0.01701975169868364
XGB,COPPER,1,2022-07-01,2023-07-01,2022-07-19,3018,1.1913434157406912,-0.03639913813092521,-0.027237033,0.05425103583219859,0.01147871479771756
XGB,COPPER,1,2022-07-01,2023-07-01,2022-07-20,3019,1.2028221305384088,-0.02363839668748069,-0.015990833,0.07365739544096583,-0.008293771177248166
XGB,COPPER,1,2022-07-01,2023-07-01,2022-07-21,3020,1.1945283593611606,-0.011160081550493306,-0.016712286,0.07298247865625385,0.013984128994097178
XGB,COPPER,1,2022-07-01,2023-07-01,2022-07-22,3021,1.2085124883552578,-0.0013937445604303988,-0.014179132,0.051226063571094826,0.0007463414598674056
XGB,COPPER,1,2022-07-01,2023-07-01,2022-07-25,3022,1.2092588298151252,0.005464026493876339,-0.007838338,0.03475168023375308,0.009356231511626678
XGB,COPPER,1,2022-07-01,2023-07-01,2022-07-26,3023,1.218615061326752,0.011322537348158468,-0.0050887116,0.0292789415570609,0.01379944666309374
XGB,COPPER,1,2022-07-01,2023-07-01,2022-07-27,3024,1.2324145079898456,0.0169718305797939,0.0020311498,0.035377801533457376,0.013179943583044196
XGB,COPPER,1,2022-07-01,2023-07-01,2022-07-28,3025,1.2455944515728898,0.021788018199003112,0.008149425,0.031861156096105514,0.030885074406484803
XGB,COPPER,1,2022-07-01,2023-07-01,2022-07-29,3026,1.2764795259793746,0.02436882903275661,0.015860137,0.002368805027790799,-0.008968687961960153
XGB,COPPER,1,2022-07-01,2023-07-01,2022-08-01,3027,1.2675108380174145,0.02890524490392643,0.009494297,0.02872202699346782,-0.007772286091061842
XGB,COPPER,1,2022-07-01,2023-07-01,2022-08-02,3028,1.2597385519263526,0.035197883232287674,0.0053044446,0.05142808701573931,-0.01572804187747434
XGB,COPPER,1,2022-07-01,2023-07-01,2022-08-03,3029,1.2440105100488783,0.04179201284029688,0.0017184827,0.057814726614206835,0.003883492834934499
XGB,COPPER,1,2022-07-01,2023-07-01,2022-08-04,3030,1.2478940028838128,0.04500614800353353,0.0079333205,0.04106311115632044,0.019898306639490215
XGB,COPPER,1,2022-07-01,2023-07-01,2022-08-05,3031,1.267792309523303,0.04620245208355045,0.012345091,0.023229338570080138,0.009663298145692334
XGB,COPPER,1,2022-07-01,2023-07-01,2022-08-08,3032,1.2774556076689954,0.04396695592263944,0.016817993,0.0029225416422988815,0.0013927233381700876
XGB,COPPER,1,2022-07-01,2023-07-01,2022-08-09,3033,1.2788483310071654,0.04285258806764758,0.017528905,0.014919502772629434,0.017384534003716867
XGB,COPPER,1,2022-07-01,2023-07-01,2022-08-10,3034,1.2962328650108823,0.04125748248290617,0.022083497,0.0076305361106858705,0.014933773931209648
XGB,COPPER,1,2022-07-01,2023-07-01,2022-08-11,3035,1.311166638942092,0.03747719007985317,0.02852254,-0.010838735460895643,-0.009341402279006816
XGB,COPPER,1,2022-07-01,2023-07-01,2022-08-12,3036,1.3018252366630851,0.03620363080042455,0.020316113,0.007723049399147364,-0.012868122622951894
XGB,COPPER,1,2022-07-01,2023-07-01,2022-08-15,3037,1.2889571140401332,0.03469845346524858,0.0142468,0.008642649612047082,0.0020645340532499112
XGB,COPPER,1,2022-07-01,2023-07-01,2022-08-16,3038,1.2910216480933832,0.034434588360829466,0.014191907,0.0201449908487088,-0.010643498782088923
XGB,COPPER,1,2022-07-01,2023-07-01,2022-08-17,3039,1.2803781493112942,0.03588168562126515,0.0073401663,0.03105793924978273,0.01338968446850064
XGB,COPPER,1,2022-07-01,2023-07-01,2022-08-18,3040,1.2937678337797949,0.03174785356445309,0.010039093,-0.005499867937473368,0.010095567341773304
XGB,COPPER,1,2022-07-01,2023-07-01,2022-08-19,3041,1.3038634011215682,0.02394479858640297,0.011711835,-0.0383252196159134,-0.003535497640371865
XGB,COPPER,1,2022-07-01,2023-07-01,2022-08-22,3042,1.3003279034811963,0.015854345870214503,0.011213494,-0.042293115578433405,0.00922038258103619
XGB,COPPER,1,2022-07-01,2023-07-01,2022-08-23,3043,1.3095482860622325,0.00488394764699196,0.0163102,-0.08151721720182814,-0.011948522410052176
XGB,COPPER,1,2022-07-01,2023-07-01,2022-08-24,3044,1.2975997636521803,-0.0038577020120535988,0.007021441,-0.06752072171858114,0.013566875289911628
XGB,COPPER,1,2022-07-01,2023-07-01,2022-08-25,3045,1.311166638942092,-0.012554981030891144,0.009739714,-0.06730024181366745,0.0002694496189850071
XGB,COPPER,1,2022-07-01,2023-07-01,2022-08-26,3046,1.311436088561077,-0.02212981808270187,0.006974289,-0.07654619214132241,-0.023168122718755457
XGB,COPPER,1,2022-07-01,2023-07-01,2022-08-29,3047,1.2882679658423215,-0.023912793532858245,0.0008458851,-0.025271817291064647,-0.022729784336666725
XGB,COPPER,1,2022-07-01,2023-07-01,2022-08-30,3048,1.2655381815056548,-0.021746364424919173,-0.006884082,0.010103934544258397,-0.007503393602891872
XGB,COPPER,1,2022-07-01,2023-07-01,2022-08-31,3049,1.258034787902763,-0.01702276426410343,-0.011497734,0.029957411930988442,-0.030003719042358545
XGB,COPPER,1,2022-07-01,2023-07-01,2022-09-01,3050,1.2280310688604044,-0.011778745239464428,-0.017883815,0.047611047189508815,0.00204797307319482
XGB,COPPER,1,2022-07-01,2023-07-01,2022-09-02,3051,1.2300790419335992,-0.00743076622383132,-0.01407814,0.03560016312554293,0.013787355194825324
XGB,COPPER,1,2022-07-01,2023-07-01,2022-09-06,3052,1.2438663971284245,-0.005429775905999801,-0.0058068056,0.015588406912716568,-0.008976500708669954
XGB,COPPER,1,2022-07-01,2023-07-01,2022-09-07,3053,1.2348898964197546,-0.0007241233140855563,-0.006415726,0.03515153840631857,0.028106252131502307
XGB,COPPER,1,2022-07-01,2023-07-01,2022-09-08,3054,1.2629961485512569,0.00011122682124398153,0.004344918,0.006061870261697244,0.012645967498656319
XGB,COPPER,1,2022-07-01,2023-07-01,2022-09-09,3055,1.2756421160499132,-0.0008103985211134201,0.011986691,-0.009258024185787805,0.012350083783838173
XGB,COPPER,1,2022-07-01,2023-07-01,2022-09-12,3056,1.2879921998337514,-0.004699064215949678,0.020008244,-0.03180650016471409,-0.012350083783838173
XGB,COPPER,1,2022-07-01,2023-07-01,2022-09-13,3057,1.2756421160499132,-0.007613347569113804,0.011752257,-0.023307779770246118,-0.009962910990771068
XGB,COPPER,1,2022-07-01,2023-07-01,2022-09-14,3058,1.265679205059142,-0.011833059354055875,0.006107795,-0.05032145134082633,-0.006224401018001036
XGB,COPPER,1,2022-07-01,2023-07-01,2022-09-15,3059,1.259454804041141,-0.016782201041838807,0.0029434296,-0.06144979336892109,0.01058663078493205
XGB,COPPER,1,2022-07-01,2023-07-01,2022-09-16,3060,1.2700414348260731,-0.023298514861769037,0.006960524,-0.06917345922923057,-0.0009834160131190206
XGB,COPPER,1,2022-07-01,2023-07-01,2022-09-19,3061,1.269058018812954,-0.027381601307345127,0.0051474413,-0.05059077736009554,-0.002673926948828731
XGB,COPPER,1,2022-07-01,2023-07-01,2022-09-20,3062,1.2663840918641254,-0.028955781260677327,0.0027710705,-0.03091260384496408,-0.010198392195088113
XGB,COPPER,1,2022-07-01,2023-07-01,2022-09-21,3063,1.2561856996690373,-0.02874743151246606,-0.0015954117,-0.020133027370113243,-0.0038513633893701993
XGB,COPPER,1,2022-07-01,2023-07-01,2022-09-22,3064,1.252334336279667,-0.027245856929855483,-0.0033495163,-0.01164396501426257,-0.03697658256135128
XGB,COPPER,1,2022-07-01,2023-07-01,2022-09-23,3065,1.2153577537183158,-0.020931575435766625,-0.01268675,0.04253486060911116,-0.017352743046095798
XGB,COPPER,1,2022-07-01,2023-07-01,2022-09-26,3066,1.19800501067222,-0.012299298014637916,-0.01961052,0.06400083300347048,0.0028629649246225686
XGB,COPPER,1,2022-07-01,2023-07-01,2022-09-27,3067,1.2008679755968426,-0.0060169971982027,-0.015282126,0.044726475976047286,0.01759926585601601
XGB,COPPER,1,2022-07-01,2023-07-01,2022-09-28,3068,1.2184672414528586,-0.004263220148297497,-0.007069081,0.008977891111719094,0.017004246566302728
XGB,COPPER,1,2022-07-01,2023-07-01,2022-09-29,3069,1.2354714880191613,-0.002923637935729806,0.008133721,0.003916730916733613,0.0005811842797627254
XGB,COPPER,1,2022-07-01,2023-07-01,2022-09-30,3070,1.236052672298924,-0.0007242470168755677,0.005301171,0.010404722245416442,0.004637698966480475
XGB,COPPER,1,2022-07-01,2023-07-01,2022-10-03,3071,1.2406903712654045,-0.000611465573390646,0.010264094,-0.003911624074090181,0.01720224306202245
XGB,COPPER,1,2022-07-01,2023-07-01,2022-10-04,3072,1.257892614327427,-0.0016571534972651403,0.017077705,-0.014458749371544455,0.004113229348263525
XGB,COPPER,1,2022-07-01,2023-07-01,2022-10-05,3073,1.2620058436756905,-0.004138602866068375,0.020274505,-0.02348669228052369,-0.016411392102800626
XGB,COPPER,1,2022-07-01,2023-07-01,2022-10-06,3074,1.2455944515728898,-0.003898939067514373,0.013359059,-0.005627319590086666,-0.01814931900831218
XGB,COPPER,1,2022-07-01,2023-07-01,2022-10-07,3075,1.2274451325645777,-0.003636000155698982,0.004625029,-0.0017597316575257427,0.011943086371317246
XGB,COPPER,1,2022-07-01,2023-07-01,2022-10-10,3076,1.239388218935895,-0.006759005275031482,0.007537169,-0.027298417561491872,0.007069175608445555
XGB,COPPER,1,2022-07-01,2023-07-01,2022-10-11,3077,1.2464573945443405,-0.007130735256599685,0.01153601,-0.007793357613502305,-0.009678647353026149
XGB,COPPER,1,2022-07-01,2023-07-01,2022-10-12,3078,1.2367787471913143,-0.004136786962742001,0.007504631,0.02253415270918535,0.006655117764568175
XGB,COPPER,1,2022-07-01,2023-07-01,2022-10-13,3079,1.2434338649558825,-0.0034786511879127957,0.0052785706,0.0034547562437410306,-0.004914713560715711
XGB,COPPER,1,2022-07-01,2023-07-01,2022-10-14,3080,1.2385191513951668,-0.0030027591214780713,0.0026722709,0.0,0.0014479805876363994
XGB,COPPER,1,2022-07-01,2023-07-01,2022-10-17,3081,1.2399671319828032,-0.00021719635513584024,0.004995622,0.0491277415863669,-0.014281731075751258
XGB,COPPER,1,2022-07-01,2023-07-01,2022-10-18,3082,1.225685400907052,0.0053010727953011205,-0.003047844,0.062306798926699436,-0.013595599532648883
XGB,COPPER,1,2022-07-01,2023-07-01,2022-10-19,3083,1.212089801374403,0.009197793727488746,-0.008667369,0.03091141303171807,0.026574235556435122
XGB,COPPER,1,2022-07-01,2023-07-01,2022-10-20,3084,1.2386640369308382,0.008327920846134651,0.0018355916,-0.010925858380288478,0.020648862969661508
XGB,COPPER,1,2022-07-01,2023-07-01,2022-10-21,3085,1.2593128999004997,0.007117833626282266,0.009684562,-0.0038393151034183948,-0.012424278700876146
XGB,COPPER,1,2022-07-01,2023-07-01,2022-10-24,3086,1.2468886211996235,0.007226129800147918,0.0019698138,0.007444564773432694,-0.008369469804456742
XGB,COPPER,1,2022-07-01,2023-07-01,2022-10-25,3087,1.2385191513951668,0.007126459607306401,-0.0058974605,0.001737380458836535,0.0505757221740033
XGB,COPPER,1,2022-07-01,2023-07-01,2022-10-26,3088,1.28909487356917,0.007537206826853549,0.0032201337,0.02314919268988347,-0.0011026737354187244
XGB,COPPER,1,2022-07-01,2023-07-01,2022-10-27,3089,1.2879921998337514,0.006647035727316286,0.0062053883,0.0011026737354187244,-0.04499098542763025
XGB,COPPER,1,2022-07-01,2023-07-01,2022-10-28,3090,1.243001214406121,0.010490208776397614,-0.0007198381,0.06681695763382045,-0.015263035855571427
XGB,COPPER,1,2022-07-01,2023-07-01,2022-10-31,3091,1.2277381785505497,0.01635776916552456,-0.007988383,0.0917483954790721,0.02773540624653159
XGB,COPPER,1,2022-07-01,2023-07-01,2022-11-01,3092,1.2554735847970813,0.02193464789129318,-0.002501039,0.07847429695552566,-0.0011403988240250573
XGB,COPPER,1,2022-07-01,2023-07-01,2022-11-02,3093,1.2543331859730562,0.029591617568972772,0.00012163269,0.11963551918043636,-0.0140766541190529
XGB,COPPER,1,2022-07-01,2023-07-01,2022-11-03,3094,1.2402565318540033,0.036767100317895984,-0.004105402,0.10911448010901625,0.07198753440505024
XGB,COPPER,1,2022-07-01,2023-07-01,2022-11-04,3095,1.3122440662590535,0.04087829291328382,0.000945082,0.0330980706133861,-0.02314919268988347
XGB,COPPER,1,2022-07-01,2023-07-01,2022-11-07,3096,1.28909487356917,0.04466453193668474,0.0013258415,0.04274332995200103,0.02072329847077148
XGB,COPPER,1,2022-07-01,2023-07-01,2022-11-08,3097,1.3098181720399416,0.04431596152259276,0.0062095155,-0.004327199192289077,0.00966840198968022
XGB,COPPER,1,2022-07-01,2023-07-01,2022-11-09,3098,1.3194865740296218,0.04113924058277707,0.010468227,-0.02970312169299194,0.01446130772298515
XGB,COPPER,1,2022-07-01,2023-07-01,2022-11-10,3099,1.333947881752607,0.03455134714078767,0.016154492,-0.06096218851616797,0.04002082340088564
XGB,COPPER,1,2022-07-01,2023-07-01,2022-11-11,3100,1.3739687051534926,0.026799733872106657,0.027100297,-0.08901515903063073,-0.024597693190473002
XGB,COPPER,1,2022-07-01,2023-07-01,2022-11-14,3101,1.3493710119630196,0.02039604608659884,0.01627173,-0.06358781398555724,-0.00402887509057992
XGB,COPPER,1,2022-07-01,2023-07-01,2022-11-15,3102,1.3453421368724396,0.013924674187599129,0.012600794,-0.05707417103011814,-0.013503933351268538
XGB,COPPER,1,2022-07-01,2023-07-01,2022-11-16,3103,1.331838203521171,0.007704321717724394,0.0076702554,-0.047991909669881316,-0.02634723067351863
XGB,COPPER,1,2022-07-01,2023-07-01,2022-11-17,3104,1.3054909728476525,0.004740704693489528,0.0030856216,-0.016258293044469907,-0.015707520511022643
XGB,COPPER,1,2022-07-01,2023-07-01,2022-11-18,3105,1.2897834523366298,0.0068190390294240455,-0.0068249647,0.026490738907691158,-0.01679775910019088
XGB,COPPER,1,2022-07-01,2023-07-01,2022-11-21,3106,1.272985693236439,0.012999635887867678,-0.011110424,0.06569278543657764,0.01196785288642288
XGB,COPPER,1,2022-07-01,2023-07-01,2022-11-22,3107,1.2849535461228618,0.018893843163405144,-0.0026158136,0.06259999956808882,0.0008296518546004883
XGB,COPPER,1,2022-07-01,2023-07-01,2022-11-23,3108,1.2857831979774623,0.022446101317366463,0.0015914782,0.0464508857891599,0.002484767864859183
XGB,COPPER,1,2022-07-01,2023-07-01,2022-11-25,3109,1.2882679658423215,0.026324665480851328,-0.0026279446,0.04975486561980791,-0.004421671991031717
XGB,COPPER,1,2022-07-01,2023-07-01,2022-11-28,3110,1.2838462938512898,0.03207262491850038,0.0017054669,0.06565440198721184,0.00538638595189278
XGB,COPPER,1,2022-07-01,2023-07-01,2022-11-29,3111,1.2892326798031826,0.03762885056575538,0.0020226822,0.06673135166124933,0.02704151144113842
XGB,COPPER,1,2022-07-01,2023-07-01,2022-11-30,3112,1.316274191244321,0.03909149177641602,0.016303107,0.03852948408470214,0.022404287428695602
XGB,COPPER,1,2022-07-01,2023-07-01,2022-12-01,3113,1.3386784786730166,0.034854557903779115,0.018735444,-0.004072210643651486,0.008875067017934057
XGB,COPPER,1,2022-07-01,2023-07-01,2022-12-02,3114,1.3475535456909506,0.03101529838214856,0.02120169,-0.002211408818511007,-0.015319461924328426
XGB,COPPER,1,2022-07-01,2023-07-01,2022-12-05,3115,1.3322340837666222,0.030566159188005537,0.012103926,0.02231157903868808,0.00578874769550719
XGB,COPPER,1,2022-07-01,2023-07-01,2022-12-06,3116,1.3380228314621294,0.02585386993639105,0.013977323,-0.012806316809614193,0.011477864376372215
XGB,COPPER,1,2022-07-01,2023-07-01,2022-12-07,3117,1.3495006958385016,0.019626595317064455,0.01679551,-0.02468291325878247,0.0064633356259302666
XGB,COPPER,1,2022-07-01,2023-07-01,2022-12-08,3118,1.355964031464432,0.01345154997377862,0.0192429,-0.025446687830297465,-0.0011603561354087688
XGB,COPPER,1,2022-07-01,2023-07-01,2022-12-09,3119,1.3548036753290231,0.008262179090380517,0.014425657,-0.020460747465768536,-0.02019740729965802
XGB,COPPER,1,2022-07-01,2023-07-01,2022-12-12,3120,1.334606268029365,0.006653828910342829,0.0061609996,0.001972499341164946,0.010735868843074536
XGB,COPPER,1,2022-07-01,2023-07-01,2022-12-13,3121,1.3453421368724396,0.0017764230471064568,0.010210943,-0.02318640584890086,0.00920352593287066
XGB,COPPER,1,2022-07-01,2023-07-01,2022-12-14,3122,1.3545456628053103,-0.001934147921006657,0.012434261,-0.018755440880718233,-0.02932914815279508
XGB,COPPER,1,2022-07-01,2023-07-01,2022-12-15,3123,1.3252165146525152,-0.0007907959150788013,0.001105603,0.01856168548201298,-0.0003987320727960597
XGB,COPPER,1,2022-07-01,2023-07-01,2022-12-16,3124,1.3248177825797192,0.0004940303827933867,-0.0044371327,0.018569082008575988,0.00569956105441527
XGB,COPPER,1,2022-07-01,2023-07-01,2022-12-19,3125,1.3305173436341344,0.0006550751730056703,-0.00041052393,0.009994850787741205,0.0038255842291201603
XGB,COPPER,1,2022-07-01,2023-07-01,2022-12-20,3126,1.3343429278632546,-0.0002621356377827677,0.0012404937,0.0021044688813889323,0.002235839507275461
XGB,COPPER,1,2022-07-01,2023-07-01,2022-12-21,3127,1.33657876737053,-0.0028850016500723275,0.006516075,-0.010565328525657947,-0.01442303634699127
XGB,COPPER,1,2022-07-01,2023-07-01,2022-12-22,3128,1.3221557310235388,-0.004424545311286554,0.00014113577,-0.0032038061326467027,0.013634490901053287
XGB,COPPER,1,2022-07-01,2023-07-01,2022-12-23,3129,1.335790221924592,-0.0041192736098289995,0.0067212908,0.003936523861230112,0.00798797820993613
XGB,COPPER,1,2022-07-01,2023-07-01,2022-12-27,3130,1.3437782001345282,-0.0021530325775938053,0.01184989,0.019375457319716016,-0.00039133554623305145
XGB,COPPER,1,2022-07-01,2023-07-01,2022-12-28,3131,1.3433868645882951,0.002137236944664389,0.009925155,0.047521797060269044,-0.002874670166419513
XGB,COPPER,1,2022-07-01,2023-07-01,2022-12-29,3132,1.3405121944218756,0.00837060791723454,0.0060460214,0.062393410930052795,-0.004064797677232113
XGB,COPPER,1,2022-07-01,2023-07-01,2022-12-30,3133,1.3364473967446435,0.016978907222180428,0.0040194765,0.08774468921467249,-0.010433957899771418
XGB,COPPER,1,2022-07-01,2023-07-01,2023-01-03,3134,1.326013438844872,0.028262938596611553,-0.004542643,0.10573215419477222,-0.007061513953980025
XGB,COPPER,1,2022-07-01,2023-07-01,2023-01-04,3135,1.318951924890892,0.04128468922605477,-0.004812536,0.1179167176587208,0.0207748208949301
XGB,COPPER,1,2022-07-01,2023-07-01,2023-01-05,3136,1.3397267457858222,0.050540022237630655,0.00019774618,0.09892288186915632,0.023426911668422035
XGB,COPPER,1,2022-07-01,2023-07-01,2023-01-06,3137,1.3631536574542442,0.05718862857554563,0.01030379,0.07869363662384687,0.027755004194319977
XGB,COPPER,1,2022-07-01,2023-07-01,2023-01-09,3138,1.3909086616485642,0.06111934456455104,0.016740682,0.05046557386137951,0.011996943703364238
XGB,COPPER,1,2022-07-01,2023-07-01,2023-01-10,3139,1.4029056053519284,0.06373244705624037,0.023250308,0.0436603435811771,0.02128648060738758
XGB,COPPER,1,2022-07-01,2023-07-01,2023-01-11,3140,1.424192085959316,0.06405389589304078,0.02971077,0.023667674758588886,0.007553507080328314
XGB,COPPER,1,2022-07-01,2023-07-01,2023-01-12,3141,1.4317455930396443,0.06193745808468254,0.02771873,0.014114026083762443,0.005123049509968558
XGB,COPPER,1,2022-07-01,2023-07-01,2023-01-13,3142,1.4368686425496129,0.057852273464206405,0.029622119,0.00769457271268692,0.0017809851053656178
XGB,COPPER,1,2022-07-01,2023-07-01,2023-01-17,3143,1.4386496276549785,0.053833913169530456,0.026188072,0.012261423038874453,0.0031976664231125884
XGB,COPPER,1,2022-07-01,2023-07-01,2023-01-18,3144,1.441847294078091,0.047049679039707915,0.025420777,-0.0010647530927347937,-0.00047305856814738867
XGB,COPPER,1,2022-07-01,2023-07-01,2023-01-19,3145,1.4413742355099437,0.03942544283590843,0.01973157,-0.005456772922000308,0.005191713423161826
XGB,COPPER,1,2022-07-01,2023-07-01,2023-01-20,3146,1.4465659489331055,0.032456281432307055,0.018992396,-0.004718654855014437,0.0012938117847993702
XGB,COPPER,1,2022-07-01,2023-07-01,2023-01-23,3147,1.447859760717905,0.02388366062007541,0.017350325,-0.034193437955372996,-0.0020001415944981282
XGB,COPPER,1,2022-07-01,2023-07-01,2023-01-24,3148,1.4458596191234068,0.015413358567144986,0.015987009,-0.03633716542830112,-0.001296403861106965
XGB,COPPER,1,2022-07-01,2023-07-01,2023-01-25,3149,1.4445632152622998,0.006664831394143533,0.010406206,-0.042641548495708115,0.0063478354315531504
XGB,COPPER,1,2022-07-01,2023-07-01,2023-01-26,3150,1.450911050693853,-0.0035166844913745443,0.013296098,-0.05380041034791905,-0.010128509708496658
XGB,COPPER,1,2022-07-01,2023-07-01,2023-01-27,3151,1.4407825409853563,-0.009266447820570178,0.004258384,-0.03260438076727534,-0.004865078397412903
XGB,COPPER,1,2022-07-01,2023-07-01,2023-01-30,3152,1.4359174625879434,-0.014983579241734102,-0.0031233083,-0.03880682224200949,0.005929831490147697
XGB,COPPER,1,2022-07-01,2023-07-01,2023-01-31,3153,1.441847294078091,-0.018687761547418802,0.001622692,-0.029519702019669802,-0.02818097131555919
XGB,COPPER,1,2022-07-01,2023-07-01,2023-02-01,3154,1.413666322762532,-0.02189217188910808,-0.006495566,-0.020520448807037184,-0.0041438690674262535
XGB,COPPER,1,2022-07-01,2023-07-01,2023-02-02,3155,1.4095224536951056,-0.02195448609683104,-0.009614918,-0.001711275247422206,-0.007600786928513958
XGB,COPPER,1,2022-07-01,2023-07-01,2023-02-03,3156,1.4019216667665917,-0.019989996095129747,-0.010805228,0.011501394226807404,-0.004811026420657782
XGB,COPPER,1,2022-07-01,2023-07-01,2023-02-06,3157,1.397110640345934,-0.018516129072420284,-0.008674724,0.002099957337730718,0.011067519872147047
XGB,COPPER,1,2022-07-01,2023-07-01,2023-02-07,3158,1.408178160218081,-0.01513706206472043,-0.00043466178,0.018658195593447058,-0.011067519872147047
XGB,COPPER,1,2022-07-01,2023-07-01,2023-02-08,3159,1.397110640345934,-0.011569234097384529,-0.004089937,0.01728511286767298,0.015216951712487381
XGB,COPPER,1,2022-07-01,2023-07-01,2023-02-09,3160,1.4123275920584213,-0.007939273742139985,0.003456681,0.03093764910559149,-0.01918171810292657
XGB,COPPER,1,2022-07-01,2023-07-01,2023-02-10,3161,1.3931458739554947,-0.0030678065629328177,-0.002980996,0.042533680574905475,0.014665304492188724
XGB,COPPER,1,2022-07-01,2023-07-01,2023-02-13,3162,1.4078111784476834,-0.002701835468398306,0.00397483,-0.003431361020388435,0.005611882545715652
XGB,COPPER,1,2022-07-01,2023-07-01,2023-02-14,3163,1.413423060993399,-0.004819448045833674,0.009114324,-0.03844247906428677,-0.014212463309734469
XGB,COPPER,1,2022-07-01,2023-07-01,2023-02-15,3164,1.3992105976836646,-0.004486303201366004,0.003956194,-0.010668807793830615,0.027625758127863387
XGB,COPPER,1,2022-07-01,2023-07-01,2023-02-16,3165,1.426836355811528,-0.005956820560880205,0.007328789,-0.01645936141494664,-0.012440602597921124
XGB,COPPER,1,2022-07-01,2023-07-01,2023-02-17,3166,1.4143957532136069,-0.00462596500910073,0.0029383977,0.013040604321056692,0.028869487950405892
XGB,COPPER,1,2022-07-01,2023-07-01,2023-02-21,3167,1.4432652411640128,-0.007783913507867668,0.007897717,-0.036188313773880765,-0.007585686633612587
XGB,COPPER,1,2022-07-01,2023-07-01,2023-02-22,3168,1.4356795545304002,-0.010570426602426242,0.0038398597,-0.03007286554033639,-0.031299737103105185
XGB,COPPER,1,2022-07-01,2023-07-01,2023-02-23,3169,1.404379817427295,-0.010115789498738481,0.00015208524,0.006729126115447848,-0.029399235498182685
XGB,COPPER,1,2022-07-01,2023-07-01,2023-02-24,3170,1.3749805819291123,-0.01031376295375308,-0.011410734,0.007933077251175868,0.013561207960721688
XGB,COPPER,1,2022-07-01,2023-07-01,2023-02-27,3171,1.388541789889834,-0.009791637157040123,-0.00896707,0.008074142955084795,0.021835204506747363
XGB,COPPER,1,2022-07-01,2023-07-01,2023-02-28,3172,1.4103769943965814,-0.010711278927348022,-0.002443646,-0.01054959359101737,0.017059363138082206
XGB,COPPER,1,2022-07-01,2023-07-01,2023-03-01,3173,1.4274363575346636,-0.013331051280673911,0.004821554,-0.02983125430221789,-0.020359430144531565
XGB,COPPER,1,2022-07-01,2023-07-01,2023-03-02,3174,1.407076927390132,-0.013212099112528408,0.0034392236,-0.0035567931042705947,-0.0014702384000682134
XGB,COPPER,1,2022-07-01,2023-07-01,2023-03-03,3175,1.4056066889900638,-0.01466324561837773,-0.0026651681,-0.016690778579351306,0.005502254552679053
XGB,COPPER,1,2022-07-01,2023-07-01,2023-03-06,3176,1.4111089435427429,-0.019417678558957485,0.0013403938,-0.06134893039609679,-0.028195284362454665
XGB,COPPER,1,2022-07-01,2023-07-01,2023-03-07,3177,1.3829136591802882,-0.020927380555821884,-0.008092042,-0.025661995294460782,0.013702273664630615
XGB,COPPER,1,2022-07-01,2023-07-01,2023-03-08,3178,1.3966159328449188,-0.02308344259157935,-0.000788909,-0.032183800549226094,0.003211467960645198
XGB,COPPER,1,2022-07-01,2023-07-01,2023-03-09,3179,1.399827400805564,-0.02354824806254241,0.005410916,-0.019676847578719237,-0.0022222975731183148
XGB,COPPER,1,2022-07-01,2023-07-01,2023-03-10,3180,1.3976051032324457,-0.022307259814692726,0.0027640709,-0.006696441583881496,0.005915031053415731
XGB,COPPER,1,2022-07-01,2023-07-01,2023-03-13,3181,1.4035201342858614,-0.0202849250056214,0.008519698,-0.000245742817493122,-0.014604223875148925
XGB,COPPER,1,2022-07-01,2023-07-01,2023-03-14,3182,1.3889159104107125,-0.014259402127636767,-0.00022340645,0.03322808152069112,-0.03915589726406643
XGB,COPPER,1,2022-07-01,2023-07-01,2023-03-15,3183,1.349760013146646,-0.006788159393280813,-0.014240509,0.0615927556846847,0.007491650739181344
XGB,COPPER,1,2022-07-01,2023-07-01,2023-03-16,3184,1.3572516638858274,0.00033740870835341497,-0.011496993,0.05483222430944812,0.007180468409865304
XGB,COPPER,1,2022-07-01,2023-07-01,2023-03-17,3185,1.3644321322956927,0.006994091549926917,-0.0086524505,0.04947739307407506,0.015718420931152055
XGB,COPPER,1,2022-07-01,2023-07-01,2023-03-20,3186,1.3801505532268448,0.01169685845008095,-0.0021895678,0.03448822528084161,0.010758108421719426
XGB,COPPER,1,2022-07-01,2023-07-01,2023-03-21,3187,1.3909086616485642,0.013861912617158856,0.004853679,0.01775852048065718,0.012365729819804105
XGB,COPPER,1,2022-07-01,2023-07-01,2023-03-22,3188,1.4032743914683683,0.01483202523472893,0.015402433,0.008809496726907229,0.01886960046303532
XGB,COPPER,1,2022-07-01,2023-07-01,2023-03-23,3189,1.4221439919314036,0.011631359918233164,0.021231469,-0.02108412504835,-0.010791223100072855
XGB,COPPER,1,2022-07-01,2023-07-01,2023-03-24,3190,1.4113527688313308,0.007103588365508395,0.013583464,-0.02919193803542286,0.0007311193639447655
XGB,COPPER,1,2022-07-01,2023-07-01,2023-03-27,3191,1.4120838881952755,0.002994925798204484,0.012075088,-0.026289675493776477,0.001825637174492245
XGB,COPPER,1,2022-07-01,2023-07-01,2023-03-28,3192,1.4139095253697678,-0.0001949117676105505,0.015031536,-0.02113619246707521,0.0007292531379186062
XGB,COPPER,1,2022-07-01,2023-07-01,2023-03-29,3193,1.4146387785076864,-0.0048788434995026275,0.013801803,-0.03172511932739819,-0.005971596378465005
XGB,COPPER,1,2022-07-01,2023-07-01,2023-03-30,3194,1.4086671821292214,-0.0067951247475519505,0.009087444,-0.016266529117891615,0.0034167060660541537
XGB,COPPER,1,2022-07-01,2023-07-01,2023-03-31,3195,1.4120838881952755,-0.00700245924792009,0.0059022726,-0.004884606555112914,-0.01102402131222191
XGB,COPPER,1,2022-07-01,2023-07-01,2023-04-03,3196,1.4010598668830536,-0.0038937787167030447,-0.00041067446,0.015763716846647124,-0.018899036087145715
XGB,COPPER,1,2022-07-01,2023-07-01,2023-04-04,3197,1.382160830795908,0.0011537301492838825,-0.012511939,0.030653758707680057,0.0036333819055911487
XGB,COPPER,1,2022-07-01,2023-07-01,2023-04-05,3198,1.385794212701499,0.003756314973454966,-0.008658732,0.01686549875187926,0.006979120201193512
XGB,COPPER,1,2022-07-01,2023-07-01,2023-04-06,3199,1.3927733329026926,0.00601834590729089,-0.006332833,0.015649368163761945,-0.009859673722404372
XGB,COPPER,1,2022-07-01,2023-07-01,2023-04-10,3200,1.3829136591802882,0.008870681852236162,-0.012544968,0.021220626625615413,0.009486993831041568
XGB,COPPER,1,2022-07-01,2023-07-01,2023-04-11,3201,1.3924006530113298,0.007974025433350684,-0.010807663,-0.0006214024445556632,0.014798628628832855
XGB,COPPER,1,2022-07-01,2023-07-01,2023-04-12,3202,1.4071992816401626,0.003405354157357765,0.004722025,-0.025917457551483114,0.009624302089538128
XGB,COPPER,1,2022-07-01,2023-07-01,2023-04-13,3203,1.4168235837297007,-0.0033826528163236613,0.011469492,-0.042348782044914435,-0.004008994226112783
XGB,COPPER,1,2022-07-01,2023-07-01,2023-04-14,3204,1.412814589503588,-0.011003971625210607,0.01102436,-0.0657809537434011,-0.010154878050209648
XGB,COPPER,1,2022-07-01,2023-07-01,2023-04-17,3205,1.4026597114533783,-0.017016534102363368,0.005106461,-0.05458658792444715,0.005762989613076197
XGB,COPPER,1,2022-07-01,2023-07-01,2023-04-18,3206,1.4084227010664545,-0.02348690386078478,0.0077435705,-0.056590381656312916,-0.004288415260550904
XGB,COPPER,1,2022-07-01,2023-07-01,2023-04-19,3207,1.4041342858059036,-0.028827305861182095,0.0056921127,-0.0508798083355102,-0.012355035239129508
XGB,COPPER,1,2022-07-01,2023-07-01,2023-04-20,3208,1.391779250566774,-0.029865854911737877,-0.0049041985,-0.02645318176178546,-0.010497426478094596
XGB,COPPER,1,2022-07-01,2023-07-01,2023-04-21,3209,1.3812818240886795,-0.03135006919659511,-0.012162432,-0.03372827839772885,-0.006807022403893193
XGB,COPPER,1,2022-07-01,2023-07-01,2023-04-24,3210,1.3744748016847863,-0.03233962230577214,-0.01682654,-0.031218416317860376,-0.027441165924599442
XGB,COPPER,1,2022-07-01,2023-07-01,2023-04-25,3211,1.3470336357601869,-0.03076198345657266,-0.021525221,0.001039487768744296,0.001039487768744296
XGB,COPPER,1,2022-07-01,2023-07-01,2023-04-26,3212,1.3480731235289312,-0.027718641056547755,-0.015299169,0.0055689092570219145,0.003759195881210431
XGB,COPPER,1,2022-07-01,2023-07-01,2023-04-27,3213,1.3518323194101416,-0.022928696307924712,-0.01093221,0.013748995730855196,0.0014221580602518102
XGB,COPPER,1,2022-07-01,2023-07-01,2023-04-28,3214,1.3532544774703934,-0.01939938762354898,-0.005329436,0.004897562008910672,0.012071591334595233
XGB,COPPER,1,2022-07-01,2023-07-01,2023-05-01,3215,1.3653260688049886,-0.020220262897553187,0.0053604026,-0.022983577276832978,-0.017772523114037986
XGB,COPPER,1,2022-07-01,2023-07-01,2023-05-02,3216,1.3475535456909506,-0.02127631332332025,0.00041555893,-0.039896632667373755,-0.004297160324024718
XGB,COPPER,1,2022-07-01,2023-07-01,2023-05-03,3217,1.343256385366926,-0.021644414385818322,-0.0016303918,-0.03047400837986225,0.00481673816200523
XGB,COPPER,1,2022-07-01,2023-07-01,2023-05-04,3218,1.3480731235289312,-0.02244569652086481,0.004738377,-0.02965619757031135,0.0055689092570219145
XGB,COPPER,1,2022-07-01,2023-07-01,2023-05-05,3219,1.353642032785953,-0.026214417154631464,0.008262518,-0.057682745759972454,0.011939282355043712
XGB,COPPER,1,2022-07-01,2023-07-01,2023-05-08,3220,1.3655813151409968,-0.029420870550027844,0.009234097,-0.045693878065464766,-0.007429275661692714
XGB,COPPER,1,2022-07-01,2023-07-01,2023-05-09,3221,1.358152039479304,-0.03295555673801398,0.0016167616,-0.054831773050651345,-0.015809547951148417
XGB,COPPER,1,2022-07-01,2023-07-01,2023-05-10,3222,1.3423424915281557,-0.033063042173290924,-0.0062401337,-0.02794698289485864,-0.03468557850457876
XGB,COPPER,1,2022-07-01,2023-07-01,2023-05-11,3223,1.307656913023577,-0.0320967496636031,-0.01565259,-0.0063759194817230025,0.005125463963486787
XGB,COPPER,1,2022-07-01,2023-07-01,2023-05-12,3224,1.3127823769870637,-0.03212731899341126,-0.010049997,-0.020386693358793062,0.00563454897155613
XGB,COPPER,1,2022-07-01,2023-07-01,2023-05-15,3225,1.3184169259586198,-0.034662132927395506,-0.007896355,-0.05048391038662681,-0.02245763893263919
XGB,COPPER,1,2022-07-01,2023-07-01,2023-05-16,3226,1.2959592870259806,-0.03443451843474277,-0.016760567,-0.02045686299069205,0.0239281500495514
XGB,COPPER,1,2022-07-01,2023-07-01,2023-05-17,3227,1.319887437075532,-0.03364778733151308,-0.010295324,-0.01874253438234952,-0.016567170646879292
XGB,COPPER,1,2022-07-01,2023-07-01,2023-05-18,3228,1.3033202664286527,-0.03157775614525393,-0.010469787,-0.006403718545652248,0.011075242204644287
XGB,COPPER,1,2022-07-01,2023-07-01,2023-05-19,3229,1.314395508633297,-0.031271063520246445,-0.0032612232,-0.02488740464459349,-0.013114515091443124
XGB,COPPER,1,2022-07-01,2023-07-01,2023-05-22,3230,1.301280993541854,-0.027194913324926295,-0.010944859,0.008807055981460588,-0.008885309913583272
XGB,COPPER,1,2022-07-01,2023-07-01,2023-05-23,3231,1.2923956836282706,-0.02134618269473121,-0.02062884,0.021999825005026397,-0.024462668056277614
XGB,COPPER,1,2022-07-01,2023-07-01,2023-05-24,3232,1.267933015571993,-0.011921694312192033,-0.022546746,0.05715062717641395,0.007569408463295568
XGB,COPPER,1,2022-07-01,2023-07-01,2023-05-25,3233,1.2755024240352886,-0.0029994371034745004,-0.018884078,0.05077649404166573,0.02564247865789393
XGB,COPPER,1,2022-07-01,2023-07-01,2023-05-26,3234,1.3011449026931825,0.002350337709297934,-0.00929031,0.02181019449585131,-0.004228354810182022
XGB,COPPER,1,2022-07-01,2023-07-01,2023-05-30,3235,1.2969165478830005,0.00920794394708313,-0.008970065,0.03716303324740888,-0.007408443894296957
XGB,COPPER,1,2022-07-01,2023-07-01,2023-05-31,3236,1.2895081039887035,0.016217883284392443,-0.012278967,0.04259403710879872,0.020579945534610955
XGB,COPPER,1,2022-07-01,2023-07-01,2023-06-01,3237,1.3100880495233145,0.018584623173304893,-0.0050542806,0.01180110524162803,0.0043074591099825366
XGB,COPPER,1,2022-07-01,2023-07-01,2023-06-02,3238,1.314395508633297,0.0220276099929253,0.0061976733,0.028077581407099483,0.010688134115109937
XGB,COPPER,1,2022-07-01,2023-07-01,2023-06-05,3239,1.325083642748407,0.025007065289398778,0.011172605,0.02713672175669113,0.0011952753285473516
XGB,COPPER,1,2022-07-01,2023-07-01,2023-06-06,3240,1.3262789180769543,0.028372020482164917,0.012341903,0.033799824615700746,-0.0033238208879204922
XGB,COPPER,1,2022-07-01,2023-07-01,2023-06-07,3241,1.3229550971890338,0.031381867472793035,0.009864091,0.034039185093517776,0.011124483941375551
XGB,COPPER,1,2022-07-01,2023-07-01,2023-06-08,3242,1.3340795811304094,0.03235602783627756,0.014311177,0.021368895884181338,-0.0019774400329071185
XGB,COPPER,1,2022-07-01,2023-07-01,2023-06-09,3243,1.3321021410975022,0.03441713397200985,0.011691074,0.03169095808969247,-0.010212986332559737
XGB,COPPER,1,2022-07-01,2023-07-01,2023-06-12,3244,1.3218891547649425,0.03691509815415883,0.002377851,0.03613431801128675,0.02058393527545399
XGB,COPPER,1,2022-07-01,2023-07-01,2023-06-13,3245,1.3424730900403965,0.03333601864574254,0.007542269,-0.0058943226698664475,0.009747274464701583
XGB,COPPER,1,2022-07-01,2023-07-01,2023-06-14,3246,1.352220364505098,0.027642613570347585,0.012523065,-0.020778260978038476,0.00785837818755697
XGB,COPPER,1,2022-07-01,2023-07-01,2023-06-15,3247,1.360078742692655,0.020628936121414254,0.014844048,-0.029957959646068177,-0.0030844604101034623
XGB,COPPER,1,2022-07-01,2023-07-01,2023-06-16,3248,1.3569942822825516,0.012174301374603846,0.011386801,-0.04313621647800958,-0.001545805267960887
XGB,COPPER,1,2022-07-01,2023-07-01,2023-06-20,3249,1.3554484770145907,0.002795596950965873,0.007871007,-0.05321530092786708,0.00834462217260401
XGB,COPPER,1,2022-07-01,2023-07-01,2023-06-21,3250,1.3637930991871947,-0.004594785961853365,0.0102394,-0.044440160646233906,-0.005769626410965456
XGB,COPPER,2,2023-07-01,2024-07-01,2023-07-03,3258,1.3294594359759837,0.0014858551775438489,-0.010695675,0.03905278155928715,-0.006770702010279628
XGB,COPPER,2,2023-07-01,2024-07-01,2023-07-05,3259,1.322688733965704,0.006794319769138468,-0.008667562,0.04391297630091562,-0.00896505798972691
XGB,COPPER,2,2023-07-01,2024-07-01,2023-07-06,3260,1.3137236759759772,0.010295487318537244,-0.015194657,0.02966318861231798,0.012555242100977138
XGB,COPPER,2,2023-07-01,2024-07-01,2023-07-07,3261,1.3262789180769543,0.011265914206618932,-0.003802772,0.0129238315104514,0.001193911566748307
XGB,COPPER,2,2023-07-01,2024-07-01,2023-07-10,3262,1.3274728296437026,0.011409316187485752,0.002580124,0.0073966464720005565,-0.004784095677998534
XGB,COPPER,2,2023-07-01,2024-07-01,2023-07-11,3263,1.322688733965704,0.012873410687411102,-0.004062469,0.016907054122920817,0.023304332366448133
XGB,COPPER,2,2023-07-01,2024-07-01,2023-07-12,3264,1.3459930663321522,0.010578330899479127,0.007397484,-0.010202844407560141,0.022519151203118648
XGB,COPPER,2,2023-07-01,2024-07-01,2023-07-13,3265,1.3685122175352709,0.007802241107279562,0.022178568,-0.02290962078358838,-0.0019105072686511626
XGB,COPPER,2,2023-07-01,2024-07-01,2023-07-14,3266,1.3666017102666197,0.0069547826819145175,0.017997283,-0.005112480774840389,-0.023214845678324547
XGB,COPPER,2,2023-07-01,2024-07-01,2023-07-17,3267,1.3433868645882951,0.008610613262962197,0.0054795467,0.015150837135839312,-0.0041841150008894434
XGB,COPPER,2,2023-07-01,2024-07-01,2023-07-18,3268,1.3392027495874057,0.009444009846722556,-0.0028145907,0.012370789412511352,-0.004333273471702537
XGB,COPPER,2,2023-07-01,2024-07-01,2023-07-19,3269,1.3348694761157032,0.012721320526990487,-0.0036319022,0.030456592689285467,0.004726311972921726
XGB,COPPER,2,2023-07-01,2024-07-01,2023-07-20,3270,1.339595788088625,0.01731509541382037,-0.0016410969,0.04532260727409221,-0.0038055661640328253
XGB,COPPER,2,2023-07-01,2024-07-01,2023-07-21,3271,1.335790221924592,0.01889381080963659,-0.0052304263,0.023518297134681454,0.009812374827090409
XGB,COPPER,2,2023-07-01,2024-07-01,2023-07-24,3272,1.3456025967516825,0.017151995723151403,-0.0001685551,-0.0033907207939669615,0.01588663274009683
XGB,COPPER,2,2023-07-01,2024-07-01,2023-07-25,3273,1.3614892294917793,0.014570381944051247,0.00808851,-0.00668555416275618,-0.002951527767644846
XGB,COPPER,2,2023-07-01,2024-07-01,2023-07-26,3274,1.3585377017241345,0.011451397559134602,0.007133406,-0.011764091325635162,-0.006964162724217404
XGB,COPPER,2,2023-07-01,2024-07-01,2023-07-27,3275,1.351573538999917,0.008441054435826434,0.004487948,-0.01315726762871905,0.013752529805071578
XGB,COPPER,2,2023-07-01,2024-07-01,2023-07-28,3276,1.3653260688049886,0.0016841833924274852,0.01107125,-0.044103729364801225,0.019592326557728468
XGB,COPPER,2,2023-07-01,2024-07-01,2023-07-31,3277,1.384918395362717,-0.006473969725562467,0.01989595,-0.058506764094753416,-0.02560987630344358
XGB,COPPER,2,2023-07-01,2024-07-01,2023-08-01,3278,1.3593085190592735,-0.011665208067010102,0.004278632,-0.03728606728217043,-0.017096643101558007
XGB,COPPER,2,2023-07-01,2024-07-01,2023-08-02,3279,1.3422118759577155,-0.016201458398866775,-0.0050049527,-0.029967809698661974,0.01259179937130761
XGB,COPPER,2,2023-07-01,2024-07-01,2023-08-03,3280,1.3548036753290231,-0.021365830026846222,0.008919356,-0.039871076570197284,-0.008030064930523828
XGB,COPPER,2,2023-07-01,2024-07-01,2023-08-04,3281,1.3467736103984993,-0.027021605114060376,0.006785707,-0.048900717130551996,-0.008357339027301292
XGB,COPPER,2,2023-07-01,2024-07-01,2023-08-07,3282,1.338416271371198,-0.03169673303124654,0.0015655985,-0.04327823294959687,-0.017193931931010598
XGB,COPPER,2,2023-07-01,2024-07-01,2023-08-08,3283,1.3212223394401874,-0.03245641994434423,-0.00923687,-0.016816163151842423,0.005189291827776277
XGB,COPPER,2,2023-07-01,2024-07-01,2023-08-09,3284,1.3264116312679637,-0.03276006118484265,-0.01140464,-0.018349150387264812,-0.004389179490860595
XGB,COPPER,2,2023-07-01,2024-07-01,2023-08-10,3285,1.322022451777103,-0.03140485372559332,-0.013996484,-0.010451665627805529,-0.009778385518049548
XGB,COPPER,2,2023-07-01,2024-07-01,2023-08-11,3286,1.3122440662590535,-0.02676960657306182,-0.02214454,0.009645088505888966,0.0026885324997723004
XGB,COPPER,2,2023-07-01,2024-07-01,2023-08-14,3287,1.3149325987588258,-0.02054833656399757,-0.018912861,0.020989080147817862,-0.01705970549087854
XGB,COPPER,2,2023-07-01,2024-07-01,2023-08-15,3288,1.2978728932679473,-0.014234329589021266,-0.025842257,0.028538738000016384,-0.0027348548463461686
XGB,COPPER,2,2023-07-01,2024-07-01,2023-08-16,3289,1.2951380384216011,-0.007850083127645568,-0.028754553,0.029280916443834126,0.009268137866743853
XGB,COPPER,2,2023-07-01,2024-07-01,2023-08-17,3290,1.304406176288345,-0.0035936911264824456,-0.01782318,0.018415748157694534,0.0036563045923538873
XGB,COPPER,2,2023-07-01,2024-07-01,2023-08-18,3291,1.3080624808806989,0.0014673063482073534,-0.013924781,0.025094777300321613,0.003508305268598688
XGB,COPPER,2,2023-07-01,2024-07-01,2023-08-21,3292,1.3115707861492976,0.005215162782833405,-0.00625523,0.019475123416650142,0.010318368615644946
XGB,COPPER,2,2023-07-01,2024-07-01,2023-08-22,3293,1.3218891547649425,0.006264272111513147,0.0023541902,0.005848767006779276,0.014032524141701197
XGB,COPPER,2,2023-07-01,2024-07-01,2023-08-23,3294,1.3359216789066437,0.00685895047990126,0.015099815,0.002363463026886281,-0.00951004763868002
XGB,COPPER,2,2023-07-01,2024-07-01,2023-08-24,3295,1.3264116312679637,0.008806075353378073,0.005667789,0.011480019151408616,-0.001992676402528426
XGB,COPPER,2,2023-07-01,2024-07-01,2023-08-25,3296,1.3244189548654353,0.00782832736875183,0.003921951,-0.00306316590115574,-0.0015970304193957396
XGB,COPPER,2,2023-07-01,2024-07-01,2023-08-28,3297,1.3228219244460395,0.0061041236971624,0.0037559248,-0.007486633326251324,0.010335333734980967
XGB,COPPER,2,2023-07-01,2024-07-01,2023-08-29,3298,1.3331572581810205,0.001076741155831673,0.009702655,-0.030108637372703306,-0.0021113486150727834
XGB,COPPER,2,2023-07-01,2024-07-01,2023-08-30,3299,1.3310459095659477,-8.900079290641294e-05,0.0071351067,-0.0039709131653085095,-0.0033079877942259195
XGB,COPPER,2,2023-07-01,2024-07-01,2023-08-31,3300,1.3277379217717218,-0.0010609039674558396,0.0005625199,-0.0054488657183400235,0.010547220161808202
XGB,COPPER,2,2023-07-01,2024-07-01,2023-09-01,3301,1.33828514193353,-0.0034892934581594037,0.008692995,-0.014930569415609884,-0.00039349151415768446
XGB,COPPER,2,2023-07-01,2024-07-01,2023-09-05,3302,1.3378916504193723,-0.004699097426676513,0.0037484171,-0.007506476175157095,-0.016535861455092782
XGB,COPPER,2,2023-07-01,2024-07-01,2023-09-06,3303,1.3213557889642795,-0.0035431919532185052,-0.007973079,0.003993579939746583,-0.006020497844491324
XGB,COPPER,2,2023-07-01,2024-07-01,2023-09-07,3304,1.3153352911197882,-0.0024249514432921337,-0.015402903,0.004151282909833576,-0.012286670311471015
XGB,COPPER,2,2023-07-01,2024-07-01,2023-09-08,3305,1.3030486208083172,-0.0008940711636760135,-0.019872492,0.009060838527301662,0.024026375592322013
XGB,COPPER,2,2023-07-01,2024-07-01,2023-09-11,3306,1.3270749964006392,-0.0012282268499681503,-0.008983774,-0.006252921505599085,-0.0047859403472574336
XGB,COPPER,2,2023-07-01,2024-07-01,2023-09-12,3307,1.3222890560533818,-0.0038092284864479353,-0.010982182,-0.023051502531602264,0.0010655164645383408
XGB,COPPER,2,2023-07-01,2024-07-01,2023-09-13,3308,1.32335457251792,-0.006717134072027564,-0.0034124078,-0.024389841130126877,0.007030601726295105
XGB,COPPER,2,2023-07-01,2024-07-01,2023-09-14,3309,1.3303851742442152,-0.011265065812235298,-0.0003042177,-0.035795031602106064,-0.005035805340189103
XGB,COPPER,2,2023-07-01,2024-07-01,2023-09-15,3310,1.325349368904026,-0.015900611322824387,-0.005802984,-0.03749508059738793,-0.005862794874404331
XGB,COPPER,2,2023-07-01,2024-07-01,2023-09-18,3311,1.3194865740296218,-0.019263729725103707,-0.009423168,-0.031080687960981734,-0.007377114694002929
XGB,COPPER,2,2023-07-01,2024-07-01,2023-09-19,3312,1.3121094593356188,-0.018071280877796303,-0.010734267,-0.005264240349326599,0.008712615559421266
XGB,COPPER,2,2023-07-01,2024-07-01,2023-09-20,3313,1.32082207489504,-0.017143425883178187,-0.0075412276,-0.005486783775251913,-0.021584521373260612
XGB,COPPER,2,2023-07-01,2024-07-01,2023-09-21,3314,1.2992375535217795,-0.016672312240302523,-0.014075406,-0.009454101185149666,-0.0002728221339862724
XGB,COPPER,2,2023-07-01,2024-07-01,2023-09-22,3315,1.2989647313877932,-0.0165806368496495,-0.021168893,-0.013734580140591257,-0.004374588745684083
XGB,COPPER,2,2023-07-01,2024-07-01,2023-09-25,3316,1.2945901426421091,-0.016871932299712178,-0.017288633,-0.018110616662734502,-0.00673585433547097
XGB,COPPER,2,2023-07-01,2024-07-01,2023-09-26,3317,1.2878542883066382,-0.01745918852642636,-0.02369693,-0.02175213187363978,0.0005515977620018653
XGB,COPPER,2,2023-07-01,2024-07-01,2023-09-27,3318,1.28840588606864,-0.01519676578121798,-0.02007454,-0.0006895283113279582,0.018439332917652207
XGB,COPPER,2,2023-07-01,2024-07-01,2023-09-28,3319,1.3068452189862922,-0.015499933682810108,-0.007176795,-0.014174980844559038,0.008490072133495952
XGB,COPPER,2,2023-07-01,2024-07-01,2023-09-29,3320,1.3153352911197882,-0.017293409348974276,-0.0016548476,-0.025551838783158365,-0.025551838783158365
XGB,COPPER,2,2023-07-01,2024-07-01,2023-10-02,3321,1.2897834523366298,-0.01641829848443166,-0.009956236,-0.004968237472627868,-0.004553301089427864
XGB,COPPER,2,2023-07-01,2024-07-01,2023-10-03,3322,1.285230151247202,-0.01566671626744176,-0.015021557,-0.005964334758546075,-0.008750625267827328
XGB,COPPER,2,2023-07-01,2024-07-01,2023-10-04,3323,1.2764795259793746,-0.014309644666027355,-0.015409403,-0.0011167468779238465,-0.010377369546376247
XGB,COPPER,2,2023-07-01,2024-07-01,2023-10-05,3324,1.2661021564329984,-0.011164427477663885,-0.022798654,0.011214012339749502,0.021614201324313687
XGB,COPPER,2,2023-07-01,2024-07-01,2023-10-06,3325,1.287716357757312,-0.011478882708854998,-0.011805721,-0.01361132805030163,0.004953880384421128
XGB,COPPER,2,2023-07-01,2024-07-01,2023-10-09,3326,1.2926702381417332,-0.011933494345551354,-0.008065156,-0.016748929710880045,-0.0028867858051033757
XGB,COPPER,2,2023-07-01,2024-07-01,2023-10-10,3327,1.2897834523366298,-0.011465323657185111,-0.010057067,-0.011213497589231736,-0.004968237472627868
XGB,COPPER,2,2023-07-01,2024-07-01,2023-10-11,3328,1.284815214864002,-0.012838694743186219,-0.010063458,-0.020123659887010703,-0.005549398375346071
XGB,COPPER,2,2023-07-01,2024-07-01,2023-10-12,3329,1.279265816488656,-0.011772463571456893,-0.010683056,-0.005860250259128952,-0.0039030373872050994
XGB,COPPER,2,2023-07-01,2024-07-01,2023-10-13,3330,1.2753627791014508,-0.00854208649125221,-0.014307393,0.008344964184010095,0.001953389671297101
XGB,COPPER,2,2023-07-01,2024-07-01,2023-10-16,3331,1.277316168772748,-0.007656377882544918,-0.008346161,-0.004190498282884869,-0.003211139065737445
XGB,COPPER,2,2023-07-01,2024-07-01,2023-10-17,3332,1.2741050297070105,-0.0064325281615476015,-0.009374739,-0.001959678519115604,0.0018162787238427125
XGB,COPPER,2,2023-07-01,2024-07-01,2023-10-18,3333,1.2759213084308532,-0.0034846187436006204,-0.0014836297,0.014412678863573225,0.0026486463165449337
XGB,COPPER,2,2023-07-01,2024-07-01,2023-10-19,3334,1.278569954747398,-0.00047678763647041045,-0.000363113,0.016020187894711047,-0.013878399770406835
XGB,COPPER,2,2023-07-01,2024-07-01,2023-10-20,3335,1.2646915549769913,0.0046846079257572,-0.0091253305,0.02770412865127936,0.00871401125253568
XGB,COPPER,2,2023-07-01,2024-07-01,2023-10-23,3336,1.273405566229527,0.008246253437788509,-0.005016511,0.019950793998313676,0.010302177055933948
XGB,COPPER,2,2023-07-01,2024-07-01,2023-10-24,3337,1.283707743285461,0.010895690205710684,0.0046790936,0.015666160887750413,-0.010582072795597863
XGB,COPPER,2,2023-07-01,2024-07-01,2023-10-25,3338,1.273125670489863,0.015417356066262489,-0.00555421,0.02829139538246328,-0.00098031930196818
XGB,COPPER,2,2023-07-01,2024-07-01,2023-10-26,3339,1.2721453511878948,0.02094323981101298,-0.0072210995,0.038751765512546665,0.01818863610653154
XGB,COPPER,2,2023-07-01,2024-07-01,2023-10-27,3340,1.2903339872944264,0.02150695862691232,0.010891559,0.009857695560593127,0.004256155347682755
XGB,COPPER,2,2023-07-01,2024-07-01,2023-10-30,3341,1.2945901426421091,0.019088323905620097,0.014997574,-0.00590860460618825,-0.0021944590138385234
XGB,COPPER,2,2023-07-01,2024-07-01,2023-10-31,3342,1.2923956836282706,0.017049035819825864,0.012308523,-0.0017865752663761558,0.0009606765995699984
XGB,COPPER,2,2023-07-01,2024-07-01,2023-11-01,3343,1.2933563602278406,0.0126742680141112,0.010083045,-0.01701640932441606,0.006017543945370685
XGB,COPPER,2,2023-07-01,2024-07-01,2023-11-02,3344,1.2993739041732113,0.010410666324125906,0.016297555,-0.0012279558689152203,0.0020431616991150037
XGB,COPPER,2,2023-07-01,2024-07-01,2023-11-03,3345,1.3014170658723263,0.008611884899403455,0.016506493,0.0021747724053580164,0.009480050828115205
XGB,COPPER,2,2023-07-01,2024-07-01,2023-11-06,3346,1.3108971167004415,0.0068873265074209655,0.017577542,0.0021542749556375806,-0.010705433845421997
XGB,COPPER,2,2023-07-01,2024-07-01,2023-11-07,3347,1.3001916828550195,0.007207441542427251,0.0078065614,0.009356603207212988,-0.011510144819098622
XGB,COPPER,2,2023-07-01,2024-07-01,2023-11-08,3348,1.288681538035921,0.010749281826280432,0.0016408782,0.02973538792269892,0.001927570325973571
XGB,COPPER,2,2023-07-01,2024-07-01,2023-11-09,3349,1.2906091083618945,0.015706910527899076,0.0018480793,0.04767603357163552,-0.014269157458469905
XGB,COPPER,2,2023-07-01,2024-07-01,2023-11-10,3350,1.2763399509034246,0.022935694467884016,-0.006502191,0.06246966814598909,0.021805997400871524
XGB,COPPER,2,2023-07-01,2024-07-01,2023-11-13,3351,1.298145948304296,0.024954637810556735,0.0032701741,0.02800023896651993,0.0054458899733882404
XGB,COPPER,2,2023-07-01,2024-07-01,2023-11-14,3352,1.3035918382776843,0.026558584214397163,0.00775823,0.025867597698299383,0.00945955337839477
XGB,COPPER,2,2023-07-01,2024-07-01,2023-11-15,3353,1.313051391656079,0.027411095868957736,0.014161348,0.021028189474330272,-0.0035031055938465894
XGB,COPPER,2,2023-07-01,2024-07-01,2023-11-16,3354,1.3095482860622325,0.02685704019702584,0.009405609,0.01553535668617445,0.00886863989638731
XGB,COPPER,2,2023-07-01,2024-07-01,2023-11-17,3355,1.3184169259586198,0.02647032690417972,0.01579741,0.01684729516020278,0.019868215974910175
XGB,COPPER,2,2023-07-01,2024-07-01,2023-11-20,3356,1.33828514193353,0.023397475535710255,0.021172859,-0.00697508561986937,0.0005244771158836592
XGB,COPPER,2,2023-07-01,2024-07-01,2023-11-21,3357,1.3388096190494136,0.021601354204517254,0.015223548,0.0037940524494792793,-0.012663431778597634
XGB,COPPER,2,2023-07-01,2024-07-01,2023-11-22,3358,1.326146187270816,0.02386706181167053,0.009326559,0.03713537904661646,0.003313248705167693
XGB,COPPER,2,2023-07-01,2024-07-01,2023-11-23,3359,1.3294594359759837,0.022676512584643316,0.012095995,0.010921841170509206,0.004620145154425659
XGB,COPPER,2,2023-07-01,2024-07-01,2023-11-24,3360,1.3340795811304094,0.019487521716792466,0.014308715,-0.006341659358687579,-0.00899593838200241
XGB,COPPER,2,2023-07-01,2024-07-01,2023-11-27,3361,1.325083642748407,0.016395815705944283,0.010782242,-0.012301265761343272,0.010180578370415638
XGB,COPPER,2,2023-07-01,2024-07-01,2023-11-28,3362,1.3352642211188226,0.013892145715081572,0.0113126505,-0.004350474095103474,-0.003954164805161975
XGB,COPPER,2,2023-07-01,2024-07-01,2023-11-29,3363,1.3313100563136606,0.013186090641461146,0.0063399584,0.008940348829115763,0.011293615185232309
XGB,COPPER,2,2023-07-01,2024-07-01,2023-11-30,3364,1.342603671498893,0.009536292058227147,0.014622629,-0.012879669436240304,0.020677894818539544
XGB,COPPER,2,2023-07-01,2024-07-01,2023-12-01,3365,1.3632815663174325,0.003879241559792135,0.021532295,-0.03197151000377185,-0.02290028917093956
XGB,COPPER,2,2023-07-01,2024-07-01,2023-12-04,3366,1.340381277146493,0.0011303151636545827,0.0042503397,-0.009071220832832294,-0.012643355374771126
XGB,COPPER,2,2023-07-01,2024-07-01,2023-12-05,3367,1.3277379217717218,0.003339612039631179,-0.00086175784,0.03028555100450747,-0.014955544784658104
XGB,COPPER,2,2023-07-01,2024-07-01,2023-12-06,3368,1.3127823769870637,0.007147165473790018,-0.0063761896,0.044340604377787196,0.018131370036655436
XGB,COPPER,2,2023-07-01,2024-07-01,2023-12-07,3369,1.3309137470237191,0.007639861395924541,-0.001809065,0.01663979866723153,0.009336658119057262
XGB,COPPER,2,2023-07-01,2024-07-01,2023-12-08,3370,1.3402504051427764,0.008811382306349147,0.0011558526,0.019699957138350266,-0.010526403080123758
XGB,COPPER,2,2023-07-01,2024-07-01,2023-12-11,3371,1.3297240020626526,0.0114549253451659,-0.0060625924,0.031637089089896264,0.0015860542510079956
XGB,COPPER,2,2023-07-01,2024-07-01,2023-12-12,3372,1.3313100563136606,0.014233409174011058,-0.006754775,0.0318436011405836,0.0
XGB,COPPER,2,2023-07-01,2024-07-01,2023-12-13,3373,1.3313100563136606,0.016433778647717334,-0.0075393496,0.02851197027588248,0.02671341646256864
XGB,COPPER,2,2023-07-01,2024-07-01,2023-12-14,3374,1.3580234727762293,0.014962905628223,0.0047357897,0.0017985538133138412,-0.0009004914113783791
XGB,COPPER,2,2023-07-01,2024-07-01,2023-12-15,3375,1.3571229813648509,0.015453473430369291,0.004247254,0.014945683131775134,-0.009569435673900228
XGB,COPPER,2,2023-07-01,2024-07-01,2023-12-18,3376,1.3475535456909506,0.015699653298677285,-2.9863446e-05,0.016750824833905664,0.012396816590175996
XGB,COPPER,2,2023-07-01,2024-07-01,2023-12-19,3377,1.3599503622811266,0.01288537707130799,0.011681115,-0.00398633081669475,0.00141072887142224
XGB,COPPER,2,2023-07-01,2024-07-01,2023-12-20,3378,1.3613610911525489,0.00939155189595997,0.013090383,-0.008365026279784304,0.0017925663016953308
XGB,COPPER,2,2023-07-01,2024-07-01,2023-12-21,3379,1.3631536574542442,0.004864079926760745,0.013693055,-0.015730048415176112,-0.0033316308647011184
XGB,COPPER,2,2023-07-01,2024-07-01,2023-12-22,3380,1.359822026589543,0.0004690545477350483,0.014398877,-0.016696137471035266,0.0
XGB,COPPER,2,2023-07-01,2024-07-01,2023-12-26,3381,1.359822026589543,-0.00487710242134165,0.0051863464,-0.026269347070691174,0.012246637907082913
XGB,COPPER,2,2023-07-01,2024-07-01,2023-12-27,3382,1.372068664496626,-0.011572392642514195,0.011216665,-0.03719918838092284,-0.007764293971769698
XGB,COPPER,2,2023-07-01,2024-07-01,2023-12-28,3383,1.3643043705248563,-0.01789125631885491,0.0027800123,-0.04294858156057679,-0.008340339060424418
XGB,COPPER,2,2023-07-01,2024-07-01,2023-12-29,3384,1.355964031464432,-0.020744663557762832,0.0040670563,-0.02597553329181146,-0.002967966591667315
XGB,COPPER,2,2023-07-01,2024-07-01,2024-01-02,3385,1.3529960648727646,-0.02298909512881875,-0.0006400787,-0.024198413636799643,-0.005572455833696477
XGB,COPPER,2,2023-07-01,2024-07-01,2024-01-03,3386,1.347423609039068,-0.025368794071949585,-0.0020857165,-0.028337995062696297,-0.004297719920560272
XGB,COPPER,2,2023-07-01,2024-07-01,2024-01-04,3387,1.3431258891185078,-0.025401822554303788,-0.0076258513,-0.01697970184769182,-0.009573209599655907
XGB,COPPER,2,2023-07-01,2024-07-01,2024-01-05,3388,1.333552679518852,-0.02531677478183192,-0.01427554,-0.016474408647202843,0.001316796596851244
XGB,COPPER,2,2023-07-01,2024-07-01,2024-01-08,3389,1.3348694761157032,-0.024740688138493727,-0.013271379,-0.014447889704843675,-0.013513687151423648
XGB,COPPER,2,2023-07-01,2024-07-01,2024-01-09,3390,1.3213557889642795,-0.0205277889742419,-0.020448856,0.010218344342014518,0.008632709208340916
XGB,COPPER,2,2023-07-01,2024-07-01,2024-01-10,3391,1.3299884981726204,-0.018995590399265794,-0.017663734,-0.004506292664991252,-0.0011908469366554986
XGB,COPPER,2,2023-07-01,2024-07-01,2024-01-11,3392,1.328797651235965,-0.01591877998953417,-0.018119022,0.0037002656537750145,-0.009712037259593131
XGB,COPPER,2,2023-07-01,2024-07-01,2024-01-12,3393,1.3190856139763718,-0.009421405925320814,-0.022452625,0.03739364486994745,0.007060573294444206
XGB,COPPER,2,2023-07-01,2024-07-01,2024-01-16,3394,1.326146187270816,-0.004646224839646829,-0.02120015,0.02594484559957455,-0.009067916399166931
XGB,COPPER,2,2023-07-01,2024-07-01,2024-01-17,3395,1.317078270871649,0.0010127333458944676,-0.018688235,0.03112476686516863,0.003343315539210412
XGB,COPPER,2,2023-07-01,2024-07-01,2024-01-18,3396,1.3204215864108595,0.006740931539418904,-0.016983991,0.03360778999056935,0.011152546895434545
XGB,COPPER,2,2023-07-01,2024-07-01,2024-01-19,3397,1.331574133306294,0.011347350312047588,-0.0048019523,0.03106772502561772,-0.0060919277986648535
XGB,COPPER,2,2023-07-01,2024-07-01,2024-01-22,3398,1.3254822055076292,0.016637032389785533,-0.006429608,0.03613514590605038,0.0070157113821107675
XGB,COPPER,2,2023-07-01,2024-07-01,2024-01-23,3399,1.33249791688974,0.01787731337259446,-0.004384932,0.016224361420518862,0.023981341956579305
XGB,COPPER,2,2023-07-01,2024-07-01,2024-01-24,3400,1.3564792588463193,0.015492918584309123,0.009681927,-0.01583622667488971,-0.004388225975928695
XGB,COPPER,2,2023-07-01,2024-07-01,2024-01-25,3401,1.3520910328703906,0.011355393833786476,0.0057702847,-0.0244856483784488,-0.0038879951335728524
XGB,COPPER,2,2023-07-01,2024-07-01,2024-01-26,3402,1.3482030377368177,0.007855949123233286,0.0034414874,-0.017817863492602504,0.00582633866461113
XGB,COPPER,2,2023-07-01,2024-07-01,2024-01-29,3403,1.3540293764014288,0.0018171428698225967,0.0061034192,-0.03561245044280903,0.008612481930482918
XGB,COPPER,2,2023-07-01,2024-07-01,2024-01-30,3404,1.3626418583319118,-0.006529089319747383,0.010191841,-0.05282368629197021,-0.001024506918232193
XGB,COPPER,2,2023-07-01,2024-07-01,2024-01-31,3405,1.3616173514136796,-0.015375385151168874,0.0044510886,-0.057075462670966415,-0.012895073103420751
XGB,COPPER,2,2023-07-01,2024-07-01,2024-02-01,3406,1.3487222783102588,-0.019137907185337255,-0.004279727,-0.03271629997898273,-0.008079246138829266
XGB,COPPER,2,2023-07-01,2024-07-01,2024-02-02,3407,1.3406430321714295,-0.021971865087251352,-0.012347083,-0.028533572835810705,-0.013037647679487785
XGB,COPPER,2,2023-07-01,2024-07-01,2024-02-05,3408,1.3276053844919418,-0.023296213416355238,-0.019514428,-0.01913743574397797,0.0027797897522734427
XGB,COPPER,2,2023-07-01,2024-07-01,2024-02-06,3409,1.3303851742442152,-0.022068797988087807,-0.015289448,-0.006897499893898429,-0.011968248285595395
XGB,COPPER,2,2023-07-01,2024-07-01,2024-02-07,3410,1.3184169259586198,-0.016956859214589004,-0.020184262,0.02653448703277861,-0.008598753918678259
XGB,COPPER,2,2023-07-01,2024-07-01,2024-02-08,3411,1.3098181720399416,-0.009539474897699574,-0.022557685,0.04253150737535494,-0.005276283297228401
XGB,COPPER,2,2023-07-01,2024-07-01,2024-02-09,3412,1.3045418887427132,-0.0008179305482878263,-0.024791164,0.049874742832522356,0.011464089588562931
XGB,COPPER,2,2023-07-01,2024-07-01,2024-02-12,3413,1.316005978331276,0.006371396160138376,-0.013083644,0.044329353406067584,-0.003896518995657239
XGB,COPPER,2,2023-07-01,2024-07-01,2024-02-13,3414,1.3121094593356188,0.01334993019391506,-0.013071986,0.044241017549896844,-0.00364151058765505
XGB,COPPER,2,2023-07-01,2024-07-01,2024-02-14,3415,1.3084679487479638,0.017816274505855434,-0.014064385,0.03282901551660511,0.015019725602352985
XGB,COPPER,2,2023-07-01,2024-07-01,2024-02-15,3416,1.3234876743503168,0.019591075976569616,-0.0017420017,0.019638214768191053,0.021463738641081642
XGB,COPPER,2,2023-07-01,2024-07-01,2024-02-16,3417,1.3449514129913984,0.018816444368304097,0.010254632,-0.002739537033682904,0.00739826642389807
XGB,COPPER,2,2023-07-01,2024-07-01,2024-02-20,3418,1.3523496794152965,0.017060293938593984,0.01086661,-0.008310611793224787,0.0020669521599390173
XGB,COPPER,2,2023-07-01,2024-07-01,2024-02-21,3419,1.3544166315752355,0.015482341504662767,0.013684308,-0.005045619612215946,0.005918700162108159
XGB,COPPER,2,2023-07-01,2024-07-01,2024-02-22,3420,1.3603353317373437,0.012574442812333109,0.015371256,-0.011742838296622482,-0.003984854851827979
XGB,COPPER,2,2023-07-01,2024-07-01,2024-02-23,3421,1.3563504768855157,0.009672515729165054,0.00905923,-0.009836959479478935,-0.015053512620946785
XGB,COPPER,2,2023-07-01,2024-07-01,2024-02-26,3422,1.341296964264569,0.010786741994281313,0.0010041988,0.012086756066460591,0.0018289248539389291
XGB,COPPER,2,2023-07-01,2024-07-01,2024-02-27,3423,1.3431258891185078,0.013282785912419603,0.00035457252,0.022838234239336952,-0.0009140131607923152
XGB,COPPER,2,2023-07-01,2024-07-01,2024-02-28,3424,1.3422118759577155,0.01409157379315662,-0.002370621,0.014911105407135361,0.001827191664356187
XGB,COPPER,2,2023-07-01,2024-07-01,2024-02-29,3425,1.3440390676220717,0.015946957306430587,0.0029045087,0.02269011125876541,0.005331944340947858
XGB,COPPER,2,2023-07-01,2024-07-01,2024-03-01,3426,1.3493710119630196,0.01686347344985717,0.004004707,0.01799532712263474,-0.000778518522298377
XGB,COPPER,2,2023-07-01,2024-07-01,2024-03-04,3427,1.3485924934407212,0.01969279020721304,-0.0016180816,0.05074142470780152,-0.002078976034684432
XGB,COPPER,2,2023-07-01,2024-07-01,2024-03-05,3428,1.3465135174060368,0.02317932734255934,-0.00508553,0.048988368876649035,0.006870202924992741
XGB,COPPER,2,2023-07-01,2024-07-01,2024-03-06,3429,1.3533837203310295,0.02686864498737429,-0.00014163586,0.06064744213975781,0.01258040302681529
XGB,COPPER,2,2023-07-01,2024-07-01,2024-03-07,3430,1.3659641233578448,0.029338568585624447,0.006684033,0.0485532078314066,-0.008841141992993906
XGB,COPPER,2,2023-07-01,2024-07-01,2024-03-08,3431,1.3571229813648509,0.03196630633870323,0.0036537412,0.04369041979777544,0.009606197515986237
XGB,COPPER,2,2023-07-01,2024-07-01,2024-03-11,3432,1.3667291788808371,0.03255106547984088,0.008014346,0.029144115457736985,0.0006371602048171887
XGB,COPPER,2,2023-07-01,2024-07-01,2024-03-12,3433,1.3673663390856543,0.03320631872651325,0.011656661,0.03048602177458748,0.0319675790628684
XGB,COPPER,2,2023-07-01,2024-07-01,2024-03-13,3434,1.3993339181485227,0.03016996643812142,0.02217003,-0.014040044474724622,-0.0038320318658369157
XGB,COPPER,2,2023-07-01,2024-07-01,2024-03-14,3435,1.3955018862826858,0.027093558193988176,0.01709775,-0.007459062244744796,0.018529276188101518
XGB,COPPER,2,2023-07-01,2024-07-01,2024-03-15,3436,1.4140311624707873,0.021802041002910055,0.025578322,-0.028737288796989224,0.00048616871846407506
XGB,COPPER,2,2023-07-01,2024-07-01,2024-03-18,3437,1.4145173311892514,0.015581722738819082,0.025556738,-0.03009971336156947,-0.013703930026625066
XGB,COPPER,2,2023-07-01,2024-07-01,2024-03-19,3438,1.4008134011626263,0.011343555351943202,0.014212634,-0.013644426443437219,-0.004940106824052215
XGB,COPPER,2,2023-07-01,2024-07-01,2024-03-20,3439,1.395873294338574,0.009635569825914292,0.008695509,0.0018554453498114132,0.001979066521667683
XGB,COPPER,2,2023-07-01,2024-07-01,2024-03-21,3440,1.3978523608602418,0.008653910225117745,0.0076011517,0.005790680771503354,-0.012558487186443701
XGB,COPPER,2,2023-07-01,2024-07-01,2024-03-22,3441,1.385293873673798,0.012295867315631481,0.001542319,0.04812255630416962,0.0027489503641429103
XGB,COPPER,2,2023-07-01,2024-07-01,2024-03-25,3442,1.388042824037941,0.017098424955953373,-0.0022873103,0.05805229379324839,-0.0027489503641429103
XGB,COPPER,2,2023-07-01,2024-07-01,2024-03-26,3443,1.385293873673798,0.02262928252852303,-0.0065904506,0.05915147488570871,-0.0008762558461161696
XGB,COPPER,2,2023-07-01,2024-07-01,2024-03-27,3444,1.384417617827682,0.02948885753114827,-0.011365271,0.06883419982226502,0.002751356891507184
XGB,COPPER,2,2023-07-01,2024-07-01,2024-03-28,3445,1.387168974719189,0.03614456333508986,-0.0051725507,0.06818486982003003,0.010559764969196417
XGB,COPPER,2,2023-07-01,2024-07-01,2024-04-01,3446,1.3977287396883855,0.04042826686715628,0.0019978273,0.05669146562386329,0.005914301943359623
XGB,COPPER,2,2023-07-01,2024-07-01,2024-04-02,3447,1.4036430416317451,0.04221366428632756,0.011650419,0.04374638475611747,0.029773388346222562
XGB,COPPER,2,2023-07-01,2024-07-01,2024-04-03,3448,1.4334164299779677,0.04109290732564652,0.025285875,0.015265743896497597,0.012678687853221682
XGB,COPPER,2,2023-07-01,2024-07-01,2024-04-04,3449,1.4460951178311894,0.04133226870824114,0.036062118,0.030725312673653526,-0.0016497692716825885
XGB,COPPER,2,2023-07-01,2024-07-01,2024-04-05,3450,1.4444453485595068,0.03940453279723033,0.03079851,0.015447933682621207,0.008806469090440139
XGB,COPPER,2,2023-07-01,2024-07-01,2024-04-08,3451,1.453251817649947,0.037202003596929156,0.033303753,0.015198449798281555,0.0021020268892721905
XGB,COPPER,2,2023-07-01,2024-07-01,2024-04-09,3452,1.4553538445392191,0.03671172763583486,0.030986594,0.03541308921025088,-0.0009336392269703175
XGB,COPPER,2,2023-07-01,2024-07-01,2024-04-10,3453,1.4544202053122488,0.03787504594243152,0.02738408,0.050101504973602884,-0.007030778924386194
XGB,COPPER,2,2023-07-01,2024-07-01,2024-04-11,3454,1.4473894263878626,0.040576577988544305,0.019984368,0.05679912025080447,0.0012927474866026856
XGB,COPPER,2,2023-07-01,2024-07-01,2024-04-12,3455,1.4486821738744653,0.0429517505075403,0.013279488,0.05328187430787468,0.02813825663037761
XGB,COPPER,2,2023-07-01,2024-07-01,2024-04-15,3456,1.476820430504843,0.041436984824879675,0.024709122,0.019896613573084698,-0.01692714826271491
XGB,COPPER,2,2023-07-01,2024-07-01,2024-04-16,3457,1.459893282242128,0.04430246643963409,0.009488925,0.059729303334475015,0.008556985206100487
XGB,COPPER,2,2023-07-01,2024-07-01,2024-04-17,3458,1.4684502674482285,0.04607251125592571,0.013829771,0.050844044203481875,0.022316666301241517
XGB,COPPER,2,2023-07-01,2024-07-01,2024-04-18,3459,1.49076693374947,0.047615160331977435,0.021834446,0.04803388189080393,0.013754776536381685
XGB,COPPER,2,2023-07-01,2024-07-01,2024-04-19,3460,1.5045217102858517,0.04497919976734899,0.028601095,0.013787236979342365,-0.0003331636471846089
XGB,COPPER,2,2023-07-01,2024-07-01,2024-04-22,3461,1.504188546638667,0.041652276530673715,0.028493902,0.011487935704881824,-0.0022244984563271064
XGB,COPPER,2,2023-07-01,2024-07-01,2024-04-23,3462,1.50196404818234,0.03690083813548539,0.020766286,0.0007791162435322185,-0.005247004104412367
XGB,COPPER,2,2023-07-01,2024-07-01,2024-04-24,3463,1.4967170440779276,0.03538698933764706,0.015605489,0.023561766233924475,0.022905541498675408
XGB,COPPER,2,2023-07-01,2024-07-01,2024-04-25,3464,1.519622585576603,0.03286986480086718,0.017683703,0.013905738518908084,-0.0003282739248926525
XGB,COPPER,2,2023-07-01,2024-07-01,2024-04-26,3465,1.5192943116517104,0.03001669345911928,0.015770499,0.012290205287168288,0.019506503988563573
XGB,COPPER,2,2023-07-01,2024-07-01,2024-04-29,3466,1.538800815640274,0.02330606755178133,0.023417158,-0.021039736096130968,-0.02049186837507988
XGB,COPPER,2,2023-07-01,2024-07-01,2024-04-30,3467,1.518308947265194,0.02061053873669172,0.007436564,0.009376479855289555,-0.00263246492164515
XGB,COPPER,2,2023-07-01,2024-07-01,2024-05-01,3468,1.515676482343549,0.021013065284447574,0.004224767,0.03050209939173998,-0.012933317917676712
XGB,COPPER,2,2023-07-01,2024-07-01,2024-05-02,3469,1.5027431644258722,0.025700145930698248,-0.006919302,0.06680983574688737,0.01753564588597989
XGB,COPPER,2,2023-07-01,2024-07-01,2024-05-03,3470,1.520278810311852,0.030402896617287345,0.001230677,0.07981554553361958,0.013249513783659017
XGB,COPPER,2,2023-07-01,2024-07-01,2024-05-06,3471,1.533528324095511,0.034274259427362175,0.007993203,0.06979092037998513,-0.0019438071566324489
XGB,COPPER,2,2023-07-01,2024-07-01,2024-05-07,3472,1.5315845169388786,0.036914686539984976,0.0046019605,0.056016741434750106,-0.013823437394735683
XGB,COPPER,2,2023-07-01,2024-07-01,2024-05-08,3473,1.517761079544143,0.04396813043821135,-0.003651175,0.10301237423598164,0.009924347576340642
XGB,COPPER,2,2023-07-01,2024-07-01,2024-05-09,3474,1.5276854271204836,0.05057114121214301,-0.004815522,0.09910114239367074,0.018493154614805274
XGB,COPPER,2,2023-07-01,2024-07-01,2024-05-10,3475,1.5461785817352889,0.05539686873049465,0.009834226,0.08678051754291771,0.02337441843747068
XGB,COPPER,2,2023-07-01,2024-07-01,2024-05-13,3476,1.5695530001727596,0.053142706326069655,0.014670152,0.01302742282461078,0.0305413556727121
XGB,COPPER,2,2023-07-01,2024-07-01,2024-05-14,3477,1.6000943558454717,0.04765653070402842,0.02630322,-0.02804679382163333,0.0032248886300245694
XGB,COPPER,2,2023-07-01,2024-07-01,2024-05-15,3478,1.6033192444754962,0.04048862615088278,0.026320517,-0.039192537987007725,-0.015717986101867476
XGB,COPPER,2,2023-07-01,2024-07-01,2024-05-16,3479,1.5876012583736288,0.03667703462915384,0.012790326,-0.0033785536122399318,0.03317219540649585
XGB,COPPER,2,2023-07-01,2024-07-01,2024-05-17,3480,1.6207734537801246,0.028873057199805263,0.016820567,-0.05101235214837052,0.006013115734029739
XGB,COPPER,2,2023-07-01,2024-07-01,2024-05-20,3481,1.6267865695141543,0.018125172375442533,0.01838592,-0.0851993386852643,0.006172529764052248
XGB,COPPER,2,2023-07-01,2024-07-01,2024-05-21,3482,1.6329590992782066,0.0050292961059776875,0.015472261,-0.10473121330774027,-0.050378676280836254
XGB,COPPER,2,2023-07-01,2024-07-01,2024-05-22,3483,1.5825804229973703,-0.002179234203988134,0.013453752,-0.03992353446607244,-0.01053286097353201
XGB,COPPER,2,2023-07-01,2024-07-01,2024-05-23,3484,1.5720475620238383,-0.01026212432180551,-0.0051981527,-0.05736001716980543,-0.007920855535349824
XGB,COPPER,2,2023-07-01,2024-07-01,2024-05-24,3485,1.5641267064884885,-0.015754835777931575,-0.0036945143,-0.03384019767700641,0.020095998272900317
XGB,COPPER,2,2023-07-01,2024-07-01,2024-05-28,3486,1.5842227047613888,-0.021120063884281226,-0.0046733078,-0.038576928667847454,-0.014461603129634737
XGB,COPPER,2,2023-07-01,2024-07-01,2024-05-29,3487,1.569761101631754,-0.026801491385954446,-0.016950324,-0.06690663895302751,-0.028173870802864043
XGB,COPPER,2,2023-07-01,2024-07-01,2024-05-30,3488,1.54158723082889,-0.029332952346373675,-0.026220642,-0.02503245508403462,-0.013359344858423716
XGB,COPPER,2,2023-07-01,2024-07-01,2024-05-31,3489,1.5282278859704663,-0.031119338723036627,-0.022016436,-0.019052447765548708,0.014429002560831572
XGB,COPPER,2,2023-07-01,2024-07-01,2024-06-03,3490,1.542656888531298,-0.03271300769120744,-0.021874042,-0.0206304214513382,-0.027969343677265
XGB,COPPER,2,2023-07-01,2024-07-01,2024-06-04,3491,1.514687544854033,-0.0337873158915194,-0.03405549,-0.008944830675198023,0.015598963957449197
XGB,COPPER,2,2023-07-01,2024-07-01,2024-06-05,3492,1.530286508811482,-0.03499155277791921,-0.027515603,-0.014939493792443193,0.015359267282059275
XGB,COPPER,2,2023-07-01,2024-07-01,2024-06-06,3493,1.5456457760935414,-0.03835522367607469,-0.01319962,-0.0368019544284357,-0.04279131341481479
XGB,COPPER,2,2023-07-01,2024-07-01,2024-06-07,3494,1.5028544626787266,-0.03809519348525803,-0.030044582,0.014906616865416389,0.013700313066128844
XGB,COPPER,2,2023-07-01,2024-07-01,2024-06-10,3495,1.5165547757448554,-0.03649765956151896,-0.02561157,0.01340694179584534,-0.0073793375399378025
XGB,COPPER,2,2023-07-01,2024-07-01,2024-06-11,3496,1.5091754382049176,-0.03626200134088342,-0.02172086,-0.006432273779045428,0.012851028875042081
XGB,COPPER,2,2023-07-01,2024-07-01,2024-06-12,3497,1.5220264670799597,-0.03607652874207279,-0.021653181,-0.01196700958064767,-0.016283752901124826
XGB,COPPER,2,2023-07-01,2024-07-01,2024-06-13,3498,1.5057427141788349,-0.03656149236439976,-0.018010123,-0.0284656957689704,0.009604300840204028
XGB,COPPER,2,2023-07-01,2024-07-01,2024-06-14,3499,1.515347015019039,-0.03847159600164507,-0.014114282,-0.041156291297230085,-0.006503193353933234
XGB,COPPER,2,2023-07-01,2024-07-01,2024-06-17,3500,1.5088438216651057,-0.04042715581489187,-0.013430601,-0.043622807581493284,0.0089172578790373
XGB,COPPER,2,2023-07-01,2024-07-01,2024-06-18,3501,1.517761079544143,-0.041470769976515776,-0.008604217,-0.03831794808688338,0.012200637996557795
XGB,COPPER,2,2023-07-01,2024-07-01,2024-06-20,3502,1.5299617175407008,-0.043056599610681756,-0.0025222562,-0.042352548804974965,-0.02721855311482857
XGB,COPPER,2,2023-07-01,2024-07-01,2024-06-21,3503,1.5027431644258722,-0.041553561663433713,-0.01997928,-0.01445643030345023,0.007316293073439839
XGB,COPPER,3,2024-07-01,2025-07-01,2024-07-01,3509,1.4876091687357258,0.001255252436545451,-0.0074555003,0.018355357221017776,0.0006775653866961662
XGB,COPPER,3,2024-07-01,2025-07-01,2024-07-02,3510,1.488286734122422,0.006578776613817672,-0.008020353,0.037443380294593265,0.024860493631748914
XGB,COPPER,3,2024-07-01,2025-07-01,2024-07-03,3511,1.5131472277541709,0.006496014978688791,0.0033754548,-0.0026461061365004035,0.025546321916446235
XGB,COPPER,3,2024-07-01,2025-07-01,2024-07-05,3512,1.5386935496706171,0.0015483314789113134,0.008409665,-0.04713873025519111,-0.007865990774347908
XGB,COPPER,3,2024-07-01,2025-07-01,2024-07-08,3513,1.5308275588962692,-0.003875878336966343,0.0053064167,-0.0494502783740427,-0.009565322367084628
XGB,COPPER,3,2024-07-01,2025-07-01,2024-07-09,3514,1.5212622365291846,-0.010800567334348532,0.0016496957,-0.07058566476733397,0.006423190591299033
XGB,COPPER,3,2024-07-01,2025-07-01,2024-07-10,3515,1.5276854271204836,-0.019911082052679108,0.0018574807,-0.08808732652843698,-0.021720901163740036
XGB,COPPER,3,2024-07-01,2025-07-01,2024-07-11,3516,1.5059645259567436,-0.02694464103818217,-0.010999072,-0.0755336620487852,0.019765588460271655
XGB,COPPER,3,2024-07-01,2025-07-01,2024-07-12,3517,1.5257301144170152,-0.037183956655654216,0.0005651531,-0.10358612248561161,-0.015228992799344754
XGB,COPPER,3,2024-07-01,2025-07-01,2024-07-15,3518,1.5105011216176705,-0.04653248392081499,-0.004897207,-0.09975808567931566,-0.01894630220224447
XGB,COPPER,3,2024-07-01,2025-07-01,2024-07-16,3519,1.491554819415426,-0.052779462487662965,-0.005582083,-0.0775236569446387,-0.0101775388931995
XGB,COPPER,3,2024-07-01,2025-07-01,2024-07-17,3520,1.4813772805222265,-0.05757214714607706,-0.0170229,-0.06929339232695098,-0.030700708760375894
XGB,COPPER,3,2024-07-01,2025-07-01,2024-07-18,3521,1.4506765717618506,-0.06046977430243605,-0.023412898,-0.0490011583769121,-0.011078471169803983
XGB,COPPER,3,2024-07-01,2025-07-01,2024-07-19,3522,1.4395981005920466,-0.061318403063475024,-0.029606037,-0.037676433825454936,-0.009167236684088254
XGB,COPPER,3,2024-07-01,2025-07-01,2024-07-22,3523,1.4304308639079584,-0.05663150911837933,-0.029345743,-0.00491582631456855,-0.008286871976554755
XGB,COPPER,3,2024-07-01,2025-07-01,2024-07-23,3524,1.4221439919314036,-0.053512803804015796,-0.03416187,-0.01936126734085275,-0.0114009559930488
XGB,COPPER,3,2024-07-01,2025-07-01,2024-07-24,3525,1.4107430359383548,-0.048412300193630964,-0.035550397,-0.0036661085482228017,0.0032881265324324893
XGB,COPPER,3,2024-07-01,2025-07-01,2024-07-25,3526,1.4140311624707873,-0.046497972058240356,-0.030616442,-0.03174483088722235,-0.001947274275511779
XGB,COPPER,3,2024-07-01,2025-07-01,2024-07-26,3527,1.4120838881952755,-0.043646248254554765,-0.027643345,-0.022918681462853474,-0.01040847481033702
XGB,COPPER,3,2024-07-01,2025-07-01,2024-07-29,3528,1.4016754133849385,-0.04174211045180365,-0.03179444,-0.031129409233187078,0.0002462533816531831
XGB,COPPER,3,2024-07-01,2025-07-01,2024-07-30,3529,1.4019216667665917,-0.03997783531502486,-0.032870814,-0.0294727293907322,0.023593370826798132
XGB,COPPER,3,2024-07-01,2025-07-01,2024-07-31,3530,1.4255150375933898,-0.04094784821054964,-0.012375152,-0.04423321350471032,-0.022732313002838955
XGB,COPPER,3,2024-07-01,2025-07-01,2024-08-01,3531,1.4027827245905509,-0.03668166847255194,-0.020922998,-0.002832079356437367,0.004294202799581148
XGB,COPPER,3,2024-07-01,2025-07-01,2024-08-02,3532,1.407076927390132,-0.0334860404892563,-0.018300716,-0.011822880663671542,-0.024790595806567062
XGB,COPPER,3,2024-07-01,2025-07-01,2024-08-05,3533,1.382286331583565,-0.027848481880607956,-0.024957802,0.010238602980733535,0.0068788751488571
XGB,COPPER,3,2024-07-01,2025-07-01,2024-08-06,3534,1.389165206732422,-0.02072948481318848,-0.021289987,0.031288991287820034,-0.018619202580670624
XGB,COPPER,3,2024-07-01,2025-07-01,2024-08-07,3535,1.3705460041517514,-0.011700569068425981,-0.024245236,0.04712590652361892,0.001902933224108061
XGB,COPPER,3,2024-07-01,2025-07-01,2024-08-08,3536,1.3724489373758595,-0.001843702844089412,-0.02633346,0.05462743943779991,0.00883288671282001
XGB,COPPER,3,2024-07-01,2025-07-01,2024-08-09,3537,1.3812818240886795,0.0059617309730106705,-0.014229862,0.04170599522686791,0.018668821145434
XGB,COPPER,3,2024-07-01,2025-07-01,2024-08-12,3538,1.3999506452341135,0.012107825139194173,0.0022680103,0.030719378570254197,-0.004696598507653027
XGB,COPPER,3,2024-07-01,2025-07-01,2024-08-13,3539,1.3952540467264605,0.016597447807854104,-0.0017614993,0.025683208092063037,-0.002729112162161984
XGB,COPPER,3,2024-07-01,2025-07-01,2024-08-14,3540,1.3925249345642985,0.02249121554331257,-0.0019724302,0.041249201464296004,0.027929263455943598
XGB,COPPER,3,2024-07-01,2025-07-01,2024-08-15,3541,1.420454198020242,0.026224484651461655,0.012388431,0.01736472060740879,-0.0027822873448717367
XGB,COPPER,3,2024-07-01,2025-07-01,2024-08-16,3542,1.4176719106753704,0.03014383766956863,0.008996129,0.02464833100640651,0.009404466138289047
XGB,COPPER,3,2024-07-01,2025-07-01,2024-08-19,3543,1.4270763768136594,0.028131406300616613,0.011811255,-0.005173592827965701,-0.004088557498111989
XGB,COPPER,3,2024-07-01,2025-07-01,2024-08-20,3544,1.4229878193155474,0.026438326515899835,0.008265007,-0.0004820670355025758,0.007682204488820288
XGB,COPPER,3,2024-07-01,2025-07-01,2024-08-21,3545,1.4306700238043677,0.02338280143605176,0.008709375,-0.008767239818674,-0.009732768985844187
XGB,COPPER,3,2024-07-01,2025-07-01,2024-08-22,3546,1.4209372548185235,0.01823490292989094,2.5382824e-05,-0.02667470796566307,0.012836881210070983
XGB,COPPER,3,2024-07-01,2025-07-01,2024-08-23,3547,1.4337741360285945,0.011003767413352072,0.008363504,-0.042616674287484724,0.004044782599056385
XGB,COPPER,3,2024-07-01,2025-07-01,2024-08-26,3548,1.4378189186276509,0.005119722868244692,0.012784168,-0.032334895858802115,0.004501323054125983
XGB,COPPER,3,2024-07-01,2025-07-01,2024-08-27,3549,1.4423202416817769,-0.0031604759167798147,0.014139792,-0.052407399880675776,-0.020417457696083163
XGB,COPPER,3,2024-07-01,2025-07-01,2024-08-28,3550,1.4219027839856937,-0.004837628364314117,-0.0006296069,-0.014703502345531083,0.0006029682943511361
XGB,COPPER,3,2024-07-01,2025-07-01,2024-08-29,3551,1.4225057522800448,-0.007947637747816705,0.00028297803,-0.02613726499172886,-0.0006029682943511361
XGB,COPPER,3,2024-07-01,2025-07-01,2024-08-30,3552,1.4219027839856937,-0.009504948915337375,0.0010895854,-0.015070726802439482,-0.027640237132833256
XGB,COPPER,3,2024-07-01,2025-07-01,2024-09-03,3553,1.3942625468528604,-0.005666032181901981,-0.016380709,0.024740963756137768,-0.0031050851117506717
XGB,COPPER,3,2024-07-01,2025-07-01,2024-09-04,3554,1.3911574617411098,4.138513397533572e-06,-0.017547738,0.037956942246705205,0.014326561027738993
XGB,COPPER,3,2024-07-01,2025-07-01,2024-09-05,3555,1.4054840227688488,0.004887271770944279,-0.0026835816,0.032690917671473585,-0.015571180967747678
XGB,COPPER,3,2024-07-01,2025-07-01,2024-09-06,3556,1.389912841801101,0.011578058579088557,-0.013177567,0.0483808198612774,0.01728643983906153
XGB,COPPER,3,2024-07-01,2025-07-01,2024-09-09,3557,1.4071992816401626,0.01665121847699047,-0.002155053,0.03689215840336346,-0.01083079435184664
XGB,COPPER,3,2024-07-01,2025-07-01,2024-09-10,3558,1.396368487288316,0.024169330802701117,-0.0075518605,0.05898535725090315,0.01046356989493824
XGB,COPPER,3,2024-07-01,2025-07-01,2024-09-11,3559,1.4068320571832542,0.02967278090314318,-0.005984485,0.04747132622585748,0.012171453425743994
XGB,COPPER,3,2024-07-01,2025-07-01,2024-09-12,3560,1.4190035106089982,0.03332493177955209,0.0062749116,0.037050102930472395,0.010110893378816765
XGB,COPPER,3,2024-07-01,2025-07-01,2024-09-13,3561,1.429114403987815,0.03692910279029671,0.017033482,0.05917233013460699,0.009060536452507373
XGB,COPPER,3,2024-07-01,2025-07-01,2024-09-16,3562,1.4381749404403223,0.03949283933115666,0.01852521,0.04977306837560724,0.00011872122205613955
XGB,COPPER,3,2024-07-01,2025-07-01,2024-09-17,3563,1.4382936616623785,0.043179798492988475,0.020204565,0.0836236207660872,0.005797778381147589
XGB,COPPER,3,2024-07-01,2025-07-01,2024-09-18,3564,1.444091440043526,0.045736264933698756,0.02036735,0.0690557877106448,0.011262404495693046
XGB,COPPER,3,2024-07-01,2025-07-01,2024-09-19,3565,1.4553538445392191,0.04614672465657166,0.024573095,0.04783422647739988,-0.0010504611301074274
XGB,COPPER,3,2024-07-01,2025-07-01,2024-09-20,3566,1.4543033834091117,0.04791401144812557,0.024252048,0.057631958597729405,0.0017502301303589096
XGB,COPPER,3,2024-07-01,2025-07-01,2024-09-23,3567,1.4560536135394706,0.050972255397435884,0.025237242,0.0691327887772295,0.03223312058295136
XGB,COPPER,3,2024-07-01,2025-07-01,2024-09-24,3568,1.488286734122422,0.049534475519386945,0.030882474,0.016234976163429726,-0.0003387253064923712
XGB,COPPER,3,2024-07-01,2025-07-01,2024-09-25,3569,1.4879480088159296,0.04807556356429732,0.029206228,0.02111693790631386,0.0339692736125361
XGB,COPPER,3,2024-07-01,2025-07-01,2024-09-26,3570,1.5219172824284657,0.044929332052943804,0.033268616,-0.013626540181274516,-0.008770054674294814
XGB,COPPER,3,2024-07-01,2025-07-01,2024-09-27,3571,1.5131472277541709,0.03888060968257823,0.027100712,-0.028819085725841465,-0.009959156737551877
XGB,COPPER,3,2024-07-01,2025-07-01,2024-09-30,3572,1.503188071016619,0.031826082360225216,0.017069006,-0.03186345633247756,0.0087472709902221
XGB,COPPER,3,2024-07-01,2025-07-01,2024-10-01,3573,1.511935342006841,0.024306720296312312,0.016821297,-0.033745663986154195,0.013251060309859009
XGB,COPPER,3,2024-07-01,2025-07-01,2024-10-02,3574,1.5251864023167,0.01744933789032377,0.023581322,-0.03194529799625512,-0.02066469203084842
XGB,COPPER,3,2024-07-01,2025-07-01,2024-10-03,3575,1.5045217102858517,0.011213814943372258,0.011549183,-0.03124719556353095,0.004543236436391762
XGB,COPPER,3,2024-07-01,2025-07-01,2024-10-04,3576,1.5090649467222434,0.002893961237536269,0.0121434005,-0.05033367122763299,-0.0007742044750522759
XGB,COPPER,3,2024-07-01,2025-07-01,2024-10-07,3577,1.5082907422471912,-0.004288878260591877,0.008302645,-0.042376827569510445,-0.023962600218861763
XGB,COPPER,3,2024-07-01,2025-07-01,2024-10-08,3578,1.4843281420283294,-0.009662385730831557,-0.0128267305,-0.028857598231253112,-0.01300352734418797
XGB,COPPER,3,2024-07-01,2025-07-01,2024-10-09,3579,1.4713246146841414,-0.010988288965454007,-0.01734397,-0.0020686880847042843,0.006865063336545463
XGB,COPPER,3,2024-07-01,2025-07-01,2024-10-10,3580,1.478189678020687,-0.013601450747959376,-0.012900101,-0.014240082924219966,0.015051426299758086
XGB,COPPER,3,2024-07-01,2025-07-01,2024-10-11,3581,1.493241104320445,-0.017164157243107603,-0.0055193887,-0.023525123655993463,-0.01996658959812425
XGB,COPPER,3,2024-07-01,2025-07-01,2024-10-14,3582,1.4732745147223207,-0.01962100308774062,-0.017597761,-0.013613503678739036,-0.01454323922771028
XGB,COPPER,3,2024-07-01,2025-07-01,2024-10-15,3583,1.4587312754946105,-0.019517719997345084,-0.024399554,0.00440837225711932,0.007182639183070272
XGB,COPPER,3,2024-07-01,2025-07-01,2024-10-16,3584,1.4659139146776807,-0.01905006344150384,-0.021829633,0.0018452079966524426,-0.01044337088060443
XGB,COPPER,3,2024-07-01,2025-07-01,2024-10-17,3585,1.4554705437970763,-0.017243437531165196,-0.025948258,0.010558734267695602,0.013785382802360857
XGB,COPPER,3,2024-07-01,2025-07-01,2024-10-18,3586,1.4692559265994372,-0.017330532645651875,-0.016088767,-0.0031111883942336327,-0.0053063315029702185
XGB,COPPER,3,2024-07-01,2025-07-01,2024-10-21,3587,1.463949595096467,-0.016507283152173313,-0.014485475,0.0010403821192110918,0.005766385567984589
XGB,COPPER,3,2024-07-01,2025-07-01,2024-10-22,3588,1.4697159806644515,-0.016894897321942937,-0.008121792,-0.007966357932841062,-0.010054969620869825
XGB,COPPER,3,2024-07-01,2025-07-01,2024-10-23,3589,1.4596610110435817,-0.013999875086014413,-0.014485665,0.009939921104871408,0.003478636708148075
XGB,COPPER,3,2024-07-01,2025-07-01,2024-10-24,3590,1.4631396477517298,-0.009368308331286546,-0.009736334,0.0200545528233127,0.004619474922603395
XGB,COPPER,3,2024-07-01,2025-07-01,2024-10-25,3591,1.4677591226743332,-0.004261542187826262,-0.0066243783,0.02525732931393332,-0.0017298446095612707
XGB,COPPER,3,2024-07-01,2025-07-01,2024-10-28,3592,1.466029278064772,-0.003749713815349054,-0.008725873,-0.0256019445018143,0.00011546014043162245
XGB,COPPER,3,2024-07-01,2025-07-01,2024-10-29,3593,1.4661447382052035,-0.0013695223689573766,-0.0073004193,0.017729916653121736,-0.001154760989525494
XGB,COPPER,3,2024-07-01,2025-07-01,2024-10-30,3594,1.464989977215678,-0.00011492734100482238,-0.0059252786,-0.00951943341860173,-0.0032403544840675647
XGB,COPPER,3,2024-07-01,2025-07-01,2024-10-31,3595,1.4617496227316105,0.0005230818264645443,-0.004944806,-0.02404948170481802,0.007851309416842644
XGB,COPPER,3,2024-07-01,2025-07-01,2024-11-01,3596,1.469600932148453,-0.002080119669889857,-0.0021429015,-0.05386909648253568,0.013593268426589367
XGB,COPPER,3,2024-07-01,2025-07-01,2024-11-04,3597,1.4831942005750425,-0.008347283397187377,0.006525434,-0.08053448912166417,0.009822251413224015
XGB,COPPER,3,2024-07-01,2025-07-01,2024-11-05,3598,1.4930164519882665,-0.01655804025277985,0.013820234,-0.08863663456097148,-0.05258911842530889
XGB,COPPER,3,2024-07-01,2025-07-01,2024-11-06,3599,1.4404273335629576,-0.02095964475163048,-0.0025485954,-0.04146354015069531,0.04344732129536766
XGB,COPPER,3,2024-07-01,2025-07-01,2024-11-07,3600,1.4838746548583253,-0.02632101816844079,0.011097056,-0.07093841107932186,-0.02840411106124896
XGB,COPPER,3,2024-07-01,2025-07-01,2024-11-08,3601,1.4554705437970763,-0.030108758732570795,-0.0075460826,-0.037193109114469936,-0.017770402770283855
XGB,COPPER,3,2024-07-01,2025-07-01,2024-11-11,3602,1.4377001410267924,-0.03248415773260005,-0.016266102,-0.016159335625032245,-0.021968305360875018
XGB,COPPER,3,2024-07-01,2025-07-01,2024-11-12,3603,1.4157318356659174,-0.034202106802143195,-0.019217791,-0.001579166822041067,-0.013072124212539116
XGB,COPPER,3,2024-07-01,2025-07-01,2024-11-13,3604,1.4026597114533783,-0.03555457905774184,-0.024434581,0.0019655773243292263,0.0017201059739166968
XGB,COPPER,3,2024-07-01,2025-07-01,2024-11-14,3605,1.404379817427295,-0.03536136937995482,-0.016643299,0.004531786008312277,-0.005416024015032717
XGB,COPPER,3,2024-07-01,2025-07-01,2024-11-15,3606,1.3989637934122623,-0.035459249344933275,-0.017181003,-0.00296664833079463,0.013972450366741107
XGB,COPPER,3,2024-07-01,2025-07-01,2024-11-18,3607,1.4129362437790034,-0.035044378516326136,-0.013393365,-0.010030638427074967,0.005341190903602966
XGB,COPPER,3,2024-07-01,2025-07-01,2024-11-19,3608,1.4182774346826064,-0.033995714362089036,-0.008924159,-0.012057873905057859,0.0032633707191538353
XGB,COPPER,3,2024-07-01,2025-07-01,2024-11-20,3609,1.4215408054017602,-0.03304280978535323,-0.008560883,-0.016547364041363588,-0.00738813655788384
XGB,COPPER,3,2024-07-01,2025-07-01,2024-11-21,3610,1.4141526688438764,-0.028302165236282484,-0.00310194,0.007991323087527258,-0.009527380066168822
XGB,COPPER,3,2024-07-01,2025-07-01,2024-11-22,3611,1.4046252887777075,-0.022452031211805057,-0.007831803,0.016553522086619976,0.004286314657899748
XGB,COPPER,3,2024-07-01,2025-07-01,2024-11-25,3612,1.4089116034356073,-0.017595726854176208,-0.0058181146,0.010575780392363843,-0.012914458354139624
XGB,COPPER,3,2024-07-01,2025-07-01,2024-11-26,3613,1.3959971450814677,-0.0110687071016069,-0.011586414,0.024336309880316653,0.00690846027046077
XGB,COPPER,3,2024-07-01,2025-07-01,2024-11-27,3614,1.4029056053519284,-0.003628824874001957,-0.005361329,0.03775850954423654,0.0033139554256200743
XGB,COPPER,3,2024-07-01,2025-07-01,2024-11-29,3615,1.4062195607775485,0.0029645671095823722,-0.0029393826,0.034444554118616466,-0.001226119417151894
XGB,COPPER,3,2024-07-01,2025-07-01,2024-12-02,3616,1.4049934413603966,0.008948530672791,-0.002168454,0.03341892743098196,0.017150550571007006
XGB,COPPER,3,2024-07-01,2025-07-01,2024-12-03,3617,1.4221439919314036,0.011067952461905506,0.0038390006,0.011749388908236291,-0.0009651810670761041
XGB,COPPER,3,2024-07-01,2025-07-01,2024-12-04,3618,1.4211788108643275,0.010989983497228017,0.0035911067,0.0016885709411336158,-0.0016914270363563855
XGB,COPPER,3,2024-07-01,2025-07-01,2024-12-05,3619,1.4194873838279711,0.010821970464155006,0.0019167486,0.0020534215737890715,0.0008460711338131865
XGB,COPPER,3,2024-07-01,2025-07-01,2024-12-06,3620,1.4203334549617843,0.008274879293091786,0.0062694685,-0.01142185152617703,0.020330659934380657
XGB,COPPER,3,2024-07-01,2025-07-01,2024-12-09,3621,1.440664114896165,0.0038003485879403165,0.014430134,-0.029677164446252347,0.0
XGB,COPPER,3,2024-07-01,2025-07-01,2024-12-10,3622,1.440664114896165,-0.003249585717215009,0.013661652,-0.04925779634713989,-0.0022517461047864007
XGB,COPPER,3,2024-07-01,2025-07-01,2024-12-11,3623,1.4384123687913786,-0.009061579352466875,0.011969332,-0.04192021007099367,-0.004518987951738662
XGB,COPPER,3,2024-07-01,2025-07-01,2024-12-12,3624,1.43389338083964,-0.014508370708513185,0.006538394,-0.041865546661757014,-0.01102599903417878
XGB,COPPER,3,2024-07-01,2025-07-01,2024-12-13,3625,1.4228673818054611,-0.016494440737666816,-0.003212579,-0.024273967924604234,-0.0013265764037009298
XGB,COPPER,3,2024-07-01,2025-07-01,2024-12-16,3626,1.4215408054017602,-0.0171409493337773,-0.0023357891,-0.017406519595856595,-0.012629201966152914
XGB,COPPER,3,2024-07-01,2025-07-01,2024-12-17,3627,1.4089116034356073,-0.015970687190333788,-0.009655673,-0.007113055779751187,0.00207534701430534
XGB,COPPER,3,2024-07-01,2025-07-01,2024-12-18,3628,1.4109869504499126,-0.01591736278702993,-0.00604428,-0.013381847217466936,-0.019580631900887546
XGB,COPPER,3,2024-07-01,2025-07-01,2024-12-19,3629,1.391406318549025,-0.01558509321049173,-0.02125881,-0.008618081446039927,0.005085840171359823
XGB,COPPER,3,2024-07-01,2025-07-01,2024-12-20,3630,1.396492158720385,-0.015760159789416583,-0.016611278,-0.013076908702193135,-0.004464324542502007
XGB,COPPER,3,2024-07-01,2025-07-01,2024-12-23,3631,1.392027834177883,-0.012962498140610679,-0.019049302,0.004093146309371409,0.006565579702974
XGB,COPPER,3,2024-07-01,2025-07-01,2024-12-24,3632,1.398593413880857,-0.009145353703703396,-0.013041777,0.018957301765163415,0.005540871925046709
XGB,COPPER,3,2024-07-01,2025-07-01,2024-12-26,3633,1.4041342858059036,-0.00524315285930288,-0.008323318,0.021500985471939904,-0.002335738150047506
XGB,COPPER,3,2024-07-01,2025-07-01,2024-12-27,3634,1.401798547655856,0.0004429556911722532,-0.008571371,0.039812245111212397,-0.0041934444234104085
XGB,COPPER,3,2024-07-01,2025-07-01,2024-12-30,3635,1.3976051032324457,0.008129148278022802,-0.01077762,0.05623107888985879,-0.014816866129460537
XGB,COPPER,3,2024-07-01,2025-07-01,2024-12-31,3636,1.3827882371029852,0.018166601468051047,-0.01687191,0.0698788743930916,0.0006270129152066151
XGB,COPPER,3,2024-07-01,2025-07-01,2025-01-02,3637,1.3834152500181918,0.028516964618504836,-0.016853297,0.07415266689823108,0.012705730469062537
XGB,COPPER,3,2024-07-01,2025-07-01,2025-01-03,3638,1.3961209804872543,0.03670493090212745,-0.0052955975,0.06493295980974811,0.021429735158766006
XGB,COPPER,3,2024-07-01,2025-07-01,2025-01-06,3639,1.4175507156460203,0.04326870899500479,0.008955966,0.054806640489155845,0.008084555631823198
XGB,COPPER,3,2024-07-01,2025-07-01,2025-01-07,3640,1.4256352712778435,0.04925979298584293,0.015648192,0.05835280168270551,0.015975521489224986
XGB,COPPER,3,2024-07-01,2025-07-01,2025-01-08,3641,1.4416107927670685,0.049820038642540254,0.027496105,0.025687374492636694,0.012225389355235983
XGB,COPPER,3,2024-07-01,2025-07-01,2025-01-09,3642,1.4538361821223045,0.04765448241728132,0.03520924,0.007333683556933535,-0.0011690706262277306
XGB,COPPER,3,2024-07-01,2025-07-01,2025-01-10,3643,1.4526671114960767,0.04339007556356789,0.030055448,-0.0007020319878585646,0.004900805420346099
XGB,COPPER,3,2024-07-01,2025-07-01,2025-01-13,3644,1.4575679169164228,0.038998832877287004,0.02713127,0.0009308172906652423,0.0034860233805795726
XGB,COPPER,3,2024-07-01,2025-07-01,2025-01-14,3645,1.4610539402970024,0.03341377724935457,0.027849754,-0.004767216249145001,0.011303415838173736
XGB,COPPER,3,2024-07-01,2025-07-01,2025-01-15,3646,1.4723573561351762,0.024215646088582066,0.03005608,-0.03643989354723276,0.011630716825372867
XGB,COPPER,3,2024-07-01,2025-07-01,2025-01-16,3647,1.483988072960549,0.014404942367538531,0.034341577,-0.044034470326610675,-0.016689905700843832
XGB,COPPER,3,2024-07-01,2025-07-01,2025-01-17,3648,1.4672981672597052,0.009518539530770864,0.024059946,-0.018615993385239893,-0.006128301580467177
XGB,COPPER,3,2024-07-01,2025-07-01,2025-01-21,3649,1.461169865679238,0.006750262205655444,0.0154148135,-0.005349417001333512,-0.00920478617101983
XGB,COPPER,3,2024-07-01,2025-07-01,2025-01-22,3650,1.4519650795082182,0.004554131965851971,0.010744195,-0.0022265261407230508,0.006533654698869906
XGB,COPPER,3,2024-07-01,2025-07-01,2025-01-23,3651,1.458498734207088,0.002823698663451779,0.0106009655,-0.001280000103738077,-0.0022120101592306707
XGB,COPPER,3,2024-07-01,2025-07-01,2025-01-24,3652,1.4562867240478574,0.003533016060980998,0.008576371,0.012163543400371069,-0.020369261459914023
XGB,COPPER,3,2024-07-01,2025-07-01,2025-01-27,3653,1.4359174625879434,0.009159192513916947,-0.0026003188,0.05349745627962954,0.0040361400459949515
XGB,COPPER,3,2024-07-01,2025-07-01,2025-01-28,3654,1.4399536026339383,0.015081893524379941,-0.0057073766,0.05373665500151903,0.00872857124052695
XGB,COPPER,3,2024-07-01,2025-07-01,2025-01-29,3655,1.4486821738744653,0.02134030746139981,-0.0034395622,0.0733442932054944,0.007138274803439204
XGB,COPPER,3,2024-07-01,2025-07-01,2025-01-30,3656,1.4558204486779045,0.028029785439518395,-0.0005324913,0.09184843979321822,-0.006081895310409369
XGB,COPPER,3,2024-07-01,2025-07-01,2025-01-31,3657,1.4497385533674951,0.03374709398419817,-0.0056329593,0.07512139670597784,0.00748018073585488
XGB,COPPER,3,2024-07-01,2025-07-01,2025-02-03,3658,1.45721873410335,0.03984056194635466,-0.0071161008,0.08991814238957208,0.011231533344878475
XGB,COPPER,3,2024-07-01,2025-07-01,2025-02-04,3659,1.4684502674482285,0.04560183914431959,0.003201894,0.09368638306638322,0.02096465141934445
XGB,COPPER,3,2024-07-01,2025-07-01,2025-02-05,3660,1.489414918867573,0.046752230662839844,0.017770788,0.04884914462008716,0.00427533876788444
XGB,COPPER,3,2024-07-01,2025-07-01,2025-02-06,3661,1.4936902576354574,0.04586678383383247,0.018723762,0.02909985639292123,0.028336209444502325
XGB,COPPER,3,2024-07-01,2025-07-01,2025-02-07,3662,1.5220264670799597,0.04255826686039077,0.029547153,-0.005361919639714774,0.025642421391163017
XGB,COPPER,3,2024-07-01,2025-07-01,2025-02-10,3663,1.5476688884711227,0.0387163490457616,0.040591758,-0.019875008125332494,-0.022808938397649747
XGB,COPPER,3,2024-07-01,2025-07-01,2025-02-11,3664,1.524859950073473,0.03542860271068138,0.029337594,-0.0075373390955246755,0.022276926419449117
XGB,COPPER,3,2024-07-01,2025-07-01,2025-02-12,3665,1.547136876492922,0.028993505785441798,0.033776805,-0.03928877590541102,0.014999774021689616
XGB,COPPER,3,2024-07-01,2025-07-01,2025-02-13,3666,1.5621366505146117,0.019847392277075215,0.034891594,-0.061175200810898334,-0.02387258702695161
XGB,COPPER,3,2024-07-01,2025-07-01,2025-02-14,3667,1.53826406348766,0.014667691203889222,0.024186218,-0.02489666011813574,-0.015473949459281489
XGB,COPPER,3,2024-07-01,2025-07-01,2025-02-18,3668,1.5227901140283786,0.011910115927441733,0.020047825,-0.0010911325603517597,-0.00612556658813368
XGB,COPPER,3,2024-07-01,2025-07-01,2025-02-19,3669,1.516664547440245,0.007860341463342024,0.009247999,-0.00937007741030138,0.011129332905545297
XGB,COPPER,3,2024-07-01,2025-07-01,2025-02-20,3670,1.5277938803457902,0.0048790123498660964,0.012556712,-0.006859379839738722,-0.010471269367841929
XGB,COPPER,3,2024-07-01,2025-07-01,2025-02-21,3671,1.5173226109779483,0.0017862026012311905,-2.3201406e-05,-0.007152666500056748,-0.00947451039043723
XGB,COPPER,3,2024-07-01,2025-07-01,2025-02-24,3672,1.507848100587511,0.005485314339622072,-0.0036245883,0.05376418156367069,-0.006886650883797696
XGB,COPPER,3,2024-07-01,2025-07-01,2025-02-25,3673,1.5009614497037134,0.010896319896831486,-0.010250579,0.06326982918304558,0.012405953665810987
XGB,COPPER,3,2024-07-01,2025-07-01,2025-02-26,3674,1.5133674033695244,0.013008596432088959,-0.0005873624,0.030571545567314118,0.00833157809850249
XGB,COPPER,3,2024-07-01,2025-07-01,2025-02-27,3675,1.5216989814680268,0.013214119762184229,0.0032008083,0.012907650765270118,-0.0144045114380833
XGB,COPPER,3,2024-07-01,2025-07-01,2025-02-28,3676,1.5072944700299435,0.017431377003964688,-0.0017112304,0.04874261738973318,0.013640030476107956
XGB,COPPER,3,2024-07-01,2025-07-01,2025-03-03,3677,1.5209345005060515,0.02120252571400183,0.00093067886,0.05204689549037034,-0.010764556028159955
XGB,COPPER,3,2024-07-01,2025-07-01,2025-03-04,3678,1.5101699444778915,0.028120638463602354,-0.008358641,0.07875908431593603,0.051442337673290206
XGB,COPPER,3,2024-07-01,2025-07-01,2025-03-05,3679,1.5616122821511818,0.029114706231909038,0.0047596223,0.02137901317013924,0.002618996735577195
XGB,COPPER,3,2024-07-01,2025-07-01,2025-03-06,3680,1.564231278886759,0.03096228503940912,0.0050571477,0.03181735854038181,-0.020292329949920473
XGB,COPPER,3,2024-07-01,2025-07-01,2025-03-07,3681,1.5439389489368385,0.03562473821007561,0.00085740845,0.06409798869370631,-0.00933231670354151
XGB,COPPER,3,2024-07-01,2025-07-01,2025-03-10,3682,1.534606632233297,0.042687371559700704,-0.008448557,0.0899169597037619,0.02143045518637976
XGB,COPPER,3,2024-07-01,2025-07-01,2025-03-11,3683,1.5560370874196767,0.0477904612401896,0.0017317752,0.07025794958270937,0.016944308576745115
XGB,COPPER,3,2024-07-01,2025-07-01,2025-03-12,3684,1.5729813959964218,0.05094449810831603,0.009057634,0.05380517351773251,0.015947632797405742
XGB,COPPER,3,2024-07-01,2025-07-01,2025-03-13,3685,1.5889290287938276,0.05125800657872759,0.015191718,0.03322768166015355,-0.00593773347250659
XGB,COPPER,3,2024-07-01,2025-07-01,2025-03-14,3686,1.582991295321321,0.054377903395728566,0.010247465,0.06239276081428957,0.01305734210581977
XGB,COPPER,3,2024-07-01,2025-07-01,2025-03-17,3687,1.5960486374271408,0.05651691849683216,0.015588695,0.05568220255546308,0.011988300203404023
XGB,COPPER,3,2024-07-01,2025-07-01,2025-03-18,3688,1.6080369376305448,0.053584733803928364,0.016379278,0.02071325590206019,0.01648665430651408
XGB,COPPER,3,2024-07-01,2025-07-01,2025-03-19,3689,1.6245235919370589,0.049059722026352226,0.022804014,0.007164966739413359,0.0017714450653272262
XGB,COPPER,3,2024-07-01,2025-07-01,2025-03-20,3690,1.626295037002386,0.04193942517137472,0.022842737,-0.012865107098247508,0.0004915325117682556
XGB,COPPER,3,2024-07-01,2025-07-01,2025-03-21,3691,1.6267865695141543,0.03468863793169996,0.01957667,-0.013555848200640153,-0.004629859060173214
XGB,COPPER,3,2024-07-01,2025-07-01,2025-03-24,3692,1.6221567104539811,0.02845782180122458,0.012379007,-0.008029815368082893,0.02322734568162943
XGB,COPPER,3,2024-07-01,2025-07-01,2025-03-25,3693,1.6453840561356106,0.018146964214013517,0.020112513,-0.07447912037728566,0.006346783846993276
XGB,COPPER,3,2024-07-01,2025-07-01,2025-03-26,3694,1.6517308399826038,0.008674693604494577,0.020295326,-0.17365523965503948,-0.022980646449998865
XGB,COPPER,3,2024-07-01,2025-07-01,2025-03-27,3695,1.628750193532605,0.001620959504045727,0.010291357,-0.20107395894836322,0.00293836514386725
XGB,COPPER,3,2024-07-01,2025-07-01,2025-03-28,3696,1.6316885586764722,-0.007001383662797123,0.00094459316,-0.21401664800110187,-0.01825862877233364
XGB,COPPER,3,2024-07-01,2025-07-01,2025-03-31,3697,1.6134299299041386,-0.01400789205004549,-0.013908762,-0.1841958383919835,-0.000199208590624389
XGB,COPPER,3,2024-07-01,2025-07-01,2025-04-01,3698,1.6132307213135142,-0.0196399818813513,-0.019974843,-0.14974384141020547,0.0008961737723840457
XGB,COPPER,3,2024-07-01,2025-07-01,2025-04-02,3699,1.6141268950858982,-0.02321218233451483,-0.020955237,-0.10838418090706337,-0.043221959327573334
XGB,COPPER,3,2024-07-01,2025-07-01,2025-04-03,3700,1.570904935758325,-0.024337025684614266,-0.03364457,-0.04256865537482235,-0.09282933543076055
XGB,COPPER,3,2024-07-01,2025-07-01,2025-04-04,3701,1.4780756003275644,-0.027272050060201725,-0.046861466,0.050369166133863,-0.0503993657433226
XGB,COPPER,3,2024-07-01,2025-07-01,2025-04-07,3702,1.4276762345842418,-0.028343739876643514,-0.061413433,0.11433895582787734,-0.010004323908871404
XGB,COPPER,3,2024-07-01,2025-07-01,2025-04-08,3703,1.4176719106753704,-0.02718314841284819,-0.060458552,0.13657039773391455,0.01156218083678473
XGB,COPPER,3,2024-07-01,2025-07-01,2025-04-09,3704,1.429234091512155,-0.02543363979798663,-0.049944602,0.12278659126139013,0.034252788391153643
XGB,COPPER,3,2024-07-01,2025-07-01,2025-04-10,3705,1.4634868799033087,-0.021590234802201014,-0.04083991,0.11970973933973883,0.04225583427552615
XGB,COPPER,3,2024-07-01,2025-07-01,2025-04-11,3706,1.5057427141788349,-0.02011093980611367,-0.029874453,0.07024177308461255,0.02259356620466768
XGB,COPPER,3,2024-07-01,2025-07-01,2025-04-14,3707,1.5283362803835026,-0.01878770938376273,-0.01819848,0.05064240490250094,0.00010848607792479648
XGB,COPPER,3,2024-07-01,2025-07-01,2025-04-15,3708,1.5284447664614274,-0.017027387561838303,-0.020350521,0.04753972080202007,0.013570423950691746
XGB,COPPER,3,2024-07-01,2025-07-01,2025-04-16,3709,1.542015190412119,-0.015422233245635075,-0.011547244,0.03448618471685427,0.012227117997165804
XGB,COPPER,3,2024-07-01,2025-07-01,2025-04-17,3710,1.554242308409285,-0.014553021611712236,-0.006845817,0.019153823186286,-0.002221625635739688
XGB,COPPER,3,2024-07-01,2025-07-01,2025-04-21,3711,1.5520206827735452,-0.01700300181782688,-0.0011834576,-0.03469807179559692,0.03117593646950234
XGB,COPPER,3,2024-07-01,2025-07-01,2025-04-22,3712,1.5831966192430476,-0.022095244166909556,0.013001078,-0.061279336814581864,-0.007212131979600134
XGB,COPPER,3,2024-07-01,2025-07-01,2025-04-23,3713,1.5759844872634474,-0.02545618212719858,0.008271234,-0.04396770943262451,0.0029941980225560716
XGB,COPPER,3,2024-07-01,2025-07-01,2025-04-24,3714,1.5789786852860035,-0.028335754594803753,0.012030163,-0.04103672948536308,-0.0029941980225560716
XGB,COPPER,3,2024-07-01,2025-07-01,2025-04-25,3715,1.5759844872634474,-0.02864228590322071,0.0022238153,-0.021002732428066384,0.0005168878655259501
XGB,COPPER,3,2024-07-01,2025-07-01,2025-04-28,3716,1.5765013751289734,-0.031526723911927235,0.0017563702,-0.04686455438269732,-0.0031052435334024686
XGB,COPPER,3,2024-07-01,2025-07-01,2025-04-29,3717,1.573396131595571,-0.03523149788331281,-0.00011959133,-0.05585426230269008,-0.05607352061762261
XGB,COPPER,3,2024-07-01,2025-07-01,2025-04-30,3718,1.5173226109779483,-0.03337983473695605,-0.014239633,0.011122155483479057,0.004594671450517396
XGB,COPPER,3,2024-07-01,2025-07-01,2025-05-01,3719,1.5219172824284657,-0.03225563899141526,-0.013237001,-0.0005458938543321246,0.010099495402357217
XGB,COPPER,3,2024-07-01,2025-07-01,2025-05-02,3720,1.532016777830823,-0.028763425517370766,-0.014721238,0.011601784602687903,0.005925177969817508
XGB,COPPER,3,2024-07-01,2025-07-01,2025-05-05,3721,1.5379419558006404,-0.02759909547183459,-0.004830917,-0.009497189339213064,0.01703979903474062
XGB,COPPER,3,2024-07-01,2025-07-01,2025-05-06,3722,1.554981754835381,-0.027375265559748785,0.000349471,-0.01929807862745947,-0.025344934089104987
XGB,COPPER,3,2024-07-01,2025-07-01,2025-05-07,3723,1.529636820746276,-0.026812053825708837,-0.015116893,-0.013301519875437817,-0.01209495145339523
XGB,COPPER,3,2024-07-01,2025-07-01,2025-05-08,3724,1.5175418692928808,-0.02249024150668877,-0.014761096,0.015770674157172815,0.010902897168546533
XGB,COPPER,3,2024-07-01,2025-07-01,2025-05-09,3725,1.5284447664614274,-0.01991374880050656,-0.015671855,0.0018417423500547425,-0.007073377887293786
XGB,COPPER,3,2024-07-01,2025-07-01,2025-05-12,3726,1.5213713885741336,-0.015881609125842466,-0.012130786,0.012911852726668727,0.022247173859377245
XGB,COPPER,3,2024-07-01,2025-07-01,2025-05-13,3727,1.5436185624335108,-0.014582464310318732,-0.0025499652,-0.0070739829054027314,-0.01517379597208346
XGB,COPPER,3,2024-07-01,2025-07-01,2025-05-14,3728,1.5284447664614274,-0.008108962102882034,-0.0088511985,0.041524393332113885,0.007238909746494215
XGB,COPPER,3,2024-07-01,2025-07-01,2025-05-15,3729,1.5356836762079216,-0.005339789828060937,-0.012097145,0.014004239919549688,-0.019348375337083334
XGB,COPPER,3,2024-07-01,2025-07-01,2025-05-16,3730,1.5163353008708382,-0.001889575942680688,-0.023424923,0.01924077446475536,0.0169772425792154
XGB,COPPER,3,2024-07-01,2025-07-01,2025-05-19,3731,1.5333125434500536,-0.0005707533815346721,-0.018833917,0.0043070984082820285,-0.0030260346385715398
XGB,COPPER,3,2024-07-01,2025-07-01,2025-05-20,3732,1.530286508811482,0.0010391584550657473,-0.018864509,0.007118233519753492,0.003996732489320198
XGB,COPPER,3,2024-07-01,2025-07-01,2025-05-21,3733,1.5342832413008023,0.005267645849558411,-0.0114121325,0.041494435711200595,0.002261338227305787
XGB,COPPER,3,2024-07-01,2025-07-01,2025-05-22,3734,1.536544579528108,0.008718743212989821,-0.014067465,0.034048594292475975,0.03342458026543316
XGB,COPPER,3,2024-07-01,2025-07-01,2025-05-23,3735,1.5699691597935412,0.010065832189762869,0.0020083997,0.011994785050096324,-0.02028124366606998
XGB,COPPER,3,2024-07-01,2025-07-01,2025-05-27,3736,1.5496879161274713,0.015139307742916275,-0.011014152,0.04229856853256364,-0.014111840791877661
XGB,COPPER,3,2024-07-01,2025-07-01,2025-05-28,3737,1.5355760753355936,0.01926494912186527,-0.010485152,0.039270376533039775,0.0020435665227420685
XGB,COPPER,3,2024-07-01,2025-07-01,2025-05-29,3738,1.5376196418583357,0.02471168570187432,-0.009210206,0.05355248663297463,-0.00021489952710007643
XGB,COPPER,3,2024-07-01,2025-07-01,2025-05-30,3739,1.5374047423312356,0.029293877914468913,-0.010901854,0.04855977798846012,0.0383729346807673
XGB,COPPER,3,2024-07-01,2025-07-01,2025-06-02,3740,1.5757776770120029,0.027793295929697814,-0.00031858304,-0.006953422831744938,-0.005184503191418832
XGB,COPPER,3,2024-07-01,2025-07-01,2025-06-03,3741,1.570593173820584,0.026978050807030307,-0.001918919,0.0024918727532188267,0.011370771023053505
XGB,COPPER,3,2024-07-01,2025-07-01,2025-06-04,3742,1.5819639448436376,0.02404598291131288,0.005431649,-0.01272322772057577,0.010022539816397336
XGB,COPPER,3,2024-07-01,2025-07-01,2025-06-05,3743,1.591986484660035,0.020436329055753433,0.013251885,-0.01786492999934408,-0.017140032791401527
XGB,COPPER,3,2024-07-01,2025-07-01,2025-06-06,3744,1.5748464518686334,0.018209551786230405,0.0009721161,-0.0061263901953001465,0.01632567662267692
XGB,COPPER,3,2024-07-01,2025-07-01,2025-06-09,3745,1.5911721284913103,0.015519113682876062,0.004290084,-0.013224926452678698,-0.005207608171614586
XGB,COPPER,3,2024-07-01,2025-07-01,2025-06-10,3746,1.5859645203196957,0.012625357736205878,0.0028195838,-0.011946508851824023,-0.017140266139437754
XGB,COPPER,3,2024-07-01,2025-07-01,2025-06-11,3747,1.568824254180258,0.012742489268780854,-0.0063127764,0.008710095850403832,0.004260792393544932
XGB,COPPER,3,2024-07-01,2025-07-01,2025-06-12,3748,1.5730850465738029,0.012970672029468666,-0.005790539,0.009392705439795979,-0.0038443294507410908
XGB,COPPER,3,2024-07-01,2025-07-01,2025-06-13,3749,1.5692407171230618,0.015134049412415695,-0.0059305015,0.022644057804040107,0.004880837537629024
XGB,COPPER,3,2024-07-01,2025-07-01,2025-06-16,3750,1.5741215546606908,0.018972075786710896,-0.0026799596,0.04833125192567489,-0.005401492987357592
XGB,COPPER,3,2024-07-01,2025-07-01,2025-06-17,3751,1.5687200616733332,0.023985460653193735,-0.010729635,0.05432486244589696,0.00922714036529837
XGB,COPPER,3,2024-07-01,2025-07-01,2025-06-18,3752,1.5779472020386316,0.026422015490070727,-0.0055773393,0.03747282378441685,-0.003929190570759911
XGB,COPPER,3,2024-07-01,2025-07-01,2025-06-20,3753,1.5740180114678717,0.029988350722052193,-0.008454747,0.044974085810699505,0.0035163385627901
XGB,COPPER,3,2024-07-01,2025-07-01,2025-06-23,3754,1.5775343500306618,0.034878236906606075,-0.0033042931,0.06126820363125973,0.004943401982937079
XGB,COPPER,4,2025-07-01,2026-07-01,2025-07-01,3760,1.6189920972785712,0.028580765199106573,-0.00067635503,0.09444537973353073,0.019810456383350328
XGB,COPPER,4,2025-07-01,2026-07-01,2025-07-02,3761,1.6388025536619215,0.02713661084107577,0.008517151,0.07715516579980508,-0.010150398354573875
XGB,COPPER,4,2025-07-01,2026-07-01,2025-07-03,3762,1.6286521553073476,0.027678529048419165,-0.0018261903,0.078819473188797,-0.015521100680582434
XGB,COPPER,4,2025-07-01,2026-07-01,2025-07-04,3763,1.6131310546267652,0.03145296080572857,-0.0056695575,0.09994589325464975,-0.006797970921758267
XGB,COPPER,4,2025-07-01,2026-07-01,2025-07-07,3764,1.606333083705007,0.036510825121588875,-0.0080895,0.09777844510786626,0.12443711051778994
XGB,COPPER,4,2025-07-01,2026-07-01,2025-07-08,3765,1.7307701942227969,0.03832685347513709,0.00045444118,-0.028570790581764482,-0.036347950175116495
XGB,COPPER,4,2025-07-01,2026-07-01,2025-07-09,3766,1.6944222440476804,0.04169882828514093,-0.014669666,0.024408057467503852,0.019015232964421536
XGB,COPPER,4,2025-07-01,2026-07-01,2025-07-10,3767,1.713437477012102,0.04496203887100747,-0.0075011733,0.011202339953601204,0.0025202424496246767
XGB,COPPER,4,2025-07-01,2026-07-01,2025-07-11,3768,1.7159577194617266,0.04894466177704482,-0.01211268,0.023982005723714783,-0.00848609096558195
XGB,COPPER,4,2025-07-01,2026-07-01,2025-07-14,3769,1.7074716284961446,0.05412481856132079,-0.014106305,0.04952386146104826,0.005605319385270313
XGB,COPPER,4,2025-07-01,2026-07-01,2025-07-15,3770,1.713076947881415,0.05826559482824267,-0.014319029,0.04080756033348898,-0.008965419068541758
XGB,COPPER,4,2025-07-01,2026-07-01,2025-07-16,3771,1.7041115288128732,0.06184427929208414,-0.012552444,0.04743343731086891,-0.001912125171840806
XGB,COPPER,4,2025-07-01,2026-07-01,2025-07-17,3772,1.7021994036410324,0.061122638697916454,-0.015598934,0.019673900623597307,0.01663089787415184
XGB,COPPER,4,2025-07-01,2026-07-01,2025-07-18,3773,1.7188303015151842,0.058778900127629985,-0.011256118,0.004561081252417942,0.005809515450518887
XGB,COPPER,4,2025-07-01,2026-07-01,2025-07-21,3774,1.7246398169657031,0.05442713645763675,-0.008319043,-0.007244732207592364,0.015299908219738256
XGB,COPPER,4,2025-07-01,2026-07-01,2025-07-22,3775,1.7399397251854414,0.04770267069116674,0.0039607384,-0.2742566873270853,0.017055764771751525
XGB,COPPER,4,2025-07-01,2026-07-01,2025-07-23,3776,1.756995489957193,0.039101773512735694,0.00971604,-0.2725540893107936,-0.003110981742288965
XGB,COPPER,4,2025-07-01,2026-07-01,2025-07-24,3777,1.753884508214904,0.030081842673521875,0.004076972,-0.26887668279929144,-0.002339542091161828
XGB,COPPER,4,2025-07-01,2026-07-01,2025-07-25,3778,1.751544966123742,0.020510112380492274,-0.0008092194,-0.2781559339921915,-0.029671661859112408
XGB,COPPER,4,2025-07-01,2026-07-01,2025-07-28,3779,1.7218733042646297,0.014058827166144816,-0.008051053,-0.24231635959774733,0.0015180785029724753
XGB,COPPER,4,2025-07-01,2026-07-01,2025-07-29,3780,1.7233913827676022,0.006701458610610667,-0.008300573,-0.24668518627239533,-0.005996298009491419
XGB,COPPER,4,2025-07-01,2026-07-01,2025-07-30,3781,1.7173950847581108,-0.00012243268313349986,-0.0108005265,-0.22325576843362804,-0.2517120468997547
XGB,COPPER,4,2025-07-01,2026-07-01,2025-07-31,3782,1.465683037858356,-0.00750377358199672,-0.022732295,0.021248213880880273,0.018758362788043215
XGB,COPPER,4,2025-07-01,2026-07-01,2025-08-01,3783,1.4844414006463993,-0.015104523438070894,-0.018397251,0.021523125310344282,0.000566424769213203
XGB,COPPER,4,2025-07-01,2026-07-01,2025-08-04,3784,1.4850078254156125,-0.02364936703915177,-0.02759953,0.015061521876328587,-0.011618793284061901
XGB,COPPER,4,2025-07-01,2026-07-01,2025-08-05,3785,1.4733890321315506,-0.032771212287336704,-0.025210196,0.022768182735718234,0.0061679125353317765
XGB,COPPER,4,2025-07-01,2026-07-01,2025-08-06,3786,1.4795569446668824,-0.042181842671797476,-0.023481673,0.01961961014031477,-0.002850748171675521
XGB,COPPER,4,2025-07-01,2026-07-01,2025-08-07,3787,1.4767061964952068,-0.051885620622165396,-0.021069579,0.017769647827648782,0.017433119829275867
XGB,COPPER,4,2025-07-01,2026-07-01,2025-08-08,3788,1.4941393163244827,-0.06262107454663246,-0.014177759,-0.010491428118027502,-0.007208064585246365
XGB,COPPER,4,2025-07-01,2026-07-01,2025-08-11,3789,1.4869312517392363,-0.07230904670922311,-0.019616418,0.0005650166080160002,0.019033274217507223
XGB,COPPER,4,2025-07-01,2026-07-01,2025-08-12,3790,1.5059645259567436,-0.08180893718131421,-0.0043603876,-0.01722640822938204,-0.005895178664802492
XGB,COPPER,4,2025-07-01,2026-07-01,2025-08-13,3791,1.500069347291941,-0.08950248096472757,-0.010642951,-0.007727155271057162,-0.003912132424672254
XGB,COPPER,4,2025-07-01,2026-07-01,2025-08-14,3792,1.4961572148672688,-0.09499564776646574,-0.0074106306,0.00044784573498990454,0.0030193399399283116
XGB,COPPER,4,2025-07-01,2026-07-01,2025-08-15,3793,1.4991765548071971,-0.09927670420024226,-0.007267125,-0.006160102818930646,-0.004700710484341508
XGB,COPPER,4,2025-07-01,2026-07-01,2025-08-18,3794,1.4944758443228556,-0.10225906001755303,-0.0071743377,-0.009581213387361842,-0.010827956116400417
XGB,COPPER,4,2025-07-01,2026-07-01,2025-08-19,3795,1.4836478882064552,-0.10112256261690411,-0.015119872,0.012285328558680142,0.0038483801407971363
XGB,COPPER,4,2025-07-01,2026-07-01,2025-08-20,3796,1.4874962683472523,-0.09685691179633293,-0.014853203,0.020683779087270704,0.0012418493801091834
XGB,COPPER,4,2025-07-01,2026-07-01,2025-08-21,3797,1.4887381177273615,-0.0897281487587469,-0.015186061,0.030665665324220104,0.0036040742935223857
XGB,COPPER,4,2025-07-01,2026-07-01,2025-08-22,3798,1.492342192020884,-0.08221727260838518,-0.011890794,0.024651389017182668,0.004262868581374812
XGB,COPPER,4,2025-07-01,2026-07-01,2025-08-25,3799,1.4966050606022587,-0.07639953730233584,-0.01066571,0.0048020889186399796,-0.003588608613992239
XGB,COPPER,4,2025-07-01,2026-07-01,2025-08-26,3800,1.4930164519882665,-0.06977516177623344,-0.00837465,0.007164491529284778,-0.008121821052772704
XGB,COPPER,4,2025-07-01,2026-07-01,2025-08-27,3801,1.4848946309354938,-0.061661947467512634,-0.013880872,0.017069417246846186,0.011038585829641567
XGB,COPPER,4,2025-07-01,2026-07-01,2025-08-28,3802,1.4959332167651354,-0.054586435278247025,-0.006169191,0.008366361442738945,0.012246830669387698
XGB,COPPER,4,2025-07-01,2026-07-01,2025-08-29,3803,1.508180047434523,-0.04762771662063581,0.000705151,0.006947227448085291,0.011223735617058583
XGB,COPPER,4,2025-07-01,2026-07-01,2025-09-02,3804,1.5194037830515816,-0.0411448246310091,0.009542741,0.004585140958093259,-0.0024102020135150504
XGB,COPPER,4,2025-07-01,2026-07-01,2025-09-03,3805,1.5169935810380666,-0.03475286323190252,0.0020603184,0.006559597227026703,-0.015586431517167876
XGB,COPPER,4,2025-07-01,2026-07-01,2025-09-04,3806,1.5014071495208987,-0.024778849904974587,-0.006875809,0.036642152895819624,-0.001226206003347441
XGB,COPPER,4,2025-07-01,2026-07-01,2025-09-05,3807,1.5001809435175513,-0.016109597908883444,-0.010011959,0.033023640685829525,0.0017831046647887039
XGB,COPPER,4,2025-07-01,2026-07-01,2025-09-08,3808,1.50196404818234,-0.010609401491467052,-0.005650463,0.017767972865392112,0.002335530025534327
XGB,COPPER,4,2025-07-01,2026-07-01,2025-09-09,3809,1.5042995782078743,-0.0069534383535097,-0.008102218,0.008847649546296577,0.010827696674734044
XGB,COPPER,4,2025-07-01,2026-07-01,2025-09-10,3810,1.5151272748826083,-0.00430272930774489,0.0012035794,0.004167036769102017,0.008861649127066551
XGB,COPPER,4,2025-07-01,2026-07-01,2025-09-11,3811,1.523988924009675,-0.0030536630705342294,0.0027151054,-0.0038194893438960875,-0.000435745744581606
XGB,COPPER,4,2025-07-01,2026-07-01,2025-09-12,3812,1.5235531782650933,-0.0014747194100954708,-0.0011184674,-0.0008721655369641201,0.014496124151625045
XGB,COPPER,4,2025-07-01,2026-07-01,2025-09-15,3813,1.5380493024167183,0.0007099960745624578,0.0047503198,0.020621505003804552,-0.00484471821333754
XGB,COPPER,4,2025-07-01,2026-07-01,2025-09-16,3814,1.5332045842033808,0.002422068233019381,-0.0021985003,0.014357883930745441,-0.013472563155648709
XGB,COPPER,4,2025-07-01,2026-07-01,2025-09-17,3815,1.519732021047732,0.006931656328375668,-0.006781903,0.031122908067035215,-0.006584793293561209
XGB,COPPER,4,2025-07-01,2026-07-01,2025-09-18,3816,1.5131472277541709,0.014285385258012484,-0.010078794,0.06397409975133983,0.006147083897539485
XGB,COPPER,4,2025-07-01,2026-07-01,2025-09-19,3817,1.5192943116517104,0.019686642571591584,-0.0059904954,0.05036269504497204,0.0008751230140684463
XGB,COPPER,4,2025-07-01,2026-07-01,2025-09-22,3818,1.5201694346657788,0.025526911491863702,-0.00664427,0.05478057337009923,0.0025115780623503614
XGB,COPPER,4,2025-07-01,2026-07-01,2025-09-23,3819,1.5226810127281292,0.03221682976059359,-0.0050195856,0.06614589751453859,0.03598979469239372
XGB,COPPER,4,2025-07-01,2026-07-01,2025-09-24,3820,1.5586708074205229,0.03730969303640563,0.005392102,0.062300358173639436,-0.011108339286396651
XGB,COPPER,4,2025-07-01,2026-07-01,2025-09-25,3821,1.5475624681341262,0.04191906778457488,0.0015980069,0.05927205613507436,0.0032924609806410654
XGB,COPPER,4,2025-07-01,2026-07-01,2025-09-26,3822,1.5508549291147673,0.04711806140351937,0.004818343,0.06813716816380389,0.026266398390743406
XGB,COPPER,4,2025-07-01,2026-07-01,2025-09-29,3823,1.5771213275055107,0.05017199412184725,0.016899573,0.041474523469339664,-0.007464320808828306
XGB,COPPER,4,2025-07-01,2026-07-01,2025-09-30,3824,1.5696570066966824,0.054366819966707336,0.0040245582,0.0547680378004376,0.005293001339195635
XGB,COPPER,4,2025-07-01,2026-07-01,2025-10-01,3825,1.574950008035878,0.05063820652297424,0.01057693,0.0037193243066324655,0.01387690220678972
XGB,COPPER,4,2025-07-01,2026-07-01,2025-10-02,3826,1.5888269102426678,0.0483582584413349,0.017211763,0.04051168483915135,0.032144255351494566
XGB,COPPER,4,2025-07-01,2026-07-01,2025-10-03,3827,1.6209711655941623,0.04322252797553361,0.021894516,-0.015440833567339052,-0.01413664132496173
XGB,COPPER,4,2025-07-01,2026-07-01,2025-10-06,3828,1.6068345242692006,0.03951265369647938,0.010551744,-0.0030123260691850007,0.012157573009370592
XGB,COPPER,4,2025-07-01,2026-07-01,2025-10-07,3829,1.6189920972785712,0.03411271248451686,0.016599739,-0.017989626734256303,-0.00039624630372081526
XGB,COPPER,4,2025-07-01,2026-07-01,2025-10-08,3830,1.6185958509748504,0.027974485195844112,0.0126022175,-0.022952658071845322,0.005829193522269627
XGB,COPPER,4,2025-07-01,2026-07-01,2025-10-09,3831,1.62442504449712,0.02242287800812659,0.015416215,-0.015387183081059241,-0.045755712154609496
XGB,COPPER,4,2025-07-01,2026-07-01,2025-10-10,3832,1.5786693323425105,0.022128405513348604,-0.0012738599,0.016669620892335812,0.05066926273930861
XGB,COPPER,4,2025-07-01,2026-07-01,2025-10-13,3833,1.629338595081819,0.01931207851549921,0.011918917,-0.027731268683341748,-0.023808263054995837
XGB,COPPER,4,2025-07-01,2026-07-01,2025-10-14,3834,1.6055303320268233,0.02048828695476934,-0.0026555224,0.020174509334658364,-0.0017081338268076784
XGB,COPPER,4,2025-07-01,2026-07-01,2025-10-15,3835,1.6038221982000156,0.0218035369381413,-0.009032294,0.02414304580960569,-0.00281972765570071
XGB,COPPER,4,2025-07-01,2026-07-01,2025-10-16,3836,1.6010024705443149,0.02425769860408722,-0.0074115032,0.03614789381388395,-0.005359277641309834
XGB,COPPER,4,2025-07-01,2026-07-01,2025-10-17,3837,1.595643192903005,0.02697507831748802,-0.013654235,0.04150717145519378,0.013394668513055707
XGB,COPPER,4,2025-07-01,2026-07-01,2025-10-20,3838,1.6090378614160608,0.030327145915684195,-0.008075583,0.046042409625640435,-0.013698908181214442
XGB,COPPER,4,2025-07-01,2026-07-01,2025-10-21,3839,1.5953389532348463,0.03083629435265145,-0.011743364,0.02957854356960765,0.006268373163631047
XGB,COPPER,4,2025-07-01,2026-07-01,2025-10-22,3840,1.6016073263984774,0.030197732911679598,-0.010205722,0.020845480187888343,0.024097514963004274
XGB,COPPER,4,2025-07-01,2026-07-01,2025-10-23,3841,1.6257048413614816,0.026179905982637308,0.003143561,-0.006910847608379234,0.0022604026481396478
XGB,COPPER,4,2025-07-01,2026-07-01,2025-10-24,3842,1.6279652440096213,0.019274054381137606,-0.00030468716,-0.03343792030485737,0.009185120348577547
XGB,COPPER,4,2025-07-01,2026-07-01,2025-10-27,3843,1.6371503643581988,0.012206654083802615,-0.0014918675,-0.03514000387837868,0.0
XGB,COPPER,4,2025-07-01,2026-07-01,2025-10-28,3844,1.6371503643581988,0.004810721994812361,-0.0050772,-0.038672312986813395,0.01792990668350236
XGB,COPPER,4,2025-07-01,2026-07-01,2025-10-29,3845,1.6550802710417012,-0.00476551176002693,0.0011987803,-0.05811983917522401,-0.030162774237247225
XGB,COPPER,4,2025-07-01,2026-07-01,2025-10-30,3846,1.624917496804454,-0.005230879719917425,-0.013428435,0.0017707480392159525,-0.0024646902180882613
XGB,COPPER,4,2025-07-01,2026-07-01,2025-10-31,3847,1.6224528065863657,-0.006159049030120212,-0.012135546,-0.0033616250343664333,-0.003658812833263303
XGB,COPPER,4,2025-07-01,2026-07-01,2025-11-03,3848,1.6187939937531024,-0.005352861265043307,-0.013492724,0.00838559041335607,-0.02426667004833849
XGB,COPPER,4,2025-07-01,2026-07-01,2025-11-04,3849,1.594527323704764,-0.0019661746315382533,-0.018881325,0.032259245809390436,0.00748303677505624
XGB,COPPER,4,2025-07-01,2026-07-01,2025-11-05,3850,1.6020103604798202,-0.0005499108963666899,-0.018289836,0.017278865738272975,-0.003532309108434717
XGB,COPPER,4,2025-07-01,2026-07-01,2025-11-06,3851,1.5984780513713854,5.762163181510793e-05,-0.021485174,0.01095986106271507,-0.001517619504908252
XGB,COPPER,4,2025-07-01,2026-07-01,2025-11-07,3852,1.5969604318664772,-8.738149681297713e-05,-0.02116079,0.0049492333644498565,0.029727812977192736
XGB,COPPER,4,2025-07-01,2026-07-01,2025-11-10,3853,1.62668824484367,-0.0031230210566379757,-0.008245061,-0.015651631612331407,-0.007597063291670647
XGB,COPPER,4,2025-07-01,2026-07-01,2025-11-11,3854,1.6190911815519993,-0.006448338956156485,-0.013407948,-0.017786285422386694,0.0080884026144592
XGB,COPPER,4,2025-07-01,2026-07-01,2025-11-12,3855,1.6271795841664585,-0.008853385881859577,-0.010984095,-0.016043095294015597,-0.00039301465230412447
XGB,COPPER,4,2025-07-01,2026-07-01,2025-11-13,3856,1.6267865695141543,-0.012387730781884265,-0.012481368,-0.02497770577044678,-0.007497343296061221
XGB,COPPER,4,2025-07-01,2026-07-01,2025-11-14,3857,1.6192892262180931,-0.013222464004646994,-0.011608607,-0.009951359224162015,-0.009851313783992621
XGB,COPPER,4,2025-07-01,2026-07-01,2025-11-17,3858,1.6094379124341005,-0.009374452254504284,-0.021685153,0.020684555321450082,-0.007528247203173466
XGB,COPPER,4,2025-07-01,2026-07-01,2025-11-18,3859,1.601909665230927,-0.0025543921611210774,-0.017315527,0.043956631771308485,0.009126948000411472
XGB,COPPER,4,2025-07-01,2026-07-01,2025-11-19,3860,1.6110366132313385,0.003446502633666526,-0.0132746035,0.04126917311663947,-0.009731717101725934
XGB,COPPER,4,2025-07-01,2026-07-01,2025-11-20,3861,1.6013048961296126,0.008946387091863794,-0.017115658,0.03982541942776541,0.009831592742830297
XGB,COPPER,4,2025-07-01,2026-07-01,2025-11-21,3862,1.6111364888724429,0.015059924115888634,-0.010388205,0.05807864412691477,-0.009327625128735306
XGB,COPPER,4,2025-07-01,2026-07-01,2025-11-24,3863,1.6018088637437076,0.022325131725519087,-0.017021187,0.06429291310978358,0.007529003250223543
XGB,COPPER,4,2025-07-01,2026-07-01,2025-11-25,3864,1.609337866993931,0.029769997948233984,-0.011812194,0.07372217964047856,0.020784600761619476
XGB,COPPER,4,2025-07-01,2026-07-01,2025-11-26,3865,1.6301224677555506,0.03363734505460725,-0.0035417313,0.04968071587231626,0.015743829246684937
XGB,COPPER,4,2025-07-01,2026-07-01,2025-11-28,3866,1.6458662970022355,0.03210187312938717,0.004184242,0.010550611530376175,0.006439489345742455
XGB,COPPER,4,2025-07-01,2026-07-01,2025-12-01,3867,1.652305786347978,0.030339823501529306,0.005402673,0.010767641266480776,-0.011175470790599995
XGB,COPPER,4,2025-07-01,2026-07-01,2025-12-02,3868,1.641130315557378,0.03300494745943183,-0.00051129045,0.05025618795881992,0.02808481744197966
XGB,COPPER,4,2025-07-01,2026-07-01,2025-12-03,3869,1.6692151329993576,0.030235548992901595,0.009823808,-0.004626339278310798,-0.003113356145866497
XGB,COPPER,4,2025-07-01,2026-07-01,2025-12-04,3870,1.6661017768534911,0.028521039250810176,0.002519691,0.008842942070109938,0.016958269780918522
XGB,COPPER,4,2025-07-01,2026-07-01,2025-12-05,3871,1.6830600466344097,0.02394405384229059,0.011444967,-0.01780903546946999,-0.0032568630065428206
XGB,COPPER,4,2025-07-01,2026-07-01,2025-12-08,3872,1.6798031836278668,0.021193307929090688,0.00489482,-0.00018641452430268046,-0.02338627509525515
XGB,COPPER,4,2025-07-01,2026-07-01,2025-12-09,3873,1.6564169085326117,0.021820102926211504,-0.0011794665,0.02375899992511421,0.0066565190818470565
XGB,COPPER,4,2025-07-01,2026-07-01,2025-12-10,3874,1.6630734276144588,0.023280658125974796,-0.0045677526,0.030613690615309164,0.02831307590173915
XGB,COPPER,4,2025-07-01,2026-07-01,2025-12-11,3875,1.691386503516198,0.021870890610006244,0.00086593156,0.0019328928986046545,-0.02679770979515106
XGB,COPPER,4,2025-07-01,2026-07-01,2025-12-12,3876,1.6645887937210468,0.024098320676382512,-0.008819072,0.03578608305382547,0.01035592520255424
XGB,COPPER,4,2025-07-01,2026-07-01,2025-12-15,3877,1.674944718923601,0.025670547227150342,-0.0098930895,0.029530585257052433,-0.009693707758661407
XGB,COPPER,4,2025-07-01,2026-07-01,2025-12-16,3878,1.6652510111649397,0.03106435565826038,-0.014448093,0.08681429885738945,0.01436575793862449
XGB,COPPER,4,2025-07-01,2026-07-01,2025-12-17,3879,1.6796167691035642,0.031005098450053392,-0.009700086,0.023402552088596984,0.0005591393541617418
XGB,COPPER,4,2025-07-01,2026-07-01,2025-12-18,3880,1.680175908457726,0.033120795916593115,-0.0136156995,0.06510322022746928,0.01351120977204201
XGB,COPPER,4,2025-07-01,2026-07-01,2025-12-19,3881,1.693687118229768,0.032941064006224874,0.0012542251,0.03442234424881452,-0.0003677218149653605
XGB,COPPER,4,2025-07-01,2026-07-01,2025-12-22,3882,1.6933193964148026,0.033195371236199644,-0.0018994281,0.03656464542239801,0.007055480360069755
XGB,COPPER,4,2025-07-01,2026-07-01,2025-12-23,3883,1.7003748767748723,0.03524820599582057,0.0009955402,0.07872141656813003,0.004100427405781204
XGB,COPPER,4,2025-07-01,2026-07-01,2025-12-24,3884,1.7044753041806535,0.03829073795527638,0.0022727933,0.08903262796545186,0.04759000584167561
XGB,COPPER,4,2025-07-01,2026-07-01,2025-12-26,3885,1.7520653100223291,0.03640120233105537,0.013308885,0.007343131614816034,-0.049045988830167975
XGB,COPPER,4,2025-07-01,2026-07-01,2025-12-29,3886,1.7030193211921612,0.037720009866604176,-0.0020458489,0.04557165528983398,0.04225980749303404
XGB,COPPER,4,2025-07-01,2026-07-01,2025-12-30,3887,1.7452791286851952,0.038263109024366804,0.008723891,0.02210229960026444,-0.017169666206612755
XGB,COPPER,4,2025-07-01,2026-07-01,2025-12-31,3888,1.7281094624785824,0.041237001702254084,-0.00025799466,0.061146898839524955,0.0017745793586181335
XGB,COPPER,4,2025-07-01,2026-07-01,2026-01-02,3889,1.7298840418372006,0.043812344232625255,-0.006660373,0.05686285042353245,0.049212251505801774
XGB,COPPER,4,2025-07-01,2026-07-01,2026-01-05,3890,1.7790962933430023,0.044351183578002384,0.0020068765,0.014162022806579078,0.014411638803103033
XGB,COPPER,4,2025-07-01,2026-07-01,2026-01-06,3891,1.7935079321461054,0.042192956671691206,0.008769047,-0.010452911244290819,-0.03409949050896022
XGB,COPPER,4,2025-07-01,2026-07-01,2026-01-07,3892,1.7594084416371452,0.03898564776698854,-0.0033545156,-0.003535279970075633,-0.01081746515515003
XGB,COPPER,4,2025-07-01,2026-07-01,2026-01-08,3893,1.7485909764819951,0.035759773868581535,-0.009574459,0.00460085862828663,0.018790451803464503
XGB,COPPER,4,2025-07-01,2026-07-01,2026-01-09,3894,1.7673814282854596,0.029888257760637638,5.0836396e-05,-0.02175319335946213,0.02187493303264776
XGB,COPPER,4,2025-07-01,2026-07-01,2026-01-12,3895,1.7892563613181074,0.022292186371539957,-0.0013388445,-0.04136173563013523,-0.0025094690573743694
XGB,COPPER,4,2025-07-01,2026-07-01,2026-01-13,3896,1.786746892260733,0.018781689663321277,-7.42729e-05,-0.009931908494485109,0.0065114238888484
XGB,COPPER,4,2025-07-01,2026-07-01,2026-01-14,3897,1.7932583161495814,0.01595794853133281,0.0048423065,-0.004169041053333045,-0.010203295247766864
XGB,COPPER,4,2025-07-01,2026-07-01,2026-01-15,3898,1.7830550209018146,0.011241264659911154,-0.0064263623,-0.020295378866546532,-0.02718185923474503
XGB,COPPER,4,2025-07-01,2026-07-01,2026-01-16,3899,1.7558731616670695,0.010877128300165628,-0.018542042,0.01780718121344349,-0.0026813265567877664
XGB,COPPER,4,2025-07-01,2026-07-01,2026-01-20,3900,1.7531918351102818,0.01570133543886354,-0.025629662,0.06739800219592618,-0.007563600184284258
XGB,COPPER,4,2025-07-01,2026-07-01,2026-01-21,3901,1.7456282349259975,0.018014471184025327,-0.018275663,0.028815484276194514,0.002266390761974657
XGB,COPPER,4,2025-07-01,2026-07-01,2026-01-22,3902,1.7478946256879722,0.018877362065305103,-0.017363343,0.010221852158499356,0.028920358078275754
XGB,COPPER,4,2025-07-01,2026-07-01,2026-01-23,3903,1.776814983766248,0.019183486808708627,-0.006449785,0.02530727249735376,0.012274291330000464
XGB,COPPER,4,2025-07-01,2026-07-01,2026-01-26,3904,1.7890892750962484,0.015646197652022575,0.005361571,-0.026758579891816625,-0.02632963306098035
XGB,COPPER,4,2025-07-01,2026-07-01,2026-01-27,3905,1.762759642035268,0.014681187767286108,-0.012186463,-0.005074189978876431,0.01092070084524499
XGB,COPPER,4,2025-07-01,2026-07-01,2026-01-28,3906,1.773680342880513,0.013186806349178681,-0.0063598524,-0.004933627793437756,0.04690949442569492
XGB,COPPER,4,2025-07-01,2026-07-01,2026-01-29,3907,1.820589837306208,0.008212173441929371,0.0039277896,-0.03803927828854703,-0.04614611810401592
XGB,COPPER,4,2025-07-01,2026-07-01,2026-01-30,3908,1.774443719202192,0.00601432656782408,-0.0078110895,-0.00016957984309673435,-0.0163272413557205
XGB,COPPER,4,2025-07-01,2026-07-01,2026-02-02,3909,1.7581164778464715,0.006031560196732677,-0.0175424,0.025106640481062703,0.04400577841713016
XGB,COPPER,4,2025-07-01,2026-07-01,2026-02-03,3910,1.8021222562636017,-0.00017173362485833898,0.0039472408,-0.049276896399047976,-0.03979156105916992
XGB,COPPER,4,2025-07-01,2026-07-01,2026-02-04,3911,1.7623306952044318,-0.0035997748918323857,-0.01857785,-0.0057667145872475345,-0.004645243148040157
XGB,COPPER,4,2025-07-01,2026-07-01,2026-02-05,3912,1.7576854520563916,-0.008769565545642344,-0.022929508,-0.02904331042835695,0.011061263030683666
XGB,COPPER,4,2025-07-01,2026-07-01,2026-02-06,3913,1.7687467150870753,-0.011022687819333354,-0.010683081,-0.012010124850316162,0.013803843930585646
XGB,COPPER,4,2025-07-01,2026-07-01,2026-02-09,3914,1.782550559017661,-0.01548902536667196,-0.009011577,-0.03683502496230662,-0.008276419658565626
XGB,COPPER,4,2025-07-01,2026-07-01,2026-02-10,3915,1.7742741393590953,-0.016827746593473414,-0.013156023,-0.011085652633258336,0.008948978968438936
XGB,COPPER,4,2025-07-01,2026-07-01,2026-02-11,3916,1.7832231183275342,-0.02002876931545905,-0.007710127,-0.030031283217252458,-0.03037775846298052
XGB,COPPER,4,2025-07-01,2026-07-01,2026-02-12,3917,1.7528453598645537,-0.016989340547004073,-0.014939721,0.0259976936004922,0.0037186207526305193
XGB,COPPER,4,2025-07-01,2026-07-01,2026-02-13,3918,1.7565639806171842,-0.01290573194172251,-0.011544707,0.03177294118733642,-0.027921838989149572
XGB,COPPER,4,2025-07-01,2026-07-01,2026-02-17,3919,1.7286421416280346,-0.0069986346165482605,-0.021634929,0.05424475358656511,0.028094448608724454
XGB,COPPER,4,2025-07-01,2026-07-01,2026-02-18,3920,1.756736590236759,-0.003216813780001049,-0.012719404,0.0357725832697946,-0.01102105618140481
XGB,COPPER,4,2025-07-01,2026-07-01,2026-02-19,3921,1.7457155340553543,-0.0006260427224902276,-0.017419068,0.0283041411592857,0.017472952670482655
XGB,COPPER,4,2025-07-01,2026-07-01,2026-02-20,3922,1.763188486725837,-0.0024642230798799236,-0.0064377664,-0.009910010262590863,-0.009996651615555185
XGB,COPPER,4,2025-07-01,2026-07-01,2026-02-23,3923,1.7531918351102818,-0.0010907603269172395,-0.016466444,0.014104165197039498,0.025651218354764138
XGB,COPPER,4,2025-07-01,2026-07-01,2026-02-24,3924,1.778843053465046,-0.005007999213025194,-0.0049133804,-0.029121633379430634,0.009493868339474743
XGB,COPPER,4,2025-07-01,2026-07-01,2026-02-25,3925,1.7883369218045206,-0.009844723029903246,0.0013194793,-0.03792042141179963,-0.005450026589920887
XGB,COPPER,4,2025-07-01,2026-07-01,2026-02-26,3926,1.7828868952145998,-0.012674249855970654,-0.0029950654,-0.02494278894956925,0.009622278291953945
XGB,COPPER,4,2025-07-01,2026-07-01,2026-02-27,3927,1.7925091735065537,-0.014006777579523177,0.0026979665,-0.016879119160544187,-0.01848949829191371
XGB,COPPER,4,2025-07-01,2026-07-01,2026-03-02,3928,1.77401967521464,-0.014157918055539342,-0.011555989,-0.008347542055077373,-0.020741198751393908
XGB,COPPER,4,2025-07-01,2026-07-01,2026-03-03,3929,1.753278476463246,-0.012305789862122607,-0.01296135,0.008794696803125612,0.014017523844075175
XGB,COPPER,4,2025-07-01,2026-07-01,2026-03-04,3930,1.7672960003073213,-0.014752231452510145,-0.00843082,-0.02428920462991635,-0.017574580221705993
XGB,COPPER,4,2025-07-01,2026-07-01,2026-03-05,3931,1.7497214200856153,-0.012954988876271223,-0.018367551,0.006497251884454824,0.0006950803071057443
XGB,COPPER,4,2025-07-01,2026-07-01,2026-03-06,3932,1.750416500392721,-0.012672666159505797,-0.019554345,-0.005311970541753919,0.007527605872309495
XGB,COPPER,4,2025-07-01,2026-07-01,2026-03-09,3933,1.7579441062650305,-0.016202378266904516,-0.015436361,-0.04342573523820614,0.017685948080979008
XGB,COPPER,4,2025-07-01,2026-07-01,2026-03-10,3934,1.7756300543460095,-0.02417616153980151,-0.011546153,-0.08313857062752783,-0.009957921186446894
XGB,COPPER,4,2025-07-01,2026-07-01,2026-03-11,3935,1.7656721331595626,-0.032241943491341685,-0.016179364,-0.08997838567683014,-0.003598959893190923
XGB,COPPER,4,2025-07-01,2026-07-01,2026-03-12,3936,1.7620731732663717,-0.037338208154557906,-0.016202554,-0.06838605503660378,-0.019066377588966787
XGB,COPPER,4,2025-07-01,2026-07-01,2026-03-13,3937,1.743006795677405,-0.04037384741419592,-0.019681321,-0.05244980733621607,0.013211876292665181
XGB,COPPER,4,2025-07-01,2026-07-01,2026-03-16,3938,1.75621867197007,-0.042599961915472884,-0.012128269,-0.04621173980139015,-0.011114142119102999
XGB,COPPER,4,2025-07-01,2026-07-01,2026-03-17,3939,1.745104529850967,-0.04486579335347418,-0.016741708,-0.05013136152873998,-0.03058615882414273
XGB,COPPER,4,2025-07-01,2026-07-01,2026-03-18,3940,1.7145183710268244,-0.043739855301636155,-0.02726073,-0.015788349718426353,-0.02202688730834268
XGB,COPPER,4,2025-07-01,2026-07-01,2026-03-19,3941,1.6924914837184817,-0.040214150658857584,-0.032047313,0.00788339305639063,-0.016797736235749205
XGB,COPPER,4,2025-07-01,2026-07-01,2026-03-20,3942,1.6756937474827325,-0.03202653823577162,-0.039897494,0.04483822952495142,0.017993370747035442
XGB,COPPER,4,2025-07-01,2026-07-01,2026-03-23,3943,1.693687118229768,-0.025087104383268333,-0.031546246,0.03335604916608648,-0.0031301298885790807
XGB,COPPER,4,2025-07-01,2026-07-01,2026-03-24,3944,1.6905569883411888,-0.01919330542012143,-0.034986783,0.025580579095478173,0.0194499438274911
XGB,COPPER,4,2025-07-01,2026-07-01,2026-03-25,3945,1.71000693216868,-0.015384066507287741,-0.020275595,0.009808871338014447,-0.01503376384645283
XGB,COPPER,4,2025-07-01,2026-07-01,2026-03-26,3946,1.694973168322227,-0.010994695417042344,-0.026351081,0.017833254384422403,0.0037568529861709
XGB,COPPER,4,2025-07-01,2026-07-01,2026-03-27,3947,1.698730021308398,-0.003943130830650787,-0.027953247,0.05212064871234512,0.0016448554664743043
XGB,COPPER,4,2025-07-01,2026-07-01,2026-03-30,3948,1.7003748767748723,0.002814537122008076,-0.019367062,0.04847711666085086,0.020157100232811587
XGB,COPPER,4,2025-07-01,2026-07-01,2026-03-31,3949,1.720531977007684,0.008453460178329486,-0.0067319963,0.049407847026027074,0.006511190388170496
XGB,COPPER,4,2025-07-01,2026-07-01,2026-04-01,3950,1.7270431673958544,0.014676202516530124,-0.0035060719,0.0607082523478677,-0.010905599959187384
XGB,COPPER,4,2025-07-01,2026-07-01,2026-04-02,3951,1.716137567436667,0.023939229599543754,-0.0067801573,0.08730338959844741,0.003678236070027374
XGB,COPPER,4,2025-07-01,2026-07-01,2026-04-06,3952,1.7198158035066944,0.03279671668877904,0.0003696179,0.08387224098434198,-0.007009380800044873
XGB,COPPER,4,2025-07-01,2026-07-01,2026-04-07,3953,1.7128064227066495,0.04252974508254437,-0.004248412,0.08997544061500351,0.038044247314093615
XGB,COPPER,4,2025-07-01,2026-07-01,2026-04-08,3954,1.7508506700207431,0.04942219951263538,0.0064605703,0.05801168898192777,-0.001998676585019954
XGB,COPPER,4,2025-07-01,2026-07-01,2026-04-09,3955,1.7488519934357232,0.0536494339213438,0.00040521327,0.04888951018241361,0.0210878305979878
XGB,COPPER,4,2025-07-01,2026-07-01,2026-04-10,3956,1.769939824033711,0.05448771196118729,0.013630796,0.022069635560766132,0.01781159571001112
XGB,COPPER,4,2025-07-01,2026-07-01,2026-04-13,3957,1.787751419743722,0.05523635614913558,0.016708983,0.023810658081016012,0.01568953729139233
XGB,COPPER,4,2025-07-01,2026-07-01,2026-04-14,3958,1.8034409570351144,0.052763761383813446,0.015976753,0.0008233352150612827,0.00024708745592194603
XGB,COPPER,4,2025-07-01,2026-07-01,2026-04-15,3959,1.8036880444910364,0.04799294045454894,0.014476893,-0.00801956446598795,-0.0009061811693833466
XGB,COPPER,4,2025-07-01,2026-07-01,2026-04-16,3960,1.802781863321653,0.042607366605129426,0.009578265,-0.008026864195719075,0.006080495681017872
XGB,COPPER,4,2025-07-01,2026-07-01,2026-04-17,3961,1.808862359002671,0.033629435502710026,0.009919855,-0.03145535601064453,-0.011120855384534112
XGB,COPPER,4,2025-07-01,2026-07-01,2026-04-20,3962,1.7977415036181368,0.025774077689492136,0.0005449288,-0.02643987888817234,-0.005732044023659677
XGB,COPPER,4,2025-07-01,2026-07-01,2026-04-21,3963,1.792009459594477,0.02036666367349671,-0.0070613828,-0.012659990487718265,0.019552618230261
XGB,COPPER,4,2025-07-01,2026-07-01,2026-04-22,3964,1.811562077824738,0.013116402394476312,0.005386072,-0.031200626540070164,-0.007297785574562399
XGB,COPPER,4,2025-07-01,2026-07-01,2026-04-23,3965,1.8042642922501757,0.004696257959844408,-0.0033976028,-0.0472688022929828,-0.008595812225127286
XGB,COPPER,4,2025-07-01,2026-07-01,2026-04-24,3966,1.7956684800250484,0.0016257315716459164,-0.0028086074,-0.013454450599516443,-0.0009134808991144716
XGB,COPPER,4,2025-07-01,2026-07-01,2026-04-27,3967,1.794754999125934,0.0019261062482069935,-0.013096291,0.019499528658634357,-0.017347996133907584
XGB,COPPER,4,2025-07-01,2026-07-01,2026-04-28,3968,1.7774070029920264,0.005134867622316186,-0.01854273,0.03537984276640849,-0.006105378262061922
XGB,COPPER,4,2025-07-01,2026-07-01,2026-04-29,3969,1.7713016247299644,0.011231559786051504,-0.021019854,0.061119837815515554,0.0080478443767944
XGB,COPPER,4,2025-07-01,2026-07-01,2026-04-30,3970,1.7793494691067588,0.018044753171665207,-0.018507877,0.07905564848016966,0.0010119821779090987
XGB,COPPER,4,2025-07-01,2026-07-01,2026-05-01,3971,1.780361451284668,0.026150728554054092,-0.018922418,0.089130387071928,-0.023365961327475038
XGB,COPPER,4,2025-07-01,2026-07-01,2026-05-04,3972,1.756995489957193,0.03854434201873236,-0.02930655,0.13543852603926743,0.025218539468339074
XGB,COPPER,4,2025-07-01,2026-07-01,2026-05-05,3973,1.782214029425532,0.04639537425210927,-0.016212765,0.09991923057736529,0.03204049835903633
XGB,COPPER,4,2025-07-01,2026-07-01,2026-05-06,3974,1.8142545277845683,0.04597654236049298,-0.004995012,0.018566927915322662,-0.0014676820261334544
XGB,COPPER,4,2025-07-01,2026-07-01,2026-05-07,3975,1.8127868457584349,0.04555039785834292,-0.0060394933,0.023308411136613083,0.019634616787045145
XGB,COPPER,4,2025-07-01,2026-07-01,2026-05-08,3976,1.83242146254548,0.04168066459344133,0.0020072947,-0.013533332116840047,0.025983655041448506
XGB,COPPER,4,2025-07-01,2026-07-01,2026-05-11,3977,1.8584051175869285,0.03741451609708446,0.009902244,-0.019364532701736437,0.011086720769667435
XGB,COPPER,4,2025-07-01,2026-07-01,2026-05-12,3978,1.869491838356596,0.031038681478888774,0.011445539,-0.035791006217719135,0.022942177639864392
XGB,COPPER,4,2025-07-01,2026-07-01,2026-05-13,3979,1.8924340159964603,0.024123127661696886,0.02202855,-0.04523983867730963,-0.01030075599356306
XGB,COPPER,4,2025-07-01,2026-07-01,2026-05-14,3980,1.8821332600028973,0.0181802437322931,0.015326411,-0.031947652711016516,-0.0493118043030063
XGB,COPPER,4,2025-07-01,2026-07-01,2026-05-15,3981,1.832821455699891,0.016232313026573353,0.008034706,0.00852148649076212,0.0032738011951569668
XGB,COPPER,4,2025-07-01,2026-07-01,2026-05-18,3982,1.836095256895048,0.015896511834373905,0.0034776996,0.019577523762598803,-0.017207126466407985
XGB,COPPER,4,2025-07-01,2026-07-01,2026-05-19,3983,1.81888813042864,0.016141281026506693,-0.001412541,0.03106161668359997,0.020152454456552116
XGB,COPPER,4,2025-07-01,2026-07-01,2026-05-20,3984,1.839040584885192,0.017941138803744483,0.00012461632,0.036447125601146935,-0.005339752746315263
XGB,COPPER,4,2025-07-01,2026-07-01,2026-05-21,3985,1.8337008321388768,0.022428463408030064,-0.009049245,0.0608408156691127,0.013493345180273897
XGB,COPPER,4,2025-07-01,2026-07-01,2026-05-22,3986,1.8471941773191507,0.02232684980013988,0.0019524969,0.02168063388607,0.002991429972730053
XGB,COPPER,4,2025-07-01,2026-07-01,2026-05-26,3987,1.8501856072918808,0.022422290589533045,0.0015772111,0.02330747098412922,-0.008842665101227665
XGB,COPPER,4,2025-07-01,2026-07-01,2026-05-27,3988,1.841342942190653,0.02036969025546065,-0.0051870197,-0.00660377378252508,0.01432983846699365
XGB,COPPER,4,2025-07-01,2026-07-01,2026-05-28,3989,1.8556727806576467,0.017312055138917204,-0.0010863957,-0.010451505223260327,-0.005723033545406819
XGB,COPPER,4,2025-07-01,2026-07-01,2026-05-29,3990,1.84994974711224,0.014503314158967884,-0.006853525,-0.009003403348341488,0.025537963374099082
XGB,COPPER,4,2025-07-01,2026-07-01,2026-06-01,3991,1.875487710486339,0.007344878877454386,0.0030608957,-0.043066247940859004,0.019053937321650505
XGB,COPPER,4,2025-07-01,2026-07-01,2026-06-02,3992,1.8945416478079895,-0.0017496043228975022,0.008977111,-0.060521247901225594,-0.025666836602768806
XGB,COPPER,4,2025-07-01,2026-07-01,2026-06-03,3993,1.8688748112052207,-0.0036129055621629824,0.0015997726,-0.00782251073546103,0.0046182670707892726
XGB,COPPER,4,2025-07-01,2026-07-01,2026-06-04,3994,1.87349307827601,-0.004890978187988226,-0.00094020204,-0.004386828076111238,-0.038753909867881964
XGB,COPPER,4,2025-07-01,2026-07-01,2026-06-05,3995,1.834739168408128,-0.002630995327452368,-0.008308568,0.03536924312817713,0.010482107026258403
XGB,COPPER,4,2025-07-01,2026-07-01,2026-06-08,3996,1.8452212754343864,-0.001306967429517636,-0.0015159883,0.0237307125770867,-0.00427493167048798
XGB,COPPER,4,2025-07-01,2026-07-01,2026-06-09,3997,1.8409463437638984,-0.0014480032741188698,-0.007933236,0.011359281115307152,-0.008524881218418434
XGB,COPPER,4,2025-07-01,2026-07-01,2026-06-10,3998,1.83242146254548,-0.0007906347482766751,-0.011118257,0.01705647226745155,0.0015989373612839142
XGB,COPPER,4,2025-07-01,2026-07-01,2026-06-11,3999,1.834020399906764,-0.0026180186242510395,-0.010223919,-0.019032838103493877,0.02703190056299576
XGB,COPPER,4,2025-07-01,2026-07-01,2026-06-12,4000,1.8610523004697597,-0.010035621067198353,-0.001337723,-0.07883827104422769,0.008053949730139065
XGB,COPPER,4,2025-07-01,2026-07-01,2026-06-15,4001,1.8691062501998987,-0.01618135488415562,0.0015451902,-0.06566529316478431,0.0010021613364064041
XGB,COPPER,4,2025-07-01,2026-07-01,2026-06-16,4002,1.8701084115363051,-0.021335542403445373,-0.00042935685,-0.05503940016042752,-0.0011564235248320287
XGB,COPPER,4,2025-07-01,2026-07-01,2026-06-17,4003,1.868951988011473,-0.02705245046797833,-0.00052954187,-0.06107316192819945,-0.016646363132267528
XGB,COPPER,4,2025-07-01,2026-07-01,2026-06-18,4004,1.8523056248792056,-0.028508989709286503,-0.01234861,-0.02896672401725997,-0.0028276900662740356
XGB,COPPER,4,2025-07-01,2026-07-01,2026-06-22,4005,1.8494779348129315,-0.030679160079769563,-0.011777,-0.03734412751437599,-0.03449037300966151
XGB,COPPER,4,2025-07-01,2026-07-01,2026-06-23,4006,1.81498756180327,-0.030369218462979797,-0.018350963,-0.004324554669456138,-0.03277353237773806
XGB,LTC,0,2021-07-01,2022-07-01,2021-07-01,2479,4.924187612071501,0.0035892176555334387,-0.031673744,-0.03905127848587053,-0.004617755623304021
XGB,LTC,0,2021-07-01,2022-07-01,2021-07-02,2480,4.919569856448197,0.006817188940270391,-0.035262924,-0.017473499857874053,0.024068384643434193
XGB,LTC,0,2021-07-01,2022-07-01,2021-07-03,2481,4.943638241091631,0.005203715289899158,-0.032580312,-0.045893300649360924,0.03244600266747888
XGB,LTC,0,2021-07-01,2022-07-01,2021-07-04,2482,4.97608424375911,-0.0009256683813223532,0.0004179859,-0.07641153989746119,-0.04829995890569361
XGB,LTC,0,2021-07-01,2022-07-01,2021-07-05,2483,4.927784284853416,1.2137584561422443e-05,-0.034253065,-0.0333972169823431,0.006586344232907493
XGB,LTC,0,2021-07-01,2022-07-01,2021-07-06,2484,4.934370629086324,-0.0038983523434419354,-0.03577708,-0.05671976970846071,-0.011683763090899468
XGB,LTC,0,2021-07-01,2022-07-01,2021-07-07,2485,4.922686865995424,-0.006438722009732167,-0.040237058,-0.047011742367295994,-0.037550532409794
XGB,LTC,0,2021-07-01,2022-07-01,2021-07-08,2486,4.88513633358563,-0.010770748282732612,-0.05548846,-0.052897813213284905,0.01696002300469246
XGB,LTC,0,2021-07-01,2022-07-01,2021-07-09,2487,4.902096356590323,-0.023609411671429825,-0.04244741,-0.10596658116685109,-0.004351416148052678
XGB,LTC,0,2021-07-01,2022-07-01,2021-07-10,2488,4.89774494044227,-0.03642791454259342,-0.03579272,-0.11002758376969002,0.0019277634193786142
XGB,LTC,0,2021-07-01,2022-07-01,2021-07-11,2489,4.899672703861649,-0.04937287640762733,-0.039996598,-0.11625578276389792,-0.005285635990575521
XGB,LTC,0,2021-07-01,2022-07-01,2021-07-12,2490,4.894387067871073,-0.06826852165990438,-0.0343238,-0.1655418819771075,-0.016736208493210114
XGB,LTC,0,2021-07-01,2022-07-01,2021-07-13,2491,4.877650859377863,-0.08910828163296447,-0.053253695,-0.2010954936363838,-0.0019757357497347527
XGB,LTC,0,2021-07-01,2022-07-01,2021-07-14,2492,4.875675123628128,-0.09617104580601676,-0.049646508,-0.10957819067235697,-0.04343660325578291
XGB,LTC,0,2021-07-01,2022-07-01,2021-07-15,2493,4.8322385203723455,-0.09152491176532074,-0.060275987,-0.03863388223576081,-0.03610874494887373
XGB,LTC,0,2021-07-01,2022-07-01,2021-07-16,2494,4.796129775423472,-0.07743999914216282,-0.06956169,0.026161161466604632,-0.008412418750891604
XGB,LTC,0,2021-07-01,2022-07-01,2021-07-17,2495,4.78771735667258,-0.059912672536620803,-0.06582116,0.05006085031707208,-0.004300435574829287
XGB,LTC,0,2021-07-01,2022-07-01,2021-07-18,2496,4.783416921097751,-0.040425499832285716,-0.058962606,0.06546759298322513,-0.05457173520378511
XGB,LTC,0,2021-07-01,2022-07-01,2021-07-19,2497,4.728845185893966,-0.009946996161709798,-0.08459068,0.1491153983714435,-0.0522898201524864
XGB,LTC,0,2021-07-01,2022-07-01,2021-07-20,2498,4.676555365741479,0.028879643189746673,-0.103451386,0.22588483719588215,0.08954156721429207
XGB,LTC,0,2021-07-01,2022-07-01,2021-07-21,2499,4.766096932955771,0.057767308172227416,-0.055578105,0.17437772870546464,0.027507705180813247
XGB,LTC,0,2021-07-01,2022-07-01,2021-07-22,2500,4.793604638136585,0.0837209924128377,-0.019406132,0.1574313058985215,0.028686298753491712
XGB,LTC,0,2021-07-01,2022-07-01,2021-07-23,2501,4.822290936890076,0.10765443845364153,0.008882993,0.15977356769583473,0.015487270099575845
XGB,LTC,0,2021-07-01,2022-07-01,2021-07-24,2502,4.837778206989652,0.12556842490728215,0.011999844,0.13849482435623983,0.011106307091323764
XGB,LTC,0,2021-07-01,2022-07-01,2021-07-25,2503,4.848884514080976,0.13251138013684116,0.0076518566,0.09799797442794222,0.029076070184433256
XGB,LTC,0,2021-07-01,2022-07-01,2021-07-26,2504,4.877960584265409,0.13436431963108575,0.021146366,0.07437806084358112,0.024479618671952252
XGB,LTC,0,2021-07-01,2022-07-01,2021-07-27,2505,4.9024402029373615,0.12622303448481365,0.03515194,0.02691885695877083,0.038034458723874565
XGB,LTC,0,2021-07-01,2022-07-01,2021-07-28,2506,4.940474661661236,0.1178872823110666,0.044089932,0.01973045229928072,0.010561282373870107
XGB,LTC,0,2021-07-01,2022-07-01,2021-07-29,2507,4.951035944035106,0.10775317373578908,0.030336406,0.01485281822744522,0.03102856055080494
XGB,LTC,0,2021-07-01,2022-07-01,2021-07-30,2508,4.982064504585911,0.0981580223489118,0.04532997,0.013801925400668935,-0.005791473240019052
XGB,LTC,0,2021-07-01,2022-07-01,2021-07-31,2509,4.976273031345892,0.09553883233955673,0.031046752,0.07271578340684925,-0.029390542836973843
XGB,LTC,0,2021-07-01,2022-07-01,2021-08-01,2510,4.946882488508918,0.09283034230994147,0.0011030892,0.06273717363406828,0.005456156600072148
XGB,LTC,0,2021-07-01,2022-07-01,2021-08-02,2511,4.95233864510899,0.09687248261397485,-0.0042185513,0.1627549022600272,-0.022979585212858034
XGB,LTC,0,2021-07-01,2022-07-01,2021-08-03,2512,4.929359059896132,0.10715613257659484,-0.037588995,0.17937294439075746,0.030846054064384454
XGB,LTC,0,2021-07-01,2022-07-01,2021-08-04,2513,4.960205113960517,0.11646159268242773,-0.021492554,0.18108377355263183,0.005683648302034605
XGB,LTC,0,2021-07-01,2022-07-01,2021-08-05,2514,4.965888762262551,0.12135806773470392,-0.019757126,0.1408505008777894,0.029977667724028656
XGB,LTC,0,2021-07-01,2022-07-01,2021-08-06,2515,4.99586642998658,0.1288281610702411,-0.005975208,0.21518181928401336,0.05312238476616127
XGB,LTC,0,2021-07-01,2022-07-01,2021-08-07,2516,5.048988814752741,0.13194054861152704,0.017320983,0.1589183500301088,-0.03936915260975482
XGB,LTC,0,2021-07-01,2022-07-01,2021-08-08,2517,5.0096196621429865,0.14419775695793646,0.0013685161,0.21021871489299926,0.10547388522603107
XGB,LTC,0,2021-07-01,2022-07-01,2021-08-09,2518,5.115093547369018,0.1447970335439015,0.057624757,0.07147903508795572,-0.006361543082127774
XGB,LTC,0,2021-07-01,2022-07-01,2021-08-10,2519,5.10873200428689,0.13657204394794942,0.044191223,0.020235129561664067,0.032556883226258826
XGB,LTC,0,2021-07-01,2022-07-01,2021-08-11,2520,5.141288887513149,0.122100971196617,0.056115013,-0.020923001794005636,-0.03454962437280784
XGB,LTC,0,2021-07-01,2022-07-01,2021-08-12,2521,5.106739263140341,0.11723214503467094,0.038554408,0.06086221896402755,0.10430898613025263
XGB,LTC,0,2021-07-01,2022-07-01,2021-08-13,2522,5.211048249270593,0.11064163408522187,0.052538335,0.001866580575081933,-0.0031410844877433064
XGB,LTC,0,2021-07-01,2022-07-01,2021-08-14,2523,5.20790716478285,0.09892591427267483,0.046399698,-0.016417250320561294,0.011931212253135648
XGB,LTC,0,2021-07-01,2022-07-01,2021-08-15,2524,5.219838377035986,0.08947248450581125,0.055515256,0.007590188454357438,-0.033265794579012464
XGB,LTC,0,2021-07-01,2022-07-01,2021-08-16,2525,5.186572582456973,0.08388651968055871,0.026826482,0.0451050171684626,-0.05760544860841943
XGB,LTC,0,2021-07-01,2022-07-01,2021-08-17,2526,5.128967133848554,0.07591941957761073,-0.002534104,0.02765309231476376,-0.008601248129410877
XGB,LTC,0,2021-07-01,2022-07-01,2021-08-18,2527,5.120365885719143,0.07239679585725689,-0.0070354445,0.059186107444300085,0.04723559638522534
XGB,LTC,0,2021-07-01,2022-07-01,2021-08-19,2528,5.167601482104368,0.05647222915938244,0.021400224,-0.043128188686302416,0.04531334774130702
XGB,LTC,0,2021-07-01,2022-07-01,2021-08-20,2529,5.212914829845675,0.04175068691306816,0.041584264,-0.042519443746940055,-0.021424915383386534
XGB,LTC,0,2021-07-01,2022-07-01,2021-08-21,2530,5.191489914462289,0.029811857757429117,0.0067483555,-0.02411252228700711,0.03593865102805438
XGB,LTC,0,2021-07-01,2022-07-01,2021-08-22,2531,5.227428565490343,0.01247959580474145,0.03553847,-0.0643341721525248,0.0042490341350927
XGB,LTC,0,2021-07-01,2022-07-01,2021-08-23,2532,5.231677599625436,-0.00970537571478225,0.03160821,-0.1111440966409214,-0.07505737346211827
XGB,LTC,0,2021-07-01,2022-07-01,2021-08-24,2533,5.156620226163318,-0.017273965296697114,-0.02054827,-0.01110896191961519,0.022931767000125447
XGB,LTC,0,2021-07-01,2022-07-01,2021-08-25,2534,5.179551993163443,-0.017701224337560717,-0.0193653,0.01879125815039906,-0.05507869974537716
XGB,LTC,0,2021-07-01,2022-07-01,2021-08-26,2535,5.124473293418066,-0.009261247954750473,-0.03591778,0.08838012662556416,0.04592209268066938
XGB,LTC,0,2021-07-01,2022-07-01,2021-08-27,2536,5.170395386098735,0.0048780399621497494,-0.013532124,0.19073701520767905,-0.003017993923453588
XGB,LTC,0,2021-07-01,2022-07-01,2021-08-28,2537,5.167377392175282,0.021723191930400176,-0.012766939,0.19089830119411832,-0.004282998837463303
XGB,LTC,0,2021-07-01,2022-07-01,2021-08-29,2538,5.163094393337818,0.04614516215190445,-0.021571083,0.2807680927980689,-0.042560890353303904
XGB,LTC,0,2021-07-01,2022-07-01,2021-08-30,2539,5.1205335029845145,0.07252698791210754,-0.040075373,0.2709361353706159,0.024977761259187936
XGB,LTC,0,2021-07-01,2022-07-01,2021-08-31,2540,5.145511264243702,0.08161728746358055,-0.032461446,0.03691474895972302,0.052831987070139697
XGB,LTC,0,2021-07-01,2022-07-01,2021-09-01,2541,5.198343251313842,0.08108353485479913,-0.0024019533,-0.006917180302001391,0.014510168729787942
XGB,LTC,0,2021-07-01,2022-07-01,2021-09-02,2542,5.21285342004363,0.07779626217368651,-0.0039867926,-0.017805420811700223,0.14827898126278427
XGB,LTC,0,2021-07-01,2022-07-01,2021-09-03,2543,5.361132401306414,0.05924774711670455,0.059158094,-0.2003771927763074,-0.0028567079370143134
XGB,LTC,0,2021-07-01,2022-07-01,2021-09-04,2544,5.3582756933694,0.04018702107576555,0.04906342,-0.17263124574483601,0.08558679276648729
XGB,LTC,0,2021-07-01,2022-07-01,2021-09-05,2545,5.443862486135887,0.016376995109779635,0.107407995,-0.23309583211170892,-0.052392847780756924
XGB,LTC,0,2021-07-01,2022-07-01,2021-09-06,2546,5.39146963835513,-0.006539809243060191,0.06989308,-0.20138386198051794,-0.20904362515170494
XGB,LTC,0,2021-07-01,2022-07-01,2021-09-07,2547,5.182426013203425,-0.014481576859298073,-0.0050510173,0.02781978875565816,0.009000057808415285
XGB,LTC,0,2021-07-01,2022-07-01,2021-09-08,2548,5.191426071011841,-0.01788797727604763,0.01023158,0.05158686412794111,0.00362192822008911
XGB,LTC,0,2021-07-01,2022-07-01,2021-09-09,2549,5.19504799923193,-0.0229957737707851,0.014499943,0.028212094527527043,-0.034292790701822895
XGB,LTC,0,2021-07-01,2022-07-01,2021-09-10,2550,5.160755208530107,-0.02863923763652032,-0.020326516,0.030445000541516443,0.02488923909445706
XGB,LTC,0,2021-07-01,2022-07-01,2021-09-11,2551,5.185644447624564,-0.03325498495662593,-0.028613,0.014557584594642847,0.025122206399614377
XGB,LTC,0,2021-07-01,2022-07-01,2021-09-12,2552,5.210766654024178,-0.04296954327537872,-0.0066233263,-0.04175760649368776,-0.020680877649565943
XGB,LTC,0,2021-07-01,2022-07-01,2021-09-13,2553,5.190085776374612,-0.057287106925701714,-0.019467892,-0.1372596984153036,0.020160025584471164
XGB,LTC,0,2021-07-01,2022-07-01,2021-09-14,2554,5.210245801959084,-0.07814189173472119,-0.0021860662,-0.210402685686212,0.03276713318069824
XGB,LTC,0,2021-07-01,2022-07-01,2021-09-15,2555,5.243012935139782,-0.09066599057197156,0.018382307,-0.15905281674376326,-0.01975284138032496
XGB,LTC,0,2021-07-01,2022-07-01,2021-09-16,2556,5.223260093759457,-0.09871618277988858,-0.027208367,-0.12450193766954687,-0.032059884687833495
XGB,LTC,0,2021-07-01,2022-07-01,2021-09-17,2557,5.191200209071623,-0.10888030737048737,-0.021973826,-0.16579627533001062,0.009001823147583465
XGB,LTC,0,2021-07-01,2022-07-01,2021-09-18,2558,5.200202032219207,-0.12124286641180504,-0.04115245,-0.18172121144695197,-0.03119298468871623
XGB,LTC,0,2021-07-01,2022-07-01,2021-09-19,2559,5.169009047530491,-0.12946039691223188,-0.058021385,-0.15411039354459355,-0.1161829695711818
XGB,LTC,0,2021-07-01,2022-07-01,2021-09-20,2560,5.052826077959309,-0.1331300670099651,-0.09935492,-0.07368434839637938,-0.052982961686437235
XGB,LTC,0,2021-07-01,2022-07-01,2021-09-21,2561,4.999843116272872,-0.13434502069501608,-0.113748096,-0.05394460515426669,0.08411700212314699
XGB,LTC,0,2021-07-01,2022-07-01,2021-09-22,2562,5.083960118396019,-0.1408888654339071,-0.077333815,-0.10778774124986601,0.01479803769389143
XGB,LTC,0,2021-07-01,2022-07-01,2021-09-23,2563,5.09875815608991,-0.1385710879861204,-0.04305744,-0.0673534146688306,-0.07335422234829725
XGB,LTC,0,2021-07-01,2022-07-01,2021-09-24,2564,5.025403933741613,-0.11856638832036293,-0.09014117,0.08737993614249184,-0.006923112969357881
XGB,LTC,0,2021-07-01,2022-07-01,2021-09-25,2565,5.018480820772255,-0.09405841414063687,-0.07031689,0.11294883049556237,-0.00358216678635781
XGB,LTC,0,2021-07-01,2022-07-01,2021-09-26,2566,5.014898653985897,-0.06734010584370065,-0.067397356,0.1244814207050462,-0.03575692442296763
XGB,LTC,0,2021-07-01,2022-07-01,2021-09-27,2567,4.979141729562929,-0.039318325692144995,-0.08623293,0.14208126984412317,-0.03324321844432454
XGB,LTC,0,2021-07-01,2022-07-01,2021-09-28,2568,4.945898511118605,-0.003000297763626314,-0.09569395,0.21253063097213953,0.03027386602754767
XGB,LTC,0,2021-07-01,2022-07-01,2021-09-29,2569,4.976172377146153,0.030806630266519086,-0.092045315,0.20956779167687412,0.05523236427492684
XGB,LTC,0,2021-07-01,2022-07-01,2021-09-30,2570,5.031404741421079,0.054305947554420975,-0.060674343,0.15470499089481748,0.0813791284630252
XGB,LTC,0,2021-07-01,2022-07-01,2021-10-01,2571,5.112783869884105,0.06349878958978827,-0.009119603,0.05754319006649933,0.018645781383712645
XGB,LTC,0,2021-07-01,2022-07-01,2021-10-02,2572,5.131429651267817,0.0719188445504857,0.01722976,0.05962907091909031,0.007950423423126018
XGB,LTC,0,2021-07-01,2022-07-01,2021-10-03,2573,5.139380074690943,0.0727978906150275,0.012288066,0.02722466141316371,-0.018157075283890656
XGB,LTC,0,2021-07-01,2022-07-01,2021-10-04,2574,5.121222999407053,0.07903574384051826,0.0012538894,0.06854017884761543,0.03720614268369182
XGB,LTC,0,2021-07-01,2022-07-01,2021-10-05,2575,5.158429142090744,0.0720125844202606,0.009456112,-0.006307248711257429,0.02731102673228225
XGB,LTC,0,2021-07-01,2022-07-01,2021-10-06,2576,5.185740168823027,0.06533798928844892,0.017574392,-0.006046855397351614,0.0003695634928702063
XGB,LTC,0,2021-07-01,2022-07-01,2021-10-07,2577,5.186109732315897,0.06059227041087922,0.021461865,0.007504640938741147,-0.01578267236529296
XGB,LTC,0,2021-07-01,2022-07-01,2021-10-08,2578,5.170327059950604,0.0649104149257882,0.004671295,0.07043604631112643,0.020731662236303627
XGB,LTC,0,2021-07-01,2022-07-01,2021-10-09,2579,5.191058722186908,0.06326598238892078,0.0059373328,0.035705178798326465,-0.024453986082800583
XGB,LTC,0,2021-07-01,2022-07-01,2021-10-10,2580,5.166604736104107,0.06377369302043245,-0.01893432,0.046865436021753304,0.023158442150561065
XGB,LTC,0,2021-07-01,2022-07-01,2021-10-11,2581,5.189763178254668,0.06190507010452073,-0.016416237,0.033597573109889645,-0.037641284875181036
XGB,LTC,0,2021-07-01,2022-07-01,2021-10-12,2582,5.152121893379487,0.06999874383999316,-0.021213401,0.08930665476297861,0.027571420046188067
XGB,LTC,0,2021-07-01,2022-07-01,2021-10-13,2583,5.179693313425675,0.0804000051750311,-0.01573542,0.15240107515327228,0.013921059828962967
XGB,LTC,0,2021-07-01,2022-07-01,2021-10-14,2584,5.193614373254638,0.08239085733295326,-0.0019418716,0.0889251064993779,0.047148733007092325
XGB,LTC,0,2021-07-01,2022-07-01,2021-10-15,2585,5.24076310626173,0.07442185294916559,0.018319579,0.010579422055142729,-0.01399920527649634
XGB,LTC,0,2021-07-01,2022-07-01,2021-10-16,2586,5.226763900985234,0.07262122860085007,-0.0019441976,0.0529286416982222,-0.013293728859373743
XGB,LTC,0,2021-07-01,2022-07-01,2021-10-17,2587,5.21347017212586,0.06949484807913908,-0.021421753,0.03830934037715661,0.009890579238697406
XGB,LTC,0,2021-07-01,2022-07-01,2021-10-18,2588,5.223360751364558,0.06796434670430251,-0.01350708,0.05117383637153505,0.01806779677790793
XGB,LTC,0,2021-07-01,2022-07-01,2021-10-19,2589,5.241428548142466,0.06508273172831913,-0.016150428,0.04415241400641623,0.09066584043648174
XGB,LTC,0,2021-07-01,2022-07-01,2021-10-20,2590,5.332094388578947,0.04427691171460246,0.026216714,-0.1428437209754101,-0.04955490882493141
XGB,LTC,0,2021-07-01,2022-07-01,2021-10-21,2591,5.282539479754016,0.03581026732474779,0.015065855,-0.03563314812870377,-0.03119695143714285
XGB,LTC,0,2021-07-01,2022-07-01,2021-10-22,2592,5.251342528316873,0.03452144747649921,-0.0076650684,0.028529317298355394,0.02835001436658313
XGB,LTC,0,2021-07-01,2022-07-01,2021-10-23,2593,5.279692542683456,0.02599665497826642,0.0033642123,-0.03013302652641059,-0.027913030180439335
XGB,LTC,0,2021-07-01,2022-07-01,2021-10-24,2594,5.251779512503017,0.02217645302096294,-0.02559872,0.0047590255114311475,0.02275507523307585
XGB,LTC,0,2021-07-01,2022-07-01,2021-10-25,2595,5.274534587736093,0.01949060584554463,-0.019836323,0.011482401774774331,0.011046374412789106
XGB,LTC,0,2021-07-01,2022-07-01,2021-10-26,2596,5.285580962148882,0.017733042496179685,-0.0013213768,0.016353283942038388,-0.09633029454534459
XGB,LTC,0,2021-07-01,2022-07-01,2021-10-27,2597,5.189250667603537,0.03133415146685525,-0.04899542,0.14400005150454653,0.05765566402177491
XGB,LTC,0,2021-07-01,2022-07-01,2021-10-28,2598,5.246906331625312,0.034858346380579164,-0.03042896,0.06614193577151894,0.03296551398991632
XGB,LTC,0,2021-07-01,2022-07-01,2021-10-29,2599,5.2798718456152285,0.03164674906904441,0.0018192593,0.01613251474327626,-0.030312329458182852
XGB,LTC,0,2021-07-01,2022-07-01,2021-10-30,2600,5.249559516157046,0.030553633241390266,-0.02193507,0.03803235497861479,0.006979021857402401
XGB,LTC,0,2021-07-01,2022-07-01,2021-10-31,2601,5.256538538014448,0.03280860169014499,-0.038201913,0.05198316330135366,0.029478451496419034
XGB,LTC,0,2021-07-01,2022-07-01,2021-11-01,2602,5.286016989510867,0.042434201123683124,-0.007074874,0.1463774848373003,0.015917256580053163
XGB,LTC,0,2021-07-01,2022-07-01,2021-11-02,2603,5.30193424609092,0.054843229123455295,-0.0151346745,0.26986499982559486,0.03131647301716356
XGB,LTC,0,2021-07-01,2022-07-01,2021-11-03,2604,5.333250719108084,0.06512166816783793,-0.0067631644,0.2322767287594969,-0.020202451711252678
XGB,LTC,0,2021-07-01,2022-07-01,2021-11-04,2605,5.313048267396831,0.08217020810673858,-0.032759618,0.25943536992079164,-0.017043907038326367
XGB,LTC,0,2021-07-01,2022-07-01,2021-11-05,2606,5.296004360358505,0.09963792328019672,-0.043655407,0.23167066932812652,-0.008412489222844322
XGB,LTC,0,2021-07-01,2022-07-01,2021-11-06,2607,5.28759187113566,0.12204951641120942,-0.036259044,0.26572889151309376,0.020929830180141273
XGB,LTC,0,2021-07-01,2022-07-01,2021-11-07,2608,5.308521701315802,0.146395207511258,-0.030530248,0.31912641677359055,0.12387277303236566
XGB,LTC,0,2021-07-01,2022-07-01,2021-11-08,2609,5.432394474348167,0.15321619841517986,0.02419222,0.13885952256496115,0.13940477156834774
XGB,LTC,0,2021-07-01,2022-07-01,2021-11-09,2610,5.571799245916515,0.1424167393599447,0.12540847,-0.13111712607454162,-0.006271798048934407
XGB,LTC,0,2021-07-01,2022-07-01,2021-11-10,2611,5.565527447867581,0.1277930022571514,0.09336838,-0.1296065334974701,0.006956189450042061
XGB,LTC,0,2021-07-01,2022-07-01,2021-11-11,2612,5.572483637317623,0.10197416164069661,0.08419095,-0.2522926884130383,-0.04480860763099148
XGB,LTC,0,2021-07-01,2022-07-01,2021-11-12,2613,5.527675029686631,0.08321218985964585,0.042790547,-0.14254447931088166,0.025645732962122914
XGB,LTC,0,2021-07-01,2022-07-01,2021-11-13,2614,5.553320762648754,0.06362612699644021,0.013030765,-0.128020123371261,0.07432735544063807
XGB,LTC,0,2021-07-01,2022-07-01,2021-11-14,2615,5.627648118089392,0.03485516061801874,0.078613915,-0.22599855190237594,-0.056394121176263745
XGB,LTC,0,2021-07-01,2022-07-01,2021-11-15,2616,5.5712539969131285,0.0057693023588401005,0.05737626,-0.22816395398180234,-0.13057187707115503
XGB,LTC,0,2021-07-01,2022-07-01,2021-11-16,2617,5.4406821198419735,-0.007746807298472547,-0.023376051,-0.06360451200999329,-0.004761205471862873
XGB,LTC,0,2021-07-01,2022-07-01,2021-11-17,2618,5.435920914370111,-0.023993033227232452,-0.0038302015,-0.08973478492371978,-0.11572996546552616
XGB,LTC,0,2021-07-01,2022-07-01,2021-11-18,2619,5.320190948904584,-0.02867661998875981,-0.09135672,0.05339611838077918,0.06493960147116518
XGB,LTC,0,2021-07-01,2022-07-01,2021-11-19,2620,5.38513055037575,-0.045666754648467034,-0.025805376,-0.11277402390846714,0.04017008890174356
XGB,LTC,0,2021-07-01,2022-07-01,2021-11-20,2621,5.425300639277493,-0.06569724860939896,0.0058606183,-0.15140700248096994,-0.02365107309047687
XGB,LTC,0,2021-07-01,2022-07-01,2021-11-21,2622,5.401649566187016,-0.07963432957558148,-0.040162135,-0.10656633617864575,-0.05855952325569014
XGB,LTC,0,2021-07-01,2022-07-01,2021-11-22,2623,5.343090042931326,-0.08211366539730669,-0.04947169,-0.015844127368648486,0.03398756490065402
XGB,LTC,0,2021-07-01,2022-07-01,2021-11-23,2624,5.37707760783198,-0.08546471224624153,-0.023083223,-0.03946961891102063,-0.030891478385589366
XGB,LTC,0,2021-07-01,2022-07-01,2021-11-24,2625,5.346186129446391,-0.08314390835552299,-0.075480185,-0.003989435069433611,0.027400937838972794
XGB,LTC,0,2021-07-01,2022-07-01,2021-11-25,2626,5.373587067285364,-0.08708075557464046,-0.054875936,-0.05797205130244176,-0.10123054081808114
XGB,LTC,0,2021-07-01,2022-07-01,2021-11-26,2627,5.2723565264672825,-0.0900364466729684,-0.11588572,-0.0353842990050115,0.001537110329240754
XGB,LTC,0,2021-07-01,2022-07-01,2021-11-27,2628,5.273893636796523,-0.0965871755290344,-0.11082256,-0.17982015170315702,0.021189593211847324
XGB,LTC,0,2021-07-01,2022-07-01,2021-11-28,2629,5.295083230008371,-0.11015627547369888,-0.096869506,-0.2426038076985293,0.032162685554307124
XGB,LTC,0,2021-07-01,2022-07-01,2021-11-29,2630,5.327245915562678,-0.12572751806958937,-0.0780265,-0.24035031723509714,0.010362073358281876
XGB,LTC,0,2021-07-01,2022-07-01,2021-11-30,2631,5.33760798892096,-0.1432051308177309,-0.09979148,-0.24820549603008946,0.004588705455997655
XGB,LTC,0,2021-07-01,2022-07-01,2021-12-01,2632,5.342196694376957,-0.1592005354100241,-0.08827779,-0.23489780363209434,-0.026581678394035357
XGB,LTC,0,2021-07-01,2022-07-01,2021-12-02,2633,5.315615015982922,-0.17755376231665032,-0.08458584,-0.29308209125809626,-0.07864278852065087
XGB,LTC,0,2021-07-01,2022-07-01,2021-12-03,2634,5.236972227462271,-0.19028790397563888,-0.13014488,-0.23572555473861456,-0.14289874236890476
XGB,LTC,0,2021-07-01,2022-07-01,2021-12-04,2635,5.094073485093366,-0.18826110388468553,-0.17081343,-0.03121319678415624,-0.041594062783524954
XGB,LTC,0,2021-07-01,2022-07-01,2021-12-05,2636,5.052479422309841,-0.17932555360863578,-0.17823331,0.017706751753975958,0.034416176017739275
XGB,LTC,0,2021-07-01,2022-07-01,2021-12-06,2637,5.0868955983275805,-0.18031391968083543,-0.17294642,-0.11336765153027617,0.0025068945632895634
XGB,LTC,0,2021-07-01,2022-07-01,2021-12-07,2638,5.08940249289087,-0.17883452365445418,-0.15323234,-0.1052617472104469,0.017896397853992774
XGB,LTC,0,2021-07-01,2022-07-01,2021-12-08,2639,5.107298890744863,-0.17173984538829856,-0.14541766,-0.0734979289074813,-0.08476596602003728
XGB,LTC,0,2021-07-01,2022-07-01,2021-12-09,2640,5.022532924724826,-0.16088717397834884,-0.1603131,-0.018977791354092055,-0.02128625200116918
XGB,LTC,0,2021-07-01,2022-07-01,2021-12-10,2641,5.001246672723656,-0.15017941485406716,-0.16803595,-0.02908606478948972,0.06161361558555356
XGB,LTC,0,2021-07-01,2022-07-01,2021-12-11,2642,5.06286028830921,-0.14301052138358283,-0.1297699,-0.06024771124825001,0.007325885754607242
XGB,LTC,0,2021-07-01,2022-07-01,2021-12-12,2643,5.070186174063817,-0.13179801282265835,-0.1329156,-0.039240951835899374,-0.09665822726651285
XGB,LTC,0,2021-07-01,2022-07-01,2021-12-13,2644,4.973527946797304,-0.11170811469247699,-0.17993215,0.054480079483610666,0.010612798883118835
XGB,LTC,0,2021-07-01,2022-07-01,2021-12-14,2645,4.984140745680423,-0.08957618444776383,-0.16566902,0.05881389610442511,0.04966021615695837
XGB,LTC,0,2021-07-01,2022-07-01,2021-12-15,2646,5.033800961837382,-0.0734171924948912,-0.13547462,0.012635736870435288,-0.030245828466648028
XGB,LTC,0,2021-07-01,2022-07-01,2021-12-16,2647,5.0035551333707335,-0.04756407500537296,-0.12766033,0.09294890042608817,-0.031394525436566845
XGB,LTC,0,2021-07-01,2022-07-01,2021-12-17,2648,4.972160607934167,-0.020792915778053533,-0.1396947,0.11185547253546169,0.030451969126793266
XGB,LTC,0,2021-07-01,2022-07-01,2021-12-18,2649,5.00261257706096,-0.003996203011630506,-0.12408347,0.05862456454279741,0.02833264516695788
XGB,LTC,0,2021-07-01,2022-07-01,2021-12-19,2650,5.030945222227918,0.005402032294044901,-0.10906936,0.018861681815375064,-0.002937195947002813
XGB,LTC,0,2021-07-01,2022-07-01,2021-12-20,2651,5.028008026280915,0.013942745198907147,-0.0914953,0.021086316526773174,0.01494661550393328
XGB,LTC,0,2021-07-01,2022-07-01,2021-12-21,2652,5.042954641784848,0.007141809091005591,-0.07809336,-0.06012317428098424,0.003482056922968546
XGB,LTC,0,2021-07-01,2022-07-01,2021-12-22,2653,5.046436698707817,-0.000878730647826842,-0.08953395,-0.06617388720712114,0.05006733508900485
XGB,LTC,0,2021-07-01,2022-07-01,2021-12-23,2654,5.096504033796822,-0.012121144951144913,-0.061728716,-0.09736111990352825,-0.012487953327193324
XGB,LTC,0,2021-07-01,2022-07-01,2021-12-24,2655,5.084016080469628,-0.02300854269035746,-0.07561753,-0.09689004280597047,-0.022778938865871012
XGB,LTC,0,2021-07-01,2022-07-01,2021-12-25,2656,5.061237141603757,-0.024615101790364413,-0.08552345,-0.045963066828477395,-0.011430237560464462
XGB,LTC,0,2021-07-01,2022-07-01,2021-12-26,2657,5.049806904043293,-0.02351843304823653,-0.09123895,-0.03083648935175809,-0.0007125612356047029
XGB,LTC,0,2021-07-01,2022-07-01,2021-12-27,2658,5.049094342807688,-0.02613986258134915,-0.0732363,-0.0487680467832714,-0.06626287530382413
XGB,LTC,0,2021-07-01,2022-07-01,2021-12-28,2659,4.982831467503864,-0.01898760051960835,-0.10079026,0.00632333984024136,-0.002568656003168357
XGB,LTC,0,2021-07-01,2022-07-01,2021-12-29,2660,4.980262811500696,-0.02307544669104633,-0.07915673,-0.06695290998046843,0.018880102392597742
XGB,LTC,0,2021-07-01,2022-07-01,2021-12-30,2661,4.9991429138932935,-0.0305195244498373,-0.065051034,-0.08279057672443901,-0.012016876229635542
XGB,LTC,0,2021-07-01,2022-07-01,2021-12-31,2662,4.987126037663658,-0.04105671298220237,-0.061989386,-0.10820702947293537,0.02814803711162206
XGB,LTC,0,2021-07-01,2022-07-01,2022-01-01,2663,5.01527407477528,-0.05793266811090003,-0.0352053,-0.14668263167596063,0.0036963399162548427
XGB,LTC,0,2021-07-01,2022-07-01,2022-01-02,2664,5.018970414691535,-0.07331907424440764,-0.023393594,-0.14149839367012973,-0.018644118667118015
XGB,LTC,0,2021-07-01,2022-07-01,2022-01-03,2665,5.000326296024417,-0.08930298287468474,-0.04341062,-0.1574485375608372,-0.01117148868031137
XGB,LTC,0,2021-07-01,2022-07-01,2022-01-04,2666,4.989154807344105,-0.09573625980862488,-0.039355066,-0.1098059388583188,-0.07584490582387815
XGB,LTC,0,2021-07-01,2022-07-01,2022-01-05,2667,4.913309901520227,-0.08197668429161808,-0.08040989,0.04066472220108075,0.003042435648627162
XGB,LTC,0,2021-07-01,2022-07-01,2022-01-06,2668,4.9163523371688544,-0.07276971742046712,-0.07181928,0.0009719269861321322,-0.0374333289781319
XGB,LTC,0,2021-07-01,2022-07-01,2022-01-07,2669,4.8789190081907226,-0.05260214437500288,-0.07534059,0.0959157913494435,-0.010327565091403201
XGB,LTC,0,2021-07-01,2022-07-01,2022-01-08,2670,4.868591443099319,-0.027590329153124316,-0.075169355,0.12819782531379165,0.008880577922085742
XGB,LTC,0,2021-07-01,2022-07-01,2022-01-09,2671,4.877472021021405,-0.0053888449584009734,-0.06554018,0.1097800242476552,-0.034594262557825495
XGB,LTC,0,2021-07-01,2022-07-01,2022-01-10,2672,4.84287775846358,0.02541063037809277,-0.07399996,0.17881132903584884,0.03647111002220704
XGB,LTC,0,2021-07-01,2022-07-01,2022-01-11,2673,4.879348868485787,0.03669585132253772,-0.047127042,0.07570861369573478,0.0746257552355214
XGB,LTC,0,2021-07-01,2022-07-01,2022-01-12,2674,4.953974623721308,0.03389387138809852,-0.00040626575,-0.03460189543184633,-0.036650359566321455
XGB,LTC,0,2021-07-01,2022-07-01,2022-01-13,2675,4.917324264154987,0.028711693353031364,-0.017351136,-0.04698601346065345,0.05751053538517947
XGB,LTC,0,2021-07-01,2022-07-01,2022-01-14,2676,4.974834799540166,0.009248517205611151,0.012269297,-0.23520480186798487,0.021954468872944943
XGB,LTC,0,2021-07-01,2022-07-01,2022-01-15,2677,4.996789268413111,-0.01939164744258104,0.019360645,-0.31069832360244565,-0.0095372231440507
XGB,LTC,0,2021-07-01,2022-07-01,2022-01-16,2678,4.98725204526906,-0.0465070488358883,0.0019905497,-0.2679543140703764,0.03443704223036814
XGB,LTC,0,2021-07-01,2022-07-01,2022-01-17,2679,5.021689087499428,-0.08156650813368316,0.018587617,-0.32492837184761303,-0.06663160531790702
XGB,LTC,0,2021-07-01,2022-07-01,2022-01-18,2680,4.955057482181521,-0.10726406594918902,-0.00881725,-0.2723118537254434,-0.03568475389205972
XGB,LTC,0,2021-07-01,2022-07-01,2022-01-19,2681,4.919372728289462,-0.12944497478987405,-0.024904812,-0.2439101615385626,-0.04903447759512858
XGB,LTC,0,2021-07-01,2022-07-01,2022-01-20,2682,4.870338250694333,-0.14525656558174838,-0.035740547,-0.19794395830392464,-0.13070825302215194
XGB,LTC,0,2021-07-01,2022-07-01,2022-01-21,2683,4.739629997672181,-0.14851876532633845,-0.077829204,-0.044319960217479526,-0.053539052861515835
XGB,LTC,0,2021-07-01,2022-07-01,2022-01-22,2684,4.686090944810665,-0.14301491244907627,-0.09846232,0.021849498577881654,0.03320678638801855
XGB,LTC,0,2021-07-01,2022-07-01,2022-01-23,2685,4.719297731198684,-0.1401937680798584,-0.099088445,-0.02978770106756734,-0.02253701554686849
XGB,LTC,0,2021-07-01,2022-07-01,2022-01-24,2686,4.696760715651815,-0.13093744174899946,-0.09048736,-3.557471562665171e-05,-0.014015087195737408
XGB,LTC,0,2021-07-01,2022-07-01,2022-01-25,2687,4.682745628456078,-0.10980277799663529,-0.11006143,0.06567606019251304,-0.007283061705178895
XGB,LTC,0,2021-07-01,2022-07-01,2022-01-26,2688,4.675462566750899,-0.09652155581151867,-0.088660195,0.011803810706270568,-0.0030682743604906193
XGB,LTC,0,2021-07-01,2022-07-01,2022-01-27,2689,4.6723942923904085,-0.07984083708672518,-0.086410195,0.030691789785874946,0.02291574506429317
XGB,LTC,0,2021-07-01,2022-07-01,2022-01-28,2690,4.695310037454702,-0.058600242179094764,-0.07332651,0.09980290187951102,0.012630405933845346
XGB,LTC,0,2021-07-01,2022-07-01,2022-01-29,2691,4.707940443388547,-0.038217533979242546,-0.06880274,0.09539791277146392,-0.018430413257430445
XGB,LTC,0,2021-07-01,2022-07-01,2022-01-30,2692,4.689510030131117,-0.010938402050633123,-0.07580067,0.15817881748608542,0.0072151108050722
XGB,LTC,0,2021-07-01,2022-07-01,2022-01-31,2693,4.696725140936189,0.01862996624224955,-0.059559017,0.22403935634095706,0.051696547712402285
XGB,LTC,0,2021-07-01,2022-07-01,2022-02-01,2694,4.748421688648591,0.037370499606817376,-0.038095202,0.14935274689057731,-0.06115531119142137
XGB,LTC,0,2021-07-01,2022-07-01,2022-02-02,2695,4.68726637745717,0.0699447780422151,-0.063300304,0.25560101130177504,0.01581970471911376
XGB,LTC,0,2021-07-01,2022-07-01,2022-02-03,2696,4.703086082176283,0.09382166715810403,-0.04439421,0.20284325358563482,0.09202685715792924
XGB,LTC,0,2021-07-01,2022-07-01,2022-02-04,2697,4.795112939334213,0.09731480002599735,0.009482384,0.04141622631032771,0.008225416825798249
XGB,LTC,0,2021-07-01,2022-07-01,2022-02-05,2698,4.803338356160011,0.09884204398132557,0.0031736444,0.03835489629632338,0.044350491457191055
XGB,LTC,0,2021-07-01,2022-07-01,2022-02-06,2699,4.847688847617202,0.09409828617751437,0.030225644,-0.009787490751001826,0.07307564965994384
XGB,LTC,0,2021-07-01,2022-07-01,2022-02-07,2700,4.920764497277146,0.08180257109808053,0.06973172,-0.0940515889579494,-0.022990061737977463
XGB,LTC,0,2021-07-01,2022-07-01,2022-02-08,2701,4.897774435539168,0.07726812845957731,0.05134838,-0.01677247267732973,0.045092953219776355
XGB,LTC,0,2021-07-01,2022-07-01,2022-02-09,2702,4.942867388758945,0.06281452516286468,0.077547446,-0.08958132856049339,-0.03693805299702646
XGB,LTC,0,2021-07-01,2022-07-01,2022-02-10,2703,4.905929335761918,0.04087084679676334,0.06727404,-0.14973552030111748,-0.06940017011737787
XGB,LTC,0,2021-07-01,2022-07-01,2022-02-11,2704,4.83652916564454,0.027748366408174796,0.047774944,-0.08988467682567514,0.005164086811793922
XGB,LTC,0,2021-07-01,2022-07-01,2022-02-12,2705,4.841693252456334,0.013669680018172592,0.024249934,-0.09061477112970806,-0.0037918955901341533
XGB,LTC,0,2021-07-01,2022-07-01,2022-02-13,2706,4.8379013568662,-0.005355185276628482,0.032794934,-0.12988546479026297,-0.011188448547003738
XGB,LTC,0,2021-07-01,2022-07-01,2022-02-14,2707,4.826712908319196,-0.028815834025004428,0.004438798,-0.18761973991582526,0.05428905454264221
XGB,LTC,0,2021-07-01,2022-07-01,2022-02-15,2708,4.881001962861839,-0.053841494527735456,0.020045822,-0.2032990760936082,-0.027715902663387304
XGB,LTC,0,2021-07-01,2022-07-01,2022-02-16,2709,4.853286060198451,-0.07607314707245827,0.01633173,-0.190168243990537,-0.09709224473765055
XGB,LTC,0,2021-07-01,2022-07-01,2022-02-17,2710,4.756193815460801,-0.08785462448950021,-0.02407877,-0.10958910286198176,-0.00954932664193553
XGB,LTC,0,2021-07-01,2022-07-01,2022-02-18,2711,4.746644488818865,-0.08926482338556241,-0.0167443,-0.05285636030844376,0.004433992507760998
XGB,LTC,0,2021-07-01,2022-07-01,2022-02-19,2712,4.751078481326626,-0.09151818980379378,-0.022045484,-0.06669368453663882,-0.043062589250689065
XGB,LTC,0,2021-07-01,2022-07-01,2022-02-20,2713,4.708015892075937,-0.09420126775980986,-0.039133634,-0.07226220136620043,-0.06892272367256602
XGB,LTC,0,2021-07-01,2022-07-01,2022-02-21,2714,4.639093168403371,-0.07689327655881062,-0.082414925,0.09248566860750262,0.03860971836485927
XGB,LTC,0,2021-07-01,2022-07-01,2022-02-22,2715,4.67770288676823,-0.06490863258600488,-0.060393654,0.04564176487645,-0.014585070560316105
XGB,LTC,0,2021-07-01,2022-07-01,2022-02-23,2716,4.663117816207914,-0.05285268102060403,-0.06827312,0.04055160918182832,-0.016513103609095303
XGB,LTC,0,2021-07-01,2022-07-01,2022-02-24,2717,4.646604712598819,-0.0369915522426707,-0.060111888,0.06609271501232783,0.047183415911602467
XGB,LTC,0,2021-07-01,2022-07-01,2022-02-25,2718,4.6937881285104215,-0.04034514962587554,-0.044229835,-0.07479590919578616,-0.00940333172043406
XGB,LTC,0,2021-07-01,2022-07-01,2022-02-26,2719,4.684384796789987,-0.038596377088515155,-0.050348055,-0.030641726327877095,-0.048631106080250674
XGB,LTC,0,2021-07-01,2022-07-01,2022-02-27,2720,4.635753690709737,-0.03452245117497288,-0.0680266,-0.014770021071040418,0.09582514630113703
XGB,LTC,0,2021-07-01,2022-07-01,2022-02-28,2721,4.731578837010874,-0.047054495958570364,-0.021255264,-0.13778043844416743,-0.008234185366193358
XGB,LTC,0,2021-07-01,2022-07-01,2022-03-01,2722,4.72334465164468,-0.05621237614781194,-0.0154970605,-0.11201700912455781,-0.019675226254937783
XGB,LTC,0,2021-07-01,2022-07-01,2022-03-02,2723,4.703669425389743,-0.05423122169598127,-0.03637062,-0.031381925315310255,0.009028002221404208
XGB,LTC,0,2021-07-01,2022-07-01,2022-03-03,2724,4.712697427611147,-0.05909008209539568,-0.02786331,-0.08131860854116901,-0.09370520829651152
XGB,LTC,0,2021-07-01,2022-07-01,2022-03-04,2725,4.618992219314635,-0.049381950492571214,-0.060437568,0.034638123248119435,0.034750851147475004
XGB,LTC,0,2021-07-01,2022-07-01,2022-03-05,2726,4.65374307046211,-0.04201031763634511,-0.069410935,0.008113616274648017,-0.032759400823414
XGB,LTC,0,2021-07-01,2022-07-01,2022-03-06,2727,4.620983669638696,-0.03633288218909225,-0.046589177,0.005113996051160363,-0.02718527107198998
XGB,LTC,0,2021-07-01,2022-07-01,2022-03-07,2728,4.593798398566706,-0.021796285018568895,-0.060033742,0.06655719785384395,0.017529243953416263
XGB,LTC,0,2021-07-01,2022-07-01,2022-03-08,2729,4.611327642520123,-0.008027570773960768,-0.052573133,0.061394374713588995,0.06095985755430977
XGB,LTC,0,2021-07-01,2022-07-01,2022-03-09,2730,4.672287500074432,0.0022970583226511465,-0.024618,0.040473439791123944,-0.04090868100445455
XGB,LTC,0,2021-07-01,2022-07-01,2022-03-10,2731,4.631378819069978,0.01595283558186278,-0.03153112,0.07191788683657663,0.022251523492776926
XGB,LTC,0,2021-07-01,2022-07-01,2022-03-11,2732,4.653630342562755,0.0281249327037294,-0.020836363,0.06590252624713067,0.008226344174003586
XGB,LTC,0,2021-07-01,2022-07-01,2022-03-12,2733,4.661856686736758,0.04288145947385136,-0.030239178,0.09494616692323987,-0.03575902104690165
XGB,LTC,0,2021-07-01,2022-07-01,2022-03-13,2734,4.626097665689857,0.0596027614118686,-0.04888666,0.11734761620805578,0.03425793073069361
XGB,LTC,0,2021-07-01,2022-07-01,2022-03-14,2735,4.66035559642055,0.07150377638168504,-0.009323872,0.09460201755431008,0.012366420813161305
XGB,LTC,0,2021-07-01,2022-07-01,2022-03-15,2736,4.672722017233712,0.08607178370993562,-0.0035778228,0.13887650199164625,0.04003892263184472
XGB,LTC,0,2021-07-01,2022-07-01,2022-03-16,2737,4.712760939865556,0.09360142588288323,0.016102102,0.09514940133621419,-0.009464233959001866
XGB,LTC,0,2021-07-01,2022-07-01,2022-03-17,2738,4.7032967059065545,0.10594854611747362,0.022856385,0.13758789349677958,0.016236162903330964
XGB,LTC,0,2021-07-01,2022-07-01,2022-03-18,2739,4.719532868809885,0.11084498582901325,0.029825687,0.1012918359918249,0.03726998485011279
XGB,LTC,0,2021-07-01,2022-07-01,2022-03-19,2740,4.756802853659998,0.11087291381332953,0.043231055,0.07056109191259363,-0.01335757176208574
XGB,LTC,0,2021-07-01,2022-07-01,2022-03-20,2741,4.7434452818979125,0.11762365864299085,0.02117221,0.11944359608601829,0.011512332076947907
XGB,LTC,0,2021-07-01,2022-07-01,2022-03-21,2742,4.75495761397486,0.11936969534198383,0.028886484,0.09659295593811823,0.056640905250497475
XGB,LTC,0,2021-07-01,2022-07-01,2022-03-22,2743,4.811598519225358,0.11695367988031169,0.048969064,0.05640684741262092,-0.0036881780235873407
XGB,LTC,0,2021-07-01,2022-07-01,2022-03-23,2744,4.8079103412017705,0.11517226897509669,0.030426843,0.0685788345344509,0.03297425820156352
XGB,LTC,0,2021-07-01,2022-07-01,2022-03-24,2745,4.840884599403334,0.09818842567008446,0.04699417,-0.02289589388313118,-0.020059894601623718
XGB,LTC,0,2021-07-01,2022-07-01,2022-03-25,2746,4.82082470480171,0.08627838891897888,0.028789407,0.006554025204974501,0.006539240770881527
XGB,LTC,0,2021-07-01,2022-07-01,2022-03-26,2747,4.827363945572592,0.07331854608008292,0.025979362,0.0003374827247748513,0.035524932411338916
XGB,LTC,0,2021-07-01,2022-07-01,2022-03-27,2748,4.862888877983931,0.06154475051977393,0.034750476,-0.0034935158548048406,-0.011338308070952152
XGB,LTC,0,2021-07-01,2022-07-01,2022-03-28,2749,4.851550569912979,0.047173354939201495,0.016735462,-0.024343829382917015,0.016454796725000165
XGB,LTC,0,2021-07-01,2022-07-01,2022-03-29,2750,4.868005366637979,0.0284599412564166,0.028603494,-0.054089398262551214,0.008483809098242645
XGB,LTC,0,2021-07-01,2022-07-01,2022-03-30,2751,4.876489175736221,0.00494345607785629,0.032549147,-0.15387970891519398,-0.05850047021601856
XGB,LTC,0,2021-07-01,2022-07-01,2022-03-31,2752,4.817988705520203,-0.0070289643352534625,-0.0019119899,-0.07977304664424167,0.009390024486481963
XGB,LTC,0,2021-07-01,2022-07-01,2022-04-01,2753,4.827378730006685,-0.0237652844052052,0.0019031396,-0.11891157263047258,0.0003226982906818776
XGB,LTC,0,2021-07-01,2022-07-01,2022-04-02,2754,4.827701428297367,-0.038106809805300124,0.0034125028,-0.10228657153803322,0.031693933831759225
XGB,LTC,0,2021-07-01,2022-07-01,2022-04-03,2755,4.859395362129126,-0.0599070464032172,0.014042443,-0.1483008469827709,-0.032188621599064327
XGB,LTC,0,2021-07-01,2022-07-01,2022-04-04,2756,4.827206740530062,-0.07929134413277694,0.0009592349,-0.1962967698675051,-0.013290772154634034
XGB,LTC,0,2021-07-01,2022-07-01,2022-04-05,2757,4.813915968375428,-0.09386099971768047,-0.007997864,-0.16159109853473286,-0.09130650155440012
XGB,LTC,0,2021-07-01,2022-07-01,2022-04-06,2758,4.7226094668210274,-0.09536237624573829,-0.046950784,-0.017752760350694174,0.015606192054933743
XGB,LTC,0,2021-07-01,2022-07-01,2022-04-07,2759,4.738215658875961,-0.09985124828220293,-0.047029946,-0.06155267705952028,-0.029748501499748947
XGB,LTC,0,2021-07-01,2022-07-01,2022-04-08,2760,4.708467157376212,-0.09447268355104921,-0.044271648,0.0020476444851009745,0.01694769938312124
XGB,LTC,0,2021-07-01,2022-07-01,2022-04-09,2761,4.7254148567593335,-0.08538989353207338,-0.037576642,0.014554628809523962,-0.01432034161297846
XGB,LTC,0,2021-07-01,2022-07-01,2022-04-10,2762,4.711094515146355,-0.07965185671054886,-0.04922588,-0.019354181087595457,-0.08018454448379853
XGB,LTC,0,2021-07-01,2022-07-01,2022-04-11,2763,4.6309099706625565,-0.06635983512443921,-0.08294995,0.08065548139416112,0.021414899178138214
XGB,LTC,0,2021-07-01,2022-07-01,2022-04-12,2764,4.652324869840695,-0.050304664687779166,-0.064830445,0.0822238677631093,0.05253183662963856
XGB,LTC,0,2021-07-01,2022-07-01,2022-04-13,2765,4.704856706470333,-0.043987495971310686,-0.03687197,0.013460814022392853,-0.02819372465389236
XGB,LTC,0,2021-07-01,2022-07-01,2022-04-14,2766,4.676662981816441,-0.040636083962995784,-0.06252227,-0.003852971458401022,0.033851820044872305
XGB,LTC,0,2021-07-01,2022-07-01,2022-04-15,2767,4.710514801861313,-0.04371140658746153,-0.06048275,-0.05085052071577589,0.029454683707544227
XGB,LTC,0,2021-07-01,2022-07-01,2022-04-16,2768,4.739969485568857,-0.05065001110975942,-0.025613539,-0.08121709613620354,-0.04822915151009788
XGB,LTC,0,2021-07-01,2022-07-01,2022-04-17,2769,4.69174033405876,-0.051763361556678156,-0.05933947,-0.04138070281002815,0.019825117997958053
XGB,LTC,0,2021-07-01,2022-07-01,2022-04-18,2770,4.711565452056718,-0.05483476334600468,-0.028892187,-0.060590321349177856,0.022983285547086396
XGB,LTC,0,2021-07-01,2022-07-01,2022-04-19,2771,4.734548737603804,-0.06939384333190635,-0.03416254,-0.14546039052205817,-0.01623121711107789
XGB,LTC,0,2021-07-01,2022-07-01,2022-04-20,2772,4.718317520492726,-0.0773738656171501,-0.036216702,-0.1077742223184206,-0.045507510134686235
XGB,LTC,0,2021-07-01,2022-07-01,2022-04-21,2773,4.67281001035804,-0.07332008825025849,-0.049502365,-0.03494662880531685,-0.013145729212502566
XGB,LTC,0,2021-07-01,2022-07-01,2022-04-22,2774,4.659664281145537,-0.07159201705997287,-0.056323137,-0.050721161815743265,-0.000911891712883417
XGB,LTC,0,2021-07-01,2022-07-01,2022-04-23,2775,4.658752389432654,-0.07578386493472333,-0.061840184,-0.09267667944890068,-0.008392758183922489
XGB,LTC,0,2021-07-01,2022-07-01,2022-04-24,2776,4.650359631248731,-0.07312653246018552,-0.046287604,-0.05084766527003115,0.000615499458808344
XGB,LTC,0,2021-07-01,2022-07-01,2022-04-25,2777,4.65097513070754,-0.06876933258917184,-0.04513724,-0.03889656586197532,-0.06188678362579392
XGB,LTC,0,2021-07-01,2022-07-01,2022-04-26,2778,4.589088347081746,-0.05830618422395961,-0.070966884,0.009490338400705234,0.021454951092559682
XGB,LTC,0,2021-07-01,2022-07-01,2022-04-27,2779,4.6105432981743055,-0.043355669748935455,-0.05142941,0.05548549822242421,0.027320083378417515
XGB,LTC,0,2021-07-01,2022-07-01,2022-04-28,2780,4.637863381552723,-0.045224634518647555,-0.012723389,-0.06398868258287127,-0.028920262222928983
XGB,LTC,0,2021-07-01,2022-07-01,2022-04-29,2781,4.608943119329794,-0.04312254783066116,-0.034782685,-0.03638129730789608,-0.04286740934604083
XGB,LTC,0,2021-07-01,2022-07-01,2022-04-30,2782,4.566075709983753,-0.03803053551256941,-0.042097747,-0.016725892628778993,0.03343625599494704
XGB,LTC,0,2021-07-01,2022-07-01,2022-05-01,2783,4.5995119659787,-0.03966283433362339,-0.030562028,-0.056467930033429425,0.012566598866864176
XGB,LTC,0,2021-07-01,2022-07-01,2022-05-02,2784,4.612078564845564,-0.05166771047676377,-0.034092054,-0.25591920549175473,-0.013499879363113365
XGB,LTC,0,2021-07-01,2022-07-01,2022-05-03,2785,4.598578685482451,-0.06248628830024572,-0.034021612,-0.2137206937754339,0.06745011091427866
XGB,LTC,0,2021-07-01,2022-07-01,2022-05-04,2786,4.66602879639673,-0.0866652387483855,0.0076715085,-0.4705004051208457,-0.09215409742687797
XGB,LTC,0,2021-07-01,2022-07-01,2022-05-05,2787,4.573874698969852,-0.1035844672578774,-0.037007216,-0.40871839428691104,-0.0013128769479537894
XGB,LTC,0,2021-07-01,2022-07-01,2022-05-06,2788,4.572561822021898,-0.12020850443010378,-0.032965887,-0.3536051558038231,-0.023212004666923747
XGB,LTC,0,2021-07-01,2022-07-01,2022-05-07,2789,4.549349817354974,-0.13586137575903123,-0.03478536,-0.31596372069039624,-0.006305781409703393
XGB,LTC,0,2021-07-01,2022-07-01,2022-05-08,2790,4.543044035945271,-0.14979790295896223,-0.031231223,-0.27292188456091626,-0.18688467659146113
XGB,LTC,0,2021-07-01,2022-07-01,2022-05-09,2791,4.35615935935381,-0.1613222399686789,-0.096071504,-0.14831723490508608,0.028698632353207465
XGB,LTC,0,2021-07-01,2022-07-01,2022-05-10,2792,4.384857991707017,-0.16520778682672255,-0.07535523,-0.09481898721472781,-0.18932960043113312
XGB,LTC,0,2021-07-01,2022-07-01,2022-05-11,2793,4.195528391275884,-0.1709891984723484,-0.104577124,0.00040409163721122354,-0.030372086592943326
XGB,LTC,0,2021-07-01,2022-07-01,2022-05-12,2794,4.165156304682941,-0.16498857713171233,-0.11576055,0.11285168705657522,0.05380036153513412
XGB,LTC,0,2021-07-01,2022-07-01,2022-05-13,2795,4.218956666218075,-0.1629194034396173,-0.10253538,0.010185284301368114,0.014429430446503133
XGB,LTC,0,2021-07-01,2022-07-01,2022-05-14,2796,4.233386096664578,-0.15724545849894422,-0.09172622,0.010897254364606646,0.03673605471977659
XGB,LTC,0,2021-07-01,2022-07-01,2022-05-15,2797,4.270122151384355,-0.14838243551553543,-0.09244167,0.0034001710109015093,-0.06228002693563095
XGB,LTC,0,2021-07-01,2022-07-01,2022-05-16,2798,4.207842124448724,-0.13753669039508232,-0.08737099,0.026449237665046255,0.08219688004356573
XGB,LTC,0,2021-07-01,2022-07-01,2022-05-17,2799,4.290039004492289,-0.13005592519317766,-0.04676879,-0.036960731137188674,-0.09410652157919408
XGB,LTC,0,2021-07-01,2022-07-01,2022-05-18,2800,4.195932482913095,-0.11819948606842878,-0.08450996,0.02816932936454908,0.08207550882642067
XGB,LTC,0,2021-07-01,2022-07-01,2022-05-19,2801,4.278007991739516,-0.1209694048175729,-0.030493734,-0.12181388850966002,-0.04886604122007299
XGB,LTC,0,2021-07-01,2022-07-01,2022-05-20,2802,4.229141950519443,-0.12295124142481395,-0.04467174,-0.10906591904887009,0.015141400509741665
XGB,LTC,0,2021-07-01,2022-07-01,2022-05-21,2803,4.244283351029185,-0.12337858251156142,-0.052429236,-0.11210881474732126,0.029238971366071453
XGB,LTC,0,2021-07-01,2022-07-01,2022-05-22,2804,4.273522322395256,-0.12274397747793753,-0.019968374,-0.11860603689124005,-0.039230960281486205
XGB,LTC,0,2021-07-01,2022-07-01,2022-05-23,2805,4.23429136211377,-0.10757412020427726,-0.016121162,0.0015660475068290935,0.018786911241330806
XGB,LTC,0,2021-07-01,2022-07-01,2022-05-24,2806,4.253078273355101,-0.09618693565925174,0.0014203648,-0.02753902131150099,-0.028976461077456328
XGB,LTC,0,2021-07-01,2022-07-01,2022-05-25,2807,4.224101812277644,-0.09374517781107361,0.01348429,-0.08147802252109848,-0.06790770904778842
XGB,LTC,0,2021-07-01,2022-07-01,2022-05-26,2808,4.156194103229856,-0.07975322265345053,-0.03199274,0.009716649680950873,-0.036118071759283055
XGB,LTC,0,2021-07-01,2022-07-01,2022-05-27,2809,4.120076031470573,-0.0653920129068899,-0.04502697,0.01763550184333429,0.01209850481129049
XGB,LTC,0,2021-07-01,2022-07-01,2022-05-28,2810,4.132174536281863,-0.05089421792673221,-0.023411985,0.02275359777963626,0.022741749222152663
XGB,LTC,0,2021-07-01,2022-07-01,2022-05-29,2811,4.154916285504016,-0.04182647921212812,-0.007397954,-0.008487398788007638,0.08094112411658294
XGB,LTC,0,2021-07-01,2022-07-01,2022-05-30,2812,4.235857409620599,-0.04015258428815294,0.0546476,-0.0704755752884969,-0.010318157576999276
XGB,LTC,0,2021-07-01,2022-07-01,2022-05-31,2813,4.2255392520436,-0.03909562683359358,0.027745383,-0.06813366669784049,-0.08291546228705382
XGB,LTC,0,2021-07-01,2022-07-01,2022-06-01,2814,4.142623789756546,-0.032840152698145,-0.017707894,-0.022827933129053513,0.02328696315426093
XGB,LTC,0,2021-07-01,2022-07-01,2022-06-02,2815,4.165910752910807,-0.03358297248897557,-0.017987825,-0.06797310521868916,-0.02819921959689964
XGB,LTC,0,2021-07-01,2022-07-01,2022-06-03,2816,4.137711533313907,-0.04004502206583371,-0.017906634,-0.1006709823297145,0.01721660074759246
XGB,LTC,0,2021-07-01,2022-07-01,2022-06-04,2817,4.1549281340615,-0.057841577873054106,-0.013607565,-0.19809123442754517,-0.008499247345491234
XGB,LTC,0,2021-07-01,2022-07-01,2022-06-05,2818,4.146428886716008,-0.08135328964220001,-0.005000746,-0.27047036232444244,0.018952947616093674
XGB,LTC,0,2021-07-01,2022-07-01,2022-06-06,2819,4.165381834332102,-0.11375779630900018,-0.0036328568,-0.39722225712732717,-0.00797624898634286
XGB,LTC,0,2021-07-01,2022-07-01,2022-06-07,2820,4.157405585345759,-0.13959948365648112,0.0054645594,-0.3258984028799903,-0.037609728718266844
XGB,LTC,0,2021-07-01,2022-07-01,2022-06-08,2821,4.119795856627492,-0.15037269798115904,-0.025960516,-0.19798547029510694,-0.021858208935374712
XGB,LTC,0,2021-07-01,2022-07-01,2022-06-09,2822,4.097937647692118,-0.1661381491796905,-0.030407192,-0.2979704441832145,-0.06089709670792498
XGB,LTC,0,2021-07-01,2022-07-01,2022-06-10,2823,4.037040550984193,-0.16867314410196999,-0.05237998,-0.17242547910618056,-0.08020365135023821
XGB,LTC,0,2021-07-01,2022-07-01,2022-06-11,2824,3.9568368996339545,-0.16391622266338768,-0.08513324,-0.10144229536495653,-0.0808783752423885
XGB,LTC,0,2021-07-01,2022-07-01,2022-06-12,2825,3.875958524391566,-0.14261226387497583,-0.09180261,0.11899223944246318,-0.10779894718679106
XGB,LTC,0,2021-07-01,2022-07-01,2022-06-13,2826,3.768159577204775,-0.11655513678129736,-0.13896616,0.200349500342488,0.06334760526099403
XGB,LTC,0,2021-07-01,2022-07-01,2022-06-14,2827,3.831507182465769,-0.09364264059374339,-0.10054848,0.14831799357743813,0.0903032038666165
XGB,LTC,0,2021-07-01,2022-07-01,2022-06-15,2828,3.9218103863323854,-0.08064382749187171,-0.02668867,0.03145805910656829,-0.12184318282348228
XGB,LTC,0,2021-07-01,2022-07-01,2022-06-16,2829,3.799967203508903,-0.052435798943399003,-0.083263285,0.2211403622556687,0.06464786836910896
XGB,LTC,0,2021-07-01,2022-07-01,2022-06-17,2830,3.864615071878012,-0.026818833152554067,-0.04669772,0.16059880342230537,-0.009220467609014182
XGB,LTC,0,2021-07-01,2022-07-01,2022-06-18,2831,3.855394604268998,0.00542066966213639,-0.03617347,0.22163302735630275,0.1395561595650312
XGB,LTC,0,2021-07-01,2022-07-01,2022-06-19,2832,3.994950763834029,0.02293712897124278,0.023438776,0.04592523471473342,-0.02644168628676624
XGB,LTC,0,2021-07-01,2022-07-01,2022-06-20,2833,3.968509077547263,0.03904040388354302,0.0025836155,0.0555123749356925,0.011316098495944171
XGB,LTC,0,2021-07-01,2022-07-01,2022-06-21,2834,3.979825176043207,0.043711197538895075,-0.0032533978,-0.013094100879752268,-0.026556730604253342
XGB,LTC,0,2021-07-01,2022-07-01,2022-06-22,2835,3.9532684454389537,0.05124393474016031,0.019797621,0.024964285586170476,0.06783912032561812
XGB,LTC,0,2021-07-01,2022-07-01,2022-06-23,2836,4.021107565764572,0.05198544050456633,0.028512392,-0.03865536327445884,0.004106309535745645
XGB,LTC,0,2021-07-01,2022-07-01,2022-06-24,2837,4.0252138753003175,0.042490697325307636,0.033472594,-0.09113114459419336,0.051813756324983196
XGB,LTC,0,2021-07-01,2022-07-01,2022-06-25,2838,4.077027631625301,0.024954950223055494,0.031037651,-0.15534251648102249,-0.036151633076538126
XGB,LTC,1,2022-07-01,2023-07-01,2022-07-01,2844,3.934082730706124,-0.0019862782926240996,-0.037442777,0.008759502688209686,-0.012397615561845932
XGB,LTC,1,2022-07-01,2023-07-01,2022-07-02,2845,3.921685115144278,0.010786833872177937,-0.05274696,0.070268920860872,0.009594792192061607
XGB,LTC,1,2022-07-01,2023-07-01,2022-07-03,2846,3.93127990733634,0.014708235968377004,-0.032666914,0.023192064274036195,0.024641629629102102
XGB,LTC,1,2022-07-01,2023-07-01,2022-07-04,2847,3.955921536965442,0.004523304064826927,-0.012153226,-0.06871206589763856,-0.047292422091331776
XGB,LTC,1,2022-07-01,2023-07-01,2022-07-05,2848,3.90862911487411,-0.0009819323474093977,-0.034512762,-0.047007483789988314,0.010589694526897286
XGB,LTC,1,2022-07-01,2023-07-01,2022-07-06,2849,3.9192188094010074,-0.0021783794120620037,-0.02175126,-0.01597168743034194,0.03476911626046242
XGB,LTC,1,2022-07-01,2023-07-01,2022-07-07,2850,3.95398792566147,-0.004210651411943989,0.0020950534,-0.01788113254002388,-0.01114569226713602
XGB,LTC,1,2022-07-01,2023-07-01,2022-07-08,2851,3.942842233394334,-0.002432537409918556,-0.008942802,0.004510563543145274,0.04911180261081638
XGB,LTC,1,2022-07-01,2023-07-01,2022-07-09,2852,3.99195403600515,-0.0003029740558240235,0.007887582,0.01765227339430231,-0.037482064394774195
XGB,LTC,1,2022-07-01,2023-07-01,2022-07-10,2853,3.954471971610376,0.010280104092257325,0.0056092436,0.06589143442868739,-0.06726250054257266
XGB,LTC,1,2022-07-01,2023-07-01,2022-07-11,2854,3.8872094710678033,0.03581207954786114,-0.02052847,0.1839737489352653,-0.025587839983681526
XGB,LTC,1,2022-07-01,2023-07-01,2022-07-12,2855,3.861621631084122,0.06266403908845941,-0.023637693,0.1985489203474038,0.04162549088654366
XGB,LTC,1,2022-07-01,2023-07-01,2022-07-13,2856,3.9032471219706655,0.07998440199557022,-0.005422091,0.14396680794964967,0.03285967115078048
XGB,LTC,1,2022-07-01,2023-07-01,2022-07-14,2857,3.936106793121446,0.09362399646025255,0.011062586,0.12605582422656125,0.011246003816033134
XGB,LTC,1,2022-07-01,2023-07-01,2022-07-15,2858,3.947352796937479,0.09762015827212478,0.014601977,0.08113883631208463,0.062253512461973415
XGB,LTC,1,2022-07-01,2023-07-01,2022-07-16,2859,4.0096063093994525,0.09403816468957782,0.051348258,0.023329391361661678,0.010757096639610886
XGB,LTC,1,2022-07-01,2023-07-01,2022-07-17,2860,4.020363406039063,0.09337217281998278,0.04812259,0.04841891686884292,0.050819813964005256
XGB,LTC,1,2022-07-01,2023-07-01,2022-07-18,2861,4.071183220003069,0.07494600675094842,0.060586814,-0.0754391887569934,-0.011012668571543038
XGB,LTC,1,2022-07-01,2023-07-01,2022-07-19,2862,4.060170551431526,0.05600074751324824,0.047139257,-0.07507976680602368,-0.012956621511210464
XGB,LTC,1,2022-07-01,2023-07-01,2022-07-20,2863,4.047213929920315,0.050835398443695556,0.025838865,0.029492728780963873,0.014948687427692064
XGB,LTC,1,2022-07-01,2023-07-01,2022-07-21,2864,4.062162617348007,0.050253956241030906,0.03129918,0.08831014960352501,-0.03367098409844349
XGB,LTC,1,2022-07-01,2023-07-01,2022-07-22,2865,4.028491633249564,0.05308824833767112,0.0059757154,0.08111081614885673,0.004444067511550465
XGB,LTC,1,2022-07-01,2023-07-01,2022-07-23,2866,4.032935700761114,0.054996545095408855,-0.00962313,0.06871793853638408,0.03584662214679213
XGB,LTC,1,2022-07-01,2023-07-01,2022-07-24,2867,4.068782322907906,0.05046680468259268,0.008181925,0.024052896687218883,-0.07303829166183107
XGB,LTC,1,2022-07-01,2023-07-01,2022-07-25,2868,3.9957440312460752,0.0567081389093147,-0.02493517,0.09082783782554138,-0.01065324662057332
XGB,LTC,1,2022-07-01,2023-07-01,2022-07-26,2869,3.985090784625502,0.061024665512792176,-0.039196357,0.07954780049846999,0.09161587407577709
XGB,LTC,1,2022-07-01,2023-07-01,2022-07-27,2870,4.076706658701279,0.052254490746328486,0.017561084,-0.019628076674359285,0.0737661082502532
XGB,LTC,1,2022-07-01,2023-07-01,2022-07-28,2871,4.150472766951532,0.04268295616286455,0.08818393,-0.058655134862495295,-0.04087031755311177
XGB,LTC,1,2022-07-01,2023-07-01,2022-07-29,2872,4.1096024493984205,0.04286361306019604,0.061744772,0.023983207501121484,-0.007948810100922188
XGB,LTC,1,2022-07-01,2023-07-01,2022-07-30,2873,4.101653639297498,0.03902328367718422,0.05357623,0.007880682028635455,-0.00881841970237307
XGB,LTC,1,2022-07-01,2023-07-01,2022-07-31,2874,4.092835219595125,0.036356526602045136,0.036602616,0.019714393267174835,-0.006263350523508571
XGB,LTC,1,2022-07-01,2023-07-01,2022-08-01,2875,4.086571869071617,0.03855987470779265,0.030043023,0.05006766236926463,-0.02193328394764471
XGB,LTC,1,2022-07-01,2023-07-01,2022-08-02,2876,4.064638585123972,0.03531703491652394,0.015591451,0.017295928697674157,-0.007560003097052181
XGB,LTC,1,2022-07-01,2023-07-01,2022-08-03,2877,4.05707858202692,0.03969761449724274,0.0056662806,0.06364580796011055,0.034739050062117194
XGB,LTC,1,2022-07-01,2023-07-01,2022-08-04,2878,4.091817632089037,0.03875470330419528,0.011027593,0.03377707624378168,0.04176802481050501
XGB,LTC,1,2022-07-01,2023-07-01,2022-08-05,2879,4.133585656899542,0.034101979883833344,0.05035514,0.008472745834535722,-0.024051335573408217
XGB,LTC,1,2022-07-01,2023-07-01,2022-08-06,2880,4.109534321326134,0.0357855721529976,0.020587819,0.04549021168996337,0.003015291536166309
XGB,LTC,1,2022-07-01,2023-07-01,2022-08-07,2881,4.1125496128623,0.0355030388862323,0.027666166,0.035474060303675614,0.024089918578581226
XGB,LTC,1,2022-07-01,2023-07-01,2022-08-08,2882,4.136639531440881,0.024418317120189492,0.033128593,-0.028630163611676807,-0.054705017619235186
XGB,LTC,1,2022-07-01,2023-07-01,2022-08-09,2883,4.081934513821646,0.023995224674428606,0.009400112,0.0345357687222112,0.03878987616538421
XGB,LTC,1,2022-07-01,2023-07-01,2022-08-10,2884,4.12072438998703,0.014775671810477675,0.025000216,-0.02016324164131955,0.004870318345788327
XGB,LTC,1,2022-07-01,2023-07-01,2022-08-11,2885,4.125594708332819,0.004490885621650342,-0.0051774327,-0.03048895873484181,0.016463694401259055
XGB,LTC,1,2022-07-01,2023-07-01,2022-08-12,2886,4.142058402734078,-0.012575865248000362,0.0038660867,-0.15248883030817462,0.012966130282019428
XGB,LTC,1,2022-07-01,2023-07-01,2022-08-13,2887,4.155024533016097,-0.032685804551718434,0.019698508,-0.16257329290236422,-0.007000859850121444
XGB,LTC,1,2022-07-01,2023-07-01,2022-08-14,2888,4.148023673165976,-0.04859334053424913,0.014847331,-0.13178431529630075,-0.040014305336771194
XGB,LTC,1,2022-07-01,2023-07-01,2022-08-15,2889,4.1080093678292045,-0.05308475462524864,0.0015484759,-0.06048258149700114,0.008460914714652823
XGB,LTC,1,2022-07-01,2023-07-01,2022-08-16,2890,4.116470282543857,-0.05928505541297735,-0.00016410125,-0.07202641568241219,-0.015909134198146546
XGB,LTC,1,2022-07-01,2023-07-01,2022-08-17,2891,4.100561148345711,-0.06378281706777322,-0.01554733,-0.0667069833148961,-0.0054553987477339305
XGB,LTC,1,2022-07-01,2023-07-01,2022-08-18,2892,4.095105749597977,-0.06581588054160559,-0.021104673,-0.055700139523268355,-0.10553617717207375
XGB,LTC,1,2022-07-01,2023-07-01,2022-08-19,2893,3.989569572425903,-0.07012231854661,-0.06616878,-0.024111026165447136,0.0028816676878298253
XGB,LTC,1,2022-07-01,2023-07-01,2022-08-20,2894,3.992451240113733,-0.07206612513950539,-0.07185626,-0.021211859267739275,0.02378811775594203
XGB,LTC,1,2022-07-01,2023-07-01,2022-08-21,2895,4.016239357869675,-0.07370066172944689,-0.054537993,-0.03446608759219494,0.03128742846252841
XGB,LTC,1,2022-07-01,2023-07-01,2022-08-22,2896,4.047526786332203,-0.07173327639518678,-0.05136009,-0.02625676163817392,-0.0030829194707582275
XGB,LTC,1,2022-07-01,2023-07-01,2022-08-23,2897,4.044443866861445,-0.07527695582591143,-0.05892054,-0.07308059748434026,-0.01058970183063046
XGB,LTC,1,2022-07-01,2023-07-01,2022-08-24,2898,4.033854165030815,-0.07428956297873857,-0.06983845,-0.04752804112955156,0.005551445043893821
XGB,LTC,1,2022-07-01,2023-07-01,2022-08-25,2899,4.039405610074708,-0.06500955510863182,-0.058177073,0.012865643121246606,-0.07394706381425253
XGB,LTC,1,2022-07-01,2023-07-01,2022-08-26,2900,3.965458546260456,-0.04187030662664082,-0.08177692,0.1460871667868271,0.005780834585537686
XGB,LTC,1,2022-07-01,2023-07-01,2022-08-27,2901,3.9712393808459936,-0.019991589132390963,-0.08119371,0.12534939078617136,0.010533889431486365
XGB,LTC,1,2022-07-01,2023-07-01,2022-08-28,2902,3.98177327027748,0.002414274773021141,-0.06945997,0.12747458684354118,0.03949675441654943
XGB,LTC,1,2022-07-01,2023-07-01,2022-08-29,2903,4.021270024694029,0.016607075219979173,-0.034676462,0.07999064476249185,-0.04990675531692457
XGB,LTC,1,2022-07-01,2023-07-01,2022-08-30,2904,3.971363269377105,0.02237272999861073,-0.062257193,0.02340145829942797,0.014962854524158242
XGB,LTC,1,2022-07-01,2023-07-01,2022-08-31,2905,3.986326123901263,0.030758520844508475,-0.038064223,0.06399516517309012,0.06594512929469198
XGB,LTC,1,2022-07-01,2023-07-01,2022-09-01,2906,4.052271253195955,0.031011758960976188,0.021679867,0.008227923901798384,0.059274459851327954
XGB,LTC,1,2022-07-01,2023-07-01,2022-09-02,2907,4.111545713047283,0.03060757716140028,0.04867788,0.003138643500513183,-0.014956941415118052
XGB,LTC,1,2022-07-01,2023-07-01,2022-09-03,2908,4.096588771632165,0.03534017086850483,0.024267184,0.053374088944767806,0.012659085488856192
XGB,LTC,1,2022-07-01,2023-07-01,2022-09-04,2909,4.109247857121021,0.03544904172134622,0.033516966,0.021808273637157427,-0.007987187664499906
XGB,LTC,1,2022-07-01,2023-07-01,2022-09-05,2910,4.101260669456521,0.03436695997338113,0.023321481,0.01553032230637097,-0.10649594177998845
XGB,LTC,1,2022-07-01,2023-07-01,2022-09-06,2911,3.994764727676533,0.04190132099671917,-0.02280384,0.08450515623495614,0.05555656139782039
XGB,LTC,1,2022-07-01,2023-07-01,2022-09-07,2912,4.050321289074353,0.04626688929382361,-0.0031097215,0.04644020322816367,0.01017788802340025
XGB,LTC,1,2022-07-01,2023-07-01,2022-09-08,2913,4.060499177097753,0.03968634947264693,-0.009108767,-0.028912292643471282,0.05418517945004275
XGB,LTC,1,2022-07-01,2023-07-01,2022-09-09,2914,4.114684356547796,0.02548321029258105,0.014289125,-0.09211759066430592,0.03527850402913657
XGB,LTC,1,2022-07-01,2023-07-01,2022-09-10,2915,4.149962860576933,0.012285988780096346,0.026049908,-0.09268770682232663,-0.018906729818754187
XGB,LTC,1,2022-07-01,2023-07-01,2022-09-11,2916,4.131056130758179,-0.008336969532465766,0.0061204303,-0.1637065783569045,-0.014265138995286364
XGB,LTC,1,2022-07-01,2023-07-01,2022-09-12,2917,4.116790991762892,-0.02759863205173918,0.005183211,-0.14886280734900081,-0.03752110785140328
XGB,LTC,1,2022-07-01,2023-07-01,2022-09-13,2918,4.079269883911489,-0.042377969621631095,-0.00790136,-0.12110660482434277,0.017491608391027924
XGB,LTC,1,2022-07-01,2023-07-01,2022-09-14,2919,4.096761492302517,-0.06234090263777148,0.0031445385,-0.16031550738287992,-0.0651746078482347
XGB,LTC,1,2022-07-01,2023-07-01,2022-09-15,2920,4.031586884454282,-0.0650621110647549,-0.034766838,-0.05170688596609674,-0.00902011857079188
XGB,LTC,1,2022-07-01,2023-07-01,2022-09-16,2921,4.02256676588349,-0.061280573322077814,-0.036750074,-0.013603745004222567,0.03470838787111585
XGB,LTC,1,2022-07-01,2023-07-01,2022-09-17,2922,4.057275153754606,-0.06691272690992545,-0.008509584,-0.07723284427114097,-0.08992560135333205
XGB,LTC,1,2022-07-01,2023-07-01,2022-09-18,2923,3.967349552401274,-0.06510725738619216,-0.061053466,-0.004025253197406098,0.0005786320126173194
XGB,LTC,1,2022-07-01,2023-07-01,2022-09-19,2924,3.9679281844138914,-0.05925745132683646,-0.06334861,0.010482831848305452,-0.009764905326745232
XGB,LTC,1,2022-07-01,2023-07-01,2022-09-20,2925,3.958163279087146,-0.053382345926829444,-0.05938286,0.007158926864506032,-0.021717294167509227
XGB,LTC,1,2022-07-01,2023-07-01,2022-09-21,2926,3.936445984919637,-0.04185872475846786,-0.06809869,0.03964841824818777,0.04343401356854848
XGB,LTC,1,2022-07-01,2023-07-01,2022-09-22,2927,3.9798799984881854,-0.035259556336160625,-0.036229562,0.0075110621921825604,0.02908302239108229
XGB,LTC,1,2022-07-01,2023-07-01,2022-09-23,2928,4.008963020879268,-0.03498885740342894,-0.032935426,-0.03120775386583885,-0.028920711395802545
XGB,LTC,1,2022-07-01,2023-07-01,2022-09-24,2929,3.980042309483465,-0.032005190045873544,-0.023293722,-0.01150914953863813,-0.016718010279597184
XGB,LTC,1,2022-07-01,2023-07-01,2022-09-25,2930,3.963324299203868,-0.03001719966058003,-0.021020725,-0.01378140046911902,0.015086717058328869
XGB,LTC,1,2022-07-01,2023-07-01,2022-09-26,2931,3.978411016262197,-0.022760468003988343,-0.01305492,0.013830838176651206,-0.013088810310544652
XGB,LTC,1,2022-07-01,2023-07-01,2022-09-27,2932,3.965322205951652,-0.01021083516360699,-0.0434115,0.047422888700910715,0.010772197216172508
XGB,LTC,1,2022-07-01,2023-07-01,2022-09-28,2933,3.9760944031678247,-0.0030140440095891563,-0.022148127,0.02356042526296953,0.011296657512543273
XGB,LTC,1,2022-07-01,2023-07-01,2022-09-29,2934,3.987391060680368,-0.0025500690966056005,-0.015572037,-0.007828204220423185,-0.009635793666939119
XGB,LTC,1,2022-07-01,2023-07-01,2022-09-30,2935,3.977755267013429,-0.00267560168571368,-0.020547822,-0.009977084867168973,-0.009222107068601826
XGB,LTC,1,2022-07-01,2023-07-01,2022-10-01,2936,3.968533159944827,-0.001363544247822368,-0.017204922,-0.002052761827429528,-0.018990261210078074
XGB,LTC,1,2022-07-01,2023-07-01,2022-10-02,2937,3.949542898734749,0.007601643148333892,-0.02719899,0.03777379550292226,0.042698955704099095
XGB,LTC,1,2022-07-01,2023-07-01,2022-10-03,2938,3.992241854438848,0.003408044437114288,-0.0028908714,-0.02656672081837197,0.020503240213714857
XGB,LTC,1,2022-07-01,2023-07-01,2022-10-04,2939,4.012745094652563,-0.006987599297889613,0.0086721275,-0.06114718547526676,-0.013090266221768676
XGB,LTC,1,2022-07-01,2023-07-01,2022-10-05,2940,3.9996548284307942,-0.013433949490581298,-0.0036072722,-0.044163455289176756,-0.020091971970849443
XGB,LTC,1,2022-07-01,2023-07-01,2022-10-06,2941,3.979562856459945,-0.01934822569462602,-0.0065179756,-0.04297437828783668,-0.011784674313684906
XGB,LTC,1,2022-07-01,2023-07-01,2022-10-07,2942,3.96777818214626,-0.022042868176945785,-0.01798044,-0.02978409972336271,-0.001297784028862381
XGB,LTC,1,2022-07-01,2023-07-01,2022-10-08,2943,3.9664803981173975,-0.027576214604977167,-0.018542917,-0.04511752415423409,0.020836296120273712
XGB,LTC,1,2022-07-01,2023-07-01,2022-10-09,2944,3.987316694237671,-0.03210918024323606,-0.0050732014,-0.046105462324106394,-0.021641560617195132
XGB,LTC,1,2022-07-01,2023-07-01,2022-10-10,2945,3.965675133620476,-0.029986550333256368,-0.01435106,-0.017439053876044053,-0.014077224443179936
XGB,LTC,1,2022-07-01,2023-07-01,2022-10-11,2946,3.951597909177296,-0.02488921072344219,-0.028097425,-0.0027223247969119235,0.003893463964321331
XGB,LTC,1,2022-07-01,2023-07-01,2022-10-12,2947,3.9554913731416175,-0.025117479398650833,-0.021421112,-0.023927866910983475,-0.018902894969509365
XGB,LTC,1,2022-07-01,2023-07-01,2022-10-13,2948,3.936588478172108,-0.020354120125589237,-0.02891785,-0.00102470586660397,0.001405604250789061
XGB,LTC,1,2022-07-01,2023-07-01,2022-10-14,2949,3.937994082422897,-0.01429209948146326,-0.026317129,0.005980416288223989,-0.01663120845973376
XGB,LTC,1,2022-07-01,2023-07-01,2022-10-15,2950,3.9213628739631634,-0.0029189684842365615,-0.03064339,0.03333970138109077,0.019848357950401407
XGB,LTC,1,2022-07-01,2023-07-01,2022-10-16,2951,3.941211231913565,0.007791814197667168,-0.020899594,0.04685326187823202,0.007024847830867209
XGB,LTC,1,2022-07-01,2023-07-01,2022-10-17,2952,3.948236079744432,0.010436890768237728,-0.0122445775,0.013895161477169182,0.0006395046359521928
XGB,LTC,1,2022-07-01,2023-07-01,2022-10-18,2953,3.948875584380384,0.018095392476621175,-0.010625144,0.07692518610638466,-0.01731207814975022
XGB,LTC,1,2022-07-01,2023-07-01,2022-10-19,2954,3.931563506230634,0.031834409665455254,-0.017088115,0.10075808564917565,0.00400026607487014
XGB,LTC,1,2022-07-01,2023-07-01,2022-10-20,2955,3.935563772305504,0.04006806278072217,-0.019248135,0.06826527255760162,0.00841072640561702
XGB,LTC,1,2022-07-01,2023-07-01,2022-10-21,2956,3.943974498711121,0.046498226840180124,-0.01204278,0.06342956802020527,0.010728076633133021
XGB,LTC,1,2022-07-01,2023-07-01,2022-10-22,2957,3.954702575344254,0.053949220603680015,-0.0059760455,0.07947040872036126,0.03336191844754266
XGB,LTC,1,2022-07-01,2023-07-01,2022-10-23,2958,3.988064493791797,0.05234853921414828,0.0057427874,0.026326509436918055,-0.02593325257019563
XGB,LTC,1,2022-07-01,2023-07-01,2022-10-24,2959,3.962131241221601,0.05492870404981032,-0.004360387,0.04673593973353363,0.06366952926516767
XGB,LTC,1,2022-07-01,2023-07-01,2022-10-25,2960,4.025800770486769,0.05129652082656522,0.04472364,-0.016157716216465445,0.006520821393040777
XGB,LTC,1,2022-07-01,2023-07-01,2022-10-26,2961,4.03232159187981,0.05294491457382966,0.042944603,0.07128771747409957,-0.028492547016703895
XGB,LTC,1,2022-07-01,2023-07-01,2022-10-27,2962,4.003829044863106,0.06149655942232757,0.02251272,0.12203540899128118,0.0035750218682206736
XGB,LTC,1,2022-07-01,2023-07-01,2022-10-28,2963,4.007404066731326,0.0730538677917636,0.016289655,0.20615355653121803,0.02676891733328901
XGB,LTC,1,2022-07-01,2023-07-01,2022-10-29,2964,4.034172984064615,0.08509494321153754,0.013611373,0.2103314343114473,-0.019781980835900548
XGB,LTC,1,2022-07-01,2023-07-01,2022-10-30,2965,4.014391003228715,0.1002751773005981,-0.0059903623,0.2063813716348415,-0.005523822273580059
XGB,LTC,1,2022-07-01,2023-07-01,2022-10-31,2966,4.008867180955135,0.11713629427686012,0.0027640092,0.20551369055827529,0.0007758733151685959
XGB,LTC,1,2022-07-01,2023-07-01,2022-11-01,2967,4.009643054270303,0.11903557494496741,-0.0019681868,0.040258446898762124,0.09396625508360579
XGB,LTC,1,2022-07-01,2023-07-01,2022-11-02,2968,4.103609309353909,0.10771988337411198,0.050184995,-0.17850075508150143,0.02225514450047772
XGB,LTC,1,2022-07-01,2023-07-01,2022-11-03,2969,4.125864453854387,0.10080121612169002,0.06404056,-0.025520367045463566,0.08769316940815752
XGB,LTC,1,2022-07-01,2023-07-01,2022-11-04,2970,4.2135576232625445,0.09003671233372756,0.1166039,-0.0987197757767353,0.030946795113518277
XGB,LTC,1,2022-07-01,2023-07-01,2022-11-05,2971,4.244504418376063,0.07314001067458697,0.108349904,-0.15257021417864713,-0.02373204351250635
XGB,LTC,1,2022-07-01,2023-07-01,2022-11-06,2972,4.220772374863556,0.053621588613419924,0.0950878,-0.1692104956287519,-0.006391503350146266
XGB,LTC,1,2022-07-01,2023-07-01,2022-11-07,2973,4.21438087151341,0.031190558210898445,0.08896672,-0.17932287194172947,-0.16447937034434457
XGB,LTC,1,2022-07-01,2023-07-01,2022-11-08,2974,4.0499015011690656,0.024585243866432904,0.037071608,0.010666728840409867,-0.12479294689665776
XGB,LTC,1,2022-07-01,2023-07-01,2022-11-09,2975,3.925108554272408,0.021209317227978808,-0.014727187,0.1269619574793448,0.17523553253651558
XGB,LTC,1,2022-07-01,2023-07-01,2022-11-10,2976,4.100344086808923,0.017902877858365862,0.01241614,0.034568287241123485,0.014493760676885792
XGB,LTC,1,2022-07-01,2023-07-01,2022-11-11,2977,4.114837847485809,0.0141335687907711,0.021722775,0.022626299706574038,-0.02290364328839356
XGB,LTC,1,2022-07-01,2023-07-01,2022-11-12,2978,4.091934204197416,0.013591188689387579,0.012633134,0.06401327767208276,-0.04037232496261112
XGB,LTC,1,2022-07-01,2023-07-01,2022-11-13,2979,4.0515618792348045,0.01224568773462309,-0.022045594,0.07561003680489442,-0.016503879663123833
XGB,LTC,1,2022-07-01,2023-07-01,2022-11-14,2980,4.035057999571681,0.011637373778486726,-0.0076462496,0.08191997328503398,0.025510230437794768
XGB,LTC,1,2022-07-01,2023-07-01,2022-11-15,2981,4.060568230009475,0.0255348986415056,-0.016324587,0.19423272914894518,-0.00849771825772283
XGB,LTC,1,2022-07-01,2023-07-01,2022-11-16,2982,4.052070511751753,0.049722652099270626,-0.0026307239,0.31737820988641996,0.08284186229829427
XGB,LTC,1,2022-07-01,2023-07-01,2022-11-17,2983,4.134912374050047,0.06703235774188432,0.030838396,0.2323831231226725,0.0025517731423363443
XGB,LTC,1,2022-07-01,2023-07-01,2022-11-18,2984,4.137464147192383,0.07807097995907153,0.028464172,0.16699141228996517,0.01848333467711516
XGB,LTC,1,2022-07-01,2023-07-01,2022-11-19,2985,4.155947481869498,0.09055386131499077,0.030669367,0.17968036453330338,-0.028775565829799454
XGB,LTC,1,2022-07-01,2023-07-01,2022-11-20,2986,4.127171916039699,0.1046874818908039,0.002461327,0.19090694500869532,-0.010193943182984277
XGB,LTC,1,2022-07-01,2023-07-01,2022-11-21,2987,4.116977972856715,0.11843454800187292,-0.010307768,0.1887104506689843,0.13782298630170597
XGB,LTC,1,2022-07-01,2023-07-01,2022-11-22,2988,4.254800959158421,0.11945431508613069,0.07250051,0.07571883566859672,0.11464776247975195
XGB,LTC,1,2022-07-01,2023-07-01,2022-11-23,2989,4.3694487216381726,0.11675933918344494,0.14234078,0.003760486080059522,-0.002153224465453185
XGB,LTC,1,2022-07-01,2023-07-01,2022-11-24,2990,4.367295497172719,0.10847172386833037,0.12752105,-0.016785260428290094,-0.062839937690371
XGB,LTC,1,2022-07-01,2023-07-01,2022-11-25,2991,4.304455559482348,0.10618050129000256,0.075391375,0.051631082410621865,0.031172286920453374
XGB,LTC,1,2022-07-01,2023-07-01,2022-11-26,2992,4.335627846402802,0.09667075818264781,0.05992394,0.00294201913036396,-0.01754898535440752
XGB,LTC,1,2022-07-01,2023-07-01,2022-11-27,2993,4.318078861048394,0.08961142105347708,0.049258105,0.028505641090993628,-0.012390437522695308
XGB,LTC,1,2022-07-01,2023-07-01,2022-11-28,2994,4.305688423525699,0.08989986980981435,0.039919212,0.07962697904135929,0.024831371301318406
XGB,LTC,1,2022-07-01,2023-07-01,2022-11-29,2995,4.330519794827017,0.08561057528872773,0.045688536,0.05052159054901395,0.04268941289121475
XGB,LTC,1,2022-07-01,2023-07-01,2022-11-30,2996,4.373209207718232,0.06961176360497312,0.05230195,-0.028935628992343254,-0.0226989709738028
XGB,LTC,1,2022-07-01,2023-07-01,2022-12-01,2997,4.350510236744429,0.060401860631226434,0.02099261,0.011184469124693841,0.005576405148540964
XGB,LTC,1,2022-07-01,2023-07-01,2022-12-02,2998,4.35608664189297,0.04655391927126029,0.035881273,-0.02096080212831808,-0.01751677635980453
XGB,LTC,1,2022-07-01,2023-07-01,2022-12-03,2999,4.338569865533166,0.03646010178380088,0.02163907,-0.002966893699849038,0.008014636606222147
XGB,LTC,1,2022-07-01,2023-07-01,2022-12-04,3000,4.346584502139388,0.02658904190506739,0.012439181,-0.007621281494201604,0.038730900427670356
XGB,LTC,1,2022-07-01,2023-07-01,2022-12-05,3001,4.385315402567058,0.010456793327422886,0.03366883,-0.05167147190340238,-0.004274017191026935
XGB,LTC,1,2022-07-01,2023-07-01,2022-12-06,3002,4.381041385376031,-0.00047735542658688956,0.035363488,-0.032772143520834796,-0.036767806650142454
XGB,LTC,1,2022-07-01,2023-07-01,2022-12-07,3003,4.344273578725889,-0.008549766806480008,0.0049291607,-0.02046070080378115,0.017421127143234294
XGB,LTC,1,2022-07-01,2023-07-01,2022-12-08,3004,4.361694705869123,-0.02429133249149995,0.013109865,-0.08038007313528528,-0.026568866104470956
XGB,LTC,1,2022-07-01,2023-07-01,2022-12-09,3005,4.335125839764652,-0.03877106524040741,-0.010408977,-0.14053183893429022,0.00047713206866450975
XGB,LTC,1,2022-07-01,2023-07-01,2022-12-10,3006,4.335602971833317,-0.05642299761986003,-0.018016292,-0.16186382358179863,0.0033602488118695817
XGB,LTC,1,2022-07-01,2023-07-01,2022-12-11,3007,4.338963220645186,-0.07607444489318294,-0.013317504,-0.1714591154044669,-0.005319289981530417
XGB,LTC,1,2022-07-01,2023-07-01,2022-12-12,3008,4.333643930663656,-0.09695103265404459,-0.017784428,-0.18510430275326506,0.014625311191540646
XGB,LTC,1,2022-07-01,2023-07-01,2022-12-13,3009,4.3482692418551965,-0.11274784343485322,-0.010323934,-0.16246457357242328,-0.02445636393308881
XGB,LTC,1,2022-07-01,2023-07-01,2022-12-14,3010,4.323812877922108,-0.12415502998065886,-0.021532634,-0.1434220776673687,-0.042498245188269834
XGB,LTC,1,2022-07-01,2023-07-01,2022-12-15,3011,4.281314632733838,-0.12658343260754013,-0.0342173,-0.08936446111252838,-0.0867206319034759
XGB,LTC,1,2022-07-01,2023-07-01,2022-12-16,3012,4.194594000830362,-0.1245101203868968,-0.0748412,-0.008396372798629592,-0.020854852578843897
XGB,LTC,1,2022-07-01,2023-07-01,2022-12-17,3013,4.173739148251518,-0.1169453042418187,-0.07849933,0.012497454083277404,-0.006235043010798691
XGB,LTC,1,2022-07-01,2023-07-01,2022-12-18,3014,4.167504105240719,-0.0967241470938971,-0.07976511,0.06958733580290932,-0.018964477330328577
XGB,LTC,1,2022-07-01,2023-07-01,2022-12-19,3015,4.148539627910391,-0.0695622501339681,-0.08450429,0.10969016200366966,0.03726504037238243
XGB,LTC,1,2022-07-01,2023-07-01,2022-12-20,3016,4.185804668282773,-0.05467313993887579,-0.06883088,0.04464166119650326,-0.00541386802803423
XGB,LTC,1,2022-07-01,2023-07-01,2022-12-21,3017,4.180390800254739,-0.04488058118402183,-0.06299242,0.014388147421184883,0.011559371366570481
XGB,LTC,1,2022-07-01,2023-07-01,2022-12-22,3018,4.1919501716213095,-0.036260902846530385,-0.041357864,0.009020241553590935,-0.005752543589577108
XGB,LTC,1,2022-07-01,2023-07-01,2022-12-23,3019,4.186197628031732,-0.02372676240442928,-0.034845553,0.03322233525805807,3.897430306309957e-05
XGB,LTC,1,2022-07-01,2023-07-01,2022-12-24,3020,4.186236602334795,-0.007351278176216169,-0.031298973,0.062204578543463285,0.05085483870883323
XGB,LTC,1,2022-07-01,2023-07-01,2022-12-25,3021,4.237091441043629,0.0007473885885653786,-0.0054636477,0.022988701435957992,0.021138348870431756
XGB,LTC,1,2022-07-01,2023-07-01,2022-12-26,3022,4.25822978991406,0.010357759781765452,0.008720393,0.05742874976781298,-0.02778346043478397
XGB,LTC,1,2022-07-01,2023-07-01,2022-12-27,3023,4.2304463294792765,0.026570239466089163,-0.0101366555,0.0950459605707703,-0.035667381803352605
XGB,LTC,1,2022-07-01,2023-07-01,2022-12-28,3024,4.194778947675924,0.04772968616201467,-0.017974695,0.12847791531884933,0.006191465498976534
XGB,LTC,1,2022-07-01,2023-07-01,2022-12-29,3025,4.2009704131749,0.06304787787647914,-0.018854734,0.10647825624415308,0.018449550114890023
XGB,LTC,1,2022-07-01,2023-07-01,2022-12-30,3026,4.21941996328979,0.07719309282925746,-0.013935628,0.11121569589854374,0.029021217588468318
XGB,LTC,1,2022-07-01,2023-07-01,2022-12-31,3027,4.248441180878259,0.08576062319455868,0.00650912,0.08719385805581847,0.011638961601327935
XGB,LTC,1,2022-07-01,2023-07-01,2023-01-01,3028,4.260080142479587,0.09359598036298333,0.008977143,0.09254695327827989,0.055578397202286745
XGB,LTC,1,2022-07-01,2023-07-01,2023-01-02,3029,4.315658539681873,0.09972209076780203,0.028038545,0.08797441882959234,0.009833750368173355
XGB,LTC,1,2022-07-01,2023-07-01,2023-01-03,3030,4.325492290050047,0.10111414327301649,0.028276505,0.06756725556805687,-0.0022354270552735755
XGB,LTC,1,2022-07-01,2023-07-01,2023-01-04,3031,4.323256862994773,0.10652072477885,0.024571313,0.10839663928600185,-0.01580819357571972
XGB,LTC,1,2022-07-01,2023-07-01,2023-01-05,3032,4.3074486694190535,0.11774616757526868,0.020974744,0.1464825608612772,0.023186989769280686
XGB,LTC,1,2022-07-01,2023-07-01,2023-01-06,3033,4.330635659188334,0.1250841734026027,0.013322501,0.1276577303466464,0.004999379745743049
XGB,LTC,1,2022-07-01,2023-07-01,2023-01-07,3034,4.335635038934077,0.13316078336292136,0.008387487,0.13958428561007974,0.016992056823789348
XGB,LTC,1,2022-07-01,2023-07-01,2023-01-08,3035,4.3526270957578665,0.13593226365069278,0.016731167,0.11747373750984114,0.051005862753599196
XGB,LTC,1,2022-07-01,2023-07-01,2023-01-09,3036,4.403632958511466,0.12821669122511725,0.03969676,0.048785879915056896,-0.01057341289336211
XGB,LTC,1,2022-07-01,2023-07-01,2023-01-10,3037,4.393059545618104,0.12395476403913985,0.013548137,0.07419736428697288,0.0385939566626714
XGB,LTC,1,2022-07-01,2023-07-01,2023-01-11,3038,4.431653502280775,0.10638060681740757,0.029287497,-0.015523437099503212,0.02227772799955563
XGB,LTC,1,2022-07-01,2023-07-01,2023-01-12,3039,4.453931230280331,0.08807274032016377,0.044053685,-0.02035313676178596,0.004362159254649889
XGB,LTC,1,2022-07-01,2023-07-01,2023-01-13,3040,4.4582933895349806,0.08004617287102889,0.033087444,0.04698159756931197,0.016925935009176385
XGB,LTC,1,2022-07-01,2023-07-01,2023-01-14,3041,4.475219324544157,0.06737484898686841,0.042695817,0.005686697831807308,-0.005118491276449255
XGB,LTC,1,2022-07-01,2023-07-01,2023-01-15,3042,4.470100833267708,0.05576050790286846,0.03652589,0.003022279265881167,-0.017681994841185045
XGB,LTC,1,2022-07-01,2023-07-01,2023-01-16,3043,4.452418838426523,0.05321116653138702,0.017269902,0.04767884245380216,0.014838071478553871
XGB,LTC,1,2022-07-01,2023-07-01,2023-01-17,3044,4.4672569099050765,0.04377100343914897,0.024051225,0.000980457842288729,-0.05112684472380469
XGB,LTC,1,2022-07-01,2023-07-01,2023-01-18,3045,4.416130065181272,0.04675754279336086,-0.005915896,0.07677820028825266,0.01744802833727288
XGB,LTC,1,2022-07-01,2023-07-01,2023-01-19,3046,4.433578093518545,0.0438561372203079,-0.0022736262,0.03908251647973415,0.07169689358574782
XGB,LTC,1,2022-07-01,2023-07-01,2023-01-20,3047,4.5052749871042925,0.032892260286398134,0.0636678,-0.018372592461751935,-0.02436896472832828
XGB,LTC,1,2022-07-01,2023-07-01,2023-01-21,3048,4.480906022375964,0.026433551945941325,0.046628524,0.014470908312612885,-0.007782909842375396
XGB,LTC,1,2022-07-01,2023-07-01,2023-01-22,3049,4.473123112533589,0.03158173471729686,0.025945205,0.0812805503777323,0.02697456834673595
XGB,LTC,1,2022-07-01,2023-07-01,2023-01-23,3050,4.500097680880325,0.027168966070726164,0.032905404,0.013641586275482176,-0.03186031313295956
XGB,LTC,1,2022-07-01,2023-07-01,2023-01-24,3051,4.468237367747365,0.03265668886852513,0.017898325,0.07832985316627195,0.024670897722159246
XGB,LTC,1,2022-07-01,2023-07-01,2023-01-25,3052,4.4929082654695245,0.04192505010248926,0.02788682,0.11668837334339788,-0.02024765547124563
XGB,LTC,1,2022-07-01,2023-07-01,2023-01-26,3053,4.472660609998279,0.05300963930057101,0.015577513,0.1193248942819034,0.014241784644261735
XGB,LTC,1,2022-07-01,2023-07-01,2023-01-27,3054,4.486902394642541,0.0636060491841759,0.019722352,0.11797699284217877,0.00847453604603654
XGB,LTC,1,2022-07-01,2023-07-01,2023-01-28,3055,4.495376930688577,0.07031007691476798,0.020996422,0.09584116663954045,0.059026732222744016
XGB,LTC,1,2022-07-01,2023-07-01,2023-01-29,3056,4.554403662911321,0.06299276883909943,0.040475026,0.014711849854487369,-0.04066439575551417
XGB,LTC,1,2022-07-01,2023-07-01,2023-01-30,3057,4.513739267155807,0.0605930968368984,0.024478499,0.0512592776159746,0.03282795375783021
XGB,LTC,1,2022-07-01,2023-07-01,2023-01-31,3058,4.546567220913637,0.06217010109115506,0.03058897,0.0678368582627753,0.06302941789928518
XGB,LTC,1,2022-07-01,2023-07-01,2023-02-01,3059,4.609596638812922,0.053236882136062036,0.066154286,-0.012381825925024792,-0.017611134532740103
XGB,LTC,1,2022-07-01,2023-07-01,2023-02-02,3060,4.591985504280182,0.038248152889596376,0.05107592,-0.06912722819559924,0.012893883204537104
XGB,LTC,1,2022-07-01,2023-07-01,2023-02-03,3061,4.604879387484719,0.02284941139961827,0.048621554,-0.06660482785241495,-0.01366129015660178
XGB,LTC,1,2022-07-01,2023-07-01,2023-02-04,3062,4.591218097328118,0.011036112320990554,0.03202233,-0.04335345765726384,-0.02210258456230907
XGB,LTC,1,2022-07-01,2023-07-01,2023-02-05,3063,4.5691155127658085,0.00024915282990711773,-0.0008747238,-0.04303467485432666,-0.004116967994026943
XGB,LTC,1,2022-07-01,2023-07-01,2023-02-06,3064,4.564998544771782,-0.01127341554732375,0.014647078,-0.05280202171354542,0.04940553440463091
XGB,LTC,1,2022-07-01,2023-07-01,2023-02-07,3065,4.6144040791764125,-0.021298674545456642,0.033648197,-0.05331560843477501,-0.017189266288514915
XGB,LTC,1,2022-07-01,2023-07-01,2023-02-08,3066,4.597214812887898,-0.018313484348262854,0.017495377,0.03552485178136333,-0.07435653680331455
XGB,LTC,1,2022-07-01,2023-07-01,2023-02-09,3067,4.522858276084583,-0.011427143176979904,-0.01780261,0.07177864779586951,0.015416283547721399
XGB,LTC,1,2022-07-01,2023-07-01,2023-02-10,3068,4.538274559632304,-0.003599867680733837,-0.0034463638,0.06998593918995066,0.009590080038549331
XGB,LTC,1,2022-07-01,2023-07-01,2023-02-11,3069,4.547864639670854,0.0028569768719375332,-0.016355038,0.0552218492175216,-0.02178380175937189
XGB,LTC,1,2022-07-01,2023-07-01,2023-02-12,3070,4.526080837911482,0.009261995805439405,-0.025544027,0.05442995522559446,-0.013884314853245705
XGB,LTC,1,2022-07-01,2023-07-01,2023-02-13,3071,4.512196523058236,0.015286519214960492,-0.032783918,0.05153500734054273,0.04889194768340133
XGB,LTC,1,2022-07-01,2023-07-01,2023-02-14,3072,4.5610884707416375,0.0081330426774473,-0.004873425,-0.020889109607363565,0.07165119392762342
XGB,LTC,1,2022-07-01,2023-07-01,2023-02-15,3073,4.632739664669261,-0.004836733358024148,0.050230816,-0.07656094561186322,-0.038102740788808376
XGB,LTC,1,2022-07-01,2023-07-01,2023-02-16,3074,4.5946369238804525,-0.013710716026071879,0.028495125,-0.04400747094375923,0.013623574941802552
XGB,LTC,1,2022-07-01,2023-07-01,2023-02-17,3075,4.608260498822255,-0.028999442135839715,0.030603321,-0.0913195275893921,-0.005174009933879731
XGB,LTC,1,2022-07-01,2023-07-01,2023-02-18,3076,4.603086488888375,-0.03882174507650937,0.01323637,-0.06765819816524932,-0.02257569575129903
XGB,LTC,1,2022-07-01,2023-07-01,2023-02-19,3077,4.580510793137076,-0.04001303501111497,0.006111146,-0.023946748182132715,-0.01677926273829744
XGB,LTC,1,2022-07-01,2023-07-01,2023-02-20,3078,4.563731530398779,-0.04017522921218397,-0.0009201871,-0.019515071394048178,-0.023532169264504965
XGB,LTC,1,2022-07-01,2023-07-01,2023-02-21,3079,4.540199361134274,-0.03658744528477964,-0.019107426,0.0008884984717187905,0.01597935792312377
XGB,LTC,1,2022-07-01,2023-07-01,2023-02-22,3080,4.556178719057398,-0.028080031928864102,-0.008131729,0.02610826487699569,-0.005549266120704388
XGB,LTC,1,2022-07-01,2023-07-01,2023-02-23,3081,4.550629452936693,-0.023410715738163113,-0.008931934,0.00595157178133654,-0.03368848170383032
XGB,LTC,1,2022-07-01,2023-07-01,2023-02-24,3082,4.516940971232863,-0.02089120363090302,-0.030807583,-0.01105012784575976,0.018487319490263054
XGB,LTC,1,2022-07-01,2023-07-01,2023-02-25,3083,4.535428290723126,-0.024708291278717986,-0.012675525,-0.04354399310627688,0.021135754231817572
XGB,LTC,1,2022-07-01,2023-07-01,2023-02-26,3084,4.556564044954944,-0.03147157469150308,-0.0030112332,-0.05727288400030783,-0.012347585950212903
XGB,LTC,1,2022-07-01,2023-07-01,2023-02-27,3085,4.544216459004731,-0.03988320959151803,-0.026075607,-0.07345896556272802,-0.0031285993987379968
XGB,LTC,1,2022-07-01,2023-07-01,2023-02-28,3086,4.541087859605993,-0.049459584185357564,-0.019234173,-0.08323621342831444,0.04119912432840067
XGB,LTC,1,2022-07-01,2023-07-01,2023-03-01,3087,4.582286983934393,-0.07115239870439982,0.0014235314,-0.16605784101014542,-0.02570595921636354
XGB,LTC,1,2022-07-01,2023-07-01,2023-03-02,3088,4.55658102471803,-0.09117005613495799,-0.018801289,-0.21627459272864424,-0.05069018133092662
XGB,LTC,1,2022-07-01,2023-07-01,2023-03-03,3089,4.505890843387103,-0.1077399323183732,-0.037590913,-0.23253276406367007,-0.014006545770254064
XGB,LTC,1,2022-07-01,2023-07-01,2023-03-04,3090,4.491884297616849,-0.12612700466281623,-0.035856366,-0.24758420066700637,0.007406863337786618
XGB,LTC,1,2022-07-01,2023-07-01,2023-03-05,3091,4.499291160954636,-0.1331824837865243,-0.032599688,-0.16446300702966266,-0.028533667512633087
XGB,LTC,1,2022-07-01,2023-07-01,2023-03-06,3092,4.470757493442003,-0.12987504579594145,-0.037352588,-0.06686800643526691,-0.012905847264324422
XGB,LTC,1,2022-07-01,2023-07-01,2023-03-07,3093,4.457851646177678,-0.12117916095288095,-0.048838895,-0.02287043339905903,-0.04162250325343031
XGB,LTC,1,2022-07-01,2023-07-01,2023-03-08,3094,4.416229142924248,-0.11610999297478486,-0.060968522,-0.0798780068893219,-0.07592271093486236
XGB,LTC,1,2022-07-01,2023-07-01,2023-03-09,3095,4.340306431989386,-0.10447857464804322,-0.081522584,0.02981904805411162,-0.06694835266595245
XGB,LTC,1,2022-07-01,2023-07-01,2023-03-10,3096,4.273358079323433,-0.08168381833317806,-0.0938938,0.17518542298746898,-0.029057982373590363
XGB,LTC,1,2022-07-01,2023-07-01,2023-03-11,3097,4.244300096949843,-0.05602044812876539,-0.10700727,0.174344609252711,0.09052805697513033
XGB,LTC,1,2022-07-01,2023-07-01,2023-03-12,3098,4.334828153924973,-0.03980820375524896,-0.029564388,0.10116683624088285,0.06906133308176265
XGB,LTC,1,2022-07-01,2023-07-01,2023-03-13,3099,4.403889487006736,-0.03772090820045548,0.04093549,-0.04175243371155446,0.03109172577188346
XGB,LTC,1,2022-07-01,2023-07-01,2023-03-14,3100,4.434981212778619,-0.033091943846411453,0.037660405,-0.019334234584155396,-0.09863007674369317
XGB,LTC,1,2022-07-01,2023-07-01,2023-03-15,3101,4.336351136034926,-0.014089885950901326,-0.009788891,0.13365075052607,0.033774344008571155
XGB,LTC,1,2022-07-01,2023-07-01,2023-03-16,3102,4.370125480043497,0.008545592399742397,-0.010649471,0.16998342449374082,0.07841802226740491
XGB,LTC,1,2022-07-01,2023-07-01,2023-03-17,3103,4.448543502310902,0.025740827367653374,0.038163044,0.09166041807520564,-0.029898796108348336
XGB,LTC,1,2022-07-01,2023-07-01,2023-03-18,3104,4.418644706202554,0.041991648193813624,0.020960191,0.09858071722055506,0.017350283963302182
XGB,LTC,1,2022-07-01,2023-07-01,2023-03-19,3105,4.435994990165856,0.05801725805945246,0.011664799,0.10223584578120715,-0.07385793687067466
XGB,LTC,1,2022-07-01,2023-07-01,2023-03-20,3106,4.362137053295181,0.07391889546040531,-0.032020874,0.12926931855139756,0.053509924899282524
XGB,LTC,1,2022-07-01,2023-07-01,2023-03-21,3107,4.415646978194464,0.08315480323110869,-0.012381018,0.07455416416237082,0.05435490836653223
XGB,LTC,1,2022-07-01,2023-07-01,2023-03-22,3108,4.470001886560996,0.0890138809196257,0.01780097,0.044605925173849315,0.07010701797624197
XGB,LTC,1,2022-07-01,2023-07-01,2023-03-23,3109,4.540108904537238,0.082904564192809,0.075666204,-0.050799831378429694,9.501584886972836e-05
XGB,LTC,1,2022-07-01,2023-07-01,2023-03-24,3110,4.540203920386108,0.07545065962107778,0.050434962,-0.043910114496619634,-0.022978496962998918
XGB,LTC,1,2022-07-01,2023-07-01,2023-03-25,3111,4.517225423423109,0.07463816120597233,0.05147031,0.014032858365665923,0.02100541252395427
XGB,LTC,1,2022-07-01,2023-07-01,2023-03-26,3112,4.538230835947063,0.06981594519996648,0.056578826,-0.005459573115359717,-0.04682446410048424
XGB,LTC,1,2022-07-01,2023-07-01,2023-03-27,3113,4.491406371846579,0.07153071114493237,0.021988524,0.04159452736512925,-0.0012052294897442195
XGB,LTC,1,2022-07-01,2023-07-01,2023-03-28,3114,4.490201142356835,0.071224186046841,0.008907258,0.03809259669525833,0.024406669378010726
XGB,LTC,1,2022-07-01,2023-07-01,2023-03-29,3115,4.514607811734845,0.06651276796627403,0.024960218,0.013920136053826582,-0.02529873857603704
XGB,LTC,1,2022-07-01,2023-07-01,2023-03-30,3116,4.489309073158808,0.06195701163565204,0.0029248623,0.0207715965431845,0.006984732730679788
XGB,LTC,1,2022-07-01,2023-07-01,2023-03-31,3117,4.496293805889488,0.055489396884176756,0.004793976,0.010583370151033833,0.03496447589928664
XGB,LTC,1,2022-07-01,2023-07-01,2023-04-01,3118,4.531258281788775,0.0424280522227205,0.011847818,-0.03172424012528019,0.0015129810429286294
XGB,LTC,1,2022-07-01,2023-07-01,2023-04-02,3119,4.532771262831703,0.03147176234575966,0.013939287,-0.025471117517051667,0.00022963638000472741
XGB,LTC,1,2022-07-01,2023-07-01,2023-04-03,3120,4.533000899211708,0.027900175532111327,0.010127631,0.0083902427880167,-0.0047071601596151424
XGB,LTC,1,2022-07-01,2023-07-01,2023-04-04,3121,4.528293739052093,0.026509787781386684,0.004350036,0.018312555123064733,0.000234208736578978
XGB,LTC,1,2022-07-01,2023-07-01,2023-04-05,3122,4.528527947788672,0.021313986491547254,0.00013329429,-0.0012743527128051824,-0.01844727808667912
XGB,LTC,1,2022-07-01,2023-07-01,2023-04-06,3123,4.510080669701993,0.023953825755455682,-0.0073615634,0.035970932409524536,-0.0032034936614708798
XGB,LTC,1,2022-07-01,2023-07-01,2023-04-07,3124,4.506877176040522,0.03132440825820382,-0.008158152,0.06216801889697887,-0.007343134377027383
XGB,LTC,1,2022-07-01,2023-07-01,2023-04-08,3125,4.499534041663495,0.040322898730636325,-0.0062372233,0.07381735156757152,0.007766103651157152
XGB,LTC,1,2022-07-01,2023-07-01,2023-04-09,3126,4.507300145314652,0.052537632405662116,-0.012874434,0.1005409548573386,0.034090996685073094
XGB,LTC,1,2022-07-01,2023-07-01,2023-04-10,3127,4.541391141999725,0.05392419275762439,0.0058830027,0.0504374177352922,0.005215152175432891
XGB,LTC,1,2022-07-01,2023-07-01,2023-04-11,3128,4.546606294175158,0.05939518678928124,0.002912569,0.0769087663340775,-0.019352699099290938
XGB,LTC,1,2022-07-01,2023-07-01,2023-04-12,3129,4.527253595075867,0.057117193231685626,-0.0068965848,-0.02255941278161977,0.0187980070356506
XGB,LTC,1,2022-07-01,2023-07-01,2023-04-13,3130,4.546051602111517,0.049622140373227985,0.0070300223,-0.043582642593657184,0.022993592825983455
XGB,LTC,1,2022-07-01,2023-07-01,2023-04-14,3131,4.569045194937501,0.03330735483990033,0.011707922,-0.12032601366913553,0.0043061982935652665
XGB,LTC,1,2022-07-01,2023-07-01,2023-04-15,3132,4.573351393231066,0.01680044899429145,0.007945301,-0.1063114325815171,0.034489706940924236
XGB,LTC,1,2022-07-01,2023-07-01,2023-04-16,3133,4.60784110017199,-0.0064914496289141255,0.017046388,-0.14311386689738548,-0.01601254043697331
XGB,LTC,1,2022-07-01,2023-07-01,2023-04-17,3134,4.591828559735017,-0.024128339739270643,0.0063295625,-0.10987355051420966,0.031686500774218196
XGB,LTC,1,2022-07-01,2023-07-01,2023-04-18,3135,4.623515060509235,-0.041846969526867284,0.011823925,-0.11146565745576265,-0.11882087821498821
XGB,LTC,1,2022-07-01,2023-07-01,2023-04-19,3136,4.504694182294247,-0.05140046083068128,-0.023936285,-0.02447302542472496,-0.002225222776386815
XGB,LTC,1,2022-07-01,2023-07-01,2023-04-20,3137,4.50246895951786,-0.056310314583210896,-0.024080623,-0.00612292224674249,-0.053749778249494895
XGB,LTC,1,2022-07-01,2023-07-01,2023-04-21,3138,4.448719181268365,-0.055580030011006976,-0.048247952,0.0481014070634016,0.018320779381183705
XGB,LTC,1,2022-07-01,2023-07-01,2023-04-22,3139,4.467039960649549,-0.05113523724669644,-0.017328544,0.04478080661655337,-0.0023127273749441457
XGB,LTC,1,2022-07-01,2023-07-01,2023-04-23,3140,4.464727233274605,-0.048975685469231145,-0.027595144,0.018655164574016503,0.017227775946202506
XGB,LTC,1,2022-07-01,2023-07-01,2023-04-24,3141,4.481955009220807,-0.05066914665482436,-0.02074514,-0.0190097266276954,0.03009439383266521
XGB,LTC,1,2022-07-01,2023-07-01,2023-04-25,3142,4.512049403053473,-0.05192598098551571,0.0048087463,-0.031356956534295044,-0.031828246183950526
XGB,LTC,1,2022-07-01,2023-07-01,2023-04-26,3143,4.480221156869522,-0.04653619892697414,-0.012303707,0.007233072663741957,0.016124880401595654
XGB,LTC,1,2022-07-01,2023-07-01,2023-04-27,3144,4.496346037271118,-0.04389544755556507,0.0027193855,-0.013406160326633554,0.0004745510606491976
XGB,LTC,1,2022-07-01,2023-07-01,2023-04-28,3145,4.496820588331767,-0.03996426467500047,-0.0026218477,-0.009998573397515642,0.015000178934335473
XGB,LTC,1,2022-07-01,2023-07-01,2023-04-29,3146,4.511820767266102,-0.04779319644844637,0.001277832,-0.08540125077783767,-0.028438369417481013
XGB,LTC,1,2022-07-01,2023-07-01,2023-04-30,3147,4.483382397848621,-0.05077600074540278,-0.009597097,-0.05766657561066513,-0.020437115255509397
XGB,LTC,1,2022-07-01,2023-07-01,2023-05-01,3148,4.462945282593112,-0.05645972916527242,-0.019842228,-0.10786038948658483,0.017747163926065568
XGB,LTC,1,2022-07-01,2023-07-01,2023-05-02,3149,4.4806924465191775,-0.06295105307860904,-0.018888991,-0.09839605376916616,0.006761783014086475
XGB,LTC,1,2022-07-01,2023-07-01,2023-05-03,3150,4.487454229533264,-0.06929995167341119,-0.016634027,-0.09214153662422042,-0.0045143525887798575
XGB,LTC,1,2022-07-01,2023-07-01,2023-05-04,3151,4.482939876944484,-0.07468391223850723,-0.020263242,-0.08798617925554808,0.0038821379897671093
XGB,LTC,1,2022-07-01,2023-07-01,2023-05-05,3152,4.486822014934251,-0.08165187328905432,-0.021131389,-0.09852587870746632,-0.06040249844598655
XGB,LTC,1,2022-07-01,2023-07-01,2023-05-06,3153,4.426419516488265,-0.07917406318161468,-0.053559016,-0.04057888673079635,-0.0007036942503084731
XGB,LTC,1,2022-07-01,2023-07-01,2023-05-07,3154,4.425715822237956,-0.0691004498492358,-0.047684032,-0.001536505315252512,-0.0706309291314291
XGB,LTC,1,2022-07-01,2023-07-01,2023-05-08,3155,4.355084893106527,-0.046959532267874415,-0.06743897,0.11158806479181393,0.027211499643484238
XGB,LTC,1,2022-07-01,2023-07-01,2023-05-09,3156,4.382296392750011,-0.023616242790327036,-0.049717095,0.11593113132875477,0.013016300159032212
XGB,LTC,1,2022-07-01,2023-07-01,2023-05-10,3157,4.395312692909044,0.002282381603725625,-0.037300255,0.1468083407964791,-0.0003589952201075164
XGB,LTC,1,2022-07-01,2023-07-01,2023-05-11,3158,4.394953697688936,0.021285972289344812,-0.024424588,0.1108701590543939,-0.006657561462151129
XGB,LTC,1,2022-07-01,2023-07-01,2023-05-12,3159,4.388296136226785,0.04273084754481715,-0.03168013,0.1302522508624273,-0.002455506469316582
XGB,LTC,1,2022-07-01,2023-07-01,2023-05-13,3160,4.385840629757468,0.06456100402232146,-0.023258435,0.13997585699602855,0.03833868716523536
XGB,LTC,1,2022-07-01,2023-07-01,2023-05-14,3161,4.424179316922704,0.0777897241087393,-0.008155989,0.10063586694616866,0.04249364097563735
XGB,LTC,1,2022-07-01,2023-07-01,2023-05-15,3162,4.466672957898341,0.08056707226366999,0.012268106,0.043593795386590806,0.03155456618042507
XGB,LTC,1,2022-07-01,2023-07-01,2023-05-16,3163,4.498227524078766,0.07905886935459971,0.021789782,0.019556653097351884,0.04389350962675653
XGB,LTC,1,2022-07-01,2023-07-01,2023-05-17,3164,4.542121033705523,0.06102835043420818,0.044773336,-0.08776947919436662,-0.0362971769621927
XGB,LTC,1,2022-07-01,2023-07-01,2023-05-18,3165,4.50582385674333,0.04968073334266698,0.024055108,-0.04451621799267347,0.012724530345882279
XGB,LTC,1,2022-07-01,2023-07-01,2023-05-19,3166,4.518548387089212,0.03687524766284245,0.023525637,-0.04956378261355798,0.007268099664284655
XGB,LTC,1,2022-07-01,2023-07-01,2023-05-20,3167,4.525816486753497,0.025430149693154824,0.011379255,-0.04111690848598837,-0.001001302884624522
XGB,LTC,1,2022-07-01,2023-07-01,2023-05-21,3168,4.524815183868872,0.019904647429457967,-0.005040003,-0.007602673188570996,-0.014548430583940508
XGB,LTC,1,2022-07-01,2023-07-01,2023-05-22,3169,4.510266753284932,0.01658554738346396,-0.0068218936,0.0005977835892867489,0.007517423891186148
XGB,LTC,1,2022-07-01,2023-07-01,2023-05-23,3170,4.517784177176118,0.014777909274142687,-0.0069351112,0.007542815332463704,-0.06343262266496197
XGB,LTC,1,2022-07-01,2023-07-01,2023-05-24,3171,4.454351554511156,0.019920263537929195,-0.035978016,0.051429243039132544,0.0069560842395004485
XGB,LTC,1,2022-07-01,2023-07-01,2023-05-25,3172,4.4613076387506565,0.030487568100943108,-0.028673645,0.08169280036879734,0.007676965724997764
XGB,LTC,1,2022-07-01,2023-07-01,2023-05-26,3173,4.468984604475654,0.042003108098860764,-0.016247645,0.08927998914585977,0.01571497379185427
XGB,LTC,1,2022-07-01,2023-07-01,2023-05-27,3174,4.4846995782675085,0.05101567532562701,-0.009788584,0.07957708506852157,0.03251293241279285
XGB,LTC,1,2022-07-01,2023-07-01,2023-05-28,3175,4.517212510680301,0.04975737878254982,0.0013921447,0.029161748451022262,-0.006347973806082763
XGB,LTC,1,2022-07-01,2023-07-01,2023-05-29,3176,4.510864536874219,0.04054217208099953,-0.0011092522,-0.03540900958987159,0.014462455634363103
XGB,LTC,1,2022-07-01,2023-07-01,2023-05-30,3177,4.525326992508582,0.033106430752085636,0.011563322,-0.015339125846971058,-0.019546194958293128
XGB,LTC,1,2022-07-01,2023-07-01,2023-05-31,3178,4.505780797550289,0.02664818016247228,-0.0036703586,-0.018849378489709245,0.03721964156916524
XGB,LTC,1,2022-07-01,2023-07-01,2023-06-01,3179,4.543000439119454,0.012712783300985464,0.009647876,-0.06037580750544347,0.015264154502060201
XGB,LTC,1,2022-07-01,2023-07-01,2023-06-02,3180,4.558264593621514,-0.0021447229453279704,0.024292475,-0.0670245066635653,0.006012069714516066
XGB,LTC,1,2022-07-01,2023-07-01,2023-06-03,3181,4.56427666333603,-0.021394903378359587,0.014397746,-0.21591401211332517,-0.017902404204706457
XGB,LTC,1,2022-07-01,2023-07-01,2023-06-04,3182,4.546374259131324,-0.03783187330067772,0.007630047,-0.19353268959396974,-0.07091873184697661
XGB,LTC,1,2022-07-01,2023-07-01,2023-06-05,3183,4.475455527284347,-0.047129993190631936,-0.023711517,-0.1245571936934704,0.03453233937726363
XGB,LTC,1,2022-07-01,2023-07-01,2023-06-06,3184,4.509987866661611,-0.06241192052494515,-0.0036790562,-0.16043503482943677,-0.023056447601031316
XGB,LTC,1,2022-07-01,2023-07-01,2023-06-07,3185,4.486931419060579,-0.07918507055593871,-0.02102953,-0.19423760022500858,-0.004306787446568983
XGB,LTC,1,2022-07-01,2023-07-01,2023-06-08,3186,4.48262463161401,-0.09367403283945386,-0.010662783,-0.17147072551892784,0.008615455343938372
XGB,LTC,1,2022-07-01,2023-07-01,2023-06-09,3187,4.491240086957949,-0.1068640245427055,-0.0095686335,-0.15986056507893576,-0.1428774357352438
XGB,LTC,1,2022-07-01,2023-07-01,2023-06-10,3188,4.348362651222705,-0.11382746577654235,-0.057790693,-0.0056953501493186565,0.004478918314648972
XGB,LTC,1,2022-07-01,2023-07-01,2023-06-11,3189,4.352841569537354,-0.11713824690697994,-0.06915798,-0.006723846829543412,-0.001943235946477273
XGB,LTC,1,2022-07-01,2023-07-01,2023-06-12,3190,4.350898333590877,-0.11610293446957076,-0.08253873,-0.0016269993256372572,-0.0013455017587027385
XGB,LTC,1,2022-07-01,2023-07-01,2023-06-13,3191,4.349552831832174,-0.10524737880643986,-0.06988949,0.036327603973890454,-0.05685901299660312
XGB,LTC,1,2022-07-01,2023-07-01,2023-06-14,3192,4.292693818835571,-0.08045131535893013,-0.0960658,0.1516940843998542,0.01846008725951176
XGB,LTC,1,2022-07-01,2023-07-01,2023-06-15,3193,4.3111539060950825,-0.05376524489258472,-0.0783583,0.14400957962778538,0.02022561578393045
XGB,LTC,1,2022-07-01,2023-07-01,2023-06-16,3194,4.331379521879013,-0.02312326091341088,-0.04758324,0.18177906935841026,0.011287779194373293
XGB,LTC,1,2022-07-01,2023-07-01,2023-06-17,3195,4.342667301073386,0.003929237193667667,-0.028498089,0.15429416345670433,0.0034504216344242167
XGB,LTC,1,2022-07-01,2023-07-01,2023-06-18,3196,4.3461177227078105,0.02716658100714131,-0.030875081,0.13434113779705115,0.0031536115574288814
XGB,LTC,1,2022-07-01,2023-07-01,2023-06-19,3197,4.349271334265239,0.046671969710307515,-0.04388639,0.11980077862091587,0.03660910154082497
XGB,LTC,1,2022-07-01,2023-07-01,2023-06-20,3198,4.385880435806064,0.05974952405406775,-0.027463345,0.09143678480786477,0.05850746742936064
XGB,LTC,1,2022-07-01,2023-07-01,2023-06-21,3199,4.444387903235425,0.05344033989975028,0.017460987,-0.024810824565534517,0.010775582487442925
XGB,LTC,1,2022-07-01,2023-07-01,2023-06-22,3200,4.455163485722868,0.04780479203781507,0.01125681,-0.01515252024282887,0.057995105514555334
XGB,LTC,1,2022-07-01,2023-07-01,2023-06-23,3201,4.513158591237423,0.04211507585948926,0.041341525,0.17050228925451894,-0.016197126707332643
XGB,LTC,1,2022-07-01,2023-07-01,2023-06-24,3202,4.496961464530091,0.0399461751580672,0.033393633,0.1780071562497625,-0.016502604025228962
XGB,LTC,1,2022-07-01,2023-07-01,2023-06-25,3203,4.480458860504862,0.04449208054876408,0.01083815,0.24885005672119132,-0.011386747618706394
XGB,LTC,2,2023-07-01,2024-07-01,2023-07-01,3209,4.674968620779853,0.08443832468566459,0.055934012,-0.09127972703278342,0.054340296446199865
XGB,LTC,2,2023-07-01,2024-07-01,2023-07-02,3210,4.729308917226053,0.0780231341184292,0.08756241,-0.17354380763273713,-0.05698703120648041
XGB,LTC,2,2023-07-01,2024-07-01,2023-07-03,3211,4.6723218860195725,0.07397302430288821,0.031945102,-0.10038437755297203,-0.021117798430419832
XGB,LTC,2,2023-07-01,2024-07-01,2023-07-04,3212,4.651204087589153,0.0685744876543497,0.02078244,-0.07869720654886958,-0.019450466866522298
XGB,LTC,2,2023-07-01,2024-07-01,2023-07-05,3213,4.63175362072263,0.06136449462694582,0.02389057,-0.0644911186865107,-0.07087781874875443
XGB,LTC,2,2023-07-01,2024-07-01,2023-07-06,3214,4.560875801973876,0.06664575391056715,-0.0138341095,0.06338243529927468,0.026562880113830012
XGB,LTC,2,2023-07-01,2024-07-01,2023-07-07,3215,4.587438682087706,0.058578958528635816,0.011940617,-0.031893068960119564,-0.0037497883406363286
XGB,LTC,2,2023-07-01,2024-07-01,2023-07-08,3216,4.58368889374707,0.049255866606683796,0.03619704,-0.03242796641513035,-0.02792378415375385
XGB,LTC,2,2023-07-01,2024-07-01,2023-07-09,3217,4.555765109593316,0.03975983049458076,0.0031479679,-0.024184618598126484,0.0161723988732847
XGB,LTC,2,2023-07-01,2024-07-01,2023-07-10,3218,4.5719375084666005,0.027257530411151087,0.00023357657,-0.04696434020379492,0.0005693725736826138
XGB,LTC,2,2023-07-01,2024-07-01,2023-07-11,3219,4.572506881040283,0.013662415152350782,0.011602217,-0.05613272244351197,-0.005244379004163413
XGB,LTC,2,2023-07-01,2024-07-01,2023-07-12,3220,4.56726250203612,0.0028588815460581785,0.0072280685,-0.04371681124833415,0.05699573523703094
XGB,LTC,2,2023-07-01,2024-07-01,2023-07-13,3221,4.624258237273151,-0.014537685409075962,0.019801361,-0.0983254637381501,-0.06871262414556423
XGB,LTC,2,2023-07-01,2024-07-01,2023-07-14,3222,4.555545613127586,-0.017771684968900026,-0.008384515,-0.011699231696977286,-0.004284685795647114
XGB,LTC,2,2023-07-01,2024-07-01,2023-07-15,3223,4.551260927331939,-0.023569558307615424,-0.022422407,-0.028912575769857618,-0.019680436336749985
XGB,LTC,2,2023-07-01,2024-07-01,2023-07-16,3224,4.531580490995189,-0.0231436425608047,-0.012592791,0.0037986338563875677,-0.006607322732383736
XGB,LTC,2,2023-07-01,2024-07-01,2023-07-17,3225,4.524973168262806,-0.028252726689743213,-0.016925042,-0.034613954591344864,-0.00859900966603444
XGB,LTC,2,2023-07-01,2024-07-01,2023-07-18,3226,4.516374158596771,-0.03055473139672582,-0.028528767,-0.021784727951553506,0.007171532191014407
XGB,LTC,2,2023-07-01,2024-07-01,2023-07-19,3227,4.523545690787786,-0.03129497192117814,-0.024364669,-0.016855061824550432,0.002387082747214997
XGB,LTC,2,2023-07-01,2024-07-01,2023-07-20,3228,4.525932773535001,-0.032360442843009096,-0.023330342,-0.020651800508668217,0.017913607895608585
XGB,LTC,2,2023-07-01,2024-07-01,2023-07-21,3229,4.543846381430609,-0.034101479728436246,-0.0027722998,-0.027173355837638802,-0.021498029868527446
XGB,LTC,2,2023-07-01,2024-07-01,2023-07-22,3230,4.522348351562082,-0.025465914860943073,-0.009114502,0.027288945914662577,0.013030773289495201
XGB,LTC,2,2023-07-01,2024-07-01,2023-07-23,3231,4.535379124851577,-0.02085284678112309,-0.0074124467,0.008883878155569569,-0.04501991118011617
XGB,LTC,2,2023-07-01,2024-07-01,2023-07-24,3232,4.490359213671461,-0.013342668742653885,-0.012840474,0.034068633361515666,0.004230216973756917
XGB,LTC,2,2023-07-01,2024-07-01,2023-07-25,3233,4.494589430645218,-0.0035453625815033973,-0.01155359,0.04679292892599918,0.012101198318017481
XGB,LTC,2,2023-07-01,2024-07-01,2023-07-26,3234,4.506690628963235,-0.006556820875984748,-0.009690186,-0.03517687829441041,-0.0014096559369027872
XGB,LTC,2,2023-07-01,2024-07-01,2023-07-27,3235,4.505280973026332,-0.015211194090246849,-0.0100472635,-0.08996712889041714,0.011392052566638
XGB,LTC,2,2023-07-01,2024-07-01,2023-07-28,3236,4.51667302559297,-0.028450840764746133,-0.0005600594,-0.10899191390235519,0.03296427188377393
XGB,LTC,2,2023-07-01,2024-07-01,2023-07-29,3237,4.549637297476744,-0.04635534674949948,0.010728957,-0.12952531965564607,-0.005374294469597807
XGB,LTC,2,2023-07-01,2024-07-01,2023-07-30,3238,4.5442630030071465,-0.06371922857986867,0.011601281,-0.13180776758677393,-0.01983515597417007
XGB,LTC,2,2023-07-01,2024-07-01,2023-07-31,3239,4.524427847032976,-0.0762614466206033,0.00053904584,-0.11351593094917511,0.01695451253824043
XGB,LTC,2,2023-07-01,2024-07-01,2023-08-01,3240,4.541382359571217,-0.08708772634033757,0.006552864,-0.11107886005181555,-0.0698686089023921
XGB,LTC,2,2023-07-01,2024-07-01,2023-08-02,3241,4.471513750668825,-0.08646069322591643,-0.028154332,-0.0402540908894542,-0.056199906532909516
XGB,LTC,2,2023-07-01,2024-07-01,2023-08-03,3242,4.415313844135915,-0.08143440432007232,-0.06726679,0.003929937240455317,-0.00763273244530005
XGB,LTC,2,2023-07-01,2024-07-01,2023-08-04,3243,4.407681111690615,-0.07192306729194797,-0.060079705,0.017115996402956135,0.012430866130483054
XGB,LTC,2,2023-07-01,2024-07-01,2023-08-05,3244,4.420111977821098,-0.063012217087695,-0.043344595,0.004117990585760012,-0.007656742400725669
XGB,LTC,2,2023-07-01,2024-07-01,2023-08-06,3245,4.4124552354203725,-0.05599927817711503,-0.040590286,-0.00600389021983716,-0.0015433193365712583
XGB,LTC,2,2023-07-01,2024-07-01,2023-08-07,3246,4.410911916083801,-0.047919672080669606,-0.03276967,-0.003356669249448885,0.01939158343559999
XGB,LTC,2,2023-07-01,2024-07-01,2023-08-08,3247,4.430303499519401,-0.0505132436167024,-0.014489302,-0.05739644326622262,0.000956160259969252
XGB,LTC,2,2023-07-01,2024-07-01,2023-08-09,3248,4.4312596597793705,-0.05987998956956542,-0.011630163,-0.12074434717826588,-0.012015878403000002
XGB,LTC,2,2023-07-01,2024-07-01,2023-08-10,3249,4.4192437813763705,-0.06907290201890603,-0.021838374,-0.24353796539211192,0.005553326717200768
XGB,LTC,2,2023-07-01,2024-07-01,2023-08-11,3250,4.424797108093571,-0.08405747202213298,-0.02497867,-0.26461929669725315,-0.0005671396867130696
XGB,LTC,2,2023-07-01,2024-07-01,2023-08-12,3251,4.424229968406858,-0.10234834513975688,-0.019720796,-0.2637252852831171,-0.01777862320632284
XGB,LTC,2,2023-07-01,2024-07-01,2023-08-13,3252,4.406451345200535,-0.11762056301125856,-0.026589071,-0.2281868312196078,0.0011039016338170171
XGB,LTC,2,2023-07-01,2024-07-01,2023-08-14,3253,4.407555246834352,-0.13197295441862789,-0.027229737,-0.20347943212660002,-0.03464819058117374
XGB,LTC,2,2023-07-01,2024-07-01,2023-08-15,3254,4.372907056253179,-0.14374914367520297,-0.038253613,-0.20206009879674003,-0.062391743652074005
XGB,LTC,2,2023-07-01,2024-07-01,2023-08-16,3255,4.310515312601105,-0.1475285619028206,-0.05985682,-0.1267753190420402,-0.13480949661684605
XGB,LTC,2,2023-07-01,2024-07-01,2023-08-17,3256,4.175705815984259,-0.15026938190468453,-0.1047446,-0.003177619850678326,-0.015528004587940458
XGB,LTC,2,2023-07-01,2024-07-01,2023-08-18,3257,4.160177811396318,-0.14705220822404996,-0.10546606,0.015929756221065183,0.00032687172742296156
XGB,LTC,2,2023-07-01,2024-07-01,2023-08-19,3258,4.160504683123741,-0.13936681798704242,-0.11058203,0.014047485472532983,0.017759830857186465
XGB,LTC,2,2023-07-01,2024-07-01,2023-08-20,3259,4.178264513980928,-0.12828649923960622,-0.080467634,0.001754731234697715,0.025811300726824804
XGB,LTC,2,2023-07-01,2024-07-01,2023-08-21,3260,4.204075814707752,-0.1167803599284456,-0.06619604,-0.021376976302420303,-0.03322885725131375
XGB,LTC,2,2023-07-01,2024-07-01,2023-08-22,3261,4.170846957456439,-0.09321101664760967,-0.0751585,0.06169994483193619,0.012893036102625821
XGB,LTC,2,2023-07-01,2024-07-01,2023-08-23,3262,4.1837399935590645,-0.07391649454195104,-0.036743768,0.030748232726108604,-0.011211797425484171
XGB,LTC,2,2023-07-01,2024-07-01,2023-08-24,3263,4.17252819613358,-0.06373064033688625,-0.04284481,-0.014405122310312102,0.003579371483803051
XGB,LTC,2,2023-07-01,2024-07-01,2023-08-25,3264,4.176107567617383,-0.05679834736667644,-0.03911807,-0.03285453205867128,-0.0015553990211092383
XGB,LTC,2,2023-07-01,2024-07-01,2023-08-26,3265,4.174552168596274,-0.04641482020866494,-0.041964322,-0.006947373952143288,0.005467076619351197
XGB,LTC,2,2023-07-01,2024-07-01,2023-08-27,3266,4.180019245215625,-0.03964210417301661,-0.040092796,-0.02210353615917704,0.002679593189706786
XGB,LTC,2,2023-07-01,2024-07-01,2023-08-28,3267,4.182698838405332,-0.034892687288850865,-0.044105142,-0.028377914189040787,0.04984806388304275
XGB,LTC,2,2023-07-01,2024-07-01,2023-08-29,3268,4.232546902288375,-0.039537127683040296,-0.01147148,-0.08745164917037673,-0.018058676003201768
XGB,LTC,2,2023-07-01,2024-07-01,2023-08-30,3269,4.214488226285173,-0.041963485423781144,-0.018300427,-0.07384032069530821,-0.05636515246190488
XGB,LTC,2,2023-07-01,2024-07-01,2023-08-31,3270,4.158123073823268,-0.031606549506824066,-0.036688454,-0.00515796941325064,-0.014870038264556129
XGB,LTC,2,2023-07-01,2024-07-01,2023-09-01,3271,4.143253035558712,-0.023562869724995217,-0.0477355,-0.0068555472704119325,0.024351759085418756
XGB,LTC,2,2023-07-01,2024-07-01,2023-09-02,3272,4.167604794644131,-0.018468647671142868,-0.018663384,-0.023177116594403913,-0.009689085587682555
XGB,LTC,2,2023-07-01,2024-07-01,2023-09-03,3273,4.157915709056448,-0.01972066660525318,-0.030586274,-0.045051554277159234,-0.0035947848401569615
XGB,LTC,2,2023-07-01,2024-07-01,2023-09-04,3274,4.154320924216291,-0.027497058862814505,-0.024099387,-0.07954732667310171,-0.009225671098293198
XGB,LTC,2,2023-07-01,2024-07-01,2023-09-05,3275,4.145095253117998,-0.029906661277740554,-0.030694678,-0.05053753561623786,-0.00444734752813325
XGB,LTC,2,2023-07-01,2024-07-01,2023-09-06,3276,4.140647905589865,-0.026275750376107077,-0.02429286,-0.013456732389892423,0.012317198820152697
XGB,LTC,2,2023-07-01,2024-07-01,2023-09-07,3277,4.1529651044100175,-0.023019138780428605,-0.0054941475,-0.012874108174720789,-0.01656761612171742
XGB,LTC,2,2023-07-01,2024-07-01,2023-09-08,3278,4.1363974882883,-0.011217834122946968,-0.02374539,0.05318951166799657,0.008030189761426776
XGB,LTC,2,2023-07-01,2024-07-01,2023-09-09,3279,4.144427678049727,-0.0026337868109971296,-0.018910592,0.03516943264861627,-0.03156352327043788
XGB,LTC,2,2023-07-01,2024-07-01,2023-09-10,3280,4.112864154779289,0.007402536123287007,-0.023307402,0.03940692986556371,-0.03809055723609944
XGB,LTC,2,2023-07-01,2024-07-01,2023-09-11,3281,4.07477359754319,0.028209580154046954,-0.033346117,0.11328289697418548,0.019784119958570656
XGB,LTC,2,2023-07-01,2024-07-01,2023-09-12,3282,4.09455771750176,0.04749041408334165,-0.020834344,0.11511109923579621,0.03263345569821219
XGB,LTC,2,2023-07-01,2024-07-01,2023-09-13,3283,4.127191173199972,0.051664300199524504,-0.0050083306,0.0404711705755636,0.012899823035324331
XGB,LTC,2,2023-07-01,2024-07-01,2023-09-14,3284,4.140090996235297,0.0529316021501991,0.002689969,0.029530885417087482,0.04949600372099994
XGB,LTC,2,2023-07-01,2024-07-01,2023-09-15,3285,4.189586999956297,0.0473221361941496,0.033024717,-0.02547692237634447,-0.009989889257953521
XGB,LTC,2,2023-07-01,2024-07-01,2023-09-16,3286,4.179597110698343,0.04407263708924525,0.011051955,-0.00397382144828029,-0.027326026053490438
XGB,LTC,2,2023-07-01,2024-07-01,2023-09-17,3287,4.152271084644853,0.04045023894782318,0.0007474239,0.00014015031023717484,0.03578540987252232
XGB,LTC,2,2023-07-01,2024-07-01,2023-09-18,3288,4.188056494517375,0.03375159156046248,0.017621802,-0.02391783768386002,0.02161232222018139
XGB,LTC,2,2023-07-01,2024-07-01,2023-09-19,3289,4.209668816737556,0.021268928537295118,0.021553572,-0.05456614216457911,-0.042006472962020425
XGB,LTC,2,2023-07-01,2024-07-01,2023-09-20,3290,4.167662343775536,0.016196558183673382,0.0057365177,-0.016830135168058646,0.0019595378768482163
XGB,LTC,2,2023-07-01,2024-07-01,2023-09-21,3291,4.169621881652384,0.01630388435102148,0.0035296266,0.008432620001825875,-0.005511804072432014
XGB,LTC,2,2023-07-01,2024-07-01,2023-09-22,3292,4.164110077579952,0.018267820438019555,-0.003718684,0.019954756906995108,0.011513211670110657
XGB,LTC,2,2023-07-01,2024-07-01,2023-09-23,3293,4.175623289250063,0.019017105846488747,0.0030552517,0.015086180335579513,-0.023212054294972972
XGB,LTC,2,2023-07-01,2024-07-01,2023-09-24,3294,4.15241123495509,0.029702323566640487,-0.017051963,0.07052169323785318,0.011727421878425126
XGB,LTC,2,2023-07-01,2024-07-01,2023-09-25,3295,4.164138656833515,0.0303491969627272,-0.005925692,0.025684611252605016,-0.0090359822605377
XGB,LTC,2,2023-07-01,2024-07-01,2023-09-26,3296,4.155102674572977,0.031190695617287822,-0.0044888654,0.026848455756723233,-0.004270465965499959
XGB,LTC,2,2023-07-01,2024-07-01,2023-09-27,3297,4.150832208607477,0.029549771152678872,-0.0065454077,0.015089553067785033,0.027222293046732737
XGB,LTC,2,2023-07-01,2024-07-01,2023-09-28,3298,4.17805450165421,0.023365709340201768,0.0014195233,-0.005842447388161531,0.00601033283273722
XGB,LTC,2,2023-07-01,2024-07-01,2023-09-29,3299,4.184064834486947,0.018593683566523467,-0.00097282015,-0.001508135186912618,0.006644635098695062
XGB,LTC,2,2023-07-01,2024-07-01,2023-09-30,3300,4.190709469585642,0.012620957811805056,0.00055242126,-0.00887856502890294,0.03222345860730069
XGB,LTC,2,2023-07-01,2024-07-01,2023-10-01,3301,4.222932928192943,0.001226117465236598,0.012807203,-0.042952900357158263,-0.033109660106823036
XGB,LTC,2,2023-07-01,2024-07-01,2023-10-02,3302,4.18982326808612,-0.008698380215797386,-0.0077171465,-0.044927279635623485,-0.007872137756419484
XGB,LTC,2,2023-07-01,2024-07-01,2023-10-03,3303,4.181951130329701,-0.014800031458684693,-0.009652827,-0.029006411993549364,-0.01602936865443816
XGB,LTC,2,2023-07-01,2024-07-01,2023-10-04,3304,4.165921761675262,-0.02214700004383552,-0.014619595,-0.04688750216413684,0.006290292590786173
XGB,LTC,2,2023-07-01,2024-07-01,2023-10-05,3305,4.172212054266049,-0.03165226144343691,-0.009271391,-0.05924505032781724,0.010344645033986133
XGB,LTC,2,2023-07-01,2024-07-01,2023-10-06,3306,4.182556699300035,-0.04102900124371445,-0.009154133,-0.06231604517540834,-0.0007257947432952605
XGB,LTC,2,2023-07-01,2024-07-01,2023-10-07,3307,4.1818309045567394,-0.0486461718347595,-0.003907138,-0.06011184436852002,-0.0018508767209546306
XGB,LTC,2,2023-07-01,2024-07-01,2023-10-08,3308,4.179980027835785,-0.0545061624128218,-0.0096370885,-0.058402454837782614,-0.03508403938528826
XGB,LTC,2,2023-07-01,2024-07-01,2023-10-09,3309,4.144895988450497,-0.046954472247061396,-0.024996487,0.003576246127659388,0.008048729885654637
XGB,LTC,2,2023-07-01,2024-07-01,2023-10-10,3310,4.152944718336151,-0.04491994301300739,-0.012438264,-0.023184595759754068,-0.033910458825025636
XGB,LTC,2,2023-07-01,2024-07-01,2023-10-11,3311,4.119034259511126,-0.04317859320264539,-0.03583157,-0.020084090656651732,-0.006067255572894226
XGB,LTC,2,2023-07-01,2024-07-01,2023-10-12,3312,4.112967003938231,-0.03481423301314024,-0.02991666,0.010720343851287062,0.007273650186395031
XGB,LTC,2,2023-07-01,2024-07-01,2023-10-13,3313,4.120240654124626,-0.023623095421607232,-0.031291865,0.029504240014545324,0.001478406063593063
XGB,LTC,2,2023-07-01,2024-07-01,2023-10-14,3314,4.121719060188219,-0.009758970074686957,-0.030313581,0.048591330476818406,-0.00014148719021722655
XGB,LTC,2,2023-07-01,2024-07-01,2023-10-15,3315,4.121577572998002,0.004752291495918826,-0.026808249,0.05573744187264218,0.026894661580153745
XGB,LTC,2,2023-07-01,2024-07-01,2023-10-16,3316,4.148472234578156,0.016009241656409046,-0.011825118,0.0855052254117874,-0.01871211200175882
XGB,LTC,2,2023-07-01,2024-07-01,2023-10-17,3317,4.129760122576397,0.03246759197819049,-0.027304575,0.10480801967534514,-0.0308099537219233
XGB,LTC,2,2023-07-01,2024-07-01,2023-10-18,3318,4.098950168854474,0.05361047769574423,-0.032675307,0.13072513245973294,0.024737178935044568
XGB,LTC,2,2023-07-01,2024-07-01,2023-10-19,3319,4.123687347789518,0.06921865982013209,-0.013121146,0.1083065699969108,0.026057546349653293
XGB,LTC,2,2023-07-01,2024-07-01,2023-10-20,3320,4.149744894139172,0.07290699380925503,0.002831938,0.05578012143345479,0.020565496525866145
XGB,LTC,2,2023-07-01,2024-07-01,2023-10-21,3321,4.170310390665038,0.073889204898407,0.017783917,0.045997728922922754,0.007004624205606547
XGB,LTC,2,2023-07-01,2024-07-01,2023-10-22,3322,4.177315014870644,0.07503133574639698,0.012223872,0.05390097251052062,0.056662445119298965
XGB,LTC,2,2023-07-01,2024-07-01,2023-10-23,3323,4.233977459989943,0.07241913148902412,0.025650134,0.0037578038979120265,0.0005906822617989249
XGB,LTC,2,2023-07-01,2024-07-01,2023-10-24,3324,4.234568142251742,0.065773160359206,0.02544895,-0.0011928894067292362,-0.004892840937535503
XGB,LTC,2,2023-07-01,2024-07-01,2023-10-25,3325,4.229675301314207,0.061317277588963215,0.01891905,0.017891230285322024,0.0023186164722224234
XGB,LTC,2,2023-07-01,2024-07-01,2023-10-26,3326,4.231993917786429,0.05333369260401444,0.01667459,0.007809308716135277,-0.026468902213802714
XGB,LTC,2,2023-07-01,2024-07-01,2023-10-27,3327,4.2055250155726265,0.0512007318734069,-0.00571287,0.0356742795656837,0.01078310401533411
XGB,LTC,2,2023-07-01,2024-07-01,2023-10-28,3328,4.216308119587961,0.0500886001325469,0.0056375396,0.038908757348397494,0.01490786779320441
XGB,LTC,2,2023-07-01,2024-07-01,2023-10-29,3329,4.231215987381165,0.049515413992417656,0.01696876,0.04075371881569456,0.006519276506690375
XGB,LTC,2,2023-07-01,2024-07-01,2023-10-30,3330,4.237735263887855,0.05350926199878181,0.015619004,0.07283382671796623,-0.004360011042842338
XGB,LTC,2,2023-07-01,2024-07-01,2023-10-31,3331,4.233375252845013,0.05649812877682958,0.010459249,0.06478574898176781,0.014191278754515757
XGB,LTC,2,2023-07-01,2024-07-01,2023-11-01,3332,4.247566531599529,0.055170718659729445,0.012753437,0.04535479811990495,-0.007763305096964324
XGB,LTC,2,2023-07-01,2024-07-01,2023-11-02,3333,4.2398032265025645,0.05748494842235363,0.0029776788,0.06090776859840297,0.0013960686357457064
XGB,LTC,2,2023-07-01,2024-07-01,2023-11-03,3334,4.24119929513831,0.05768485154589076,0.00033367105,0.05342952841501436,0.014017581798047907
XGB,LTC,2,2023-07-01,2024-07-01,2023-11-04,3335,4.255216876936358,0.06002741776478615,0.0069932756,0.06459265704202721,0.01675282926050148
XGB,LTC,2,2023-07-01,2024-07-01,2023-11-05,3336,4.27196970619686,0.05743408677173001,0.014775774,0.04406766884085389,0.038599384408962045
XGB,LTC,2,2023-07-01,2024-07-01,2023-11-06,3337,4.310569090605822,0.04245369463393622,0.029362474,-0.04098987683448119,-0.01240808877904076
XGB,LTC,2,2023-07-01,2024-07-01,2023-11-07,3338,4.298161001826781,0.02748553198733461,0.014181701,-0.040631526834705944,-0.005239672107347104
XGB,LTC,2,2023-07-01,2024-07-01,2023-11-08,3339,4.292921329719434,0.023495737129819005,0.0050699045,0.012228610846946708,0.007789665381533695
XGB,LTC,2,2023-07-01,2024-07-01,2023-11-09,3340,4.300710995100967,0.013805329383590248,0.004356841,-0.0355124017009798,-0.006082171547642901
XGB,LTC,2,2023-07-01,2024-07-01,2023-11-10,3341,4.2946288235533245,0.003858964353033123,-0.0020787765,-0.043532183790647494,0.02518071042506076
XGB,LTC,2,2023-07-01,2024-07-01,2023-11-11,3342,4.319809533978385,-0.012415618438980758,0.0039310404,-0.0728324944222889,-0.0037721589406718437
XGB,LTC,2,2023-07-01,2024-07-01,2023-11-12,3343,4.3160373750377135,-0.024743653217666584,0.0020371897,-0.05843639923274502,-0.04645816126637303
XGB,LTC,2,2023-07-01,2024-07-01,2023-11-13,3344,4.26957921377134,-0.03222845494528581,-0.022718126,-0.02799726581915607,-0.012049738779265518
XGB,LTC,2,2023-07-01,2024-07-01,2023-11-14,3345,4.257529474992075,-0.0407089016191966,-0.023738975,-0.06096860191529885,0.04762046557430555
XGB,LTC,2,2023-07-01,2024-07-01,2023-11-15,3346,4.3051499405663805,-0.05126545639421831,0.0014618897,-0.07531938664988136,-0.039951347166392814
XGB,LTC,2,2023-07-01,2024-07-01,2023-11-16,3347,4.265198593399988,-0.054192625439752895,-0.015398212,-0.023692703323163755,-0.014101953637310594
XGB,LTC,2,2023-07-01,2024-07-01,2023-11-17,3348,4.251096639762677,-0.05021322518093285,-0.021300506,0.007857351040012617,-0.0041196002065806425
XGB,LTC,2,2023-07-01,2024-07-01,2023-11-18,3349,4.246977039556096,-0.041073636652283696,-0.023758354,0.02737204156138784,0.010623936248872035
XGB,LTC,2,2023-07-01,2024-07-01,2023-11-19,3350,4.257600975804968,-0.03808010076419954,-0.012579092,-0.008263367524033782,-0.016019027852784085
XGB,LTC,2,2023-07-01,2024-07-01,2023-11-20,3351,4.241581947952184,-0.03401959797713072,-0.026425017,-0.003969531635933166,-0.045021074875408296
XGB,LTC,2,2023-07-01,2024-07-01,2023-11-21,3352,4.196560873076776,-0.023315807091988106,-0.040489815,0.04817375359613951,0.03326968083972304
XGB,LTC,2,2023-07-01,2024-07-01,2023-11-22,3353,4.229830553916499,-0.017660934640677084,-0.012437085,0.018512524631358218,0.01167533616032479
XGB,LTC,2,2023-07-01,2024-07-01,2023-11-23,3354,4.241505890076824,-0.015421625489104862,-0.0052185743,-0.0009624725953791824,0.01744810072586578
XGB,LTC,2,2023-07-01,2024-07-01,2023-11-24,3355,4.25895399080269,-0.010205112692030838,0.013040602,0.011372179412041383,0.01539509031479458
XGB,LTC,2,2023-07-01,2024-07-01,2023-11-25,3356,4.274349081117484,-0.006166311889548304,0.018670116,0.0060908030903288335,-0.025011472836549586
XGB,LTC,2,2023-07-01,2024-07-01,2023-11-26,3357,4.249337608280935,0.002248914962382109,0.0036309895,0.03088373315233195,-0.011725191964683468
XGB,LTC,2,2023-07-01,2024-07-01,2023-11-27,3358,4.237612416316251,0.013782395846077655,-0.0057538664,0.050401061968600835,0.007122210356664382
XGB,LTC,2,2023-07-01,2024-07-01,2023-11-28,3359,4.244734626672916,0.026377010454293526,-0.012516572,0.06325786218601515,0.0036084518749417427
XGB,LTC,2,2023-07-01,2024-07-01,2023-11-29,3360,4.248343078547857,0.030540026191461678,-0.016847173,0.034074397888564256,-0.007799661066412611
XGB,LTC,2,2023-07-01,2024-07-01,2023-11-30,3361,4.240543417481445,0.040008268535365765,-0.013567154,0.06431141852745625,0.029782752733286344
XGB,LTC,2,2023-07-01,2024-07-01,2023-12-01,3362,4.270326170214731,0.047965194441450976,-0.0028223305,0.09148201166008008,0.01011371399308203
XGB,LTC,2,2023-07-01,2024-07-01,2023-12-02,3363,4.280439884207813,0.05005536887890205,0.0050870506,0.05393877413712289,-0.00021854277454647075
XGB,LTC,2,2023-07-01,2024-07-01,2023-12-03,3364,4.280221341433267,0.054127679262234274,0.013084298,0.06542503223215501,0.007792136851585418
XGB,LTC,2,2023-07-01,2024-07-01,2023-12-04,3365,4.288013478284852,0.04793607486931428,0.005499161,-0.0023497757746868686,0.019979010574078693
XGB,LTC,2,2023-07-01,2024-07-01,2023-12-05,3366,4.307992488858931,0.03717894388613985,0.0123459995,-0.02560683047885881,-0.025575012422509147
XGB,LTC,2,2023-07-01,2024-07-01,2023-12-06,3367,4.282417476436422,0.034393374812235145,-0.004164001,0.010748614706998616,0.022437359572479387
XGB,LTC,2,2023-07-01,2024-07-01,2023-12-07,3368,4.304854836008901,0.026474889195450935,0.002822726,-0.0148966567284754,0.056953345865910165
XGB,LTC,2,2023-07-01,2024-07-01,2023-12-08,3369,4.361808181874811,0.008655463993253676,0.026818257,-0.09974991755203888,-0.027429523529875155
XGB,LTC,2,2023-07-01,2024-07-01,2023-12-09,3370,4.334378658344936,-0.0023631925411331522,0.011986311,-0.055867293583011346,0.01126771532048565
XGB,LTC,2,2023-07-01,2024-07-01,2023-12-10,3371,4.345646373665422,-0.01744629451305002,0.016865125,-0.07966391515980398,-0.05998267115525646
XGB,LTC,2,2023-07-01,2024-07-01,2023-12-11,3372,4.285663702510165,-0.024491016148906475,-0.008919128,-0.02576457286251177,-0.0032780441300932495
XGB,LTC,2,2023-07-01,2024-07-01,2023-12-12,3373,4.282385658380072,-0.030136883651445956,-0.018095069,-0.02514936857381045,0.01078043276334828
XGB,LTC,2,2023-07-01,2024-07-01,2023-12-13,3374,4.29316609114342,-0.0382828735851195,-0.005225154,-0.047460774218480495,-0.003207911862994628
XGB,LTC,2,2023-07-01,2024-07-01,2023-12-14,3375,4.2899581792804256,-0.04046541735886233,-0.008541196,-0.028341824912760494,-0.027899914957653316
XGB,LTC,2,2023-07-01,2024-07-01,2023-12-15,3376,4.262058264322772,-0.029979720433214396,-0.026961409,0.03834762105712031,0.01645310043915238
XGB,LTC,2,2023-07-01,2024-07-01,2023-12-16,3377,4.278511364761925,-0.02561440018722383,-0.0070638806,0.005635406026568646,-0.012528906256306982
XGB,LTC,2,2023-07-01,2024-07-01,2023-12-17,3378,4.265982458505618,-0.02245451941379084,-0.014266276,-0.0008448557709153093,-0.006083328857964254
XGB,LTC,2,2023-07-01,2024-07-01,2023-12-18,3379,4.259899129647653,-0.014966339783630822,-0.014852454,0.020583085102480858,-0.0026628398413919285
XGB,LTC,2,2023-07-01,2024-07-01,2023-12-19,3380,4.2572362898062615,-0.004931370397904367,-0.015788088,0.035282950754287334,-0.011530972881321766
XGB,LTC,2,2023-07-01,2024-07-01,2023-12-20,3381,4.24570531692494,0.012276404932444862,-0.028312145,0.08305639215627991,0.015911037442725373
XGB,LTC,2,2023-07-01,2024-07-01,2023-12-21,3382,4.261616354367665,0.026581649822731812,-0.0131533,0.07857642228037598,0.038789531012227485
XGB,LTC,2,2023-07-01,2024-07-01,2023-12-22,3383,4.3004058853798925,0.023523503672892687,0.0119301705,-0.004425489676084027,-0.016259114591399282
XGB,LTC,2,2023-07-01,2024-07-01,2023-12-23,3384,4.284146770788493,0.023126436718706067,-0.0038155282,0.010587581689637027,-0.019009168053790937
XGB,LTC,2,2023-07-01,2024-07-01,2023-12-24,3385,4.265137602734702,0.02477545147764193,-0.0113696745,0.022556910285842946,0.015344612015431913
XGB,LTC,2,2023-07-01,2024-07-01,2023-12-25,3386,4.280482214750134,0.027963242941489774,0.004740045,0.033425175165001875,0.012037025810414548
XGB,LTC,2,2023-07-01,2024-07-01,2023-12-26,3387,4.292519240560549,0.023752992257016103,0.010456279,-0.0022779402769366186,0.03624246852067081
XGB,LTC,2,2023-07-01,2024-07-01,2023-12-27,3388,4.32876170908122,0.007729933255633981,0.026140656,-0.1497445066287968,0.01143106756682144
XGB,LTC,2,2023-07-01,2024-07-01,2023-12-28,3389,4.340192776648041,-0.01061260912686901,0.030184288,-0.14312025024849095,-0.04421238094423252
XGB,LTC,2,2023-07-01,2024-07-01,2023-12-29,3390,4.2959803957038085,-0.021662089085437763,0.018965928,-0.1060052704352632,-0.0012460432256782283
XGB,LTC,2,2023-07-01,2024-07-01,2023-12-30,3391,4.29473435247813,-0.03417332612651336,0.012079418,-0.10999959075461962,-0.007039839457585018
XGB,LTC,2,2023-07-01,2024-07-01,2023-12-31,3392,4.287694513020545,-0.04845695685198681,0.0038115147,-0.12479654421600017,0.026212876894590842
XGB,LTC,2,2023-07-01,2024-07-01,2024-01-01,3393,4.313907389915136,-0.059261452577653806,0.007184523,-0.09724860564746596,-0.023666089631523946
XGB,LTC,2,2023-07-01,2024-07-01,2024-01-02,3394,4.290241300283612,-0.06671525575706205,-0.0126706455,-0.08630587174973847,-0.11122409783118936
XGB,LTC,2,2023-07-01,2024-07-01,2024-01-03,3395,4.179017202452423,-0.06117948223464342,-0.061872292,0.06790733123372839,0.018055323947127278
XGB,LTC,2,2023-07-01,2024-07-01,2024-01-04,3396,4.19707252639955,-0.050470378113308456,-0.041613143,0.07937793300432183,-0.007097401131004766
XGB,LTC,2,2023-07-01,2024-07-01,2024-01-05,3397,4.189975125268545,-0.034886712315499224,-0.038712025,0.09911646503013127,-0.005240363545034654
XGB,LTC,2,2023-07-01,2024-07-01,2024-01-06,3398,4.184734761723511,-0.019187329253488983,-0.048710916,0.09175787948436653,-0.021836792918965564
XGB,LTC,2,2023-07-01,2024-07-01,2024-01-07,3399,4.162897968804545,-0.005504214289490328,-0.058373965,0.0829594763752981,0.053760815463125056
XGB,LTC,2,2023-07-01,2024-07-01,2024-01-08,3400,4.21665878426767,-0.001279679328791694,-0.02555887,0.021145443929419194,-0.01272335573379646
XGB,LTC,2,2023-07-01,2024-07-01,2024-01-09,3401,4.203935428533874,0.005474221954204772,-0.038323157,0.037026583446062133,0.042989105152277496
XGB,LTC,2,2023-07-01,2024-07-01,2024-01-10,3402,4.246924533686151,0.005639386963548709,-0.012973064,-0.007237303600912348,0.029525925717720725
XGB,LTC,2,2023-07-01,2024-07-01,2024-01-11,3403,4.276450459403872,-0.0026138455867377175,9.90133e-05,-0.05705046912807177,0.012641130894804675
XGB,LTC,2,2023-07-01,2024-07-01,2024-01-12,3404,4.289091590298677,-0.004708092535769204,0.02146296,-0.023820970534436547,-0.012598949090799394
XGB,LTC,2,2023-07-01,2024-07-01,2024-01-13,3405,4.276492641207877,-0.004518053766267904,0.0061028665,-0.009632546042721124,-0.030635196028033995
XGB,LTC,2,2023-07-01,2024-07-01,2024-01-14,3406,4.245857445179843,0.0018154268085588399,-0.012367331,0.025238779588621973,-0.008053216982753852
XGB,LTC,2,2023-07-01,2024-07-01,2024-01-15,3407,4.237804228197089,-0.0012420791722043134,-0.010554556,-0.02881820178159611,0.0031577837828464794
XGB,LTC,2,2023-07-01,2024-07-01,2024-01-16,3408,4.240962011979936,-0.009059167620209863,-0.0145385945,-0.059684192342355225,-0.0012747818946969858
XGB,LTC,2,2023-07-01,2024-07-01,2024-01-17,3409,4.239687230085239,-0.015208428514942973,-0.0059891557,-0.047910994014556785,-0.020287239809438695
XGB,LTC,2,2023-07-01,2024-07-01,2024-01-18,3410,4.2193999902758,-0.0189198346789361,-0.02423784,-0.03736522302116274,0.045870629488439896
XGB,LTC,2,2023-07-01,2024-07-01,2024-01-19,3411,4.26527061976424,-0.026358099513945632,0.0028116647,-0.06006969306717469,0.0015894754009160295
XGB,LTC,2,2023-07-01,2024-07-01,2024-01-20,3412,4.266860095165156,-0.030821468692057152,0.0057972446,-0.046109571299645324,0.004236129603309102
XGB,LTC,2,2023-07-01,2024-07-01,2024-01-21,3413,4.271096224768465,-0.03475669631898093,0.0067512942,-0.045759852355983455,-0.062110198352971935
XGB,LTC,2,2023-07-01,2024-07-01,2024-01-22,3414,4.208986026415493,-0.027784648204127294,-0.026367448,0.017161506222967304,-0.027708206777912636
XGB,LTC,2,2023-07-01,2024-07-01,2024-01-23,3415,4.181277819637581,-0.019915154649397415,-0.0412573,0.03102789461103761,0.010498416433101454
XGB,LTC,2,2023-07-01,2024-07-01,2024-01-24,3416,4.191776236070682,-0.015859878243967174,-0.028166391,0.009223665089923117,-0.009741468816044652
XGB,LTC,2,2023-07-01,2024-07-01,2024-01-25,3417,4.182034767254637,-0.00744716706493076,-0.03219513,0.030338523456830302,0.023166159442427947
XGB,LTC,2,2023-07-01,2024-07-01,2024-01-26,3418,4.205200926697065,-0.0021882141150815215,-0.014082977,0.014358499948506243,0.015549597168445395
XGB,LTC,2,2023-07-01,2024-07-01,2024-01-27,3419,4.220750523865511,0.002310299349419509,-0.0020536433,0.010988510463337597,0.004585848546970972
XGB,LTC,2,2023-07-01,2024-07-01,2024-01-28,3420,4.225336372412482,-0.0011893529388959934,-0.0012234472,-0.021668324656411997,0.0008111602259788242
XGB,LTC,2,2023-07-01,2024-07-01,2024-01-29,3421,4.2261475326384605,-0.0025510212249733044,-0.004774295,-0.012252382494552627,-0.01384181838984233
XGB,LTC,2,2023-07-01,2024-07-01,2024-01-30,3422,4.212305714248618,0.0012595315661734219,-0.015731758,0.011472053974294738,-0.01130581308801304
XGB,LTC,2,2023-07-01,2024-07-01,2024-01-31,3423,4.200999901160605,0.007891483758105444,-0.027539758,0.02665146995661072,0.011373389550862534
XGB,LTC,2,2023-07-01,2024-07-01,2024-02-01,3424,4.212373290711468,0.016427456338304225,-0.012948789,0.04412933547906306,0.007186135934103888
XGB,LTC,2,2023-07-01,2024-07-01,2024-02-02,3425,4.219559426645572,0.02298185455502022,-0.0068876683,0.038561450401750186,0.01217960768327675
XGB,LTC,2,2023-07-01,2024-07-01,2024-02-03,3426,4.231739034328848,0.026483007707652106,0.0015522008,0.02825944094155375,-0.028070986572778622
XGB,LTC,2,2023-07-01,2024-07-01,2024-02-04,3427,4.20366804775607,0.037945331477703625,-0.007115304,0.06658869887222085,0.010227102387838194
XGB,LTC,2,2023-07-01,2024-07-01,2024-02-05,3428,4.213895150143908,0.049418034086023965,-0.0037530656,0.07564426458829221,0.009882618079005034
XGB,LTC,2,2023-07-01,2024-07-01,2024-02-06,3429,4.223777768222913,0.04679561407699229,-0.001450607,0.010344105616236554,0.003873602894302941
XGB,LTC,2,2023-07-01,2024-07-01,2024-02-07,3430,4.227651371117216,0.04455789631792051,-0.00073015457,0.019361034664334476,0.028851255073314874
XGB,LTC,2,2023-07-01,2024-07-01,2024-02-08,3431,4.256502626190531,0.03644667958292569,0.0030516165,-0.01070408424880398,0.0016182508567910148
XGB,LTC,2,2023-07-01,2024-07-01,2024-02-09,3432,4.258120877047322,0.030147042186535522,0.0012454615,-0.0008476372849095526,0.0018775982230803123
XGB,LTC,2,2023-07-01,2024-07-01,2024-02-10,3433,4.259998475270402,0.021921152068536287,0.0024978947,-0.0116514724445409,0.010258271357888482
XGB,LTC,2,2023-07-01,2024-07-01,2024-02-11,3434,4.270256746628291,0.01443420251443861,0.003807937,-0.011383436398636704,0.01928266810390955
XGB,LTC,2,2023-07-01,2024-07-01,2024-02-12,3435,4.2895394147322,0.005827240519069576,0.01617709,-0.022474206252988793,-0.05541754089305062
XGB,LTC,2,2023-07-01,2024-07-01,2024-02-13,3436,4.2341218738391495,0.003457122307016114,-0.021780282,0.009435003477207715,0.012890531942400862
XGB,LTC,2,2023-07-01,2024-07-01,2024-02-14,3437,4.24701240578155,-0.0023465052215696502,-0.01657343,-0.01381122339877372,-0.0012138638398235813
XGB,LTC,2,2023-07-01,2024-07-01,2024-02-15,3438,4.245798541941727,-0.0076107763150652374,-0.010229964,-0.015110646050124465,0.011474697820685442
XGB,LTC,2,2023-07-01,2024-07-01,2024-02-16,3439,4.257273239762412,-0.013831288275949483,0.0021757926,-0.02566023051671351,-0.008926236936551035
XGB,LTC,2,2023-07-01,2024-07-01,2024-02-17,3440,4.248347002825861,-0.011733534010041957,-0.0030194123,0.005662466073349748,0.010526307403792678
XGB,LTC,2,2023-07-01,2024-07-01,2024-02-18,3441,4.258873310229654,-0.01278806456271564,-0.004620481,-0.00920568178901604,0.008191898249557461
XGB,LTC,2,2023-07-01,2024-07-01,2024-02-19,3442,4.267065208479211,-0.009965631078148185,-0.0015864158,0.008737886837903552,-0.023508331162854113
XGB,LTC,2,2023-07-01,2024-07-01,2024-02-20,3443,4.243556877316357,0.002550673762049982,-0.014209854,0.06096422597246498,-0.010355694933580573
XGB,LTC,2,2023-07-01,2024-07-01,2024-02-21,3444,4.233201182382777,0.01851441185976377,-0.025241584,0.07883938090059317,-0.002513286491174327
XGB,LTC,2,2023-07-01,2024-07-01,2024-02-22,3445,4.230687895891602,0.03694684859613151,-0.024013152,0.15059965423365007,0.0009251133540963963
XGB,LTC,2,2023-07-01,2024-07-01,2024-02-23,3446,4.231613009245699,0.05800224050525227,-0.019544894,0.21202733528522621,0.022396459653512224
XGB,LTC,2,2023-07-01,2024-07-01,2024-02-24,3447,4.254009468899211,0.07422928628177772,-0.005931649,0.2937331648256807,-0.00434184045857311
XGB,LTC,2,2023-07-01,2024-07-01,2024-02-25,3448,4.249667628440638,0.09146024111516482,-0.013414829,0.2575407176147806,0.026135466876477054
XGB,LTC,2,2023-07-01,2024-07-01,2024-02-26,3449,4.275803095317115,0.10413158852840176,0.0022536567,0.21210779021685422,0.028718007971707316
XGB,LTC,2,2023-07-01,2024-07-01,2024-02-27,3450,4.304521103288822,0.10562554773640187,0.015152679,0.10270044134528433,0.007519459994547617
XGB,LTC,2,2023-07-01,2024-07-01,2024-02-28,3451,4.31204056328337,0.10923967806890555,0.017266927,0.14032769822179958,0.06924698684188257
XGB,LTC,2,2023-07-01,2024-07-01,2024-02-29,3452,4.381287550125252,0.11324582977687836,0.061746974,0.09727632354134919,0.06235279440567254
XGB,LTC,2,2023-07-01,2024-07-01,2024-03-01,3453,4.443640344530925,0.11464398545576149,0.09357591,0.040838719414008295,0.10410228919396669
XGB,LTC,2,2023-07-01,2024-07-01,2024-03-02,3454,4.547742633724892,0.11718953700725798,0.16139966,-0.03856804304873851,-0.0405342876694732
XGB,LTC,2,2023-07-01,2024-07-01,2024-03-03,3455,4.507208346055418,0.11364483222920718,0.14074573,-0.0354832352677521,-0.019297460521449317
XGB,LTC,2,2023-07-01,2024-07-01,2024-03-04,3456,4.487910885533969,0.11700208872814599,0.10332913,0.15447911177060725,-0.08068934089986257
XGB,LTC,2,2023-07-01,2024-07-01,2024-03-05,3457,4.4072215446341065,0.12391663685886822,0.03525821,0.17302052167913828,0.045146716871062864
XGB,LTC,2,2023-07-01,2024-07-01,2024-03-06,3458,4.452368261505169,0.1275228090430831,0.035949755,0.12565663574834485,0.02619561216143218
XGB,LTC,2,2023-07-01,2024-07-01,2024-03-07,3459,4.478563873666602,0.12523943097850143,0.03472594,0.06596570202732543,0.00591519027833165
XGB,LTC,2,2023-07-01,2024-07-01,2024-03-08,3460,4.484479063944933,0.11655790838833635,0.03681043,0.012141015767735297,0.024695526731219886
XGB,LTC,2,2023-07-01,2024-07-01,2024-03-09,3461,4.509174590676153,0.09809978214132542,0.047145016,-0.07671101763907284,-0.03744947988848679
XGB,LTC,2,2023-07-01,2024-07-01,2024-03-10,3462,4.471725110787666,0.08581636655283376,0.026830262,-0.019035831464851327,0.17066488651691003
XGB,LTC,2,2023-07-01,2024-07-01,2024-03-11,3463,4.642389997304576,0.06562597767911882,0.094836414,-0.17519299116989107,-0.062147930991331535
XGB,LTC,2,2023-07-01,2024-07-01,2024-03-12,3464,4.580242066313245,0.03964977263846503,0.056642953,-0.21604376135675185,-0.0022171690597305727
XGB,LTC,2,2023-07-01,2024-07-01,2024-03-13,3465,4.578024897253514,0.02111342485836243,0.033473127,-0.13785888261254708,-0.03349532155958723
XGB,LTC,2,2023-07-01,2024-07-01,2024-03-14,3466,4.544529575693927,0.00534180468313572,0.02145922,-0.093657823673297,-0.04790949598125849
XGB,LTC,2,2023-07-01,2024-07-01,2024-03-15,3467,4.4966200797126685,-0.00942691596235079,-0.0034255213,-0.07403338667628123,-0.06415650667558825
XGB,LTC,2,2023-07-01,2024-07-01,2024-03-16,3468,4.43246357303708,-0.014689605432670838,-0.03934832,0.015165168492003112,0.020225706285734724
XGB,LTC,2,2023-07-01,2024-07-01,2024-03-17,3469,4.452689279322815,-0.013892155318089294,-0.029862786,0.043678364269394976,0.014507726811870292
XGB,LTC,2,2023-07-01,2024-07-01,2024-03-18,3470,4.467197006134685,-0.012175925477211358,-0.01731337,0.04062533429209836,-0.10299870117819232
XGB,LTC,2,2023-07-01,2024-07-01,2024-03-19,3471,4.364198304956493,0.0056877236441899015,-0.06437592,0.19873705358017713,0.0759677096844742
XGB,LTC,2,2023-07-01,2024-07-01,2024-03-20,3472,4.440166014640967,0.011808107725875594,-0.011435083,0.09967081944129319,0.01070573737966285
XGB,LTC,2,2023-07-01,2024-07-01,2024-03-21,3473,4.45087175202063,0.01840407433477953,0.0028147297,0.09475134114929595,-0.028285058984242717
XGB,LTC,2,2023-07-01,2024-07-01,2024-03-22,3474,4.422586693036387,0.042200033200188614,-0.012106903,0.2711342626744955,0.02504204849269609
XGB,LTC,2,2023-07-01,2024-07-01,2024-03-23,3475,4.447628741529083,0.058051844222439364,-0.010802888,0.1857703667177688,0.04873890206312659
XGB,LTC,2,2023-07-01,2024-07-01,2024-03-24,3476,4.49636764359221,0.0697773528931398,0.008705864,0.15933787824922163,0.011454696834573674
XGB,LTC,2,2023-07-01,2024-07-01,2024-03-25,3477,4.507822340426784,0.07405567930308443,0.027147047,0.09108168736190958,0.05511301810988645
XGB,LTC,2,2023-07-01,2024-07-01,2024-03-26,3478,4.56293535853667,0.0780004706314017,0.044219825,0.10818681507864625,-0.02309852445440974
XGB,LTC,2,2023-07-01,2024-07-01,2024-03-27,3479,4.53983683408226,0.07713121042886328,0.007987872,0.050952796669464284,0.005786259087665613
XGB,LTC,2,2023-07-01,2024-07-01,2024-03-28,3480,4.545623093169926,0.07506177311660966,-0.0010554933,0.04350394103821831,0.1480978625409568
XGB,LTC,2,2023-07-01,2024-07-01,2024-03-29,3481,4.693720955710883,0.0588454873999984,0.06802703,-0.10831021405244279,-0.060321847464030576
XGB,LTC,2,2023-07-01,2024-07-01,2024-03-30,3482,4.633399108246852,0.052021843273545976,0.02315094,-0.013323322291918238,0.02230641359457941
XGB,LTC,2,2023-07-01,2024-07-01,2024-03-31,3483,4.655705521841432,0.041867531166299266,0.050936,-0.03884761748764376,-0.05680149405273838
XGB,LTC,2,2023-07-01,2024-07-01,2024-04-01,3484,4.598904027788693,0.040566039474787985,0.0045063603,0.03884039047248233,0.07221814582662311
XGB,LTC,2,2023-07-01,2024-07-01,2024-04-02,3485,4.671122173615316,0.023872374117662964,0.04987732,-0.09128904534606797,-0.0803325428635917
XGB,LTC,2,2023-07-01,2024-07-01,2024-04-03,3486,4.590789630751725,0.014329945775362063,0.0036600956,-0.019178705679084196,-0.0016625965435803636
XGB,LTC,2,2023-07-01,2024-07-01,2024-04-04,3487,4.589127034208144,0.008857033286457927,0.005540587,0.0028474924863353124,-0.003716292549704292
XGB,LTC,2,2023-07-01,2024-07-01,2024-04-05,3488,4.58541074165844,-0.005029682986860351,0.0068014544,-0.12793381992386355,0.034665044296493974
XGB,LTC,2,2023-07-01,2024-07-01,2024-04-06,3489,4.620075785954934,-0.029072681429863856,0.02544837,-0.2684235345077495,-0.003217881601146111
XGB,LTC,2,2023-07-01,2024-07-01,2024-04-07,3490,4.616857904353788,-0.05119141912494474,0.013223387,-0.23590272437242543,0.020886513907387716
XGB,LTC,2,2023-07-01,2024-07-01,2024-04-08,3491,4.637744418261176,-0.07943080460525032,0.023458268,-0.28009820240727734,-0.057911289991927184
XGB,LTC,2,2023-07-01,2024-07-01,2024-04-09,3492,4.579833128269248,-0.09730851231679694,0.0006029307,-0.1987795239037231,-0.008222203196607936
XGB,LTC,2,2023-07-01,2024-07-01,2024-04-10,3493,4.57161092507264,-0.11345857184658659,0.000223234,-0.18749297286912014,0.020363601621839145
XGB,LTC,2,2023-07-01,2024-07-01,2024-04-11,3494,4.59197452669448,-0.13122939414471446,-0.0015137091,-0.20000517170628118,-0.13449760495990315
XGB,LTC,2,2023-07-01,2024-07-01,2024-04-12,3495,4.457476921734576,-0.13816080831436128,-0.04660033,-0.06414209091186063,-0.10582467028739195
XGB,LTC,2,2023-07-01,2024-07-01,2024-04-13,3496,4.3516522514471845,-0.12914190254724556,-0.10546401,0.09208125467761352,0.02930292853417793
XGB,LTC,2,2023-07-01,2024-07-01,2024-04-14,3497,4.380955179981362,-0.12140274018310393,-0.10028958,0.05183205641275279,-0.023308964127464193
XGB,LTC,2,2023-07-01,2024-07-01,2024-04-15,3498,4.357646215853898,-0.10615677066108908,-0.101679206,0.090493437976356,0.023407388511627047
XGB,LTC,2,2023-07-01,2024-07-01,2024-04-16,3499,4.381053604365525,-0.09219984800189085,-0.0891218,0.06286745392613113,0.0030643478379950295
XGB,LTC,2,2023-07-01,2024-07-01,2024-04-17,3500,4.38411795220352,-0.08088483706754435,-0.0844053,0.03668671941461099,0.007851402784678108
XGB,LTC,2,2023-07-01,2024-07-01,2024-04-18,3501,4.391969354988198,-0.06812863575060124,-0.049276695,0.0364410189802129,0.0013654758345174045
XGB,LTC,2,2023-07-01,2024-07-01,2024-04-19,3502,4.393334830822716,-0.047238375195292726,-0.043969136,0.0839119874295493,0.050398675302082196
XGB,LTC,2,2023-07-01,2024-07-01,2024-04-20,3503,4.443733506124798,-0.043244595544839726,-0.042729054,-0.01431495348497247,-0.0109462697306828
XGB,LTC,2,2023-07-01,2024-07-01,2024-04-21,3504,4.432787236394115,-0.037474270001591314,-0.059958484,-0.002541624497225392,0.015352417436139021
XGB,LTC,2,2023-07-01,2024-07-01,2024-04-22,3505,4.448139653830254,-0.0352300633615954,-0.028905515,-0.023110390032894834,-0.004218595538597825
XGB,LTC,2,2023-07-01,2024-07-01,2024-04-23,3506,4.443921058291656,-0.040196599830339075,-0.022519814,-0.06822296224471014,-0.023116386673525113
XGB,LTC,2,2023-07-01,2024-07-01,2024-04-24,3507,4.420804671618131,-0.03990980063358762,-0.04577035,-0.03758046254425018,0.007605702350280019
XGB,LTC,2,2023-07-01,2024-07-01,2024-04-25,3508,4.428410373968411,-0.040982103933520087,-0.038054906,-0.04485026296064021,0.04883644428385381
XGB,LTC,2,2023-07-01,2024-07-01,2024-04-26,3509,4.477246818252265,-0.04584552419225396,0.0028949385,-0.07137991419909451,-0.04782826561243958
XGB,LTC,2,2023-07-01,2024-07-01,2024-04-27,3510,4.4294185526398255,-0.042842095476986586,-0.026781496,-0.026523258508846403,0.0008270592570642776
XGB,LTC,2,2023-07-01,2024-07-01,2024-04-28,3511,4.43024561189689,-0.04075343437383783,-0.027558291,-0.03117047969285025,-0.005216348099530421
XGB,LTC,2,2023-07-01,2024-07-01,2024-04-29,3512,4.425029263797359,-0.03929880048767931,-0.021876602,-0.0332051433414664,-0.04933116775041313
XGB,LTC,2,2023-07-01,2024-07-01,2024-04-30,3513,4.375698096046946,-0.02997283503396897,-0.051219102,0.016500682742966788,0.007526113026934844
XGB,LTC,2,2023-07-01,2024-07-01,2024-05-01,3514,4.383224209073881,-0.020234220857797247,-0.038485426,0.01905045049417886,0.0003359019338899927
XGB,LTC,2,2023-07-01,2024-07-01,2024-05-02,3515,4.383560111007771,-0.007973109552335877,-0.032142192,0.035957629028830596,0.02230679304539951
XGB,LTC,2,2023-07-01,2024-07-01,2024-05-03,3516,4.405866904053171,-0.008490295470579667,-0.01815534,-0.021007676075591952,-0.002971609922191476
XGB,LTC,2,2023-07-01,2024-07-01,2024-05-04,3517,4.402895294130979,-0.005931926133418308,-0.015980527,-0.0041922523375728105,-0.0038201619269395692
XGB,LTC,2,2023-07-01,2024-07-01,2024-05-05,3518,4.39907513220404,-0.0029019793140117045,-0.014755748,8.859487272161459e-05,-0.007251011748146574
XGB,LTC,2,2023-07-01,2024-07-01,2024-05-06,3519,4.391824120455893,-0.0009503592617372547,-0.012470198,-0.002308830293198838,0.00037465833402006155
XGB,LTC,2,2023-07-01,2024-07-01,2024-05-07,3520,4.392198778789913,-0.004373994495972866,-0.009443456,-0.02615866343314721,0.010075880778146917
XGB,LTC,2,2023-07-01,2024-07-01,2024-05-08,3521,4.40227465956806,-0.001680950137526338,-0.00843149,0.010942006972651797,0.017243080468541727
XGB,LTC,2,2023-07-01,2024-07-01,2024-05-09,3522,4.419517740036602,-0.002385542318549483,0.005310821,-0.0072324585315577394,-0.03465851205902304
XGB,LTC,2,2023-07-01,2024-07-01,2024-05-10,3523,4.384859227977579,0.008233594422485169,-0.013099607,0.04816330121304002,0.013843813815827666
XGB,LTC,2,2023-07-01,2024-07-01,2024-05-11,3524,4.398703041793406,0.01468837367727005,0.0015089323,0.030524581829726394,0.0004606852833548558
XGB,LTC,2,2023-07-01,2024-07-01,2024-05-12,3525,4.399163727076761,0.016011921918034133,3.246119e-05,0.010249623128884444,-0.009648436914067027
XGB,LTC,2,2023-07-01,2024-07-01,2024-05-13,3526,4.389515290162694,0.02667791808809028,-0.016095592,0.09462722787733124,-0.02347517480592831
XGB,LTC,2,2023-07-01,2024-07-01,2024-05-14,3527,4.366040115356766,0.042309696655230766,-0.025580088,0.11371627574265908,0.047176551183945925
XGB,LTC,2,2023-07-01,2024-07-01,2024-05-15,3528,4.413216666540712,0.04481659562895768,-0.0022522004,0.037809795060613105,-0.0009313850356678088
XGB,LTC,2,2023-07-01,2024-07-01,2024-05-16,3529,4.412285281505044,0.046351245509618444,-0.004996035,0.0352435149847965,0.020737247685574722
XGB,LTC,2,2023-07-01,2024-07-01,2024-05-17,3530,4.433022529190619,0.04292647166463581,0.010497849,0.009412298348702386,-0.003794905567485962
XGB,LTC,2,2023-07-01,2024-07-01,2024-05-18,3531,4.429227623623133,0.03983265046244533,0.0035023903,0.013198405730410201,-0.019814273417487094
XGB,LTC,2,2023-07-01,2024-07-01,2024-05-19,3532,4.409413350205646,0.0382653839928464,-0.014592709,0.020211372110187753,0.07472916783437977
XGB,LTC,2,2023-07-01,2024-07-01,2024-05-20,3533,4.484142518040025,0.03200321918972637,0.045081902,-0.03899812386880619,-0.004386126940600477
XGB,LTC,2,2023-07-01,2024-07-01,2024-05-21,3534,4.479756391099425,0.020356621426184773,0.034124345,-0.056110716349255796,-0.02872992949810005
XGB,LTC,2,2023-07-01,2024-07-01,2024-05-22,3535,4.451026461601325,0.013004676482399447,0.01452173,-0.026401426531656114,-0.003497665111484416
XGB,LTC,2,2023-07-01,2024-07-01,2024-05-23,3536,4.4475287964898405,0.008689344540118604,0.013149828,-0.011732159666579811,-0.00509396895051939
XGB,LTC,2,2023-07-01,2024-07-01,2024-05-24,3537,4.442434827539321,0.002286985585057799,0.010524298,-0.020724632981290902,-8.798185778147172e-06
XGB,LTC,2,2023-07-01,2024-07-01,2024-05-25,3538,4.442426029353543,-0.002994798312473179,0.010375252,-0.01836996899749277,-0.012801307037709542
XGB,LTC,2,2023-07-01,2024-07-01,2024-05-26,3539,4.429624722315833,-0.006136071818226618,-0.011941496,-0.010136652916330036,0.01551967185538583
XGB,LTC,2,2023-07-01,2024-07-01,2024-05-27,3540,4.445144394171219,-0.01259328009450833,0.0030054855,-0.028736106744426948,-0.021498719421050083
XGB,LTC,2,2023-07-01,2024-07-01,2024-05-28,3541,4.423645674750169,-0.01119468507613508,-0.01979002,0.0030609811944346532,0.0009793603194996336
XGB,LTC,2,2023-07-01,2024-07-01,2024-05-29,3542,4.424625035069669,-0.005148266048475847,-0.010253779,0.02287482104520233,0.011171601753591887
XGB,LTC,2,2023-07-01,2024-07-01,2024-05-30,3543,4.435796636823261,-0.005466431236397895,-0.00037937064,-0.0028259470529796715,-0.014086442265230481
XGB,LTC,2,2023-07-01,2024-07-01,2024-05-31,3544,4.42171019455803,-0.009834630228050756,-0.012325176,-0.03857562284772875,0.002345865798019986
XGB,LTC,2,2023-07-01,2024-07-01,2024-06-01,3545,4.42405606035605,-0.0156352661804382,-0.014087831,-0.042103147424207954,-0.004567990956546808
XGB,LTC,2,2023-07-01,2024-07-01,2024-06-02,3546,4.419488069399503,-0.01931614222395872,-0.017168302,-0.031106642553885955,-0.003079781972711082
XGB,LTC,2,2023-07-01,2024-07-01,2024-06-03,3547,4.416408287426792,-0.024383600043236697,-0.014316547,-0.03936498093969565,0.010298368517811518
XGB,LTC,2,2023-07-01,2024-07-01,2024-06-04,3548,4.426706655944604,-0.03635828215546422,-0.0104551725,-0.07924620879853084,0.020793200170267312
XGB,LTC,2,2023-07-01,2024-07-01,2024-06-05,3549,4.447499856114871,-0.049057174212364885,0.009120552,-0.08479094091808737,-0.014529166344590116
XGB,LTC,2,2023-07-01,2024-07-01,2024-06-06,3550,4.432970689770281,-0.05507895330265189,-0.012707822,-0.06171129076111992,-0.04983611805997956
XGB,LTC,2,2023-07-01,2024-07-01,2024-06-07,3551,4.383134571710301,-0.056931913109054655,-0.040650968,-0.03231002790063631,-0.0011816587784592159
XGB,LTC,2,2023-07-01,2024-07-01,2024-06-08,3552,4.381952912931842,-0.052276577066624696,-0.035595812,-0.010021736447621166,0.006428513913775191
XGB,LTC,2,2023-07-01,2024-07-01,2024-06-09,3553,4.388381426845617,-0.04874610629785536,-0.029875377,-0.020124952207355662,-0.011338120358520776
XGB,LTC,2,2023-07-01,2024-07-01,2024-06-10,3554,4.377043306487097,-0.04854042821697657,-0.041505214,-0.0381056741145569,-0.02958285934102367
XGB,LTC,2,2023-07-01,2024-07-01,2024-06-11,3555,4.347460447146073,-0.04958032429355619,-0.046179265,-0.06226879196452906,0.015248468050710784
XGB,LTC,2,2023-07-01,2024-07-01,2024-06-12,3556,4.362708915196784,-0.052247690418778525,-0.024988879,-0.06265843601037169,0.00855048381237733
XGB,LTC,2,2023-07-01,2024-07-01,2024-06-13,3557,4.371259399009161,-0.05463390130660617,-0.020569833,-0.0576620028731476,-0.02043485519949595
XGB,LTC,2,2023-07-01,2024-07-01,2024-06-14,3558,4.350824543809665,-0.0542150182965635,-0.02605508,-0.04521507277894976,0.021106632674555925
XGB,LTC,2,2023-07-01,2024-07-01,2024-06-15,3559,4.371931176484221,-0.05705717982775482,-0.01453949,-0.06047122597898902,-0.003674701845959305
XGB,LTC,2,2023-07-01,2024-07-01,2024-06-16,3560,4.368256474638262,-0.06195189490431918,-0.0133948885,-0.0726033256346037,-0.02931884226572201
XGB,LTC,2,2023-07-01,2024-07-01,2024-06-17,3561,4.33893763237254,-0.06782763823131788,-0.028095601,-0.09488338932126084,-0.05374597719099583
XGB,LTC,2,2023-07-01,2024-07-01,2024-06-18,3562,4.285191655181544,-0.06368048719425001,-0.04919079,-0.017386056355656265,0.014858824004868154
XGB,LTC,2,2023-07-01,2024-07-01,2024-06-19,3563,4.300050479186412,-0.061683349189518566,-0.041196454,-0.037883407428500604,0.013546916949601417
XGB,LTC,2,2023-07-01,2024-07-01,2024-06-20,3564,4.3135973961360135,-0.05622300688881676,-0.026053282,-0.02144701850023445,-0.00798792510529811
XGB,LTC,2,2023-07-01,2024-07-01,2024-06-21,3565,4.305609471030715,-0.04996180966302699,-0.017349336,-0.01837252175906201,0.005850479474516668
XGB,LTC,2,2023-07-01,2024-07-01,2024-06-22,3566,4.311459950505232,-0.04042947888754522,-0.020453913,0.0050119201058524965,-0.015806801501573986
XGB,LTC,2,2023-07-01,2024-07-01,2024-06-23,3567,4.295653149003658,-0.0270579428400346,-0.02972514,0.025561330057962017,-0.05159890595237915
XGB,LTC,2,2023-07-01,2024-07-01,2024-06-24,3568,4.244054243051279,-0.009889533098798253,-0.049691692,0.06459825928750895,0.02375135577460874
XGB,LTC,2,2023-07-01,2024-07-01,2024-06-25,3569,4.267805598825888,0.006395800334466628,-0.034551848,0.061135437036124785,-0.0056385270679761845
XGB,LTC,3,2024-07-01,2025-07-01,2024-07-01,3575,4.308652502338788,-0.05694006859387368,-0.008695022,-0.13627754255305202,0.020288533523224572
XGB,LTC,3,2024-07-01,2025-07-01,2024-07-02,3576,4.328941035862012,-0.07412270390063025,0.002589337,-0.1496907785008572,-0.05123309370436857
XGB,LTC,3,2024-07-01,2025-07-01,2024-07-03,3577,4.277707942157644,-0.07729581352074888,-0.026864307,-0.07393890587656582,-0.09847555625758186
XGB,LTC,3,2024-07-01,2025-07-01,2024-07-04,3578,4.179232385900062,-0.07175911947080227,-0.06957977,0.031946343433731705,-0.05391809780252821
XGB,LTC,3,2024-07-01,2025-07-01,2024-07-05,3579,4.125314288097534,-0.057173408452562136,-0.0947903,0.11278028716326371,0.05567101638741967
XGB,LTC,3,2024-07-01,2025-07-01,2024-07-06,3580,4.180985304484953,-0.04459711893492013,-0.0736885,0.06538278140273857,-0.05284729647380537
XGB,LTC,3,2024-07-01,2025-07-01,2024-07-07,3581,4.128138008011148,-0.026632254712263936,-0.09502292,0.11988366349504087,0.04423695177458775
XGB,LTC,3,2024-07-01,2025-07-01,2024-07-08,3582,4.172374959785736,-0.0069102891401851,-0.07550696,0.11060243303596895,0.006875297575419381
XGB,LTC,3,2024-07-01,2025-07-01,2024-07-09,3583,4.179250257361155,0.014023571615620511,-0.056716062,0.11396492479341358,0.024518778919922823
XGB,LTC,3,2024-07-01,2025-07-01,2024-07-10,3584,4.203769036281078,0.026288605739559934,-0.034085628,0.06481518286388077,0.00740969305271566
XGB,LTC,3,2024-07-01,2025-07-01,2024-07-11,3585,4.211178729333794,0.03705751953038039,-0.02697974,0.06005920443047774,0.0269158459270038
XGB,LTC,3,2024-07-01,2025-07-01,2024-07-12,3586,4.2380945752607975,0.04697856082485963,-0.013613366,0.05860158508789848,0.00827351062689452
XGB,LTC,3,2024-07-01,2025-07-01,2024-07-13,3587,4.246368085887692,0.0528904600006328,-0.014819796,0.04509761535251755,0.0016535856184969333
XGB,LTC,3,2024-07-01,2025-07-01,2024-07-14,3588,4.248021671506189,0.059314901458351166,-0.01358273,0.05588834738572945,0.03495572131551583
XGB,LTC,3,2024-07-01,2025-07-01,2024-07-15,3589,4.282977392821705,0.05157999344759823,0.0017957815,-0.015969744500095473,0.010237789332864011
XGB,LTC,3,2024-07-01,2025-07-01,2024-07-16,3590,4.293215182154569,0.04579343264502178,0.016428867,-0.003712904112433968,-0.024630963009609985
XGB,LTC,3,2024-07-01,2025-07-01,2024-07-17,3591,4.268584219144959,0.04043738229288785,-0.0078167645,-0.0024242013487434377,0.0026537146193126304
XGB,LTC,3,2024-07-01,2025-07-01,2024-07-18,3592,4.271237933764271,0.0288709551108699,-0.0006923456,-0.03923858655871104,0.025458226584424537
XGB,LTC,3,2024-07-01,2025-07-01,2024-07-19,3593,4.296696160348696,0.01979847772684451,0.00899246,-0.029335606972479944,-0.005230459108486407
XGB,LTC,3,2024-07-01,2025-07-01,2024-07-20,3594,4.2914657012402095,0.012377967730430761,0.005667139,-0.023687043310807177,0.012444317651708836
XGB,LTC,3,2024-07-01,2025-07-01,2024-07-21,3595,4.303910018891918,0.0026306475119914907,0.011654968,-0.039422750013703656,-0.036902370570309095
XGB,LTC,3,2024-07-01,2025-07-01,2024-07-22,3596,4.267007648321609,0.007703852880812434,-0.0029185067,0.033666312313195945,0.022494629720525516
XGB,LTC,3,2024-07-01,2025-07-01,2024-07-23,3597,4.289502278042135,0.0034062827425396236,0.00443413,-0.01721791781042903,-0.023342260245919455
XGB,LTC,3,2024-07-01,2025-07-01,2024-07-24,3598,4.266160017796215,7.133672569548111e-05,-0.007898295,-0.014948153991674928,-0.03416067059065497
XGB,LTC,3,2024-07-01,2025-07-01,2024-07-25,3599,4.23199934720556,0.0008882349673227097,-0.023612835,0.010279034994267633,0.035361206170655635
XGB,LTC,3,2024-07-01,2025-07-01,2024-07-26,3600,4.267360553376216,-0.011270325445796203,-0.0063548274,-0.09310991766436327,0.0004181045531863603
XGB,LTC,3,2024-07-01,2025-07-01,2024-07-27,3601,4.267778657929402,-0.025052920667081757,-0.008239777,-0.09949884434635248,-0.003291389051187643
XGB,LTC,3,2024-07-01,2025-07-01,2024-07-28,3602,4.264487268878215,-0.0421500575140028,-0.010558631,-0.13098414321037133,0.036186691756590506
XGB,LTC,3,2024-07-01,2025-07-01,2024-07-29,3603,4.300673960634805,-0.06692444022107313,0.004668262,-0.27151917323659536,-0.028389600403099458
XGB,LTC,3,2024-07-01,2025-07-01,2024-07-30,3604,4.272284360231706,-0.08439007756486383,-0.01385109,-0.2073108883525112,-0.021072496427165355
XGB,LTC,3,2024-07-01,2025-07-01,2024-07-31,3605,4.25121186380454,-0.10234392314318175,-0.020119717,-0.22614754280373273,-0.008933481604712412
XGB,LTC,3,2024-07-01,2025-07-01,2024-08-01,3606,4.242278382199828,-0.1081511001756521,-0.017654056,-0.12774641861433889,-0.06802774648797527
XGB,LTC,3,2024-07-01,2025-07-01,2024-08-02,3607,4.174250635711853,-0.10814283871449515,-0.0574862,-0.0676009839889593,-0.005970822128802844
XGB,LTC,3,2024-07-01,2025-07-01,2024-08-03,3608,4.16827981358305,-0.1054010614852956,-0.049767576,-0.054543586299415914,-0.034776687915206494
XGB,LTC,3,2024-07-01,2025-07-01,2024-08-04,3609,4.133503125667843,-0.100825198332684,-0.062549345,-0.04405416639609072,-0.10434833826963352
XGB,LTC,3,2024-07-01,2025-07-01,2024-08-05,3610,4.02915478739821,-0.08997081931059991,-0.10112276,0.0893441531811563,0.035818684480984686
XGB,LTC,3,2024-07-01,2025-07-01,2024-08-06,3611,4.0649734718791946,-0.07545494028824251,-0.077930704,0.08470140309069674,-0.03990915087838687
XGB,LTC,3,2024-07-01,2025-07-01,2024-08-07,3612,4.025064321000808,-0.05396538121348904,-0.07562392,0.13408945001622463,0.08946764258468143
XGB,LTC,3,2024-07-01,2025-07-01,2024-08-08,3613,4.114531963585489,-0.03899903658190684,-0.02008612,0.06410662790421817,-0.007882311862595692
XGB,LTC,3,2024-07-01,2025-07-01,2024-08-09,3614,4.106649651722893,-0.01961617690575146,-0.02360054,0.0915827083291667,0.007086575560740549
XGB,LTC,3,2024-07-01,2025-07-01,2024-08-10,3615,4.113736227283634,0.001379007738982807,-0.029561998,0.09962927865807458,-0.024287268011881302
XGB,LTC,3,2024-07-01,2025-07-01,2024-08-11,3616,4.089448959271753,0.02085234922590029,-0.024435747,0.10599749075733822,0.029049981307613493
XGB,LTC,3,2024-07-01,2025-07-01,2024-08-12,3617,4.118498940579366,0.03532395740400229,-0.019862177,0.07671762439124219,0.03117593439052513
XGB,LTC,3,2024-07-01,2025-07-01,2024-08-13,3618,4.149674874969891,0.038193191637695634,-0.014313072,0.016680393611967936,0.009478896047141028
XGB,LTC,3,2024-07-01,2025-07-01,2024-08-14,3619,4.159153771017032,0.03803708941201389,-0.0069767605,0.004117301711966448,0.01948482047267497
XGB,LTC,3,2024-07-01,2025-07-01,2024-08-15,3620,4.178638591489707,0.03271418776161461,0.015980333,-0.022409406740287352,0.019593768562352842
XGB,LTC,3,2024-07-01,2025-07-01,2024-08-16,3621,4.19823236005206,0.03034497697308236,0.024849087,-0.005539150800071724,0.015133145889648425
XGB,LTC,3,2024-07-01,2025-07-01,2024-08-17,3622,4.2133655059417086,0.026154707305460434,0.026463708,-0.014981414315804464,-0.017919055912617665
XGB,LTC,3,2024-07-01,2025-07-01,2024-08-18,3623,4.195446450029091,0.019969436743153324,0.008094179,-0.023416504969306473,-0.00022988505848253737
XGB,LTC,3,2024-07-01,2025-07-01,2024-08-19,3624,4.195216564970608,0.009201552865055085,0.005856768,-0.04930852760334048,-0.028861296388749125
XGB,LTC,3,2024-07-01,2025-07-01,2024-08-20,3625,4.166355268581859,-0.0015202058206584823,-0.013816899,-0.06432307236165613,-0.0030841958528604607
XGB,LTC,3,2024-07-01,2025-07-01,2024-08-21,3626,4.163271072728999,-0.007577615163882889,-0.0106876865,-0.03933469748177476,-0.007041887979578831
XGB,LTC,3,2024-07-01,2025-07-01,2024-08-22,3627,4.15622918474942,-0.010052809654530925,-0.014907559,-0.02132377050023493,0.03646402450256847
XGB,LTC,3,2024-07-01,2025-07-01,2024-08-23,3628,4.192693209251988,-0.012301343631264672,0.0068989927,-0.01868255022926668,0.005690882373915684
XGB,LTC,3,2024-07-01,2025-07-01,2024-08-24,3629,4.198384091625904,-0.014922865135196695,0.0029475144,-0.023092150127044242,-0.026354146566119674
XGB,LTC,3,2024-07-01,2025-07-01,2024-08-25,3630,4.172029945059784,-0.01629953214161084,-0.005671386,-0.020575314389942534,-0.026121907692516544
XGB,LTC,3,2024-07-01,2025-07-01,2024-08-26,3631,4.145908037367268,-0.007914474915933667,-0.023464672,0.03322178586785007,-0.043875841147064776
XGB,LTC,3,2024-07-01,2025-07-01,2024-08-27,3632,4.102032196220203,0.003936862082364101,-0.033596434,0.06343336962891133,0.02190417902702091
XGB,LTC,3,2024-07-01,2025-07-01,2024-08-28,3633,4.123936375247224,0.014380981938066029,-0.017474629,0.05700391931105031,0.010969039001961
XGB,LTC,3,2024-07-01,2025-07-01,2024-08-29,3634,4.134905414249185,0.024088746168836828,-0.011944067,0.05599976635608073,0.03910524477353672
XGB,LTC,3,2024-07-01,2025-07-01,2024-08-30,3635,4.174010659022722,0.017462450392551787,0.008951679,-0.030844083443748893,0.0012812824761381236
XGB,LTC,3,2024-07-01,2025-07-01,2024-08-31,3636,4.17529194149886,0.007848911509592327,-0.003563487,-0.046762412448071444,-0.023837310829017966
XGB,LTC,3,2024-07-01,2025-07-01,2024-09-01,3637,4.151454630669842,-0.00035056085131657255,-0.010742315,-0.042296099023158895,0.027675192565276063
XGB,LTC,3,2024-07-01,2025-07-01,2024-09-02,3638,4.179129823235118,-0.011401508660353166,0.0049794456,-0.06140005202277177,-0.01366425738600352
XGB,LTC,3,2024-07-01,2025-07-01,2024-09-03,3639,4.165465565849114,-0.018783610703254183,-0.007162161,-0.045673428061924426,0.01547472870915989
XGB,LTC,3,2024-07-01,2025-07-01,2024-09-04,3640,4.180940294558274,-0.02612130946982294,-0.0004477941,-0.050791616396008266,0.009964886046991417
XGB,LTC,3,2024-07-01,2025-07-01,2024-09-05,3641,4.190905180605266,-0.03233769542917919,0.0067022145,-0.05023190210339834,-0.0477386050262929
XGB,LTC,3,2024-07-01,2025-07-01,2024-09-06,3642,4.143166575578973,-0.02292524699480669,-0.01918748,0.030905022314507313,-0.014637046528184428
XGB,LTC,3,2024-07-01,2025-07-01,2024-09-07,3643,4.128529529050788,-0.008404935586136197,-0.04077016,0.060749799425227735,-0.019370997404105417
XGB,LTC,3,2024-07-01,2025-07-01,2024-09-08,3644,4.109158531646683,0.00020368758300204348,-0.040424466,0.03930629480823722,0.008571239565663191
XGB,LTC,3,2024-07-01,2025-07-01,2024-09-09,3645,4.117729771212346,0.004599318260417817,-0.03417797,0.01881010966670793,0.0020623665748438214
XGB,LTC,3,2024-07-01,2025-07-01,2024-09-10,3646,4.11979213778719,0.011537353225598679,-0.03282822,0.03507028886792973,0.010356540375076051
XGB,LTC,3,2024-07-01,2025-07-01,2024-09-11,3647,4.130148678162266,0.018536147119185387,-0.021824922,0.04055998241413761,0.010524600339601342
XGB,LTC,3,2024-07-01,2025-07-01,2024-09-12,3648,4.140673278501867,0.024592607448000514,-0.009306661,0.040529817422529035,0.03339831939161275
XGB,LTC,3,2024-07-01,2025-07-01,2024-09-13,3649,4.17407159789348,0.023398542535502997,0.0026613132,0.004592121912807556,0.015207730582535994
XGB,LTC,3,2024-07-01,2025-07-01,2024-09-14,3650,4.189279328476016,0.023698087275178636,0.016147401,0.014559573129703907,-0.04081450202109593
XGB,LTC,3,2024-07-01,2025-07-01,2024-09-15,3651,4.14846482645492,0.03623836380556966,-0.003813269,0.07980477534410202,-0.011924945575866097
XGB,LTC,3,2024-07-01,2025-07-01,2024-09-16,3652,4.136539880879054,0.044693879458137964,-0.013431584,0.0685243462295988,0.018322545776065624
XGB,LTC,3,2024-07-01,2025-07-01,2024-09-17,3653,4.15486242665512,0.04789338944051735,-0.0020244152,0.04564806714675296,0.015846233921283925
XGB,LTC,3,2024-07-01,2025-07-01,2024-09-18,3654,4.170708660576404,0.04687866931442297,0.0007893587,0.027817171546264063,0.01049443534799277
XGB,LTC,3,2024-07-01,2025-07-01,2024-09-19,3655,4.181203095924396,0.048993306763010835,0.0059030163,0.04589792087721456,-0.002539376118108727
XGB,LTC,3,2024-07-01,2025-07-01,2024-09-20,3656,4.178663719806288,0.05673873731452428,0.0010540711,0.08666338128994955,0.025175181799432345
XGB,LTC,3,2024-07-01,2025-07-01,2024-09-21,3657,4.20383890160572,0.056483594961552086,0.006852601,0.044713014339875734,0.02443070019330218
XGB,LTC,3,2024-07-01,2025-07-01,2024-09-22,3658,4.228269601799022,0.0500810312676645,0.027460685,0.010383401176414786,-0.023205374690369318
XGB,LTC,3,2024-07-01,2025-07-01,2024-09-23,3659,4.205064227108653,0.042708778106143264,0.0039471476,-0.0030550582496706724,-0.004553733306780217
XGB,LTC,3,2024-07-01,2025-07-01,2024-09-24,3660,4.200510493801873,0.03126204605909155,-0.007789096,-0.05065336266616427,-0.0019846616792049687
XGB,LTC,3,2024-07-01,2025-07-01,2024-09-25,3661,4.198525832122668,0.018340850260178954,-0.0053905495,-0.056117433489514035,0.028575184678943266
XGB,LTC,3,2024-07-01,2025-07-01,2024-09-26,3662,4.227101016801611,0.0008025697927127595,0.0072964393,-0.0767840620606135,0.03822608429462626
XGB,LTC,3,2024-07-01,2025-07-01,2024-09-27,3663,4.265327101096237,-0.01692882848634447,0.030138917,-0.09181489469619031,-0.01677518515064147
XGB,LTC,3,2024-07-01,2025-07-01,2024-09-28,3664,4.248551915945596,-0.026965595188910285,0.0055756187,-0.054782195517570464,-0.009898912970158769
XGB,LTC,3,2024-07-01,2025-07-01,2024-09-29,3665,4.238653002975437,-0.03185889784576634,0.0019157438,-0.0329414108353987,-0.036643834116454777
XGB,LTC,3,2024-07-01,2025-07-01,2024-09-30,3666,4.202009168858982,-0.03582232708723243,-0.007654315,-0.031120749625172195,-0.052152037723273814
XGB,LTC,3,2024-07-01,2025-07-01,2024-10-01,3667,4.149857131135708,-0.0313846513561451,-0.040322207,0.03444434990792722,-0.0074487325025547335
XGB,LTC,3,2024-07-01,2025-07-01,2024-10-02,3668,4.142408398633154,-0.02724707288905126,-0.042602308,0.025015218701893716,0.0079085561078438
XGB,LTC,3,2024-07-01,2025-07-01,2024-10-03,3669,4.1503169547409975,-0.02402544840633425,-0.035540927,0.012365374161398712,0.023195251659049454
XGB,LTC,3,2024-07-01,2025-07-01,2024-10-04,3670,4.173512206400047,-0.0203620439438712,-0.017911447,0.008612480218412877,0.020257514027978374
XGB,LTC,3,2024-07-01,2025-07-01,2024-10-05,3671,4.193769720428025,-0.0179862263161219,-0.0083752945,-0.0009127597586200409,0.011941871712012997
XGB,LTC,3,2024-07-01,2025-07-01,2024-10-06,3672,4.205711592140038,-0.022525532376186597,0.011557854,-0.035070909017060004,-0.03482317290622827
XGB,LTC,3,2024-07-01,2025-07-01,2024-10-07,3673,4.17088841923381,-0.014460313837283856,-0.013260654,0.030902760944989893,0.0134130618098256
XGB,LTC,3,2024-07-01,2025-07-01,2024-10-08,3674,4.184301481043636,-0.0029378505682506884,0.00079812383,0.07659668928072794,-0.016877863708588237
XGB,LTC,3,2024-07-01,2025-07-01,2024-10-09,3675,4.167423617335047,0.010828135684064932,-0.01898315,0.08207406051442323,-0.004741288432651203
XGB,LTC,3,2024-07-01,2025-07-01,2024-10-10,3676,4.162682328902396,0.02960272332499958,-0.020486606,0.12422292612119623,0.01944235771606362
XGB,LTC,3,2024-07-01,2025-07-01,2024-10-11,3677,4.18212468661846,0.04490754237183747,-0.009034043,0.11011019934686583,0.010732274050945456
XGB,LTC,3,2024-07-01,2025-07-01,2024-10-12,3678,4.192856960669405,0.060684584900205785,0.006013742,0.12298398404058641,-0.022216277546426966
XGB,LTC,3,2024-07-01,2025-07-01,2024-10-13,3679,4.170640683122978,0.0790849032047305,-0.016534485,0.1376360273321353,0.031150497055821624
XGB,LTC,3,2024-07-01,2025-07-01,2024-10-14,3680,4.2017911801788,0.08053730422156313,0.0002728604,0.05700769968581998,0.05910699014556364
XGB,LTC,3,2024-07-01,2025-07-01,2024-10-15,3681,4.260898170324364,0.0732121127483003,0.033571854,-0.013425462778402064,-0.011400492474892943
XGB,LTC,3,2024-07-01,2025-07-01,2024-10-16,3682,4.249497677849471,0.06633205494162375,0.01011775,0.0012296119936721084,0.0374075771741218
XGB,LTC,3,2024-07-01,2025-07-01,2024-10-17,3683,4.286905255023592,0.05677889919917867,0.031150809,-0.02302924579862964,0.005329630941733221
XGB,LTC,3,2024-07-01,2025-07-01,2024-10-18,3684,4.292234885965326,0.03934216182024741,0.021526728,-0.06327030066600603,0.023606058744666036
XGB,LTC,3,2024-07-01,2025-07-01,2024-10-19,3685,4.315840944709992,0.01766691745778637,0.028393814,-0.09048449441316553,-0.007564234254878066
XGB,LTC,3,2024-07-01,2025-07-01,2024-10-20,3686,4.308276710455114,0.005519252231144023,0.021326372,-0.04447218410375431,-0.04947783059049371
XGB,LTC,3,2024-07-01,2025-07-01,2024-10-21,3687,4.25879887986462,0.002457989797887805,-0.014362964,-9.91412202768771e-05,-0.0113261723186584
XGB,LTC,3,2024-07-01,2025-07-01,2024-10-22,3688,4.2474727075459615,0.008934783139640246,-0.024655733,0.05629046350068556,0.00325458229718123
XGB,LTC,3,2024-07-01,2025-07-01,2024-10-23,3689,4.250727289843143,0.010362998131959955,-0.019595845,0.02372279152204282,0.013148719381820051
XGB,LTC,3,2024-07-01,2025-07-01,2024-10-24,3690,4.263876009224963,0.004057641197437789,-0.0022402448,-0.026808049870991724,-0.03491142392564317
XGB,LTC,3,2024-07-01,2025-07-01,2024-10-25,3691,4.22896458529932,0.006086811946616422,-0.018891813,0.022482794273068762,-0.003608135002493462
XGB,LTC,3,2024-07-01,2025-07-01,2024-10-26,3692,4.225356450296826,0.006362480946472182,-0.015884815,0.010608681966767897,0.03844807605453315
XGB,LTC,3,2024-07-01,2025-07-01,2024-10-27,3693,4.263804526351359,-0.0057602512090895175,0.00804064,-0.06043961939967346,-0.005104787707016278
XGB,LTC,3,2024-07-01,2025-07-01,2024-10-28,3694,4.258699738644343,-0.01968766507936781,0.003249468,-0.07676386873102636,0.04506343240230404
XGB,LTC,3,2024-07-01,2025-07-01,2024-10-29,3695,4.303763171046647,-0.04030824121334842,0.023507262,-0.12262221313265798,-0.029313089681461513
XGB,LTC,3,2024-07-01,2025-07-01,2024-10-30,3696,4.274450081365186,-0.04124107246265307,0.0028957424,-0.011440045742149074,-0.03738212201121449
XGB,LTC,3,2024-07-01,2025-07-01,2024-10-31,3697,4.237067959353971,-0.034853780649571675,-0.012395181,0.032541561709839684,0.014379420218417316
XGB,LTC,3,2024-07-01,2025-07-01,2024-11-01,3698,4.251447379572388,-0.027407161104629374,0.0017171258,0.036332962293649906,-0.015482247308794328
XGB,LTC,3,2024-07-01,2025-07-01,2024-11-02,3699,4.235965132263594,-0.014174160737267627,-0.020210965,0.06895789969062083,-0.032600225311908204
XGB,LTC,3,2024-07-01,2025-07-01,2024-11-03,3700,4.203364906951686,0.008274729639747846,-0.033609025,0.1342280717947979,-0.02142903703836918
XGB,LTC,3,2024-07-01,2025-07-01,2024-11-04,3701,4.181935869913317,0.038564857909705985,-0.044810474,0.20158205716881916,-0.0007949119993275744
XGB,LTC,3,2024-07-01,2025-07-01,2024-11-05,3702,4.181140957913989,0.061521585321424155,-0.038878962,0.16176626920500592,0.08186907770904739
XGB,LTC,3,2024-07-01,2025-07-01,2024-11-06,3703,4.2630100356230365,0.06684260178971702,0.02350236,0.06042724507358965,0.0065994854407742665
XGB,LTC,3,2024-07-01,2025-07-01,2024-11-07,3704,4.269609521063811,0.07794013074454398,0.0160095,0.13791672069214034,0.01817082080222754
XGB,LTC,3,2024-07-01,2025-07-01,2024-11-08,3705,4.287780341866038,0.08892024687889588,0.018193914,0.1394534946621553,0.017142690088176593
XGB,LTC,3,2024-07-01,2025-07-01,2024-11-09,3706,4.304923031954215,0.10011616226560971,0.025538523,0.2523318245227344,0.03266994679226887
XGB,LTC,3,2024-07-01,2025-07-01,2024-11-10,3707,4.337592978746484,0.10041100388534652,0.032697055,0.12896439226941148,0.04592494833565208
XGB,LTC,3,2024-07-01,2025-07-01,2024-11-11,3708,4.383517927082136,0.09860927127427566,0.056173947,0.10711295339863014,-0.04061069996314082
XGB,LTC,3,2024-07-01,2025-07-01,2024-11-12,3709,4.342907227118995,0.10227896454907714,0.03546657,0.12093584266321855,-0.019469946422368878
XGB,LTC,3,2024-07-01,2025-07-01,2024-11-13,3710,4.323437280696626,0.10515505006704817,0.023958415,0.09986263215176994,0.08408896105932495
XGB,LTC,3,2024-07-01,2025-07-01,2024-11-14,3711,4.407526241755951,0.10668222320221865,0.06721426,0.08714073128944833,0.019707594772242487
XGB,LTC,3,2024-07-01,2025-07-01,2024-11-15,3712,4.427233836528194,0.10806809784468019,0.061094865,0.09532650418992095,0.1300210199487557
XGB,LTC,3,2024-07-01,2025-07-01,2024-11-16,3713,4.557254856476949,0.1122861427616817,0.12577248,0.04180869395401032,-0.09069748546105405
XGB,LTC,3,2024-07-01,2025-07-01,2024-11-17,3714,4.466557371015895,0.12024328219669389,0.06185807,0.10763294275886359,0.024073509464870746
XGB,LTC,3,2024-07-01,2025-07-01,2024-11-18,3715,4.490630880480766,0.11882676193178376,0.06685779,0.03510383403199935,-0.026787810698552406
XGB,LTC,3,2024-07-01,2025-07-01,2024-11-19,3716,4.463843069782214,0.11871789670731125,0.06402597,0.06923884568166105,-0.04054315693381749
XGB,LTC,3,2024-07-01,2025-07-01,2024-11-20,3717,4.423299912848396,0.1268253836020401,0.019047573,0.154255690212997,0.07136706019700334
XGB,LTC,3,2024-07-01,2025-07-01,2024-11-21,3718,4.494666973045399,0.12515385302278315,0.05837437,0.06613649369715624,0.027893367672715108
XGB,LTC,3,2024-07-01,2025-07-01,2024-11-22,3719,4.5225603407181145,0.12888846048832647,0.060748197,0.12217345558339865,0.07650320971284508
XGB,LTC,3,2024-07-01,2025-07-01,2024-11-23,3720,4.59906355043096,0.12371744146356445,0.10835746,0.03243506588455336,-0.02487323665620078
XGB,LTC,3,2024-07-01,2025-07-01,2024-11-24,3721,4.574190313774759,0.12938110968866035,0.08304404,0.21217743279370804,-0.0484555992619935
XGB,LTC,3,2024-07-01,2025-07-01,2024-11-25,3722,4.525734714512765,0.1473181588162813,0.055149157,0.36662380022957386,0.007347200951109301
XGB,LTC,3,2024-07-01,2025-07-01,2024-11-26,3723,4.533081915463875,0.16603351640928832,0.055069234,0.34814202122090165,0.04447368759751846
XGB,LTC,3,2024-07-01,2025-07-01,2024-11-27,3724,4.577555603061393,0.18266300133017843,0.06713225,0.3221286943626911,-0.01675213631883743
XGB,LTC,3,2024-07-01,2025-07-01,2024-11-28,3725,4.560803466742556,0.20383612557752961,0.039075308,0.34661507610064657,0.08393032955895752
XGB,LTC,3,2024-07-01,2025-07-01,2024-11-29,3726,4.644733796301513,0.21669770599265004,0.09007195,0.26967476038448357,-0.013235179986000212
XGB,LTC,3,2024-07-01,2025-07-01,2024-11-30,3727,4.631498616315513,0.22839475308838075,0.058582526,0.26521983125958837,0.1548691302529539
XGB,LTC,3,2024-07-01,2025-07-01,2024-12-01,3728,4.786367746568467,0.2307855362139879,0.13485609,0.12019901193599836,0.10599076817387232
XGB,LTC,3,2024-07-01,2025-07-01,2024-12-02,3729,4.892358514742339,0.2088517666546048,0.17867295,-0.18425382630311216,-0.011134578057562905
XGB,LTC,3,2024-07-01,2025-07-01,2024-12-03,3730,4.881223936684776,0.1828893908109288,0.1396949,-0.18196522801103043,0.0184603607393079
XGB,LTC,3,2024-07-01,2025-07-01,2024-12-04,3731,4.899684297424084,0.15815950372034937,0.12401149,-0.1329788083929282,0.0077342454191180465
XGB,LTC,3,2024-07-01,2025-07-01,2024-12-05,3732,4.907418542843202,0.1315588873551503,0.11663738,-0.12605496738634958,0.006990013842794518
XGB,LTC,3,2024-07-01,2025-07-01,2024-12-06,3733,4.914408556685997,0.10693721674573275,0.10154672,-0.09267071455631637,-0.017690109110895413
XGB,LTC,3,2024-07-01,2025-07-01,2024-12-07,3734,4.896718447575101,0.07943970626842667,0.07778709,-0.12447218103444513,0.00984831092936389
XGB,LTC,3,2024-07-01,2025-07-01,2024-12-08,3735,4.906566758504465,0.05365558674703497,0.07667652,-0.10962786047929285,-0.1984620700652382
XGB,LTC,3,2024-07-01,2025-07-01,2024-12-09,3736,4.708104688439227,0.04165171302811821,0.045748614,0.06386007870466504,-0.008845979765481182
XGB,LTC,3,2024-07-01,2025-07-01,2024-12-10,3737,4.699258708673746,0.0391242393226614,0.021237629,0.12713644126943446,0.06744678035741014
XGB,LTC,3,2024-07-01,2025-07-01,2024-12-11,3738,4.766705489031156,0.022733508240913913,0.06615196,-0.07957792561382604,0.01465808642569666
XGB,LTC,3,2024-07-01,2025-07-01,2024-12-12,3739,4.781363575456853,-0.00019239721919817043,0.05564272,-0.17934134445506889,0.04037426667282773
XGB,LTC,3,2024-07-01,2025-07-01,2024-12-13,3740,4.82173784212968,-0.026230268448950156,0.045127496,-0.20303942894154137,-0.04949157558902417
XGB,LTC,3,2024-07-01,2025-07-01,2024-12-14,3741,4.772246266540656,-0.04759529127849316,0.022807326,-0.15253953450565128,0.02469263148451617
XGB,LTC,3,2024-07-01,2025-07-01,2024-12-15,3742,4.796938898025172,-0.07323241585319629,0.014557223,-0.19613767812068605,-0.02497413088128031
XGB,LTC,3,2024-07-01,2025-07-01,2024-12-16,3743,4.771964767143892,-0.08415811329477396,0.013514948,-0.10346624176091712,0.054430382799288246
XGB,LTC,3,2024-07-01,2025-07-01,2024-12-17,3744,4.82639514994318,-0.09970524810079073,0.011862045,-0.14126491538431996,-0.13926758652585036
XGB,LTC,3,2024-07-01,2025-07-01,2024-12-18,3745,4.68712756341733,-0.103616145481225,-0.03784203,0.009508670005206277,-0.08510533241554619
XGB,LTC,3,2024-07-01,2025-07-01,2024-12-19,3746,4.602022231001784,-0.10709380178432149,-0.08539057,0.02433861710888685,0.01667618218635525
XGB,LTC,3,2024-07-01,2025-07-01,2024-12-20,3747,4.618698413188139,-0.11162264277878187,-0.08623551,-0.01039349716668525,0.0010083188468659188
XGB,LTC,3,2024-07-01,2025-07-01,2024-12-21,3748,4.619706732035005,-0.11302180123667149,-0.0810815,-0.00870678567090355,-0.01890551213051861
XGB,LTC,3,2024-07-01,2025-07-01,2024-12-22,3749,4.600801219904486,-0.11290420127693857,-0.091968775,-0.013030989638279422,0.06769730547848862
XGB,LTC,3,2024-07-01,2025-07-01,2024-12-23,3750,4.668498525382975,-0.11940032509558218,-0.041576076,-0.07026011513346653,0.016631709175885412
XGB,LTC,3,2024-07-01,2025-07-01,2024-12-24,3751,4.68513023455886,-0.11920618035042185,-0.03665126,-0.04973630276494667,0.01150599886367587
XGB,LTC,3,2024-07-01,2025-07-01,2024-12-25,3752,4.696636233422536,-0.11635562124669363,-0.00346875,-0.044467124554571136,-0.07027538531186561
XGB,LTC,3,2024-07-01,2025-07-01,2024-12-26,3753,4.626360848110671,-0.10485204171072482,-0.053442836,0.028454573148542828,-0.018055932089216853
XGB,LTC,3,2024-07-01,2025-07-01,2024-12-27,3754,4.608304916021454,-0.0797290428824704,-0.057390563,0.11631135070757725,0.0026950303426476196
XGB,LTC,3,2024-07-01,2025-07-01,2024-12-28,3755,4.610999946364101,-0.05722530158651917,-0.040568676,0.10003898030061187,-0.02322971609789448
XGB,LTC,3,2024-07-01,2025-07-01,2024-12-29,3756,4.587770230266207,-0.026871915450318973,-0.046320707,0.1612043939449137,0.010468179983301518
XGB,LTC,3,2024-07-01,2025-07-01,2024-12-30,3757,4.598238410249508,-0.0016648327750354852,-0.04406648,0.13805419650234896,0.03715552154440527
XGB,LTC,3,2024-07-01,2025-07-01,2024-12-31,3758,4.635393931793914,0.0017731513218812722,-0.017111503,-0.0022390963868685887,0.016775177074051406
XGB,LTC,3,2024-07-01,2025-07-01,2025-01-01,3759,4.652169108867965,-0.00020652513599728195,0.00870556,-0.03212338943370696,0.002646312391248351
XGB,LTC,3,2024-07-01,2025-07-01,2025-01-02,3760,4.654815421259213,-0.0023841527718309052,0.005871112,-0.02724257231221472,0.06980084546981757
XGB,LTC,3,2024-07-01,2025-07-01,2025-01-03,3761,4.724616266729031,-0.012915077332642966,0.046534166,-0.08006450300583712,-0.013577340064317767
XGB,LTC,3,2024-07-01,2025-07-01,2025-01-04,3762,4.711038926664713,-0.020565619577090466,0.020190159,-0.06305159424158191,0.037935697546407354
XGB,LTC,3,2024-07-01,2025-07-01,2025-01-05,3763,4.748974624211121,-0.03628459003728057,0.03937776,-0.12055277195301883,-0.012682017459263228
XGB,LTC,3,2024-07-01,2025-07-01,2025-01-06,3764,4.736292606751857,-0.05487930231825189,0.022640092,-0.14662008061242737,-0.10313777134481228
XGB,LTC,3,2024-07-01,2025-07-01,2025-01-07,3765,4.633154835407045,-0.052025488120876595,-0.01806622,-0.004134453418717321,-0.013109115972786967
XGB,LTC,3,2024-07-01,2025-07-01,2025-01-08,3766,4.620045719434258,-0.035352785286288047,-0.024701405,0.14392830509178012,0.0075271295127405935
XGB,LTC,3,2024-07-01,2025-07-01,2025-01-09,3767,4.627572848946999,-0.01403102175011206,-0.018626163,0.19510577820815644,0.016978914776195175
XGB,LTC,3,2024-07-01,2025-07-01,2025-01-10,3768,4.644551763723194,0.010531583653609289,-0.009493975,0.275357877629947,0.0034355686999374413
XGB,LTC,3,2024-07-01,2025-07-01,2025-01-11,3769,4.647987332423131,0.026676492188305367,-0.016255008,0.18356876238129516,-0.01956548016502957
XGB,LTC,3,2024-07-01,2025-07-01,2025-01-12,3770,4.628421852258102,0.03893292939604276,-0.021391017,0.11941041128640606,-0.03874932611867177
XGB,LTC,3,2024-07-01,2025-07-01,2025-01-13,3771,4.58967252613943,0.059082920740669564,-0.040184945,0.18459955312379606,0.03934785584889777
XGB,LTC,3,2024-07-01,2025-07-01,2025-01-14,3772,4.629020381988328,0.07272398603341124,-0.015552148,0.14929509474650882,0.13495364253771047
XGB,LTC,3,2024-07-01,2025-07-01,2025-01-15,3773,4.763974024526038,0.07112418389571129,0.030540727,-0.016909797823639217,0.05870460262911692
XGB,LTC,3,2024-07-01,2025-07-01,2025-01-16,3774,4.822678627155155,0.06514004439593091,0.057675425,-0.06472239180134398,0.09723101419798574
XGB,LTC,3,2024-07-01,2025-07-01,2025-01-17,3775,4.919909641353141,0.05537257301716281,0.11686873,-0.14334790251682428,-0.08835354654871441
XGB,LTC,3,2024-07-01,2025-07-01,2025-01-18,3776,4.8315560948044265,0.05818353608349813,0.057483718,-0.011411067766039729,-0.08372383125991867
XGB,LTC,3,2024-07-01,2025-07-01,2025-01-19,3777,4.747832263544508,0.05866338527071058,0.010194913,0.01610602526065641,0.02643981571871823
XGB,LTC,3,2024-07-01,2025-07-01,2025-01-20,3778,4.774272079263226,0.05306418603471208,0.016778067,-0.030221169243106694,0.0040433974716105325
XGB,LTC,3,2024-07-01,2025-07-01,2025-01-21,3779,4.778315476734837,0.0401654606298969,-0.00202858,-0.07583682032586747,-0.03125125003243756
XGB,LTC,3,2024-07-01,2025-07-01,2025-01-22,3780,4.747064226702399,0.03739557519637682,-0.004454688,0.0038528960998425177,0.010892008651412155
XGB,LTC,3,2024-07-01,2025-07-01,2025-01-23,3781,4.757956235353811,0.04465999463034365,-0.007546981,0.10889838107719552,0.018605503482505448
XGB,LTC,3,2024-07-01,2025-07-01,2025-01-24,3782,4.776561738836317,0.048340510505683554,-0.0013119092,0.07556937105713413,0.043583288202070136
XGB,LTC,3,2024-07-01,2025-07-01,2025-01-25,3783,4.820145027038387,0.03781906448859118,0.030443165,-0.04173516894871909,-0.05620673823322253
XGB,LTC,3,2024-07-01,2025-07-01,2025-01-26,3784,4.763938288805164,0.027542060364725174,-0.016755754,-0.06817957940872432,-0.019887378785044874
XGB,LTC,3,2024-07-01,2025-07-01,2025-01-27,3785,4.744050910020119,0.01710430164300636,-0.028801957,-0.07166303768722582,-0.041572253611150245
XGB,LTC,3,2024-07-01,2025-07-01,2025-01-28,3786,4.702478656408969,0.006929168498221117,-0.035475347,-0.0829112665565157,0.04843846639327243
XGB,LTC,3,2024-07-01,2025-07-01,2025-01-29,3787,4.7509171228022415,-0.008623555408958872,-0.00079724233,-0.11243116865530389,0.11593749362876515
XGB,LTC,3,2024-07-01,2025-07-01,2025-01-30,3788,4.866854616431007,-0.037933856102075225,0.058717415,-0.24493462578064928,-0.014723506537555942
XGB,LTC,3,2024-07-01,2025-07-01,2025-01-31,3789,4.852131109893451,-0.0636052093566093,0.022259343,-0.21530327940722493,-0.07372125180378308
XGB,LTC,3,2024-07-01,2025-07-01,2025-02-01,3790,4.778409858089668,-0.07758551790893353,-0.015775446,-0.1274530928403168,-0.08265114869322776
XGB,LTC,3,2024-07-01,2025-07-01,2025-02-02,3791,4.69575870939644,-0.07818720081537034,-0.06446554,-0.018652102268441162,-0.023370837063546368
XGB,LTC,3,2024-07-01,2025-07-01,2025-02-03,3792,4.6723878723328935,-0.06176140517131312,-0.07632932,0.11578716712051484,-0.052820482480440134
XGB,LTC,3,2024-07-01,2025-07-01,2025-02-04,3793,4.619567389852453,-0.039169136186089304,-0.08219092,0.1653863958629893,0.01891856429448424
XGB,LTC,3,2024-07-01,2025-07-01,2025-02-05,3794,4.638485954146938,-0.01550142272170607,-0.05956743,0.16589504566616142,-0.016565963496580238
XGB,LTC,3,2024-07-01,2025-07-01,2025-02-06,3795,4.621919990650357,0.014799484315716427,-0.06102703,0.21688080109484176,0.014907839835868408
XGB,LTC,3,2024-07-01,2025-07-01,2025-02-07,3796,4.636827830486226,0.04114000676474827,-0.034963977,0.19249930916603653,0.014128934763125045
XGB,LTC,3,2024-07-01,2025-07-01,2025-02-08,3797,4.650956765249351,0.07136632349080685,-0.03259628,0.24569157028497113,0.026149841878647884
XGB,LTC,3,2024-07-01,2025-07-01,2025-02-09,3798,4.677106607127999,0.08642511947314624,-0.017253319,0.15563238287812808,0.11106843232540964
XGB,LTC,3,2024-07-01,2025-07-01,2025-02-10,3799,4.788175039453408,0.08399881507444995,0.048910942,0.01836615546921294,-0.003221253737965668
XGB,LTC,3,2024-07-01,2025-07-01,2025-02-11,3800,4.784953785715443,0.08790825376068234,0.026882602,0.0786505039745693,0.019427214097656353
XGB,LTC,3,2024-07-01,2025-07-01,2025-02-12,3801,4.804380999813099,0.09377844604981878,0.040418066,0.10248293318266377,0.0344197919321001
XGB,LTC,3,2024-07-01,2025-07-01,2025-02-13,3802,4.838800791745199,0.08973727751653726,0.055450786,0.03335307623136874,-0.009473652092936824
XGB,LTC,3,2024-07-01,2025-07-01,2025-02-14,3803,4.829327139652262,0.08370139586328573,0.034638852,0.023095841752817314,0.06732119588205965
XGB,LTC,3,2024-07-01,2025-07-01,2025-02-15,3804,4.896648335534322,0.06791442821956473,0.064231224,-0.059896483550135216,-0.06390934552819516
XGB,LTC,3,2024-07-01,2025-07-01,2025-02-16,3805,4.832738990006127,0.06640387717328267,0.031730093,0.03434827795873652,-0.026197795083505504
XGB,LTC,3,2024-07-01,2025-07-01,2025-02-17,3806,4.806541194922621,0.05534353141819803,0.018221265,-0.0663033214296096,0.05706309476739069
XGB,LTC,3,2024-07-01,2025-07-01,2025-02-18,3807,4.863604289690012,0.03636369158535846,0.03868701,-0.12202988275611659,0.04325964330575083
XGB,LTC,3,2024-07-01,2025-07-01,2025-02-19,3808,4.906863932995763,0.021763946253547495,0.062723935,-0.08158084548844524,-0.034710065019194936
XGB,LTC,3,2024-07-01,2025-07-01,2025-02-20,3809,4.872153867976568,0.014138502987246504,0.049758885,-0.02977712637347718,-0.01973088657148825
XGB,LTC,3,2024-07-01,2025-07-01,2025-02-21,3810,4.85242298140508,0.010799178887603844,0.030191042,-0.0006897715465674636,-0.015671129420892882
XGB,LTC,3,2024-07-01,2025-07-01,2025-02-22,3811,4.836751851984187,0.006471133831404963,0.020693365,-0.014295690935481886,0.030335415980676572
XGB,LTC,3,2024-07-01,2025-07-01,2025-02-23,3812,4.867087267964863,0.0012204647778819577,0.020752775,-0.01901099589035926,-0.12684939447185162
XGB,LTC,3,2024-07-01,2025-07-01,2025-02-24,3813,4.740237873493012,-0.0023921330052347756,-0.033900287,-0.040213641432343294,0.0013365334408836915
XGB,LTC,3,2024-07-01,2025-07-01,2025-02-25,3814,4.741574406933895,-0.010410008728021225,-0.042707384,-0.09998227330902942,0.08370868057342218
XGB,LTC,3,2024-07-01,2025-07-01,2025-02-26,3815,4.825283087507318,-0.028484010683604843,-0.011799721,-0.17387763114897847,0.017093654095773125
XGB,LTC,3,2024-07-01,2025-07-01,2025-02-27,3816,4.842376741603091,-0.05057524348422149,0.0004790019,-0.20379013746670083,0.009356468255421468
XGB,LTC,3,2024-07-01,2025-07-01,2025-02-28,3817,4.851733209858512,-0.07408533220598112,-0.0023234775,-0.21233705176158857,-0.029277048809807305
XGB,LTC,3,2024-07-01,2025-07-01,2025-03-01,3818,4.822456161048705,-0.09505798644116403,-0.008094692,-0.1950094750193836,0.025620111025799197
XGB,LTC,3,2024-07-01,2025-07-01,2025-03-02,3819,4.848076272074504,-0.12499876452655112,-0.0009688305,-0.2997829520761659,-0.14805204001383565
XGB,LTC,3,2024-07-01,2025-07-01,2025-03-03,3820,4.700024232060668,-0.14836001059641823,-0.043082032,-0.22772290361814918,-0.05843209843580244
XGB,LTC,3,2024-07-01,2025-07-01,2025-03-04,3821,4.641592133624866,-0.1619839337235689,-0.083157174,-0.13809241440134112,0.009813322733473129
XGB,LTC,3,2024-07-01,2025-07-01,2025-03-05,3822,4.651405456358339,-0.17239320353095966,-0.08487067,-0.13517955559471861,-0.012818852221949228
XGB,LTC,3,2024-07-01,2025-07-01,2025-03-06,3823,4.63858660413639,-0.18328508841776525,-0.092007816,-0.160903232450889,0.0008095539605337265
XGB,LTC,3,2024-07-01,2025-07-01,2025-03-07,3824,4.639396158096924,-0.18598117376384504,-0.07243447,-0.1248740475385004,-0.01194947206760233
XGB,LTC,3,2024-07-01,2025-07-01,2025-03-08,3825,4.627446686029321,-0.18323657224373235,-0.0704072,-0.09979975668600094,-0.07915336603098311
XGB,LTC,3,2024-07-01,2025-07-01,2025-03-09,3826,4.548293319998338,-0.17607416531248177,-0.10647801,-0.044609413057536074,-0.07599199155581893
XGB,LTC,3,2024-07-01,2025-07-01,2025-03-10,3827,4.472301328442519,-0.1578530479951823,-0.122933656,0.05343181663861074,0.031198390781005614
XGB,LTC,3,2024-07-01,2025-07-01,2025-03-11,3828,4.503499719223525,-0.14551197044577702,-0.10241495,-0.0027716373475694667,0.012726181540095638
XGB,LTC,3,2024-07-01,2025-07-01,2025-03-12,3829,4.5162259007636205,-0.12625165641267788,-0.090834394,0.02760539241654225,-0.038542529078119614
XGB,LTC,3,2024-07-01,2025-07-01,2025-03-13,3830,4.477683371685501,-0.10342827463706694,-0.082473435,0.05795047328084557,0.03683873887292233
XGB,LTC,3,2024-07-01,2025-07-01,2025-03-14,3831,4.514522110558423,-0.09077728072266122,-0.055172972,-0.0043952103675666265,0.01312481878489713
XGB,LTC,3,2024-07-01,2025-07-01,2025-03-15,3832,4.52764692934332,-0.07941378075990713,-0.04066319,-0.013961250204109099,-0.02396302240251824
XGB,LTC,3,2024-07-01,2025-07-01,2025-03-16,3833,4.503683906940802,-0.06453696238625373,-0.037273042,0.011729520956316186,0.022049238140327887
XGB,LTC,3,2024-07-01,2025-07-01,2025-03-17,3834,4.52573314508113,-0.04991588110136291,-0.027030248,0.014092938214225192,-0.025005063205174594
XGB,LTC,3,2024-07-01,2025-07-01,2025-03-18,3835,4.500728081875955,-0.030960721495569388,-0.0323811,0.04733771390192398,0.043103211304207356
XGB,LTC,3,2024-07-01,2025-07-01,2025-03-19,3836,4.543831293180163,-0.025153347671089676,-0.004315416,-0.018389113717821814,-0.008197448213816294
XGB,LTC,3,2024-07-01,2025-07-01,2025-03-20,3837,4.5356338449663465,-0.01773735500063367,-0.0059950235,-0.00493423395503001,-0.02550694477548987
XGB,LTC,3,2024-07-01,2025-07-01,2025-03-21,3838,4.510126900190857,-0.018137449984259035,-0.0214408,-0.03967018425135915,0.0035587789483546572
XGB,LTC,3,2024-07-01,2025-07-01,2025-03-22,3839,4.513685679139211,-0.0231877950285293,-0.022468638,-0.06576885883636141,0.0017277487579070439
XGB,LTC,3,2024-07-01,2025-07-01,2025-03-23,3840,4.515413427897118,-0.027631766902638688,-0.023943506,-0.061025767638343886,0.024412655398236893
XGB,LTC,3,2024-07-01,2025-07-01,2025-03-24,3841,4.539826083295355,-0.04187673064912012,-0.011934448,-0.12058193438559783,0.008239712482524197
XGB,LTC,3,2024-07-01,2025-07-01,2025-03-25,3842,4.548065795777879,-0.053805735387841835,-0.011011558,-0.11144654309836,-0.022623616315538442
XGB,LTC,3,2024-07-01,2025-07-01,2025-03-26,3843,4.525442179462341,-0.06566609229084186,-0.020090431,-0.12166774420592574,0.005257431548975511
XGB,LTC,3,2024-07-01,2025-07-01,2025-03-27,3844,4.5306996110113165,-0.07436647054487722,-0.024824493,-0.10795019938556383,-0.060242895071819014
XGB,LTC,3,2024-07-01,2025-07-01,2025-03-28,3845,4.4704567159394974,-0.06853149155132154,-0.051709253,-0.034679329165932415,-0.0225398956366476
XGB,LTC,3,2024-07-01,2025-07-01,2025-03-29,3846,4.44791682030285,-0.06312474806333501,-0.057218987,-0.03255869946558576,0.006470839955924568
XGB,LTC,3,2024-07-01,2025-07-01,2025-03-30,3847,4.454387660258774,-0.06982844948123379,-0.049312588,-0.19978903763305667,-0.035143511349017054
XGB,LTC,3,2024-07-01,2025-07-01,2025-03-31,3848,4.419244148909757,-0.07303289009278835,-0.048917502,-0.15705503756196926,0.017375103769762035
XGB,LTC,3,2024-07-01,2025-07-01,2025-04-01,3849,4.436619252679519,-0.08366786636816492,-0.03777585,-0.20116248327165387,-0.03284481742310419
XGB,LTC,3,2024-07-01,2025-07-01,2025-04-02,3850,4.403774435256415,-0.08204972041161174,-0.040823888,-0.07288560795185806,0.018974976369337426
XGB,LTC,3,2024-07-01,2025-07-01,2025-04-03,3851,4.422749411625753,-0.08727299324159432,-0.026880534,-0.1224097542828817,0.013027975147812398
XGB,LTC,3,2024-07-01,2025-07-01,2025-04-04,3852,4.435777386773565,-0.0927292583551882,-0.014586353,-0.1022293517275017,-0.020419265936300945
XGB,LTC,3,2024-07-01,2025-07-01,2025-04-05,3853,4.415358120837264,-0.09118363729760226,-0.026446505,-0.051025559214733285,-0.16075949821154634
XGB,LTC,3,2024-07-01,2025-07-01,2025-04-06,3854,4.254598622625718,-0.07960809360656373,-0.07332352,0.0993403247189093,0.007590488722070354
XGB,LTC,3,2024-07-01,2025-07-01,2025-04-07,3855,4.262189111347788,-0.06689493702095195,-0.07953292,0.0826084321438545,-0.026732341939922577
XGB,LTC,3,2024-07-01,2025-07-01,2025-04-08,3856,4.2354567694078655,-0.05315001425403132,-0.081472784,0.08742519802926818,0.09543205789669162
XGB,LTC,3,2024-07-01,2025-07-01,2025-04-09,3857,4.330888827304557,-0.048503988705438594,-0.02273767,-0.022621151552971952,-0.030549169961686218
XGB,LTC,3,2024-07-01,2025-07-01,2025-04-10,3858,4.300339657342871,-0.03951186078082358,-0.041683584,0.015549889126605265,0.033208377703192404
XGB,LTC,3,2024-07-01,2025-07-01,2025-04-11,3859,4.333548035046063,-0.030569107425415964,-0.03579035,-0.002971812397343676,0.030784526576467464
XGB,LTC,3,2024-07-01,2025-07-01,2025-04-12,3860,4.364332561622531,-0.024721200276342614,-0.017823959,-0.03193198305725975,-0.010393614277903751
XGB,LTC,3,2024-07-01,2025-07-01,2025-04-13,3861,4.353938947344627,-0.015131418848087108,-0.013354261,-0.0004585499933185133,-0.009141403852984453
XGB,LTC,3,2024-07-01,2025-07-01,2025-04-14,3862,4.344797543491643,-0.005003607117564535,-0.038670287,0.01251724518013031,-0.02191557605450889
XGB,LTC,3,2024-07-01,2025-07-01,2025-04-15,3863,4.322881967437134,0.013678626640671432,-0.022169704,0.10086588502009874,-0.014614291685548508
XGB,LTC,3,2024-07-01,2025-07-01,2025-04-16,3864,4.308267675751585,0.03335569345383771,-0.028013704,0.1132819228116313,0.0076218707178909995
XGB,LTC,3,2024-07-01,2025-07-01,2025-04-17,3865,4.315889546469476,0.05243359920226531,-0.025698321,0.1188681426554794,0.014686676179243463
XGB,LTC,3,2024-07-01,2025-07-01,2025-04-18,3866,4.33057622264872,0.07069582463642021,-0.016787633,0.12757824823342467,0.00182435591655139
XGB,LTC,3,2024-07-01,2025-07-01,2025-04-19,3867,4.332400578565271,0.08826704503465255,-0.009053332,0.13473424295922687,0.021079818786037485
XGB,LTC,3,2024-07-01,2025-07-01,2025-04-20,3868,4.3534803973513085,0.09650338745187614,0.0063878167,0.09544119133497642,0.00383439132046437
XGB,LTC,3,2024-07-01,2025-07-01,2025-04-21,3869,4.357314788671773,0.1030247756203666,0.00094616594,0.09390524873223782,0.06643306378545955
XGB,LTC,3,2024-07-01,2025-07-01,2025-04-22,3870,4.4237478524572325,0.10068168476419181,0.0473954,0.024436879841923442,-0.0021982538940159557
XGB,LTC,3,2024-07-01,2025-07-01,2025-04-23,3871,4.4215495985632165,0.09200885304928708,0.033563748,0.0034582883313927226,0.013208090561739105
XGB,LTC,3,2024-07-01,2025-07-01,2025-04-24,3872,4.434757689124956,0.08939485924258239,0.037770964,0.05304278405651264,0.023396781757188734
XGB,LTC,3,2024-07-01,2025-07-01,2025-04-25,3873,4.458154470882144,0.08185157815416044,0.056317527,0.01917592794826284,0.008980350642353585
XGB,LTC,3,2024-07-01,2025-07-01,2025-04-26,3874,4.467134821524498,0.0703643478919016,0.046796635,-0.005002039839487438,-0.018213232838212967
XGB,LTC,3,2024-07-01,2025-07-01,2025-04-27,3875,4.448921588686285,0.05975718814807962,0.0309671,-0.005988712559923393,0.002298448717725776
XGB,LTC,3,2024-07-01,2025-07-01,2025-04-28,3876,4.451220037404011,0.045769607910422394,0.032453563,-0.027930922962355886,-0.003035305104854835
XGB,LTC,3,2024-07-01,2025-07-01,2025-04-29,3877,4.448184732299156,0.045543401066718836,0.021470224,0.07209723180966776,-0.023176845404546675
XGB,LTC,3,2024-07-01,2025-07-01,2025-04-30,3878,4.425007886894609,0.04873046677533832,-0.00091783964,0.06865807149775982,0.06279258628685902
XGB,LTC,3,2024-07-01,2025-07-01,2025-05-01,3879,4.487800473181468,0.04914090596483156,0.05072559,0.06293202429444467,-0.010470074351061065
XGB,LTC,3,2024-07-01,2025-07-01,2025-05-02,3880,4.477330398830407,0.05667362318041125,0.031720385,0.13223517309508637,-0.015197617145396691
XGB,LTC,3,2024-07-01,2025-07-01,2025-05-03,3881,4.4621327816850105,0.0720556502142431,0.014506976,0.19414726359351686,-0.019199905558648922
XGB,LTC,3,2024-07-01,2025-07-01,2025-05-04,3882,4.442932876126362,0.08514619930767786,-0.0045692413,0.16197673209104924,-0.019643761684706718
XGB,LTC,3,2024-07-01,2025-07-01,2025-05-05,3883,4.423289114441655,0.10613774999570147,-0.016648218,0.22042510727660058,0.09699284966716881
XGB,LTC,3,2024-07-01,2025-07-01,2025-05-06,3884,4.520281964108824,0.11458928931396262,0.044659033,0.11986371551230945,-0.026616005716454616
XGB,LTC,3,2024-07-01,2025-07-01,2025-05-07,3885,4.493665958392369,0.12124271801278397,0.03086823,0.12268243896873621,0.057066539083543866
XGB,LTC,3,2024-07-01,2025-07-01,2025-05-08,3886,4.550732497475913,0.11813695969112459,0.050778028,0.04588398247979342,0.058833074449580636
XGB,LTC,3,2024-07-01,2025-07-01,2025-05-09,3887,4.6095655719254935,0.10890354499375476,0.070932925,-0.009650794361007797,0.0467144733530338
XGB,LTC,3,2024-07-01,2025-07-01,2025-05-10,3888,4.656280045278527,0.08845400652633817,0.09903169,-0.08890375879535117,-0.05137043706111655
XGB,LTC,3,2024-07-01,2025-07-01,2025-05-11,3889,4.604909608217411,0.08175814020549144,0.057836995,0.011979061896139953,0.03880461350084463
XGB,LTC,3,2024-07-01,2025-07-01,2025-05-12,3890,4.643714221718255,0.06553824620104098,0.071173646,-0.055243908614080794,-0.003568542097122318
XGB,LTC,3,2024-07-01,2025-07-01,2025-05-13,3891,4.640145679621133,0.04330141142476407,0.06441844,-0.0926120257601033,-0.023797282260027863
XGB,LTC,3,2024-07-01,2025-07-01,2025-05-14,3892,4.616348397361105,0.02965389514323391,0.042771388,-0.03895476563474887,-0.019731917405398924
XGB,LTC,3,2024-07-01,2025-07-01,2025-05-15,3893,4.596616479955706,0.02456793595229545,0.033848308,0.011372909493555738,0.0032982976087794214
XGB,LTC,3,2024-07-01,2025-07-01,2025-05-16,3894,4.599914777564486,0.012626478109939221,0.027390866,-0.04456232590416853,-0.03253849108130957
XGB,LTC,3,2024-07-01,2025-07-01,2025-05-17,3895,4.567376286483176,0.007210372515376484,0.0132334735,-0.006305436744307613,0.04951238363037458
XGB,LTC,3,2024-07-01,2025-07-01,2025-05-18,3896,4.616888670113551,-0.006289337393013739,0.050151836,-0.05611208119045141,-0.028418357009376116
XGB,LTC,3,2024-07-01,2025-07-01,2025-05-19,3897,4.588470313104175,-0.015662329604893444,0.028930906,-0.03449641243449442,-0.040936659243144824
XGB,LTC,3,2024-07-01,2025-07-01,2025-05-20,3898,4.54753365386103,-0.016473441007316403,0.0005994787,0.016447544079682075,0.02985997786532657
XGB,LTC,3,2024-07-01,2025-07-01,2025-05-21,3899,4.577393631726356,-0.022680069412678527,0.008094113,-0.020311513448048046,0.03059575772290568
XGB,LTC,3,2024-07-01,2025-07-01,2025-05-22,3900,4.607989389449262,-0.03678379298771883,0.02123159,-0.07443544706371075,-0.05263693778894485
XGB,LTC,3,2024-07-01,2025-07-01,2025-05-23,3901,4.555352451660317,-0.047769017090161014,-0.01761342,-0.10494897993630214,0.0057183980785513455
XGB,LTC,3,2024-07-01,2025-07-01,2025-05-24,3902,4.561070849738869,-0.05729905013688352,-0.011713146,-0.09369388036086157,-0.0002942608157692206
XGB,LTC,3,2024-07-01,2025-07-01,2025-05-25,3903,4.560776588923099,-0.06430594526141498,-0.006522832,-0.0790238831486576,-0.00680268825341912
XGB,LTC,3,2024-07-01,2025-07-01,2025-05-26,3904,4.55397390066968,-0.0673530316620159,-0.006659347,-0.05817166276557284,0.010007297271031668
XGB,LTC,3,2024-07-01,2025-07-01,2025-05-27,3905,4.563981197940712,-0.07195946971119671,0.0061742696,-0.06905002940206284,-0.006899079662403551
XGB,LTC,3,2024-07-01,2025-07-01,2025-05-28,3906,4.557082118278308,-0.07733452438418897,0.00045507427,-0.07877995790689418,-0.02352817589275702
XGB,LTC,3,2024-07-01,2025-07-01,2025-05-29,3907,4.533553942385551,-0.08426097245833564,-0.0051191757,-0.10576468786371152,-0.08315047066153625
XGB,LTC,3,2024-07-01,2025-07-01,2025-05-30,3908,4.450403471724015,-0.07834881969903496,-0.0525532,0.01839350149773722,0.01697349765399192
XGB,LTC,3,2024-07-01,2025-07-01,2025-05-31,3909,4.467376969378007,-0.07097898222786014,-0.036248606,0.014215608024069404,0.014375736396434746
XGB,LTC,3,2024-07-01,2025-07-01,2025-06-01,3910,4.481752705774442,-0.06664297711004341,-0.025696496,-0.012884120757838069,0.014049532129665643
XGB,LTC,3,2024-07-01,2025-07-01,2025-06-02,3911,4.495802237904107,-0.057248396520838796,-0.018308667,0.01242855028395251,-0.0008710693654583324
XGB,LTC,3,2024-07-01,2025-07-01,2025-06-03,3912,4.494931168538649,-0.0432706624220387,-0.021020291,0.04053507887442542,-0.016629008167234893
XGB,LTC,3,2024-07-01,2025-07-01,2025-06-04,3913,4.478302160371414,-0.0300608648687124,-0.025485408,0.03886544598903008,-0.05051290584957435
XGB,LTC,3,2024-07-01,2025-07-01,2025-06-05,3914,4.42778925452184,-0.020458529110032764,-0.072352275,0.031803662338047545,0.04100771869991249
XGB,LTC,3,2024-07-01,2025-07-01,2025-06-06,3915,4.468796973221752,-0.018282656395563812,-0.03179165,-0.00815946036597559,0.012795604180324105
XGB,LTC,3,2024-07-01,2025-07-01,2025-06-07,3916,4.481592577402076,-0.020634668824994762,-0.019109182,-0.035955240549606415,-0.012723992385472727
XGB,LTC,3,2024-07-01,2025-07-01,2025-06-08,3917,4.468868585016604,-0.018578918207671435,-0.0422624,-0.010718974869323716,0.03936220317145622
XGB,LTC,3,2024-07-01,2025-07-01,2025-06-09,3918,4.50823078818806,-0.021971230377516804,-0.0060931887,-0.044090831268354336,0.02723545922501458
XGB,LTC,3,2024-07-01,2025-07-01,2025-06-10,3919,4.5354662474130745,-0.034826254280765134,0.008253045,-0.10052609917570887,-0.018298641052630238
XGB,LTC,3,2024-07-01,2025-07-01,2025-06-11,3920,4.517167606360444,-0.04213540610139255,-0.0015875811,-0.07373459769975188,-0.057574689500556886
XGB,LTC,3,2024-07-01,2025-07-01,2025-06-12,3921,4.459592916859887,-0.039393812864609856,-0.034719214,-0.015437915928285584,0.0010445959958893525
XGB,LTC,3,2024-07-01,2025-07-01,2025-06-13,3922,4.460637512855777,-0.04153477506024572,-0.02922058,-0.043053695053732355,-0.01500017600330672
XGB,LTC,3,2024-07-01,2025-07-01,2025-06-14,3923,4.44563733685247,-0.046347098387678365,-0.0373392,-0.062160452724172366,0.012512273294809972
XGB,LTC,3,2024-07-01,2025-07-01,2025-06-15,3924,4.45814961014728,-0.052855820275167886,-0.018562136,-0.07439888426504915,0.005990346772425603
XGB,LTC,3,2024-07-01,2025-07-01,2025-06-16,3925,4.4641399569197056,-0.050165734713507604,-0.0214525,-0.020051010108142364,-0.029199808682339956
XGB,LTC,3,2024-07-01,2025-07-01,2025-06-17,3926,4.434940148237366,-0.04226501783774861,-0.027581185,0.005396005866636244,0.008492860423326754
XGB,LTC,3,2024-07-01,2025-07-01,2025-06-18,3927,4.443433008660692,-0.036351505509963467,-0.025048008,-0.004725207868320425,0.0007219922709094106
XGB,LTC,3,2024-07-01,2025-07-01,2025-06-19,3928,4.444155000931602,-0.03161579461609687,-0.023754343,-0.009949958022757777,-0.02657118312955742
XGB,LTC,3,2024-07-01,2025-07-01,2025-06-20,3929,4.417583817802044,-0.02076553357884592,-0.035746474,0.023094506978840634,-0.03410693367374673
XGB,LTC,3,2024-07-01,2025-07-01,2025-06-21,3930,4.383476884128298,-0.0019431611829787698,-0.041479047,0.07440587961463851,0.00027384175393319055
XGB,LTC,3,2024-07-01,2025-07-01,2025-06-22,3931,4.383750725882231,0.018856783118434528,-0.043214526,0.09348568765975251,0.06033822092933239
XGB,LTC,3,2024-07-01,2025-07-01,2025-06-23,3932,4.444088946811563,0.02283707171494065,-0.01115602,0.010066265423360754,-0.0037527927075613476
XGB,LTC,3,2024-07-01,2025-07-01,2025-06-24,3933,4.440336154104002,0.01980332951881092,-0.007881382,-0.01854970381243337,-0.0016283533116299154
XGB,LTC,3,2024-07-01,2025-07-01,2025-06-25,3934,4.438707800792372,0.023754799790391523,-0.009560537,0.030700549391855958,-0.004502757883527941
XGB,LTC,4,2025-07-01,2026-07-01,2025-07-01,3940,4.4217864502915685,0.030447627632458563,-0.010427125,0.05197150370920944,0.047621899892659414
XGB,LTC,4,2025-07-01,2026-07-01,2025-07-02,3941,4.469408350184228,0.03530358896076091,0.0133637665,0.0381371968672104,0.019280566693664625
XGB,LTC,4,2025-07-01,2026-07-01,2025-07-03,3942,4.4886889168778925,0.041555456738136876,0.024975028,0.0630887333828829,-0.024286939573996413
XGB,LTC,4,2025-07-01,2026-07-01,2025-07-04,3943,4.464401977303896,0.050956969295057775,-0.0018954662,0.08154051129570661,0.0074240892595591745
XGB,LTC,4,2025-07-01,2026-07-01,2025-07-05,3944,4.471826066563455,0.05532931348114278,-0.006498998,0.05839276710517982,-0.001388905166247234
XGB,LTC,4,2025-07-01,2026-07-01,2025-07-06,3945,4.470437161397208,0.06265350532998326,-0.015495118,0.07972833875586538,-0.015061047293836616
XGB,LTC,4,2025-07-01,2026-07-01,2025-07-07,3946,4.455376114103371,0.0739799307220057,-0.016780391,0.10439582702264794,0.018381839897406493
XGB,LTC,4,2025-07-01,2026-07-01,2025-07-08,3947,4.473757954000778,0.08188739437931769,0.0018083298,0.09396166750462065,0.03378759305066037
XGB,LTC,4,2025-07-01,2026-07-01,2025-07-09,3948,4.507545547051438,0.08529850076408252,0.012945187,0.07233875652446731,0.044232103209337126
XGB,LTC,4,2025-07-01,2026-07-01,2025-07-10,3949,4.551777650260775,0.0881512963696327,0.039637525,0.06939757337891894,-0.005835161661172705
XGB,LTC,4,2025-07-01,2026-07-01,2025-07-11,3950,4.545942488599603,0.0907821810760483,0.03940676,0.07579269426327073,-0.015723654930967612
XGB,LTC,4,2025-07-01,2026-07-01,2025-07-12,3951,4.530218833668635,0.09933130094321108,0.02295665,0.20109788932598338,0.019946666484438325
XGB,LTC,4,2025-07-01,2026-07-01,2025-07-13,3952,4.550165500153073,0.10870513608906496,0.03157814,0.21085011754913818,0.00960644097294594
XGB,LTC,4,2025-07-01,2026-07-01,2025-07-14,3953,4.559771941126019,0.11796220186612683,0.021064378,0.19253608470023753,0.007947680379379207
XGB,LTC,4,2025-07-01,2026-07-01,2025-07-15,3954,4.567719621505399,0.13042392062830555,0.016297463,0.21746290037553884,0.012164682070507027
XGB,LTC,4,2025-07-01,2026-07-01,2025-07-16,3955,4.579884303575906,0.13341170980357653,0.024016203,0.14032386152827847,0.04129092006378876
XGB,LTC,4,2025-07-01,2026-07-01,2025-07-17,3956,4.621175223639694,0.13157511284636136,0.054693013,0.10010749541903952,0.0005599592231790851
XGB,LTC,4,2025-07-01,2026-07-01,2025-07-18,3957,4.621735182862873,0.13131955213810098,0.0514448,0.11284499366671419,0.10958154013174504
XGB,LTC,4,2025-07-01,2026-07-01,2025-07-19,3958,4.7313167229946185,0.127368350296023,0.11442292,0.004756702593760487,0.029698894707593126
XGB,LTC,4,2025-07-01,2026-07-01,2025-07-20,3959,4.761015617702212,0.11918468012086247,0.10964996,-0.017791277451850718,-0.008707591875954712
XGB,LTC,4,2025-07-01,2026-07-01,2025-07-21,3960,4.752308025826257,0.10113373546862015,0.10238919,-0.06468840962749844,0.03287449605468051
XGB,LTC,4,2025-07-01,2026-07-01,2025-07-22,3961,4.785182521880937,0.07759056715433665,0.09006357,-0.09813431955136132,-0.06497435677675334
XGB,LTC,4,2025-07-01,2026-07-01,2025-07-23,3962,4.720208165104184,0.06425418437847696,0.055538084,-0.014882752330241722,0.0010745539545498062
XGB,LTC,4,2025-07-01,2026-07-01,2025-07-24,3963,4.721282719058734,0.045057496200168856,0.060570706,-0.0557366784074258,0.013297457470853757
XGB,LTC,4,2025-07-01,2026-07-01,2025-07-25,3964,4.734580176529588,0.024798808762799496,0.06461651,-0.0650858068333049,0.001493249058791335
XGB,LTC,4,2025-07-01,2026-07-01,2025-07-26,3965,4.736073425588379,0.004390619094954751,0.05970882,-0.07040033647344135,0.007150914661981922
XGB,LTC,4,2025-07-01,2026-07-01,2025-07-27,3966,4.743224340250361,-0.007428716604184871,0.05833567,-0.038482824588756515,-0.05560472405160244
XGB,LTC,4,2025-07-01,2026-07-01,2025-07-28,3967,4.687619616198758,0.0014396737112774005,0.019069934,0.10986574009446493,-0.0005714138691823578
XGB,LTC,4,2025-07-01,2026-07-01,2025-07-29,3968,4.687048202329576,0.01138013224981016,0.017210064,0.10268280186064249,0.018277210444366254
XGB,LTC,4,2025-07-01,2026-07-01,2025-07-30,3969,4.705325412773942,0.018173440519642092,0.028954132,0.07627526803385543,-0.03977937212263427
XGB,LTC,4,2025-07-01,2026-07-01,2025-07-31,3970,4.665546040651308,0.034450507711691,0.011825933,0.14440661649620523,0.003948329044974663
XGB,LTC,4,2025-07-01,2026-07-01,2025-08-01,3971,4.669494369696283,0.05179534136643227,0.0009676483,0.14974641114676146,-0.003821280581345121
XGB,LTC,4,2025-07-01,2026-07-01,2025-08-02,3972,4.665673089114938,0.06495972583349996,-0.005625119,0.12533077423308647,0.03906842654666676
XGB,LTC,4,2025-07-01,2026-07-01,2025-08-03,3973,4.704741515661604,0.07362009440915873,0.0056310915,0.11387693638563601,0.092743840631619
XGB,LTC,4,2025-07-01,2026-07-01,2025-08-04,3974,4.797485356293223,0.0649879438529819,0.046493113,-0.0075824551050391875,-0.007754352103004791
XGB,LTC,4,2025-07-01,2026-07-01,2025-08-05,3975,4.789731004190219,0.06736052725364594,0.036774,0.08136413486458771,-0.008130323382420812
XGB,LTC,4,2025-07-01,2026-07-01,2025-08-06,3976,4.781600680807798,0.0713474737280464,0.02213741,0.0934213256710148,0.028351976339715534
XGB,LTC,4,2025-07-01,2026-07-01,2025-08-07,3977,4.809952657147513,0.06256799719871342,0.03256727,-0.011689526962912034,0.009288123695530892
XGB,LTC,4,2025-07-01,2026-07-01,2025-08-08,3978,4.819240780843044,0.04993420933481563,0.02856017,-0.0397214069377414,-0.02823691749502011
XGB,LTC,4,2025-07-01,2026-07-01,2025-08-09,3979,4.791003863348024,0.04375325916975026,0.0058415136,0.004347485787014271,0.02761458869921629
XGB,LTC,4,2025-07-01,2026-07-01,2025-08-10,3980,4.81861845204724,0.033008332470163104,0.027310317,-0.024095756801010282,-0.028715550859056194
XGB,LTC,4,2025-07-01,2026-07-01,2025-08-11,3981,4.789902901188184,0.02361013700750103,0.004090442,-0.021734614329411706,0.08119223786662211
XGB,LTC,4,2025-07-01,2026-07-01,2025-08-12,3982,4.871095139054806,-0.0014805228425309735,0.060932294,-0.14826955684930088,0.003926867424006275
XGB,LTC,4,2025-07-01,2026-07-01,2025-08-13,3983,4.875022006478813,-0.021700171164368953,0.043233108,-0.12120335425959272,-0.0767588762942113
XGB,LTC,4,2025-07-01,2026-07-01,2025-08-14,3984,4.798263130184601,-0.03428152645245941,-0.0024537407,-0.05645204364875411,-0.018743756279298474
XGB,LTC,4,2025-07-01,2026-07-01,2025-08-15,3985,4.779519373905303,-0.03170360016678675,-0.0026447403,0.030977710745093923,0.015831975229735562
XGB,LTC,4,2025-07-01,2026-07-01,2025-08-16,3986,4.795351349135038,-0.031767446894544804,0.0027859432,0.0032951285063393954,-0.0008286538888082617
XGB,LTC,4,2025-07-01,2026-07-01,2025-08-17,3987,4.79452269524623,-0.03456803344541726,-0.0058454303,-0.022179213608186643,-0.026354408387457617
XGB,LTC,4,2025-07-01,2026-07-01,2025-08-18,3988,4.7681682868587725,-0.040183150948223556,-0.011503812,-0.07275082025291724,-0.04534270465326706
XGB,LTC,4,2025-07-01,2026-07-01,2025-08-19,3989,4.722825582205505,-0.035668916017761454,-0.03684363,0.008974565938934198,0.03099307001371443
XGB,LTC,4,2025-07-01,2026-07-01,2025-08-20,3990,4.75381865221922,-0.03788445486569625,-0.013876574,-0.03407859507572564,-0.01200756568337269
XGB,LTC,4,2025-07-01,2026-07-01,2025-08-21,3991,4.741811086535847,-0.03577544190241433,-0.034353573,-0.007736063467252308,0.06868599811454956
XGB,LTC,4,2025-07-01,2026-07-01,2025-08-22,3992,4.810497084650397,-0.049734312479286835,0.016624626,-0.11079862125466367,-0.011850607009018965
XGB,LTC,4,2025-07-01,2026-07-01,2025-08-23,3993,4.798646477641378,-0.06002534637154788,-0.0046030004,-0.0908267915346963,-0.0263029960033343
XGB,LTC,4,2025-07-01,2026-07-01,2025-08-24,3994,4.7723434816380434,-0.06828593986541165,-0.015384949,-0.08183574558688456,-0.07692601503218821
XGB,LTC,4,2025-07-01,2026-07-01,2025-08-25,3995,4.695417466605855,-0.06872525813761232,-0.058317274,-0.008261365665581444,0.03638268153858437
XGB,LTC,4,2025-07-01,2026-07-01,2025-08-26,3996,4.73180014814444,-0.06688729444681485,-0.028159853,-0.01621196752090981,-0.012060091000945405
XGB,LTC,4,2025-07-01,2026-07-01,2025-08-27,3997,4.719740057143494,-0.060207785295327554,-0.039648168,0.007231434055642083,0.01433496592510064
XGB,LTC,4,2025-07-01,2026-07-01,2025-08-28,3998,4.734075023068595,-0.058050677112860605,-0.013298927,-0.023701407734694868,-0.034376559672861795
XGB,LTC,4,2025-07-01,2026-07-01,2025-08-29,3999,4.699698463395733,-0.048857554611973164,-0.03270338,0.019718238691296186,0.008121222710948395
XGB,LTC,4,2025-07-01,2026-07-01,2025-08-30,4000,4.7078196861066814,-0.04058106092966263,-0.02803365,0.012163362879822337,-0.01731195005552255
XGB,LTC,4,2025-07-01,2026-07-01,2025-08-31,4001,4.690507736051159,-0.024981778232448626,-0.03721293,0.05462386449754408,-0.0033516351108850984
XGB,LTC,4,2025-07-01,2026-07-01,2025-09-01,4002,4.687156100940274,-0.013875438752218194,-0.0319459,0.03769622230166014,0.028432079683256006
XGB,LTC,4,2025-07-01,2026-07-01,2025-09-02,4003,4.71558818062353,-0.01031327455040909,-0.018295852,0.002400821788395291,0.011383310575606487
XGB,LTC,4,2025-07-01,2026-07-01,2025-09-03,4004,4.726971491199136,-0.0016592973249185405,-0.0042837337,0.04005870821356261,-0.01659787586523631
XGB,LTC,4,2025-07-01,2026-07-01,2025-09-04,4005,4.7103736153339,0.007160055002740862,-0.017645147,0.04205267912401833,0.00904308675312926
XGB,LTC,4,2025-07-01,2026-07-01,2025-09-05,4006,4.719416702087029,0.016768607456955742,-0.010672911,0.052577961987680055,0.0005663468994745458
XGB,LTC,4,2025-07-01,2026-07-01,2025-09-06,4007,4.719983048986504,0.02722568087738697,-0.014670613,0.06158252049359891,0.025148551562199195
XGB,LTC,4,2025-07-01,2026-07-01,2025-09-07,4008,4.745131600548703,0.024939571764841517,-0.002451561,0.0015615654415492841,-0.02027927730676904
XGB,LTC,4,2025-07-01,2026-07-01,2025-09-08,4009,4.724852323241934,0.024473878188786102,-0.02043985,0.009417174558736363,-0.0068633208300088455
XGB,LTC,4,2025-07-01,2026-07-01,2025-09-09,4010,4.717989002411925,0.027171678569449575,-0.021004666,0.027249183687983347,0.049041197000773806
XGB,LTC,4,2025-07-01,2026-07-01,2025-09-10,4011,4.767030199412699,0.02519629259906786,0.00572227,-0.004597159605483903,-0.014603904954780589
XGB,LTC,4,2025-07-01,2026-07-01,2025-09-11,4012,4.752426294457918,0.027290783842343735,-0.008711981,0.02048357086906538,0.01956836961679098
XGB,LTC,4,2025-07-01,2026-07-01,2025-09-12,4013,4.771994664074709,0.0183840023659414,0.006020907,-0.03467819765333058,0.009570905405393404
XGB,LTC,4,2025-07-01,2026-07-01,2025-09-13,4014,4.781565569480103,0.007582283406756041,-0.0014151721,-0.045655272627600496,-0.034872403489850434
XGB,LTC,4,2025-07-01,2026-07-01,2025-09-14,4015,4.746693165990252,0.004632214761424613,-0.015004223,-0.009504190135196211,-0.01242366818958196
XGB,LTC,4,2025-07-01,2026-07-01,2025-09-15,4016,4.73426949780067,-0.0033015134398475254,-0.021566072,-0.07254193152342214,0.010968688299238138
XGB,LTC,4,2025-07-01,2026-07-01,2025-09-16,4017,4.745238186099908,-0.014080591070472437,-0.013561167,-0.08031030957835483,0.017194853707306557
XGB,LTC,4,2025-07-01,2026-07-01,2025-09-17,4018,4.762433039807215,-0.029384554545206498,0.0013668459,-0.102626874387715,0.010476825519768695
XGB,LTC,4,2025-07-01,2026-07-01,2025-09-18,4019,4.772909865326984,-0.050366844968618096,0.010899099,-0.14632578106570904,-0.03559339890560498
XGB,LTC,4,2025-07-01,2026-07-01,2025-09-19,4020,4.737316466421379,-0.059268537496864226,-0.011154854,-0.086744141392737,-0.0014061695688765141
XGB,LTC,4,2025-07-01,2026-07-01,2025-09-20,4021,4.735910296852502,-0.06746173291567992,-0.014697245,-0.08626323131536306,0.0012786790025538508
XGB,LTC,4,2025-07-01,2026-07-01,2025-09-21,4022,4.737188975855056,-0.07097378136146748,-0.017118275,-0.06578628597084979,-0.07546140957780789
XGB,LTC,4,2025-07-01,2026-07-01,2025-09-22,4023,4.661727566277248,-0.06630991712543288,-0.06382077,0.009591719657518816,0.0032003102443054487
XGB,LTC,4,2025-07-01,2026-07-01,2025-09-23,4024,4.664927876521554,-0.059935229515826194,-0.056497574,0.006947899148951997,-0.005121711102053617
XGB,LTC,4,2025-07-01,2026-07-01,2025-09-24,4025,4.6598061654195,-0.04350131821890191,-0.05354561,0.08621504624392617,-0.033222081158225336
XGB,LTC,4,2025-07-01,2026-07-01,2025-09-25,4026,4.626584084261275,-0.018211584692460647,-0.055469137,0.15789115564282774,0.023988240767367053
XGB,LTC,4,2025-07-01,2026-07-01,2025-09-26,4027,4.650572325028642,0.005217796903941085,-0.033822436,0.14126564412970488,-0.0009252594915025725
XGB,LTC,4,2025-07-01,2026-07-01,2025-09-27,4028,4.649647065537139,0.029133179244817065,-0.029435456,0.14148331051127805,0.021755624347067126
XGB,LTC,4,2025-07-01,2026-07-01,2025-09-28,4029,4.671402689884206,0.04583337600513193,-0.010053556,0.10651835476834393,-8.340394943928686e-05
XGB,LTC,4,2025-07-01,2026-07-01,2025-09-29,4030,4.671319285934767,0.06052096437296406,-0.010437656,0.10219261924518719,0.00055648973573863
XGB,LTC,4,2025-07-01,2026-07-01,2025-09-30,4031,4.671875775670506,0.07134620461458407,-0.018452695,0.09093237147117783,0.07414543599292056
XGB,LTC,4,2025-07-01,2026-07-01,2025-10-01,4032,4.746021211663426,0.07510935394925156,0.022174668,0.030042835008263324,0.03845402824067623
XGB,LTC,4,2025-07-01,2026-07-01,2025-10-02,4033,4.784475239904102,0.07960912618820615,0.05013317,0.05128246293300709,0.0073627292542441936
XGB,LTC,4,2025-07-01,2026-07-01,2025-10-03,4034,4.791837969158347,0.06667799497887295,0.04542676,-0.2209771696745655,-0.0007075931099294053
XGB,LTC,4,2025-07-01,2026-07-01,2025-10-04,4035,4.791130376048417,0.050685756363175294,0.03407291,-0.2540297589794367,-0.013209331395866997
XGB,LTC,4,2025-07-01,2026-07-01,2025-10-05,4036,4.77792104465255,0.03699914286587802,0.021194793,-0.18522186940928975,-0.004409139472596024
XGB,LTC,4,2025-07-01,2026-07-01,2025-10-06,4037,4.773511905179954,0.023115691017362217,0.008326855,-0.17264616658069354,-0.010703758038270728
XGB,LTC,4,2025-07-01,2026-07-01,2025-10-07,4038,4.762808147141683,0.00931543305747251,-0.004451676,-0.1843342353124191,0.013255899530006054
XGB,LTC,4,2025-07-01,2026-07-01,2025-10-08,4039,4.7760640466716895,-0.009380870812957909,0.0013730549,-0.2179727366464057,0.059693656165419995
XGB,LTC,4,2025-07-01,2026-07-01,2025-10-09,4040,4.8357577028371095,-0.03822557676236915,0.038878035,-0.3162691287322872,-0.2648969033533284
XGB,LTC,4,2025-07-01,2026-07-01,2025-10-10,4041,4.570860799483781,-0.05603772930038975,-0.022163494,-0.06976420057562027,-0.03376018241480061
XGB,LTC,4,2025-07-01,2026-07-01,2025-10-11,4042,4.5371006170689805,-0.07222920207404737,-0.03513456,-0.018551314809442943,0.055598558174279944
XGB,LTC,4,2025-07-01,2026-07-01,2025-10-12,4043,4.59269917524326,-0.08812189964968731,-0.025429292,-0.057051998929924075,0.00816656335600019
XGB,LTC,4,2025-07-01,2026-07-01,2025-10-13,4044,4.600865738599261,-0.10231485625752779,-0.056815643,-0.05635788818960119,-0.022391826769996293
XGB,LTC,4,2025-07-01,2026-07-01,2025-10-14,4045,4.578473911829264,-0.11557070817951942,-0.046720445,-0.04920736723712871,-0.02038260180398055
XGB,LTC,4,2025-07-01,2026-07-01,2025-10-15,4046,4.558091310025284,-0.126194830470177,-0.060456738,-0.03716223841201671,-0.038602735920461484
XGB,LTC,4,2025-07-01,2026-07-01,2025-10-16,4047,4.519488574104822,-0.1276674121047643,-0.07289862,0.024271006213608004,-0.01839197519666147
XGB,LTC,4,2025-07-01,2026-07-01,2025-10-17,4048,4.501096598908161,-0.12004184736561996,-0.0641041,0.06754913808109908,0.01745270335137672
XGB,LTC,4,2025-07-01,2026-07-01,2025-10-18,4049,4.5185493022595375,-0.10958691690278588,-0.052425805,0.056037238582744564,0.01709787405379881
XGB,LTC,4,2025-07-01,2026-07-01,2025-10-19,4050,4.535647176313336,-0.09343746919606044,-0.040733196,0.06913223203717322,0.008860674096323073
XGB,LTC,4,2025-07-01,2026-07-01,2025-10-20,4051,4.544507850409659,-0.07776827535635444,-0.04094395,0.05443448662981254,-0.01524130581752381
XGB,LTC,4,2025-07-01,2026-07-01,2025-10-21,4052,4.529266544592136,-0.06418457189043636,-0.043389842,0.04259745247050173,-0.008337472978868554
XGB,LTC,4,2025-07-01,2026-07-01,2025-10-22,4053,4.520929071613267,-0.0457473040452161,-0.043343958,0.06972502426760929,0.022830508705163233
XGB,LTC,4,2025-07-01,2026-07-01,2025-10-23,4054,4.54375958031843,-0.040162700066037615,-0.026386403,-0.00704148799171378,0.024886156670829607
XGB,LTC,4,2025-07-01,2026-07-01,2025-10-24,4055,4.56864573698926,-0.03504672181621782,-0.01174752,-0.009579647689864856,0.005940803853022203
XGB,LTC,4,2025-07-01,2026-07-01,2025-10-25,4056,4.574586540842282,-0.0232984764098223,-0.0060765934,0.04450484865576776,0.030192867508227472
XGB,LTC,4,2025-07-01,2026-07-01,2025-10-26,4057,4.60477940835051,-0.01972720948537887,0.006435413,-0.004512121612208375,-0.0058370713110376116
XGB,LTC,4,2025-07-01,2026-07-01,2025-10-27,4058,4.598942337039472,-0.02955610058410052,0.004584995,-0.12847907390563673,-0.02707833997683462
XGB,LTC,4,2025-07-01,2026-07-01,2025-10-28,4059,4.571863997062637,-0.037685106530860324,-0.010764169,-0.12353868654943678,0.01879009881823901
XGB,LTC,4,2025-07-01,2026-07-01,2025-10-29,4060,4.590654095880876,-0.045191945503045616,0.003950952,-0.09579976772043519,-0.05393600355415984
XGB,LTC,4,2025-07-01,2026-07-01,2025-10-30,4061,4.5367180923267165,-0.047041871978787064,-0.030890131,-0.07080971058959751,0.02234799697267853
XGB,LTC,4,2025-07-01,2026-07-01,2025-10-31,4062,4.559066089299395,-0.04112321718485301,-0.01027421,0.06380508723282219,0.06002530019865482
XGB,LTC,4,2025-07-01,2026-07-01,2025-11-01,4063,4.61909138949805,-0.03960970114238194,0.010919431,0.04577863133290094,-0.018824102759748662
XGB,LTC,4,2025-07-01,2026-07-01,2025-11-02,4064,4.600267286738301,-0.031207100325000958,6.707651e-05,0.10173232403062826,-0.12980402360446597
XGB,LTC,4,2025-07-01,2026-07-01,2025-11-03,4065,4.470463263133835,-0.01295435865063066,-0.043547433,0.1758544747265276,-0.02213795262063467
XGB,LTC,4,2025-07-01,2026-07-01,2025-11-04,4066,4.448325310513201,0.004302706619903951,-0.05487976,0.15349775790458864,0.0465290176472406
XGB,LTC,4,2025-07-01,2026-07-01,2025-11-05,4067,4.494854328160441,0.015250418839506175,-0.044843912,0.08542403144106014,-0.028945946423322155
XGB,LTC,4,2025-07-01,2026-07-01,2025-11-06,4068,4.465908381737119,0.0285237764707178,-0.05225696,0.10666179546375343,0.15696279479509823
XGB,LTC,4,2025-07-01,2026-07-01,2025-11-07,4069,4.622871176532217,0.030709618131608885,-0.010922074,-0.042873889657220055,0.04199884429873357
XGB,LTC,4,2025-07-01,2026-07-01,2025-11-08,4070,4.664870020830951,0.034093859823031814,0.027775016,-0.04217612941342885,0.03712958993797866
XGB,LTC,4,2025-07-01,2026-07-01,2025-11-09,4071,4.7019996107689295,0.02429286996790747,0.050036926,-0.13874055195010904,-0.05568187290856663
XGB,LTC,4,2025-07-01,2026-07-01,2025-11-10,4072,4.646317737860363,0.011919906101817368,0.016667327,-0.13282386214380004,-0.04449466944257363
XGB,LTC,4,2025-07-01,2026-07-01,2025-11-11,4073,4.601823068417789,0.009328634569442329,0.004954276,-0.0410794197660449,-0.021544708816287894
XGB,LTC,4,2025-07-01,2026-07-01,2025-11-12,4074,4.580278359601501,0.004334515445536091,-0.020039024,-0.04905688016781795,-0.007708182400628871
XGB,LTC,4,2025-07-01,2026-07-01,2025-11-13,4075,4.572570177200872,-0.00792115088069334,-0.02435715,-0.10357560634601182,0.007427109674124743
XGB,LTC,4,2025-07-01,2026-07-01,2025-11-14,4076,4.579997286874997,-0.027458433611841748,-0.014177885,-0.16595797591821704,0.042696604542524774
XGB,LTC,4,2025-07-01,2026-07-01,2025-11-15,4077,4.622693891417522,-0.05303680747689388,0.0043828893,-0.21384728405964193,-0.059434832598701526
XGB,LTC,4,2025-07-01,2026-07-01,2025-11-16,4078,4.56325905881882,-0.06799904444811133,-0.025291834,-0.14468910134953727,-0.04976518310225764
XGB,LTC,4,2025-07-01,2026-07-01,2025-11-17,4079,4.513493875716563,-0.07094588196806306,-0.039079387,-0.06524166340833393,0.04724977293518151
XGB,LTC,4,2025-07-01,2026-07-01,2025-11-18,4080,4.560743648651744,-0.0798760513214889,-0.01770958,-0.11477829541233575,-0.029522169218060945
XGB,LTC,4,2025-07-01,2026-07-01,2025-11-19,4081,4.531221479433683,-0.08093265914821668,-0.02027317,-0.06680307873357894,-0.06222690857882274
XGB,LTC,4,2025-07-01,2026-07-01,2025-11-20,4082,4.468994570854861,-0.07413834830583088,-0.045226913,-0.0073804841920273034,-0.05495525989808048
XGB,LTC,4,2025-07-01,2026-07-01,2025-11-21,4083,4.41403931095678,-0.06536998065279764,-0.07159004,0.020484760197457597,-0.005192703598900117
XGB,LTC,4,2025-07-01,2026-07-01,2025-11-22,4084,4.40884660735788,-0.05559671497885699,-0.07444498,0.022835571563105894,0.009723350111403128
XGB,LTC,4,2025-07-01,2026-07-01,2025-11-23,4085,4.418569957469283,-0.05013412752141022,-0.054814395,-0.005096436417030503,0.02968225483894571
XGB,LTC,4,2025-07-01,2026-07-01,2025-11-24,4086,4.448252212308229,-0.05771294032443297,-0.03332781,-0.09682825948961948,-0.0022868590688203128
XGB,LTC,4,2025-07-01,2026-07-01,2025-11-25,4087,4.445965353239409,-0.05465396224576313,-0.03562224,-0.02938606067329186,0.01845304746069587
XGB,LTC,4,2025-07-01,2026-07-01,2025-11-26,4088,4.464418400700104,-0.05001691259176688,-0.005132169,-0.010147756185138412,-0.002804314037271105
XGB,LTC,4,2025-07-01,2026-07-01,2025-11-27,4089,4.461614086662833,-0.04893125512443319,-0.0015820614,-0.035972121256500955,-0.027090015508595577
XGB,LTC,4,2025-07-01,2026-07-01,2025-11-28,4090,4.434524071154238,-0.048542162614600315,-0.0142072905,-0.04638308773788058,-0.0028418922332518193
XGB,LTC,4,2025-07-01,2026-07-01,2025-11-29,4091,4.431682178920986,-0.04570925712766627,-0.022312384,-0.02860654977637367,-0.01820865786873327
XGB,LTC,4,2025-07-01,2026-07-01,2025-11-30,4092,4.413473521052253,-0.0404359689428091,-0.030917522,-0.013802657383256367,-0.06204956823364327
XGB,LTC,4,2025-07-01,2026-07-01,2025-12-01,4093,4.351423952818609,-0.022323258024689707,-0.05499205,0.07824778150880185,0.06515533974750731
XGB,LTC,4,2025-07-01,2026-07-01,2025-12-02,4094,4.416579292566117,-0.010902691995872793,-0.0136168655,0.038953494137655476,0.037691351948849316
XGB,LTC,4,2025-07-01,2026-07-01,2025-12-03,4095,4.454270644514966,-0.008265751984531278,0.007902231,-0.017437943911189357,-0.028628679108633648
XGB,LTC,4,2025-07-01,2026-07-01,2025-12-04,4096,4.425641965406332,-0.0055409274536390996,0.0045112735,-0.0074043534635830355,-0.0375009819899752
XGB,LTC,4,2025-07-01,2026-07-01,2025-12-05,4097,4.388140983416357,-0.0001354274760485552,-0.003922314,0.017665855959710264,0.014934645728255092
XGB,LTC,4,2025-07-01,2026-07-01,2025-12-06,4098,4.403075629144612,0.0018792013058037682,-0.002856635,-0.001783579683462655,-0.0034047654756159673
XGB,LTC,4,2025-07-01,2026-07-01,2025-12-07,4099,4.399670863668996,-0.0017916153040449245,-0.006704553,-0.030497127523860357,0.030000870658414946
XGB,LTC,4,2025-07-01,2026-07-01,2025-12-08,4100,4.429671734327411,-0.013233579157727604,0.0004916881,-0.0782109080460831,0.025861052376360938
XGB,LTC,4,2025-07-01,2026-07-01,2025-12-09,4101,4.455532786703772,-0.024346373504127605,0.007196773,-0.0853404280246588,-0.018700086099995517
XGB,LTC,4,2025-07-01,2026-07-01,2025-12-10,4102,4.436832700603777,-0.038204943922528045,-0.00640674,-0.10707911306125073,-0.018595088661027326
XGB,LTC,4,2025-07-01,2026-07-01,2025-12-11,4103,4.418237611942749,-0.05141573329042082,-0.0064658313,-0.11031085055965217,-0.012430772566681902
XGB,LTC,4,2025-07-01,2026-07-01,2025-12-12,4104,4.405806839376067,-0.05385901439664664,-0.01389219,-0.05548342301521103,-0.004514789914917827
XGB,LTC,4,2025-07-01,2026-07-01,2025-12-13,4105,4.40129204946115,-0.05433959909901365,-0.012682829,-0.04652394910166979,-0.03211831331601367
XGB,LTC,4,2025-07-01,2026-07-01,2025-12-14,4106,4.369173736145136,-0.05128240693378494,-0.028609725,-0.029063400019015084,-0.017712909863807802
XGB,LTC,4,2025-07-01,2026-07-01,2025-12-15,4107,4.351460826281328,-0.04439608174459764,-0.029272893,-0.007716342357526607,0.018731532397785244
XGB,LTC,4,2025-07-01,2026-07-01,2025-12-16,4108,4.370192358679113,-0.04169576078381265,-0.010214283,-0.02729703228073621,-0.04043877113658745
XGB,LTC,4,2025-07-01,2026-07-01,2025-12-17,4109,4.329753587542526,-0.035583263057988646,-0.022959996,-0.0024142546547762933,-0.02182682615942877
XGB,LTC,4,2025-07-01,2026-07-01,2025-12-18,4110,4.307926761383097,-0.026179990166511402,-0.030681074,0.018553798316418124,0.04239665497775924
XGB,LTC,4,2025-07-01,2026-07-01,2025-12-19,4111,4.350323416360856,-0.021582734049025554,-0.0045459936,-0.008692058271257963,0.004444683998623411
XGB,LTC,4,2025-07-01,2026-07-01,2025-12-20,4112,4.35476810035948,-0.011956591990395893,-0.0046334565,0.02963826505243361,-0.01465776423335896
XGB,LTC,4,2025-07-01,2026-07-01,2025-12-21,4113,4.340110336126121,-0.0040196774186957995,-0.012406855,0.02468320119504419,0.0036341477976806758
XGB,LTC,4,2025-07-01,2026-07-01,2025-12-22,4114,4.3437444839238015,0.00178410362315784,-0.016074227,0.01650280907781365,-0.00084915752542436
XGB,LTC,4,2025-07-01,2026-07-01,2025-12-23,4115,4.342895326398377,0.008313265512288837,-0.017853374,0.023530587358031596,-0.01555599351062753
XGB,LTC,4,2025-07-01,2026-07-01,2025-12-24,4116,4.32733933288775,0.011765989675706301,-0.023252932,0.013569763636579246,-0.0008587731882343519
XGB,LTC,4,2025-07-01,2026-07-01,2025-12-25,4117,4.326480559699515,0.021059425218858507,-0.0161468,0.05359180457075574,0.015150798390083153
XGB,LTC,4,2025-07-01,2026-07-01,2025-12-26,4118,4.341631358089598,0.03010376209714849,0.0010557004,0.0629304456939419,0.042775007322314984
XGB,LTC,4,2025-07-01,2026-07-01,2025-12-27,4119,4.384406365411913,0.033030412641346096,0.031431843,0.02295624219281578,-0.01961282809074838
XGB,LTC,4,2025-07-01,2026-07-01,2025-12-28,4120,4.364793537321165,0.03919904331551294,0.012755808,0.043548151528256085,-0.004546244319549864
XGB,LTC,4,2025-07-01,2026-07-01,2025-12-29,4121,4.360247293001615,0.048201882349164116,0.011168618,0.06550276262948529,0.0061786207547935845
XGB,LTC,4,2025-07-01,2026-07-01,2025-12-30,4122,4.366425913756409,0.055555988923591926,-0.00018893945,0.0637573538761611,-0.02551681723207988
XGB,LTC,4,2025-07-01,2026-07-01,2025-12-31,4123,4.340909096524329,0.0606793873469913,-0.006211557,0.06127079432372984,0.03916326774594214
XGB,LTC,4,2025-07-01,2026-07-01,2026-01-01,4124,4.380072364270271,0.05745892508010897,0.017412916,0.017425685218694476,0.024489439513269318
XGB,LTC,4,2025-07-01,2026-07-01,2026-01-02,4125,4.40456180378354,0.05011096208372834,0.019034062,-0.005562991339454371,0.0028008038211888575
XGB,LTC,4,2025-07-01,2026-07-01,2026-01-03,4126,4.407362607604729,0.040935477661021125,0.016025534,-0.011420149038192662,0.0009790812446919261
XGB,LTC,4,2025-07-01,2026-07-01,2026-01-04,4127,4.408341688849421,0.026113580791452762,0.013857708,-0.042831877376180216,0.01740836678167934
XGB,LTC,4,2025-07-01,2026-07-01,2026-01-05,4128,4.4257500556311005,0.004482020649057894,0.020456975,-0.09435618781999988,0.0044332120014694
XGB,LTC,4,2025-07-01,2026-07-01,2026-01-06,4129,4.43018326763257,-0.011470662099847928,0.011052292,-0.07188702685965342,-0.028003376784511147
XGB,LTC,4,2025-07-01,2026-07-01,2026-01-07,4130,4.402179890848059,-0.022731017243716067,-0.0017546589,-0.061739137485887774,-0.0046818413590932195
XGB,LTC,4,2025-07-01,2026-07-01,2026-01-08,4131,4.3974980494889655,-0.03659975067640708,-0.0024357124,-0.11915222607433229,0.0015007629551204715
XGB,LTC,4,2025-07-01,2026-07-01,2026-01-09,4132,4.398998812444086,-0.0447086404193211,-0.005630394,-0.07798856824109901,-0.0030563538775494337
XGB,LTC,4,2025-07-01,2026-07-01,2026-01-10,4133,4.3959424585665365,-0.05270128867484658,-0.0037702192,-0.0806036665140617,-0.03043264709329563
XGB,LTC,4,2025-07-01,2026-07-01,2026-01-11,4134,4.365509811473241,-0.05900436229617778,-0.015077722,-0.08527791132002971,-0.034115943662140324
XGB,LTC,4,2025-07-01,2026-07-01,2026-01-12,4135,4.331393867811101,-0.06379766795590047,-0.025792133,-0.07265485986912879,0.026902372961815857
XGB,LTC,4,2025-07-01,2026-07-01,2026-01-13,4136,4.358296240772916,-0.0781742858868153,-0.011141341,-0.15267190297484667,-0.017855487410745496
XGB,LTC,4,2025-07-01,2026-07-01,2026-01-14,4137,4.340440753362171,-0.08672028990543446,-0.016309204,-0.11477348192011227,-0.062094929947537736
XGB,LTC,4,2025-07-01,2026-07-01,2026-01-15,4138,4.278345823414633,-0.0912021590507015,-0.04365052,-0.056991715261896836,0.04266442078835375
XGB,LTC,4,2025-07-01,2026-07-01,2026-01-16,4139,4.321010244202987,-0.10026652102828137,-0.018399538,-0.10091009011948415,-0.005671452150512124
XGB,LTC,4,2025-07-01,2026-07-01,2026-01-17,4140,4.315338792052475,-0.1063311177601749,-0.017563868,-0.09413140157364719,-0.03510689189926364
XGB,LTC,4,2025-07-01,2026-07-01,2026-01-18,4141,4.280231900153211,-0.1088575922991426,-0.018663222,-0.07296306959325083,-0.0214928922112394
XGB,LTC,4,2025-07-01,2026-07-01,2026-01-19,4142,4.258739007941972,-0.09932687331578638,-0.027679708,-0.013981297714189544,-0.05311467014390203
XGB,LTC,4,2025-07-01,2026-07-01,2026-01-20,4143,4.20562433779807,-0.0835512127120639,-0.056017917,0.04236396600022818,0.020042933643988903
XGB,LTC,4,2025-07-01,2026-07-01,2026-01-21,4144,4.225667271442059,-0.07088793990488629,-0.031079533,0.01398004396821495,-0.004313163289322297
XGB,LTC,4,2025-07-01,2026-07-01,2026-01-22,4145,4.221354108152736,-0.06562122564358397,-0.024048448,-0.03012652088807144,-0.001253954069233565
XGB,LTC,4,2025-07-01,2026-07-01,2026-01-23,4146,4.220100154083503,-0.061819637229591606,-0.025459219,-0.04035604657124647,0.0011072363953248399
XGB,LTC,4,2025-07-01,2026-07-01,2026-01-24,4147,4.221207390478828,-0.06568434242229415,-0.020034168,-0.13635464035957678,-0.013938559918867277
XGB,LTC,4,2025-07-01,2026-07-01,2026-01-25,4148,4.20726883055996,-0.07095979349993531,-0.027767586,-0.138547885734833,0.037488879667821884
XGB,LTC,4,2025-07-01,2026-07-01,2026-01-26,4149,4.244757710227782,-0.08219449674323798,0.0036752594,-0.15055093164698796,0.003230593570515694
XGB,LTC,4,2025-07-01,2026-07-01,2026-01-27,4150,4.247988303798298,-0.09631065011863171,0.0037310875,-0.1659412736776016,-0.008340988388024329
XGB,LTC,4,2025-07-01,2026-07-01,2026-01-28,4151,4.239647315410274,-0.11001049531012086,0.00085454975,-0.16560674974022405,-0.04841972814560869
XGB,LTC,4,2025-07-01,2026-07-01,2026-01-29,4152,4.191227587264665,-0.1204264155521475,-0.019960249,-0.265541707865963,-0.011483479752408599
XGB,LTC,4,2025-07-01,2026-07-01,2026-01-30,4153,4.179744107512256,-0.12505443530032867,-0.030904092,-0.17130340093143293,-0.09489135739300547
XGB,LTC,4,2025-07-01,2026-07-01,2026-01-31,4154,4.084852750119251,-0.12364160278198533,-0.079211146,-0.07345906378722322,-0.016131805294123502
XGB,LTC,4,2025-07-01,2026-07-01,2026-02-01,4155,4.068720944825127,-0.12071140044898332,-0.0919294,-0.06968632716771461,0.02548583375566693
XGB,LTC,4,2025-07-01,2026-07-01,2026-02-02,4156,4.094206778580794,-0.12044337126973925,-0.07396012,-0.09789252557006689,-0.01215974846009793
XGB,LTC,4,2025-07-01,2026-07-01,2026-02-03,4157,4.082047030120696,-0.12037846287082044,-0.08242278,-0.10562250825524622,-0.008006464450646789
XGB,LTC,4,2025-07-01,2026-07-01,2026-02-04,4158,4.07404056567005,-0.12143793824441973,-0.07422851,-0.11824951895710889,-0.14835468627134762
XGB,LTC,4,2025-07-01,2026-07-01,2026-02-05,4159,3.925685879398702,-0.11430214388319371,-0.10453262,0.04645675190560361,0.08275482718212146
XGB,LTC,4,2025-07-01,2026-07-01,2026-02-06,4160,4.008440706580823,-0.10544635401054814,-0.06764526,0.00035521171386143635,0.002952979751204232
XGB,LTC,4,2025-07-01,2026-07-01,2026-02-07,4161,4.011393686332028,-0.09239919890669235,-0.055275638,0.014146950305557127,-0.012359068674614893
XGB,LTC,4,2025-07-01,2026-07-01,2026-02-08,4162,3.9990346176574127,-0.07982519284428768,-0.06327023,0.008992740200089333,-0.002720364646685347
XGB,LTC,4,2025-07-01,2026-07-01,2026-02-09,4163,3.9963142530107274,-0.06598444130158443,-0.07744859,0.011785600481300396,-0.019889731145277256
XGB,LTC,4,2025-07-01,2026-07-01,2026-02-10,4164,3.97642452186545,-0.05351879011411231,-0.06543228,0.010656370833082018,-0.020633475152509462
XGB,LTC,4,2025-07-01,2026-07-01,2026-02-11,4165,3.9557910467129407,-0.04050941529067176,-0.06367526,0.019961174372675305,0.016351584591364876
XGB,LTC,4,2025-07-01,2026-07-01,2026-02-12,4166,3.9721426313043056,-0.032064128231600986,-0.043629467,-0.008256273055531338,0.036653286990379286
XGB,LTC,4,2025-07-01,2026-07-01,2026-02-13,4167,4.008795918294685,-0.022244098191465334,-0.010296625,0.002356936358592243,0.016744718342899922
XGB,LTC,4,2025-07-01,2026-07-01,2026-02-14,4168,4.025540636637585,-0.016604047954185575,-0.003177659,-0.01919296105237578,-0.017513278780082686
XGB,LTC,4,2025-07-01,2026-07-01,2026-02-15,4169,4.008027357857502,-0.014385900237247284,-0.01206988,-0.02895838224964109,7.24956345257155e-05
XGB,LTC,4,2025-07-01,2026-07-01,2026-02-16,4170,4.008099853492028,-0.02037262150751573,-0.02014845,-0.07127549460152371,-0.021018960793495634
XGB,LTC,4,2025-07-01,2026-07-01,2026-02-17,4171,3.987080892698532,-0.02292668853125779,-0.027013997,-0.052059168731787064,-0.011328671612916175
XGB,LTC,4,2025-07-01,2026-07-01,2026-02-18,4172,3.975752221085616,-0.014826947622450959,-0.03388851,0.061618855695421804,-0.011865862836841767
XGB,LTC,4,2025-07-01,2026-07-01,2026-02-19,4173,3.9638863582487742,-0.006235209626944904,-0.039520048,0.054650778782582954,0.04726649640450287
XGB,LTC,4,2025-07-01,2026-07-01,2026-02-20,4174,4.011152854653277,-0.006908396189593269,-0.0047220928,-0.012411522067381942,-0.0048051790680680995
XGB,LTC,4,2025-07-01,2026-07-01,2026-02-21,4175,4.006347675585209,-0.006897423930547486,0.0022382736,-0.010210367667367048,-0.027278699977347998
XGB,LTC,4,2025-07-01,2026-07-01,2026-02-22,4176,3.979068975607861,-0.004708814132364125,-0.003831047,-0.004141378239984839,-0.04224461671735691
XGB,LTC,4,2025-07-01,2026-07-01,2026-02-23,4177,3.936824358890504,0.00815903150235453,-0.019103214,0.062120736551807276,-0.0018026349237589834
XGB,LTC,4,2025-07-01,2026-07-01,2026-02-24,4178,3.935021723966745,0.021234059855292475,-0.016653415,0.06823238564776446,0.1023493528142927
XGB,LTC,4,2025-07-01,2026-07-01,2026-02-25,4179,4.037371076781038,0.029339051643094027,0.031292967,0.0020352049828709085,-0.018833939749680617
XGB,LTC,4,2025-07-01,2026-07-01,2026-02-26,4180,4.018537137031357,0.033332013621020895,0.014244361,-0.0026679608395792087,-0.01979580444546203
XGB,LTC,4,2025-07-01,2026-07-01,2026-02-27,4181,3.998741332585895,0.03276085643302551,-0.006632112,-0.013266954577717094,-0.0026040246680532064
XGB,LTC,4,2025-07-01,2026-07-01,2026-02-28,4182,3.996137307917842,0.0306331748210531,-0.009533575,-0.01527109023172768,-0.021209710549965788
XGB,LTC,4,2025-07-01,2026-07-01,2026-03-01,4183,3.974927597367876,0.02774473458916571,-0.008129738,-0.011517921937452158,0.024017498074435206
XGB,LTC,4,2025-07-01,2026-07-01,2026-03-02,4184,3.9989450954423114,0.02471361353700985,0.013431,-0.015152386983930288,0.0043090141721982
XGB,LTC,4,2025-07-01,2026-07-01,2026-03-03,4185,4.00325410961451,0.020890996856282484,0.008670504,-0.01706413130565476,0.03615217214939914
XGB,LTC,4,2025-07-01,2026-07-01,2026-03-04,4186,4.039406281763909,0.014930634858773661,0.027392682,-0.0367605374944322,-0.023537105572130734
XGB,LTC,4,2025-07-01,2026-07-01,2026-03-05,4187,4.015869176191778,0.012267108019690554,0.01559906,-0.016293469470904487,-0.030394798183599914
XGB,LTC,4,2025-07-01,2026-07-01,2026-03-06,4188,3.985474378008178,0.017348992346592595,0.004055614,0.02740584675077473,-0.004608160322063792
XGB,LTC,4,2025-07-01,2026-07-01,2026-03-07,4189,3.9808662176861143,0.021183168784132622,-0.009082281,0.026481324576638876,-0.017456542255690266
XGB,LTC,4,2025-07-01,2026-07-01,2026-03-08,4190,3.963409675430424,0.03163417344251851,-0.0077270563,0.0652549674366103,0.020383033027957076
XGB,LTC,4,2025-07-01,2026-07-01,2026-03-09,4191,3.983792708458381,0.043137336602719234,0.005436427,0.08905051503420136,0.0023972698504737266
XGB,LTC,4,2025-07-01,2026-07-01,2026-03-10,4192,3.986189978308855,0.051575759249856024,-0.0028203372,0.07588399729651663,0.016455765960621704
XGB,LTC,4,2025-07-01,2026-07-01,2026-03-11,4193,4.0026457442694765,0.04935799503865823,0.008349145,0.02366052741655622,-0.003070037548603022
XGB,LTC,4,2025-07-01,2026-07-01,2026-03-12,4194,3.9995757067208735,0.04592013764303671,0.013009847,0.016939685575125818,0.013304518038079305
XGB,LTC,4,2025-07-01,2026-07-01,2026-03-13,4195,4.012880224758953,0.042076781536765306,0.026354827,0.015615143315718782,-0.005532682496199648
XGB,LTC,4,2025-07-01,2026-07-01,2026-03-14,4196,4.007347542262753,0.03473960056933434,0.01929485,-0.006081586919091997,0.02131710060428116
XGB,LTC,4,2025-07-01,2026-07-01,2026-03-15,4197,4.028664642867034,0.019920962694328637,0.027760165,-0.04917794969436784,0.044178580625548136
XGB,LTC,4,2025-07-01,2026-07-01,2026-03-16,4198,4.072843223492582,0.007915260305743743,0.04343219,-0.05349566711623499,-0.010769247887211009
XGB,LTC,4,2025-07-01,2026-07-01,2026-03-17,4199,4.062073975605371,0.0004638606130544787,0.022820089,-0.029910283023887985,-0.0357677039193387
XGB,LTC,4,2025-07-01,2026-07-01,2026-03-18,4200,4.026306271686033,0.0011185654227512387,0.011657747,0.010085026764349081,-0.009790879390033425
XGB,LTC,4,2025-07-01,2026-07-01,2026-03-19,4201,4.016515392295999,-0.0028361989070804228,0.0035752915,-0.017067537681239475,0.01197997577867227
XGB,LTC,4,2025-07-01,2026-07-01,2026-03-20,4202,4.028495368074672,-0.01156949885514802,0.0090835225,-0.0453892801194451,-0.027229412731010427
XGB,LTC,4,2025-07-01,2026-07-01,2026-03-21,4203,4.001265955343661,-0.014308328036735318,-0.009563116,-0.015237293176501243,-0.021779262170994684
XGB,LTC,4,2025-07-01,2026-07-01,2026-03-22,4204,3.9794866931726665,-0.014806405735487083,-0.022634348,-0.0036439946574935433,0.039860863203680985
XGB,LTC,4,2025-07-01,2026-07-01,2026-03-23,4205,4.019347556376347,-0.022989232706713825,0.0010362281,-0.045331380727361203,0.012816136205135997
XGB,LTC,4,2025-07-01,2026-07-01,2026-03-24,4206,4.032163692581483,-0.02927536974835343,0.015816012,-0.04470103023839833,0.004227605868898365
XGB,LTC,4,2025-07-01,2026-07-01,2026-03-25,4207,4.036391298450382,-0.036011588165739905,0.015971214,-0.05100901197387797,-0.03694344383562198
XGB,LTC,4,2025-07-01,2026-07-01,2026-03-26,4208,3.99944785461476,-0.04095149902183781,-0.0032000963,-0.04321326889430965,-0.016341766659533352
XGB,LTC,4,2025-07-01,2026-07-01,2026-03-27,4209,3.9831060879552265,-0.03823711541213903,-0.009379171,-0.008896391509517265,0.0029225742119334264
XGB,LTC,4,2025-07-01,2026-07-01,2026-03-28,4210,3.98602866216716,-0.03412677014123178,-0.016020514,-0.004954579752024735,-0.010185963651986985
XGB,LTC,4,2025-07-01,2026-07-01,2026-03-29,4211,3.975842698515173,-0.025753833528339598,-0.021807179,0.015259721178514152,-0.001826522866186675
XGB,LTC,4,2025-07-01,2026-07-01,2026-03-30,4212,3.9740161756489862,-0.019915174400635838,-0.019425979,0.006468452593885843,0.01344648669409887
XGB,LTC,4,2025-07-01,2026-07-01,2026-03-31,4213,3.987462662343085,-0.01150598998388963,-0.007550516,0.027250808682185657,-0.0020803758665812744
XGB,LTC,4,2025-07-01,2026-07-01,2026-04-01,4214,3.985382286476504,-0.008394293761501359,-0.00010908283,0.0030170221271603737,-0.029147700756053663
XGB,LTC,4,2025-07-01,2026-07-01,2026-04-02,4215,3.95623458572045,0.0018496198651130058,-0.009376585,0.04201168129448396,0.017975110725259036
XGB,LTC,4,2025-07-01,2026-07-01,2026-04-03,4216,3.974209696445709,0.009173984842695937,0.0061390456,0.032519682708869624,0.006864385969425957
XGB,LTC,4,2025-07-01,2026-07-01,2026-04-04,4217,3.981074082415135,0.014743117332498556,0.0045181387,0.02756848966963643,0.010028337278551902
XGB,LTC,4,2025-07-01,2026-07-01,2026-04-05,4218,3.991102419693687,0.01114254936171033,0.009486262,-0.01161052041874111,-0.010617791450814984
XGB,LTC,4,2025-07-01,2026-07-01,2026-04-06,4219,3.980484628242872,0.014231657314214274,-0.0022339076,0.020471664310761195,0.03422884278239868
XGB,LTC,4,2025-07-01,2026-07-01,2026-04-07,4220,4.014713471025271,0.009530269912291,0.005261155,-0.01997669741192576,-0.026314162421606557
XGB,LTC,4,2025-07-01,2026-07-01,2026-04-08,4221,3.988399308603664,0.013196113540275167,-0.011039825,0.021347053106662184,0.009846958411269924
XGB,LTC,4,2025-07-01,2026-07-01,2026-04-09,4222,3.998246267014934,0.018661535239335336,0.004447324,0.033674303910367964,0.0084831121396447
XGB,LTC,4,2025-07-01,2026-07-01,2026-04-10,4223,4.006729379154579,0.022229981575508262,0.003253941,0.02710040260498303,0.0019131929301927642
XGB,LTC,4,2025-07-01,2026-07-01,2026-04-11,4224,4.008642572084772,0.02157381018558846,0.009484243,0.011865890687713154,-0.02915067280982564
XGB,LTC,4,2025-07-01,2026-07-01,2026-04-12,4225,3.979491899274946,0.02103791170029634,-0.0063851466,0.010826894658368946,0.02146439327868732
XGB,LTC,4,2025-07-01,2026-07-01,2026-04-13,4226,4.000956292553633,0.019609020923515352,0.0027597933,0.007040360501465059,-0.006219518940288271
XGB,LTC,4,2025-07-01,2026-07-01,2026-04-14,4227,3.994736773613345,0.02121404951232586,-0.0015453537,0.0225318956015248,0.015009588096981386
XGB,LTC,4,2025-07-01,2026-07-01,2026-04-15,4228,4.009746361710326,0.01945741357341202,0.01300601,0.007871102650873318,0.022174209214975704
XGB,LTC,4,2025-07-01,2026-07-01,2026-04-16,4229,4.031920570925302,0.016162033515928265,0.024082325,-0.0023874620486568077,0.001909210834259767
XGB,LTC,4,2025-07-01,2026-07-01,2026-04-17,4230,4.033829781759562,0.013536015139528068,0.016427005,0.0007563475110794471,-0.013321318987077113
XGB,LTC,4,2025-07-01,2026-07-01,2026-04-18,4231,4.020508462772485,0.01200060372217493,0.0036411586,0.00569864844600243,-0.030189668839169848
XGB,LTC,4,2025-07-01,2026-07-01,2026-04-19,4232,3.990318793933315,0.017596723568880535,-0.0029463377,0.04050953801886692,0.017677859121783435
XGB,LTC,4,2025-07-01,2026-07-01,2026-04-20,4233,4.007996653055098,0.01578659310790087,0.004302054,0.009285475866936288,0.009272016159771468
XGB,LTC,4,2025-07-01,2026-07-01,2026-04-21,4234,4.01726866921487,0.013004989897639874,0.004735608,0.0030429110774043977,0.0003487951463299055
XGB,LTC,4,2025-07-01,2026-07-01,2026-04-22,4235,4.0176174643612,0.008507426280492503,0.005114349,-0.004781108324138472,0.011915644515445578
XGB,LTC,4,2025-07-01,2026-07-01,2026-04-23,4236,4.029533108876645,0.0012803023700564964,0.014166668,-0.019111947884153935,0.005053020393996022
XGB,LTC,4,2025-07-01,2026-07-01,2026-04-24,4237,4.034586129270641,-0.0049572894526130895,0.010342893,-0.020096646307254495,-0.00837901805215413
XGB,LTC,4,2025-07-01,2026-07-01,2026-04-25,4238,4.026207111218487,-0.00826016821593889,0.0013597532,-0.012247949371482214,0.004621220733694642
XGB,LTC,4,2025-07-01,2026-07-01,2026-04-26,4239,4.030828331952182,-0.012421658856941242,0.0019234491,-0.018297868889735724,-0.013546203030147197
XGB,LTC,4,2025-07-01,2026-07-01,2026-04-27,4240,4.017282128922035,-0.014136969179120662,-0.009849361,-0.010886689032552965,0.0030294513702395776
XGB,LTC,4,2025-07-01,2026-07-01,2026-04-28,4241,4.020311580292274,-0.009912801064364096,-0.0086802635,0.011746696908872423,-0.007475224255212964
XGB,LTC,4,2025-07-01,2026-07-01,2026-04-29,4242,4.012836356037061,-0.0024736353649625897,-0.009293569,0.024643480903836945,-0.0024151950445698844
XGB,LTC,4,2025-07-01,2026-07-01,2026-04-30,4243,4.010421160992491,0.0038359404139445274,-0.0063789897,0.022607357027697006,0.004068321970895461
XGB,LTC,4,2025-07-01,2026-07-01,2026-05-01,4244,4.014489482963387,0.013136817507598764,-0.004145009,0.0499654365441522,-0.0005303211163818489
XGB,LTC,4,2025-07-01,2026-07-01,2026-05-02,4245,4.013959161847005,0.021700207598868815,-0.0033107046,0.046637345597782875,-0.0014286987845588683
XGB,LTC,4,2025-07-01,2026-07-01,2026-05-03,4246,4.012530463062446,0.034002912358433335,-0.004082017,0.08815641408400587,-0.006135023172964438
XGB,LTC,4,2025-07-01,2026-07-01,2026-05-04,4247,4.006395439889482,0.04259768910624562,-0.004056277,0.06318074062631673,0.025662837311664966
XGB,LTC,4,2025-07-01,2026-07-01,2026-05-05,4248,4.032058277201147,0.042785954930416814,0.011000626,0.02849975958325235,0.005421559739751558
XGB,LTC,4,2025-07-01,2026-07-01,2026-05-06,4249,4.037479836940898,0.03798708024328512,0.008443971,0.004982656504388672,-0.004451318920709824
XGB,LTC,4,2025-07-01,2026-07-01,2026-05-07,4250,4.033028518020188,0.03796291534124219,0.0072012055,0.030153111792980525,0.03142640148735065
XGB,LTC,4,2025-07-01,2026-07-01,2026-05-08,4251,4.064454919507539,0.030541462979550182,0.021734728,-0.012785812525274665,-0.003858412062751171
XGB,LTC,4,2025-07-01,2026-07-01,2026-05-09,4252,4.060596507444788,0.019180855263284613,0.017845225,-0.03206963158259679,0.04009036970166413
XGB,LTC,4,2025-07-01,2026-07-01,2026-05-10,4253,4.100686877146452,-0.0001461911370972402,0.037981503,-0.10129795604278913,-0.031110696630653578
XGB,LTC,4,2025-07-01,2026-07-01,2026-05-11,4254,4.069576180515798,-0.015634516678501242,0.020747457,-0.07486665935449022,-0.00901814373139942
XGB,LTC,4,2025-07-01,2026-07-01,2026-05-12,4255,4.060558036784399,-0.028833970501982442,0.018202892,-0.06445243220634511,-0.01809554333911212
XGB,LTC,4,2025-07-01,2026-07-01,2026-05-13,4256,4.042462493445287,-0.03933139418977927,-0.00043179758,-0.055207150379086745,0.02071913636788203
XGB,LTC,4,2025-07-01,2026-07-01,2026-05-14,4257,4.063181629813169,-0.05087299134298018,0.01524688,-0.07176246450810231,-0.011512522830904537
XGB,LTC,4,2025-07-01,2026-07-01,2026-05-15,4258,4.051669106982264,-0.06310231411074785,0.00026829407,-0.08853689469679571,-0.023142231120073298
XGB,LTC,4,2025-07-01,2026-07-01,2026-05-16,4259,4.028526875862191,-0.06611677615963574,-0.016252032,-0.0500446829031711,-0.029137954758528206
XGB,LTC,4,2025-07-01,2026-07-01,2026-05-17,4260,3.999388921103663,-0.06629782324576672,-0.020141767,-0.03354004529251764,-0.004679399942354667
XGB,LTC,4,2025-07-01,2026-07-01,2026-05-18,4261,3.994709521161308,-0.06434962947279699,-0.01898458,-0.030917336671882456,0.001396083416745686
XGB,LTC,4,2025-07-01,2026-07-01,2026-05-19,4262,3.996105604578054,-0.06480224931397904,-0.017941657,-0.04755979875553562,-0.008850261511853752
XGB,LTC,4,2025-07-01,2026-07-01,2026-05-20,4263,3.9872553430662,-0.06226475470818027,-0.017214626,-0.03750083153475936,0.004163822238866466
XGB,LTC,4,2025-07-01,2026-07-01,2026-05-21,4264,3.9914191653050666,-0.06185886630995219,-0.019435978,-0.048137078589950644,-0.028286953019597938
XGB,LTC,4,2025-07-01,2026-07-01,2026-05-22,4265,3.9631322122854686,-0.054958088078632894,-0.02984907,-0.015153771176570796,0.015349980673551311
XGB,LTC,4,2025-07-01,2026-07-01,2026-05-23,4266,3.97848219295902,-0.04880824406704365,-0.007964061,-0.02059616062613845,-0.012633317147874745
XGB,LTC,4,2025-07-01,2026-07-01,2026-05-24,4267,3.965848875811145,-0.04203697968352005,-0.014211385,-0.014532900670927607,-0.0020566913217194838
XGB,LTC,4,2025-07-01,2026-07-01,2026-05-25,4268,3.9637921844894257,-0.04125472809737252,-0.008603632,-0.03746056872063841,-0.015246378666907479
XGB,LTC,4,2025-07-01,2026-07-01,2026-05-26,4269,3.9485458058225182,-0.0424917469234698,-0.017234858,-0.1003764974837198,0.0012087057089225084
XGB,LTC,4,2025-07-01,2026-07-01,2026-05-27,4270,3.9497545115314407,-0.046422124400419484,-0.015441865,-0.09655729075080544,-0.006472424816324818
XGB,LTC,4,2025-07-01,2026-07-01,2026-05-28,4271,3.943282086715116,-0.05376073189347874,-0.018153824,-0.1243729975816179,0.00469635439378191
XGB,LTC,4,2025-07-01,2026-07-01,2026-05-29,4272,3.947978441108898,-0.0676106943588608,-0.010090087,-0.18117650401965069,0.009907591223983658
XGB,LTC,4,2025-07-01,2026-07-01,2026-05-30,4273,3.9578860323328815,-0.08911199316443019,-0.00028757536,-0.23612892892463933,-0.006570057192663903
XGB,LTC,4,2025-07-01,2026-07-01,2026-05-31,4274,3.9513159751402176,-0.10616598016804435,0.002703686,-0.19389225682170874,-0.024984359371430287
XGB,LTC,4,2025-07-01,2026-07-01,2026-06-01,4275,3.9263316157687873,-0.11754115343541915,-0.014479322,-0.1636443422259064,-0.07816230742998886
XGB,LTC,4,2025-07-01,2026-07-01,2026-06-02,4276,3.8481693083387984,-0.12441235621131375,-0.053214993,-0.0868220271312703,0.005027912441836868
XGB,LTC,4,2025-07-01,2026-07-01,2026-06-03,4277,3.8531972207806353,-0.13304619495295134,-0.045820262,-0.12224883870953196,-0.03428813164713729
XGB,LTC,4,2025-07-01,2026-07-01,2026-06-04,4278,3.818909089133498,-0.13338046022667527,-0.050331064,-0.06920675835668799,-0.05210715204425087
XGB,LTC,4,2025-07-01,2026-07-01,2026-06-05,4279,3.766801937089247,-0.12570524283176532,-0.06559631,-0.0045297566197799455,-0.04504483368100498
XGB,LTC,4,2025-07-01,2026-07-01,2026-06-06,4280,3.721757103408242,-0.10735470122991231,-0.0745892,0.06891604604981971,0.03566661491026668
XGB,LTC,4,2025-07-01,2026-07-01,2026-06-07,4281,3.757423718318509,-0.08686903956126768,-0.045174763,0.057180547353429034,0.005263555224372052
XGB,LTC,4,2025-07-01,2026-07-01,2026-06-08,4282,3.762687273542881,-0.06351532567540508,-0.029831998,0.06167517405288825,-0.0013399923353527576
XGB,LTC,4,2025-07-01,2026-07-01,2026-06-09,4283,3.761347281207528,-0.04040213546309834,-0.026299572,0.059289780321504004,-0.030398899136424795
XGB,LTC,4,2025-07-01,2026-07-01,2026-06-10,4284,3.7309483820711034,-0.01799224098151253,-0.030789725,0.07260683422068936,0.01875394870570668
XGB,LTC,4,2025-07-01,2026-07-01,2026-06-11,4285,3.74970233077681,-0.005077536245202907,-0.0115875695,0.0300052346999351,0.012569849692657176
XGB,LTC,4,2025-07-01,2026-07-01,2026-06-12,4286,3.762272180469467,0.00571023684642924,-0.0011581209,0.023253178873540836,0.028400968988594677
XGB,LTC,4,2025-07-01,2026-07-01,2026-06-13,4287,3.790673149458062,0.012424683547910043,0.021313904,0.0046070238958115795,0.023931116213876003
XGB,LTC,4,2025-07-01,2026-07-01,2026-06-14,4288,3.814604265671938,0.013724197460176502,0.026451455,-0.0204699972108493,0.009758181923831266
XGB,LTC,4,2025-07-01,2026-07-01,2026-06-15,4289,3.824362447595769,0.012445866286082019,0.03173285,-0.02796226089374576,-0.003725386066737002
XGB,LTC,4,2025-07-01,2026-07-01,2026-06-16,4290,3.820637061529032,-0.00015630101235908356,0.024174586,-0.07978669003525596,-0.017081845237239435
XGB,LTC,4,2025-07-01,2026-07-01,2026-06-17,4291,3.8035552162917927,-0.012683831351699482,0.008692327,-0.08941306139812877,-0.023847650815047583
XGB,LTC,4,2025-07-01,2026-07-01,2026-06-18,4292,3.779707565476745,-0.020753289679408038,-0.00827177,-0.06972635800619731,0.00581779386626291
XGB,LTC,4,2025-07-01,2026-07-01,2026-06-19,4293,3.785525359343008,-0.025793010967726016,-0.015465526,-0.051526395574102324,0.00975481401086542
XGB,LTC,4,2025-07-01,2026-07-01,2026-06-20,4294,3.7952801733538735,-0.03132543460416892,-0.0008089834,-0.05446475001867279,-0.001145904892784877
XGB,LTC,4,2025-07-01,2026-07-01,2026-06-21,4295,3.7941342684610886,-0.03456287183857221,0.0016464128,-0.045510742957635575,0.0022659182409348055
XGB,LTC,4,2025-07-01,2026-07-01,2026-06-22,4296,3.7964001867020234,-0.035061490191986344,-0.0039513437,-0.03339973605280511,-0.0555498152082472
XGB,LTC,4,2025-07-01,2026-07-01,2026-06-23,4297,3.740850371493776,-0.030445314087277353,-0.028178727,-0.006105631386745358,-0.026708216600112245
XGB,LTC,4,2025-07-01,2026-07-01,2026-06-24,4298,3.714142154893664,-0.01846901113881616,-0.029152762,0.03901358514482789,-0.004160947423116124
XGB,LTC,4,2025-07-01,2026-07-01,2026-06-25,4299,3.709981207470548,-0.00247937486929084,-0.0326471,0.06255547143601214,0.024017756298357895
