model,asset,fold,fold_start,fold_end,date,anchor,logprice,y_true,y_pred,y_true_price_h,y_true_price_1
RF,TSLA,0,2021-07-01,2022-07-01,2021-07-01,2758,5.420416973000905,0.0205642654290922,-0.0281315592046127,-0.0139330415071619,0.0014445931240389
RF,TSLA,0,2021-07-01,2022-07-01,2021-07-02,2759,5.421861566124944,0.0104780483670667,-0.0282487279076264,-0.0383149577429122,-0.0288705831981346
RF,TSLA,0,2021-07-01,2022-07-01,2021-07-06,2760,5.3929909829268095,0.00550824134217,-0.0346485981617164,-0.0137082481743036,-0.0228957472060251
RF,TSLA,0,2021-07-01,2022-07-01,2021-07-07,2761,5.370095235720784,0.0027559170996296,-0.037786431549377,-0.0006672161342606,0.0125785940312841
RF,TSLA,0,2021-07-01,2022-07-01,2021-07-08,2762,5.382673829752068,-0.0013864162842907,-0.0337106482305009,-0.010146137061886,0.0063218122490233
RF,TSLA,0,2021-07-01,2022-07-01,2021-07-09,2763,5.388995642001092,-0.0018380031130789,-0.0318883346971049,0.0053892163950539,0.0428322791705442
RF,TSLA,0,2021-07-01,2022-07-01,2021-07-12,2764,5.431827921171636,-0.0104412849687296,-0.0296372772974087,-0.0453623576281012,-0.0253439896778928
RF,TSLA,0,2021-07-01,2022-07-01,2021-07-13,2765,5.406483931493743,-0.0165757223499891,-0.0342710929059236,-0.0292629758108944,-0.0229373231117113
RF,TSLA,0,2021-07-01,2022-07-01,2021-07-14,2766,5.383546608382032,-0.0205378128551654,-0.0378768952164607,-0.0154233362841145,-0.0042638736295259
RF,TSLA,0,2021-07-01,2022-07-01,2021-07-15,2767,5.379282734752506,-0.0182468230031336,-0.0343728975601605,0.0107322260591979,-0.0098547151659822
RF,TSLA,0,2021-07-01,2022-07-01,2021-07-16,2768,5.369428019586524,-0.0174111362735169,-0.0334765545282639,0.0008688631938005,0.0030996731036587
RF,TSLA,0,2021-07-01,2022-07-01,2021-07-19,2769,5.372527692690182,-0.0161235912739341,-0.0303058765350357,0.0011754177446832,0.0218571657059634
RF,TSLA,0,2021-07-01,2022-07-01,2021-07-20,2770,5.394384858396146,-0.0120546409468005,-0.0290304020345663,0.0251910105005492,-0.007919294852611
RF,TSLA,0,2021-07-01,2022-07-01,2021-07-21,2771,5.386465563543535,-0.0041881518790169,-0.0293950201586021,0.0475475140175429,-0.009244607860686
RF,TSLA,0,2021-07-01,2022-07-01,2021-07-22,2772,5.377220955682849,0.0088937815095446,-0.0292776335540945,0.0889668478253398,-0.0090976835849314
RF,TSLA,0,2021-07-01,2022-07-01,2021-07-23,2773,5.368123272097917,0.0239081591389327,-0.0294829575973636,0.0981631527593585,0.0218916887137865
RF,TSLA,0,2021-07-01,2022-07-01,2021-07-26,2774,5.390014960811704,0.0341288842483091,-0.0288687659791175,0.0779326323729234,-0.0197180780313797
RF,TSLA,0,2021-07-01,2022-07-01,2021-07-27,2775,5.370296882780324,0.0481543296340412,-0.0344066136723683,0.1028557829724601,0.0034062276545414
RF,TSLA,0,2021-07-01,2022-07-01,2021-07-28,2776,5.373703110434866,0.0561798897191962,-0.0310821222657232,0.0774784249718294,0.0458727584618294
RF,TSLA,0,2021-07-01,2022-07-01,2021-07-29,2777,5.419575868896695,0.0598486018059052,-0.0296417365576572,0.0523586061190561,0.0144372086643826
RF,TSLA,0,2021-07-01,2022-07-01,2021-07-30,2778,5.434013077561078,0.0596306859999664,-0.0285227214133755,0.0326255054453481,0.0321747259471107
RF,TSLA,0,2021-07-01,2022-07-01,2021-08-02,2779,5.466187803508189,0.0545193554702967,-0.0278104752631081,-0.0026102577469195,9.862134908722452e-05
RF,TSLA,0,2021-07-01,2022-07-01,2021-08-03,2780,5.466286424857276,0.0519327963650804,-0.0277312597794576,0.0174726258209592,0.0016611683273515
RF,TSLA,0,2021-07-01,2022-07-01,2021-08-04,2781,5.467947593184627,0.046822123788063,-0.0275600458443708,0.0087530483902851,0.0052050725681569
RF,TSLA,0,2021-07-01,2022-07-01,2021-08-05,2782,5.473152665752784,0.034758078059685,-0.0275102183936268,-0.0406395688907386,-0.0219711303460892
RF,TSLA,0,2021-07-01,2022-07-01,2021-08-06,2783,5.451181535406695,0.0241031267869624,-0.0333277237828414,-0.0489396737141163,0.0207529396090562
RF,TSLA,0,2021-07-01,2022-07-01,2021-08-09,2784,5.471934475015751,0.0153999765542831,-0.0309180401514379,-0.0353200207374539,-0.0052958920093253
RF,TSLA,0,2021-07-01,2022-07-01,2021-08-10,2785,5.466638583006426,0.0051982350294608,-0.0309368906229347,-0.0528073957765222,-0.0030610372451569
RF,TSLA,0,2021-07-01,2022-07-01,2021-08-11,2786,5.463577545761269,-0.0028343321043333,-0.0285598027853131,-0.0397147869022234,0.020181504916966
RF,TSLA,0,2021-07-01,2022-07-01,2021-08-12,2787,5.483759050678235,-0.0083940634164765,-0.0284058680348913,-0.0223312586107011,-0.0070584091033225
RF,TSLA,0,2021-07-01,2022-07-01,2021-08-13,2788,5.476700641574912,-0.0113584814055869,-0.0289685654223246,-0.0121769993216522,-0.0441875447128667
RF,TSLA,0,2021-07-01,2022-07-01,2021-08-16,2789,5.432513096862046,-0.0073538290517909,-0.0349206363788326,0.0358282943785415,-0.0302712351694669
RF,TSLA,0,2021-07-01,2022-07-01,2021-08-17,2790,5.402241861692579,-0.0021835189744336,-0.0381855438004426,0.051881961216587,0.0343725925857185
RF,TSLA,0,2021-07-01,2022-07-01,2021-08-18,2791,5.436614454278297,0.0007571377331681,-0.0330249696088746,0.0327388214634964,-0.0227832670483936
RF,TSLA,0,2021-07-01,2022-07-01,2021-08-19,2792,5.413831187229904,0.0108767633178628,-0.0370795763597039,0.0818468831437178,0.0100315716291419
RF,TSLA,0,2021-07-01,2022-07-01,2021-08-20,2793,5.423862758859046,0.0209989594333306,-0.0322683776522456,0.0783745864345775,0.0375650332084882
RF,TSLA,0,2021-07-01,2022-07-01,2021-08-23,2794,5.461427792067534,0.0247519601228329,-0.0308471807664862,0.0385915719633374,0.0030958501857263
RF,TSLA,0,2021-07-01,2022-07-01,2021-08-24,2795,5.46452364225326,0.0271563381244073,-0.0290265848297943,0.0331772480455176,0.003817748987327
RF,TSLA,0,2021-07-01,2022-07-01,2021-08-25,2796,5.468341391240587,0.0288590460524043,-0.0277629129594452,0.0309693351607052,-0.0142175683314214
RF,TSLA,0,2021-07-01,2022-07-01,2021-08-26,2797,5.454123822909166,0.0370914238507564,-0.0295254999505869,0.0712228461806141,0.0152294528326279
RF,TSLA,0,2021-07-01,2022-07-01,2021-08-27,2798,5.469353275741794,0.0422829855248414,-0.0284931509859377,0.0572543482223766,0.0263247946318276
RF,TSLA,0,2021-07-01,2022-07-01,2021-08-30,2799,5.495678070373621,0.0428465287518813,-0.0292503045963799,0.0322419231438608,0.0065592749200016
RF,TSLA,0,2021-07-01,2022-07-01,2021-08-31,2800,5.502237345293623,0.0369902420602592,-0.0284304877423811,0.0007472918483113,-0.0022179812627518
RF,TSLA,0,2021-07-01,2022-07-01,2021-09-01,2801,5.500019364030871,0.0333535209007704,-0.0287289209291049,0.0120644125555058,-0.0023184737320933
RF,TSLA,0,2021-07-01,2022-07-01,2021-09-02,2802,5.497700890298778,0.0306698861936673,-0.0281458871896163,0.016386228116322,0.0016098361025145
RF,TSLA,0,2021-07-01,2022-07-01,2021-09-03,2803,5.499310726401292,0.0308897690373886,-0.0278289485477973,0.0298934503331773,0.0260359426884875
RF,TSLA,0,2021-07-01,2022-07-01,2021-09-07,2804,5.52534666908978,0.0267943287774024,-0.0281044867554652,0.0053910928092628,0.0012609548743904
RF,TSLA,0,2021-07-01,2022-07-01,2021-09-08,2805,5.52660762396417,0.0232469645853239,-0.0289078406633058,0.0074272299017872,0.0013123695533119
RF,TSLA,0,2021-07-01,2022-07-01,2021-09-09,2806,5.527919993517482,0.0142073119756327,-0.028333781107752,-0.0332549009501095,-0.0249353563755478
RF,TSLA,0,2021-07-01,2022-07-01,2021-09-10,2807,5.502984637141934,0.0122719523846805,-0.0338351241713275,0.0042150986092464,0.0090991394444426
RF,TSLA,0,2021-07-01,2022-07-01,2021-09-13,2808,5.512083776586377,0.0115768243174549,-0.0306979420067452,0.0119604715249499,0.0020033418287228
RF,TSLA,0,2021-07-01,2022-07-01,2021-09-14,2809,5.5140871184151,0.0110336718097991,-0.0308721696737933,0.0122153925167189,0.0151170583193698
RF,TSLA,0,2021-07-01,2022-07-01,2021-09-15,2810,5.52920417673447,0.0121178344369337,-0.0292998456582991,0.0242591761693695,0.001533585164573
RF,TSLA,0,2021-07-01,2022-07-01,2021-09-16,2811,5.530737761899043,0.016396840365437,-0.0291547535624376,0.044402992382353,0.0032970919669148
RF,TSLA,0,2021-07-01,2022-07-01,2021-09-17,2812,5.534034853865958,0.0171833347241712,-0.0281712127998677,0.0235137050678897,-0.0393697612985848
RF,TSLA,0,2021-07-01,2022-07-01,2021-09-20,2813,5.494665092567373,0.0244809257230098,-0.033882581593762,0.067694652800899,0.012534643183808
RF,TSLA,0,2021-07-01,2022-07-01,2021-09-21,2814,5.507199735751181,0.0283105837308079,-0.0314121625389809,0.0476702215719937,0.0168445123601461
RF,TSLA,0,2021-07-01,2022-07-01,2021-09-22,2815,5.524044248111327,0.0290053275323236,-0.0309911335051503,0.0304903641989104,0.0022582628204919
RF,TSLA,0,2021-07-01,2022-07-01,2021-09-23,2816,5.526302510931819,0.0308941212724604,-0.0294827257681479,0.0363387747273078,0.0271608419720204
RF,TSLA,0,2021-07-01,2022-07-01,2021-09-24,2817,5.553463352903839,0.0276861978657905,-0.0285073642682507,0.0079743586470479,0.0216774013775564
RF,TSLA,0,2021-07-01,2022-07-01,2021-09-27,2818,5.575140754281396,0.0217611928746279,-0.0283774685975087,-0.0109397217306348,-0.0175921953475484
RF,TSLA,0,2021-07-01,2022-07-01,2021-09-28,2819,5.557548558933847,0.0218827040407143,-0.0321412470128892,0.0204313675460365,0.0048111864344244
RF,TSLA,0,2021-07-01,2022-07-01,2021-09-29,2820,5.562359745368272,0.0185932564764375,-0.0291942018737002,0.0053356415493368,-0.0074897880450972
RF,TSLA,0,2021-07-01,2022-07-01,2021-09-30,2821,5.554869957323175,0.0187231653752855,-0.0293883039758547,0.0210034269956658,-0.000335345012937
RF,TSLA,0,2021-07-01,2022-07-01,2021-10-01,2822,5.5545346123102375,0.0224936997117453,-0.0283245319507464,0.0385893881469225,0.0081066733488892
RF,TSLA,0,2021-07-01,2022-07-01,2021-10-04,2823,5.562641285659127,0.0256505115939109,-0.0278623003232461,0.0371130643917947,-0.0012035741082394
RF,TSLA,0,2021-07-01,2022-07-01,2021-10-05,2824,5.561437711550887,0.0306180514221603,-0.0287728180382701,0.0472035041730292,0.0027633209998736
RF,TSLA,0,2021-07-01,2022-07-01,2021-10-06,2825,5.564201032550761,0.0385551415569809,-0.0285084982404173,0.0741892580902643,0.013778893929123
RF,TSLA,0,2021-07-01,2022-07-01,2021-10-07,2826,5.577979926479884,0.0462829396529285,-0.0283120666918169,0.0920274786011141,-0.0102845395622752
RF,TSLA,0,2021-07-01,2022-07-01,2021-10-08,2827,5.567695386917609,0.0560356677318285,-0.0298200579883939,0.095577531688697,0.0081779974012317
RF,TSLA,0,2021-07-01,2022-07-01,2021-10-11,2828,5.57587338431884,0.0641136429114297,-0.0289556627388922,0.0891682831696325,0.0172506161383196
RF,TSLA,0,2021-07-01,2022-07-01,2021-10-12,2829,5.59312400045716,0.0717830771479475,-0.0292552428544764,0.1039694860482445,0.0066303495937614
RF,TSLA,0,2021-07-01,2022-07-01,2021-10-13,2830,5.5997543500509215,0.0805002564494961,-0.0285946804198382,0.1147262089984151,0.008886865672995
RF,TSLA,0,2021-07-01,2022-07-01,2021-10-14,2831,5.6086412157239165,0.0866605839258847,-0.0279141678322992,0.2250577781928875,0.0297490749171087
RF,TSLA,0,2021-07-01,2022-07-01,2021-10-15,2832,5.638390290641025,0.0910074895785593,-0.0277372054925362,0.1890148883164819,0.0316171144399728
RF,TSLA,0,2021-07-01,2022-07-01,2021-10-18,2833,5.670007405080998,0.0953114300537416,-0.0275728368168223,0.1762965014114073,-0.0067344864746923
RF,TSLA,0,2021-07-01,2022-07-01,2021-10-19,2834,5.663272918606306,0.1036696114763326,-0.0282404642088909,0.2200866173302724,0.0017687488821671
RF,TSLA,0,2021-07-01,2022-07-01,2021-10-20,2835,5.665041667488473,0.1155183910644455,-0.0276636773720002,0.2520584917252408,0.0320518190169316
RF,TSLA,0,2021-07-01,2022-07-01,2021-10-21,2836,5.697093486505405,0.1270011422464003,-0.0271376626729415,0.3015039169041342,0.017387072543932
RF,TSLA,0,2021-07-01,2022-07-01,2021-10-22,2837,5.714480559049337,0.1363022000685738,-0.0280300931829414,0.2533740963806217,0.1192184348674674
RF,TSLA,0,2021-07-01,2022-07-01,2021-10-25,2838,5.833698993916804,0.1503810632501663,-0.0277871577555576,0.1692493490648141,-0.0062938149592968
RF,TSLA,0,2021-07-01,2022-07-01,2021-10-26,2839,5.827405178957507,0.1653086378502184,-0.0276441885034311,0.1886788103095726,0.0188987275348981
RF,TSLA,0,2021-07-01,2022-07-01,2021-10-27,2840,5.846303906492405,0.1776375783310086,-0.0258844769816383,0.163401613588551,0.0370556294441728
RF,TSLA,0,2021-07-01,2022-07-01,2021-10-28,2841,5.883359535936578,0.1797791992429367,-0.0269764357717243,0.0767347379687981,0.0337406232771355
RF,TSLA,0,2021-07-01,2022-07-01,2021-10-29,2842,5.917100159213714,0.1684786310819612,-0.0274153824138654,-0.0847290725973612,0.081497244195825
RF,TSLA,0,2021-07-01,2022-07-01,2021-11-01,2843,5.998597403409539,0.1559709017636752,-0.0267464059077886,-0.1237134787024949,-0.0307427479795805
RF,TSLA,0,2021-07-01,2022-07-01,2021-11-02,2844,5.967854655429958,0.1418735926398682,-0.0318243724148879,-0.0971369260997816,0.0350936875516598
RF,TSLA,0,2021-07-01,2022-07-01,2021-11-03,2845,6.002948342981618,0.1203735491676978,-0.0285163999984688,-0.1609316789310018,0.0131356462854617
RF,TSLA,0,2021-07-01,2022-07-01,2021-11-04,2846,6.01608398926708,0.0926547038749685,-0.0289442884653287,-0.1936398683733848,-0.0063784691861235
RF,TSLA,0,2021-07-01,2022-07-01,2021-11-05,2847,6.009705520080956,0.0675751408429254,-0.0281039483016652,-0.1472777382814669,-0.0496112461755799
RF,TSLA,0,2021-07-01,2022-07-01,2021-11-08,2848,5.960094273905376,0.0513721499035861,-0.0338331571493729,-0.0656822760020281,-0.1277231872890238
RF,TSLA,0,2021-07-01,2022-07-01,2021-11-09,2849,5.8323710866163525,0.0443251032774529,-0.0368787926230104,0.0687857240788174,0.0425128380906913
RF,TSLA,0,2021-07-01,2022-07-01,2021-11-10,2850,5.874883924707044,0.0394434914098233,-0.0337597053960572,0.0627050204454757,-0.0041661953768672
RF,TSLA,0,2021-07-01,2022-07-01,2021-11-11,2851,5.870717729330177,0.0373671409997404,-0.0318299037514823,0.0841433127318751,-0.0287010652795602
RF,TSLA,0,2021-07-01,2022-07-01,2021-11-12,2852,5.842016664050616,0.0332337543548932,-0.0353710343506775,0.07061208456272,-0.0195725431569213
RF,TSLA,0,2021-07-01,2022-07-01,2021-11-15,2853,5.822444120893695,0.032579856308077,-0.0364353929005378,0.0964497333794511,0.0399836609057944
RF,TSLA,0,2021-07-01,2022-07-01,2021-11-16,2854,5.862427781799489,0.0247199205045056,-0.0322996626690323,0.0254524896698153,0.0319842161038588
RF,TSLA,0,2021-07-01,2022-07-01,2021-11-17,2855,5.894411997903348,0.0222697177157966,-0.0305180155006322,0.0431154303173011,0.0067448127918217
RF,TSLA,0,2021-07-01,2022-07-01,2021-11-18,2856,5.90115681069517,0.0205985074412149,-0.0289709496514636,0.0431811961982644,0.0364321344573497
RF,TSLA,0,2021-07-01,2022-07-01,2021-11-19,2857,5.93758894515252,0.0098488355886203,-0.0271108389726601,-0.0376915915700273,0.0172720969095321
RF,TSLA,0,2021-07-01,2022-07-01,2021-11-22,2858,5.954861042062052,-0.0038467487644053,-0.026584224271625,-0.0645068188329398,-0.0422322934487153
RF,TSLA,0,2021-07-01,2022-07-01,2021-11-23,2859,5.912628748613336,-0.0161253997086801,-0.0329193813079051,-0.088626701689912,0.0062651056598097
RF,TSLA,0,2021-07-01,2022-07-01,2021-11-24,2860,5.918893854273146,-0.0297496519337769,-0.0307682062152957,-0.1007812021555611,-0.0310135828038413
RF,TSLA,0,2021-07-01,2022-07-01,2021-11-26,2861,5.887880271469305,-0.0325660596399108,-0.0357868985091265,-0.0282818086507843,0.0496471567513445
RF,TSLA,0,2021-07-01,2022-07-01,2021-11-29,2862,5.937527428220649,-0.04099459013542,-0.0316376089943129,-0.0616982041564204,0.006810578672785
RF,TSLA,0,2021-07-01,2022-07-01,2021-11-30,2863,5.944338006893434,-0.0543749671338851,-0.0310550451403453,-0.1314022000994805,-0.044440653310942
RF,TSLA,0,2021-07-01,2022-07-01,2021-12-01,2864,5.899897353582492,-0.0610834871197161,-0.0342670055967719,-0.0738677193057384,-0.0095431303533803
RF,TSLA,0,2021-07-01,2022-07-01,2021-12-02,2865,5.890354223229112,-0.0698952881388512,-0.0334118706185306,-0.115378364876987,-0.0663521763056875
RF,TSLA,0,2021-07-01,2022-07-01,2021-12-03,2866,5.824002046923424,-0.0754693668384698,-0.0364529530819813,-0.0572343618422994,-0.0058893948058393
RF,TSLA,0,2021-07-01,2022-07-01,2021-12-06,2867,5.818112652117585,-0.0766145000143678,-0.0337296617489796,-0.033272641600929,0.0414858107009354
RF,TSLA,0,2021-07-01,2022-07-01,2021-12-07,2868,5.8595984628185205,-0.087616096426113,-0.0319097245021684,-0.1263435079741874,0.0162307612457084
RF,TSLA,0,2021-07-01,2022-07-01,2021-12-08,2869,5.875829224064229,-0.0994470311075073,-0.0303501883657551,-0.1364973218779956,-0.062893417270275
RF,TSLA,0,2021-07-01,2022-07-01,2021-12-09,2870,5.812935806793954,-0.1090374831345375,-0.0352649713113762,-0.1092199644032057,0.0130938274828
RF,TSLA,0,2021-07-01,2022-07-01,2021-12-10,2871,5.826029634276754,-0.1119738849599762,-0.0320692162640105,-0.0803271353431753,-0.051053775924629
RF,TSLA,0,2021-07-01,2022-07-01,2021-12-13,2872,5.774975858352125,-0.1006758636080675,-0.0361926198950864,0.0429980500060409,-0.0082081732709999
RF,TSLA,0,2021-07-01,2022-07-01,2021-12-14,2873,5.766767685081125,-0.0820406356365177,-0.0336939357366115,0.1072262489512274,0.018072325435531
RF,TSLA,0,2021-07-01,2022-07-01,2021-12-15,2874,5.784840010516656,-0.0625606277506261,-0.0319549370761664,0.1140888399179482,-0.0515850556723229
RF,TSLA,0,2021-07-01,2022-07-01,2021-12-16,2875,5.733254954844333,-0.0388164589982036,-0.035257829971747,0.1606610770402632,0.0060769473419002
RF,TSLA,0,2021-07-01,2022-07-01,2021-12-17,2876,5.739331902186233,-0.0153599392294312,-0.0327011655319784,0.1524872224480562,-0.0356160597954851
RF,TSLA,0,2021-07-01,2022-07-01,2021-12-20,2877,5.703715842390748,0.0094253644938877,-0.0351557536420947,0.1734034995109281,0.0419866565428304
RF,TSLA,0,2021-07-01,2022-07-01,2021-12-21,2878,5.7457024989335785,0.0251186330133572,-0.0317242960907799,0.1186670680933463,0.0722714094245873
RF,TSLA,0,2021-07-01,2022-07-01,2021-12-22,2879,5.817973908358166,0.0376354037839981,-0.0314697387284313,0.1733072875914345,0.0560200256741865
RF,TSLA,0,2021-07-01,2022-07-01,2021-12-23,2880,5.873993934032352,0.0421116433543549,-0.0285714625701554,0.0745543836166504,0.0249349164022518
RF,TSLA,0,2021-07-01,2022-07-01,2021-12-27,2881,5.898928850434604,0.0392532625984438,-0.0273375810012526,-0.0053344281385125,-0.005012818550008
RF,TSLA,0,2021-07-01,2022-07-01,2021-12-28,2882,5.893916031884596,0.034522707439609,-0.0267868743960691,-0.0220799894299918,-0.0020969072503067
RF,TSLA,0,2021-07-01,2022-07-01,2021-12-29,2883,5.8918191246342895,0.0261637197432111,-0.0261154472109246,-0.0560731311299038,-0.0146997827326131
RF,TSLA,0,2021-07-01,2022-07-01,2021-12-30,2884,5.877119341901676,0.0224626654046407,-0.0275220027665344,-0.011482607647796,-0.0127497748747513
RF,TSLA,0,2021-07-01,2022-07-01,2021-12-31,2885,5.864369567026925,0.0211891885609833,-0.0289485601266666,0.0071846490031122,0.1269116289226755
RF,TSLA,0,2021-07-01,2022-07-01,2022-01-03,2886,5.9912811959496,0.0176201861110838,-0.0293376460354477,-0.0811894337911249,-0.0427328783005975
RF,TSLA,0,2021-07-01,2022-07-01,2022-01-04,2887,5.948548317649003,0.0085236505194101,-0.0352766206188261,-0.1083331101472779,-0.0549538953529111
RF,TSLA,0,2021-07-01,2022-07-01,2022-01-05,2888,5.893594422296092,0.0053027214420984,-0.0368121219475088,-0.0360327793368151,-0.0217583798414873
RF,TSLA,0,2021-07-01,2022-07-01,2022-01-06,2889,5.871836042454604,0.0014558991981239,-0.0395268201041474,-0.0326392469496692,-0.0360900489502187
RF,TSLA,0,2021-07-01,2022-07-01,2022-01-07,2890,5.835745993504386,-0.0031599403102893,-0.0392408604025528,-0.0309624980979927,0.0298907407494946
RF,TSLA,0,2021-07-01,2022-07-01,2022-01-10,2891,5.86563673425388,-0.0106107988341088,-0.0335525066804482,-0.0602307287642229,0.0059174817761569
RF,TSLA,0,2021-07-01,2022-07-01,2022-01-11,2892,5.871554216030037,-0.0242769806079028,-0.0313045518248216,-0.120146282833522,0.0385375461284382
RF,TSLA,0,2021-07-01,2022-07-01,2022-01-12,2893,5.910091762158475,-0.0439719077544324,-0.0287532304437628,-0.1735194646792832,-0.0698765546567505
RF,TSLA,0,2021-07-01,2022-07-01,2022-01-13,2894,5.840215207501725,-0.0569345453932585,-0.0344346027261648,-0.1161944772503469,0.0173464354575516
RF,TSLA,0,2021-07-01,2022-07-01,2022-01-14,2895,5.8575616429592765,-0.0677288896232193,-0.0307666956951548,-0.1130531744844898,-0.0183648474543414
RF,TSLA,0,2021-07-01,2022-07-01,2022-01-18,2896,5.839196795504935,-0.0812206153261199,-0.0344223074746815,-0.217468301689256,-0.0344133000985422
RF,TSLA,0,2021-07-01,2022-07-01,2022-01-19,2897,5.804783495406393,-0.089771049947176,-0.0363361080237225,-0.1624627912278224,0.0006225100832644
RF,TSLA,0,2021-07-01,2022-07-01,2022-01-20,2898,5.805406005489657,-0.0888591682339141,-0.0332359622017713,-0.0616339138933197,-0.0539980722931421
RF,TSLA,0,2021-07-01,2022-07-01,2022-01-21,2899,5.751407933196515,-0.0826562948576254,-0.0367957064764388,-0.0134924849414099,-0.0148356357173229
RF,TSLA,0,2021-07-01,2022-07-01,2022-01-24,2900,5.736572297479192,-0.0768246259603433,-0.0348981186230229,-0.0265206561290751,-0.0125515672278142
RF,TSLA,0,2021-07-01,2022-07-01,2022-01-25,2901,5.724020730251378,-0.0710835073322444,-0.0337527780042131,-0.0301314947756967,0.0204877382234087
RF,TSLA,0,2021-07-01,2022-07-01,2022-01-26,2902,5.744508468474787,-0.0652029702342895,-0.0319457822487234,-0.0151448461826122,-0.1227799746591076
RF,TSLA,0,2021-07-01,2022-07-01,2022-01-27,2903,5.621728493815679,-0.0557676489738137,-0.0361939032876597,0.0901764219008844,0.0205922103628912
RF,TSLA,0,2021-07-01,2022-07-01,2022-01-28,2904,5.64232070417857,-0.0446813503238336,-0.0321821827176643,0.0856122638092387,0.1014513874177671
RF,TSLA,0,2021-07-01,2022-07-01,2022-01-31,2905,5.7437720915963375,-0.0410712271822655,-0.0307207385779451,-0.005051598323039,-0.0058566433412323
RF,TSLA,0,2021-07-01,2022-07-01,2022-02-01,2906,5.737915448255105,-0.0406638546754605,-0.0295723728349433,-0.0290901679510877,-0.0278638069049881
RF,TSLA,0,2021-07-01,2022-07-01,2022-02-02,2907,5.710051641350117,-0.043717731587658,-0.0338632092854495,-0.0517315762562295,-0.0161624058744358
RF,TSLA,0,2021-07-01,2022-07-01,2022-02-03,2908,5.693889235475681,-0.0422772544023093,-0.0346891827431053,-0.0174093973494962,0.0354743868164932
RF,TSLA,0,2021-07-01,2022-07-01,2022-02-04,2909,5.729363622292174,-0.0375853607980998,-0.0319654471173111,-0.0009644597075313,-0.0174587065756108
RF,TSLA,0,2021-07-01,2022-07-01,2022-02-07,2910,5.711904915716564,-0.0306915587066844,-0.0335342973328013,0.0175344589008421,0.0160280522712454
RF,TSLA,0,2021-07-01,2022-07-01,2022-02-08,2911,5.727932967987809,-0.0328244624462294,-0.0291311339312624,-0.0507796951720331,0.0107875252854894
RF,TSLA,0,2021-07-01,2022-07-01,2022-02-09,2912,5.7387204932732985,-0.039192420377474,-0.0294324228999829,-0.0839181880189974,-0.0298952129692811
RF,TSLA,0,2021-07-01,2022-07-01,2022-02-10,2913,5.708825280304017,-0.0463979632119082,-0.0341121726074997,-0.0962691522311249,-0.0505052152101299
RF,TSLA,0,2021-07-01,2022-07-01,2022-02-11,2914,5.658320065093887,-0.0532997473684337,-0.0363343275482672,-0.1183122387035791,0.0181597730322975
RF,TSLA,0,2021-07-01,2022-07-01,2022-02-14,2915,5.676479838126185,-0.0573299055793183,-0.0333201174176815,-0.0895183376418975,0.0519193244584581
RF,TSLA,0,2021-07-01,2022-07-01,2022-02-15,2916,5.728399162584643,-0.0668926593689072,-0.0318286512699176,-0.1301377163230723,0.0010402120327626
RF,TSLA,0,2021-07-01,2022-07-01,2022-02-16,2917,5.729439374617406,-0.069017335152882,-0.0290613028502064,-0.0590642942201791,-0.0522861018016298
RF,TSLA,0,2021-07-01,2022-07-01,2022-02-17,2918,5.677153272815776,-0.0643843126334609,-0.0338284865789985,-0.0137646845631218,-0.0223509675614748
RF,TSLA,0,2021-07-01,2022-07-01,2022-02-18,2919,5.654802305254301,-0.0546526664779056,-0.0373388152302932,0.0263822877013213,-0.0422461771814086
RF,TSLA,0,2021-07-01,2022-07-01,2022-02-22,2920,5.612556128072892,-0.0459607497902938,-0.0392636351611186,0.0213878897671166,-0.072548301682584
RF,TSLA,0,2021-07-01,2022-07-01,2022-02-23,2921,5.540007826390308,-0.0314138646900428,-0.0393407240988235,0.0927439613992264,0.0469536740939791
RF,TSLA,0,2021-07-01,2022-07-01,2022-02-24,2922,5.586961500484287,-0.0274257838478479,-0.0349483146388162,0.0047465962933888,0.0112999457772833
RF,TSLA,0,2021-07-01,2022-07-01,2022-02-25,2923,5.598261446261571,-0.0213204480682609,-0.0323918405361545,0.0177820696651114,0.0721136341356558
RF,TSLA,0,2021-07-01,2022-07-01,2022-02-28,2924,5.670375080397227,-0.0177978430616203,-0.0288540423693568,-0.0132533706004425,-0.0069864921445725
RF,TSLA,0,2021-07-01,2022-07-01,2022-03-01,2925,5.663388588252654,-0.017241453417605,-0.0284852427259371,-0.0306248962427284,0.0177960047029683
RF,TSLA,0,2021-07-01,2022-07-01,2022-03-02,2926,5.681184592955622,-0.0258981336426753,-0.0262378987772069,-0.1010146046053632,-0.0472405751156133
RF,TSLA,0,2021-07-01,2022-07-01,2022-03-03,2927,5.633944017840009,-0.0329644992716406,-0.0335527357656021,-0.0908912310390723,-0.0011922300504743
RF,TSLA,0,2021-07-01,2022-07-01,2022-03-04,2928,5.632751787789535,-0.0341891870959472,-0.0314767127706261,-0.0443926548949313,-0.0410436910118585
RF,TSLA,0,2021-07-01,2022-07-01,2022-03-07,2929,5.591708096777676,-0.0250760631225368,-0.0356125124439431,0.0433552551912725,0.0243354191490059
RF,TSLA,0,2021-07-01,2022-07-01,2022-03-08,2930,5.616043515926682,-0.0153066899971117,-0.0318126486158915,0.0556747704650462,0.0410781938701019
RF,TSLA,0,2021-07-01,2022-07-01,2022-03-09,2931,5.657121709796784,-0.0068002363634782,-0.0314518659744606,0.0526317741065023,-0.0243580177868585
RF,TSLA,0,2021-07-01,2022-07-01,2022-03-10,2932,5.6327636920099255,0.0071241678361806,-0.0338642541281697,0.0942578018068287,-0.0525937036596664
RF,TSLA,0,2021-07-01,2022-07-01,2022-03-11,2933,5.580169988350259,0.031245429303822,-0.0367066071794703,0.2229347890618944,-0.0371172015493224
RF,TSLA,0,2021-07-01,2022-07-01,2022-03-14,2934,5.543052786800937,0.0609402604797866,-0.0386430299821444,0.2651998536559823,0.0453063460936666
RF,TSLA,0,2021-07-01,2022-07-01,2022-03-15,2935,5.588359132894603,0.08647115837792,-0.0333821419787708,0.2346078471572745,0.0467042190743454
RF,TSLA,0,2021-07-01,2022-07-01,2022-03-16,2936,5.635063351968949,0.1059289522517303,-0.0321207193407984,0.1846634463789422,0.0366549344227795
RF,TSLA,0,2021-07-01,2022-07-01,2022-03-17,2937,5.671718286391728,0.1233409900957305,-0.0286794975082697,0.2252890190586995,0.038035197511558
RF,TSLA,0,2021-07-01,2022-07-01,2022-03-18,2938,5.709753483903286,0.1378366022107453,-0.027420192486343,0.194308735114367,0.0172680099134678
RF,TSLA,0,2021-07-01,2022-07-01,2022-03-21,2939,5.727021493816754,0.1490645341764001,-0.0261776229946977,0.1719530507608482,0.0760832835953992
RF,TSLA,0,2021-07-01,2022-07-01,2022-03-22,2940,5.803104777412154,0.1535551680695039,-0.025846333633758,0.0807745929998304,0.0051478630447654
RF,TSLA,0,2021-07-01,2022-07-01,2022-03-23,2941,5.808252640456919,0.1559735739147454,-0.0263812226287185,0.0820923818739993,0.0147143395949589
RF,TSLA,0,2021-07-01,2022-07-01,2022-03-24,2942,5.822966980051878,0.1593014569441182,-0.0255756378878417,0.1219736204587791,-0.0032401817039868
RF,TSLA,0,2021-07-01,2022-07-01,2022-03-25,2943,5.819726798347891,0.1542895881468355,-0.026548549982606,0.0767491648822948,0.0772805071025368
RF,TSLA,0,2021-07-01,2022-07-01,2022-03-28,2944,5.897007305450428,0.1403145503281901,-0.0265250492257452,-0.0431204119887045,0.0070549135672255
RF,TSLA,0,2021-07-01,2022-07-01,2022-03-29,2945,5.9040622190176535,0.1250646540677378,-0.0267690223258161,-0.039238534775559,-0.0050876744400509
RF,TSLA,0,2021-07-01,2022-07-01,2022-03-30,2946,5.8989745445776025,0.1053001120190213,-0.0262706976636495,-0.0646610464035388,-0.0150951741656184
RF,TSLA,0,2021-07-01,2022-07-01,2022-03-31,2947,5.883879370411984,0.082055616269379,-0.0310984344301662,-0.0991008040554337,0.0064656519189343
RF,TSLA,0,2021-07-01,2022-07-01,2022-04-01,2948,5.890345022330918,0.0592764268410785,-0.029139850268433,-0.0943379190415925,0.0545955781797387
RF,TSLA,0,2021-07-01,2022-07-01,2022-04-04,2949,5.944940600510657,0.0375611394107897,-0.0293758130160266,-0.1136741236351444,-0.0484646372804711
RF,TSLA,0,2021-07-01,2022-07-01,2022-04-05,2950,5.896475963230186,0.0192002863388163,-0.0335212946665413,-0.1024465797438942,-0.0425890697684625
RF,TSLA,0,2021-07-01,2022-07-01,2022-04-06,2951,5.853886893461723,0.0091665720444691,-0.0375022676317247,-0.0404630704558002,0.010936790780371
RF,TSLA,0,2021-07-01,2022-07-01,2022-04-07,2952,5.864823684242094,0.001607454243917,-0.033394430902695,-0.0279195993970535,-0.0305101860680307
RF,TSLA,0,2021-07-01,2022-07-01,2022-04-08,2953,5.834313498174064,-0.0071576986404098,-0.0372170674378363,-0.0482344349667425,-0.0495349318175133
RF,TSLA,0,2021-07-01,2022-07-01,2022-04-11,2954,5.78477856635655,-0.005778065606691,-0.0376825156955186,0.033106132936119,0.0112285369327755
RF,TSLA,0,2021-07-01,2022-07-01,2022-04-12,2955,5.796007103289326,-0.005879314748979,-0.0340450410058406,0.0181731663962745,0.0352593735861868
RF,TSLA,0,2021-07-01,2022-07-01,2022-04-13,2956,5.831266476875513,-0.0118218262608689,-0.0330643983887891,-0.0241054297827991,-0.0372370933892209
RF,TSLA,0,2021-07-01,2022-07-01,2022-04-14,2957,5.794029383486292,-0.0166612184641321,-0.035695357962359,-0.1167961939217869,0.0193944395196314
RF,TSLA,0,2021-07-01,2022-07-01,2022-04-18,2958,5.813423823005923,-0.0249324892785622,-0.0315059925817361,-0.1303997545226725,0.0234802618391176
RF,TSLA,0,2021-07-01,2022-07-01,2022-04-19,2959,5.836904084845041,-0.0380825178580623,-0.030914308884368,-0.1584280458753477,-0.0508250216377197
RF,TSLA,0,2021-07-01,2022-07-01,2022-04-20,2960,5.786079063207321,-0.0471920518718187,-0.0348571172916178,-0.1153249821746964,0.0318056360853482
RF,TSLA,0,2021-07-01,2022-07-01,2022-04-21,2961,5.817884699292669,-0.05667633641945,-0.0304226756287555,-0.1108408454322429,-0.0037044296070689
RF,TSLA,0,2021-07-01,2022-07-01,2022-04-22,2962,5.8141802696856,-0.0647747800692082,-0.0304078833714101,-0.1001724409231501,-0.0070192225928868
RF,TSLA,0,2021-07-01,2022-07-01,2022-04-25,2963,5.8071610470927135,-0.0653672507792144,-0.0295468513692745,-0.0465572255335988,-0.1299278575282088
RF,TSLA,0,2021-07-01,2022-07-01,2022-04-26,2964,5.677233189564505,-0.0684920811663305,-0.0354723887233784,-0.0035892770564043,0.0057908789187459
RF,TSLA,0,2021-07-01,2022-07-01,2022-04-27,2965,5.683024068483251,-0.0716569921708956,-0.031693796623962,-0.0181557296310108,-0.0045480295135575
RF,TSLA,0,2021-07-01,2022-07-01,2022-04-28,2966,5.678476038969693,-0.0773986424812953,-0.0321654371121827,-0.1087203363145477,-0.0077219579370684
RF,TSLA,0,2021-07-01,2022-07-01,2022-04-29,2967,5.670754081032625,-0.0807266354531206,-0.0304103641897005,-0.0847046707472127,0.0362897728278017
RF,TSLA,0,2021-07-01,2022-07-01,2022-05-02,2968,5.7070438538604265,-0.0918932126870917,-0.0294828371117452,-0.2071470931254797,0.0069639749020238
RF,TSLA,0,2021-07-01,2022-07-01,2022-05-03,2969,5.71400782876245,-0.1053819367411659,-0.0287141538310186,-0.2223190482739978,0.0465959927966643
RF,TSLA,0,2021-07-01,2022-07-01,2022-05-04,2970,5.760603821559115,-0.1190468348191284,-0.0280525534348352,-0.2133582094816608,-0.0869599090510142
RF,TSLA,0,2021-07-01,2022-07-01,2022-05-05,2971,5.6736439125081,-0.1303668592169646,-0.0336042966997411,-0.1869538963489443,-0.0087755736558605
RF,TSLA,0,2021-07-01,2022-07-01,2022-05-06,2972,5.66486833885224,-0.1348531548705303,-0.0328691935028318,-0.1280460331108095,-0.0951126361970944
RF,TSLA,0,2021-07-01,2022-07-01,2022-05-09,2973,5.569755702655145,-0.1393080407371982,-0.0372716920718063,-0.1033706661739941,0.0162937076302664
RF,TSLA,0,2021-07-01,2022-07-01,2022-05-10,2974,5.586049410285412,-0.1441977756630015,-0.0318397209050164,-0.1202139882622734,-0.0861526495504652
RF,TSLA,0,2021-07-01,2022-07-01,2022-05-11,2975,5.499896760734947,-0.1489743896633459,-0.0373212378434483,-0.1003774998878039,-0.0082079802464942
RF,TSLA,0,2021-07-01,2022-07-01,2022-05-12,2976,5.491688780488452,-0.1497110483059227,-0.0342617176364411,-0.0757365690597495,0.0555568315890013
RF,TSLA,0,2021-07-01,2022-07-01,2022-05-13,2977,5.547245612077454,-0.1603915460212919,-0.032066328393355,-0.2030629595363224,-0.0605555959182977
RF,TSLA,0,2021-07-01,2022-07-01,2022-05-16,2978,5.486690016159156,-0.160676937415654,-0.034296002610189,-0.0948822787299938,0.0501322895822742
RF,TSLA,0,2021-07-01,2022-07-01,2022-05-17,2979,5.53682230574143,-0.157462884697928,-0.0314410023935294,-0.0733719138593569,-0.070437269260279
RF,TSLA,0,2021-07-01,2022-07-01,2022-05-18,2980,5.466385036481151,-0.142126135383295,-0.0354702501415655,0.0678341739947736,-0.0005496144580128
RF,TSLA,0,2021-07-01,2022-07-01,2022-05-19,2981,5.465835422023138,-0.1250558257658252,-0.0317202098814778,0.0665785966850647,-0.0663161611759957
RF,TSLA,0,2021-07-01,2022-07-01,2022-05-20,2982,5.399519260847143,-0.1047724964409031,-0.0360218052736267,0.1090184845198356,0.0164329505815601
RF,TSLA,0,2021-07-01,2022-07-01,2022-05-23,2983,5.415952211428703,-0.080448760746381,-0.031869684915032,0.1382985686340534,-0.0717695588875715
RF,TSLA,0,2021-07-01,2022-07-01,2022-05-24,2984,5.344182652541131,-0.0620081636159124,-0.0363469841068253,0.1133439886743996,0.0476250848880308
RF,TSLA,0,2021-07-01,2022-07-01,2022-05-25,2985,5.391807737429162,-0.0469911506443674,-0.0330187376548994,0.0816387102083471,0.0716426544529111
RF,TSLA,0,2021-07-01,2022-07-01,2022-05-26,2986,5.463450391882073,-0.0391386618714175,-0.0316299786016645,0.012538875936066,0.0707688185938515
RF,TSLA,0,2021-07-01,2022-07-01,2022-05-27,2987,5.534219210475925,-0.0359777388601916,-0.0284428701622223,-0.0458325919314273,-0.0018051917677217
RF,TSLA,0,2021-07-01,2022-07-01,2022-05-31,2988,5.532414018708203,-0.0341287917200343,-0.0270762233446101,-0.0529980719011522,-0.0238762733412247
RF,TSLA,0,2021-07-01,2022-07-01,2022-06-01,2989,5.508537745366978,-0.0343625270585263,-0.0307603051480128,-0.0608095038797875,0.0457130346957779
RF,TSLA,0,2021-07-01,2022-07-01,2022-06-02,2990,5.554250780062756,-0.0482387453235952,-0.0297354026817409,-0.1801922651343668,-0.0967241388472253
RF,TSLA,0,2021-07-01,2022-07-01,2022-06-03,2991,5.457526641215531,-0.0481611043508278,-0.0339572849021799,-0.0598618039299427,0.0159198064219783
RF,TSLA,0,2021-07-01,2022-07-01,2022-06-06,2992,5.473446447637509,-0.0436660914468927,-0.0300836865254432,-0.0224079940718091,0.0025428201806301
RF,TSLA,0,2021-07-01,2022-07-01,2022-06-07,2993,5.475989267818139,-0.0495987915023237,-0.0307681833002415,-0.1142277000720124,0.0123973507263581
RF,TSLA,0,2021-07-01,2022-07-01,2022-06-08,2994,5.488386618544498,-0.0556951638616185,-0.0287351764257626,-0.1095958931887324,-0.0089706717374467
RF,TSLA,0,2021-07-01,2022-07-01,2022-06-09,2995,5.479415946807051,-0.0535516265291944,-0.0290429456588255,-0.0112011051065294,-0.03168770531986
RF,TSLA,0,2021-07-01,2022-07-01,2022-06-10,2996,5.447728241487191,-0.0471653582375273,-0.0337014069936735,0.0164707415519949,-0.0736697265588013
RF,TSLA,0,2021-07-01,2022-07-01,2022-06-13,2997,5.3740585149283895,-0.0321426815727248,-0.0373144714751417,0.0858248583586442,0.0236063223571987
RF,TSLA,0,2021-07-01,2022-07-01,2022-06-14,2998,5.397664837285588,-0.0157599792211389,-0.0339686280200164,0.1064735686097329,0.0533736162801119
RF,TSLA,0,2021-07-01,2022-07-01,2022-06-15,2999,5.4510384535657,-0.005623192275391,-0.03124431441594,0.0498931655679202,-0.0892768858195731
RF,TSLA,0,2021-07-01,2022-07-01,2022-06-16,3000,5.361761567746127,0.0070132313911095,-0.0347034034126792,0.0878309056068769,0.0170291576096381
RF,TSLA,0,2021-07-01,2022-07-01,2022-06-17,3001,5.378790725355765,0.0156312966214553,-0.0312840207517345,0.0527017443858452,0.0894241163447562
RF,TSLA,0,2021-07-01,2022-07-01,2022-06-21,3002,5.468214841700521,0.0142310519651882,-0.0301930166740261,-0.0544579494306844,-0.0040158586613356
RF,TSLA,0,2021-07-01,2022-07-01,2022-06-22,3003,5.464198983039186,0.0140680492306337,-0.0283798586373364,-0.0380895666357732,-0.0043156097521519
RF,TSLA,1,2022-07-01,2023-07-01,2022-07-01,3010,5.4261094164034125,0.0381786081970121,0.0859060843201434,0.0421194585381234,0.0252151149051611
RF,TSLA,1,2022-07-01,2023-07-01,2022-07-05,3011,5.451324531308574,0.0389250559455298,0.0883319602126377,0.022261827869852,-0.0057372284664802
RF,TSLA,1,2022-07-01,2023-07-01,2022-07-06,3012,5.445587302842093,0.0412717335165453,0.0881471795794524,0.035329355467196,0.0538052294718776
RF,TSLA,1,2022-07-01,2023-07-01,2022-07-07,3013,5.499392532313971,0.0376252498271689,0.0904275958427076,-0.0164784433878626,0.0251170782848424
RF,TSLA,1,2022-07-01,2023-07-01,2022-07-08,3014,5.524509610598813,0.0335280910581392,0.0917809514764539,-0.0210904762090384,-0.0677223141456018
RF,TSLA,1,2022-07-01,2023-07-01,2022-07-11,3015,5.456787296453212,0.0411314950087424,0.0889374728262961,0.0546232855555333,-0.0054484273977983
RF,TSLA,1,2022-07-01,2023-07-01,2022-07-12,3016,5.451338869055413,0.0536642001902967,0.0891460240522201,0.1533841779522076,0.0168900058861227
RF,TSLA,1,2022-07-01,2023-07-01,2022-07-13,3017,5.468228874941536,0.0648199489610084,0.0863798112611648,0.1384674500916682,0.0053574842368897
RF,TSLA,1,2022-07-01,2023-07-01,2022-07-14,3018,5.473586359178426,0.0736713615052169,0.0897021393671011,0.1190161779006855,0.0073302991308636
RF,TSLA,1,2022-07-01,2023-07-01,2022-07-15,3019,5.480916658309289,0.0762482292575139,0.08925059117683,0.0753706601167394,0.0019974306168188
RF,TSLA,1,2022-07-01,2023-07-01,2022-07-18,3020,5.482914088926108,0.0838036264415267,0.0882651054962569,0.1332022756284869,0.0205050454636666
RF,TSLA,1,2022-07-01,2023-07-01,2022-07-19,3021,5.503419134389775,0.0910014303717643,0.0900306952926524,0.1345795779919942,0.0079914476189699
RF,TSLA,1,2022-07-01,2023-07-01,2022-07-20,3022,5.511410582008745,0.1014904405096963,0.0927682490349725,0.1828264592637403,0.0933124649988759
RF,TSLA,1,2022-07-01,2023-07-01,2022-07-21,3023,5.604723047007621,0.1076070927821879,0.0924491851969865,0.0899402149440673,0.0019732780255834
RF,TSLA,1,2022-07-01,2023-07-01,2022-07-22,3024,5.606696325033204,0.113587115841927,0.0929773470461685,0.0990398063984629,-0.0140937879540929
RF,TSLA,1,2022-07-01,2023-07-01,2022-07-25,3025,5.592602537079111,0.1226493287083947,0.0896950030705173,0.1355364529792053,-0.0363152186530824
RF,TSLA,1,2022-07-01,2023-07-01,2022-07-26,3026,5.556287318426029,0.136192780049007,0.0857723730230333,0.1758666237678809,0.0598290461285664
RF,TSLA,1,2022-07-01,2023-07-01,2022-07-27,3027,5.616116364554595,0.1321972341725628,0.0901122541660838,0.047434265810299,0.0218823478271739
RF,TSLA,1,2022-07-01,2023-07-01,2022-07-28,3028,5.637998712381769,0.1256679182801106,0.0910497110018637,0.0333409387020422,0.056238328890716
RF,TSLA,1,2022-07-01,2023-07-01,2022-07-29,3029,5.694237041272485,0.1107232906243025,0.0947513792230405,-0.0476129445532,0.0004262206792029
RF,TSLA,1,2022-07-01,2023-07-01,2022-08-01,3030,5.694663261951688,0.099591199892874,0.0939067801017108,-0.0098711042242261,0.011072869479979
RF,TSLA,1,2022-07-01,2023-07-01,2022-08-02,3031,5.705736131431667,0.0828293312333841,0.0925000476415794,-0.0475439289745169,0.0224028586266493
RF,TSLA,1,2022-07-01,2023-07-01,2022-08-03,3032,5.728138990058317,0.069532858357304,0.0905194142242215,-0.0242565244703856,0.0040149521355932
RF,TSLA,1,2022-07-01,2023-07-01,2022-08-04,3033,5.73215394219391,0.0596854090671481,0.0920115608950954,0.002222421225376,-0.0686033118290154
RF,TSLA,1,2022-07-01,2023-07-01,2022-08-05,3034,5.663550630364894,0.0598243606382213,0.0891547589190591,0.0618737071778729,0.007789020718917
RF,TSLA,1,2022-07-01,2023-07-01,2022-08-08,3035,5.671339651083811,0.0575675986591726,0.0890248084337638,0.0456771081045985,-0.0247155543645263
RF,TSLA,1,2022-07-01,2023-07-01,2022-08-09,3036,5.646624096719285,0.0578178980671566,0.0822945822319334,0.0666795576987429,0.0381680610081769
RF,TSLA,1,2022-07-01,2023-07-01,2022-08-10,3037,5.684792157727462,0.0496414992165421,0.0887875892133875,0.0078169820411995,-0.0265999552703117
RF,TSLA,1,2022-07-01,2023-07-01,2022-08-11,3038,5.65819220245715,0.0419476528972211,0.0852127746334631,0.0113898140557129,0.0456902631307807
RF,TSLA,1,2022-07-01,2023-07-01,2022-08-12,3039,5.703882465587931,0.0325141674782596,0.0902705386056733,-0.0119926334873552,0.0304938978313549
RF,TSLA,1,2022-07-01,2023-07-01,2022-08-15,3040,5.734376363419286,0.0199139657776727,0.0893751311089311,-0.0403187567536642,-0.0089520258765185
RF,TSLA,1,2022-07-01,2023-07-01,2022-08-16,3041,5.725424337542767,0.0084924416925291,0.0901868360940695,-0.0348283999526097,-0.0084075783543573
RF,TSLA,1,2022-07-01,2023-07-01,2022-08-17,3042,5.71701675918841,-0.0046815285287173,0.0882942575168646,-0.0537438405821042,-0.003713104770382
RF,TSLA,1,2022-07-01,2023-07-01,2022-08-18,3043,5.713303654418028,-0.0179406069306029,0.0877560806523538,-0.0614462269114923,-0.0206945146493664
RF,TSLA,1,2022-07-01,2023-07-01,2022-08-19,3044,5.692609139768662,-0.0299829812713472,0.0822912503671864,-0.0660677014982882,-0.0230271232557983
RF,TSLA,1,2022-07-01,2023-07-01,2022-08-22,3045,5.669582016512863,-0.0387845223917562,0.0834597104470663,-0.0505952467105306,0.0223078155877125
RF,TSLA,1,2022-07-01,2023-07-01,2022-08-23,3046,5.691889832100576,-0.0493338519180275,0.0864768104059376,-0.0672948621284161,0.0021677745650459
RF,TSLA,1,2022-07-01,2023-07-01,2022-08-24,3047,5.694057606665622,-0.0620488901813223,0.0856611230181381,-0.0948582038251242,-0.003461669075464
RF,TSLA,1,2022-07-01,2023-07-01,2022-08-25,3048,5.690595937590158,-0.0696223073744635,0.086777982745236,-0.0759361091658039,-0.0273230189838518
RF,TSLA,1,2022-07-01,2023-07-01,2022-08-26,3049,5.663272918606306,-0.0658222456221393,0.0847969005693682,-0.0153555337635449,-0.0114154910997701
RF,TSLA,1,2022-07-01,2023-07-01,2022-08-29,3050,5.651857427506536,-0.0567459433729666,0.0832929447930086,0.0154685438997663,-0.0253159892361622
RF,TSLA,1,2022-07-01,2023-07-01,2022-08-30,3051,5.626541438270373,-0.0397079714843684,0.0789321794461336,0.076173775985274,-0.0075546684680407
RF,TSLA,1,2022-07-01,2023-07-01,2022-08-31,3052,5.618986769802333,-0.0194309120556797,0.082028393808482,0.0994216011584256,0.0056082001698269
RF,TSLA,1,2022-07-01,2023-07-01,2022-09-01,3053,5.62459496997216,-0.0078100399502636,0.0817131060806365,0.0526039554155381,-0.0253955671316621
RF,TSLA,1,2022-07-01,2023-07-01,2022-09-02,3054,5.599199402840497,0.0106952512843632,0.0825454445425727,0.1132453964873709,0.0154604255838561
RF,TSLA,1,2022-07-01,2023-07-01,2022-09-06,3055,5.614659828424354,0.0259565236599499,0.084049974383871,0.1015451662304043,0.0332575564184072
RF,TSLA,1,2022-07-01,2023-07-01,2022-09-07,3056,5.647917384842761,0.0338596486047189,0.087858713129533,0.0669698896659207,0.0194085865635411
RF,TSLA,1,2022-07-01,2023-07-01,2022-09-08,3057,5.667325971406302,0.0409519752784852,0.0917341268059139,0.0662418407501954,0.0353892428493454
RF,TSLA,1,2022-07-01,2023-07-01,2022-09-09,3058,5.702715214255647,0.0425368650131812,0.0947289036607542,0.0297519298460162,0.0156931567051108
RF,TSLA,1,2022-07-01,2023-07-01,2022-09-12,3059,5.718408370960758,0.0364961954514742,0.0955095337329541,-0.0119628194669605,-0.0412094455730605
RF,TSLA,1,2022-07-01,2023-07-01,2022-09-13,3060,5.677198925387698,0.0315049993216058,0.0915187560163558,-0.0121919423725653,0.0352458739401706
RF,TSLA,1,2022-07-01,2023-07-01,2022-09-14,3061,5.712444799327868,0.0177517441729717,0.0921678053460506,-0.0944744698554176,0.0037601953268895
RF,TSLA,1,2022-07-01,2023-07-01,2022-09-15,3062,5.716204994654758,0.0027618883402826,0.0914323514867594,-0.0957678623284925,-0.0013177201460763
RF,TSLA,1,2022-07-01,2023-07-01,2022-09-16,3063,5.714887274508682,-0.0083348838079411,0.0923200606143433,-0.0696524048491866,0.0186805376478158
RF,TSLA,1,2022-07-01,2023-07-01,2022-09-19,3064,5.7335678121564975,-0.0194235817725108,0.0927472365985231,-0.0712672804379384,-0.0011006680548337
RF,TSLA,1,2022-07-01,2023-07-01,2022-09-20,3065,5.732467144101664,-0.0354606631237075,0.0925141336862523,-0.1406969202004946,-0.0260215926078659
RF,TSLA,1,2022-07-01,2023-07-01,2022-09-21,3066,5.706445551493798,-0.0481471367100647,0.0868173682089875,-0.1257727739997056,-0.0414385684786653
RF,TSLA,1,2022-07-01,2023-07-01,2022-09-22,3067,5.665006983015132,-0.0576817794116166,0.0846850391593286,-0.1744177539994931,-0.0470366535426816
RF,TSLA,1,2022-07-01,2023-07-01,2022-09-23,3068,5.617970329472451,-0.0617346303800205,0.0797510658041525,-0.0987519143754349,0.0024668028538146
RF,TSLA,1,2022-07-01,2023-07-01,2022-09-26,3069,5.620437132326265,-0.0686795598370286,0.0816317274005158,-0.1364289016529793,0.0247977373332295
RF,TSLA,1,2022-07-01,2023-07-01,2022-09-27,3070,5.645234869659495,-0.0814452681349688,0.0841981577345467,-0.1724181061188243,0.0170656620590641
RF,TSLA,1,2022-07-01,2023-07-01,2022-09-28,3071,5.662300531718559,-0.1001375151770336,0.0885020390109344,-0.2548148753361454,-0.07053030781739
RF,TSLA,1,2022-07-01,2023-07-01,2022-09-29,3072,5.591770223901169,-0.1145652435262292,0.0845722562828249,-0.1847778106150475,-0.0110974464070769
RF,TSLA,1,2022-07-01,2023-07-01,2022-09-30,3073,5.580672777494092,-0.1299108675028568,0.0841683985208127,-0.2030822300515478,-0.0900835484784527
RF,TSLA,1,2022-07-01,2023-07-01,2022-10-03,3074,5.490589229015639,-0.1422009080489639,0.0784410596166614,-0.1095864705628413,0.0286291860813765
RF,TSLA,1,2022-07-01,2023-07-01,2022-10-04,3075,5.519218415097016,-0.1517228342537944,0.0858794661329006,-0.1178030850398048,-0.0352101844237298
RF,TSLA,1,2022-07-01,2023-07-01,2022-10-05,3076,5.484008230673286,-0.1609228803095979,0.0805164621136034,-0.1610470064152602,-0.0111914671326154
RF,TSLA,1,2022-07-01,2023-07-01,2022-10-06,3077,5.472816763540671,-0.1591965188240678,0.0860495060260914,-0.0821481081029835,-0.0653311071582569
RF,TSLA,1,2022-07-01,2023-07-01,2022-10-07,3078,5.407485656382414,-0.1529668627523115,0.0779151580703424,-0.0129948352979942,-0.000493243096292
RF,TSLA,1,2022-07-01,2023-07-01,2022-10-10,3079,5.406992413286122,-0.1433591233886231,0.0810712426179288,-0.0041348977013582,-0.0294018658435772
RF,TSLA,1,2022-07-01,2023-07-01,2022-10-11,3080,5.377590547442544,-0.1360619629437502,0.0770370788058104,-0.0435200170778404,0.0034122110102536
RF,TSLA,1,2022-07-01,2023-07-01,2022-10-12,3081,5.381002758452798,-0.1244072168444079,0.0831938938045149,-0.0129727681084288,0.020412571604413
RF,TSLA,1,2022-07-01,2023-07-01,2022-10-13,3082,5.401415330057211,-0.1168563685295493,0.0823431940944021,-0.0483730638199277,-0.0784541057991852
RF,TSLA,1,2022-07-01,2023-07-01,2022-10-14,3083,5.322961224258026,-0.0990246974242587,0.0834754915300335,0.0816062539002508,0.0677074311796612
RF,TSLA,1,2022-07-01,2023-07-01,2022-10-17,3084,5.390668655437687,-0.0870135355157808,0.0889045228478835,0.0238304626827385,0.0038221656467323
RF,TSLA,1,2022-07-01,2023-07-01,2022-10-18,3085,5.394490821084419,-0.074086152646994,0.0865939978971578,0.0220094848717939,0.0083666945003439
RF,TSLA,1,2022-07-01,2023-07-01,2022-10-19,3086,5.402857515584763,-0.0596767137702727,0.0887069281645133,0.028766236967721,-0.0687869852200595
RF,TSLA,1,2022-07-01,2023-07-01,2022-10-20,3087,5.334070530364704,-0.0393530563103787,0.0856866509941143,0.0932554872405502,0.0339594599796653
RF,TSLA,1,2022-07-01,2023-07-01,2022-10-21,3088,5.368029990344369,-0.0224004872918257,0.0900621097325251,0.0605258852765437,-0.0149877241070859
RF,TSLA,1,2022-07-01,2023-07-01,2022-10-24,3089,5.353042266237283,-0.0144674708364123,0.0853925763673545,0.0175027144338741,0.0515252119209934
RF,TSLA,1,2022-07-01,2023-07-01,2022-10-25,3090,5.404567478158277,-0.012188875821856,0.0912115946968739,-0.032488639387215,0.0099316399621489
RF,TSLA,1,2022-07-01,2023-07-01,2022-10-26,3091,5.414499118120426,-0.0170022748354927,0.0923649273154384,-0.0795123613316199,0.0020011878357877
RF,TSLA,1,2022-07-01,2023-07-01,2022-10-27,3092,5.416500305956213,-0.0288320095302534,0.0910085863825388,-0.1328905589895299,0.015123446596271
RF,TSLA,1,2022-07-01,2023-07-01,2022-10-28,3093,5.431623752552484,-0.0465280352117467,0.0906500230336813,-0.1777808601535442,-0.0042977349472304
RF,TSLA,1,2022-07-01,2023-07-01,2022-10-31,3094,5.427326017605254,-0.0692858237018834,0.0897442008879085,-0.2478485155598964,0.0012298580156588
RF,TSLA,1,2022-07-01,2023-07-01,2022-11-01,3095,5.428555875620913,-0.08463821346733,0.0864113247652888,-0.1777494853434289,-0.0580108949497555
RF,TSLA,1,2022-07-01,2023-07-01,2022-11-02,3096,5.370544980671157,-0.0872641031152916,0.085760345178094,-0.0925833881511639,0.0015338580999042
RF,TSLA,1,2022-07-01,2023-07-01,2022-11-03,3097,5.372078838771062,-0.0928667218928076,0.085127638341185,-0.12006724108151,-0.037092081982256
RF,TSLA,1,2022-07-01,2023-07-01,2022-11-04,3098,5.334986756788806,-0.0911051363016799,0.0811860562152505,-0.0649659988139195,-0.0513770098221222
RF,TSLA,1,2022-07-01,2023-07-01,2022-11-07,3099,5.283609746966683,-0.0876944814530622,0.0813193631188822,-0.0529290389303849,-0.0297668545677431
RF,TSLA,1,2022-07-01,2023-07-01,2022-11-08,3100,5.25384289239894,-0.0831422634089031,0.0783560559426234,-0.0434282190232915,-0.0743653903535825
RF,TSLA,1,2022-07-01,2023-07-01,2022-11-09,3101,5.179477502045358,-0.0749940257487873,0.0781107084271726,0.0145343612424317,0.0713288882321263
RF,TSLA,1,2022-07-01,2023-07-01,2022-11-10,3102,5.250806390277484,-0.081293084671536,0.0799841203158968,-0.1276165490300291,0.0271552022425094
RF,TSLA,1,2022-07-01,2023-07-01,2022-11-11,3103,5.277961592519993,-0.0886308061353622,0.0857544083823935,-0.142692685869096,-0.0259499948304418
RF,TSLA,1,2022-07-01,2023-07-01,2022-11-14,3104,5.252011597689552,-0.0849846370217815,0.0869051919930961,-0.0414331621075882,0.0180091602853345
RF,TSLA,1,2022-07-01,2023-07-01,2022-11-15,3105,5.270020757974886,-0.0831811753193729,0.0878666651086875,-0.0612999219007974,-0.0393400499385876
RF,TSLA,1,2022-07-01,2023-07-01,2022-11-16,3106,5.2306807080362985,-0.0764182248077158,0.080862290042985,-0.0216318192565836,-0.0202660346606498
RF,TSLA,1,2022-07-01,2023-07-01,2022-11-17,3107,5.210414673375649,-0.0684797608026555,0.0832487827841261,-0.0128572998529259,-0.0164028100878592
RF,TSLA,1,2022-07-01,2023-07-01,2022-11-18,3108,5.194011863287789,-0.052483118469337,0.0803777579760804,0.0774480334162106,-0.0708220220403346
RF,TSLA,1,2022-07-01,2023-07-01,2022-11-21,3109,5.123189841247455,-0.0289509983226121,0.0814914590411164,0.1482700554565452,0.0120790654034426
RF,TSLA,1,2022-07-01,2023-07-01,2022-11-22,3110,5.135268906650897,-0.0062023788420795,0.0838761427031866,0.1370124484785542,0.0753095289310659
RF,TSLA,1,2022-07-01,2023-07-01,2022-11-23,3111,5.210578435581963,-0.0019924611744315,0.0877788189633415,-0.0041022894260498,-0.0018575995078746
RF,TSLA,1,2022-07-01,2023-07-01,2022-11-25,3112,5.208720836074089,0.000203915378397,0.087624648193754,-0.0167644447866273,0.0003280527056261
RF,TSLA,1,2022-07-01,2023-07-01,2022-11-28,3113,5.209048888779715,-0.0023963285319181,0.0880770013675258,-0.0497637695038104,-0.0114915152569921
RF,TSLA,1,2022-07-01,2023-07-01,2022-11-29,3114,5.197557373522723,-0.004479582910819,0.0865061403698997,-0.0417256411950681,0.0739025231812773
RF,TSLA,1,2022-07-01,2023-07-01,2022-11-30,3115,5.271459896704,-0.0087213463477988,0.0867460283817483,-0.0837947832153931,0.0
RF,TSLA,1,2022-07-01,2023-07-01,2022-12-01,3116,5.271459896704,-0.0224284179603948,0.0897537162440397,-0.1485678766187756,0.0008214584254515
RF,TSLA,1,2022-07-01,2023-07-01,2022-12-02,3117,5.272281355129452,-0.0414951394857014,0.0886453798246526,-0.1911876163455392,-0.0658052089735381
RF,TSLA,1,2022-07-01,2023-07-01,2022-12-05,3118,5.2064761461559135,-0.0537366684822169,0.085151045502108,-0.1515050187768647,-0.0145197548684521
RF,TSLA,1,2022-07-01,2023-07-01,2022-12-06,3119,5.191956391287461,-0.0637269399179683,0.0847721373642566,-0.1314521616512802,-0.0326712720115569
RF,TSLA,1,2022-07-01,2023-07-01,2022-12-07,3120,5.159285119275904,-0.0746533319733133,0.0801231684357151,-0.1471176946410386,-0.0034533869482498
RF,TSLA,1,2022-07-01,2023-07-01,2022-12-08,3121,5.155831732327655,-0.0853898511384114,0.0834369251082646,-0.1460635132510699,0.0318333811609523
RF,TSLA,1,2022-07-01,2023-07-01,2022-12-09,3122,5.187665113488607,-0.1058987210379607,0.0858016810327273,-0.2618617327627657,-0.0647730934033825
RF,TSLA,1,2022-07-01,2023-07-01,2022-12-12,3123,5.122892020085224,-0.1186941909239349,0.0856351552609361,-0.1987590883723804,-0.041798281301312
RF,TSLA,1,2022-07-01,2023-07-01,2022-12-13,3124,5.081093738783912,-0.1312025737778244,0.0820613572836835,-0.2499839263525567,-0.0261226114048636
RF,TSLA,1,2022-07-01,2023-07-01,2022-12-14,3125,5.054971127379049,-0.1433811186859612,0.0791099335737006,-0.2415679904220926,0.0055331022571323
RF,TSLA,1,2022-07-01,2023-07-01,2022-12-15,3126,5.060504229636181,-0.1589644894049939,0.0797430226127373,-0.368239350783214,-0.0483368050013153
RF,TSLA,1,2022-07-01,2023-07-01,2022-12-16,3127,5.012167424634866,-0.1690344239209515,0.0779751703474845,-0.2873492845037368,-0.0023992055582811
RF,TSLA,1,2022-07-01,2023-07-01,2022-12-19,3128,5.009768219076585,-0.172871022873144,0.0837832141576123,-0.207223676173383,-0.0839648383507434
RF,TSLA,1,2022-07-01,2023-07-01,2022-12-20,3129,4.925803380725841,-0.1708594212780632,0.077984823591894,-0.112156677989466,-0.0016704490129972
RF,TSLA,1,2022-07-01,2023-07-01,2022-12-21,3130,4.924132931712844,-0.1743012524137075,0.0804996944842489,-0.2410762211831203,-0.0930231192814883
RF,TSLA,1,2022-07-01,2023-07-01,2022-12-22,3131,4.831109812431356,-0.1709594184862997,0.0774673543054036,-0.0980742608162899,-0.0177066754743995
RF,TSLA,1,2022-07-01,2023-07-01,2022-12-23,3132,4.813403136956956,-0.1674053254072864,0.0817621663089863,-0.1098366623019897,-0.121138258103989
RF,TSLA,1,2022-07-01,2023-07-01,2022-12-27,3133,4.692264878852967,-0.1594305272418728,0.0768221727547422,0.0356537508002778,0.0325532612781618
RF,TSLA,1,2022-07-01,2023-07-01,2022-12-28,3134,4.724818140131129,-0.1465755020754438,0.0861095510431385,0.0607550688001188,0.0777264027720727
RF,TSLA,1,2022-07-01,2023-07-01,2022-12-29,3135,4.802544542903202,-0.1396468469597485,0.0856791121597791,-0.0246823619356932,0.0111021598331735
RF,TSLA,1,2022-07-01,2023-07-01,2022-12-30,3136,4.813646702736375,-0.1285801666410897,0.0919172049475169,0.0003246827567453,-0.1305899922066515
RF,TSLA,1,2022-07-01,2023-07-01,2023-01-03,3137,4.683056710529724,-0.109678011145549,0.0840446296500837,0.1336701377617846,0.0499788410853421
RF,TSLA,1,2022-07-01,2023-07-01,2023-01-04,3138,4.733035551615066,-0.0931664462159034,0.090901149698473,0.0742588309294909,-0.0294690769600993
RF,TSLA,1,2022-07-01,2023-07-01,2023-01-05,3139,4.703566474654966,-0.0671062001018585,0.0849824033325842,0.1753643702201479,0.0243521549982785
RF,TSLA,1,2022-07-01,2023-07-01,2023-01-06,3140,4.727918629653245,-0.0442546013272568,0.0915425347353796,0.1301868829778119,0.0576545792780027
RF,TSLA,1,2022-07-01,2023-07-01,2023-01-09,3141,4.785573208931248,-0.0275611052409772,0.0923308814249507,0.0599515507029275,-0.0077110279637393
RF,TSLA,1,2022-07-01,2023-07-01,2023-01-10,3142,4.777862180967508,-0.0058609009881243,0.0938944214057412,0.1156398525898714,0.0361092045256121
RF,TSLA,1,2022-07-01,2023-07-01,2023-01-11,3143,4.8139713854931205,0.0161060265182566,0.0937878899974708,0.1541042941843393,0.0027554627983876
RF,TSLA,1,2022-07-01,2023-07-01,2023-01-12,3144,4.816726848291508,0.0375644341587779,0.0935438285445618,0.1523222662420256,-0.0094324657469515
RF,TSLA,1,2022-07-01,2023-07-01,2023-01-13,3145,4.807294382544557,0.0598057516641512,0.0889091848981336,0.1655005278573167,0.0716364623305576
RF,TSLA,1,2022-07-01,2023-07-01,2023-01-17,3146,4.878930844875114,0.07650357013806,0.0921616358892686,0.1979290747882647,-0.0208253322440574
RF,TSLA,1,2022-07-01,2023-07-01,2023-01-18,3147,4.858105512631057,0.0968175717177883,0.0895611187373164,0.3231160477320438,-0.0125807529968815
RF,TSLA,1,2022-07-01,2023-07-01,2023-01-19,3148,4.845524759634175,0.1122174052305684,0.0885676452277793,0.2704310712934203,0.0479772739232045
RF,TSLA,1,2022-07-01,2023-07-01,2023-01-20,3149,4.89350203355738,0.1262997763507156,0.08952844834074,0.2610604363926443,0.0745736461200801
RF,TSLA,1,2022-07-01,2023-07-01,2023-01-23,3150,4.96807567967746,0.1395622403393632,0.0917892766527748,0.2326840034626922,0.0009734348560739
RF,TSLA,1,2022-07-01,2023-07-01,2023-01-24,3151,4.969049114533534,0.1553139823364713,0.0933205635134111,0.2688280108963514,0.0037457958683395
RF,TSLA,1,2022-07-01,2023-07-01,2023-01-25,3152,4.972794910401873,0.1718167026113546,0.0913004452336013,0.2741238705711586,0.1040650092615056
RF,TSLA,1,2022-07-01,2023-07-01,2023-01-26,3153,5.076859919663379,0.1888688634552275,0.0898179627725392,0.194908083446335,0.1043616406997216
RF,TSLA,1,2022-07-01,2023-07-01,2023-01-27,3154,5.181221560363101,0.2040790551861793,0.09278064934754,0.1010172235673563,-0.065265729435505
RF,TSLA,1,2022-07-01,2023-07-01,2023-01-30,3155,5.115955830927596,0.2255230183701835,0.0892522143276998,0.1887907900311427,0.0386066390224284
RF,TSLA,1,2022-07-01,2023-07-01,2023-01-31,3156,5.154562469950024,0.2435812534018797,0.0924395610390535,0.1797010586995666,0.046197213190128
RF,TSLA,1,2022-07-01,2023-07-01,2023-02-01,3157,5.200759683140152,0.2456178631192864,0.0924312654454977,0.0818855109136267,0.0371174422897331
RF,TSLA,1,2022-07-01,2023-07-01,2023-02-02,3158,5.237877125429885,0.2401253754281871,0.0947261428494467,0.0332745699095848,0.0090416555431467
RF,TSLA,1,2022-07-01,2023-07-01,2023-02-03,3159,5.246918780973032,0.2360446174403012,0.0964891208045263,0.0966109283965526,0.024849222136682
RF,TSLA,1,2022-07-01,2023-07-01,2023-02-06,3160,5.271768003109714,0.2303399043381357,0.0965999865000658,0.0953289044733836,0.0104707808207429
RF,TSLA,1,2022-07-01,2023-07-01,2023-02-07,3161,5.282238783930457,0.2133212216949047,0.0938081978152705,0.0262268804390082,0.0225078370282814
RF,TSLA,1,2022-07-01,2023-07-01,2023-02-08,3162,5.304746620958738,0.1967658110684018,0.0948053465802298,0.034280722117022,0.0295169076908523
RF,TSLA,1,2022-07-01,2023-07-01,2023-02-09,3163,5.334263528649591,0.1705265174857277,0.0969542911520863,-0.04918341362296,-0.0516183345958118
RF,TSLA,1,2022-07-01,2023-07-01,2023-02-10,3164,5.282645194053779,0.1559602177715735,0.0924719241469906,0.0199629569501054,-0.0114934987143087
RF,TSLA,1,2022-07-01,2023-07-01,2023-02-13,3165,5.27115169533947,0.1435340618282108,0.0893418365216505,0.0374625129318824,0.0723780140301144
RF,TSLA,1,2022-07-01,2023-07-01,2023-02-14,3166,5.343529709369585,0.1220298006446229,0.0897870983146236,-0.060935278485827,0.023567198213513
RF,TSLA,1,2022-07-01,2023-07-01,2023-02-15,3167,5.367096907583098,0.1050483632787599,0.093798543907007,-0.0313392345443235,-0.0586312432136324
RF,TSLA,1,2022-07-01,2023-07-01,2023-02-16,3168,5.308465664369465,0.0952426282104932,0.0882956053322173,0.0180017782324517,0.0305616787062952
RF,TSLA,1,2022-07-01,2023-07-01,2023-02-17,3169,5.33902734307576,0.0798162254219363,0.092556295436728,-0.0269549902249099,-0.0539472280491297
RF,TSLA,1,2022-07-01,2023-07-01,2023-02-21,3170,5.285080115026631,0.0652287596953069,0.0831410282523981,-0.0333304162672476,0.0175280359772536
RF,TSLA,1,2022-07-01,2023-07-01,2023-02-22,3171,5.302608151003884,0.0538161461186392,0.0878812959318506,-0.0154023231549889,0.0060060572674682
RF,TSLA,1,2022-07-01,2023-07-01,2023-02-23,3172,5.3086142082713526,0.0394483381972738,0.0847838641642768,-0.0417359231556018,-0.0260197773875949
RF,TSLA,1,2022-07-01,2023-07-01,2023-02-24,3173,5.282594430883758,0.0255208938321427,0.08524139892729,-0.0476961764381442,0.0531632421550165
RF,TSLA,1,2022-07-01,2023-07-01,2023-02-27,3174,5.335757673038774,0.0014800589530707,0.0867606695366925,-0.1317509859619789,-0.0092902304368571
RF,TSLA,1,2022-07-01,2023-07-01,2023-02-28,3175,5.326467442601917,-0.0239295890506028,0.0862697253610534,-0.1736383933915135,-0.0143950897510665
RF,TSLA,1,2022-07-01,2023-07-01,2023-03-01,3176,5.31207235285085,-0.0463569668394878,0.0839105831680528,-0.1562406205231958,-0.0603226540914674
RF,TSLA,1,2022-07-01,2023-07-01,2023-03-02,3177,5.251749698759383,-0.0609167896985596,0.0829382418274406,-0.0899396013528326,0.0354561290895123
RF,TSLA,1,2022-07-01,2023-07-01,2023-03-03,3178,5.287205827848895,-0.0699252869474573,0.0860837669813619,-0.0762999482865316,-0.0203275427331446
RF,TSLA,1,2022-07-01,2023-07-01,2023-03-06,3179,5.266878285115751,-0.0774536019037039,0.0835852099868038,-0.0714245709388823,-0.0319800306701374
RF,TSLA,1,2022-07-01,2023-07-01,2023-03-07,3180,5.234898254445613,-0.077214430804247,0.083964082745167,-0.019256198048196,-0.0308915673688181
RF,TSLA,1,2022-07-01,2023-07-01,2023-03-08,3181,5.204006687076795,-0.0756877884395672,0.0774895527482533,-0.0103278475341701,-0.0511776378663917
RF,TSLA,1,2022-07-01,2023-07-01,2023-03-09,3182,5.152829049210403,-0.066851809813424,0.0768415686922225,0.058022291556357,0.0030026831172511
RF,TSLA,1,2022-07-01,2023-07-01,2023-03-10,3183,5.155831732327655,-0.0465105577653508,0.0783496000997333,0.1303118425560825,0.0059783650788958
RF,TSLA,1,2022-07-01,2023-07-01,2023-03-13,3184,5.16181009740655,-0.0304159840316993,0.0802037926777981,0.0912483308053682,0.0490957821558133
RF,TSLA,1,2022-07-01,2023-07-01,2023-03-14,3185,5.210905879562364,-0.0230248404076363,0.0850324053561006,0.0477346761833263,-0.0154521653854953
RF,TSLA,1,2022-07-01,2023-07-01,2023-03-15,3186,5.195453714176868,-0.0146249196521255,0.0844141762084624,0.0537259470423778,0.0201883422205488
RF,TSLA,1,2022-07-01,2023-07-01,2023-03-16,3187,5.215642056397417,-0.0083157193093255,0.0902475221518413,0.0408632296079263,-0.0219632168547923
RF,TSLA,1,2022-07-01,2023-07-01,2023-03-17,3188,5.193678839542625,-0.0011857601536773,0.0863409661380015,0.0490729744602234,0.0171725012241354
RF,TSLA,1,2022-07-01,2023-07-01,2023-03-20,3189,5.2108513407667605,0.0068406281989217,0.089363396780173,0.0563880953951292,0.0752922341169766
RF,TSLA,1,2022-07-01,2023-07-01,2023-03-21,3190,5.286143574883737,0.0050744807724942,0.0915732867383852,-0.0117091550500729,-0.0330851466718185
RF,TSLA,1,2022-07-01,2023-07-01,2023-03-22,3191,5.253058428211919,0.0141503509586602,0.0899952986337837,0.0818801541539882,0.0055821275337715
RF,TSLA,1,2022-07-01,2023-07-01,2023-03-23,3192,5.25864055574569,0.0143616659632686,0.0904876114035808,0.0131788414320475,-0.0094608945264438
RF,TSLA,1,2022-07-01,2023-07-01,2023-03-24,3193,5.249179661219246,0.0145234162801743,0.0847859300870461,0.0113320001009125,0.0073256247860973
RF,TSLA,1,2022-07-01,2023-07-01,2023-03-27,3194,5.256505286005344,0.0094237272555108,0.0868450671509674,-0.0333425700284157,-0.0137534720024952
RF,TSLA,1,2022-07-01,2023-07-01,2023-03-28,3195,5.242751814002848,0.0058264093209512,0.0869026663237625,-0.0220717303744759,0.0244876221590413
RF,TSLA,1,2022-07-01,2023-07-01,2023-03-29,3196,5.26723943616189,-0.0022374047230098,0.0908591891473587,-0.0495358033797321,0.0071949836717744
RF,TSLA,1,2022-07-01,2023-07-01,2023-03-30,3197,5.274434419833664,-0.0093395554928159,0.0903623336638563,-0.0444494646058499,0.0605041625322426
RF,TSLA,1,2022-07-01,2023-07-01,2023-03-31,3198,5.334938582365907,-0.0276771304945535,0.092557824880405,-0.1389862596835973,-0.0631191851881691
RF,TSLA,1,2022-07-01,2023-07-01,2023-04-03,3199,5.271819397177738,-0.0326622475659386,0.0890722026190232,-0.0466105352825918,-0.0113077358575788
RF,TSLA,1,2022-07-01,2023-07-01,2023-04-04,3200,5.260511661320159,-0.0366893220629505,0.0896033623817626,-0.0401558362418343,-0.0373489453432309
RF,TSLA,1,2022-07-01,2023-07-01,2023-04-05,3201,5.223162715976928,-0.0342434974724996,0.081843642706511,0.0081597458514748,-0.0024826323485553
RF,TSLA,1,2022-07-01,2023-07-01,2023-04-06,3202,5.220680083628372,-0.0332141852993679,0.0839417925352024,-0.0040609743110362,-0.0029764508462148
RF,TSLA,1,2022-07-01,2023-07-01,2023-04-10,3203,5.2177036327821575,-0.0343853938854366,0.0819933250200511,-0.0214743845964893,0.0122813224456566
RF,TSLA,1,2022-07-01,2023-07-01,2023-04-11,3204,5.229984955227814,-0.0419358255975508,0.0868089562948701,-0.1362960722938124,-0.0340326325455047
RF,TSLA,1,2022-07-01,2023-07-01,2023-04-12,3205,5.195952322682309,-0.0450847005817012,0.0804973298308559,-0.0895221067060054,0.0292565392128363
RF,TSLA,1,2022-07-01,2023-07-01,2023-04-13,3206,5.225208861895146,-0.0553041191685741,0.0870533175664595,-0.1342231963709599,-0.0048530368168213
RF,TSLA,1,2022-07-01,2023-07-01,2023-04-14,3207,5.220355825078324,-0.06663600959335,0.0850071863134962,-0.1410032644194503,0.0109666367500782
RF,TSLA,1,2022-07-01,2023-07-01,2023-04-17,3208,5.231322461828403,-0.0835751159174504,0.0882708329824668,-0.195994555141775,-0.0147033525110664
RF,TSLA,1,2022-07-01,2023-07-01,2023-04-18,3209,5.216619109317336,-0.0926169461927708,0.0857164831428208,-0.1402584833632536,-0.0203898611316679
RF,TSLA,1,2022-07-01,2023-07-01,2023-04-19,3210,5.196229248185668,-0.0952808853198332,0.0848673156427938,-0.0944743755804662,-0.1025403652516665
RF,TSLA,1,2022-07-01,2023-07-01,2023-04-20,3211,5.093688882934002,-0.0946844459733045,0.0811227852798193,-0.0071424700905273,0.0127413330423022
RF,TSLA,1,2022-07-01,2023-07-01,2023-04-21,3212,5.106430215976304,-0.0945863962992881,0.0859315467106651,-0.0293207905040038,-0.0154445504521181
RF,TSLA,1,2022-07-01,2023-07-01,2023-04-24,3213,5.090985665524186,-0.0910098729063531,0.0820453625078347,-0.0120065956491712,-0.0116331048653117
RF,TSLA,1,2022-07-01,2023-07-01,2023-04-25,3214,5.079352560658874,-0.0839197425959437,0.0854767142274707,0.0032932504821543,-0.0440246539722464
RF,TSLA,1,2022-07-01,2023-07-01,2023-04-26,3215,5.035327906686628,-0.0650140689713332,0.082369666758979,0.1008233949148724,0.0410327192674548
RF,TSLA,1,2022-07-01,2023-07-01,2023-04-27,3216,5.0763606259540826,-0.0494274902211602,0.0857625596028482,0.0699121356024434,0.0253942466511194
RF,TSLA,1,2022-07-01,2023-07-01,2023-04-28,3217,5.101754872605202,-0.0390131340643975,0.0873453189720447,0.0290309865380642,-0.0152084597617276
RF,TSLA,1,2022-07-01,2023-07-01,2023-05-01,3218,5.086546412843474,-0.0271959604619995,0.0895604960766823,0.0406266576652791,-0.0094369873711741
RF,TSLA,1,2022-07-01,2023-07-01,2023-05-02,3219,5.0771094254723,-0.0112795488757955,0.0895407221094578,0.070850070127892,0.0018696444027144
RF,TSLA,1,2022-07-01,2023-07-01,2023-05-03,3220,5.078979069875015,-0.0007364406292289,0.0871047730765168,0.0448658293881232,0.0036667412660138
RF,TSLA,1,2022-07-01,2023-07-01,2023-05-04,3221,5.082645811141028,0.0068466859238407,0.0848142963855208,0.0314482280142627,0.0535054904604717
RF,TSLA,1,2022-07-01,2023-07-01,2023-05-05,3222,5.1361513016015,0.0068689750347763,0.0907805265248553,-0.0210358536173806,0.0101214599550258
RF,TSLA,1,2022-07-01,2023-07-01,2023-05-08,3223,5.146272761556526,0.0104005087051755,0.0933193447922521,0.0119776196049841,-0.0154869024132597
RF,TSLA,1,2022-07-01,2023-07-01,2023-05-09,3224,5.130785859143266,0.0182844631956404,0.0893068635440072,0.0447422078616916,-0.0036127886345127
RF,TSLA,1,2022-07-01,2023-07-01,2023-05-10,3225,5.1271730705087535,0.0285641057361001,0.0883273699000153,0.0665612524586363,0.0207864250914386
RF,TSLA,1,2022-07-01,2023-07-01,2023-05-11,3226,5.147959495600192,0.0384309542084606,0.090355219481799,0.0930994262547928,-0.0241145963370543
RF,TSLA,1,2022-07-01,2023-07-01,2023-05-12,3227,5.123844899263138,0.0501173255342193,0.0880816465845412,0.1006644731388339,-0.0097508601078466
RF,TSLA,1,2022-07-01,2023-07-01,2023-05-15,3228,5.114094039155291,0.06041924992968,0.088537229852587,0.0948454828707481,0.0010214088288282
RF,TSLA,1,2022-07-01,2023-07-01,2023-05-16,3229,5.115115447984119,0.0710591747557636,0.0866675947988036,0.1023714072667214,0.0431349331773907
RF,TSLA,1,2022-07-01,2023-07-01,2023-05-17,3230,5.15825038116151,0.0795300739950883,0.0871131068916673,0.1053202395777113,0.0172776858434478
RF,TSLA,1,2022-07-01,2023-07-01,2023-05-18,3231,5.175528067004958,0.0884291290616907,0.0918602013268062,0.1285725625037637,0.0182062559624318
RF,TSLA,1,2022-07-01,2023-07-01,2023-05-19,3232,5.19373432296739,0.0965425193918072,0.0934421880526405,0.1240424388215082,0.0473245988875952
RF,TSLA,1,2022-07-01,2023-07-01,2023-05-22,3233,5.241058921854985,0.1031181490579813,0.0952900294326105,0.0941688193013376,-0.0165495494530132
RF,TSLA,1,2022-07-01,2023-07-01,2023-05-23,3234,5.224509372401972,0.113994219177381,0.0921111316485216,0.1413264515819072,-0.0155698503759325
RF,TSLA,1,2022-07-01,2023-07-01,2023-05-24,3235,5.208939522026039,0.1285365179619209,0.0899439013994659,0.1737649505869578,0.0085473332248016
RF,TSLA,1,2022-07-01,2023-07-01,2023-05-25,3236,5.217486855250841,0.142745336064908,0.0902384388037643,0.1820775672818664,0.0460837654883805
RF,TSLA,1,2022-07-01,2023-07-01,2023-05-26,3237,5.263570620739221,0.1533342007622318,0.0915951467222627,0.1506168744656415,0.0405300087695001
RF,TSLA,1,2022-07-01,2023-07-01,2023-05-30,3238,5.304100629508722,0.1620148859553021,0.095394560860302,0.154888965027002,0.0136761322801763
RF,TSLA,1,2022-07-01,2023-07-01,2023-05-31,3239,5.317776761788898,0.1705167851418751,0.0967705369336925,0.1810294405350738,0.0174509793674246
RF,TSLA,1,2022-07-01,2023-07-01,2023-06-01,3240,5.335227741156323,0.1784436594023999,0.0947216686299518,0.1855529527302621,0.0306080828275563
RF,TSLA,1,2022-07-01,2023-07-01,2023-06-02,3241,5.365835823983879,0.1856203182855802,0.0931293387153324,0.1898718862445916,0.016868648629118
RF,TSLA,1,2022-07-01,2023-07-01,2023-06-05,3242,5.382704472612997,0.1889515681039428,0.0955388299419548,0.16555419091054,0.0168599499197101
RF,TSLA,1,2022-07-01,2023-07-01,2023-06-06,3243,5.399564422532707,0.1886597086505279,0.0960857359170751,0.1452222967818608,0.0146230726721556
RF,TSLA,1,2022-07-01,2023-07-01,2023-06-07,3244,5.414187495204863,0.1880184666301696,0.0956854475140344,0.1485689378615218,0.0448020993308606
RF,TSLA,1,2022-07-01,2023-07-01,2023-06-08,3245,5.458989594535724,0.1885506817034734,0.0945932946693423,0.1557795449383343,0.0398166077882482
RF,TSLA,1,2022-07-01,2023-07-01,2023-06-09,3246,5.498806202323972,0.1779347112657294,0.097779054799456,0.0597963128854095,0.0219744915626129
RF,TSLA,1,2022-07-01,2023-07-01,2023-06-12,3247,5.520780693886585,0.1663636314874024,0.0983522711181104,0.0574762946164773,0.0349270163418857
RF,TSLA,1,2022-07-01,2023-07-01,2023-06-13,3248,5.555707710228471,0.1477634211253411,0.0994463101371426,-0.0081892342608256,-0.0074490467049335
RF,TSLA,1,2022-07-01,2023-07-01,2023-06-14,3249,5.548258663523537,0.1254299680307031,0.0962138929177092,-0.0632542700116367,-0.003471944208969
RF,TSLA,1,2022-07-01,2023-07-01,2023-06-15,3250,5.544786719314568,0.1080410908247255,0.091251240331289,-0.0224861272219492,0.0179697137518166
RF,TSLA,1,2022-07-01,2023-07-01,2023-06-16,3251,5.562756433066385,0.0912908747428709,0.0914342235174911,-0.016641965876726,0.0520127064076731
RF,TSLA,1,2022-07-01,2023-07-01,2023-06-20,3252,5.614769139474058,0.0703289625775633,0.0914512931099178,-0.063749419370267,-0.0561666242646765
RF,TSLA,1,2022-07-01,2023-07-01,2023-06-21,3253,5.558602515209381,0.0590218581042503,0.0883224374164271,0.0088636984398782,0.0196544732936807
RF,TSLA,2,2023-07-01,2024-07-01,2023-07-03,3261,5.63414656547989,0.0285612394317382,-0.0046769177050742,-0.0068852506944248,0.0094612250326511
RF,TSLA,2,2023-07-01,2024-07-01,2023-07-05,3262,5.643607790512541,0.0192504892223448,-0.013121379712436,-0.0039017042103841,-0.0212522836526627
RF,TSLA,2,2023-07-01,2024-07-01,2023-07-06,3263,5.622355506859878,0.0188914712788399,-0.0199555855798447,0.0488349200109139,-0.007659314226954
RF,TSLA,2,2023-07-01,2024-07-01,2023-07-07,3264,5.614696192632924,0.0217583272749086,-0.0294118380590081,0.0666361407015045,-0.0177197766264853
RF,TSLA,2,2023-07-01,2024-07-01,2023-07-10,3265,5.596976416006439,0.0260800742904034,-0.0406541880834154,0.0772399565768866,0.000667494260587
RF,TSLA,2,2023-07-01,2024-07-01,2023-07-11,3266,5.597643910267026,0.0259586381946821,-0.0461477154757186,-0.0258702017473018,0.0081213547428973
RF,TSLA,2,2023-07-01,2024-07-01,2023-07-12,3267,5.605765265009923,0.022734560613209,-0.0495241256825821,-0.0450067561277593,0.0214960497755418
RF,TSLA,2,2023-07-01,2024-07-01,2023-07-13,3268,5.627261314785465,0.0184704051156936,-0.0506187856240055,-0.0323269208019043,0.0124447715166917
RF,TSLA,2,2023-07-01,2024-07-01,2023-07-14,3269,5.639706086302157,0.0101433067231839,-0.0504929085563377,-0.0589202189567918,0.0314843405686353
RF,TSLA,2,2023-07-01,2024-07-01,2023-07-17,3270,5.671190426870792,-0.0047568191757134,-0.0478950860586086,-0.093916421100566,0.0101419064636365
RF,TSLA,2,2023-07-01,2024-07-01,2023-07-18,3271,5.681332333334429,-0.0241044312778297,-0.0458994679013709,-0.1372883172161376,-0.0071159607511033
RF,TSLA,2,2023-07-01,2024-07-01,2023-07-19,3272,5.6742163725833255,-0.0351282680462743,-0.0515385924238146,-0.0890672858752843,-0.1024426640636013
RF,TSLA,2,2023-07-01,2024-07-01,2023-07-20,3273,5.571773708519724,-0.0405178179368768,-0.0539382691286265,0.0170841139411495,-0.0110151996375602
RF,TSLA,2,2023-07-01,2024-07-01,2023-07-21,3274,5.560758508882164,-0.0462460891294886,-0.0576808878540803,0.004030089769877,0.0341758851013969
RF,TSLA,2,2023-07-01,2024-07-01,2023-07-24,3275,5.594934393983561,-0.0572839455058966,-0.0532278952911674,-0.0571671474450861,-0.0141485266381957
RF,TSLA,2,2023-07-01,2024-07-01,2023-07-25,3276,5.580785867345365,-0.0619352349083204,-0.05498004891358,-0.0227230187946299,-0.0035118615751388
RF,TSLA,2,2023-07-01,2024-07-01,2023-07-26,3277,5.577274005770226,-0.0672068206989617,-0.0541854674952761,-0.0404910694059097,-0.033229989651935
RF,TSLA,2,2023-07-01,2024-07-01,2023-07-27,3278,5.544044016118291,-0.0692555474589156,-0.0585341221539457,-0.0167998656369556,0.0411050705897499
RF,TSLA,2,2023-07-01,2024-07-01,2023-07-28,3279,5.585149086708041,-0.0771784730728066,-0.0558172292382496,-0.0648889016440108,0.0037087357528324
RF,TSLA,2,2023-07-01,2024-07-01,2023-07-31,3280,5.588857822460874,-0.0874584926894597,-0.0541155125847291,-0.0991352703052985,-0.0240692238088326
RF,TSLA,2,2023-07-01,2024-07-01,2023-08-01,3281,5.564788598652041,-0.0908725352641282,-0.0576533032716764,-0.0621436099741057,-0.0270213521135662
RF,TSLA,2,2023-07-01,2024-07-01,2023-08-02,3282,5.537767246538475,-0.0914758961970196,-0.0575114360771087,-0.0461471958408274,0.0202956020122604
RF,TSLA,2,2023-07-01,2024-07-01,2023-08-03,3283,5.558062848550735,-0.0959429338117043,-0.0574864266576284,-0.078424448453422,-0.0212799121864186
RF,TSLA,2,2023-07-01,2024-07-01,2023-08-04,3284,5.536782936364316,-0.1001114021166831,-0.0571441757069996,-0.0859161425361678,-0.0095387858829809
RF,TSLA,2,2023-07-01,2024-07-01,2023-08-07,3285,5.527244150481335,-0.1055203773259538,-0.056553551356133,-0.1084806038028416,-0.0069839654173051
RF,TSLA,2,2023-07-01,2024-07-01,2023-08-08,3286,5.52026018506403,-0.1124565176030198,-0.05757876099336,-0.1301843877080601,-0.0305376329084552
RF,TSLA,2,2023-07-01,2024-07-01,2023-08-09,3287,5.489722552155575,-0.1175039549673675,-0.0631285275784864,-0.1168080219092519,0.0129224365223601
RF,TSLA,2,2023-07-01,2024-07-01,2023-08-10,3288,5.502644988677935,-0.1129074545652786,-0.0573984225129003,-0.0590158962478764,-0.011024937980288
RF,TSLA,2,2023-07-01,2024-07-01,2023-08-11,3289,5.491620050697647,-0.1057334257330238,-0.0611607727191337,-0.0397664683178078,-0.011981650600334
RF,TSLA,2,2023-07-01,2024-07-01,2023-08-14,3290,5.479638400097313,-0.0948685287446302,-0.0607985593124097,-0.0121691482271186,-0.0287716062691645
RF,TSLA,2,2023-07-01,2024-07-01,2023-08-15,3291,5.4508667938281485,-0.0844594206020721,-0.0620519668330718,-0.012613616168247,-0.0321032471496547
RF,TSLA,2,2023-07-01,2024-07-01,2023-08-16,3292,5.418763546678494,-0.0664324723386151,-0.0642533508707465,0.055983035609695,-0.0286877493225237
RF,TSLA,2,2023-07-01,2024-07-01,2023-08-17,3293,5.39007579735597,-0.0450296578316544,-0.0644698953146324,0.0856343634176326,-0.017161267109647
RF,TSLA,2,2023-07-01,2024-07-01,2023-08-18,3294,5.372914530246323,-0.0178122684286456,-0.0649106355811595,0.1768616701170104,0.0707145621837357
RF,TSLA,2,2023-07-01,2024-07-01,2023-08-21,3295,5.443629092430059,-0.0017817670416979,-0.0564881646648472,0.1050577879274463,0.0082244899497805
RF,TSLA,2,2023-07-01,2024-07-01,2023-08-22,3296,5.451853582379839,0.0144575720437236,-0.0537162778747245,0.101415979967709,0.015615669490355
RF,TSLA,2,2023-07-01,2024-07-01,2023-08-23,3297,5.467469251870194,0.0201638865525604,-0.0498202806500098,0.0338297517479366,-0.0292160742102929
RF,TSLA,2,2023-07-01,2024-07-01,2023-08-24,3298,5.4382531776599015,0.0335248606244711,-0.0461180576536934,0.1088364617620616,0.0364934046282874
RF,TSLA,2,2023-07-01,2024-07-01,2023-08-25,3299,5.474746582288189,0.0403002080563821,-0.0457859772644334,0.0543649872361831,0.0009635784854138
RF,TSLA,2,2023-07-01,2024-07-01,2023-08-28,3300,5.475710160773603,0.0460529763603947,-0.0431440596111926,0.0516930883867479,0.0740660395897307
RF,TSLA,2,2023-07-01,2024-07-01,2023-08-29,3301,5.5497762003633335,0.0454595525111312,-0.0428596170977063,-0.0343333548266491,-0.0010893200058283
RF,TSLA,2,2023-07-01,2024-07-01,2023-08-30,3302,5.548686880357505,0.0482096218810905,-0.0404749945140401,0.0629071542222279,0.0045826819900431
RF,TSLA,2,2023-07-01,2024-07-01,2023-08-31,3303,5.553269562347548,0.0477798962791657,-0.0407115416913312,0.0357752759116847,-0.0519705587294172
RF,TSLA,2,2023-07-01,2024-07-01,2023-09-01,3304,5.501299003618131,0.0570308368415419,-0.0308579465785757,0.1019261710521677,0.045790635803832
RF,TSLA,2,2023-07-01,2024-07-01,2023-09-05,3305,5.547089639421963,0.0639065675964767,-0.0232833623481743,0.0734561742858135,-0.017978069897591
RF,TSLA,2,2023-07-01,2024-07-01,2023-09-06,3306,5.529111569524372,0.0715332521486162,-0.0151543189426252,0.0854389359000649,-0.0017083203640213
RF,TSLA,2,2023-07-01,2024-07-01,2023-09-07,3307,5.527403249160351,0.073334704493817,-0.0068584118549114,0.0533826181850143,-0.0119604036236662
RF,TSLA,2,2023-07-01,2024-07-01,2023-09-08,3308,5.515442845536684,0.0768038735630876,-0.0062866338209048,0.0699313980692144,0.0961511890430486
RF,TSLA,2,2023-07-01,2024-07-01,2023-09-11,3309,5.611594034579733,0.0721674873359816,0.0013228742327994,-0.0410001681133884,-0.0225491963205
RF,TSLA,2,2023-07-01,2024-07-01,2023-09-12,3310,5.589044838259233,0.0638509085185488,0.0028326291704469,-0.045039967897007,0.0141803364110657
RF,TSLA,2,2023-07-01,2024-07-01,2023-09-13,3311,5.603225174670299,0.0472786977514658,0.0046479570678653,-0.1024568600935289,0.0173206390374778
RF,TSLA,2,2023-07-01,2024-07-01,2023-09-14,3312,5.620545813707777,0.0291523404516205,0.0038713397443126,-0.1111979414889017,-0.0059953082833397
RF,TSLA,2,2023-07-01,2024-07-01,2023-09-15,3313,5.614550505424437,0.0095485110745165,-0.0017524366560063,-0.1168906177498323,-0.0337646380790719
RF,TSLA,2,2023-07-01,2024-07-01,2023-09-18,3314,5.580785867345365,-0.0069375205831239,-0.0149534791294801,-0.0980657777995492,0.0045883762605338
RF,TSLA,2,2023-07-01,2024-07-01,2023-09-19,3315,5.585374243605899,-0.0190682847887853,-0.0225966694995209,-0.078499164253853,-0.0147803771395542
RF,TSLA,2,2023-07-01,2024-07-01,2023-09-20,3316,5.570593866466345,-0.0256646658312931,-0.0377947022854531,-0.0482533306985715,-0.0265889961041185
RF,TSLA,2,2023-07-01,2024-07-01,2023-09-21,3317,5.544004870362226,-0.0266974494950265,-0.0414641558861798,-0.0161643212771336,-0.0432365557854561
RF,TSLA,2,2023-07-01,2024-07-01,2023-09-22,3318,5.50076831457677,-0.0252920243278405,-0.0497663211152342,0.0067153704030769,0.008579557642105
RF,TSLA,2,2023-07-01,2024-07-01,2023-09-25,3319,5.509347872218875,-0.0162559904219454,-0.0496413961196135,0.0557853881220316,-0.0116879845442703
RF,TSLA,2,2023-07-01,2024-07-01,2023-09-26,3320,5.497659887674605,-0.0058413195224655,-0.0544396841855229,0.0632139856033831,-0.0149397981287888
RF,TSLA,2,2023-07-01,2024-07-01,2023-09-27,3321,5.482720089545816,0.006921448802692,-0.0538627073708797,0.0799979234791719,0.0241549898062301
RF,TSLA,2,2023-07-01,2024-07-01,2023-09-28,3322,5.506875079352046,0.0142418194867532,-0.0521728447582688,0.0525365664494383,0.0154654564157272
RF,TSLA,2,2023-07-01,2024-07-01,2023-09-29,3323,5.522340535767773,0.0209662621283461,-0.0503217366374839,0.052168117994384,0.0055000133173193
RF,TSLA,2,2023-07-01,2024-07-01,2023-10-02,3324,5.527840549085092,0.0258421367812733,-0.0485013008333391,0.0442754224230315,-0.0203568641052456
RF,TSLA,2,2023-07-01,2024-07-01,2023-10-03,3325,5.507483684979847,0.0307718187360857,-0.0502809063529745,0.0488423013464531,0.0576495753610597
RF,TSLA,2,2023-07-01,2024-07-01,2023-10-04,3326,5.5651332603409065,0.0219719558779889,-0.0501831377162028,-0.0392023672513488,-0.0042593870629188
RF,TSLA,2,2023-07-01,2024-07-01,2023-10-05,3327,5.560873873277988,0.0156510396315683,-0.0513047505376632,-0.0238546237110366,0.0018441397469999
RF,TSLA,2,2023-07-01,2024-07-01,2023-10-06,3328,5.562718013024988,0.0097804778745942,-0.0501006097116915,-0.0220428522894939,-0.0033063672235034
RF,TSLA,2,2023-07-01,2024-07-01,2023-10-09,3329,5.559411645801484,-0.0012031211021916,-0.0516627765722045,-0.067667972907949,0.0150970079606729
RF,TSLA,2,2023-07-01,2024-07-01,2023-10-10,3330,5.574508653762157,-0.0165583289992534,-0.0534118657255348,-0.1803812295952047,-0.0023926822540332
RF,TSLA,2,2023-07-01,2024-07-01,2023-10-11,3331,5.572115971508124,-0.0346571814197842,-0.0548368665011188,-0.2155768418475885,-0.0157899851818239
RF,TSLA,2,2023-07-01,2024-07-01,2023-10-12,3332,5.5563259863263,-0.0514153342548349,-0.0581751702288995,-0.1993624157117377,-0.0303950932367422
RF,TSLA,2,2023-07-01,2024-07-01,2023-10-13,3333,5.525930893089558,-0.0623045561007655,-0.0570179243398287,-0.148247951428373,0.0110883564773933
RF,TSLA,2,2023-07-01,2024-07-01,2023-10-16,3334,5.537019249566951,-0.0778702140712033,-0.0581757642111938,-0.1784538112935303,0.0036559111685425
RF,TSLA,2,2023-07-01,2024-07-01,2023-10-17,3335,5.540675160735494,-0.097275024201493,-0.0559020086344502,-0.2139647463831879,-0.0489314878419584
RF,TSLA,2,2023-07-01,2024-07-01,2023-10-18,3336,5.491743672893535,-0.1101664160240893,-0.0597734112742189,-0.1575766387303456,-0.0976162487265828
RF,TSLA,2,2023-07-01,2024-07-01,2023-10-19,3337,5.394127424166952,-0.123860872480626,-0.0570901963223348,-0.1090979488532708,-0.0375882945064169
RF,TSLA,2,2023-07-01,2024-07-01,2023-10-20,3338,5.356539129660535,-0.1312532057446684,-0.0600679005906893,-0.0540305767279951,0.0004244409540268
RF,TSLA,2,2023-07-01,2024-07-01,2023-10-23,3339,5.356963570614562,-0.1320865308274701,-0.056596630643403,-0.0307392330068978,0.0207193710466224
RF,TSLA,2,2023-07-01,2024-07-01,2023-10-24,3340,5.377682941661185,-0.1243022064626009,-0.0506460568961878,0.0091488132784016,-0.0191175033877639
RF,TSLA,2,2023-07-01,2024-07-01,2023-10-25,3341,5.358565438273421,-0.1117035044772398,-0.0537884888384973,0.0348803038893201,-0.031855023921115
RF,TSLA,2,2023-07-01,2024-07-01,2023-10-26,3342,5.326710414352306,-0.0949714384637196,-0.0550997302803005,0.0635934522930359,0.0074566198108838
RF,TSLA,2,2023-07-01,2024-07-01,2023-10-27,3343,5.3341670341631895,-0.0757482684027319,-0.054186350758716,0.0693207970251386,-0.0491375588495079
RF,TSLA,2,2023-07-01,2024-07-01,2023-10-30,3344,5.2850294753136815,-0.0523969491283242,-0.0593808735864485,0.1181432820847057,0.0174790776188586
RF,TSLA,2,2023-07-01,2024-07-01,2023-10-31,3345,5.30250855293254,-0.0398222091878759,-0.0518551115795606,0.0445037148072646,0.0237157846751241
RF,TSLA,2,2023-07-01,2024-07-01,2023-11-01,3346,5.326224337607664,-0.0277694080428272,-0.0484136556895554,0.0427844286281713,0.0606074173319219
RF,TSLA,2,2023-07-01,2024-07-01,2023-11-02,3347,5.386831754939586,-0.0192674660299099,-0.0437585318472455,0.023518845295702,0.0066139872231545
RF,TSLA,2,2023-07-01,2024-07-01,2023-11-03,3348,5.393445742162741,-0.0074244572450625,-0.0405900940289028,0.0763428775500889,-0.0031418755173993
RF,TSLA,2,2023-07-01,2024-07-01,2023-11-06,3349,5.390303866645342,0.0072208940350488,-0.0377986739438788,0.1020989085365533,0.0131839645429865
RF,TSLA,2,2023-07-01,2024-07-01,2023-11-07,3350,5.403487831188328,0.0139865294667034,-0.0331898600596157,0.0500795949527592,-0.0003150737899408
RF,TSLA,2,2023-07-01,2024-07-01,2023-11-08,3351,5.403172757398387,0.0210437395811773,-0.0271564666472686,0.0534296011403636,-0.0561604896585823
RF,TSLA,2,2023-07-01,2024-07-01,2023-11-09,3352,5.347012267739805,0.0376505265821567,-0.0226782339210329,0.1151232099438894,0.0219964984960308
RF,TSLA,2,2023-07-01,2024-07-01,2023-11-10,3353,5.369008766235836,0.0534939549218842,-0.0076517832963674,0.1166176859647993,0.0413418339994526
RF,TSLA,2,2023-07-01,2024-07-01,2023-11-13,3354,5.410350600235288,0.0584697033856604,0.0026520892494617,0.0458675772310348,0.0594380194775414
RF,TSLA,2,2023-07-01,2024-07-01,2023-11-14,3355,5.46978861971283,0.0588662933026755,0.0172728524098142,-0.0082900559846503,0.022614155469065
RF,TSLA,2,2023-07-01,2024-07-01,2023-11-15,3356,5.492402775181895,0.055776883466744,0.024210506391932,-0.0282320367911337,-0.0388353490408075
RF,TSLA,2,2023-07-01,2024-07-01,2023-11-16,3357,5.453567426141087,0.0620803836672037,0.0229321245534665,0.0546866691816037,0.0030349323976635
RF,TSLA,2,2023-07-01,2024-07-01,2023-11-17,3358,5.456602358538751,0.0650702309231823,0.0228002826096533,0.0411394702028964,0.0055331191449434
RF,TSLA,2,2023-07-01,2024-07-01,2023-11-20,3359,5.462135477683694,0.0633064770356428,0.0228858011316682,0.0188367310752699,0.0234909745169407
RF,TSLA,2,2023-07-01,2024-07-01,2023-11-21,3360,5.485626452200635,0.0569961033967576,0.0282004745527129,-0.0098744427652688,-0.0294082747343118
RF,TSLA,2,2023-07-01,2024-07-01,2023-11-22,3361,5.456218177466323,0.0528366934255108,0.0224161910673786,0.0058323888368541,0.0052803862618562
RF,TSLA,2,2023-07-01,2024-07-01,2023-11-24,3362,5.461498563728179,0.0497682807519845,0.0243999708512151,0.0137927584007515,0.0026721746625817
RF,TSLA,2,2023-07-01,2024-07-01,2023-11-27,3363,5.464170738390761,0.0464121302704079,0.0231216491981385,0.0138397131989398,0.0440833569319298
RF,TSLA,2,2023-07-01,2024-07-01,2023-11-28,3364,5.508254095322691,0.040305571997953,0.0256435090840885,-0.0166752344578267,-0.0105122665810437
RF,TSLA,2,2023-07-01,2024-07-01,2023-11-29,3365,5.497741828741647,0.0362677725258224,0.0215008053135249,-0.0012295712618595,-0.016769619982683
RF,TSLA,2,2023-07-01,2024-07-01,2023-11-30,3366,5.480972208758964,0.0313738763960067,0.0187545127816699,-0.0014171830670051,-0.005220199323598
RF,TSLA,2,2023-07-01,2024-07-01,2023-12-01,3367,5.475752009435366,0.025226227430557,0.0157692238820878,-0.0076496982744833,-0.0137014431321889
RF,TSLA,2,2023-07-01,2024-07-01,2023-12-04,3368,5.462050566303177,0.0237644530997256,0.0072382368359801,0.0156256111305967,0.0132407558257536
RF,TSLA,2,2023-07-01,2024-07-01,2023-12-05,3369,5.475291322128931,0.0272130477280105,0.0072340405520115,0.0503608125077592,0.00271912946077
RF,TSLA,2,2023-07-01,2024-07-01,2023-12-06,3370,5.478010451589701,0.0318687746725263,0.0009631323703724,0.057353371441537,0.0135684092751633
RF,TSLA,2,2023-07-01,2024-07-01,2023-12-07,3371,5.491578860864864,0.0332318180274873,-0.0008878145398739,0.038167643847939,0.0049333966149234
RF,TSLA,2,2023-07-01,2024-07-01,2023-12-08,3372,5.496512257479788,0.0368705947878558,-0.0062968552374313,0.0534194971039081,-0.0169572317878285
RF,TSLA,2,2023-07-01,2024-07-01,2023-12-11,3373,5.479555025691959,0.0373158703686895,-0.0120391389174429,0.0303999495144262,-0.0114527145310763
RF,TSLA,2,2023-07-01,2024-07-01,2023-12-12,3374,5.468102311160883,0.0439587277896684,-0.0144624225879245,0.0711985248296942,0.0095738662728912
RF,TSLA,2,2023-07-01,2024-07-01,2023-12-13,3375,5.477676177433774,0.0471722796979641,-0.0159976572252866,0.0538934479913981,0.0479759572029161
RF,TSLA,2,2023-07-01,2024-07-01,2023-12-14,3376,5.52565213463669,0.0454188656166483,-0.0125557834027571,0.0219052308623917,0.0097116883945478
RF,TSLA,2,2023-07-01,2024-07-01,2023-12-15,3377,5.535363823031238,0.0447567984233172,-0.0160436291960456,0.0308409979787045,-0.0056173183184347
RF,TSLA,2,2023-07-01,2024-07-01,2023-12-18,3378,5.529746504712803,0.0394749212751444,-0.0235783055488629,0.0043541645669789,0.0201852498708925
RF,TSLA,2,2023-07-01,2024-07-01,2023-12-19,3379,5.549931754583696,0.028299337130095,-0.0242173332742383,-0.0345694123777047,-0.0399767793773104
RF,TSLA,2,2023-07-01,2024-07-01,2023-12-20,3380,5.509954975206385,0.0238199538030707,-0.0318542033416483,0.0051658795388602,0.0293458607841916
RF,TSLA,2,2023-07-01,2024-07-01,2023-12-21,3381,5.539300835990577,0.0109846480046753,-0.0291911780630718,-0.0651412040446572,-0.0077312105654048
RF,TSLA,2,2023-07-01,2024-07-01,2023-12-22,3382,5.531569625425172,-0.0012129445338757,-0.0330591271651243,-0.0595931434449168,0.0159877400739096
RF,TSLA,2,2023-07-01,2024-07-01,2023-12-26,3383,5.547557365499082,-0.0158779243437825,-0.0351386227732904,-0.0774318250439103,0.0186474555108606
RF,TSLA,2,2023-07-01,2024-07-01,2023-12-27,3384,5.566204821009943,-0.0302180177665167,-0.032159615578528,-0.0836926659781314,-0.0321041517301603
RF,TSLA,2,2023-07-01,2024-07-01,2023-12-28,3385,5.534100669279782,-0.0416362684042628,-0.037281227573258,-0.0746853538149059,-0.018738327073791
RF,TSLA,2,2023-07-01,2024-07-01,2023-12-29,3386,5.515362342205991,-0.049938881258468,-0.0385311139864501,-0.0602976595473947,-0.0002414874607454
RF,TSLA,2,2023-07-01,2024-07-01,2024-01-02,3387,5.515120854745246,-0.0604627657557452,-0.0400642692043034,-0.0892021382311467,-0.0409612227993259
RF,TSLA,2,2023-07-01,2024-07-01,2024-01-03,3388,5.47415963194592,-0.0688009781342513,-0.0448863481655804,-0.0855903142092504,-0.0021831499656643
RF,TSLA,2,2023-07-01,2024-07-01,2024-01-04,3389,5.471976481980255,-0.0752383964640701,-0.0418036491893262,-0.0787580935847351,-0.0018509415250838
RF,TSLA,2,2023-07-01,2024-07-01,2024-01-05,3390,5.470125540455172,-0.0829338789374913,-0.0455547994740554,-0.0969326251040234,0.0123866145766395
RF,TSLA,2,2023-07-01,2024-07-01,2024-01-08,3391,5.482512155031811,-0.0945458308532787,-0.0448753656128917,-0.1264920553103063,-0.0230968395669348
RF,TSLA,2,2023-07-01,2024-07-01,2024-01-09,3392,5.459415315464876,-0.101500019902704,-0.0476518025275576,-0.1019332042431129,-0.0043506328062798
RF,TSLA,2,2023-07-01,2024-07-01,2024-01-10,3393,5.4550646826585965,-0.1088623444572638,-0.0485621249009408,-0.1136878120344144,-0.0291459661444974
RF,TSLA,2,2023-07-01,2024-07-01,2024-01-11,3394,5.425918716514099,-0.111051690623956,-0.0540940458312497,-0.0829148352620441,-0.0373493987774296
RF,TSLA,2,2023-07-01,2024-07-01,2024-01-12,3395,5.388569317736669,-0.1097055096212278,-0.0564510175072695,-0.0518488710953395,0.0046490706588508
RF,TSLA,2,2023-07-01,2024-07-01,2024-01-16,3396,5.39321838839552,-0.109815652850334,-0.0560669343735723,-0.1857561134554783,-0.020025473044372
RF,TSLA,2,2023-07-01,2024-07-01,2024-01-17,3397,5.373192915351148,-0.1090513523870173,-0.0593364111774163,-0.1623415745843877,-0.0171728156296433
RF,TSLA,2,2023-07-01,2024-07-01,2024-01-18,3398,5.356020099721505,-0.1049314903437528,-0.0597279980207085,-0.104113269356886,0.0014620115002585
RF,TSLA,2,2023-07-01,2024-07-01,2024-01-19,3399,5.357482111221763,-0.1022783838159666,-0.0581557865851836,-0.1021244582281655,-0.0161052405975814
RF,TSLA,2,2023-07-01,2024-07-01,2024-01-22,3400,5.341376870624182,-0.1003845370164553,-0.0607069794837062,-0.1087186887298612,0.0016270106278728
RF,TSLA,2,2023-07-01,2024-07-01,2024-01-23,3401,5.343003881252055,-0.0996667529169821,-0.0565142880229381,-0.1019978781853643,-0.006283434610725
RF,TSLA,2,2023-07-01,2024-07-01,2024-01-24,3402,5.33672044664133,-0.0996257594469973,-0.0578217347772731,-0.1007573023516341,-0.1292581717012879
RF,TSLA,2,2023-07-01,2024-07-01,2024-01-25,3403,5.207462274940042,-0.10180928604899,-0.0564150803152608,-0.0086338203767102,0.0033890658267186
RF,TSLA,2,2023-07-01,2024-07-01,2024-01-26,3404,5.2108513407667605,-0.0991386165706194,-0.0499204920315073,0.010044911786843,0.0410554895978583
RF,TSLA,2,2023-07-01,2024-07-01,2024-01-29,3405,5.251906830364619,-0.09518953417267,-0.0404964684915315,-0.017701399522366,0.0034508226289791
RF,TSLA,2,2023-07-01,2024-07-01,2024-01-30,3406,5.255357652993598,-0.0881116002019304,-0.0292464507089183,-0.0106520687735427,-0.0226994710992771
RF,TSLA,2,2023-07-01,2024-07-01,2024-01-31,3407,5.232658181894321,-0.0749028798342106,-0.0236570998461822,0.0329810601007043,0.0083478211723697
RF,TSLA,2,2023-07-01,2024-07-01,2024-02-01,3408,5.2410060030666905,-0.0662047657802613,-0.013015033690591,-0.0038727638891922,-0.0050428587769948
RF,TSLA,2,2023-07-01,2024-07-01,2024-02-02,3409,5.235963144289696,-0.0598588719054342,-0.0067158851713253,-0.0209186737181079,-0.037134689726364
RF,TSLA,2,2023-07-01,2024-07-01,2024-02-05,3410,5.198828454563332,-0.0455255449163862,-0.0047472938412892,0.0413830261553691,0.0220677979902719
RF,TSLA,2,2023-07-01,2024-07-01,2024-02-06,3411,5.220896252553604,-0.0289361440103599,0.005672596554968,0.0796685713103784,0.0133091782886491
RF,TSLA,2,2023-07-01,2024-07-01,2024-02-07,3412,5.234205430842253,-0.0142237370734985,0.0073637754012253,0.0638618891879696,0.0105001533778024
RF,TSLA,2,2023-07-01,2024-07-01,2024-02-08,3413,5.244705584220055,-0.0066166242522873,0.0091465970578348,0.021914667234375,0.0209336577749699
RF,TSLA,2,2023-07-01,2024-07-01,2024-02-09,3414,5.265639241995025,-0.0017085634204656,0.0125507319959158,0.0061801551827125,-0.0285060028175268
RF,TSLA,2,2023-07-01,2024-07-01,2024-02-12,3415,5.237133239177498,0.0094052821665702,0.009221833410659,0.0481495636508571,-0.0220887686059105
RF,TSLA,2,2023-07-01,2024-07-01,2024-02-13,3416,5.215044470571588,0.0181670620935934,0.0050108500171407,0.042294645606713,0.025167010147113
RF,TSLA,2,2023-07-01,2024-07-01,2024-02-14,3417,5.240211480718701,0.0267999773758393,0.0118152168101296,0.0551013461996303,0.0603533431452811
RF,TSLA,2,2023-07-01,2024-07-01,2024-02-15,3418,5.300564823863982,0.0302345567485442,0.0123318409746019,-0.0035983907780847,-0.0024975038337595
RF,TSLA,2,2023-07-01,2024-07-01,2024-02-16,3419,5.298067320030222,0.0342775071570953,0.0132759572126224,0.0103983443392428,-0.0314470685757921
RF,TSLA,2,2023-07-01,2024-07-01,2024-02-20,3420,5.26662025145443,0.04208619017699,0.0120066694664814,0.0410532342043383,0.0051991457233073
RF,TSLA,2,2023-07-01,2024-07-01,2024-02-21,3421,5.271819397177738,0.0483505318501968,0.0130383219265728,0.0396116055036825,0.0134634056506177
RF,TSLA,2,2023-07-01,2024-07-01,2024-02-22,3422,5.285282802828355,0.0392796321364352,0.0114356612778744,-0.0480964395286847,-0.0279436866500546
RF,TSLA,2,2023-07-01,2024-07-01,2024-02-23,3423,5.257339116178301,0.0307504785709724,0.0089906822305501,-0.0602795513118605,0.0379737107400304
RF,TSLA,2,2023-07-01,2024-07-01,2024-02-26,3424,5.295312826918331,0.0145260873139445,0.01614327149254,-0.1217653853565341,0.001653606167566
RF,TSLA,2,2023-07-01,2024-07-01,2024-02-27,3425,5.296966433085897,-0.0013070891423634,0.0172184026985159,-0.1115378827811328,0.011499231283568
RF,TSLA,2,2023-07-01,2024-07-01,2024-02-28,3426,5.308465664369465,-0.0213128881911499,0.0188724246213259,-0.1417387390947873,-0.0007921787106965
RF,TSLA,2,2023-07-01,2024-07-01,2024-02-29,3427,5.307673485658769,-0.0387405367491231,0.0226735524468927,-0.1271828816905307,0.0037575170226515
RF,TSLA,2,2023-07-01,2024-07-01,2024-03-01,3428,5.31143100268142,-0.0561200778903021,0.0228387369855208,-0.1322351048573296,-0.0742446393817495
RF,TSLA,2,2023-07-01,2024-07-01,2024-03-04,3429,5.237186363299671,-0.0656586742633651,0.0211114792086837,-0.1044514627505464,-0.0401267984332305
RF,TSLA,2,2023-07-01,2024-07-01,2024-03-05,3430,5.19705956486644,-0.0748201585162693,0.0159127847934711,-0.1063815630966482,-0.0235121233046431
RF,TSLA,2,2023-07-01,2024-07-01,2024-03-06,3431,5.173547441561797,-0.0800688418785515,0.0139600559679548,-0.0763063635140897,0.0118811087429673
RF,TSLA,2,2023-07-01,2024-07-01,2024-03-07,3432,5.185428550304764,-0.0769902870574199,0.0162234108226557,-0.0275233199144517,-0.0187016250300864
RF,TSLA,2,2023-07-01,2024-07-01,2024-03-08,3433,5.166726925274678,-0.0726948501836526,0.0161057278559046,-0.0231937297758229,0.0137636786935599
RF,TSLA,2,2023-07-01,2024-07-01,2024-03-11,3434,5.180490603968238,-0.0668691409533437,0.0177164947030156,-0.0119402746315531,-0.0012947061441472
RF,TSLA,2,2023-07-01,2024-07-01,2024-03-12,3435,5.179195897824091,-0.06280645434967,0.0189961899776177,-0.0269452650302186,-0.0464609972749663
RF,TSLA,2,2023-07-01,2024-07-01,2024-03-13,3436,5.132734900549124,-0.0548586192268922,0.0140636963259002,0.0079340201284203,-0.0420568987793323
RF,TSLA,2,2023-07-01,2024-07-01,2024-03-14,3437,5.090678001769792,-0.0408559936873604,0.0089265631125806,0.0604726023435082,0.0065630762779154
RF,TSLA,2,2023-07-01,2024-07-01,2024-03-15,3438,5.097241078047707,-0.023199241653943,0.0083496138792937,0.0826868086941763,0.0606641523426052
RF,TSLA,2,2023-07-01,2024-07-01,2024-03-18,3439,5.157905230390313,-0.0127509877976654,0.012610568244284,0.0341067399689354,-0.0143720348914575
RF,TSLA,2,2023-07-01,2024-07-01,2024-03-19,3440,5.143533195498855,-0.0051931729175773,0.0122346997866916,0.0257568671204007,0.0250171338378297
RF,TSLA,2,2023-07-01,2024-07-01,2024-03-20,3441,5.168550329336685,-0.0016894690253206,0.014982098318731,-0.0025079951317783,-0.0162996965428128
RF,TSLA,2,2023-07-01,2024-07-01,2024-03-21,3442,5.152250632793872,-0.0043791349141928,0.0138728405308866,-0.0364748179400189,-0.0115817121163273
RF,TSLA,2,2023-07-01,2024-07-01,2024-03-22,3443,5.140668920677545,-0.0041637293205702,0.0117264158550193,-0.0144455617692598,0.0104816834357555
RF,TSLA,2,2023-07-01,2024-07-01,2024-03-25,3444,5.1511506041133,-0.0033827430149635,0.0124080121673725,-0.0088439760024083,0.0287772826285834
RF,TSLA,2,2023-07-01,2024-07-01,2024-03-26,3445,5.179927886741884,-0.0124729298984727,0.0148659846279408,-0.0745886941897673,0.0120840836173643
RF,TSLA,2,2023-07-01,2024-07-01,2024-03-27,3446,5.192011970359248,-0.0171679836536196,0.0175978380606182,-0.0388360141800436,-0.0227219077399922
RF,TSLA,2,2023-07-01,2024-07-01,2024-03-28,3447,5.169290062619256,-0.0146632548727119,0.013447446837126,0.0061815015351616,-0.0032477284143492
RF,TSLA,2,2023-07-01,2024-07-01,2024-04-01,3448,5.166042334204906,-0.0157865652788142,0.0125199445244863,-0.0199442126160072,-0.0502665193510534
RF,TSLA,2,2023-07-01,2024-07-01,2024-04-02,3449,5.115775814853853,-0.0066224053458583,0.0081891747173498,0.0467218635087833,0.0104475440544318
RF,TSLA,2,2023-07-01,2024-07-01,2024-04-03,3450,5.126223358908285,-0.0022940352282185,0.0084687498790019,0.0157325703566488,0.0160832692026069
RF,TSLA,2,2023-07-01,2024-07-01,2024-04-04,3451,5.142306628110892,-0.0079034120148415,0.0108576417837601,-0.0579253585842947,-0.0369674355587754
RF,TSLA,2,2023-07-01,2024-07-01,2024-04-05,3452,5.105339192552116,-0.0114901093510138,0.007333212997745,-0.0483929917077423,0.047836763627088
RF,TSLA,2,2023-07-01,2024-07-01,2024-04-08,3453,5.153175956179204,-0.0231759180710762,0.0139142236607986,-0.1068518393062065,0.022295607975213
RF,TSLA,2,2023-07-01,2024-07-01,2024-04-09,3454,5.175471564154417,-0.041655827364786,0.0162479685278787,-0.1653030944985287,-0.0293734425655181
RF,TSLA,2,2023-07-01,2024-07-01,2024-04-10,3455,5.146098121588899,-0.0583916518628528,0.0111881266575675,-0.1553254358356968,0.0163995567737371
RF,TSLA,2,2023-07-01,2024-07-01,2024-04-11,3456,5.162497678362636,-0.0806200348615302,0.0154723580338876,-0.2063185485787517,-0.0205417490977026
RF,TSLA,2,2023-07-01,2024-07-01,2024-04-12,3457,5.141955929264934,-0.096388608985066,0.0115921655026327,-0.1674315728046123,-0.0575746597383366
RF,TSLA,2,2023-07-01,2024-07-01,2024-04-15,3458,5.084381269526597,-0.0922099545943231,0.0075512992846656,0.0040172431520302,-0.0274350686822231
RF,TSLA,2,2023-07-01,2024-07-01,2024-04-16,3459,5.056946200844374,-0.0809327236795942,0.0052884478959687,0.0799104565389665,-0.0106220839713762
RF,TSLA,2,2023-07-01,2024-07-01,2024-04-17,3460,5.046324116872998,-0.0675376783203915,0.0038531629146558,0.079364524957354,-0.0361556472171091
RF,TSLA,2,2023-07-01,2024-07-01,2024-04-18,3461,5.010168469655889,-0.0471932549326572,0.0036611517022415,0.2579474038856837,-0.0193957839026861
RF,TSLA,2,2023-07-01,2024-07-01,2024-04-19,3462,4.990772685753202,-0.0261695632933554,0.0008426396422726,0.2202423457317195,-0.0345935559693177
RF,TSLA,2,2023-07-01,2024-07-01,2024-04-22,3463,4.956179129783885,-0.0014739233593177,0.000518850232854,0.2367221945267763,0.0183452266764367
RF,TSLA,2,2023-07-01,2024-07-01,2024-04-23,3464,4.974524356460321,0.021427996171055,0.0066864816887348,0.2184880179264086,0.1138741562183058
RF,TSLA,2,2023-07-01,2024-07-01,2024-04-24,3465,5.088398512678627,0.0335253542114033,0.011967587288964,0.1111477052436766,0.0484581447047132
RF,TSLA,2,2023-07-01,2024-07-01,2024-04-25,3466,5.1368566573833405,0.0447024680704641,0.0174968190085452,0.0822009984477158,-0.0111680155529887
RF,TSLA,2,2023-07-01,2024-07-01,2024-04-26,3467,5.125688641830352,0.0518509365262271,0.0161991295507422,0.0550269089070827,0.1424272317112205
RF,TSLA,2,2023-07-01,2024-07-01,2024-04-29,3468,5.268115873541572,0.0542706608980108,0.0171160721755605,-0.1049311739984073,-0.0571008420566503
RF,TSLA,2,2023-07-01,2024-07-01,2024-04-30,3469,5.211015031484922,0.0564379498520501,0.0169036886912403,-0.0636949813904648,-0.0181137071742609
RF,TSLA,2,2023-07-01,2024-07-01,2024-05-01,3470,5.192901324310661,0.0551226693069279,0.0101709129828543,-0.0661436246667293,0.000111050076069
RF,TSLA,2,2023-07-01,2024-07-01,2024-05-02,3471,5.19301237438673,0.0545081948127696,0.0124504039864525,-0.0461576405974906,0.0065338435355739
RF,TSLA,2,2023-07-01,2024-07-01,2024-05-03,3472,5.199546217922304,0.0555326964387052,0.0108443815962761,-0.0202939413450469,0.0195114379087524
RF,TSLA,2,2023-07-01,2024-07-01,2024-05-06,3473,5.219057655831056,0.0499592038927767,0.0159675567847045,-0.060059797960708,-0.0383421050936219
RF,TSLA,2,2023-07-01,2024-07-01,2024-05-07,3474,5.1807155507374345,0.0478961147208352,0.0132040289385527,-0.0168443016878105,-0.0175308511942695
RF,TSLA,2,2023-07-01,2024-07-01,2024-05-08,3475,5.163184699543165,0.0487470456875751,0.0089469499914052,0.0155605696971559,-0.0158646494487078
RF,TSLA,2,2023-07-01,2024-07-01,2024-05-09,3476,5.147320050094457,0.0480610679811919,0.0070823792179171,0.0171801512756397,-0.0205623504505254
RF,TSLA,2,2023-07-01,2024-07-01,2024-05-10,3477,5.126757699643932,0.0569031863479541,0.0037424801322815,0.1022096214783978,0.0200970341453077
RF,TSLA,2,2023-07-01,2024-07-01,2024-05-13,3478,5.146854733789239,0.0576444545506653,0.0100746769801364,0.0467130449484978,0.0323975427880176
RF,TSLA,2,2023-07-01,2024-07-01,2024-05-14,3479,5.179252276577257,0.0492637865703047,0.0136348172122811,-0.0216923161283304,-0.0202544187069086
RF,TSLA,2,2023-07-01,2024-07-01,2024-05-15,3480,5.158997857870348,0.0479522140268153,0.0110079699436661,0.0297278626945702,0.0048733911792755
RF,TSLA,2,2023-07-01,2024-07-01,2024-05-16,3481,5.163871249049624,0.0439418589683313,0.0108613551141379,0.0108650557270584,0.0148740201906969
RF,TSLA,2,2023-07-01,2024-07-01,2024-05-17,3482,5.178745269240321,0.0373186437536254,0.0115185503927722,-0.0071822971811155,-0.0142450678702239
RF,TSLA,2,2023-07-01,2024-07-01,2024-05-20,3483,5.164500201370097,0.0356047350022894,0.0108516009173359,0.0217116938419383,0.0644671197522326
RF,TSLA,2,2023-07-01,2024-07-01,2024-05-21,3484,5.2289673211223295,0.0257795892608339,0.0160460981757286,-0.0467344233128921,-0.0353995423845923
RF,TSLA,2,2023-07-01,2024-07-01,2024-05-22,3485,5.193567778737737,0.0193091713672934,0.0136731024897967,-0.0214374505243064,-0.0360078182888106
RF,TSLA,2,2023-07-01,2024-07-01,2024-05-23,3486,5.157559960448927,0.0162470277922199,0.0101769867105521,0.0059108877755349,0.031165760115992
RF,TSLA,2,2023-07-01,2024-07-01,2024-05-24,3487,5.188725720564919,0.00959943076775,0.0175072997525857,-0.0239397466414041,-0.0139894157882363
RF,TSLA,2,2023-07-01,2024-07-01,2024-05-28,3488,5.174736304776682,0.0083273081174626,0.0176889088806809,0.006710123760329,-0.0031733327174769
RF,TSLA,2,2023-07-01,2024-07-01,2024-05-29,3489,5.171562972059205,0.0071267923590241,0.0160613544193902,0.0072949303785883,0.0146489231528299
RF,TSLA,2,2023-07-01,2024-07-01,2024-05-30,3490,5.186211895212035,0.0001527777153285,0.0167965323190978,-0.0283642600674625,-0.0039789974025978
RF,TSLA,2,2023-07-01,2024-07-01,2024-05-31,3491,5.182232897809437,-0.0085840036825848,0.0157730131058313,-0.0425596032424886,-0.0101025695960066
RF,TSLA,2,2023-07-01,2024-07-01,2024-06-03,3492,5.172130328213431,-0.0077055184188186,0.0170845052875541,0.0056564438274504,-0.0086594799889692
RF,TSLA,2,2023-07-01,2024-07-01,2024-06-04,3493,5.163470848224462,-0.000952762247361,0.0173009797656155,0.0431149344138663,0.0013151256990528
RF,TSLA,2,2023-07-01,2024-07-01,2024-06-05,3494,5.1647859739235145,0.0014948274777815,0.0175953767171888,0.0170537237070877,0.0166604546134969
RF,TSLA,2,2023-07-01,2024-07-01,2024-06-06,3495,5.181446428537011,0.0070302117472076,0.0189392116405632,0.0520123786875297,-0.0025885260992177
RF,TSLA,2,2023-07-01,2024-07-01,2024-06-07,3496,5.178857902437794,0.0115793890882844,0.01642368672263,0.0407408827005344,-0.0210102672932208
RF,TSLA,2,2023-07-01,2024-07-01,2024-06-10,3497,5.157847635144573,0.0172769052900925,0.0115979931157588,0.0437936594762664,-0.018174340577624
RF,TSLA,2,2023-07-01,2024-07-01,2024-06-11,3498,5.139673294566949,0.0267735191887918,0.0095394969248894,0.0698674715745921,0.0381134774739324
RF,TSLA,2,2023-07-01,2024-07-01,2024-06-12,3499,5.177786772040881,0.0280374717966838,0.0134438605022571,0.0294016711248339,0.0287990105974467
RF,TSLA,2,2023-07-01,2024-07-01,2024-06-13,3500,5.206585782638328,0.0289627151698086,0.0191978579468379,0.0263927751795138,-0.0247460850077256
RF,TSLA,2,2023-07-01,2024-07-01,2024-06-14,3501,5.181839697630602,0.0390153067604259,0.014178449887308,0.0981609122661675,0.0516191095939388
RF,TSLA,2,2023-07-01,2024-07-01,2024-06-17,3502,5.233458807224541,0.043558539491217,0.0186666864910957,0.0518746224902804,-0.013860022086213
RF,TSLA,2,2023-07-01,2024-07-01,2024-06-18,3503,5.219598785138328,0.0497451841944949,0.0147059110081677,0.0680620258968032,-0.0179574905174888
RF,TSLA,2,2023-07-01,2024-07-01,2024-06-20,3504,5.201641294620839,0.0626581244732067,0.0098823251789428,0.1447993500173003,0.0078994715207016
RF,TSLA,2,2023-07-01,2024-07-01,2024-06-21,3505,5.209540766141541,0.0763058728636973,0.0142492191380789,0.234001828806079,-0.0023523229758257
RF,TSLA,3,2024-07-01,2025-07-01,2024-07-01,3511,5.34644064463814,0.1654785202306747,0.0232400436895897,0.1384807573686313,0.0971019503094803
RF,TSLA,3,2024-07-01,2025-07-01,2024-07-02,3512,5.44354259494762,0.1678703394579148,0.028564478510186,0.0708131235728766,0.0633730489954143
RF,TSLA,3,2024-07-01,2025-07-01,2024-07-03,3513,5.506915643943034,0.167828717950158,0.032813902689056,0.0250499041484033,0.0206068822843725
RF,TSLA,3,2024-07-01,2025-07-01,2024-07-05,3514,5.527522526227407,0.1650850667378955,0.0371654546200181,0.0198400196415651,0.0056297898765391
RF,TSLA,3,2024-07-01,2025-07-01,2024-07-08,3515,5.533152316103946,0.1545912288916664,0.0381044365513734,-0.0177094705672615,0.0364508858978904
RF,TSLA,3,2024-07-01,2025-07-01,2024-07-09,3516,5.5696032020018365,0.1393207877527018,0.0392295948057878,-0.0512270542441575,0.0035389720904079
RF,TSLA,3,2024-07-01,2025-07-01,2024-07-10,3517,5.573142174092244,0.1158392803185561,0.0404410414912569,-0.095842164773952,-0.0882207720854735
RF,TSLA,3,2024-07-01,2025-07-01,2024-07-11,3518,5.484921402006771,0.1107055034789805,0.033260730000293,0.0425613263332316,0.0294343165137256
RF,TSLA,3,2024-07-01,2025-07-01,2024-07-12,3519,5.5143557185204966,0.0992933959081927,0.0332533282256012,-0.0074806391684507,0.017609829570941
RF,TSLA,3,2024-07-01,2025-07-01,2024-07-15,3520,5.531965548091438,0.0801488752204528,0.0355318601232072,-0.1567334123427821,0.0153969977775343
RF,TSLA,3,2024-07-01,2025-07-01,2024-07-16,3521,5.547362545868972,0.0592698076436279,0.0364687585801502,-0.1525992810526828,-0.0319197003322875
RF,TSLA,3,2024-07-01,2025-07-01,2024-07-17,3522,5.515442845536684,0.0411013765899683,0.0321409265627139,-0.1227247896829153,0.0029333022209945
RF,TSLA,3,2024-07-01,2025-07-01,2024-07-18,3523,5.518376147757679,0.02832320046104,0.0314836067829685,-0.0712078081803655,-0.0410761384393865
RF,TSLA,3,2024-07-01,2025-07-01,2024-07-19,3524,5.477300009318292,0.0174482750303708,0.0262099732995951,-0.0718337491866085,0.0501827190217101
RF,TSLA,3,2024-07-01,2025-07-01,2024-07-22,3525,5.5274827283400025,0.0043825524875158,0.027550164360926,-0.0804436464849498,-0.0206076489879567
RF,TSLA,3,2024-07-01,2025-07-01,2024-07-23,3526,5.506875079352046,-0.010402373639903,0.027895334346751,-0.127623092493514,-0.1316429436033903
RF,TSLA,3,2024-07-01,2025-07-01,2024-07-24,3527,5.375232135748655,-0.0235538707408586,0.0190264801541919,-0.0392818632109044,0.0195311290676336
RF,TSLA,3,2024-07-01,2025-07-01,2024-07-25,3528,5.394763264816289,-0.0405749261525709,0.0253553769077652,-0.1020616125023368,-0.00204520896252
RF,TSLA,3,2024-07-01,2025-07-01,2024-07-26,3529,5.392718055853769,-0.0557557210070651,0.0270277380664855,-0.0912058014512364,0.0544502837235443
RF,TSLA,3,2024-07-01,2025-07-01,2024-07-29,3530,5.447168339577313,-0.079321167762858,0.0253519024827118,-0.1909237780972219,-0.0417020794456295
RF,TSLA,3,2024-07-01,2025-07-01,2024-07-30,3531,5.405466260131684,-0.0933869545745569,0.0256729590056551,-0.1129657973225795,0.0415728217233688
RF,TSLA,3,2024-07-01,2025-07-01,2024-07-31,3532,5.447039081855053,-0.1102143179122929,0.0246642540654586,-0.1487217153070164,-0.0677870949965209
RF,TSLA,3,2024-07-01,2025-07-01,2024-08-01,3533,5.379251986858532,-0.122538807857623,0.0241006732737297,-0.0935640088957399,-0.0433017143207807
RF,TSLA,3,2024-07-01,2025-07-01,2024-08-02,3534,5.335950272537751,-0.1208262651287626,0.013101253020926,0.0007701741035788,-0.0432486202237987
RF,TSLA,3,2024-07-01,2025-07-01,2024-08-05,3535,5.292701652313952,-0.1175853769805783,0.0087608545147407,0.0124920424202761,0.0088106020885803
RF,TSLA,3,2024-07-01,2025-07-01,2024-08-06,3536,5.301512254402533,-0.1042127197749502,0.0099437432865536,0.0651177494773458,-0.0452676929224411
RF,TSLA,3,2024-07-01,2025-07-01,2024-08-07,3537,5.2562445614800914,-0.0850822183314354,0.0069644162510043,0.1195892249027119,0.0362559013290129
RF,TSLA,3,2024-07-01,2025-07-01,2024-08-08,3538,5.292500462809104,-0.0662491798610407,0.0096628954343195,0.1134149198178375,0.0058169037389319
RF,TSLA,3,2024-07-01,2025-07-01,2024-08-09,3539,5.298317366548036,-0.0483584596292967,0.0151963272402929,0.1002977489205907,-0.0126293885852444
RF,TSLA,3,2024-07-01,2025-07-01,2024-08-12,3540,5.285687977962792,-0.0273101605682519,0.0093700963029487,0.1226938425834021,0.0510324686785379
RF,TSLA,3,2024-07-01,2025-07-01,2024-08-13,3541,5.33672044664133,-0.0230472105039423,0.0159119523817737,0.0135250301510465,-0.0315267519071014
RF,TSLA,3,2024-07-01,2025-07-01,2024-08-14,3542,5.305193694734228,-0.0092921703495525,0.0117598146909906,0.089887373489665,0.06143630914565
RF,TSLA,3,2024-07-01,2025-07-01,2024-08-15,3543,5.366630003879878,-0.0087320194454338,0.0167787198089089,-0.0043523768835083,0.0092037825029249
RF,TSLA,3,2024-07-01,2025-07-01,2024-08-16,3544,5.375833786382803,-0.0117363780070665,0.0202915942830048,-0.0324952220957257,0.0300815962441385
RF,TSLA,3,2024-07-01,2025-07-01,2024-08-19,3545,5.405915382626942,-0.0208007816485205,0.0247266478593554,-0.0792535430697629,-0.0073002671583148
RF,TSLA,3,2024-07-01,2025-07-01,2024-08-20,3546,5.398615115468627,-0.028228507113214,0.0234911389539182,-0.0693806522035691,0.0097667050775669
RF,TSLA,3,2024-07-01,2025-07-01,2024-08-21,3547,5.408381820546194,-0.031034095952874,0.0244682350773301,-0.041891916044463,-0.0581363437538176
RF,TSLA,3,2024-07-01,2025-07-01,2024-08-22,3548,5.350245476792376,-0.0281610673255281,0.0207654060740975,-0.0002848481109456,0.044835591431517
RF,TSLA,3,2024-07-01,2025-07-01,2024-08-23,3549,5.395081068223893,-0.0252676894663048,0.0233955021866063,-0.0041389258793218,-0.0328034412275233
RF,TSLA,3,2024-07-01,2025-07-01,2024-08-26,3550,5.36227762699637,-0.0129734835476416,0.0208428262829844,0.0765405313840048,-0.0189390627092924
RF,TSLA,3,2024-07-01,2025-07-01,2024-08-27,3551,5.343338564287078,-0.0096277868043062,0.0164848225353192,0.0072391086474699,-0.0166767247298986
RF,TSLA,3,2024-07-01,2025-07-01,2024-08-28,3552,5.326661839557179,-0.0017447136248387,0.0169880322684272,0.0498658072826359,0.0025726237078789
RF,TSLA,3,2024-07-01,2025-07-01,2024-08-29,3553,5.329234463265058,0.0098150247036734,0.0169272992506928,0.0920524575307402,0.037255441236673
RF,TSLA,3,2024-07-01,2025-07-01,2024-08-30,3554,5.366489904501731,0.0166507401606823,0.0215429328368905,0.0634257588066926,-0.0165292758203001
RF,TSLA,3,2024-07-01,2025-07-01,2024-09-03,3555,5.349960628681431,0.0269145490649078,0.0200067755295459,0.0872922412637979,0.0409815136631408
RF,TSLA,3,2024-07-01,2025-07-01,2024-09-04,3556,5.390942142344572,0.031572052497391,0.0244079342610706,0.0483972127613849,0.0478760160358033
RF,TSLA,3,2024-07-01,2025-07-01,2024-09-05,3557,5.438818158380375,0.0284341583463385,0.0315840744106367,-0.0148377792194445,-0.0882404854458274
RF,TSLA,3,2024-07-01,2025-07-01,2024-09-06,3558,5.350577672934548,0.0369889840822867,0.024791733588165,0.078197596541405,0.0259499739052673
RF,TSLA,3,2024-07-01,2025-07-01,2024-09-09,3559,5.376527646839815,0.0421088170587422,0.027078128495108,0.0493030265751484,0.0447592739559832
RF,TSLA,3,2024-07-01,2025-07-01,2024-09-10,3560,5.421286920795798,0.049503086896248,0.0321002415054602,0.0755533743774172,0.0086287425126254
RF,TSLA,3,2024-07-01,2025-07-01,2024-09-11,3561,5.429915663308424,0.0522713003214265,0.0315443198023128,0.0434048792258883,0.0073372066368051
RF,TSLA,3,2024-07-01,2025-07-01,2024-09-12,3562,5.437252869945229,0.0583175379633758,0.0291697285339669,0.0842080479170173,0.0020864851607278
RF,TSLA,3,2024-07-01,2025-07-01,2024-09-13,3563,5.439339355105957,0.0658306838082962,0.0278985992817876,0.0990573562653427,-0.0153589759450261
RF,TSLA,3,2024-07-01,2025-07-01,2024-09-16,3564,5.4239803791609305,0.0767170162091854,0.0235849484207312,0.1251734809730313,0.0047948903150221
RF,TSLA,3,2024-07-01,2025-07-01,2024-09-17,3565,5.428775269475953,0.0846561638604184,0.0235881050726794,0.1094247691923291,-0.0029445960609892
RF,TSLA,3,2024-07-01,2025-07-01,2024-09-18,3566,5.425830673414963,0.0956261238126963,0.0224655007371575,0.1366185923175527,0.0710096217582521
RF,TSLA,3,2024-07-01,2025-07-01,2024-09-19,3567,5.496840295173215,0.0992402459973575,0.0268287728932904,0.0700910153968337,-0.0235197526389034
RF,TSLA,3,2024-07-01,2025-07-01,2024-09-20,3568,5.473320542534312,0.1020815750358714,0.0228373367664363,0.0797165161833115,0.0481403753279341
RF,TSLA,3,2024-07-01,2025-07-01,2024-09-23,3569,5.521460917862246,0.0931512631911122,0.0272616929551311,-0.0039276861808801,0.0169357935090532
RF,TSLA,3,2024-07-01,2025-07-01,2024-09-24,3570,5.538396711371299,0.0766702342906073,0.0311961175613545,-0.0550115471443408,0.0107571487626625
RF,TSLA,3,2024-07-01,2025-07-01,2024-09-25,3571,5.549153860133962,0.0645721831364047,0.02956282465288,-0.0273729861389195,-0.0109538214656801
RF,TSLA,3,2024-07-01,2025-07-01,2024-09-26,3572,5.538200038668282,0.049392477840719,0.028474626948347,-0.0541087406729383,0.0242492270642342
RF,TSLA,3,2024-07-01,2025-07-01,2024-09-27,3573,5.562449265732516,0.0333797048326358,0.0309843675957325,-0.063233956817589,0.0044820448375331
RF,TSLA,3,2024-07-01,2025-07-01,2024-09-30,3574,5.566931310570049,0.0151614025990465,0.0300874234476297,-0.0819269170581487,-0.0138942518524256
RF,TSLA,3,2024-07-01,2025-07-01,2024-10-01,3575,5.553037058717623,-0.001142977778846,0.0231175784145421,-0.0775362953381302,-0.0355038270362575
RF,TSLA,3,2024-07-01,2025-07-01,2024-10-02,3576,5.517533231681366,-0.0142364136927239,0.0200203815210282,-0.1339560071707621,-0.0341480674544074
RF,TSLA,3,2024-07-01,2025-07-01,2024-10-03,3577,5.483385164226958,-0.0228491548984735,0.0124976557970784,-0.093583090846991,0.0383957097680838
RF,TSLA,3,2024-07-01,2025-07-01,2024-10-04,3578,5.521780873995042,-0.0380470565566533,0.0184629840395176,-0.130109752356696,-0.0376895759996989
RF,TSLA,3,2024-07-01,2025-07-01,2024-10-07,3579,5.484091297995343,-0.0476001749838399,0.0191991840432809,-0.0844364892684277,0.0151240109195835
RF,TSLA,3,2024-07-01,2025-07-01,2024-10-08,3580,5.499215308914927,-0.0592263499813805,0.0204282320506169,-0.1015504716293387,-0.0142109154030265
RF,TSLA,3,2024-07-01,2025-07-01,2024-10-09,3581,5.4850043935119,-0.068214353040557,0.022914531791505,-0.0882000940768392,-0.0095036301324071
RF,TSLA,3,2024-07-01,2025-07-01,2024-10-10,3582,5.475500763379493,-0.0760528210890818,0.0154213249662562,-0.0871141718535524,-0.0919235388688894
RF,TSLA,3,2024-07-01,2025-07-01,2024-10-11,3583,5.383577224510604,-0.0797791866402315,0.0137397482331321,0.000780219730144,0.0062248488693636
RF,TSLA,3,2024-07-01,2025-07-01,2024-10-14,3584,5.389802073379967,-0.0843008734883019,0.012997664304143,-0.0254629398577579,0.0018690482583787
RF,TSLA,3,2024-07-01,2025-07-01,2024-10-15,3585,5.391671121638346,-0.0721334232730788,0.015023635981079,0.1708550033530711,0.0079836870885694
RF,TSLA,3,2024-07-01,2025-07-01,2024-10-16,3586,5.399654808726916,-0.0577276191369682,0.0166882295945276,0.1957626503206144,-0.0019899714413273
RF,TSLA,3,2024-07-01,2025-07-01,2024-10-17,3587,5.397664837285588,-0.0421981039687073,0.0190284245403495,0.1726243764595434,-0.000860537850527
RF,TSLA,3,2024-07-01,2025-07-01,2024-10-18,3588,5.396804299435061,-0.0256725139335403,0.0170405938346638,0.1620294291587241,-0.0084177079091203
RF,TSLA,3,2024-07-01,2025-07-01,2024-10-21,3589,5.388386591525941,-0.00736736302101,0.0154708937325726,0.1628272370889085,-0.0040291472851929
RF,TSLA,3,2024-07-01,2025-07-01,2024-10-22,3590,5.384357444240748,0.0096737012303336,0.0140737131229809,0.1365033179781853,-0.0200183107185383
RF,TSLA,3,2024-07-01,2025-07-01,2024-10-23,3591,5.3643391335222095,0.0292045877170599,0.0092950890565861,0.1530334212715747,0.1981869914692078
RF,TSLA,3,2024-07-01,2025-07-01,2024-10-24,3592,5.562526124991417,0.0314135837589191,0.0167583508850753,-0.0701233498095224,0.0328913340561127
RF,TSLA,3,2024-07-01,2025-07-01,2024-10-25,3593,5.59541745904753,0.0348933961089299,0.0267091892415507,-0.0682130568485206,-0.0251282453023984
RF,TSLA,3,2024-07-01,2025-07-01,2024-10-28,3594,5.570289213745132,0.043950698738719,0.0231230370435566,0.0945098487012545,-0.0114554851513464
RF,TSLA,3,2024-07-01,2025-07-01,2024-10-29,3595,5.558833728593785,0.0557018298647609,0.0213605939862195,0.1345953463169964,-0.0076198999789358
RF,TSLA,3,2024-07-01,2025-07-01,2024-10-30,3596,5.551213828614849,0.0714926655588499,0.0220655269347511,0.2209124218201106,-0.0303530663959161
RF,TSLA,3,2024-07-01,2025-07-01,2024-10-31,3597,5.520860762218933,0.093223034409128,0.0145478280111201,0.3370723922645258,-0.0034882074251489
RF,TSLA,3,2024-07-01,2025-07-01,2024-11-01,3598,5.517372554793784,0.1103456533539546,0.016839503439225,0.2771338115383921,-0.0249697796118892
RF,TSLA,3,2024-07-01,2025-07-01,2024-11-04,3599,5.492402775181895,0.1312994402295348,0.0153748112907629,0.307416858099951,0.0348016270171145
RF,TSLA,3,2024-07-01,2025-07-01,2024-11-05,3600,5.527204402199009,0.1431519545067416,0.0245190691256931,0.2131670971508867,0.1375946602473767
RF,TSLA,3,2024-07-01,2025-07-01,2024-11-06,3601,5.664799062446386,0.1518391509909369,0.0356539432715917,0.1057694096939991,0.0286300124643954
RF,TSLA,3,2024-07-01,2025-07-01,2024-11-07,3602,5.693429074910782,0.161152329159818,0.0439883499045761,0.1318037477229285,0.0786971755241783
RF,TSLA,3,2024-07-01,2025-07-01,2024-11-08,3603,5.77212625043496,0.1675139031649788,0.0522667242582599,0.0743125246227647,0.085806904048499
RF,TSLA,3,2024-07-01,2025-07-01,2024-11-11,3604,5.857933154483459,0.1672445531592554,0.0581547089515767,-0.0230347055387145,-0.0634267881512826
RF,TSLA,3,2024-07-01,2025-07-01,2024-11-12,3605,5.794506366332176,0.1690442343985969,0.0533214629590967,0.0333799099282918,0.0053132669496696
RF,TSLA,3,2024-07-01,2025-07-01,2024-11-13,3606,5.799819633281846,0.1713212970582907,0.0519625615512588,0.0654011803270888,-0.0594481339319497
RF,TSLA,3,2024-07-01,2025-07-01,2024-11-14,3607,5.740371499349896,0.1715008341008541,0.0448944650503172,0.0844184257245457,0.0301969727904891
RF,TSLA,3,2024-07-01,2025-07-01,2024-11-15,3608,5.770568472140385,0.1669285038964174,0.0510262134036821,0.053157697780211,0.0546643504933248
RF,TSLA,3,2024-07-01,2025-07-01,2024-11-18,3609,5.82523282263371,0.1539797185483165,0.0584584155834351,-0.0174206735508413,0.0212059524240144
RF,TSLA,3,2024-07-01,2025-07-01,2024-11-19,3610,5.846438775057725,0.142215552139385,0.0584365662496327,-0.0024306868077283,-0.0115403261129802
RF,TSLA,3,2024-07-01,2025-07-01,2024-11-20,3611,5.834898448944744,0.1348845201889297,0.0574011943817511,0.0430893916477295,-0.0070121726842762
RF,TSLA,3,2024-07-01,2025-07-01,2024-11-21,3612,5.827886276260468,0.1250478945935365,0.0535621919466986,0.0340958512792095,0.0373345373484665
RF,TSLA,3,2024-07-01,2025-07-01,2024-11-22,3613,5.865220813608935,0.1133689511811395,0.055620676498691,0.0151166024841709,-0.0404308885344928
RF,TSLA,3,2024-07-01,2025-07-01,2024-11-25,3614,5.824789925074442,0.11174336293349,0.0464315269578508,0.0873337249181176,-0.0010637551538454
RF,TSLA,3,2024-07-01,2025-07-01,2024-11-26,3615,5.823726169920596,0.1163813944835503,0.0412127497370122,0.1404185696687028,-0.0159140208377275
RF,TSLA,3,2024-07-01,2025-07-01,2024-11-27,3616,5.807812149082869,0.1232569101195535,0.0373116624783262,0.157796005401746,0.0361959391671273
RF,TSLA,3,2024-07-01,2025-07-01,2024-11-29,3617,5.844008088249996,0.1284423809744455,0.0432103878162055,0.1499283767359767,0.0339797523424776
RF,TSLA,3,2024-07-01,2025-07-01,2024-12-02,3618,5.877987840592474,0.1349617289454077,0.0476076409321337,0.173559979508334,-0.0160057130527961
RF,TSLA,3,2024-07-01,2025-07-01,2024-12-03,3619,5.861982127539678,0.1417619934779104,0.038411485908538,0.1737385254210615,0.0183552885534279
RF,TSLA,3,2024-07-01,2025-07-01,2024-12-04,3620,5.880337416093106,0.1506697141855832,0.0364874326397269,0.1978322362851123,0.0317862338994539
RF,TSLA,3,2024-07-01,2025-07-01,2024-12-05,3621,5.91212364999256,0.160578069511998,0.0321421942724112,0.2256465759774615,0.0520210895967396
RF,TSLA,3,2024-07-01,2025-07-01,2024-12-06,3622,5.964144739589299,0.1679564891710212,0.022105997557781,0.2093496245764941,0.0014634148953156
RF,TSLA,3,2024-07-01,2025-07-01,2024-12-09,3623,5.965608154484615,0.1648988314206469,0.0123054775813577,0.1214619944290706,0.028328310501358
RF,TSLA,3,2024-07-01,2025-07-01,2024-12-10,3624,5.993936464985973,0.1576215269016279,0.0024961035630983,0.0840956414110234,0.0576113551148349
RF,TSLA,3,2024-07-01,2025-07-01,2024-12-11,3625,6.051547820100808,0.1408911715612797,-0.0013112723983473,-0.008772484556637,-0.0158271671400687
RF,TSLA,3,2024-07-01,2025-07-01,2024-12-12,3626,6.035720652960739,0.1287505115118987,-0.0111409393447571,0.0294589461439676,0.0424489994174788
RF,TSLA,3,2024-07-01,2025-07-01,2024-12-13,3627,6.078169652378218,0.1205366674438508,-0.0152007648051573,0.0580011130884079,0.059600573591803
RF,TSLA,3,2024-07-01,2025-07-01,2024-12-16,3628,6.137770225970021,0.1050949865863124,-0.0214515834218791,-0.019386714552831,0.0357241381957722
RF,TSLA,3,2024-07-01,2025-07-01,2024-12-17,3629,6.173494364165793,0.0810245808160115,-0.0263015285111358,-0.1058561143511864,-0.0864242152521077
RF,TSLA,3,2024-07-01,2025-07-01,2024-12-18,3630,6.087070148913686,0.0638972104592525,-0.0345370445794433,-0.0530011879499472,-0.0090380425166891
RF,TSLA,3,2024-07-01,2025-07-01,2024-12-19,3631,6.078032106396996,0.0441751695629912,-0.0387717455954362,-0.0770133555524212,-0.0352567708528255
RF,TSLA,3,2024-07-01,2025-07-01,2024-12-20,3632,6.042775335544171,0.0246282486448086,-0.0427246220903933,-0.1045006201687828,0.0224042635605359
RF,TSLA,3,2024-07-01,2025-07-01,2024-12-23,3633,6.065179599104707,0.0149933321281627,-0.0430849338243531,-0.0479498381624328,0.0709911663619191
RF,TSLA,3,2024-07-01,2025-07-01,2024-12-24,3634,6.136170765466626,-0.0033067089159501,-0.0430814467748853,-0.1174559335656768,-0.0177872540494359
RF,TSLA,3,2024-07-01,2025-07-01,2024-12-26,3635,6.11838351141719,-0.0231361402874687,-0.0411115648105069,-0.1411193508551864,-0.0507452616025831
RF,TSLA,3,2024-07-01,2025-07-01,2024-12-27,3636,6.067638249814607,-0.0378699392206973,-0.0429927087659328,-0.0889043890037291,-0.0335692888508685
RF,TSLA,3,2024-07-01,2025-07-01,2024-12-30,3637,6.034068960963738,-0.0486544175909573,-0.0462744247461945,-0.0558416653771622,-0.0330502101191632
RF,TSLA,3,2024-07-01,2025-07-01,2024-12-31,3638,6.001018750844575,-0.0517553940965145,-0.0471860259580467,-0.0013132598884384,-0.062744035469187
RF,TSLA,3,2024-07-01,2025-07-01,2025-01-02,3639,5.938274715375388,-0.052307310867385,-0.0474101386138462,0.0440481368579037,0.0789550455668859
RF,TSLA,3,2024-07-01,2025-07-01,2025-01-03,3640,6.017229760942274,-0.0505073393202692,-0.0442055232642883,0.0424073241194014,0.0014850709586751
RF,TSLA,3,2024-07-01,2025-07-01,2025-01-06,3641,6.018714831900949,-0.051128668511871,-0.0432273001484696,0.00671628246935,-0.0414506713389455
RF,TSLA,3,2024-07-01,2025-07-01,2025-01-07,3642,5.977264160562004,-0.0432782856383093,-0.0426359985695913,0.0783482063697302,0.0014697002488741
RF,TSLA,3,2024-07-01,2025-07-01,2025-01-08,3643,5.978733860810878,-0.0350313737386969,-0.0415332387106226,0.0711646924053814,-0.0005065652243017
RF,TSLA,3,2024-07-01,2025-07-01,2025-01-10,3644,5.978227295586576,-0.0285346430287374,-0.0424307392562534,0.0503162144747397,0.0214781953695606
RF,TSLA,3,2024-07-01,2025-07-01,2025-01-13,3645,5.999705490956137,-0.0256611875920329,-0.0409641300896905,0.0222397752459979,-0.0173826387228448
RF,TSLA,3,2024-07-01,2025-07-01,2025-01-14,3646,5.982322852233292,-0.0220893228772034,-0.0407856242242385,0.025457826333568,0.0773142328283835
RF,TSLA,3,2024-07-01,2025-07-01,2025-01-15,3647,6.059637085061675,-0.0341951233581534,-0.0345392146228475,-0.0753230573508227,-0.0342059706913762
RF,TSLA,3,2024-07-01,2025-07-01,2025-01-16,3648,6.025431114370299,-0.0410891855328827,-0.0351530769500723,-0.0387530131954774,0.0301812525614346
RF,TSLA,3,2024-07-01,2025-07-01,2025-01-17,3649,6.055612366931734,-0.0538118369766209,-0.0322222846162539,-0.0917759712549868,-0.0057138137154746
RF,TSLA,3,2024-07-01,2025-07-01,2025-01-21,3650,6.049898553216259,-0.0591557298653464,-0.0309286103834621,-0.0577342540436269,-0.0213550431549434
RF,TSLA,3,2024-07-01,2025-07-01,2025-01-22,3651,6.028543510061316,-0.0590170609093911,-0.0329113735909662,-0.0256445702423624,-0.0065982438591811
RF,TSLA,3,2024-07-01,2025-07-01,2025-01-23,3652,6.021945266202135,-0.0636657906078035,-0.0339290453704396,-0.0721364134523794,-0.0141645876352747
RF,TSLA,3,2024-07-01,2025-07-01,2025-01-24,3653,6.00778067856686,-0.0625756743724812,-0.0344133783530759,-0.0359832897209519,-0.0234666508560073
RF,TSLA,3,2024-07-01,2025-07-01,2025-01-27,3654,5.984314027710853,-0.062530736194696,-0.0360018708828186,-0.0489701622350686,0.0023640734639691
RF,TSLA,3,2024-07-01,2025-07-01,2025-01-28,3655,5.986678101174822,-0.064381903382122,-0.0357188716689991,-0.06156703505013,-0.0228417054980747
RF,TSLA,3,2024-07-01,2025-07-01,2025-01-29,3656,5.963836395676747,-0.0669646403560877,-0.0375113835265749,-0.0732424724563456,0.0283279034958852
RF,TSLA,3,2024-07-01,2025-07-01,2025-01-30,3657,5.992164299172632,-0.078346563455744,-0.0334381119722073,-0.13214757116162,0.0107346406463211
RF,TSLA,3,2024-07-01,2025-07-01,2025-01-31,3658,6.002898939818953,-0.0947481611886598,-0.0347861254012967,-0.2083621018942878,-0.0530900870691981
RF,TSLA,3,2024-07-01,2025-07-01,2025-02-03,3659,5.949808852749755,-0.1020580264315311,-0.0351336220634303,-0.1311809574042026,0.0219885360961527
RF,TSLA,3,2024-07-01,2025-07-01,2025-02-04,3660,5.971797388845908,-0.1048117977033769,-0.0329452343874518,-0.0970352046650298,-0.0364535233701239
RF,TSLA,3,2024-07-01,2025-07-01,2025-02-05,3661,5.935343865475784,-0.1029530752427003,-0.0363847735525149,-0.0608626841450705,-0.0102327993510922
RF,TSLA,3,2024-07-01,2025-07-01,2025-02-06,3662,5.925111066124692,-0.0998543476175806,-0.0351806324653667,-0.0555035081625083,-0.0345171429042903
RF,TSLA,3,2024-07-01,2025-07-01,2025-02-07,3663,5.890593923220401,-0.0899449934721712,-0.0363289893937943,-0.00293555160916,-0.0305771952093891
RF,TSLA,3,2024-07-01,2025-07-01,2025-02-10,3664,5.860016728011012,-0.0788151980328981,-0.0358681624340577,0.0104094734978037,-0.0654798900863466
RF,TSLA,3,2024-07-01,2025-07-01,2025-02-11,3665,5.794536837924666,-0.0702129247581027,-0.0412076521271243,0.0279171303121747,0.024091057420887
RF,TSLA,3,2024-07-01,2025-07-01,2025-02-12,3666,5.818627895345553,-0.0665327577187815,-0.0371811762808118,-0.0179304723082243,0.0561342888353255
RF,TSLA,3,2024-07-01,2025-07-01,2025-02-13,3667,5.874762184180878,-0.0757047459923088,-0.0363365674600434,-0.1616897029314268,-0.0002810028501647
RF,TSLA,3,2024-07-01,2025-07-01,2025-02-14,3668,5.874481181330713,-0.0886000572553902,-0.0341448406006087,-0.201845477648761,-0.00487362336853
RF,TSLA,3,2024-07-01,2025-07-01,2025-02-18,3669,5.869607557962183,-0.1044036046317575,-0.0342519706890541,-0.2278777644139715,0.018050813649058
RF,TSLA,3,2024-07-01,2025-07-01,2025-02-19,3670,5.887658371611241,-0.1185433672894431,-0.0342576461056666,-0.2075539868110585,-0.0172321701024253
RF,TSLA,3,2024-07-01,2025-07-01,2025-02-20,3671,5.870426201508816,-0.1333403168183915,-0.0345706453337327,-0.2191658675539018,-0.0479722332719756
RF,TSLA,3,2024-07-01,2025-07-01,2025-02-21,3672,5.82245396823684,-0.1459039403773436,-0.0383983627700455,-0.2165048225188686,-0.021756545199512
RF,TSLA,3,2024-07-01,2025-07-01,2025-02-24,3673,5.800697423037328,-0.1523242511920282,-0.0404304671095825,-0.1691272606264888,-0.0876249417878769
RF,TSLA,3,2024-07-01,2025-07-01,2025-02-25,3674,5.713072481249451,-0.1578232206061116,-0.0420640707240382,-0.1392088382588712,-0.0404367775674989
RF,TSLA,3,2024-07-01,2025-07-01,2025-02-26,3675,5.672635703681952,-0.1594679228363507,-0.0444225534035185,-0.1017371610972084,-0.0309059101337405
RF,TSLA,3,2024-07-01,2025-07-01,2025-02-27,3676,5.641729793548212,-0.1600823342511539,-0.0461339808468894,-0.2383769916410445,0.038374591251971
RF,TSLA,3,2024-07-01,2025-07-01,2025-02-28,3677,5.680104384800183,-0.1646115345765135,-0.0456602322992146,-0.2395065030542937,-0.0288440508452687
RF,TSLA,3,2024-07-01,2025-07-01,2025-03-03,3678,5.651260333954914,-0.162209171722341,-0.0491704738685254,-0.1374687651587871,-0.0453111882369423
RF,TSLA,3,2024-07-01,2025-07-01,2025-03-04,3679,5.605949145717972,-0.158201611984504,-0.0537130748475816,-0.122480925797177,0.0256210166928676
RF,TSLA,3,2024-07-01,2025-07-01,2025-03-05,3680,5.631570162410839,-0.1550337038996421,-0.0531648572213244,-0.1101892648399749,-0.0577065194202592
RF,TSLA,3,2024-07-01,2025-07-01,2025-03-06,3681,5.57386364299058,-0.1507498687133521,-0.0620366716375397,-0.1015509764746154,-0.0029651004058361
RF,TSLA,3,2024-07-01,2025-07-01,2025-03-07,3682,5.570898542584744,-0.1503616691237042,-0.0644927470887898,-0.1534213217032149,-0.1675457406775766
RF,TSLA,3,2024-07-01,2025-07-01,2025-03-10,3683,5.403352801907167,-0.1430551893084732,-0.0689357843412614,0.0598856093424275,0.0372450798387218
RF,TSLA,3,2024-07-01,2025-07-01,2025-03-11,3684,5.440597881745889,-0.135232701041434,-0.0668997705486646,0.0243349885239805,0.0731936870502378
RF,TSLA,3,2024-07-01,2025-07-01,2025-03-12,3685,5.513791568796127,-0.1253773721688098,-0.0648137296937246,0.0024960172868837,-0.0303233488753322
RF,TSLA,3,2024-07-01,2025-07-01,2025-03-13,3686,5.483468219920795,-0.1058193448591859,-0.0642916058750489,0.1455548409725207,0.0379126776500697
RF,TSLA,3,2024-07-01,2025-07-01,2025-03-14,3687,5.5213808975708645,-0.084423245307085,-0.06385175085239,0.1420656264003783,-0.0490682310548997
RF,TSLA,3,2024-07-01,2025-07-01,2025-03-17,3688,5.472312666515965,-0.0642449449277524,-0.0661636360784396,0.13370995471554,-0.0548354456344357
RF,TSLA,3,2024-07-01,2025-07-01,2025-03-18,3689,5.417477220881529,-0.0380761470150972,-0.0666246736364178,0.1924706693141633,0.0457611903680659
RF,TSLA,3,2024-07-01,2025-07-01,2025-03-19,3690,5.463238411249595,-0.019286856199562,-0.0627096392147451,0.1110046457339146,0.0016944590202747
RF,TSLA,3,2024-07-01,2025-07-01,2025-03-20,3691,5.46493287026987,-0.0024093721664879,-0.0577473995935177,0.092512775442576,0.0513547158131411
RF,TSLA,3,2024-07-01,2025-07-01,2025-03-21,3692,5.516287586083011,0.0128070621390392,-0.0527470351226755,0.0764143091470748,0.1127354748103046
RF,TSLA,3,2024-07-01,2025-07-01,2025-03-24,3693,5.629023060893315,0.0255793746981574,-0.0347261456275934,0.0155754549462354,0.0344234630779274
RF,TSLA,3,2024-07-01,2025-07-01,2025-03-25,3694,5.663446523971243,0.0259121751934223,-0.0171518541725367,-0.0751497304898736,-0.057423902739738
RF,TSLA,3,2024-07-01,2025-07-01,2025-03-26,3695,5.606022621231505,0.0177946953731771,-0.009398679306574,-0.1277615532657074,0.0039252689641875
RF,TSLA,3,2024-07-01,2025-07-01,2025-03-27,3696,5.609947890195692,0.0053490005472989,0.0028094654888044,-0.1576656041322062,-0.0357048332121827
RF,TSLA,3,2024-07-01,2025-07-01,2025-03-28,3697,5.5742430569835095,-0.0088751295694882,0.0026551108376163,-0.1721965019219293,-0.0167974112710638
RF,TSLA,3,2024-07-01,2025-07-01,2025-03-31,3698,5.557445645712446,-0.0104739932105513,0.0041373038187954,0.0490914893507357,0.0352562495176398
RF,TSLA,3,2024-07-01,2025-07-01,2025-04-01,3699,5.5927018952300855,-0.0199981655854282,0.0154208810936464,-0.0616867887449439,0.0518966206094653
RF,TSLA,3,2024-07-01,2025-07-01,2025-04-02,3700,5.644598515839551,-0.0341476338809867,0.0269888284978084,-0.1139400352994792,-0.0563017223581816
RF,TSLA,3,2024-07-01,2025-07-01,2025-04-03,3701,5.588296793481369,-0.0398570100582889,0.025992326637242,-0.0574797565083908,-0.1100357255155719
RF,TSLA,3,2024-07-01,2025-07-01,2025-04-04,3702,5.478261067965797,-0.0314476457409709,0.0210292575601151,0.0595061785726773,-0.0259787819023111
RF,TSLA,3,2024-07-01,2025-07-01,2025-04-07,3703,5.452282286063486,-0.0246872859251467,0.0162327174297561,0.0347942175709921,-0.0502357310019059
RF,TSLA,3,2024-07-01,2025-07-01,2025-04-08,3704,5.40204655506158,-0.0130815616943689,0.0097056099564072,0.0842844505873525,0.2044905800016012
RF,TSLA,3,2024-07-01,2025-07-01,2025-04-09,3705,5.606537135063181,-0.0188551340435338,0.0227707098535563,-0.1793868966721765,-0.0755220285780398
RF,TSLA,3,2024-07-01,2025-07-01,2025-04-10,3706,5.531015106485142,-0.0168036281610559,0.0215129875017302,-0.0588704860492059,-0.00035662594507
RF,TSLA,3,2024-07-01,2025-07-01,2025-04-11,3707,5.530658480540072,-0.010181404879308,0.0220933908654786,-0.0062419129443833,0.0001585564329067
RF,TSLA,3,2024-07-01,2025-07-01,2025-04-14,3708,5.530817036972978,-0.0005534709572092,0.0259916474408141,0.0279782381669733,0.0069502095654963
RF,TSLA,3,2024-07-01,2025-07-01,2025-04-15,3709,5.537767246538475,0.0141836782757458,0.0261945082469112,0.1145465225817377,-0.0506907429039964
RF,TSLA,3,2024-07-01,2025-07-01,2025-04-16,3710,5.487076503634478,0.0337621365431095,0.0222357118911657,0.168495655797237,-0.0007454979855454
RF,TSLA,3,2024-07-01,2025-07-01,2025-04-17,3711,5.486331005648933,0.0553793293048476,0.0203208834097005,0.1905255268879511,-0.0591807672579278
RF,TSLA,3,2024-07-01,2025-07-01,2025-04-21,3712,5.427150238391005,0.0777177824241377,0.0156631955975392,0.2153240605156314,0.0449943820449307
RF,TSLA,3,2024-07-01,2025-07-01,2025-04-22,3713,5.472144620435936,0.094406756888719,0.0219360904006077,0.1645003640686209,0.0522719471597525
RF,TSLA,3,2024-07-01,2025-07-01,2025-04-23,3714,5.524416567595688,0.1078538022234054,0.0274629536875149,0.1357970581622414,0.0343787075442634
RF,TSLA,3,2024-07-01,2025-07-01,2025-04-24,3715,5.558795275139952,0.112868083001195,0.0313301895512957,0.0769225034469958,0.0935184939802606
RF,TSLA,3,2024-07-01,2025-07-01,2025-04-25,3716,5.652313769120212,0.1077620326152244,0.0394008306181914,-0.0342707312453312,0.0032583903115028
RF,TSLA,3,2024-07-01,2025-07-01,2025-04-28,3717,5.655572159431715,0.1008361947776235,0.0361417502760504,-0.0343745053626181,0.0212843731051686
RF,TSLA,3,2024-07-01,2025-07-01,2025-04-29,3718,5.676856532536884,0.0943170450040291,0.0398002639972579,-0.0249991050303481,-0.0343822336302475
RF,TSLA,3,2024-07-01,2025-07-01,2025-04-30,3719,5.642474298906636,0.0964172219306149,0.0306266401783074,0.0554913231699858,-0.0058293144020797
RF,TSLA,3,2024-07-01,2025-07-01,2025-05-01,3720,5.6366449845045565,0.1037089273205893,0.0297111159164674,0.1266006687588632,0.0235686412533731
RF,TSLA,3,2024-07-01,2025-07-01,2025-05-02,3721,5.66021362575793,0.1119452481803495,0.033945696463553,0.1511369480223017,-0.0244958471709821
RF,TSLA,3,2024-07-01,2025-07-01,2025-05-05,3722,5.6357177785869474,0.1271781581848792,0.0277769077622696,0.2155647168551953,-0.0176747407120663
RF,TSLA,3,2024-07-01,2025-07-01,2025-05-06,3723,5.618043037874881,0.142839273983065,0.0245300518944084,0.2191625115686486,0.0031546161942159
RF,TSLA,3,2024-07-01,2025-07-01,2025-05-07,3724,5.621197654069097,0.1598113813846744,0.0272636757706501,0.2366783873158064,0.0306597734374385
RF,TSLA,3,2024-07-01,2025-07-01,2025-05-08,3725,5.651857427506536,0.1682303064941051,0.0349039469886967,0.1832164221257359,0.0461081945700865
RF,TSLA,3,2024-07-01,2025-07-01,2025-05-09,3726,5.697965622076622,0.1712030875538772,0.0445781832494229,0.1421526638392052,0.0652800311867976
RF,TSLA,3,2024-07-01,2025-07-01,2025-05-12,3727,5.76324565326342,0.1632808831143268,0.0534078203533512,0.0497498917739855,0.0481049205168115
RF,TSLA,3,2024-07-01,2025-07-01,2025-05-13,3728,5.811350573780231,0.1529592148479182,0.0622084068999038,0.0206492237322057,0.0399319216619113
RF,TSLA,3,2024-07-01,2025-07-01,2025-05-14,3729,5.851282495442143,0.1370975294719052,0.064349858679257,-0.0242799516192073,-0.0140769459986129
RF,TSLA,3,2024-07-01,2025-07-01,2025-05-15,3730,5.83720554944353,0.1303542832709334,0.0588554909011281,0.0568942489613846,0.0206704919413738
RF,TSLA,3,2024-07-01,2025-07-01,2025-05-16,3731,5.857876041384904,0.1187777083182402,0.059741428576372,0.0195795720097384,-0.0228021917526319
RF,TSLA,3,2024-07-01,2025-07-01,2025-05-19,3732,5.835073849632272,0.1113860902903223,0.0514082573104536,0.0466595128883806,0.0050444362835557
RF,TSLA,3,2024-07-01,2025-07-01,2025-05-20,3733,5.840118285915827,0.0984507717319864,0.0446362378139057,0.0076490612714508,-0.027122740878422
RF,TSLA,3,2024-07-01,2025-07-01,2025-05-21,3734,5.812995545037405,0.0886923494906675,0.0400051067284449,0.0238307105008015,0.0190042524750317
RF,TSLA,3,2024-07-01,2025-07-01,2025-05-22,3735,5.831999797512437,0.0771678564008775,0.0438789500530556,0.0094264038097895,-0.0049972536895017
RF,TSLA,3,2024-07-01,2025-07-01,2025-05-23,3736,5.827002543822935,0.062430564823309,0.045658930023389,-0.0217170205988432,0.067097254581979
RF,TSLA,3,2024-07-01,2025-07-01,2025-05-27,3737,5.894099798404914,0.0404972048393919,0.0451641674793855,-0.2426637612441009,-0.0166441850102723
RF,TSLA,3,2024-07-01,2025-07-01,2025-05-28,3738,5.877455613394642,0.0221796147006401,0.0408622622825329,-0.1900057437271733,0.0042777491260102
RF,TSLA,3,2024-07-01,2025-07-01,2025-05-29,3739,5.881733362520652,0.0061562315063277,0.0341216436950161,-0.1497522770203705,-0.033966015333374
RF,TSLA,3,2024-07-01,2025-07-01,2025-05-30,3740,5.847767347187278,-0.0004035762151746,0.022352506930148,-0.0605939415326117,-0.0109410916490713
RF,TSLA,3,2024-07-01,2025-07-01,2025-06-02,3741,5.836826255538207,-0.0051665664540792,0.0104325928694758,-0.0486107473445098,0.0045999457840197
RF,TSLA,3,2024-07-01,2025-07-01,2025-06-03,3742,5.841426201322227,-0.0125317695456947,0.0073335476186124,-0.0758903762945824,-0.0361406780981345
RF,TSLA,3,2024-07-01,2025-07-01,2025-06-04,3743,5.805285523224092,-0.0133713642152821,-0.0068167149310232,-0.0205069568675417,-0.1538494860632786
RF,TSLA,3,2024-07-01,2025-07-01,2025-06-05,3744,5.651436037160813,-0.0131645134618958,-0.0162416089118455,0.1450167871722092,0.0360138325066552
RF,TSLA,3,2024-07-01,2025-07-01,2025-06-06,3745,5.687449869667469,-0.0177399187260576,-0.0180406943003875,0.0693993452189776,0.044531215832813
RF,TSLA,3,2024-07-01,2025-07-01,2025-06-09,3746,5.731981085500282,-0.0220712614756601,-0.0252846116620387,0.042725689588468,0.0551923201543846
RF,TSLA,3,2024-07-01,2025-07-01,2025-06-10,3747,5.787173405654666,-0.0297897732172218,-0.0240184956653983,-0.0121250777441055,0.0010421025390305
RF,TSLA,3,2024-07-01,2025-07-01,2025-06-11,3748,5.788215508193697,-0.0254849424397587,-0.0337528298702167,0.065939066944118,-0.0226796831660527
RF,TSLA,3,2024-07-01,2025-07-01,2025-06-12,3749,5.765535825027644,-0.0209247876653542,-0.0459640954407144,0.0647911945388601,0.019242741328906
RF,TSLA,3,2024-07-01,2025-07-01,2025-06-13,3750,5.78477856635655,-0.021780226273111,-0.0469931644915339,0.0068621115536462,0.0116742579764723
RF,TSLA,3,2024-07-01,2025-07-01,2025-06-16,3751,5.796452824333023,-0.0239654636749246,-0.0503990397532171,-0.0102305211505804,-0.0396036094465763
RF,TSLA,3,2024-07-01,2025-07-01,2025-06-17,3752,5.756849214886446,-0.0224204843730593,-0.0501502814358107,0.0227516881342317,0.0178575602023034
RF,TSLA,3,2024-07-01,2025-07-01,2025-06-18,3753,5.77470677508875,-0.0249467394646529,-0.049282881582624,-0.013725135153348,0.0003415528218111
RF,TSLA,3,2024-07-01,2025-07-01,2025-06-20,3754,5.775048327910561,-0.0322909914694804,-0.0526649321022562,-0.0689020111482454,0.0791062472272541
RF,TSLA,3,2024-07-01,2025-07-01,2025-06-23,3755,5.854154575137815,-0.0427524033534467,-0.0454796458446203,-0.0995205896605195,-0.0238275555713105
RF,TSLA,4,2025-07-01,2026-07-01,2025-07-01,3761,5.706146316762315,-0.057495177679697,-0.055665694583672,0.0416849718778919,0.04848766871498
RF,TSLA,4,2025-07-01,2026-07-01,2025-07-02,3762,5.754633985477295,-0.0521877337257841,-0.0515891884533844,0.0039522619595109,-0.0009508330129008
RF,TSLA,4,2025-07-01,2026-07-01,2025-07-03,3763,5.7536831524643945,-0.0493120695537232,-0.0506689626982046,-0.0145978900336753,-0.0703074792800579
RF,TSLA,4,2025-07-01,2026-07-01,2025-07-07,3764,5.683375673184337,-0.0346778673222178,-0.0527705478698074,0.0901505438709664,0.013080017887538
RF,TSLA,4,2025-07-01,2026-07-01,2025-07-08,3765,5.696455691071875,-0.0222794393383578,-0.0505780428182586,0.0700198643879801,-0.0065017078495293
RF,TSLA,4,2025-07-01,2026-07-01,2025-07-09,3766,5.689953983222345,-0.0044807337794035,-0.0502685912834653,0.1080774838218241,0.0461988557066899
RF,TSLA,4,2025-07-01,2026-07-01,2025-07-10,3767,5.736152838929035,0.0055615538518667,-0.0446830820631474,0.058353527403141,0.0116784497111721
RF,TSLA,4,2025-07-01,2026-07-01,2025-07-11,3768,5.747831288640207,0.0152760972436745,-0.0460261630547716,0.0576349065941927,0.0107549587965989
RF,TSLA,4,2025-07-01,2026-07-01,2025-07-14,3769,5.758586247436806,0.022925717738671,-0.0452748095852907,0.0482340401663252,-0.0195009850060872
RF,TSLA,4,2025-07-01,2026-07-01,2025-07-15,3770,5.739085262430719,0.0211891059464282,-0.0460714554242288,-0.0177904026736124,0.0344409546245838
RF,TSLA,4,2025-07-01,2026-07-01,2025-07-16,3771,5.773526217055303,0.0177166687305003,-0.042716432612805,-0.0175941557988466,-0.0070506615954482
RF,TSLA,4,2025-07-01,2026-07-01,2025-07-17,3772,5.766475555459855,0.0184879317725776,-0.0444044042099484,0.019163354418568,0.0315559115843147
RF,TSLA,4,2025-07-01,2026-07-01,2025-07-18,3773,5.7980314670441695,0.0130899092778156,-0.0408853985403066,-0.0259674469671074,-0.0035251007119931
RF,TSLA,4,2025-07-01,2026-07-01,2025-07-21,3774,5.794506366332176,0.0074496508572359,-0.0434070934638901,-0.029189852775473,0.0109598289022239
RF,TSLA,4,2025-07-01,2026-07-01,2025-07-22,3775,5.8054661952344,-0.0043079875566887,-0.0438500218046687,-0.0744902085327252,0.0013540923687314
RF,TSLA,4,2025-07-01,2026-07-01,2025-07-23,3776,5.806820287603132,-0.0183496945949634,-0.0433740060323564,-0.0943093342484964,-0.0855254278460249
RF,TSLA,4,2025-07-01,2026-07-01,2025-07-24,3777,5.721294859757107,-0.0167857141484155,-0.046861943317452,0.0128875188675712,0.0346372014993496
RF,TSLA,4,2025-07-01,2026-07-01,2025-07-25,3778,5.755932061256456,-0.0189508454066738,-0.0435434321640528,-0.0234973400730149,0.0297068486219664
RF,TSLA,4,2025-07-01,2026-07-01,2025-07-28,3779,5.785638909878423,-0.018668862023822,-0.0428250282348107,-0.0175991921955382,-0.0135748898013607
RF,TSLA,4,2025-07-01,2026-07-01,2025-07-29,3780,5.772064020077062,-0.0156074328540327,-0.0442365132408875,0.0033256493411268,-0.0067475065203588
RF,TSLA,4,2025-07-01,2026-07-01,2025-07-30,3781,5.765316513556703,-0.0083482318806522,-0.0427472440632718,0.0327149534874662,-0.0343405268550283
RF,TSLA,4,2025-07-01,2026-07-01,2025-07-31,3782,5.730975986701675,0.0070346421201596,-0.0416521516580793,0.0951126087379181,-0.0184650333470397
RF,TSLA,4,2025-07-01,2026-07-01,2025-08-01,3783,5.712510953354635,0.0252882788731625,-0.0428134352820349,0.1189021948607544,0.0216714252700427
RF,TSLA,4,2025-07-01,2026-07-01,2025-08-04,3784,5.734182378624678,0.0384241075154045,-0.0384443300129813,0.0929380593074515,-0.0017476574412365
RF,TSLA,4,2025-07-01,2026-07-01,2025-08-05,3785,5.732434721183441,0.0485946100808734,-0.0404356932852726,0.0834256168645977,0.0356049964994431
RF,TSLA,4,2025-07-01,2026-07-01,2025-08-06,3786,5.768039717682885,0.0493615809581413,-0.0369110747611331,0.0327484608627219,0.0073499517353043
RF,TSLA,4,2025-07-01,2026-07-01,2025-08-07,3787,5.775389669418189,0.0509448898490338,-0.0382399707820281,0.039218371253348,0.0226417976259805
RF,TSLA,4,2025-07-01,2026-07-01,2025-08-08,3788,5.7980314670441695,0.0451812315969739,-0.0371253339016525,-0.0010319180905371,0.0280571283954236
RF,TSLA,4,2025-07-01,2026-07-01,2025-08-11,3789,5.826088595439593,0.0325284386915338,-0.0355677835306752,-0.0456537881061365,0.0053245527757965
RF,TSLA,4,2025-07-01,2026-07-01,2025-08-12,3790,5.83141314821539,0.0172854290613866,-0.0381519428804983,-0.0627485072507507,-0.0042927102832601
RF,TSLA,4,2025-07-01,2026-07-01,2025-08-13,3791,5.8271204379321295,0.0130575585140366,-0.040144843240213,0.0018546197318469,-0.0112600998840903
RF,TSLA,4,2025-07-01,2026-07-01,2025-08-14,3792,5.815860338048039,0.0141632929276802,-0.0425649348793186,0.0323110568431479,-0.0150721595024325
RF,TSLA,4,2025-07-01,2026-07-01,2025-08-15,3793,5.800788178545607,0.0207251370227714,-0.045119226519351,0.0619050955072824,0.0138198621259304
RF,TSLA,4,2025-07-01,2026-07-01,2025-08-18,3794,5.814608040671537,0.0240555434845779,-0.0452619410348234,0.042181620568412,-0.0176084917179046
RF,TSLA,4,2025-07-01,2026-07-01,2025-08-19,3795,5.796999548953632,0.0290641418786758,-0.0449132878982744,0.0493814527194276,-0.0165647416201757
RF,TSLA,4,2025-07-01,2026-07-01,2025-08-20,3796,5.780434807333457,0.031118305600831,-0.046360226730925,0.0303168736950958,-0.0117701663688176
RF,TSLA,4,2025-07-01,2026-07-01,2025-08-21,3797,5.768664640964639,0.0327432070308253,-0.0458955308978672,0.0284866920215494,0.0603104166993375
RF,TSLA,4,2025-07-01,2026-07-01,2025-08-22,3798,5.8289750576639765,0.0269804417872645,-0.0429273033213114,-0.0175646508689935,0.0191963372272105
RF,TSLA,4,2025-07-01,2026-07-01,2025-08-25,3799,5.848171394891187,0.0209011515827519,-0.0388753277714925,-0.0235586837793615,0.0145218791617018
RF,TSLA,4,2025-07-01,2026-07-01,2025-08-26,3800,5.862693274052889,0.0182010799556868,-0.0369807768722539,-0.002363005407826,-0.0059036128129399
RF,TSLA,4,2025-07-01,2026-07-01,2025-08-27,3801,5.856789661239949,0.0140687026961225,-0.0373284667638049,-0.0091955021715177,-0.010408659566889
RF,TSLA,4,2025-07-01,2026-07-01,2025-08-28,3802,5.84638100167306,0.0120162500107712,-0.0390092432671026,0.0028573227230914,-0.0356293206445075
RF,TSLA,4,2025-07-01,2026-07-01,2025-08-29,3803,5.810751681028552,0.0160702581661089,-0.0410737898819448,0.040847192891066,-0.013600348042364
RF,TSLA,4,2025-07-01,2026-07-01,2025-09-02,3804,5.797151332986188,0.0289216767673581,-0.04248919854897,0.113130266676424,0.0142590738087946
RF,TSLA,4,2025-07-01,2026-07-01,2025-09-03,3805,5.811410406794983,0.0430285781177222,-0.0406796315125133,0.169852283994504,0.0132023043168425
RF,TSLA,4,2025-07-01,2026-07-01,2025-09-04,3806,5.8246127111118255,0.0584239534710286,-0.039955142698228,0.191642025642615,0.0357175575332373
RF,TSLA,4,2025-07-01,2026-07-01,2025-09-05,3807,5.860330268645063,0.0717618870083169,-0.0376241505602372,0.1837741542060245,-0.0127361095766316
RF,TSLA,4,2025-07-01,2026-07-01,2025-09-08,3808,5.847594159068431,0.0897177644446607,-0.040471467760508,0.2065164602925131,0.0016441653277201
RF,TSLA,4,2025-07-01,2026-07-01,2025-09-09,3809,5.849238324396151,0.1050502411025329,-0.0420308329457339,0.1834881351024657,0.002360549523467
RF,TSLA,4,2025-07-01,2026-07-01,2025-09-10,3810,5.8515988739196185,0.1224541891933759,-0.0425869548717406,0.2030047952898259,0.0586827257429938
RF,TSLA,4,2025-07-01,2026-07-01,2025-09-11,3811,5.910281599662612,0.1350108723308078,-0.0419680888647102,0.1632466686984894,0.0709810911268746
RF,TSLA,4,2025-07-01,2026-07-01,2025-09-12,3812,5.981262690789487,0.1395204990061769,-0.040322607706479,0.0728244951301508,0.0349920459649535
RF,TSLA,4,2025-07-01,2026-07-01,2025-09-15,3813,6.016254736754441,0.1435279634081636,-0.0405068199835373,0.0768408995637708,0.0278496860966468
RF,TSLA,4,2025-07-01,2026-07-01,2025-09-16,3814,6.044104422851087,0.1358993753716051,-0.0392494806210501,0.0041893518409139,0.010006196509857
RF,TSLA,4,2025-07-01,2026-07-01,2025-09-17,3815,6.054110619360944,0.1295080036222389,-0.042151812224478,0.0335727716285534,-0.0213841598623272
RF,TSLA,4,2025-07-01,2026-07-01,2025-09-18,3816,6.032726459498617,0.1253762921206984,-0.0449301378927427,0.0613172195771838,0.0218772097108272
RF,TSLA,4,2025-07-01,2026-07-01,2025-09-19,3817,6.0546036692094445,0.118070163334301,-0.045864776540529,0.0428412041806494,0.0189245991516573
RF,TSLA,4,2025-07-01,2026-07-01,2025-09-22,3818,6.073528268361102,0.1121057050083873,-0.044982754079959,0.0565235999051738,-0.0194410824414639
RF,TSLA,4,2025-07-01,2026-07-01,2025-09-23,3819,6.054087185919638,0.1020409555257666,-0.0469867571781732,0.0235550574293963,0.0390084503985734
RF,TSLA,4,2025-07-01,2026-07-01,2025-09-24,3820,6.093095636318211,0.0855018960430529,-0.046996282528424,-0.0297058858784087,-0.04480186162621
RF,TSLA,4,2025-07-01,2026-07-01,2025-09-25,3821,6.048293774692001,0.0835277498496189,-0.0491677196816623,0.0681500749429586,0.0393896162974964
RF,TSLA,4,2025-07-01,2026-07-01,2025-09-26,3822,6.087683390989498,0.0720922451930796,-0.0473324131294097,-0.0167378408470568,0.0063602880863031
RF,TSLA,4,2025-07-01,2026-07-01,2025-09-29,3823,6.094043679075801,0.0610282698985971,-0.0482777839943121,-0.0102506602186842,0.0034011943142928
RF,TSLA,4,2025-07-01,2026-07-01,2025-09-30,3824,6.097444873390094,0.0485479998060949,-0.0495405717352565,-0.0208582132461456,0.0326069948761817
RF,TSLA,4,2025-07-01,2026-07-01,2025-10-01,3825,6.130051868266276,0.0275437479450912,-0.0473161233859985,-0.1054185615093787,-0.0524096249172414
RF,TSLA,4,2025-07-01,2026-07-01,2025-10-02,3826,6.077642243349034,0.0218201508793542,-0.0512267009717218,-0.0002293981067875,-0.0142524929092315
RF,TSLA,4,2025-07-01,2026-07-01,2025-10-03,3827,6.063389750439803,0.016525834220209,-0.0513482613098167,-0.0013735701318422,0.0530540991951573
RF,TSLA,4,2025-07-01,2026-07-01,2025-10-06,3828,6.11644384963496,0.0055601970996512,-0.0459716215901608,-0.0407530644256715,-0.045498299492519
RF,TSLA,4,2025-07-01,2026-07-01,2025-10-07,3829,6.070945550142441,-0.002337253396722,-0.0492953790601102,-0.0100715516622909,0.0128474687146757
RF,TSLA,4,2025-07-01,2026-07-01,2025-10-08,3830,6.083793018857117,-0.0069632078707897,-0.0481370298761017,0.0014122897955335,-0.0072063587131685
RF,TSLA,4,2025-07-01,2026-07-01,2025-10-09,3831,6.076586660143948,-0.0068342469767825,-0.0480395201772614,0.0269334243848256,-0.0519533533870513
RF,TSLA,4,2025-07-01,2026-07-01,2025-10-10,3832,6.024633306756897,-0.0033883254573492,-0.0491491562938148,0.0680331346501912,0.0527795384853497
RF,TSLA,4,2025-07-01,2026-07-01,2025-10-13,3833,6.077412845242247,-0.0084283004800624,-0.0444108256174758,0.0070182311488311,-0.0153966649342862
RF,TSLA,4,2025-07-01,2026-07-01,2025-10-14,3834,6.06201618030796,-0.0064593957801095,-0.0462357248652367,0.0449621874818886,0.0136746049013281
RF,TSLA,4,2025-07-01,2026-07-01,2025-10-15,3835,6.0756907852092885,-0.0103591904639843,-0.0434202851560586,-0.0032916177908113,-0.0148167867291384
RF,TSLA,4,2025-07-01,2026-07-01,2025-10-16,3836,6.06087399848015,-0.0043141004141373,-0.0433543833218182,0.0537369831293377,0.0243313101725002
RF,TSLA,4,2025-07-01,2026-07-01,2025-10-17,3837,6.08520530865265,0.0007195383963853,-0.0407976857350815,0.047216092276261,0.0183147758761235
RF,TSLA,4,2025-07-01,2026-07-01,2025-10-20,3838,6.103520084528774,0.0033651768810667,-0.0393048508473663,0.0309836588119063,-0.0108536431216856
RF,TSLA,4,2025-07-01,2026-07-01,2025-10-21,3839,6.092666441407088,0.0016241637211003,-0.0391194838712325,-0.0056644537215682,-0.0082353650160102
RF,TSLA,4,2025-07-01,2026-07-01,2025-10-22,3840,6.084431076391078,0.0066816116139838,-0.0376232433175231,0.0392890444899807,0.0225472913987712
RF,TSLA,4,2025-07-01,2026-07-01,2025-10-23,3841,6.106978367789849,0.0109138548770539,-0.0343655827129739,0.0422802036350722,-0.0345792003713718
RF,TSLA,4,2025-07-01,2026-07-01,2025-10-24,3842,6.072399167418477,0.0137755113234607,-0.0367144725605978,0.0240108311927782,0.0422118141910106
RF,TSLA,4,2025-07-01,2026-07-01,2025-10-27,3843,6.114610981609488,0.0141515409434092,-0.0341912882001898,0.0211054289973908,0.0178104193194235
RF,TSLA,4,2025-07-01,2026-07-01,2025-10-28,3844,6.132421400928911,0.0080289881635335,-0.0329666865424902,-0.0323042547812484,0.0020823424117688
RF,TSLA,4,2025-07-01,2026-07-01,2025-10-29,3845,6.13450374334068,-0.0022676547011073,-0.0344340329166432,-0.0718354628045192,-0.0475017556551602
RF,TSLA,4,2025-07-01,2026-07-01,2025-10-30,3846,6.08700198768552,-0.0014462917334521,-0.0361836793107398,0.0115890395659405,0.0367181331955386
RF,TSLA,4,2025-07-01,2026-07-01,2025-10-31,3847,6.1237201208810585,-0.0075142961321894,-0.034377664319777,-0.0378094145880245,0.0255384505438627
RF,TSLA,4,2025-07-01,2026-07-01,2025-11-03,3848,6.149258571424921,-0.0195467084816911,-0.0322020646154426,-0.0840789723202144,-0.0528485728136658
RF,TSLA,4,2025-07-01,2026-07-01,2025-11-04,3849,6.096409998611255,-0.0299266534313185,-0.0357000738908358,-0.0999828102167326,0.0393064119956232
RF,TSLA,4,2025-07-01,2026-07-01,2025-11-05,3850,6.135716410606879,-0.0449197191504557,-0.0341999252179925,-0.1334355559704123,-0.0355992644592157
RF,TSLA,4,2025-07-01,2026-07-01,2025-11-06,3851,6.100117146147663,-0.0543613051432974,-0.0368167714793766,-0.0865975754217807,-0.0374488656115019
RF,TSLA,4,2025-07-01,2026-07-01,2025-11-07,3852,6.062668280536161,-0.0616816182713186,-0.0373914280312859,-0.0680836060919354,0.0359227467152996
RF,TSLA,4,2025-07-01,2026-07-01,2025-11-10,3853,6.0985910272514605,-0.0718663761294502,-0.0333652164347568,-0.0972009262448434,-0.0126803209584265
RF,TSLA,4,2025-07-01,2026-07-01,2025-11-11,3854,6.085910706293034,-0.0823281610431552,-0.0366107352436615,-0.106442804571933,-0.0207311071883271
RF,TSLA,4,2025-07-01,2026-07-01,2025-11-12,3855,6.065179599104707,-0.0904487184371767,-0.036685452590319,-0.0962418959421897,-0.068752410710184
RF,TSLA,4,2025-07-01,2026-07-01,2025-11-13,3856,5.996427188394523,-0.0815740830229341,-0.0387946057664663,0.0385277868661075,0.0058536662419435
RF,TSLA,4,2025-07-01,2026-07-01,2025-11-14,3857,6.002280854636466,-0.0712976143525985,-0.0383060347591615,0.0365442492783829,0.0112387160894158
RF,TSLA,4,2025-07-01,2026-07-01,2025-11-17,3858,6.013519570725882,-0.0591954420472493,-0.0354131690129275,0.0422803204093469,-0.0189348962816566
RF,TSLA,4,2025-07-01,2026-07-01,2025-11-18,3859,5.9945846744442255,-0.0429515649977876,-0.0374624151201496,0.0695958361657798,0.0068054265623915
RF,TSLA,4,2025-07-01,2026-07-01,2025-11-19,3860,6.001390101006617,-0.0276938610330086,-0.0374966218813708,0.0627206701412639,-0.021922199285516
RF,TSLA,4,2025-07-01,2026-07-01,2025-11-20,3861,5.979467901721101,-0.0102537842778733,-0.0368002631895526,0.0825482785868594,-0.0105301985585839
RF,TSLA,4,2025-07-01,2026-07-01,2025-11-21,3862,5.968937703162517,0.0130157784632567,-0.0381950046681157,0.1330390448831426,0.0660172720981133
RF,TSLA,4,2025-07-01,2026-07-01,2025-11-24,3863,6.03495497526063,0.0268646505668153,-0.0348104300937806,0.0843089400935852,0.0038701286542188
RF,TSLA,4,2025-07-01,2026-07-01,2025-11-25,3864,6.038825103914849,0.0395225264773229,-0.0350464716706383,0.0814723150361009,0.0169747872203798
RF,TSLA,4,2025-07-01,2026-07-01,2025-11-26,3865,6.055799891135229,0.0420907856401058,-0.0346277787737582,0.0300198039071615,0.0083806194747761
RF,TSLA,4,2025-07-01,2026-07-01,2025-11-28,3866,6.064180510610005,0.0447309916893052,-0.0344464168121575,0.0342757512393001,-6.973946212429638e-05
RF,TSLA,4,2025-07-01,2026-07-01,2025-12-01,3867,6.064110771147881,0.0489279080396443,-0.0353718976843296,0.048353880645215,-0.0020945908399205
RF,TSLA,4,2025-07-01,2026-07-01,2025-12-02,3868,6.06201618030796,0.0508993940322355,-0.0355783133065867,0.0402963317891575,0.0399605677376992
RF,TSLA,4,2025-07-01,2026-07-01,2025-12-03,3869,6.10197674804566,0.0513479836602126,-0.0340666982148062,0.026986293629946,0.0172871673085559
RF,TSLA,4,2025-07-01,2026-07-01,2025-12-04,3870,6.119263915354216,0.0530399082256094,-0.0339364404430104,0.0447033022515466,0.0010335035967345
RF,TSLA,4,2025-07-01,2026-07-01,2025-12-05,3871,6.12029741895095,0.0576653735011856,-0.0350093391566058,0.0738630541695011,-0.0344777239085596
RF,TSLA,4,2025-07-01,2026-07-01,2025-12-08,3872,6.085819695042391,0.0605996874565768,-0.0360275674549267,0.0610661737831872,0.0126365668069148
RF,TSLA,4,2025-07-01,2026-07-01,2025-12-09,3873,6.0984562618493054,0.0651796984831385,-0.0366496940535074,0.082326133987185,0.0140083899437906
RF,TSLA,4,2025-07-01,2026-07-01,2025-12-10,3874,6.112464651793096,0.0669539245602441,-0.0349476804578209,0.0638183576753226,-0.010152139695978
RF,TSLA,4,2025-07-01,2026-07-01,2025-12-11,3875,6.102312512097118,0.0726803554696093,-0.0362324366184028,0.08949770012841,0.0266505295784877
RF,TSLA,4,2025-07-01,2026-07-01,2025-12-12,3876,6.128963041675606,0.0729157021842992,-0.0346587855017516,0.0563398173259752,0.0350041759301564
RF,TSLA,4,2025-07-01,2026-07-01,2025-12-15,3877,6.163967217605762,0.0683981575404457,-0.0334773797648084,0.0210060631125408,0.0301932555146891
RF,TSLA,4,2025-07-01,2026-07-01,2025-12-16,3878,6.194160473120451,0.0561922150449785,-0.0318537952983544,-0.0304457439267356,-0.0472746042948735
RF,TSLA,4,2025-07-01,2026-07-01,2025-12-17,3879,6.146885868825578,0.0472328534228543,-0.0351549323106337,-0.016442262566775,0.0338965270109126
RF,TSLA,4,2025-07-01,2026-07-01,2025-12-18,3880,6.1807823958364905,0.0323098492201605,-0.0345136946859812,-0.0617385255994618,-0.0044993863680717
RF,TSLA,4,2025-07-01,2026-07-01,2025-12-19,3881,6.176283009468419,0.0161668236680023,-0.0344224606973248,-0.0676578398724974,0.0155272027571093
RF,TSLA,4,2025-07-01,2026-07-01,2025-12-22,3882,6.191810212225528,-0.0049878550637423,-0.0352705965922438,-0.1094314805476281,-0.006507353223947
RF,TSLA,4,2025-07-01,2026-07-01,2025-12-23,3883,6.185302859001581,-0.0179472673398359,-0.0360780199850448,-0.0723510045802395,-0.0003295782832779
RF,TSLA,4,2025-07-01,2026-07-01,2025-12-24,3884,6.184973280718303,-0.0344714292967154,-0.0375301435711421,-0.1143279554719338,-0.0212585515245873
RF,TSLA,4,2025-07-01,2026-07-01,2025-12-26,3885,6.163714729193716,-0.0472484229559002,-0.0367982934939287,-0.0966558066755514,-0.0332711229349129
RF,TSLA,4,2025-07-01,2026-07-01,2025-12-29,3886,6.130443606258803,-0.0527977492592173,-0.0385065734622587,-0.0532602117589107,-0.0113997360217741
RF,TSLA,4,2025-07-01,2026-07-01,2025-12-30,3887,6.119043870237029,-0.0518943594507748,-0.0382175517395555,-0.0209470944684344,-0.0104187006411073
RF,TSLA,4,2025-07-01,2026-07-01,2025-12-31,3888,6.108625169595921,-0.0471707274436772,-0.0373471559784003,-0.0016913917145275,-0.0262464379180213
RF,TSLA,4,2025-07-01,2026-07-01,2026-01-02,3889,6.0823787316779,-0.0395240121062432,-0.0384052222200284,0.0206272174595705,0.0305731227434415
RF,TSLA,4,2025-07-01,2026-07-01,2026-01-05,3890,6.1129518544213415,-0.0411310917054095,-0.0357308318591422,-0.0279969364322338,-0.0423065291749722
RF,TSLA,4,2025-07-01,2026-07-01,2026-01-06,3891,6.070645325246369,-0.0378669297362916,-0.0377407095624962,0.0128741256454922,-0.0035864027282048
RF,TSLA,4,2025-07-01,2026-07-01,2026-01-07,3892,6.067058922518164,-0.0333904610145063,-0.0377274679335285,0.0140177832795043,0.0101244719817277
RF,TSLA,4,2025-07-01,2026-07-01,2026-01-08,3893,6.077183394499892,-0.0354661691647617,-0.0357539839514743,-0.0387159937965737,0.0209133812687021
RF,TSLA,4,2025-07-01,2026-07-01,2026-01-09,3894,6.098096775768594,-0.0362538604427182,-0.0347548467600392,-0.030968319080884,0.0088370021127994
RF,TSLA,4,2025-07-01,2026-07-01,2026-01-12,3895,6.106933777881394,-0.032974299247944,-0.034706880489171,0.0008905377443371,-0.0039278287439232
RF,TSLA,4,2025-07-01,2026-07-01,2026-01-13,3896,6.10300594913747,-0.0286845020963237,-0.0357032562332783,0.0041505545298807,-0.0180510311483628
RF,TSLA,4,2025-07-01,2026-07-01,2026-01-14,3897,6.084954917989108,-0.0258536554007093,-0.0369727639280295,-0.0091491943981303,-0.001435467097246
RF,TSLA,4,2025-07-01,2026-07-01,2026-01-15,3898,6.0835194508918615,-0.0244565195353176,-0.0370694782360972,-0.0176434204346449,-0.0024427450941928
RF,TSLA,4,2025-07-01,2026-07-01,2026-01-16,3899,6.081076705797669,-0.0226374885034381,-0.0362812797072608,-0.0139019192598786,-0.0426093050943503
RF,TSLA,4,2025-07-01,2026-07-01,2026-01-20,3900,6.038467400703318,-0.0205427651845848,-0.0372549959276114,-0.0064368977095501,0.0286610559843918
RF,TSLA,4,2025-07-01,2026-07-01,2026-01-21,3901,6.06712845668771,-0.0181616793048728,-0.0351016434607015,-0.0023902054008813,0.0406958589380206
RF,TSLA,4,2025-07-01,2026-07-01,2026-01-22,3902,6.107824315625731,-0.0241437107699358,-0.0336837732139569,-0.0632693457315687,-0.0006678119583796
RF,TSLA,4,2025-07-01,2026-07-01,2026-01-23,3903,6.107156503667351,-0.0301428741053868,-0.0349004049383814,-0.0622460011042926,-0.0313507800763739
RF,TSLA,4,2025-07-01,2026-07-01,2026-01-26,3904,6.075805723590977,-0.0365200703748298,-0.0361909437884808,-0.069427909698029,-0.0099296931337606
RF,TSLA,4,2025-07-01,2026-07-01,2026-01-27,3905,6.065876030457217,-0.0442043442604767,-0.037696368972434,-0.0814109438818322,0.0012987560805735
RF,TSLA,4,2025-07-01,2026-07-01,2026-01-28,3906,6.06717478653779,-0.0462202998901872,-0.0374179275488888,-0.0483140035794802,-0.0351442835440218
RF,TSLA,4,2025-07-01,2026-07-01,2026-01-29,3907,6.032030502993768,-0.040747656731618,-0.0378028095624459,0.0018228281566061,0.0327077482930606
RF,TSLA,4,2025-07-01,2026-07-01,2026-01-30,3908,6.064738251286829,-0.037394337037564,-0.0357791647519575,-0.0121551068470484,-0.0201832813926667
RF,TSLA,4,2025-07-01,2026-07-01,2026-02-02,3909,6.044554969894162,-0.0297323831368681,-0.0377423312637954,0.0151988422597053,0.0003555326688964
RF,TSLA,4,2025-07-01,2026-07-01,2026-02-03,3910,6.0449105025630585,-0.0270562203724047,-0.0372766287893351,-0.0116564115835684,-0.0385326886701102
RF,TSLA,4,2025-07-01,2026-07-01,2026-02-04,3911,6.006377813892948,-0.0189783496043043,-0.0387387911934948,0.0277630133439901,-0.0219127273175638
RF,TSLA,4,2025-07-01,2026-07-01,2026-02-05,3912,5.984465086575384,-0.0109527995013003,-0.0388894166036254,0.0332274910405061,0.0343956963829255
RF,TSLA,4,2025-07-01,2026-07-01,2026-02-06,3913,6.01886078295831,-0.0082619716404312,-0.0343534748880078,0.000510735209299,0.0149925481920645
RF,TSLA,4,2025-07-01,2026-07-01,2026-02-09,3914,6.033853331150374,-0.0076599035598272,-0.0349362478404365,-0.0135341338929997,0.018729813289406
RF,TSLA,4,2025-07-01,2026-07-01,2026-02-10,3915,6.05258314443978,-0.0099634950871765,-0.0325137122848062,-0.0319967659747799,0.007170667714087
RF,TSLA,4,2025-07-01,2026-07-01,2026-02-11,3916,6.059753812153867,-0.0191143821340178,-0.0347573522302893,-0.0687143889675914,-0.0264997211743773
RF,TSLA,4,2025-07-01,2026-07-01,2026-02-12,3917,6.03325409097949,-0.0187988105078167,-0.0353546923490472,-0.0186102589967678,0.0008867362574482
RF,TSLA,4,2025-07-01,2026-07-01,2026-02-13,3918,6.034140827236938,-0.0155181458714608,-0.0367344358690779,-9.584721653954632e-05,-0.0164482496210478
RF,TSLA,4,2025-07-01,2026-07-01,2026-02-17,3919,6.0176925776158905,-0.0133506561339658,-0.0377087671627976,-0.0050048769207782,0.0016789405517183
RF,TSLA,4,2025-07-01,2026-07-01,2026-02-18,3920,6.019371518167609,-0.014319568012282,-0.0365741692540402,-0.0216515526352996,0.0009476790897657
RF,TSLA,4,2025-07-01,2026-07-01,2026-02-19,3921,6.020319197257375,-0.0151609106966787,-0.0372997389888276,-0.0205888875725399,0.0002671812076258
RF,TSLA,4,2025-07-01,2026-07-01,2026-02-20,3922,6.020586378465,-0.0207105329305798,-0.0368411073326875,-0.0482282197605137,-0.0295469552787244
RF,TSLA,4,2025-07-01,2026-07-01,2026-02-23,3923,5.991039423186276,-0.0149400173899234,-0.0381866594119169,0.0151659482574091,0.0236044087964462
RF,TSLA,4,2025-07-01,2026-07-01,2026-02-24,3924,6.014643831982722,-0.0137924218287466,-0.0351232485929246,-0.0093996915663101,0.0194011480376765
RF,TSLA,4,2025-07-01,2026-07-01,2026-02-25,3925,6.034044980020399,-0.0196435078341332,-0.034180902060654,-0.0507890037701015,-0.0213572793252865
RF,TSLA,4,2025-07-01,2026-07-01,2026-02-26,3926,6.012687700695112,-0.020513547852822,-0.03584733035804,-0.0245286289670279,-0.014967735162803
RF,TSLA,4,2025-07-01,2026-07-01,2026-02-27,3927,5.997719965532309,-0.0184093179036048,-0.037679864675977,-0.0081572501744613,0.0020103441525254
RF,TSLA,4,2025-07-01,2026-07-01,2026-03-02,3928,5.999730309684835,-0.0130090181071604,-0.0385044786323293,0.0110956088612068,-0.0273721509803479
RF,TSLA,4,2025-07-01,2026-07-01,2026-03-03,3929,5.972358158704487,-0.0092241566112996,-0.0372394914617937,0.0065529470543506,0.0338472127391984
RF,TSLA,4,2025-07-01,2026-07-01,2026-03-04,3930,6.006205371443685,-0.0129484469815386,-0.0340553176574829,-0.0369864020789556,-0.000961231027273
RF,TSLA,4,2025-07-01,2026-07-01,2026-03-05,3931,6.005244140416412,-0.0145381868337919,-0.0363385019840327,-0.0249416641866471,-0.0219881641661148
RF,TSLA,4,2025-07-01,2026-07-01,2026-03-06,3932,5.983255976250297,-0.0105900636081424,-0.036089069558062,0.0063818760002396,0.0049030954777871
RF,TSLA,4,2025-07-01,2026-07-01,2026-03-09,3933,5.988159071728084,-0.0109447802225677,-0.0371864709664997,-0.0149094161488623,0.0014036436297635
RF,TSLA,4,2025-07-01,2026-07-01,2026-03-10,3934,5.989562715357848,-0.0167214589966722,-0.037159803380083,-0.0486023325220594,0.0212632031881936
RF,TSLA,4,2025-07-01,2026-07-01,2026-03-11,3935,6.0108259185460415,-0.0301359412558994,-0.0342623936469359,-0.1028517051595061,-0.0319148127872042
RF,TSLA,4,2025-07-01,2026-07-01,2026-03-12,3936,5.978911105758837,-0.031840133682067,-0.0371254958816977,-0.0365054929140047,-0.0096921363941078
RF,TSLA,4,2025-07-01,2026-07-01,2026-03-13,3937,5.9692189693647295,-0.0310380645813355,-0.0375799792767321,-0.0211056574568795,0.0110835068650354
RF,TSLA,4,2025-07-01,2026-07-01,2026-03-16,3938,5.980302476229765,-0.0309561345071962,-0.036227116957369,-0.0245946172053725,0.0093353760207719
RF,TSLA,4,2025-07-01,2026-07-01,2026-03-17,3939,5.989637852250537,-0.0380149543534686,-0.035893103890006,-0.0704483821288501,-0.0163881966713148
RF,TSLA,4,2025-07-01,2026-07-01,2026-03-18,3940,5.973249655579222,-0.0452642254359183,-0.0371943173332082,-0.0820752044265784,-0.0322892727434336
RF,TSLA,4,2025-07-01,2026-07-01,2026-03-19,3941,5.940960382835788,-0.0499154069865888,-0.038307378243317,-0.0680541752878323,-0.032986169449253
RF,TSLA,4,2025-07-01,2026-07-01,2026-03-20,3942,5.907974213386535,-0.0433557335643177,-0.0389075773813314,0.0102473719537288,0.0344313994582972
RF,TSLA,4,2025-07-01,2026-07-01,2026-03-23,3943,5.942405612844833,-0.0389246997725658,-0.0348602731111954,0.0010759698550799,0.0057076990630173
RF,TSLA,4,2025-07-01,2026-07-01,2026-03-24,3944,5.94811331190785,-0.0419089235300278,-0.035740662343106,-0.060371743237555,0.0075945471165423
RF,TSLA,4,2025-07-01,2026-07-01,2026-03-25,3945,5.955707859024392,-0.0487636678686502,-0.0362268182801652,-0.0897498263970524,-0.0365183889027056
RF,TSLA,4,2025-07-01,2026-07-01,2026-03-26,3946,5.919189470121687,-0.0524889189881605,-0.0365039511283801,-0.0708738623403286,-0.0280150189690431
RF,TSLA,4,2025-07-01,2026-07-01,2026-03-27,3947,5.891174451152644,-0.0539776328507697,-0.0384935531991848,-0.0527154065045634,-0.0182682436046874
RF,TSLA,4,2025-07-01,2026-07-01,2026-03-30,3948,5.872906207547956,-0.0516281133296319,-0.038276040264813,-0.0275663160498016,0.0453153777923081
RF,TSLA,4,2025-07-01,2026-07-01,2026-03-31,3949,5.918221585340264,-0.0544377508575841,-0.0345251569213034,-0.0632929048949257,0.0252599973596483
RF,TSLA,4,2025-07-01,2026-07-01,2026-04-01,3950,5.943481582699913,-0.0582708032568701,-0.0331517436988834,-0.0786578984578181,-0.0557400140296175
RF,TSLA,4,2025-07-01,2026-07-01,2026-04-02,3951,5.887741568670295,-0.050140940354308,-0.0365034516855317,0.0099616321405964,-0.021783536042955
RF,TSLA,4,2025-07-01,2026-07-01,2026-04-06,3952,5.86595803262734,-0.035417440108219,-0.0375819394368194,0.1051762791517489,-0.0176424248459818
RF,TSLA,4,2025-07-01,2026-07-01,2026-04-07,3953,5.848315607781358,-0.0179318995305433,-0.038191735090931,0.1150066176860376,-0.0098565631332778
RF,TSLA,4,2025-07-01,2026-07-01,2026-04-08,3954,5.83845904464808,0.0044007225111046,-0.0383894492197924,0.1545542902616121,0.0068808468500742
RF,TSLA,4,2025-07-01,2026-07-01,2026-04-09,3955,5.8453398914981545,0.0232023975761386,-0.0376818375178097,0.1271966457243083,0.0095887889471839
RF,TSLA,4,2025-07-01,2026-07-01,2026-04-10,3956,5.854928680445338,0.0378142996364445,-0.0373347517648677,0.1019962151369648,0.009895003796756
RF,TSLA,4,2025-07-01,2026-07-01,2026-04-13,3957,5.864823684242094,0.0504066481262173,-0.0368183610382456,0.0949179958709018,0.0328795165687969
RF,TSLA,4,2025-07-01,2026-07-01,2026-04-14,3958,5.897703200810891,0.0510012295982909,-0.0333933588116506,0.025803656380221,0.0734311109681975
RF,TSLA,4,2025-07-01,2026-07-01,2026-04-15,3959,5.971134311779089,0.0481870739402348,-0.032491145380169,-0.0407476466193239,-0.0078120863116932
RF,TSLA,4,2025-07-01,2026-07-01,2026-04-16,3960,5.963322225467396,0.0453936331233206,-0.0342875770323627,-0.0266570766159981,0.0296911094422966
RF,TSLA,4,2025-07-01,2026-07-01,2026-04-17,3961,5.993013334909692,0.0372275909800041,-0.0309017124480488,-0.0633710306624575,-0.0204767976872295
RF,TSLA,4,2025-07-01,2026-07-01,2026-04-20,3962,5.972536537222463,0.0290302065773531,-0.0352260232570923,-0.0514944871552094,-0.0156116416401594
RF,TSLA,4,2025-07-01,2026-07-01,2026-04-21,3963,5.956924895582303,0.0263488912112626,-0.0365785914047434,-0.0124733299514501,0.002816784530693
RF,TSLA,4,2025-07-01,2026-07-01,2026-04-22,3964,5.959741680112996,0.0262233280976289,-0.0372457862059276,0.0085054345594457,-0.0362348229218838
RF,TSLA,4,2025-07-01,2026-07-01,2026-04-23,3965,5.9235068571911125,0.0324853056914822,-0.0371488982739723,0.0490551822937446,0.0068798079686525
RF,TSLA,4,2025-07-01,2026-07-01,2026-04-24,3966,5.930386665159765,0.0353005132270194,-0.0364846826478158,0.0341433706677234,0.0062784836916325
RF,TSLA,4,2025-07-01,2026-07-01,2026-04-27,3967,5.9366651488513975,0.0403425475471257,-0.0368699704789276,0.0516193748032556,-0.0070228446041626
RF,TSLA,4,2025-07-01,2026-07-01,2026-04-28,3968,5.929642304247235,0.0501623535462361,-0.0367088142601798,0.0908712271694485,-0.0086002541799814
RF,TSLA,4,2025-07-01,2026-07-01,2026-04-29,3969,5.921042050067253,0.0647364333411228,-0.0383224377514304,0.1388985825916977,0.0234095155635998
RF,TSLA,4,2025-07-01,2026-07-01,2026-04-30,3970,5.944451565630853,0.0780657473355388,-0.0357697562222832,0.1536227165353869,0.0237955490415888
RF,TSLA,4,2025-07-01,2026-07-01,2026-05-01,3971,5.968247114672442,0.0836776989902707,-0.0356235822979382,0.1035293628046964,0.004314924812415
RF,TSLA,4,2025-07-01,2026-07-01,2026-05-04,3972,5.972562039484857,0.091602180005573,-0.03671984112552,0.126118775587761,-0.0080320036573686
RF,TSLA,4,2025-07-01,2026-07-01,2026-05-05,3973,5.964530035827488,0.1006322127354435,-0.0383889142995085,0.1297166783867913,0.0237544878271647
RF,TSLA,4,2025-07-01,2026-07-01,2026-05-06,3974,5.988284523654653,0.0978926574065539,-0.0379198858361551,0.0572893259722224,0.0322290077620301
RF,TSLA,4,2025-07-01,2026-07-01,2026-05-07,3975,6.020513531416683,0.0872412866817766,-0.0363368158397185,-0.0043807860788582,0.0394271012422677
RF,TSLA,4,2025-07-01,2026-07-01,2026-05-08,3976,6.059940632658951,0.0704898549177173,-0.0354686002793617,-0.058253550779435,0.038133649507289
RF,TSLA,4,2025-07-01,2026-07-01,2026-05-11,3977,6.09807428216624,0.0550956616903377,-0.035229710161394,-0.0643647300603396,-0.0262978046891015
RF,TSLA,4,2025-07-01,2026-07-01,2026-05-12,3978,6.071776477477139,0.0432531623420988,-0.038225994981038,-0.0366539464227395,0.0269043375954796
RF,TSLA,4,2025-07-01,2026-07-01,2026-05-13,3979,6.098680815072618,0.0311699133927136,-0.0385086549010905,-0.0442179719768942,-0.0044341008583383
RF,TSLA,4,2025-07-01,2026-07-01,2026-05-14,3980,6.09424671421428,0.0223199750598679,-0.0400769810511228,-0.0221473355314385,-0.0486728645874041
RF,TSLA,4,2025-07-01,2026-07-01,2026-05-15,3981,6.045573849626876,0.0236573569729365,-0.0421711464536464,0.0420186913106395,-0.0294411042890505
RF,TSLA,4,2025-07-01,2026-07-01,2026-05-18,3982,6.016132745337825,0.0291447446010915,-0.0434724098100705,0.0754033693001074,-0.014445663458309
RF,TSLA,4,2025-07-01,2026-07-01,2026-05-19,3983,6.001687081879516,0.0339486650618781,-0.0437475127376865,0.075473413669977,0.0320224702263844
RF,TSLA,4,2025-07-01,2026-07-01,2026-05-20,3984,6.0337095521059005,0.0280771098329895,-0.0396766179459035,-0.0033127832552146,0.0014129789484984
RF,TSLA,4,2025-07-01,2026-07-01,2026-05-21,3985,6.035122531054399,0.0252087908947542,-0.0414878864894323,0.013997505495479,0.0193403120413249
RF,TSLA,4,2025-07-01,2026-07-01,2026-05-22,3986,6.054462843095724,0.0192817519983758,-0.038259471757635,-0.0054371566526576,0.0176365355871173
RF,TSLA,4,2025-07-01,2026-07-01,2026-05-26,3987,6.072099378682841,0.0088160037864435,-0.0379770783286739,-0.0355419410319397,0.0154931622546738
RF,TSLA,4,2025-07-01,2026-07-01,2026-05-27,3988,6.087592540937515,-0.0071740127712853,-0.0366031860309425,-0.1188849809521492,0.0039435737004174
RF,TSLA,4,2025-07-01,2026-07-01,2026-05-28,3989,6.0915361146379325,-0.0177567843541499,-0.0357241669613497,-0.0779431856072587,-0.0143756190884394
RF,TSLA,4,2025-07-01,2026-07-01,2026-05-29,3990,6.077160495549493,-0.0281560637340261,-0.0372691562482325,-0.0940306036953657,-0.0467637266988072
RF,TSLA,4,2025-07-01,2026-07-01,2026-06-01,3991,6.030396768850686,-0.0359592492253373,-0.0390104181259519,-0.0860500446676315,0.0187232676991921
RF,TSLA,4,2025-07-01,2026-07-01,2026-06-02,3992,6.049120036549878,-0.0406773992968636,-0.0356262399734354,-0.059782765749353,-9.435010681180243e-05
RF,TSLA,4,2025-07-01,2026-07-01,2026-06-03,3993,6.049025686443066,-0.042994615295183,-0.0354872959197266,-0.041613992026499,-0.0124682487921647
RF,TSLA,4,2025-07-01,2026-07-01,2026-06-04,3994,6.0365574376509015,-0.0415195517859485,-0.0360234345194182,-0.0175993410789825,-0.0678498776655356
RF,TSLA,4,2025-07-01,2026-07-01,2026-06-05,3995,5.968707559985366,-0.0383030178255356,-0.0378143852913744,0.0343396574155265,0.0448853690453079
RF,TSLA,4,2025-07-01,2026-07-01,2026-06-08,3996,6.013592929030674,-0.0428481932377975,-0.0351851411722897,-0.031219569615958,-0.0304630371765464
RF,TSLA,4,2025-07-01,2026-07-01,2026-06-09,3997,5.983129891854127,-0.0418995459910789,-0.0372490527500679,0.0095588811693554,-0.038783167671073
RF,TSLA,4,2025-07-01,2026-07-01,2026-06-10,3998,5.944346724183054,-0.034636383886375,-0.0378357273560737,0.0596637619563482,0.0449905466174707
RF,TSLA,4,2025-07-01,2026-07-01,2026-06-11,3999,5.989337270800525,-0.0390887779255519,-0.034727283524169,-0.0449381645049022,0.0180744236160421
RF,TSLA,4,2025-07-01,2026-07-01,2026-06-12,4000,6.007411694416567,-0.0471466243347196,-0.0341557890743938,-0.079073336178939,0.0115464021553517
RF,TSLA,4,2025-07-01,2026-07-01,2026-06-15,4001,6.018958096571919,-0.0563862160123846,-0.0333764279051438,-0.0917121348072562,-0.0159108791710265
RF,TSLA,4,2025-07-01,2026-07-01,2026-06-16,4002,6.003047217400892,-0.0608253578642505,-0.0355865895727394,-0.0636394364322363,-0.0206738579861767
RF,TSLA,4,2025-07-01,2026-07-01,2026-06-17,4003,5.982373359414716,-0.052018967644674,-0.0378144193807456,0.038261556100978,0.010315413608767
RF,TSLA,4,2025-07-01,2026-07-01,2026-06-18,4004,5.992688773023483,-0.0420923294372261,-0.0363054781452874,0.0489935047565657,0.0113217131159197
RF,TSLA,4,2025-07-01,2026-07-01,2026-06-22,4005,6.004010486139403,-0.0322101362737807,-0.0352736780030746,0.0487842874180186,-0.0596113798437798
RF,TSLA,4,2025-07-01,2026-07-01,2026-06-23,4006,5.944399106295623,-0.0250474330216388,-0.0382314400629362,0.0305549197109922,-0.0160607480579946
RF,FTSE,0,2021-07-01,2022-07-01,2021-07-01,2766,8.87139310232984,0.0006809007231787,-0.0002322030886211,2.802787670752593e-05,-0.0002667495717112
RF,FTSE,0,2021-07-01,2022-07-01,2021-07-02,2767,8.871126352758129,0.0005930604456505,0.0011760738665716,0.0001965736425475,0.0058230170428092
RF,FTSE,0,2021-07-01,2022-07-01,2021-07-05,2768,8.876949369800938,-0.0009470715519732,0.0024103133190847,-0.0103394845851418,-0.0089725679942507
RF,FTSE,0,2021-07-01,2022-07-01,2021-07-06,2769,8.867976801806687,-0.002451900086605,-0.0001877772470942,-0.0125985557655621,0.0070306842417089
RF,FTSE,0,2021-07-01,2022-07-01,2021-07-07,2770,8.875007486048396,-0.0050754534836237,0.0010006566737662,-0.0201855701928153,-0.0169659051633548
RF,FTSE,0,2021-07-01,2022-07-01,2021-07-08,2771,8.858041580885041,-0.0069895266481285,-0.0023878424321096,-0.0268555164952779,0.0128882281422804
RF,FTSE,0,2021-07-01,2022-07-01,2021-07-09,2772,8.870929809027322,-0.0099930682257234,-0.0006310944447594,-0.0343959929670898,0.0004913211792256
RF,FTSE,0,2021-07-01,2022-07-01,2021-07-12,2773,8.871421130206548,-0.0113004047878977,0.0004975047531527,-0.01799861671509,-9.820380587122202e-05
RF,FTSE,0,2021-07-01,2022-07-01,2021-07-13,2774,8.871322926400676,-0.0130005158357082,0.0017800305166505,-0.0221963828628837,-0.0047130411848801
RF,FTSE,0,2021-07-01,2022-07-01,2021-07-14,2775,8.866609885215796,-0.0131635067087962,0.0020760103714275,-0.009009338828795,-0.0112316391746709
RF,FTSE,0,2021-07-01,2022-07-01,2021-07-15,2776,8.855378246041125,-0.0119644019660825,-0.0015295074235059,0.0019091721411541,-0.0005563301855442
RF,FTSE,0,2021-07-01,2022-07-01,2021-07-16,2777,8.854821915855581,-0.0110549265901251,-0.0003092958523391,-0.0017137719783573,-0.0236358514658174
RF,FTSE,0,2021-07-01,2022-07-01,2021-07-19,2778,8.831186064389764,-0.0084973694131242,-0.0035163042950914,0.0248479987377567,0.0053477516704685
RF,FTSE,0,2021-07-01,2022-07-01,2021-07-20,2779,8.836533816060232,-0.0049014976791301,-0.0014518006413001,0.0282693425913009,0.0168886974312254
RF,FTSE,0,2021-07-01,2022-07-01,2021-07-21,2780,8.853422513491457,-0.0039317178191335,3.374098122774976e-05,0.0048465593059638,-0.0042959699536648
RF,FTSE,0,2021-07-01,2022-07-01,2021-07-22,2781,8.849126543537793,-0.0015064779226943,0.000567843162825,0.0161427549017005,0.0084740028492085
RF,FTSE,0,2021-07-01,2022-07-01,2021-07-23,2782,8.857600546387001,0.0005560516809985,0.00246922735196,0.0110520389454329,-0.0003131282047217
RF,FTSE,0,2021-07-01,2022-07-01,2021-07-26,2783,8.85728741818228,0.0029591873304291,0.0030727122238504,0.0139231753626631,-0.0041792743050557
RF,FTSE,0,2021-07-01,2022-07-01,2021-07-27,2784,8.853108143877224,0.0056495795335465,0.0031383351638076,0.0176110250110586,0.0029259192502966
RF,FTSE,0,2021-07-01,2022-07-01,2021-07-28,2785,8.85603406312752,0.0078167592195015,0.0031128632211202,0.0150502008508333,0.0087690955240127
RF,FTSE,0,2021-07-01,2022-07-01,2021-07-29,2786,8.864803158651533,0.0088182630162201,0.0039700847463045,0.0075858559997961,-0.0065340858541116
RF,FTSE,0,2021-07-01,2022-07-01,2021-07-30,2787,8.858269072797421,0.0112174756327441,4.605210624286655e-05,0.018135842209519,0.0070002256420718
RF,FTSE,0,2021-07-01,2022-07-01,2021-08-02,2788,8.865269298439493,0.0134942987185322,0.0019620439736539,0.0193547972925838,0.0033832868929408
RF,FTSE,0,2021-07-01,2022-07-01,2021-08-03,2789,8.868652585332434,0.0143083213776282,0.0021024385420154,0.0122388561109882,0.0025580082125085
RF,FTSE,0,2021-07-01,2022-07-01,2021-08-04,2790,8.871210593544943,0.0151100456009114,0.0028298379314315,0.0132195937848109,-0.0004914246566602
RF,FTSE,0,2021-07-01,2022-07-01,2021-08-05,2791,8.870719168888282,0.0141645660152303,0.0042912971604835,0.0047077509306809,0.0003650950900713
RF,FTSE,0,2021-07-01,2022-07-01,2021-08-06,2792,8.871084263978354,0.0137525366189645,0.0048448469006653,0.0081236032711657,0.0013047506729755
RF,FTSE,0,2021-07-01,2022-07-01,2021-08-09,2793,8.87238901465133,0.0128152283342153,0.0046887955414945,0.0051742579236542,0.0040159003556112
RF,FTSE,0,2021-07-01,2022-07-01,2021-08-10,2794,8.87640491500694,0.0094637906737133,0.0048656815117941,-0.0143604178588052,0.0082191807251366
RF,FTSE,0,2021-07-01,2022-07-01,2021-08-11,2795,8.884624095732077,0.0055585351220006,0.0049017973557062,-0.0184797256767108,-0.0037326542886546
RF,FTSE,0,2021-07-01,2022-07-01,2021-08-12,2796,8.880891441443422,0.0028815408000593,0.0048786272565391,-0.0117745755139395,0.0035387458863311
RF,FTSE,0,2021-07-01,2022-07-01,2021-08-13,2797,8.884430187329754,0.0001136993118269,0.0050674348185525,-0.0129529352033568,-0.0090032675107902
RF,FTSE,0,2021-07-01,2022-07-01,2021-08-16,2798,8.875426919818963,-0.0002609929978056,0.0014419722480987,-0.0005452845567024,0.0037809474305561
RF,FTSE,0,2021-07-01,2022-07-01,2021-08-17,2799,8.87920786724952,-0.0017816840891082,0.0018217089798316,-0.0078428621126676,-0.001644594674536
RF,FTSE,0,2021-07-01,2022-07-01,2021-08-18,2800,8.877563272574983,-0.0023296436174238,0.0019752694508219,-0.002975396295664,-0.0155187754268482
RF,FTSE,0,2021-07-01,2022-07-01,2021-08-19,2801,8.862044497148135,-0.0017309891636614,-0.0020099896464429,0.0085763989714156,0.004099872907231
RF,FTSE,0,2021-07-01,2022-07-01,2021-08-20,2802,8.866144370055366,-0.0007090154716618,0.0002906621959165,0.0086952658962928,0.0029724958741166
RF,FTSE,0,2021-07-01,2022-07-01,2021-08-23,2803,8.869116865929483,0.0003307872379352,0.0007984833535932,0.007692924839679,0.0023603861969139
RF,FTSE,0,2021-07-01,2022-07-01,2021-08-24,2804,8.871477252126397,0.000325716771572,0.0020260048008261,0.0017666747791338,0.0034043831358641
RF,FTSE,0,2021-07-01,2022-07-01,2021-08-25,2805,8.87488163526226,0.0010479978004411,0.0038735452173195,0.0051753370168547,-0.003516630125409
RF,FTSE,0,2021-07-01,2022-07-01,2021-08-26,2806,8.871365005136852,0.0013749430819185,0.0038918495965002,0.0034186972867704,0.0032228711424675
RF,FTSE,0,2021-07-01,2022-07-01,2021-08-27,2807,8.87458787627932,-3.2859258210393705e-05,0.0043037145597691,-0.0073718170047278,-0.0039669801597685
RF,FTSE,0,2021-07-01,2022-07-01,2021-08-31,2808,8.87062089611955,-0.0017711962129602,0.0039524297973406,-0.0135042596002126,0.0042187398321082
RF,FTSE,0,2021-07-01,2022-07-01,2021-09-01,2809,8.874839635951659,-0.0043000813059759,0.0039769841706321,-0.0170114278450892,0.0019701548175028
RF,FTSE,0,2021-07-01,2022-07-01,2021-09-02,2810,8.876809790769162,-0.0061488206673789,0.0041459984291695,-0.0134203796511531,-0.0035658638636313
RF,FTSE,0,2021-07-01,2022-07-01,2021-09-03,2811,8.87324392690553,-0.0079091818484382,0.0041595687501048,-0.01471888342747,0.006813045373585
RF,FTSE,0,2021-07-01,2022-07-01,2021-09-06,2812,8.880056972279116,-0.0112179855587779,0.0041868764104772,-0.0240371750879244,-0.0052732698554933
RF,FTSE,0,2021-07-01,2022-07-01,2021-09-07,2813,8.874783702423622,-0.0130367622227396,0.0025933890102745,-0.017197399642935,-0.0075676431490308
RF,FTSE,0,2021-07-01,2022-07-01,2021-09-08,2814,8.867216059274591,-0.0146876228105554,-0.0009658135538856,-0.018764184266212,-0.0100994227552533
RF,FTSE,0,2021-07-01,2022-07-01,2021-09-09,2815,8.857116636519338,-0.0160378521927331,-0.0039616163798136,-0.0172749023629528,0.0007115715872316
RF,FTSE,0,2021-07-01,2022-07-01,2021-09-10,2816,8.85782820810657,-0.0154156078906435,-0.0028816697796654,-0.0068807561361676,0.0055612030114389
RF,FTSE,0,2021-07-01,2022-07-01,2021-09-13,2817,8.863389411118009,-0.0141597036781941,-0.0014356794373852,0.0021198725002253,-0.0048643676399482
RF,FTSE,0,2021-07-01,2022-07-01,2021-09-14,2818,8.85852504347806,-0.0120478082938078,-0.0004206923483815,0.0062781151734725,-0.0025052462868693
RF,FTSE,0,2021-07-01,2022-07-01,2021-09-15,2819,8.856019797191191,-0.0098888530474052,0.0014956249714929,0.0049758419411034,0.001566505589496
RF,FTSE,0,2021-07-01,2022-07-01,2021-09-16,2820,8.857586302780687,-0.0077716766086251,0.0023478534568243,0.00509548435768,-0.0091344277723077
RF,FTSE,0,2021-07-01,2022-07-01,2021-09-17,2821,8.84845187500838,-0.0052724178788885,-0.0014463629555458,0.0092198168915835,-0.008610140851994
RF,FTSE,0,2021-07-01,2022-07-01,2021-09-20,2822,8.839841734156385,-0.0005224404230244,-0.0039532278664411,0.0291626195094512,0.0111057178140168
RF,FTSE,0,2021-07-01,2022-07-01,2021-09-21,2823,8.850947451970402,0.0019679452495733,-0.0022124644658922,0.0149852674177335,0.0145618316478319
RF,FTSE,0,2021-07-01,2022-07-01,2021-09-22,2824,8.865509283618234,0.0016166772040691,-0.0010601691193494,-0.007979887806238,-0.000706124966701
RF,FTSE,0,2021-07-01,2022-07-01,2021-09-23,2825,8.864803158651533,0.0008160231070206,0.001555919041997,-0.0095675354445656,-0.0038075195192384
RF,FTSE,0,2021-07-01,2022-07-01,2021-09-24,2826,8.860995639132295,0.0016768018823274,0.0025153961149941,0.0036238729237592,0.0016861480060725
RF,FTSE,0,2021-07-01,2022-07-01,2021-09-27,2827,8.862681787138367,0.0005649481369083,0.0028964635610682,-0.0096022589433211,-0.0050100952384042
RF,FTSE,0,2021-07-01,2022-07-01,2021-09-28,2828,8.857671691899963,0.0015086443187524,0.0017943305936535,0.0070749690054459,0.0113326617658735
RF,FTSE,0,2021-07-01,2022-07-01,2021-09-29,2829,8.869004353665837,0.0014088623928891,0.0027045664732012,-0.001774187288122,-0.0030716342777008
RF,FTSE,0,2021-07-01,2022-07-01,2021-09-30,2830,8.865932719388136,0.0025229326614564,0.0026031343536346,0.0085012421851082,-0.0084033235761395
RF,FTSE,0,2021-07-01,2022-07-01,2021-10-01,2831,8.857529395811996,0.0045794712263607,-0.0008142975644495,0.01456519508611,-0.0022937726050287
RF,FTSE,0,2021-07-01,2022-07-01,2021-10-04,2832,8.855235623206967,0.0071503399523624,0.000518121249458,0.0184844738471241,0.0093838888490864
RF,FTSE,0,2021-07-01,2022-07-01,2021-10-05,2833,8.864619512056054,0.0093639171256345,0.0012566446997596,0.0182856930419692,-0.0115399838610077
RF,FTSE,0,2021-07-01,2022-07-01,2021-10-06,2834,8.853079528195046,0.0135909713436994,-0.0023146603624926,0.0334678843169964,0.0116671327103627
RF,FTSE,0,2021-07-01,2022-07-01,2021-10-07,2835,8.864746660905409,0.0155068568737348,0.0004929159209054,0.0176172555383811,0.0024835054723055
RF,FTSE,0,2021-07-01,2022-07-01,2021-10-08,2836,8.867230166377714,0.0171257400117301,0.0011652255312541,0.0170337451593756,0.0072037951955294
RF,FTSE,0,2021-07-01,2022-07-01,2021-10-11,2837,8.874433961573244,0.0177047956742875,0.0021585936165161,0.0106055545646395,-0.0023393706751377
RF,FTSE,0,2021-07-01,2022-07-01,2021-10-12,2838,8.872094590898106,0.017387380237368,0.0036780438714333,0.0083935564007315,0.0016255061559853
RF,FTSE,0,2021-07-01,2022-07-01,2021-10-13,2839,8.873720097054091,0.0169744127898763,0.0045787742856465,0.0087549063910312,0.0091851080439315
RF,FTSE,0,2021-07-01,2022-07-01,2021-10-14,2840,8.882905205098023,0.0157652382670594,0.0048891744679579,0.0020927362025968,0.0036422074140194
RF,FTSE,0,2021-07-01,2022-07-01,2021-10-15,2841,8.886547412512042,0.0150715544300528,0.0054908344655732,0.0060090174145539,-0.0041834960682525
RF,FTSE,0,2021-07-01,2022-07-01,2021-10-18,2842,8.88236391644379,0.0143573745308103,0.0049417478206996,0.006847873331786,0.0018999950933
RF,FTSE,0,2021-07-01,2022-07-01,2021-10-19,2843,8.88426391153709,0.0131516671217646,0.0051622359518936,0.0044238684161577,0.0007756046007934
RF,FTSE,0,2021-07-01,2022-07-01,2021-10-20,2844,8.885039516137883,0.0114776144306549,0.0054573418704839,0.002005436066554,-0.0045513688390457
RF,FTSE,0,2021-07-01,2022-07-01,2021-10-21,2845,8.880488147298838,0.012053707626805,0.0044886540261108,0.0135786287638204,0.001986856146285
RF,FTSE,0,2021-07-01,2022-07-01,2021-10-22,2846,8.882475003445123,0.0118547625380784,0.0045178823703826,0.0096965699599227,0.0025229378554971
RF,FTSE,0,2021-07-01,2022-07-01,2021-10-25,2847,8.88499794130062,0.0105093488716239,0.0050705850347904,0.0036070574270272,0.0075584886259765
RF,FTSE,0,2021-07-01,2022-07-01,2021-10-26,2848,8.892556429926596,0.0088670545754627,0.0054603339518196,0.0003159614915517,-0.0033446401510204
RF,FTSE,0,2021-07-01,2022-07-01,2021-10-27,2849,8.889211789775576,0.008549764000195,0.0050978422926299,0.0069656324992291,-0.0005240098223282
RF,FTSE,0,2021-07-01,2022-07-01,2021-10-28,2850,8.888687779953248,0.0082319776996175,0.005180858758637,0.0069966268257815,-0.0016428277488103
RF,FTSE,0,2021-07-01,2022-07-01,2021-10-29,2851,8.887044952204437,0.0075376000749241,0.0052744792138711,0.0050166733424976,0.0070218238582206
RF,FTSE,0,2021-07-01,2022-07-01,2021-11-01,2852,8.894066776062658,0.0073003274194771,0.0052644721459916,0.0070546197396943,-0.0018952026576126
RF,FTSE,0,2021-07-01,2022-07-01,2021-11-02,2853,8.892171573405045,0.0083756261340877,0.004955492039691,0.0149263144513565,-0.0035665746773982
RF,FTSE,0,2021-07-01,2022-07-01,2021-11-03,2854,8.888604998727647,0.0093264315854479,0.0046521760677577,0.0135648250790563,0.004267392690501
RF,FTSE,0,2021-07-01,2022-07-01,2021-11-04,2855,8.892872391418148,0.0094836011457619,0.0044674135300414,0.0098416575007167,0.0033050308566568
RF,FTSE,0,2021-07-01,2022-07-01,2021-11-05,2856,8.896177422274805,0.0083858839234665,0.0048642281812883,0.0031440118851584,-0.0004930154957758
RF,FTSE,0,2021-07-01,2022-07-01,2021-11-08,2857,8.89568440677903,0.0066547516294406,0.0049163588588168,-0.0012609594819821,-0.0036227812320941
RF,FTSE,0,2021-07-01,2022-07-01,2021-11-09,2858,8.892061625546935,0.0050139261066188,0.0047554955466264,-0.0024776337519618,0.0090597702554173
RF,FTSE,0,2021-07-01,2022-07-01,2021-11-10,2859,8.901121395802353,0.0010964038056524,0.0048375887330037,-0.0160126597051082,0.0059764920540494
RF,FTSE,0,2021-07-01,2022-07-01,2021-11-11,2860,8.907097887856402,-0.0025613112779137,0.0051741454879021,-0.0175828069252546,-0.0049280640496984
RF,FTSE,0,2021-07-01,2022-07-01,2021-11-12,2861,8.902169823806704,-0.0048994108239117,0.003610578049063,-0.0111122496744471,0.0005442251121614
RF,FTSE,0,2021-07-01,2022-07-01,2021-11-15,2862,8.902714048918865,-0.0065247792935352,0.0038543441043291,-0.008962924147573,-0.0033926147589014
RF,FTSE,0,2021-07-01,2022-07-01,2021-11-16,2863,8.899321434159964,-0.0066211979879255,0.0039318955124564,-0.002268176709494,-0.0048979868629164
RF,FTSE,0,2021-07-01,2022-07-01,2021-11-17,2864,8.894423447297047,-0.0068637825334167,0.0026514193457348,-0.0344919776809504,-0.0048394555020738
RF,FTSE,0,2021-07-01,2022-07-01,2021-11-18,2865,8.889583991794973,-0.0062035701748133,0.0016792884070686,-0.0203264689976858,-0.0044752556977289
RF,FTSE,0,2021-07-01,2022-07-01,2021-11-19,2866,8.885108736097244,-0.0053852072006712,0.0013252927887848,-0.0229792296476638,0.0044063448339031
RF,FTSE,0,2021-07-01,2022-07-01,2021-11-22,2867,8.889515080931147,-0.0049508378168905,0.0021820821907785,-0.0120354475492661,0.0015424932011089
RF,FTSE,0,2021-07-01,2022-07-01,2021-11-23,2868,8.891057574132256,-0.0052855889758234,0.0033651419166452,-0.0191032415864285,0.0026935506390355
RF,FTSE,0,2021-07-01,2022-07-01,2021-11-24,2869,8.893751124771292,-0.0065261392337294,0.0040474064310349,-0.0227651662442323,0.0033021326791775
RF,FTSE,0,2021-07-01,2022-07-01,2021-11-25,2870,8.89705325745047,-0.007389792986773,0.0046843824830741,-0.0107409009435262,-0.0371217878343728
RF,FTSE,0,2021-07-01,2022-07-01,2021-11-26,2871,8.859931469616097,-0.006044861065245,0.0002553752802855,0.0411490146166073,0.0093260531811907
RF,FTSE,0,2021-07-01,2022-07-01,2021-11-29,2872,8.869257522797287,-0.0045926662386488,0.0009456737518909,0.0314822993167105,-0.0071280163477069
RF,FTSE,0,2021-07-01,2022-07-01,2021-11-30,2873,8.86212950644958,-0.0026366331657676,-0.002616756519611,0.0364136536886565,0.0153501269323008
RF,FTSE,0,2021-07-01,2022-07-01,2021-12-01,2874,8.877479633381881,-0.001597661411596,-0.000254283530326,0.0170260479377031,-0.0055253008360534
RF,FTSE,0,2021-07-01,2022-07-01,2021-12-02,2875,8.871954332545828,-0.0010048254101384,-0.0010664812275165,0.0142335879781878,-0.0009683740187682
RF,FTSE,0,2021-07-01,2022-07-01,2021-12-03,2876,8.87098595852706,-0.0003169138079854,0.0005270341240071,0.0134303622688936,0.0153263979798836
RF,FTSE,0,2021-07-01,2022-07-01,2021-12-06,2877,8.886312356506943,-0.0015259566665548,0.0024667532149882,-0.0085398803634575,0.0147681277257607
RF,FTSE,0,2021-07-01,2022-07-01,2021-12-07,2878,8.901080484232704,-0.0020221969876708,0.0036322223342619,-0.0108627217504793,-0.000340662118706
RF,FTSE,0,2021-07-01,2022-07-01,2021-12-08,2879,8.900739822113998,-0.0024405312991273,0.0047112465283486,-0.0092420202721772,-0.0021966619757609
RF,FTSE,0,2021-07-01,2022-07-01,2021-12-09,2880,8.898543160138237,-0.0041148675866189,0.0048943645515984,-0.0169846714992605,-0.0040374788186525
RF,FTSE,0,2021-07-01,2022-07-01,2021-12-10,2881,8.894505681319584,-0.0036369498486354,0.0047092848247569,0.0007677046094034,-0.0083177607955686
RF,FTSE,0,2021-07-01,2022-07-01,2021-12-13,2882,8.886187920524016,-0.0014342970388323,0.0005180718305896,0.0151378085002367,-0.0017715997280625
RF,FTSE,0,2021-07-01,2022-07-01,2021-12-14,2883,8.884416320795953,0.0015857180579743,0.00151188101755,0.0212042988771727,-0.0066438446524674
RF,FTSE,0,2021-07-01,2022-07-01,2021-12-15,2884,8.877772476143486,0.0054064233428992,-0.0013675635064563,0.0276854206408962,0.0124452863387389
RF,FTSE,0,2021-07-01,2022-07-01,2021-12-16,2885,8.890217762482225,0.0082499438819212,0.0008103981047348,0.0218109351720965,0.0012800393595959
RF,FTSE,0,2021-07-01,2022-07-01,2021-12-17,2886,8.89149780184182,0.0103570944638917,0.0020049691250652,0.0181428006012769,-0.0099393132028442
RF,FTSE,0,2021-07-01,2022-07-01,2021-12-20,2887,8.881558488638976,0.0132070276265459,-0.0011651902927451,0.0255799992273892,0.0137148972900114
RF,FTSE,0,2021-07-01,2022-07-01,2021-12-21,2888,8.895273385928988,0.015784324877254,0.001149765529944,0.0280780327078549,0.0060523430952645
RF,FTSE,0,2021-07-01,2022-07-01,2021-12-22,2889,8.901325729024252,0.0177426091098702,0.002124394144879,0.0235833558937095,0.0042948906488735
RF,FTSE,0,2021-07-01,2022-07-01,2021-12-23,2890,8.905620619673126,0.0175970966125031,0.0034870364385664,0.0104023684268046,-0.0001627228887439
RF,FTSE,0,2021-07-01,2022-07-01,2021-12-24,2891,8.905457896784382,0.0179886496127661,0.005132540818832,0.0152384533336711,0.0065708008699392
RF,FTSE,0,2021-07-01,2022-07-01,2021-12-29,2892,8.912028697654321,0.0165972730845052,0.0055669799255806,0.0033095159192892,-0.0023880952112236
RF,FTSE,0,2021-07-01,2022-07-01,2021-12-30,2893,8.909640602443098,0.0164458842973669,0.0057298386048397,0.0118703594536384,-0.0025021145767318
RF,FTSE,0,2021-07-01,2022-07-01,2021-12-31,2894,8.907138487866366,0.0177549809457104,0.0055061126877504,0.0223895204570396,0.016212930770477
RF,FTSE,0,2021-07-01,2022-07-01,2022-01-04,2895,8.923351418636843,0.0175588054780124,0.0054391596170765,0.0077907776250363,0.0015576662811191
RF,FTSE,0,2021-07-01,2022-07-01,2022-01-05,2896,8.924909084917962,0.0164417026169498,0.0055507552839383,0.003466174935669,-0.0088860968180313
RF,FTSE,0,2021-07-01,2022-07-01,2022-01-06,2897,8.91602298809993,0.0178280149477743,0.0011165340771757,0.0213531632392829,0.0046733620181225
RF,FTSE,0,2021-07-01,2022-07-01,2022-01-07,2898,8.920696350118053,0.0173835834805213,0.0025900741217911,0.0104062091003562,-0.0053581365444426
RF,FTSE,0,2021-07-01,2022-07-01,2022-01-10,2899,8.91533821357361,0.0181996113960671,0.0009554033824016,0.0192091560770943,0.0061727483231255
RF,FTSE,0,2021-07-01,2022-07-01,2022-01-11,2900,8.921510961896736,0.0178857997521841,0.0020685996002864,0.0124169298858962,0.0080170464266693
RF,FTSE,0,2021-07-01,2022-07-01,2022-01-12,2901,8.929528008323405,0.0147387238369738,0.0039360099988099,-0.0076566720191788,0.0016141879384736
RF,FTSE,0,2021-07-01,2022-07-01,2022-01-13,2902,8.931142196261879,0.0104785236625755,0.0044479733843338,-0.035896177582412,-0.002766936408248
RF,FTSE,0,2021-07-01,2022-07-01,2022-01-14,2903,8.928375259853631,0.0074121445428652,0.0046383553923217,-0.0229987675637559,0.0090008914855825
RF,FTSE,0,2021-07-01,2022-07-01,2022-01-17,2904,8.937376151339214,0.00425663934808,0.004913417278372,-0.0187526734794403,-0.0062735921208041
RF,FTSE,0,2021-07-01,2022-07-01,2022-01-18,2905,8.93110255921841,0.0032061103228961,0.0016355908585219,-0.0012303685302939,0.0034448104322954
RF,FTSE,0,2021-07-01,2022-07-01,2022-01-19,2906,8.934547369650705,0.0007799707883364,0.0021449359355443,-0.0164193031328796,-0.0006194778680725
RF,FTSE,0,2021-07-01,2022-07-01,2022-01-20,2907,8.933927891782632,-0.0015174335670824,0.001585632792134,-0.0160275732062498,-0.0120565554784057
RF,FTSE,0,2021-07-01,2022-07-01,2022-01-21,2908,8.921871336304227,-0.0010000922186765,-0.0014886189072033,0.0055489144037164,-0.0266253176247595
RF,FTSE,0,2021-07-01,2022-07-01,2022-01-24,2909,8.895246018679467,0.0011873087166112,-0.0046768877192424,0.0384181600214681,0.0101304736104079
RF,FTSE,0,2021-07-01,2022-07-01,2022-01-25,2910,8.905376492289875,0.0019716811303798,-0.0044996279024721,0.0211144273126535,0.0132469855698982
RF,FTSE,0,2021-07-01,2022-07-01,2022-01-26,2911,8.918623477859773,0.0015044610227583,-0.0031721074586385,0.0062190880628012,0.0112487128283422
RF,FTSE,0,2021-07-01,2022-07-01,2022-01-27,2912,8.929872190688116,0.0012222349109745,-0.0017908725697916,0.002538400278965,-0.0117441241702902
RF,FTSE,0,2021-07-01,2022-07-01,2022-01-28,2913,8.918128066517825,0.0018068186777355,-0.0041422308185891,0.0134371282716081,-0.0002277479414427
RF,FTSE,0,2021-07-01,2022-07-01,2022-01-31,2914,8.917900318576383,0.0039937415945363,-0.0037608080432621,0.0236974779908685,0.0095199321315604
RF,FTSE,0,2021-07-01,2022-07-01,2022-02-01,2915,8.927420250707943,0.0057319227990006,-0.0030613103624563,0.0179644894113373,0.0062439279929922
RF,FTSE,0,2021-07-01,2022-07-01,2022-02-02,2916,8.933664178700935,0.0064814572229501,-0.0030543036935088,0.0102336238158855,-0.0071732590984066
RF,FTSE,0,2021-07-01,2022-07-01,2022-02-03,2917,8.926490919602529,0.0057999682111535,-0.004938071664626,0.0003718749859462,-0.001648353679954
RF,FTSE,0,2021-07-01,2022-07-01,2022-02-04,2918,8.924842565922575,0.0066734706540554,-0.0066251355780454,0.0122313150016601,0.007568025044506
RF,FTSE,0,2021-07-01,2022-07-01,2022-02-07,2919,8.93241059096708,0.0063839982592917,-0.0071364750300645,0.003992784662822,-0.0008453961776471
RF,FTSE,0,2021-07-01,2022-07-01,2022-02-08,2920,8.931565194789433,0.005119080043709,-0.0082122716283066,-0.0039326337965661,0.0100326017778176
RF,FTSE,0,2021-07-01,2022-07-01,2022-02-09,2921,8.941597796567251,0.0019946916304682,-0.0082104192841828,-0.0171277928163178,0.0037869435520292
RF,FTSE,0,2021-07-01,2022-07-01,2022-02-10,2922,8.94538474011928,-0.0021403725483359,-0.0076315566929697,-0.0248219941092315,-0.0014869376024595
RF,FTSE,0,2021-07-01,2022-07-01,2022-02-11,2923,8.94389780251682,-0.0056516369611898,-0.0074021073163311,-0.0220131094404063,-0.0170350079283458
RF,FTSE,0,2021-07-01,2022-07-01,2022-02-14,2924,8.926862794588475,-0.0066334212622152,-0.0087461574828533,-0.0044444978207636,0.0102110863357598
RF,FTSE,0,2021-07-01,2022-07-01,2022-02-15,2925,8.937073880924235,-0.0095434553207169,-0.0075419896672113,-0.0542658259997939,-0.0006705052943321
RF,FTSE,0,2021-07-01,2022-07-01,2022-02-16,2926,8.936403375629903,-0.010222379133669,-0.0074173753611562,-0.0151460570211288,-0.0087708146370353
RF,FTSE,0,2021-07-01,2022-07-01,2022-02-17,2927,8.927632560992867,-0.0099329407366219,-0.0086768724525873,-0.0105498019889189,-0.003162557241934
RF,FTSE,0,2021-07-01,2022-07-01,2022-02-18,2928,8.924470003750933,-0.0099501032411062,-0.0085610761414906,-0.0247118974679576,-0.0039072577408845
RF,FTSE,0,2021-07-01,2022-07-01,2022-02-21,2929,8.920562746010049,-0.008852073768427,-0.0095410736609394,-0.0073354324040373,0.0013219470663656
RF,FTSE,0,2021-07-01,2022-07-01,2022-02-22,2930,8.921884693076414,-0.0092102347885916,-0.0091453411395589,-0.0346601664318857,0.0005336036912968
RF,FTSE,0,2021-07-01,2022-07-01,2022-02-23,2931,8.922418296767711,-0.0109310227659928,-0.0087790698562969,-0.0705974120467693,-0.0396102418432704
RF,FTSE,0,2021-07-01,2022-07-01,2022-02-24,2932,8.88280805492444,-0.0126940373229231,-0.0110795117973085,-0.0349451432569853,0.0384492636843329
RF,FTSE,0,2021-07-01,2022-07-01,2022-02-25,2933,8.921257318608774,-0.0170491312197214,-0.0117221352376638,-0.0727336442375126,-0.0041745596048254
RF,FTSE,0,2021-07-01,2022-07-01,2022-02-28,2934,8.917082759003948,-0.0190607600749981,-0.0117333930589211,-0.0365389284250738,-0.0173246527209727
RF,FTSE,0,2021-07-01,2022-07-01,2022-03-01,2935,8.899758106282976,-0.0211172850863992,-0.0123238374530199,-0.0320347980956032,0.0134692073230358
RF,FTSE,0,2021-07-01,2022-07-01,2022-03-02,2936,8.913227313606011,-0.0233910434566233,-0.0117205775014272,-0.0375767540414226,-0.0260027869614827
RF,FTSE,0,2021-07-01,2022-07-01,2022-03-03,2937,8.887224526644529,-0.0241507444706225,-0.0137788347244956,-0.0062914071674402,-0.0354036419235868
RF,FTSE,0,2021-07-01,2022-07-01,2022-03-04,2938,8.851820884720942,-0.0239347885738272,-0.0153962345648902,0.0266347393423256,-0.0039579730534864
RF,FTSE,0,2021-07-01,2022-07-01,2022-03-07,2939,8.847862911667455,-0.0214052895653438,-0.0156165650700427,0.0466291090939634,0.0006607627038057
RF,FTSE,0,2021-07-01,2022-07-01,2022-03-08,2940,8.848523674371261,-0.016997255236733,-0.0156168065661546,0.0587231162072399,0.0320201562076132
RF,FTSE,0,2021-07-01,2022-07-01,2022-03-09,2941,8.880543830578874,-0.0142191264626152,-0.01467261595661,0.0293264085123929,-0.0128205223915021
RF,FTSE,0,2021-07-01,2022-07-01,2022-03-10,2942,8.867723308187372,-0.009814270187876,-0.0145866021142725,0.0472253351453684,0.0079272513772163
RF,FTSE,0,2021-07-01,2022-07-01,2022-03-11,2943,8.875650559564589,-0.0050132570620426,-0.0139504675059407,0.043896263709195,0.0052825599124997
RF,FTSE,0,2021-07-01,2022-07-01,2022-03-14,2944,8.880933119477088,-0.0006410216205186,-0.0134042898591316,0.0364580125305042,-0.0024774954138209
RF,FTSE,0,2021-07-01,2022-07-01,2022-03-15,2945,8.878455624063267,0.004166441629323,-0.0126622112664765,0.0398465214970826,0.0160363966981513
RF,FTSE,0,2021-07-01,2022-07-01,2022-03-16,2946,8.894492020761419,0.0077351687006963,-0.0102135871437126,0.0259504793374425,0.0127547698170822
RF,FTSE,0,2021-07-01,2022-07-01,2022-03-17,2947,8.907246790578501,0.0097373965082798,-0.0065038810911831,0.0118184078367171,0.0026234485127663
RF,FTSE,0,2021-07-01,2022-07-01,2022-03-18,2948,8.909870239091267,0.0123373513753364,-0.0041705806015764,0.0177490416826628,0.0050784042414733
RF,FTSE,0,2021-07-01,2022-07-01,2022-03-21,2949,8.91494864333274,0.0148011127453067,-0.0008549904586951,0.0181614856545664,0.004598179941043
RF,FTSE,0,2021-07-01,2022-07-01,2022-03-22,2950,8.919546823273784,0.0149645254480521,0.0012852521998351,0.0052026476018962,-0.002155691266191
RF,FTSE,0,2021-07-01,2022-07-01,2022-03-23,2951,8.917391132007593,0.0156113924885481,0.0029025596449234,0.010307762657792,0.0009110135527574
RF,FTSE,0,2021-07-01,2022-07-01,2022-03-24,2952,8.91830214556035,0.0163338716456102,0.0044255475339952,0.0121787974618161,0.0021403545385112
RF,FTSE,0,2021-07-01,2022-07-01,2022-03-25,2953,8.920442500098861,0.0175660485482342,0.005221309214982,0.0172620606168774,-0.0013773016836431
RF,FTSE,0,2021-07-01,2022-07-01,2022-03-28,2954,8.919065198415218,0.0182168192268292,0.0050552211018797,0.0152186214891401,0.008554082358712
RF,FTSE,0,2021-07-01,2022-07-01,2022-03-29,2955,8.92761928077393,0.0167728649418066,0.0052840034579349,0.0019219177868379,0.0054908482133768
RF,FTSE,0,2021-07-01,2022-07-01,2022-03-30,2956,8.933110128987307,0.0164478565239374,0.0058679054311778,0.0119096255083803,-0.0083606581116271
RF,FTSE,0,2021-07-01,2022-07-01,2022-03-31,2957,8.92474947087568,0.0166022651814365,0.0013541227175922,0.0135590301650072,0.0029494237897047
RF,FTSE,0,2021-07-01,2022-07-01,2022-04-01,2958,8.927698894665385,0.0155072330025269,0.0018691426424324,0.0051341587535223,0.0027820483567815
RF,FTSE,0,2021-07-01,2022-07-01,2022-04-04,2959,8.930480943022166,0.0141125435992055,0.0027001093463116,0.0028930451781974,0.0072236176935724
RF,FTSE,0,2021-07-01,2022-07-01,2022-04-05,2960,8.937704560715739,0.0124861592285618,0.0031930160630159,0.0003545225628478,-0.0034207408113804
RF,FTSE,0,2021-07-01,2022-07-01,2022-04-06,2961,8.934283819904358,0.0112038501834081,0.0041057152813529,0.0017907186791905,-0.0047426213435901
RF,FTSE,0,2021-07-01,2022-07-01,2022-04-07,2962,8.929541198560768,0.011389943239946,0.0024318871092662,0.0101970965421553,0.0154785559349193
RF,FTSE,0,2021-07-01,2022-07-01,2022-04-08,2963,8.945019754495688,0.0096282448485638,0.002633512819855,-0.0054387877753772,-0.0067112534550002
RF,FTSE,0,2021-07-01,2022-07-01,2022-04-11,2964,8.938308501040687,0.0068256694795696,-0.0001492207462925,-0.012761019849055,-0.0054754476217802
RF,FTSE,0,2021-07-01,2022-07-01,2022-04-12,2965,8.932833053418907,0.0034933246019264,-0.0015797309277815,-0.0262363874418554,0.0005409347814566
RF,FTSE,0,2021-07-01,2022-07-01,2022-04-13,2966,8.933373988200364,-2.2503484480296265e-05,-0.0012673622245712,-0.0260052884554102,0.0046850950782229
RF,FTSE,0,2021-07-01,2022-07-01,2022-04-14,2967,8.938059083278587,-0.0035966686611068,-0.0011352169878427,-0.0253703016403807,-0.0019845446950377
RF,FTSE,0,2021-07-01,2022-07-01,2022-04-19,2968,8.936074538583549,-0.0051968641188473,-0.0007130618720483,-0.0121902981235813,0.0036637565193746
RF,FTSE,0,2021-07-01,2022-07-01,2022-04-20,2969,8.939738295102924,-0.0066840048862424,-0.0003352200398731,-0.0111509276043531,-0.0001573283826132
RF,FTSE,0,2021-07-01,2022-07-01,2022-04-21,2970,8.93958096672031,-0.0076670494822863,-0.000501436763395,-0.0087825804883454,-0.0140334855286781
RF,FTSE,0,2021-07-01,2022-07-01,2022-04-22,2971,8.925547481191632,-0.0077445444141694,-0.003037584925601,-0.0037562241065813,-0.0189508152145805
RF,FTSE,0,2021-07-01,2022-07-01,2022-04-25,2972,8.906596665977052,-0.0061955698934532,-0.0051967051716249,0.0165015107455221,0.0007720337679018
RF,FTSE,0,2021-07-01,2022-07-01,2022-04-26,2973,8.907368699744953,-0.0060772857924664,-0.0058456256893406,0.0002300928012548,0.0053200818932523
RF,FTSE,0,2021-07-01,2022-07-01,2022-04-27,2974,8.912688781638206,-0.0076006050867665,-0.005397290323308,-0.0285495612614692,0.0111954588217617
RF,FTSE,0,2021-07-01,2022-07-01,2022-04-28,2975,8.923884240459968,-0.0106178004428301,-0.0046163712264325,-0.0360658368133268,0.0047031270386028
RF,FTSE,0,2021-07-01,2022-07-01,2022-04-29,2976,8.92858736749857,-0.0126849603263874,-0.0056519601480357,-0.0264447228516075,0.0022110187333943
RF,FTSE,0,2021-07-01,2022-07-01,2022-05-03,2977,8.930798386231965,-0.0162541822740713,-0.006973770386455,-0.0443477706789252,-0.009007129146914
RF,FTSE,0,2021-07-01,2022-07-01,2022-05-04,2978,8.92179125708505,-0.0162236846814067,-0.0093692940935632,-0.0100995116250075,0.001306919637523
RF,FTSE,0,2021-07-01,2022-07-01,2022-05-05,2979,8.923098176722574,-0.0158184498414648,-0.0098866250328722,-0.005144284967228,-0.0154993841763655
RF,FTSE,0,2021-07-01,2022-07-01,2022-05-06,2980,8.907598792546208,-0.0130216137977416,-0.0115717884612402,0.0175098228133752,-0.0234595721694717
RF,FTSE,0,2021-07-01,2022-07-01,2022-05-09,2981,8.884139220376737,-0.0100026920708788,-0.0132543456637631,0.030231511621416,0.0036791832699041
RF,FTSE,0,2021-07-01,2022-07-01,2022-05-10,2982,8.88781840364664,-0.0085310518055443,-0.0142545797987286,0.0081810448663208,0.0143242410003221
RF,FTSE,0,2021-07-01,2022-07-01,2022-05-11,2983,8.902142644646963,-0.0074418381778986,-0.0135073726254122,0.0057403692952853,-0.0156920290939233
RF,FTSE,0,2021-07-01,2022-07-01,2022-05-12,2984,8.88645061555304,-0.0035826248436414,-0.013301269125046,0.0379927434501041,0.0252411299070036
RF,FTSE,0,2021-07-01,2022-07-01,2022-05-13,2985,8.911691745460043,-0.0022648348032863,-0.0123236293420897,0.0088843748120606,0.0062621462953025
RF,FTSE,0,2021-07-01,2022-07-01,2022-05-16,2986,8.917953891755346,-0.0008183377194068,-0.011283661333453,0.0077397703498363,0.0071547236042377
RF,FTSE,0,2021-07-01,2022-07-01,2022-05-17,2987,8.925108615359584,0.0006362173554155,-0.0096203834687114,0.0061657790957241,-0.0107378833614308
RF,FTSE,0,2021-07-01,2022-07-01,2022-05-18,2988,8.914370731998153,0.0034104791152884,-0.0104810217745667,0.0196230771899941,-0.018371283485191
RF,FTSE,0,2021-07-01,2022-07-01,2022-05-19,2989,8.895999448512962,0.008018373190394,-0.0112127751318186,0.0399172484189715,0.0118835654292865
RF,FTSE,0,2021-07-01,2022-07-01,2022-05-20,2990,8.907883013942248,0.0115877788395852,-0.0100269338920639,0.0290331830018555,0.0165603450608955
RF,FTSE,0,2021-07-01,2022-07-01,2022-05-23,2991,8.924443359003144,0.0119067323478549,-0.0083127092527612,0.0026052888225507,-0.0038672387310398
RF,FTSE,0,2021-07-01,2022-07-01,2022-05-24,2992,8.920576120272104,0.0136805702481002,-0.0060860094036588,0.0164057973966809,0.0051175418330782
RF,FTSE,0,2021-07-01,2022-07-01,2022-05-25,2993,8.925693662105182,0.0145062085477345,-0.003390446619445,0.0100651040003807,0.0055807323501255
RF,FTSE,0,2021-07-01,2022-07-01,2022-05-26,2994,8.931274394455308,0.0143370253833854,-0.0018949194187992,0.0037076547579264,0.002719414732839
RF,FTSE,0,2021-07-01,2022-07-01,2022-05-27,2995,8.933993809188147,0.0113808840962175,0.000221559811915,-0.0145138625720182,0.0019228877437864
RF,FTSE,0,2021-07-01,2022-07-01,2022-05-30,2996,8.935916696931933,0.0063344103176188,0.0010073837762242,-0.0378926783658926,0.0009995000121705
RF,FTSE,0,2021-07-01,2022-07-01,2022-05-31,2997,8.936916196944104,-1.9046692559143708e-05,0.0021055948697998,-0.0542746877750381,-0.0098675491184092
RF,FTSE,0,2021-07-01,2022-07-01,2022-06-01,2998,8.927048647825695,-0.0052019455504677,-0.0011792078642067,-0.0469499627200882,0.0099332698430902
RF,FTSE,0,2021-07-01,2022-07-01,2022-06-06,2999,8.936981917668785,-0.0102072938274719,-0.0001249763095015,-0.04500279451549,-0.0012231515632219
RF,FTSE,0,2021-07-01,2022-07-01,2022-06-07,3000,8.935758766105563,-0.0161241518330346,-3.728011859942591e-05,-0.0756853417727825,-0.0007767168923287
RF,FTSE,0,2021-07-01,2022-07-01,2022-06-08,3001,8.934982049213234,-0.0225101448179252,1.5760479049025452e-05,-0.0789907845052688,-0.0155021025971056
RF,FTSE,0,2021-07-01,2022-07-01,2022-06-09,3002,8.919479946616129,-0.0253305193623862,-0.0021435500125198,-0.0485641925967481,-0.0214559280500878
RF,FTSE,0,2021-07-01,2022-07-01,2022-06-10,3003,8.89802401856604,-0.0261246837749844,-0.0058679872607718,-0.0228627060533241,-0.015382509396975
RF,FTSE,0,2021-07-01,2022-07-01,2022-06-13,3004,8.882641509169066,-0.0265264876987068,-0.0078380466057307,-0.0163137034373708,-0.0025428240634592
RF,FTSE,0,2021-07-01,2022-07-01,2022-06-14,3005,8.880098685105606,-0.0272919932138986,-0.008106266174307,-0.0235089655509099,0.0118804380476884
RF,FTSE,0,2021-07-01,2022-07-01,2022-06-15,3006,8.891979123153295,-0.0264055916027263,-0.0065497844042812,-0.0089213693260887,-0.0319056988205144
RF,FTSE,0,2021-07-01,2022-07-01,2022-06-16,3007,8.86007342433278,-0.0236214046126193,-0.0085651890446497,0.0298274693779152,-0.004082159624815
RF,FTSE,0,2021-07-01,2022-07-01,2022-06-17,3008,8.855991264707965,-0.0191094651594543,-0.0078664901274166,0.0428387019490354,0.0149244893114151
RF,FTSE,0,2021-07-01,2022-07-01,2022-06-20,3009,8.87091575401938,-0.0157278377346266,-0.0079088249690019,0.0263973600092182,0.004245558493336
RF,FTSE,0,2021-07-01,2022-07-01,2022-06-21,3010,8.875161312512716,-0.0145011973365463,-0.0078099029404813,0.0024019600622668,-0.0088335067810216
RF,FTSE,0,2021-07-01,2022-07-01,2022-06-22,3011,8.866327805731695,-0.0123444081377677,-0.0080700302510667,0.0111518276501865,-0.0097380861769984
RF,FTSE,1,2022-07-01,2023-07-01,2022-07-01,3018,8.877479633381881,-0.0083656647127572,-0.010620049751497,0.0057307136306654,0.0088880830455746
RF,FTSE,1,2022-07-01,2023-07-01,2022-07-04,3019,8.886367716427456,-0.0084651828595454,-0.0068203038287237,-0.0106053898577904,-0.0290660503810613
RF,FTSE,1,2022-07-01,2023-07-01,2022-07-05,3020,8.857301666046395,-0.0079086893663244,-0.0112812798530282,0.002033345867197,0.0116463580435972
RF,FTSE,1,2022-07-01,2023-07-01,2022-07-06,3021,8.868948024089992,-0.0063221112409035,-0.009507857611318,0.007177561306193,0.0113732585215586
RF,FTSE,1,2022-07-01,2023-07-01,2022-07-07,3022,8.88032128261155,-0.0047769897816998,-0.0054881205128184,0.0047320914213262,0.0009871324321633
RF,FTSE,1,2022-07-01,2023-07-01,2022-07-08,3023,8.881308415043714,-0.0022922564209757,-0.0044961980299319,0.0138142075174627,5.55697759594409e-05
RF,FTSE,1,2022-07-01,2023-07-01,2022-07-11,3024,8.881363984819673,-0.0004203293624875,-0.0012123459047536,0.0093632072815008,0.0018463621928734
RF,FTSE,1,2022-07-01,2023-07-01,2022-07-12,3025,8.883210347012547,0.0012616492741237,-3.53363707686271e-05,0.0083699969409938,-0.0074480204428812
RF,FTSE,1,2022-07-01,2023-07-01,2022-07-13,3026,8.875762326569665,0.0039263714239119,-0.0033791945779715,0.0166291733974386,-0.0164273146560738
RF,FTSE,1,2022-07-01,2023-07-01,2022-07-14,3027,8.859335011913592,0.0089728317019019,-0.0070341053578475,0.0371572300072493,0.0167905734825932
RF,FTSE,1,2022-07-01,2023-07-01,2022-07-15,3028,8.876125585396185,0.0118193639833865,-0.0057114887854642,0.020366656524656,0.0089277886366918
RF,FTSE,1,2022-07-01,2023-07-01,2022-07-18,3029,8.885053374032877,0.014217989597645,-0.0031434929538466,0.0171573168020575,0.0100692485282998
RF,FTSE,1,2022-07-01,2023-07-01,2022-07-19,3030,8.895122622561177,0.0151332452575037,-0.0005982296147965,0.0066932827342114,-0.0043954304600024
RF,FTSE,1,2022-07-01,2023-07-01,2022-07-20,3031,8.890727192101174,0.0175523564997739,0.0022204994450246,0.0216652469781255,0.0008531518523664
RF,FTSE,1,2022-07-01,2023-07-01,2022-07-21,3032,8.89158034395354,0.0193105409765745,0.0035823219632506,0.0194640953352518,0.0008111560135635
RF,FTSE,1,2022-07-01,2023-07-01,2022-07-22,3033,8.892391499967104,0.0205489850653464,0.0049450709494725,0.0180727666371733,0.0041007419537368
RF,FTSE,1,2022-07-01,2023-07-01,2022-07-25,3034,8.896492241920841,0.021688289698158,0.0050418052512299,0.0188997478430987,0.0
RF,FTSE,1,2022-07-01,2023-07-01,2022-07-26,3035,8.896492241920841,0.0226199828098252,0.0052227224391383,0.0192220164806951,0.0057184489140933
RF,FTSE,1,2022-07-01,2023-07-01,2022-07-27,3036,8.902210690834934,0.022296565284062,0.0054204644179118,0.0123751398513185,-0.0003947855395463
RF,FTSE,1,2022-07-01,2023-07-01,2022-07-28,3037,8.901815905295388,0.0228124620830687,0.0051412474373424,0.0184929567734926,0.0105765337839116
RF,FTSE,1,2022-07-01,2023-07-01,2022-07-29,3038,8.9123924390793,0.0219901642818953,0.0052603068946585,0.0086913142058513,-0.0013479997905072
RF,FTSE,1,2022-07-01,2023-07-01,2022-08-01,3039,8.911044439288792,0.0216588415593825,0.0052203841947211,0.0125600921044988,-0.0005801726845149
RF,FTSE,1,2022-07-01,2023-07-01,2022-08-02,3040,8.910464266604277,0.0202034108898487,0.0054056699295677,0.0076369856472044,0.0049277231596622
RF,FTSE,1,2022-07-01,2023-07-01,2022-08-03,3041,8.91539198976394,0.0188473219694813,0.0053790899772924,0.0073862895417668,0.0003222686375963
RF,FTSE,1,2022-07-01,2023-07-01,2022-08-04,3042,8.915714258401536,0.0176545749168095,0.0050401359621033,0.0081699820584315,-0.0011284277152832
RF,FTSE,1,2022-07-01,2023-07-01,2022-08-05,3043,8.914585830686253,0.0173527292688806,0.0051284674475613,0.0128742680794307,0.0057230313826277
RF,FTSE,1,2022-07-01,2023-07-01,2022-08-08,3044,8.92030886206888,0.0155674920924138,0.0050507960347729,0.0044538622246221,0.0007748912162703
RF,FTSE,1,2022-07-01,2023-07-01,2022-08-09,3045,8.921083753285151,0.0144067954760984,0.0050754582199246,0.0071456524142838,0.0025207781081402
RF,FTSE,1,2022-07-01,2023-07-01,2022-08-10,3046,8.923604531393291,0.0130815105160913,0.0050558344444088,0.005751276644915,-0.0055032791418092
RF,FTSE,1,2022-07-01,2023-07-01,2022-08-11,3047,8.918101252251482,0.0124482776529344,0.0030233306821109,0.009053563399977,0.0046770270542246
RF,FTSE,1,2022-07-01,2023-07-01,2022-08-12,3048,8.922778279305707,0.0099433903990373,0.0037651779334299,-0.0017078934950713,0.0011059611542609
RF,FTSE,1,2022-07-01,2023-07-01,2022-08-15,3049,8.923884240459968,0.0070005676658038,0.0041841293898501,-0.00503317927852,0.0035758583057159
RF,FTSE,1,2022-07-01,2023-07-01,2022-08-16,3050,8.927460098765684,0.0038859638280364,0.0044033305290191,-0.0075121094409933,-0.0026973744721807
RF,FTSE,1,2022-07-01,2023-07-01,2022-08-17,3051,8.924762724293503,0.0006499496013727,0.0041910183250597,-0.0118450705764647,0.003466681405932
RF,FTSE,1,2022-07-01,2023-07-01,2022-08-18,3052,8.928229405699435,-0.0037955762620356,0.0045504843178398,-0.0241968130326029,0.0011264023387713
RF,FTSE,1,2022-07-01,2023-07-01,2022-08-19,3053,8.929355808038206,-0.008812958190898,0.0043778117482995,-0.0358928833135188,-0.0022009923867472
RF,FTSE,1,2022-07-01,2023-07-01,2022-08-22,3054,8.927154815651459,-0.0130859792073998,0.0037538420857762,-0.05249699218224,-0.0060844298408238
RF,FTSE,1,2022-07-01,2023-07-01,2022-08-23,3055,8.921070385810635,-0.0143164452083492,0.0006202744050771,-0.0280193962146739,-0.0022193246291877
RF,FTSE,1,2022-07-01,2023-07-01,2022-08-24,3056,8.918851061181448,-0.0152421220838885,0.0004957617318568,-0.0249489661444766,0.0010969281432426
RF,FTSE,1,2022-07-01,2023-07-01,2022-08-25,3057,8.91994798932469,-0.0164215914565186,0.0003233209925166,-0.0242635825456609,-0.0070303356076522
RF,FTSE,1,2022-07-01,2023-07-01,2022-08-26,3058,8.912917653717038,-0.0174689371695411,-0.0028803671461855,-0.0258451089027094,-0.008885061050206
RF,FTSE,1,2022-07-01,2023-07-01,2022-08-30,3059,8.904032592666832,-0.0174892586556083,-0.0051436317193969,-0.0136082570287676,-0.0105696679421445
RF,FTSE,1,2022-07-01,2023-07-01,2022-08-31,3060,8.893462924724687,-0.0152874089025889,-0.0070044958048615,0.0091423294327963,-0.0188051012554684
RF,FTSE,1,2022-07-01,2023-07-01,2022-09-01,3061,8.874657823469219,-0.0114158515134281,-0.0094458399662037,0.0443939804610717,0.0183931661267422
RF,FTSE,1,2022-07-01,2023-07-01,2022-09-02,3062,8.893050989595961,-0.0103044678661774,-0.0083417308610465,0.0142770533748279,0.0008511054410096
RF,FTSE,1,2022-07-01,2023-07-01,2022-09-05,3063,8.893902095036971,-0.0102141172646046,-0.0078083947955691,-0.001386928598384,0.0017823117420583
RF,FTSE,1,2022-07-01,2023-07-01,2022-09-06,3064,8.89568440677903,-0.009999244004021,-0.0077220686115455,-0.0025098322364147,-0.0086118619647006
RF,FTSE,1,2022-07-01,2023-07-01,2022-09-07,3065,8.887072544814329,-0.0095472508677989,-0.0102996422556644,-0.0001519374592717,0.0033517908237357
RF,FTSE,1,2022-07-01,2023-07-01,2022-09-08,3066,8.890424335638064,-0.0099506131051647,-0.0119094940212074,-0.0096024067015587,0.0121809185194194
RF,FTSE,1,2022-07-01,2023-07-01,2022-09-09,3067,8.902605254157484,-0.0109540075286584,-0.010282852341208,-0.0155603019530463,0.016446549772807
RF,FTSE,1,2022-07-01,2023-07-01,2022-09-12,3068,8.91905180393029,-0.0147020429172339,-0.0090117649818173,-0.0428563788162303,-0.0117237609595015
RF,FTSE,1,2022-07-01,2023-07-01,2022-09-13,3069,8.90732804297079,-0.018706740559935,-0.0092875080298369,-0.0510089821252872,-0.0148128765322024
RF,FTSE,1,2022-07-01,2023-07-01,2022-09-14,3070,8.892515166438587,-0.0215036918107447,-0.0112902017623289,-0.0358542294213375,0.0006594081040276
RF,FTSE,1,2022-07-01,2023-07-01,2022-09-15,3071,8.893174574542615,-0.0248375055510248,-0.0097200567989522,-0.0417115560787113,-0.0062539671875576
RF,FTSE,1,2022-07-01,2023-07-01,2022-09-16,3072,8.886920607355057,-0.0269730566929453,-0.0091882990863248,-0.0324840620844,-0.0060986784185512
RF,FTSE,1,2022-07-01,2023-07-01,2022-09-20,3073,8.880821928936506,-0.0295526718513023,-0.0096803931734169,-0.0442154527161111,0.0062230232679318
RF,FTSE,1,2022-07-01,2023-07-01,2022-09-21,3074,8.887044952204437,-0.0327801289631075,-0.0071515746787817,-0.0486672446140357,-0.010849527090377
RF,FTSE,1,2022-07-01,2023-07-01,2022-09-22,3075,8.87619542511406,-0.0343690410651778,-0.0096692586166599,-0.0356442130636782,-0.0198763642685584
RF,FTSE,1,2022-07-01,2023-07-01,2022-09-23,3076,8.856319060845502,-0.0314674157541858,-0.0124652947899188,0.0096277837614575,0.0003418761717473
RF,FTSE,1,2022-07-01,2023-07-01,2022-09-26,3077,8.85666093701725,-0.0286196940615628,-0.0103131846563119,0.0044906989742372,-0.0051979185533461
RF,FTSE,1,2022-07-01,2023-07-01,2022-09-27,3078,8.851463018463903,-0.0257798586401474,-0.009300390542241,0.0018165929683924,0.0029735268067536
RF,FTSE,1,2022-07-01,2023-07-01,2022-09-28,3079,8.854436545270657,-0.0232863383460877,-0.0086860919305027,-0.0020433407870434,-0.0178300690502624
RF,FTSE,1,2022-07-01,2023-07-01,2022-09-29,3080,8.836606476220394,-0.019938276088105,-0.0122932941859854,0.0112276692724879,0.0017712313700073
RF,FTSE,1,2022-07-01,2023-07-01,2022-09-30,3081,8.838377707590402,-0.0178971207176381,-0.0114671239760779,-0.0012482198260475,0.0021735044599804
RF,FTSE,1,2022-07-01,2023-07-01,2022-10-03,3082,8.840551212050382,-0.0171013669147725,-0.0093420774529037,-0.0120277546644711,0.0253956325565773
RF,FTSE,1,2022-07-01,2023-07-01,2022-10-04,3083,8.86594684460696,-0.018694852411631,-0.0073240299603473,-0.0338991472007759,-0.004795208615473
RF,FTSE,1,2022-07-01,2023-07-01,2022-10-05,3084,8.861151635991487,-0.0196087807093636,-0.0074238620938149,-0.0278638861629811,-0.007872024559191
RF,FTSE,1,2022-07-01,2023-07-01,2022-10-06,3085,8.853279611432296,-0.0183865595665562,-0.0101763763757796,-0.0110796332805893,-0.0008864069486822
RF,FTSE,1,2022-07-01,2023-07-01,2022-10-07,3086,8.852393204483613,-0.0166818438908187,-0.0063876255026362,-0.0078117402371606,-0.0045590589907309
RF,FTSE,1,2022-07-01,2023-07-01,2022-10-10,3087,8.847834145492882,-0.0147121618262939,-0.0056260886557397,-0.0049408144373437,-0.0107046577285281
RF,FTSE,1,2022-07-01,2023-07-01,2022-10-11,3088,8.837129487764354,-0.0110405557666926,-0.0063935882549486,0.0084893534868761,-0.0086060303784432
RF,FTSE,1,2022-07-01,2023-07-01,2022-10-12,3089,8.828523457385911,-0.0058878604315637,-0.0084763340634964,0.0208040318585407,0.0035242400202726
RF,FTSE,1,2022-07-01,2023-07-01,2022-10-13,3090,8.832047697406184,-0.000586354391352,-0.0042340364300547,0.0236157332939406,0.0012400524223217
RF,FTSE,1,2022-07-01,2023-07-01,2022-10-14,3091,8.833287749828505,0.0041704994167588,-0.0013666067989879,0.02230439233122,0.0089122283232008
RF,FTSE,1,2022-07-01,2023-07-01,2022-10-17,3092,8.842199978151706,0.0080919434153674,0.0003860162795764,0.0194478056100706,0.0023814860947464
RF,FTSE,1,2022-07-01,2023-07-01,2022-10-18,3093,8.844581464246453,0.0116318376286628,0.0022157822211545,0.0195575234097393,-0.0016881331909139
RF,FTSE,1,2022-07-01,2023-07-01,2022-10-19,3094,8.842893331055539,0.0142347438001877,0.0031754432186083,0.0175632981007485,0.0027255101956917
RF,FTSE,1,2022-07-01,2023-07-01,2022-10-20,3095,8.84561884125123,0.0169246225295118,0.0033378072313204,0.0214562736961383,0.0037086479932213
RF,FTSE,1,2022-07-01,2023-07-01,2022-10-21,3096,8.849327489244452,0.0196092065556161,0.0031854906480241,0.0305903371158926,0.0063359414556725
RF,FTSE,1,2022-07-01,2023-07-01,2022-10-24,3097,8.855663430700124,0.020380551275732,0.0026231500292671,0.0183787031880982,-7.128854039883947e-05
RF,FTSE,1,2022-07-01,2023-07-01,2022-10-25,3098,8.855592142159725,0.021857218306664,0.0036214232122152,0.0246595882990607,0.0060556416020514
RF,FTSE,1,2022-07-01,2023-07-01,2022-10-26,3099,8.861647783761777,0.0230226557408776,0.0037657138597884,0.0387376132850345,0.0024912038944151
RF,FTSE,1,2022-07-01,2023-07-01,2022-10-27,3100,8.864138987656192,0.023678877793273,0.0036530894763716,0.0314906394802907,-0.0036823584999048
RF,FTSE,1,2022-07-01,2023-07-01,2022-10-28,3101,8.860456629156287,0.0255475346186226,0.0036533352153393,0.036008278851904,0.0066184857910815
RF,FTSE,1,2022-07-01,2023-07-01,2022-10-31,3102,8.867075114947369,0.0265199707779721,0.0033985291111067,0.0280475076138078,0.0128427114129756
RF,FTSE,1,2022-07-01,2023-07-01,2022-11-01,3103,8.879917826360344,0.0276028563401293,0.0038207923384764,0.0259740055044783,-0.0058756924721219
RF,FTSE,1,2022-07-01,2023-07-01,2022-11-02,3104,8.874042133888222,0.0283467217352182,0.0011971590314515,0.0240502116909304,0.0062095965705637
RF,FTSE,1,2022-07-01,2023-07-01,2022-11-03,3105,8.880251730458786,0.0291789621940097,0.0022425517308413,0.0269815725092747,0.0201336665880251
RF,FTSE,1,2022-07-01,2023-07-01,2022-11-04,3106,8.900385397046811,0.0290581458163217,0.0033266698980131,0.00470616044473,-0.0047557699103286
RF,FTSE,1,2022-07-01,2023-07-01,2022-11-07,3107,8.895629627136483,0.0284663211182074,0.0030594976915086,0.0069892436189835,0.0008352808717084
RF,FTSE,1,2022-07-01,2023-07-01,2022-11-08,3108,8.896464908008191,0.0271142806910429,0.0040645098078802,0.0055143803078099,-0.0013422854470146
RF,FTSE,1,2022-07-01,2023-07-01,2022-11-09,3109,8.895122622561177,0.0263380900697551,0.0045538052371754,0.0121512749194785,0.0107692093036462
RF,FTSE,1,2022-07-01,2023-07-01,2022-11-10,3110,8.905891831864823,0.0240600186567245,0.0048196033144814,0.0002169300435586,-0.0077994862856698
RF,FTSE,1,2022-07-01,2023-07-01,2022-11-11,3111,8.898092345579153,0.0241894253047174,0.0011364157160685,0.0182527079042742,0.009140957388908
RF,FTSE,1,2022-07-01,2023-07-01,2022-11-14,3112,8.907233302968061,0.0233566998671097,0.0021969348662072,0.0107742245039759,-0.0021417454765195
RF,FTSE,1,2022-07-01,2023-07-01,2022-11-15,3113,8.905091557491541,0.0225631117766322,0.0031005544232657,0.0131034761512704,-0.0024726867360751
RF,FTSE,1,2022-07-01,2023-07-01,2022-11-16,3114,8.902618870755466,0.0224240911463127,0.0040630836347597,0.0182645473066251,-0.0006395824394651
RF,FTSE,1,2022-07-01,2023-07-01,2022-11-17,3115,8.901979288316001,0.0219142385066781,0.0043872934483948,0.0172063217294287,0.0052946091646539
RF,FTSE,1,2022-07-01,2023-07-01,2022-11-18,3116,8.907273897480655,0.0214424931655283,0.0048449697451277,0.016983123407444,-0.0011651355722737
RF,FTSE,1,2022-07-01,2023-07-01,2022-11-21,3117,8.906108761908381,0.0224666137582758,0.0049092764699738,0.0262490248199558,0.0102362915750457
RF,FTSE,1,2022-07-01,2023-07-01,2022-11-22,3118,8.916345053483427,0.021529496862966,0.0050385577943674,0.0140829833053359,0.0016624739886097
RF,FTSE,1,2022-07-01,2023-07-01,2022-11-23,3119,8.918007527472037,0.0201898652906837,0.0049554838961522,0.012116195678276,0.000187506170775
RF,FTSE,1,2022-07-01,2023-07-01,2022-11-24,3120,8.918195033642812,0.0191000396157239,0.0049186639179418,0.0134230072530616,0.0026883844192795
RF,FTSE,1,2022-07-01,2023-07-01,2022-11-25,3121,8.920883418062092,0.0165560085646792,0.0052374596746585,0.0046241387832495,-0.0016978080166616
RF,FTSE,1,2022-07-01,2023-07-01,2022-11-28,3122,8.91918561004543,0.0138285759581506,0.0049113179434764,0.0020316777617885,0.0050714108426692
RF,FTSE,1,2022-07-01,2023-07-01,2022-11-29,3123,8.9242570208881,0.0099554813024003,0.0051511157863651,-0.005312248603797,0.0081007658402381
RF,FTSE,1,2022-07-01,2023-07-01,2022-11-30,3124,8.932357786728337,0.0051743934469037,0.0049549517636785,-0.0128243514898755,-0.001929749939574
RF,FTSE,1,2022-07-01,2023-07-01,2022-12-01,3125,8.930428036788763,0.000492712674676,0.0048713220842454,-0.0149957823561006,-0.0003043136384501
RF,FTSE,1,2022-07-01,2023-07-01,2022-12-02,3126,8.930123723150313,-0.0017987376234778,0.0047546400121008,-0.0070788447113354,0.0014943177455606
RF,FTSE,1,2022-07-01,2023-07-01,2022-12-05,3127,8.931618040895874,-0.0042767696768919,0.00487325027964,-0.0095065705427952,-0.0061104840505326
RF,FTSE,1,2022-07-01,2023-07-01,2022-12-06,3128,8.925507556845341,-0.006420576652049,0.0013825372192781,-0.0127379637708457,-0.0042902690381225
RF,FTSE,1,2022-07-01,2023-07-01,2022-12-07,3129,8.921217287807218,-0.0083277568363424,0.00178056865416,-0.021200026778203,-0.0022725155229164
RF,FTSE,1,2022-07-01,2023-07-01,2022-12-08,3130,8.918944772284302,-0.0094175332692429,0.0015096104675979,-0.0149529722562551,0.0005886629541596
RF,FTSE,1,2022-07-01,2023-07-01,2022-12-09,3131,8.919533435238462,-0.0105511448778479,0.0018030019752044,-0.0142790289931671,-0.0041011808057991
RF,FTSE,1,2022-07-01,2023-07-01,2022-12-12,3132,8.915432254432663,-0.008443206053009,0.0005949980541479,0.0068659542251374,0.007612624006315
RF,FTSE,1,2022-07-01,2023-07-01,2022-12-13,3133,8.923044878438978,-0.0085818790372815,0.000419494028762,-0.0044883390176995,-0.0009334080858991
RF,FTSE,1,2022-07-01,2023-07-01,2022-12-14,3134,8.922111470353078,-0.008343392378407,-0.0004962886811258,-0.0030596664227875,-0.0093418772785831
RF,FTSE,1,2022-07-01,2023-07-01,2022-12-15,3135,8.912769593074495,-0.0065609140986602,-0.0038638592674245,0.0095153294617276,-0.0127523320454798
RF,FTSE,1,2022-07-01,2023-07-01,2022-12-16,3136,8.900017261029015,-0.0037036650481674,-0.0063105667030362,0.0243329657538975,0.0039745389990315
RF,FTSE,1,2022-07-01,2023-07-01,2022-12-19,3137,8.903991800028047,-0.0022507271326173,-0.0057823194910977,0.0122056994445802,0.0012626062172476
RF,FTSE,1,2022-07-01,2023-07-01,2022-12-20,3138,8.905254406245295,0.0010735854856651,-0.0058999232008804,0.0245913478866608,0.0170438024125054
RF,FTSE,1,2022-07-01,2023-07-01,2022-12-21,3139,8.9222982086578,0.002446429023502,-0.0064798312320728,0.0116560763576085,-0.0037416692365219
RF,FTSE,1,2022-07-01,2023-07-01,2022-12-22,3140,8.918556539421278,0.0050193203093584,-0.0076580563205412,0.0217451952757183,0.0004952645090128
RF,FTSE,1,2022-07-01,2023-07-01,2022-12-23,3141,8.91905180393029,0.0085066950282381,-0.0082686419072647,0.0298588667381771,0.003233118605932
RF,FTSE,1,2022-07-01,2023-07-01,2022-12-28,3142,8.922284922536223,0.0120216283257601,-0.0095692928340634,0.0299192215203678,0.00206530424669
RF,FTSE,1,2022-07-01,2023-07-01,2022-12-29,3143,8.924350226782913,0.0144668632056816,-0.0093541545026952,0.0239108401209939,-0.0081527273102857
RF,FTSE,1,2022-07-01,2023-07-01,2022-12-30,3144,8.916197499472627,0.0185427505279882,-0.0112718311862961,0.0360196022933188,0.0136482546593281
RF,FTSE,1,2022-07-01,2023-07-01,2023-01-03,3145,8.929845754131955,0.0216335471969539,-0.0109793975734936,0.0312637317666997,0.0041085308834531
RF,FTSE,1,2022-07-01,2023-07-01,2023-01-04,3146,8.933954285015409,0.0247125680231388,-0.0105911116346548,0.0335626632668635,0.0063474496815878
RF,FTSE,1,2022-07-01,2023-07-01,2023-01-05,3147,8.940301734696996,0.0270188295944571,-0.0095613784528623,0.0292528857159357,0.0086089359714716
RF,FTSE,1,2022-07-01,2023-07-01,2023-01-06,3148,8.948910670668468,0.0277967109822405,-0.0092445540348203,0.0194855205297876,0.0032934733881226
RF,FTSE,1,2022-07-01,2023-07-01,2023-01-09,3149,8.95220414405659,0.0271804498703112,-0.0080582444294298,0.0136030656188061,-0.0039430771526838
RF,FTSE,1,2022-07-01,2023-07-01,2023-01-10,3150,8.948261066903907,0.0251874400759639,-0.0069607031950974,0.0068385824354315,0.0039560348620391
RF,FTSE,1,2022-07-01,2023-07-01,2023-01-11,3151,8.952217101765946,0.0229727459549913,-0.0064206912821131,0.0058855712590517,0.008892384132709
RF,FTSE,1,2022-07-01,2023-07-01,2023-01-12,3152,8.961109485898655,0.0199595761762676,-0.0055786535849307,-0.0011939129292688,0.006407462383617
RF,FTSE,1,2022-07-01,2023-07-01,2023-01-13,3153,8.967516948282272,0.0155174490828127,-0.0048203168480174,-0.0111144553824953,0.00203767213066
RF,FTSE,1,2022-07-01,2023-07-01,2023-01-16,3154,8.969554620412932,0.0105261029964189,-0.0045938152729039,-0.0147647918102649,-0.0011584292146764
RF,FTSE,1,2022-07-01,2023-07-01,2023-01-17,3155,8.968396191198256,0.0063888102497244,-0.0047527974344172,-0.0115168229068345,-0.0025889815228588
RF,FTSE,1,2022-07-01,2023-07-01,2023-01-18,3156,8.965807209675397,0.0031483970273207,-0.0049596229452103,-0.0083996926718938,-0.0107075603360584
RF,FTSE,1,2022-07-01,2023-07-01,2023-01-19,3157,8.955099649339338,0.002465191062372,-0.0079617747011149,0.0048415770867862,0.0030030236856593
RF,FTSE,1,2022-07-01,2023-07-01,2023-01-20,3158,8.958102673024998,0.0011051895216542,-0.0077371782712435,0.0001415617556421,0.0018128999443884
RF,FTSE,1,2022-07-01,2023-07-01,2023-01-23,3159,8.959915572969386,-0.0006289872197022,-0.0069250950037957,-0.003036204677965,-0.0035130800696094
RF,FTSE,1,2022-07-01,2023-07-01,2023-01-24,3160,8.956402492899777,0.0001488781285434,-0.007702126424844,0.0080629407354884,-0.0016126642971094
RF,FTSE,1,2022-07-01,2023-07-01,2023-01-25,3161,8.954789828602667,0.002741805480575,-0.0074953731147365,0.0200560072828057,0.0020895396887539
RF,FTSE,1,2022-07-01,2023-07-01,2023-01-26,3162,8.956879368291421,0.0037434766991815,-0.007816322240248,0.0096937629974824,0.0005281487120818
RF,FTSE,1,2022-07-01,2023-07-01,2023-01-27,3163,8.957407517003503,0.005148375428698,-0.0089163951412815,0.0127321789209471,0.0025337094226216
RF,FTSE,1,2022-07-01,2023-07-01,2023-01-30,3164,8.959941226426125,0.00638123040539,-0.0095183822020298,0.0128016620352031,-0.0016969916454847
RF,FTSE,1,2022-07-01,2023-07-01,2023-01-31,3165,8.95824423478064,0.0084687495348259,-0.0099659224865518,0.0177905458632405,-0.0013648664892187
RF,FTSE,1,2022-07-01,2023-07-01,2023-02-01,3166,8.956879368291421,0.0100615762185611,-0.0099623014640884,0.0155210231277944,0.0075860653438439
RF,FTSE,1,2022-07-01,2023-07-01,2023-02-02,3167,8.964465433635265,0.0111536790857726,-0.0099817852153624,0.0161598539311835,0.0103804022502078
RF,FTSE,1,2022-07-01,2023-07-01,2023-02-03,3168,8.974845835885473,0.0108888554222286,-0.0106401639918179,0.0065718052346781,-0.0082727045965693
RF,FTSE,1,2022-07-01,2023-07-01,2023-02-06,3169,8.966573131288904,0.0125982676825309,-0.0122866518368266,0.0203486271328579,0.0035665646355464
RF,FTSE,1,2022-07-01,2023-07-01,2023-02-07,3170,8.97013969592445,0.0140045757672258,-0.011918241422816,0.0186184053044744,0.0026031925368776
RF,FTSE,1,2022-07-01,2023-07-01,2023-02-08,3171,8.972742888461328,0.0146320440671576,-0.011665187991371,0.0150037688057587,0.0032918921825526
RF,FTSE,1,2022-07-01,2023-07-01,2023-02-09,3172,8.97603478064388,0.0147972559801896,-0.0116885419959334,0.0129479199706992,-0.0036343892246648
RF,FTSE,1,2022-07-01,2023-07-01,2023-02-10,3173,8.972400391419216,0.0145635844272877,-0.0114738502611831,0.0120175473103216,0.008224896147233
RF,FTSE,1,2022-07-01,2023-07-01,2023-02-13,3174,8.980625287566449,0.0119967577200039,-0.0114422832859174,-0.0021413014430535,0.0007923535537024
RF,FTSE,1,2022-07-01,2023-07-01,2023-02-14,3175,8.981417641120151,0.0088219579748365,-0.0111371053340158,-0.0058253691172858,0.0055041173016103
RF,FTSE,1,2022-07-01,2023-07-01,2023-02-15,3176,8.986921758421762,0.0043326443091711,-0.0110008322169215,-0.0150035390089957,0.001836342807163
RF,FTSE,1,2022-07-01,2023-07-01,2023-02-16,3177,8.988758101228925,0.0014496925038312,-0.0105087203119881,-0.0097068536464988,-0.001011443961838
RF,FTSE,1,2022-07-01,2023-07-01,2023-02-17,3178,8.987746657267087,-0.0019713074602769,-0.0097313792008814,-0.0161331526297665,0.0012360433474931
RF,FTSE,1,2022-07-01,2023-07-01,2023-02-20,3179,8.98898270061458,-0.0045268315367064,-0.0086214921097098,-0.0124803749563469,-0.0045647618850424
RF,FTSE,1,2022-07-01,2023-07-01,2023-02-21,3180,8.984417938729537,-0.0052673424074907,-0.0080057855811837,-0.0042457330045291,-0.0059339526061421
RF,FTSE,1,2022-07-01,2023-07-01,2023-02-22,3181,8.978483986123395,-0.0048182819683777,-0.007915912039936,0.0020783873906928,-0.0028917141205297
RF,FTSE,1,2022-07-01,2023-07-01,2023-02-23,3182,8.975592272002865,-0.0041705728051759,-0.0067408699523708,0.0027907969968303,-0.0036740525900995
RF,FTSE,1,2022-07-01,2023-07-01,2023-02-24,3183,8.971918219412766,-0.0031186228197377,-0.0066212822096729,0.0051651320897097,0.0071330281696599
RF,FTSE,1,2022-07-01,2023-07-01,2023-02-27,3184,8.979051247582426,-0.0034002533129289,-0.0064844542650232,-0.0006555556884642,-0.0074377429451057
RF,FTSE,1,2022-07-01,2023-07-01,2023-02-28,3185,8.97161350463732,-0.0036496969835173,-0.0075962107755418,0.0004696782146051,0.0048888210209128
RF,FTSE,1,2022-07-01,2023-07-01,2023-03-01,3186,8.976502325658233,-0.005276053403147,-0.0071936828175629,-0.0212606888412203,0.0036698800667753
RF,FTSE,1,2022-07-01,2023-07-01,2023-03-02,3187,8.980172205725008,-0.0075718804229545,-0.0063347294017145,-0.0510547982028661,0.0003901677890798
RF,FTSE,1,2022-07-01,2023-07-01,2023-03-03,3188,8.980562373514088,-0.0095887835695211,-0.0061593661397361,-0.0397891317774306,-0.0021793045143922
RF,FTSE,1,2022-07-01,2023-07-01,2023-03-06,3189,8.978383068999696,-0.0114148591705145,-0.0054872468056794,-0.0766760562282264,-0.0012997174972202
RF,FTSE,1,2022-07-01,2023-07-01,2023-03-07,3190,8.977083351502475,-0.0131850148814827,-0.0053556877363341,-0.066497633212343,0.001312340391486
RF,FTSE,1,2022-07-01,2023-07-01,2023-03-08,3191,8.978395691893962,-0.0161012156638911,-0.0053948078114018,-0.0779284830560946,-0.0063125090420363
RF,FTSE,1,2022-07-01,2023-07-01,2023-03-09,3192,8.972083182851925,-0.0180863251412191,-0.0071445840072008,-0.0623210286524447,-0.0168415460349127
RF,FTSE,1,2022-07-01,2023-07-01,2023-03-10,3193,8.955241636817012,-0.0187481748773361,-0.0096282948714196,-0.0277682557182661,-0.0261242292948704
RF,FTSE,1,2022-07-01,2023-07-01,2023-03-13,3194,8.929117407522142,-0.0193228092575292,-0.0114968231744537,0.0024081024575952,0.0116558342145154
RF,FTSE,1,2022-07-01,2023-07-01,2023-03-14,3195,8.940773241736657,-0.020898650665293,-0.0104518619903435,-0.0181682639463343,-0.0390662289651881
RF,FTSE,1,2022-07-01,2023-07-01,2023-03-15,3196,8.90170701277147,-0.0231752597422687,-0.0114813732078229,0.0082712335955577,0.0088787055186632
RF,FTSE,1,2022-07-01,2023-07-01,2023-03-16,3197,8.910585718290132,-0.0246554351832237,-0.0107291643831926,0.0083054685250711,-0.0101185094522655
RF,FTSE,1,2022-07-01,2023-07-01,2023-03-17,3198,8.900467208837867,-0.0252238751057074,-0.0104806485185738,0.0200955371721818,0.0092949453616135
RF,FTSE,1,2022-07-01,2023-07-01,2023-03-20,3199,8.90976215419948,-0.0244519008712043,-0.0108173530113779,0.0214329105268014,0.0177112268992658
RF,FTSE,1,2022-07-01,2023-07-01,2023-03-21,3200,8.927473381098746,-0.0233760691526949,-0.0084719297341118,0.0111107468274251,0.0040521288809909
RF,FTSE,1,2022-07-01,2023-07-01,2023-03-22,3201,8.931525509979737,-0.0218152094147932,-0.0077834513438073,0.0085404197919647,-0.0089205321894141
RF,FTSE,1,2022-07-01,2023-07-01,2023-03-23,3202,8.922604977790323,-0.0185633138751679,-0.0088943543198556,0.0228579743873424,-0.0126267314232961
RF,FTSE,1,2022-07-01,2023-07-01,2023-03-24,3203,8.909978246367027,-0.0147624764474532,-0.0109997325220618,0.0304544812565392,0.0089129404481766
RF,FTSE,1,2022-07-01,2023-07-01,2023-03-27,3204,8.918891186815204,-0.010763171553048,-0.0100513062622614,0.025254581606589,0.001671559194845
RF,FTSE,1,2022-07-01,2023-07-01,2023-03-28,3205,8.920562746010049,-0.0053841730830317,-0.0081424278322619,0.0338009301711625,0.0106323187162331
RF,FTSE,1,2022-07-01,2023-07-01,2023-03-29,3206,8.931195064726282,-0.0003466439228514,-0.0078081550695595,0.0288489570917267,0.0073890631998896
RF,FTSE,1,2022-07-01,2023-07-01,2023-03-30,3207,8.938584127926172,0.0044156886630322,-0.0058313418578112,0.02646930308941,0.0014818018455304
RF,FTSE,1,2022-07-01,2023-07-01,2023-03-31,3208,8.940065929771702,0.0090537919174948,-0.0057317906988754,0.0273617505822247,0.0053970224059636
RF,FTSE,1,2022-07-01,2023-07-01,2023-04-03,3209,8.945462952177666,0.0131431886516111,-0.0055453433449637,0.0255917708160264,-0.0050302245540994
RF,FTSE,1,2022-07-01,2023-07-01,2023-04-04,3210,8.940432727623566,0.0176215630740141,-0.0056331179619344,0.0315870014385595,0.0037130407982264
RF,FTSE,1,2022-07-01,2023-07-01,2023-04-05,3211,8.944145768421793,0.0216307357353553,-0.0048065535864189,0.031661423765847,0.0102179077594186
RF,FTSE,1,2022-07-01,2023-07-01,2023-04-06,3212,8.954363676181211,0.0236051724160883,-0.0042168486923417,0.020102427275086,0.0056803456367973
RF,FTSE,1,2022-07-01,2023-07-01,2023-04-11,3213,8.960044021818009,0.0244530729525394,-0.0037481019758227,0.0149030887725309,0.0050094091975729
RF,FTSE,1,2022-07-01,2023-07-01,2023-04-12,3214,8.965053431015582,0.0244856030944173,-0.0031388062414603,0.0113478390247117,0.0023742493383451
RF,FTSE,1,2022-07-01,2023-07-01,2023-04-13,3215,8.967427680353927,0.0237825584737265,-0.0028016517780973,0.0087334953727609,0.0036270426397653
RF,FTSE,1,2022-07-01,2023-07-01,2023-04-14,3216,8.971054722993692,0.0217976531477468,-0.0028047757420159,0.0024361104875989,0.0009650060684336
RF,FTSE,1,2022-07-01,2023-07-01,2023-04-17,3217,8.972019729062126,0.0186631328123603,-0.0025272614346218,-0.003419750496409,0.0037874631255139
RF,FTSE,1,2022-07-01,2023-07-01,2023-04-18,3218,8.97580719218764,0.0146098659127478,-0.0026494168277225,-0.0098850693350076,-0.0013410887313423
RF,FTSE,1,2022-07-01,2023-07-01,2023-04-19,3219,8.974466103456297,0.0120369882007409,-0.0024595303940037,-0.0035765136613292,0.0004810071342422
RF,FTSE,1,2022-07-01,2023-07-01,2023-04-20,3220,8.97494711059054,0.0078513152209271,-0.002489292430669,-0.0165356413603205,0.0014541594497536
RF,FTSE,1,2022-07-01,2023-07-01,2023-04-21,3221,8.976401270040293,0.0039488032183303,-0.0030611138121899,-0.0160105563375072,-0.0002400943136056
RF,FTSE,1,2022-07-01,2023-07-01,2023-04-24,3222,8.976161175726688,-0.0007529298020845,-0.0032670906595492,-0.026847949863999,-0.0026703422453966
RF,FTSE,1,2022-07-01,2023-07-01,2023-04-25,3223,8.973490833481291,-0.0031609890920716,-0.0035254256053594,-0.014384905540643,-0.0048908549155743
RF,FTSE,1,2022-07-01,2023-07-01,2023-04-26,3224,8.968599978565717,-0.00469119127861,-0.0046261832991039,-0.0113341418230543,-0.0026778557130846
RF,FTSE,1,2022-07-01,2023-07-01,2023-04-27,3225,8.965922122852632,-0.0060673673761808,-0.0048315718447936,-0.0115972369459402,0.004967466942336
RF,FTSE,1,2022-07-01,2023-07-01,2023-04-28,3226,8.970889589794968,-0.0085664928042739,-0.0049491448696739,-0.0179478189296737,-0.012478120564749
RF,FTSE,1,2022-07-01,2023-07-01,2023-05-02,3227,8.958411469230219,-0.0085908543138959,-0.0077927802371961,-0.0023699619825698,0.001979244472567
RF,FTSE,1,2022-07-01,2023-07-01,2023-05-03,3228,8.960390713702786,-0.0081923037747841,-0.008065667471687,-0.001374744945652,-0.0110774878400974
RF,FTSE,1,2022-07-01,2023-07-01,2023-05-04,3229,8.949313225862689,-0.0071436075438988,-0.0099584466925015,0.006276834495706,0.0097927020779593
RF,FTSE,1,2022-07-01,2023-07-01,2023-05-05,3230,8.959105927940648,-0.0080524943626461,-0.0101931893925463,-0.0071218377453554,-0.0018400911979856
RF,FTSE,1,2022-07-01,2023-07-01,2023-05-09,3231,8.957265836742662,-0.0079859262262207,-0.0095179108020772,-0.0028117819054092,-0.0029409508359705
RF,FTSE,1,2022-07-01,2023-07-01,2023-05-10,3232,8.954324885906692,-0.0069486186912008,-0.0104357211667173,0.002013150329688,-0.0013831150413974
RF,FTSE,1,2022-07-01,2023-07-01,2023-05-11,3233,8.952941770865294,-0.0052335841630846,-0.0113404832598837,0.0052123643439472,0.0030997363823548
RF,FTSE,1,2022-07-01,2023-07-01,2023-05-12,3234,8.95604150724765,-0.0043142841279006,-0.011456807030873,0.0010826291580308,0.0029744615094848
RF,FTSE,1,2022-07-01,2023-07-01,2023-05-15,3235,8.959015968757134,-0.0058732857292262,-0.0116677804952369,-0.0195529825599329,-0.0034259083987393
RF,FTSE,1,2022-07-01,2023-07-01,2023-05-16,3236,8.955590060358395,-0.0076460720596696,-0.0114715120147104,-0.023522843536023,-0.0036059701631021
RF,FTSE,1,2022-07-01,2023-07-01,2023-05-17,3237,8.951984090195293,-0.0080271268364029,-0.0115532295018287,-0.0125079801373662,0.0024699646419605
RF,FTSE,1,2022-07-01,2023-07-01,2023-05-18,3238,8.954454054837253,-0.0100872361275516,-0.0114446618853628,-0.0288534085761504,0.0018839813991267
RF,FTSE,1,2022-07-01,2023-07-01,2023-05-19,3239,8.95633803623638,-0.0135302578959741,-0.0113853348767835,-0.0408923387492663,0.0018160989728617
RF,FTSE,1,2022-07-01,2023-07-01,2023-05-22,3240,8.958154135209242,-0.0169177538223337,-0.0109054812548582,-0.0367900321709449,-0.0010299988035615
RF,FTSE,1,2022-07-01,2023-07-01,2023-05-23,3241,8.95712413640568,-0.0182592703323916,-0.0097975123665606,-0.0202605705000369,-0.0176611502084789
RF,FTSE,1,2022-07-01,2023-07-01,2023-05-24,3242,8.939462986197201,-0.017706683072916,-0.0116008310420863,-0.0035594599227781,-0.0073957693748294
RF,FTSE,1,2022-07-01,2023-07-01,2023-05-25,3243,8.932067216822372,-0.0157805672232953,-0.0123494220103748,0.0075268722104038,0.0074088932355547
RF,FTSE,1,2022-07-01,2023-07-01,2023-05-26,3244,8.939476110057926,-0.0145529507757036,-0.0095249270884593,-0.0003803416922867,-0.0138754637968236
RF,FTSE,1,2022-07-01,2023-07-01,2023-05-30,3245,8.925600646261103,-0.0125649468741375,-0.0103882989982118,0.0102634312500295,-0.0101549487739891
RF,FTSE,1,2022-07-01,2023-07-01,2023-05-31,3246,8.915445697487113,-0.0102571054548867,-0.0117076960832032,0.0154981687106676,0.0059184055511831
RF,FTSE,1,2022-07-01,2023-07-01,2023-06-01,3247,8.921364103038297,-0.0080679286740785,-0.0097746517582874,0.010676735193968,0.0154994628673463
RF,FTSE,1,2022-07-01,2023-07-01,2023-06-02,3248,8.936863565905643,-0.0069932608568255,-0.0089503722710914,-0.0016445100529924,-0.0009600396312201
RF,FTSE,1,2022-07-01,2023-07-01,2023-06-05,3249,8.935903526274423,-0.0055937194918715,-0.0070587393328162,0.0003552257567669,0.0036905627583525
RF,FTSE,1,2022-07-01,2023-07-01,2023-06-06,3250,8.939594089032775,-0.0040748145471596,-0.0059204100072929,2.6180099178318983e-05,-0.0004983206671358
RF,FTSE,1,2022-07-01,2023-07-01,2023-06-07,3251,8.93909576836564,-0.0023083640586207,-0.005941221430542,0.0024104800595381,-0.0032316908545073
RF,FTSE,1,2022-07-01,2023-07-01,2023-06-08,3252,8.935864077511132,-0.0017343914681209,-0.005784689519034,-0.0014748551110308,-0.004920211313351
RF,FTSE,1,2022-07-01,2023-07-01,2023-06-09,3253,8.930943866197781,-0.0009410211214468,-0.0065626366579665,0.0009119798774186,0.0010969720344835
RF,FTSE,1,2022-07-01,2023-07-01,2023-06-12,3254,8.932040838232265,-0.0006427482496818,-0.0062665756203741,-0.0015201689261274,0.0031782176203858
RF,FTSE,1,2022-07-01,2023-07-01,2023-06-13,3255,8.93521905585265,-0.002234194186121,-0.0058625862847717,-0.0122941252108184,0.0010396961785392
RF,FTSE,1,2022-07-01,2023-07-01,2023-06-14,3256,8.93625875203119,-0.0048086923668773,-0.0057660701509223,-0.0186934126601148,0.0033615171007639
RF,FTSE,1,2022-07-01,2023-07-01,2023-06-15,3257,8.939620269131954,-0.0080480652452656,-0.0051570608824446,-0.0231678398938477,0.0018859792932239
RF,FTSE,1,2022-07-01,2023-07-01,2023-06-16,3258,8.941506248425178,-0.0111784807365822,-0.0048839344618133,-0.0239945030536556,-0.0071170260250763
RF,FTSE,1,2022-07-01,2023-07-01,2023-06-19,3259,8.934389222400101,-0.011547979503188,-0.0068226656780951,-0.011664258431157,-0.0025333763249015
RF,FTSE,1,2022-07-01,2023-07-01,2023-06-20,3260,8.9318558460752,-0.0121097991252607,-0.0064213930081343,-0.0129779907251812,-0.0013351767690625
RF,FTSE,1,2022-07-01,2023-07-01,2023-06-21,3261,8.930520669306137,-0.0110626866234149,-0.0059878036366346,-0.0036711651632668,-0.007595738664305
RF,FTSE,2,2023-07-01,2024-07-01,2023-07-03,3269,8.926291664809604,-0.0142375707968245,-0.0052255250400933,-0.0148830601285396,-0.0010101163050677
RF,FTSE,2,2023-07-01,2024-07-01,2023-07-04,3270,8.925281548504536,-0.0149221491315252,-0.0058818809565466,-0.0106285130673011,-0.0103731893180594
RF,FTSE,2,2023-07-01,2024-07-01,2023-07-05,3271,8.914908359186477,-0.0136966356113017,-0.0090818041740445,-0.0010082882005999,-0.0219535390355165
RF,FTSE,2,2023-07-01,2024-07-01,2023-07-06,3272,8.89295482015096,-0.0115820511118478,-0.013298366802483,0.0171449369406584,-0.0032468142236012
RF,FTSE,2,2023-07-01,2024-07-01,2023-07-07,3273,8.889708005927359,-0.0079537043535644,-0.0137864054919098,0.026757852658017,0.0023260972017258
RF,FTSE,2,2023-07-01,2024-07-01,2023-07-10,3274,8.892034103129085,-0.0029233255458702,-0.0132152783657924,0.0423156107238771,0.0011953857045057
RF,FTSE,2,2023-07-01,2024-07-01,2023-07-11,3275,8.89322948883359,0.003097241171666,-0.0148360192140501,0.0487215168432548,0.0181791158474737
RF,FTSE,2,2023-07-01,2024-07-01,2023-07-12,3276,8.911408604681064,0.0076658351955956,-0.0122013120106514,0.0328415956387839,0.0032444307561707
RF,FTSE,2,2023-07-01,2024-07-01,2023-07-13,3277,8.914653035437235,0.0121857790298562,-0.0095598495420085,0.0315394951386469,-0.0007529644513581
RF,FTSE,2,2023-07-01,2024-07-01,2023-07-14,3278,8.913900070985877,0.0168303690007984,-0.0079201363597585,0.0340100089524177,-0.0038003138942581
RF,FTSE,2,2023-07-01,2024-07-01,2023-07-17,3279,8.910099757091618,0.021317768795253,-0.005833566731105,0.0358713290090655,0.0063661014937572
RF,FTSE,2,2023-07-01,2024-07-01,2023-07-18,3280,8.916465858585376,0.0249217946390523,-0.0046511357178893,0.0315742214864034,0.0178838552675859
RF,FTSE,2,2023-07-01,2024-07-01,2023-07-19,3281,8.934349713852962,0.0268482134140999,-0.0027375258834542,0.0138853347369689,0.0076012918238834
RF,FTSE,2,2023-07-01,2024-07-01,2023-07-20,3282,8.941951005676845,0.0274811408163397,-0.0017242829137072,0.006946664367307,0.0022991946430028
RF,FTSE,2,2023-07-01,2024-07-01,2023-07-21,3283,8.944250200319848,0.0261981193566054,-0.001470407303805,0.000339153215906,0.0019423302560337
RF,FTSE,2,2023-07-01,2024-07-01,2023-07-24,3284,8.946192530575882,0.0220526848920403,-0.0007954834594493,-0.0153544306685322,0.0017175493624126
RF,FTSE,2,2023-07-01,2024-07-01,2023-07-25,3285,8.947910079938294,0.0168285658618287,-0.0011365799359682,-0.0213659805476016,-0.0019389938376104
RF,FTSE,2,2023-07-01,2024-07-01,2023-07-26,3286,8.945971086100684,0.0126116462502672,-0.0013700777491686,-0.0147627885575456,0.0020689939710951
RF,FTSE,2,2023-07-01,2024-07-01,2023-07-27,3287,8.94804008007178,0.0079392523652721,-0.0008453875705858,-0.0181413888918839,0.0001949685181514
RF,FTSE,2,2023-07-01,2024-07-01,2023-07-28,3288,8.94823504858993,0.002894014421054,-0.0011415185043956,-0.0219300859187683,0.0006626214542215
RF,FTSE,2,2023-07-01,2024-07-01,2023-07-31,3289,8.948897670044152,-0.0004589195201933,-0.00081528953812,-0.014666619909164,-0.0043083165083981
RF,FTSE,2,2023-07-01,2024-07-01,2023-08-01,3290,8.944589353535754,-0.0019521598139267,-0.000659988622448,-0.0062414359509261,-0.0137512536284045
RF,FTSE,2,2023-07-01,2024-07-01,2023-08-02,3291,8.93083809990735,-0.0028051113035107,-0.005813674303137,-0.0049583022762753,-0.0042940005166567
RF,FTSE,2,2023-07-01,2024-07-01,2023-08-03,3292,8.926544099390693,-0.0033418511999965,-0.0056037526391174,-0.0029262343549003,0.0046641981524455
RF,FTSE,2,2023-07-01,2024-07-01,2023-08-04,3293,8.931208297543138,-0.0056374750996273,-0.0029825840114954,-0.0233793990493751,-0.0013096063632431
RF,FTSE,2,2023-07-01,2024-07-01,2023-08-07,3294,8.929898691179895,-0.0083215153353979,-0.001718571945183,-0.0265047771110538,-0.0035937285087328
RF,FTSE,2,2023-07-01,2024-07-01,2023-08-08,3295,8.926304962671162,-0.0111669686975837,-0.0017107677456824,-0.0292790238026832,0.0079260874638258
RF,FTSE,2,2023-07-01,2024-07-01,2023-08-09,3296,8.934231050134988,-0.0161994970912431,-0.0013274690676849,-0.0437654318796152,0.0041168674498397
RF,FTSE,2,2023-07-01,2024-07-01,2023-08-10,3297,8.938347917584828,-0.0219689006619319,-0.0010013661252592,-0.0485159129026797,-0.0124681199537537
RF,FTSE,2,2023-07-01,2024-07-01,2023-08-11,3298,8.925879797631074,-0.0255823818204881,-0.0050981543162064,-0.0342582187547186,-0.0022619325952817
RF,FTSE,2,2023-07-01,2024-07-01,2023-08-14,3299,8.923617865035792,-0.0272019384835289,-0.0051596690153479,-0.0251839544022551,-0.0157889665420292
RF,FTSE,2,2023-07-01,2024-07-01,2023-08-15,3300,8.907828898493763,-0.0271162076577429,-0.0075547885365827,-0.0076070785299204,-0.0044349844249218
RF,FTSE,2,2023-07-01,2024-07-01,2023-08-16,3301,8.903393914068841,-0.0258896416681295,-0.008061294935278,-0.0024905330402642,-0.0063679752003622
RF,FTSE,2,2023-07-01,2024-07-01,2023-08-17,3302,8.89702593886848,-0.0215476877190496,-0.0097253738675552,0.0209547711048116,-0.0065603206131061
RF,FTSE,2,2023-07-01,2024-07-01,2023-08-18,3303,8.890465618255373,-0.0159986984818409,-0.0124179936546452,0.0286798779687167,-0.0006336135732247
RF,FTSE,2,2023-07-01,2024-07-01,2023-08-21,3304,8.889832004682148,-0.0107373465542988,-0.0130018960442017,0.0246731612132951,0.0017895741942073
RF,FTSE,2,2023-07-01,2024-07-01,2023-08-22,3305,8.891621578876356,-0.0052345397579358,-0.0130196838217413,0.0262921496172889,0.0068123317571817
RF,FTSE,2,2023-07-01,2024-07-01,2023-08-23,3306,8.898433910633537,-0.0013879542494414,-0.0129045083656308,0.0179111428498899,0.0017879093303054
RF,FTSE,2,2023-07-01,2024-07-01,2023-08-24,3307,8.900221819963843,0.0016494008758378,-0.0124645687268407,0.0141219968269279,0.0006815610647343
RF,FTSE,2,2023-07-01,2024-07-01,2023-08-25,3308,8.900903381028577,0.0040510533159228,-0.0117070615368535,0.0118527329680269,0.0170773289447137
RF,FTSE,2,2023-07-01,2024-07-01,2023-08-29,3309,8.91798070997329,0.0045748874090563,-0.0106241237310313,-0.0031260873777352,0.0011647862507988
RF,FTSE,2,2023-07-01,2024-07-01,2023-08-30,3310,8.91914549622409,0.0054592483007755,-0.0090255719012679,0.0006019301919213,-0.0046403303286464
RF,FTSE,2,2023-07-01,2024-07-01,2023-08-31,3311,8.914505165895443,0.00714807960248,-0.0078643439657951,0.00773970182364,0.0034085625982012
RF,FTSE,2,2023-07-01,2024-07-01,2023-09-01,3312,8.917913728493644,0.0087032884732423,-0.0061293785863848,0.0084045318622436,-0.0015686750102172
RF,FTSE,2,2023-07-01,2024-07-01,2023-09-04,3313,8.916345053483427,0.0101230162164558,-0.0055668073444962,0.0097739176699551,-0.0020012366926565
RF,FTSE,2,2023-07-01,2024-07-01,2023-09-05,3314,8.91434381679077,0.0123653036643833,-0.0043179718705056,0.031132180741169,-0.0015877027941666
RF,FTSE,2,2023-07-01,2024-07-01,2023-09-06,3315,8.912756113996604,0.0155566266841731,-0.0025698549984859,0.0376989057733787,0.0020985085989515
RF,FTSE,2,2023-07-01,2024-07-01,2023-09-07,3316,8.914854622595556,0.0174692849536413,-0.0013129915378716,0.0279853045971076,0.0048928038204554
RF,FTSE,2,2023-07-01,2024-07-01,2023-09-08,3317,8.919747426416011,0.0187864635086292,-0.0006701166435254,0.0240459711353988,0.0024974413030722
RF,FTSE,2,2023-07-01,2024-07-01,2023-09-11,3318,8.922244867719083,0.0206001053007671,0.0001772256294781,0.0308391973246013,0.0040733926368048
RF,FTSE,2,2023-07-01,2024-07-01,2023-09-12,3319,8.926318260355888,0.0208389166525684,0.0010089101015053,0.0198742702199936,-0.0001992892025057
RF,FTSE,2,2023-07-01,2024-07-01,2023-09-13,3320,8.926118971153382,0.0213115874988094,0.0007621356633898,0.0207635258859983,0.0193570263785574
RF,FTSE,2,2023-07-01,2024-07-01,2023-09-14,3321,8.94547599753194,0.0198184171565962,0.0010336055077935,-0.0064195521979009,0.004979022238043
RF,FTSE,2,2023-07-01,2024-07-01,2023-09-15,3322,8.950455019769983,0.0174166091573937,0.0012435647392461,-0.0111755936169419,-0.0076150925773195
RF,FTSE,2,2023-07-01,2024-07-01,2023-09-18,3323,8.942839927192663,0.0149734837320369,-0.0023211623248448,-0.0078315125542491,0.0009534703587465
RF,FTSE,2,2023-07-01,2024-07-01,2023-09-19,3324,8.94379339755141,0.0123204502141476,-0.0009368372762769,-0.0076399153680757,0.0092906674922748
RF,FTSE,2,2023-07-01,2024-07-01,2023-09-20,3325,8.953084065043685,0.0087824184492006,-5.814842041683694e-05,-0.01611530401013,-0.0068915344678028
RF,FTSE,2,2023-07-01,2024-07-01,2023-09-21,3326,8.946192530575882,0.0046928867923892,-0.002162327173094,-0.0221085551022355,0.0006899664634989
RF,FTSE,2,2023-07-01,2024-07-01,2023-09-22,3327,8.94688249703938,-0.000236297159418,-0.0011290239844086,-0.0282054193636636,-0.0078260517053418
RF,FTSE,2,2023-07-01,2024-07-01,2023-09-25,3328,8.939056445334039,-0.0046826529129724,-0.0030248992013845,-0.0281334020280574,0.0002229808190019
RF,FTSE,2,2023-07-01,2024-07-01,2023-09-26,3329,8.93927942615304,-0.0081530758595036,-0.0014649357434679,-0.0231087927641926,-0.0042710115146267
RF,FTSE,2,2023-07-01,2024-07-01,2023-09-27,3330,8.935008414638414,-0.0097761529233899,-0.0010128967743356,-0.0130703614082801,0.00114506754492
RF,FTSE,2,2023-07-01,2024-07-01,2023-09-28,3331,8.936153482183334,-0.0114730824322553,-0.0010463464373178,-0.0145356977654014,0.0008152788502204
RF,FTSE,2,2023-07-01,2024-07-01,2023-09-29,3332,8.936968761033555,-0.010712379124282,-0.0007409234753802,0.0026384501394947,-0.0128847855599083
RF,FTSE,2,2023-07-01,2024-07-01,2023-10-02,3333,8.924083975473646,-0.0083874588361556,-0.0045611184709072,0.0144476732070462,-0.0054068977979291
RF,FTSE,2,2023-07-01,2024-07-01,2023-10-03,3334,8.918677077675717,-0.0047708120455656,-0.0058402658497745,0.0231038539073615,-0.0077540343697357
RF,FTSE,2,2023-07-01,2024-07-01,2023-10-04,3335,8.910923043305981,-0.0010853570072839,-0.006390105953369,0.0249278628545859,0.0052475900828667
RF,FTSE,2,2023-07-01,2024-07-01,2023-10-05,3336,8.916170633388848,0.0023531989689615,-0.0058428767665282,0.0237511375552799,0.0057674198412858
RF,FTSE,2,2023-07-01,2024-07-01,2023-10-06,3337,8.921938053230134,0.0056092310297923,-0.0056950764312691,0.0238116029648853,-0.0003202688122012
RF,FTSE,2,2023-07-01,2024-07-01,2023-10-09,3338,8.921617784417933,0.0071137558549683,-0.0066838565867803,0.0127055466369725,0.0179894267551166
RF,FTSE,2,2023-07-01,2024-07-01,2023-10-10,3339,8.93960721117305,0.0048081538614113,-0.0077425343837038,-0.0170155805376346,-0.0010755624923568
RF,FTSE,2,2023-07-01,2024-07-01,2023-10-11,3340,8.938531648680692,0.0013470396246901,-0.0088758292839331,-0.029012612770602,0.0032492829023862
RF,FTSE,2,2023-07-01,2024-07-01,2023-10-12,3341,8.941780931583079,-0.0031965663220088,-0.0093792495683134,-0.035956895870612,-0.0059300254225114
RF,FTSE,2,2023-07-01,2024-07-01,2023-10-13,3342,8.935850906160567,-0.0067796880084625,-0.0105418820689393,-0.0280084620111544,0.0040708647835607
RF,FTSE,2,2023-07-01,2024-07-01,2023-10-16,3343,8.939921770944128,-0.010427076275679,-0.0106828230509373,-0.0287559504077208,0.0058278852508912
RF,FTSE,2,2023-07-01,2024-07-01,2023-10-17,3344,8.94574965619502,-0.0157266989173638,-0.0105047580503026,-0.042668396132397,-0.0114263251401141
RF,FTSE,2,2023-07-01,2024-07-01,2023-10-18,3345,8.934323331054905,-0.0200264544966515,-0.0129061962394457,-0.0398862222629166,-0.0117317004194905
RF,FTSE,2,2023-07-01,2024-07-01,2023-10-19,3346,8.922591630635415,-0.0220335498378645,-0.0149750242398249,-0.0232156186904148,-0.0130725947253242
RF,FTSE,2,2023-07-01,2024-07-01,2023-10-20,3347,8.90951903591009,-0.0227937154967268,-0.015971788347825,-0.010921188805371,-0.0036950001976236
RF,FTSE,2,2023-07-01,2024-07-01,2023-10-23,3348,8.905824035712467,-0.0221668780762573,-0.0153713442106039,-0.0044030053722146,0.0020184084369461
RF,FTSE,2,2023-07-01,2024-07-01,2023-10-24,3349,8.907842444149413,-0.019356097836491,-0.0139745511804746,0.0076569581765095,0.0033233763869944
RF,FTSE,2,2023-07-01,2024-07-01,2023-10-25,3350,8.911165820536407,-0.0173719233569897,-0.0132088540717051,0.0004585208582223,-0.0080845604737849
RF,FTSE,2,2023-07-01,2024-07-01,2023-10-26,3351,8.903081260062622,-0.0143157516419609,-0.0143979152663129,0.0085565098480682,-0.0086441512706336
RF,FTSE,2,2023-07-01,2024-07-01,2023-10-27,3352,8.894437108791989,-0.0104345203214357,-0.0155553992894489,0.0161486094981437,0.0049389031530111
RF,FTSE,2,2023-07-01,2024-07-01,2023-10-30,3353,8.899376011945,-0.0075042531057878,-0.0143581707710152,0.0100889969806754,-0.0007781648402804
RF,FTSE,2,2023-07-01,2024-07-01,2023-10-31,3354,8.89859784710472,-0.0033899612757988,-0.0133177540685051,0.0181362985961133,0.0028231832355327
RF,FTSE,2,2023-07-01,2024-07-01,2023-11-01,3355,8.901421030340252,-0.0020675330197068,-0.0128446019156549,0.0024757130665147,0.0140783719856703
RF,FTSE,2,2023-07-01,2024-07-01,2023-11-02,3356,8.915499402325922,-0.0017915977478875,-0.0114517294468325,-0.0027837266531385,-0.0038750609312927
RF,FTSE,2,2023-07-01,2024-07-01,2023-11-03,3357,8.91162434139463,-0.0007458165093421,-0.0109928953006743,0.0030689884754746,1.3428516060898232e-05
RF,FTSE,2,2023-07-01,2024-07-01,2023-11-06,3358,8.91163776991069,0.0010382570586244,-0.0096334672053967,0.009272322702607,-0.0010520516205581
RF,FTSE,2,2023-07-01,2024-07-01,2023-11-07,3359,8.910585718290132,0.0012556884272107,-0.0086732544881433,0.0001349436612265,-0.0011207093644571
RF,FTSE,2,2023-07-01,2024-07-01,2023-11-08,3360,8.909465008925675,0.0029397572973337,-0.0075051945459537,0.0137664336125524,0.0072691367751573
RF,FTSE,2,2023-07-01,2024-07-01,2023-11-09,3361,8.916734145700833,0.0034146066572002,-0.0060510202777887,0.0054440255596048,-0.0128374022940658
RF,FTSE,2,2023-07-01,2024-07-01,2023-11-10,3362,8.903896743406767,0.0057490011986836,-0.0077458905408849,0.0163586715013241,0.008818932266017
RF,FTSE,2,2023-07-01,2024-07-01,2023-11-13,3363,8.912715675672784,0.006604395583027,-0.0058039782796566,0.0058676658095873,0.0019776541973204
RF,FTSE,2,2023-07-01,2024-07-01,2023-11-14,3364,8.914693329870104,0.0073319652589454,-0.0019004887250524,0.0057759217905264,0.0062167627431932
RF,FTSE,2,2023-07-01,2024-07-01,2023-11-15,3365,8.920910092613298,0.007184087009584,-0.0006044058226654,0.0001736606718534,-0.0101894306619385
RF,FTSE,2,2023-07-01,2024-07-01,2023-11-16,3366,8.910720661951359,0.0078218056956185,-0.0034534993571538,0.0066838868033372,0.0125107805868687
RF,FTSE,2,2023-07-01,2024-07-01,2023-11-17,3367,8.923231442538228,0.0068405030215732,-0.0016069585763342,-0.0065643618686248,-0.0010532712777902
RF,FTSE,2,2023-07-01,2024-07-01,2023-11-20,3368,8.922178171260438,0.004983560353116,-0.0002892975690586,-0.0097722482003863,-0.0019227563523465
RF,FTSE,2,2023-07-01,2024-07-01,2023-11-21,3369,8.920255414908091,0.0041203420704221,0.0009144980983615,-0.0037761926634836,-0.0016720734257198
RF,FTSE,2,2023-07-01,2024-07-01,2023-11-22,3370,8.918583341482371,0.0049436891397682,0.0012914527925164,0.007987281891955,0.0018859101782595
RF,FTSE,2,2023-07-01,2024-07-01,2023-11-23,3371,8.92046925166063,0.0050501317317053,0.0008600853956064,0.0039208807085291,0.0006145016245202
RF,FTSE,2,2023-07-01,2024-07-01,2023-11-24,3372,8.921083753285151,0.0044675934605606,0.0015122420264974,0.0002135945227781,-0.0036792045304547
RF,FTSE,2,2023-07-01,2024-07-01,2023-11-27,3373,8.917404548754696,0.0051796586897605,0.0016364205592446,0.0073049659012998,-0.0007374680850933
RF,FTSE,2,2023-07-01,2024-07-01,2023-11-28,3374,8.916667080669603,0.0059162554089695,0.0014030124965629,0.0078162451889998,-0.0042611576095517
RF,FTSE,2,2023-07-01,2024-07-01,2023-11-29,3375,8.912405923060051,0.0082971247089513,0.0004636822181541,0.017492768119844,0.0040732991845562
RF,FTSE,2,2023-07-01,2024-07-01,2023-11-30,3376,8.916479222244607,0.009433810385941,0.0019944831383955,0.012147882115693,0.0100914011297188
RF,FTSE,2,2023-07-01,2024-07-01,2023-12-01,3377,8.926570623374326,0.0088641108201663,0.0017361011989046,0.0017780955845427,-0.0021804910051663
RF,FTSE,2,2023-07-01,2024-07-01,2023-12-04,3378,8.92439013236916,0.0086753376722885,0.0009326621039543,0.0047007539484358,-0.0030927845612307
RF,FTSE,2,2023-07-01,2024-07-01,2023-12-05,3379,8.92129734780793,0.01050570186068,0.0007951896981619,0.0210328515139366,0.0034121668480668
RF,FTSE,2,2023-07-01,2024-07-01,2023-12-06,3380,8.924709514655996,0.0103942436649848,0.0009506091227014,0.0080839042370577,-0.0002261887973933
RF,FTSE,2,2023-07-01,2024-07-01,2023-12-07,3381,8.924483325858603,0.0109787503168448,0.0010161722439625,0.0133262774331424,0.0054153653212924
RF,FTSE,2,2023-07-01,2024-07-01,2023-12-08,3382,8.929898691179895,0.0110962863031325,0.0002248260575225,0.0109923766055661,-0.0012715868195947
RF,FTSE,2,2023-07-01,2024-07-01,2023-12-11,3383,8.9286271043603,0.0126279204667341,-0.0004691741532608,0.0223854139742751,-0.0002783854014314
RF,FTSE,2,2023-07-01,2024-07-01,2023-12-12,3384,8.928348718958869,0.0139664447783065,-0.0007230129364968,0.0199383655820781,0.0007421673587266
RF,FTSE,2,2023-07-01,2024-07-01,2023-12-13,3385,8.929090886317596,0.0152457370009422,-0.0009872283076407,0.0195599934810601,0.01323931300427
RF,FTSE,2,2023-07-01,2024-07-01,2023-12-14,3386,8.942330199321866,0.0154683699753377,-0.0015279468438626,0.0098869024440801,-0.009536780428812
RF,FTSE,2,2023-07-01,2024-07-01,2023-12-15,3387,8.932793418893054,0.0167719965934285,-0.0044078896861281,0.0191259292040086,0.0050161843986913
RF,FTSE,2,2023-07-01,2024-07-01,2023-12-18,3388,8.937809603291745,0.0174554597631058,-0.0045541140750972,0.0154684494229631,0.0030814644937162
RF,FTSE,2,2023-07-01,2024-07-01,2023-12-19,3389,8.940891067785461,0.0171269998228567,-0.0038211563650574,0.0108728568775937,0.0101214505491142
RF,FTSE,2,2023-07-01,2024-07-01,2023-12-20,3390,8.951012518334576,0.0145403612949142,-0.0042563456672558,-0.0043382832848273,-0.0027254337936284
RF,FTSE,2,2023-07-01,2024-07-01,2023-12-21,3391,8.948287084540947,0.0132489047365194,-0.004274621909443,0.0036840449253219,0.0003637952577086
RF,FTSE,2,2023-07-01,2024-07-01,2023-12-22,3392,8.948650879798656,0.0110157229091072,-0.0049680108955559,-0.0010268215567226,0.00356622196729
RF,FTSE,2,2023-07-01,2024-07-01,2023-12-27,3393,8.952217101765946,0.008360927024487,-0.0051989193254203,-0.0039949991259131,-0.0002977536688835
RF,FTSE,2,2023-07-01,2024-07-01,2023-12-28,3394,8.951919348097062,0.0056144126362056,-0.0054369073239674,-0.0050238242086155,0.0013587046176457
RF,FTSE,2,2023-07-01,2024-07-01,2023-12-29,3395,8.953278052714708,0.0021220282287011,-0.005958325297436,-0.0105818849788388,-0.001514128051653
RF,FTSE,2,2023-07-01,2024-07-01,2024-01-02,3396,8.951763924663055,-0.0015737403134217,-0.0066230855191778,-0.0189440825782227,-0.0050896896133068
RF,FTSE,2,2023-07-01,2024-07-01,2024-01-03,3397,8.946674235049748,-0.0029418045807734,-0.0076751976604684,-0.0074997612217782,0.0052968944165208
RF,FTSE,2,2023-07-01,2024-07-01,2024-01-04,3398,8.95197112946627,-0.0058583029873311,-0.007581010824802,-0.0167388939381556,-0.0043470712243358
RF,FTSE,2,2023-07-01,2024-07-01,2024-01-05,3399,8.947624058241933,-0.0084637016367423,-0.0082368010902245,-0.0172225079205574,0.0005980443980995
RF,FTSE,2,2023-07-01,2024-07-01,2024-01-08,3400,8.948222102640033,-0.0114713331236071,-0.0087036815330268,-0.0327495851598254,-0.0013265787515859
RF,FTSE,2,2023-07-01,2024-07-01,2024-01-09,3401,8.946895523888447,-0.014219098911532,-0.0093575740550145,-0.0297054683080499,-0.0041993561525774
RF,FTSE,2,2023-07-01,2024-07-01,2024-01-10,3402,8.94269616773587,-0.0163109293779228,-0.0098571674304056,-0.0251308283647944,-0.009876325651037
RF,FTSE,2,2023-07-01,2024-07-01,2024-01-11,3403,8.932819842084832,-0.0169987530364679,-0.0123184227100085,-0.0118028627481105,0.0063546317431377
RF,FTSE,2,2023-07-01,2024-07-01,2024-01-12,3404,8.93917447382797,-0.0187034542408675,-0.0117753203978776,-0.0184246348815033,-0.0039422382998566
RF,FTSE,2,2023-07-01,2024-07-01,2024-01-15,3405,8.935232235528114,-0.0184928030401358,-0.0112564180416146,-0.0088873803332436,-0.0048306852067376
RF,FTSE,2,2023-07-01,2024-07-01,2024-01-16,3406,8.930401550321376,-0.0173275176108376,-0.0120494831231343,-0.0037910450195983,-0.0149290328411684
RF,FTSE,2,2023-07-01,2024-07-01,2024-01-17,3407,8.915472517480207,-0.0137844102725406,-0.0148257597706114,0.0250388104541361,0.0017175381001894
RF,FTSE,2,2023-07-01,2024-07-01,2024-01-18,3408,8.917190055580397,-0.0098574752151314,-0.0139973262364133,0.0230068980082691,0.000375283790678
RF,FTSE,2,2023-07-01,2024-07-01,2024-01-19,3409,8.917565339371075,-0.0050024938728263,-0.0131374346629193,0.0270240141646791,0.0034516399656467
RF,FTSE,2,2023-07-01,2024-07-01,2024-01-22,3410,8.921016979336722,-0.0013600030784086,-0.0130472989422299,0.0189047916074063,-0.0002671403902549
RF,FTSE,2,2023-07-01,2024-07-01,2024-01-23,3411,8.920749838946467,0.0021383419759963,-0.0128540242145533,0.0180705075993081,0.005595016248403
RF,FTSE,2,2023-07-01,2024-07-01,2024-01-24,3412,8.92634485519487,0.0042823062580072,-0.0124540417028436,0.0115960678606885,0.0002656501069076
RF,FTSE,2,2023-07-01,2024-07-01,2024-01-25,3413,8.926610505301777,0.0061311522821423,-0.0128442835050909,0.0109889376641874,0.013900822632566
RF,FTSE,2,2023-07-01,2024-07-01,2024-01-26,3414,8.940511327934344,0.0073421341745643,-0.0125767674443385,0.0059936980643389,-0.0003143743456774
RF,FTSE,2,2023-07-01,2024-07-01,2024-01-29,3415,8.940196953588666,0.0070741172156019,-0.0126252904922449,-0.0005111411997393,0.004392399947088
RF,FTSE,2,2023-07-01,2024-07-01,2024-01-30,3416,8.944589353535754,0.0053274596375079,-0.012249493294465,-0.0092781078880364,-0.004667582591626
RF,FTSE,2,2023-07-01,2024-07-01,2024-01-31,3417,8.939921770944128,0.0037600497530121,-0.0122717880845647,-0.0076300095554877,-0.0011014243983531
RF,FTSE,2,2023-07-01,2024-07-01,2024-02-01,3418,8.938820346545775,0.0023534780218668,-0.0110050217006081,-0.0063833222695777,-0.0008794234902165
RF,FTSE,2,2023-07-01,2024-07-01,2024-02-02,3419,8.937940923055558,-9.597011133877233e-05,-0.0096961082589031,-0.0136439928616773,-0.0003414800895935
RF,FTSE,2,2023-07-01,2024-07-01,2024-02-05,3420,8.937599442965965,-0.001112405001109,-0.0087514443075681,-0.0058624924115164,0.0089055830327176
RF,FTSE,2,2023-07-01,2024-07-01,2024-02-06,3421,8.946505025998682,-0.0027242727838476,-0.0066671347939807,-0.0109305012077349,-0.0068192136097557
RF,FTSE,2,2023-07-01,2024-07-01,2024-02-07,3422,8.939685812388927,-0.0016202875709456,-0.0058100720868295,0.0108081480566522,-0.0043745667412089
RF,FTSE,2,2023-07-01,2024-07-01,2024-02-08,3423,8.935311245647718,0.0006733737141626,-0.0052510160351973,0.0173588279446548,-0.0030194842590773
RF,FTSE,2,2023-07-01,2024-07-01,2024-02-09,3424,8.93229176138864,0.0034468430489091,-0.0044638342982586,0.0191742746197025,0.0001452628875568
RF,FTSE,2,2023-07-01,2024-07-01,2024-02-12,3425,8.932437024276197,0.0049953375087294,-0.0042441623392227,0.011656555968269,-0.0081400940823161
RF,FTSE,2,2023-07-01,2024-07-01,2024-02-13,3426,8.924296930193881,0.0081074321903251,-0.0060882211842214,0.0226636618534854,0.0074400203605673
RF,FTSE,2,2023-07-01,2024-07-01,2024-02-14,3427,8.931736950554448,0.0102332081660776,-0.0053029984028498,0.0180564792326993,0.0038375742364991
RF,FTSE,2,2023-07-01,2024-07-01,2024-02-15,3428,8.935574524790947,0.0110928923671576,-0.0045589550008815,0.0113600150838291,0.0149194356546313
RF,FTSE,2,2023-07-01,2024-07-01,2024-02-16,3429,8.950493960445579,0.01035331630362,-0.0043975724612381,-0.003728585577944,0.0021761131467936
RF,FTSE,2,2023-07-01,2024-07-01,2024-02-19,3430,8.952670073592373,0.0077321522453015,-0.0039032902487697,-0.0134824721167596,-0.0012040375840296
RF,FTSE,2,2023-07-01,2024-07-01,2024-02-20,3431,8.951466036008343,0.0051899423672239,-0.004510933025355,-0.0116229117298409,-0.0073724557638765
RF,FTSE,2,2023-07-01,2024-07-01,2024-02-21,3432,8.944093580244466,0.0050279480730761,-0.0068345846809074,0.0026067137601728,0.0028670118029001
RF,FTSE,2,2023-07-01,2024-07-01,2024-02-22,3433,8.946960592047366,0.0034569022636432,-0.0063886444867501,-0.0057684692054831,0.0028328377397812
RF,FTSE,2,2023-07-01,2024-07-01,2024-02-23,3434,8.949793429787148,0.0015846530420695,-0.0067066828060554,-0.0078293328611991,-0.0028588899123711
RF,FTSE,2,2023-07-01,2024-07-01,2024-02-26,3435,8.946934539874777,0.001086575760695,-0.0079144647014682,-0.000650889154059,-0.0001691650071418
RF,FTSE,2,2023-07-01,2024-07-01,2024-02-27,3436,8.946765374867635,0.0009802268990082,-0.0100191981810652,0.0012357323285616,-0.0075777733920219
RF,FTSE,2,2023-07-01,2024-07-01,2024-02-28,3437,8.939187601475613,0.0013626997427298,-0.0114030373378706,0.0045405214999281,0.000655522802889
RF,FTSE,2,2023-07-01,2024-07-01,2024-02-29,3438,8.939843124278502,0.0018944706510151,-0.0110242625847873,0.0051244876328624,0.0068571697261372
RF,FTSE,2,2023-07-01,2024-07-01,2024-03-01,3439,8.94670029400464,0.0027630949064167,-0.0104311975361681,0.0084638918672528,-0.0055081711627558
RF,FTSE,2,2023-07-01,2024-07-01,2024-03-04,3440,8.941192122841883,0.0050727050798631,-0.0110588655502009,0.0171164458559331,0.0007719740840652
RF,FTSE,2,2023-07-01,2024-07-01,2024-03-05,3441,8.941964096925949,0.0065198309183003,-0.0107647259354209,0.012606246132675,0.0043195537947688
RF,FTSE,2,2023-07-01,2024-07-01,2024-03-06,3442,8.946283650720718,0.0067089163765707,-0.0105872178704463,0.0062440697683019,0.0017174564754789
RF,FTSE,2,2023-07-01,2024-07-01,2024-03-07,3443,8.948001107196196,0.006408408712808,-0.01041390322804,0.0039052793327041,-0.0042729842206554
RF,FTSE,2,2023-07-01,2024-07-01,2024-03-08,3444,8.943728122975541,0.0073206882593641,-0.0105803144963292,0.0102091560016095,0.0012394889358233
RF,FTSE,2,2023-07-01,2024-07-01,2024-03-11,3445,8.944967611911364,0.0078539179771439,-0.0106917935860102,0.0088533683055622,0.0101965739605276
RF,FTSE,2,2023-07-01,2024-07-01,2024-03-12,3446,8.955164185871892,0.0084081988933473,-0.0104609562346102,0.0172489041861698,0.0031443828259245
RF,FTSE,2,2023-07-01,2024-07-01,2024-03-13,3447,8.958308568697817,0.0092119018190039,-0.010503278091771,0.0202132202421516,-0.0037382256391929
RF,FTSE,2,2023-07-01,2024-07-01,2024-03-14,3448,8.954570343058624,0.0107998866705933,-0.0106724490857046,0.02227307785793,-0.0020426225696041
RF,FTSE,2,2023-07-01,2024-07-01,2024-03-15,3449,8.95252772048902,0.0131538121984213,-0.0107900402494821,0.0260066895943005,-0.0006213339601188
RF,FTSE,2,2023-07-01,2024-07-01,2024-03-18,3450,8.9519063865289,0.0157220093389707,-0.0104808270900076,0.026754103110786,0.0020308924482499
RF,FTSE,2,2023-07-01,2024-07-01,2024-03-19,3451,8.95393727897715,0.0182109062968525,-0.0106533414835712,0.0273169315089329,-0.0001162987602238
RF,FTSE,2,2023-07-01,2024-07-01,2024-03-20,3452,8.953820980216927,0.0201998392252367,-0.0108462737975014,0.0252302673654991,0.0185921098411352
RF,FTSE,2,2023-07-01,2024-07-01,2024-03-21,3453,8.972413090058062,0.0203352123214539,-0.0109138270630704,0.0069279423350234,0.0061086988819063
RF,FTSE,2,2023-07-01,2024-07-01,2024-03-22,3454,8.978521788939968,0.0202869052311456,-0.0112396886554827,0.0056579727663557,-0.0016783680234144
RF,FTSE,2,2023-07-01,2024-07-01,2024-03-25,3455,8.976843420916554,0.0184242363050923,-0.0113342359300704,-0.0008086402726732,0.0016909891667662
RF,FTSE,2,2023-07-01,2024-07-01,2024-03-26,3456,8.97853441008332,0.0167170782094725,-0.0112626795153752,0.0015748530767574,0.0001260795563666
RF,FTSE,2,2023-07-01,2024-07-01,2024-03-27,3457,8.978660489639687,0.0145468827037902,-0.0112659167265893,0.0003529135995936,0.0025937208463968
RF,FTSE,2,2023-07-01,2024-07-01,2024-03-28,3458,8.981254210486084,0.0125347353384324,-0.0111021189441601,0.0010808352920292,-0.0022029629036577
RF,FTSE,2,2023-07-01,2024-07-01,2024-04-02,3459,8.979051247582426,0.0100871865832878,-0.0112855521280992,-0.001425104509245,0.0002897848106595
RF,FTSE,2,2023-07-01,2024-07-01,2024-04-03,3460,8.979341032393085,0.0094092189734098,-0.011274741124146,0.0073056491771552,0.0048387293132385
RF,FTSE,2,2023-07-01,2024-07-01,2024-04-04,3461,8.984179761706324,0.0073871389070223,-0.0109552255930956,-0.0013047666933747,-0.0081449810624434
RF,FTSE,2,2023-07-01,2024-07-01,2024-04-05,3462,8.97603478064388,0.0057914096367408,-0.0121739969827352,-0.0115438100049178,0.0040744825161969
RF,FTSE,2,2023-07-01,2024-07-01,2024-04-08,3463,8.980109263160077,0.0037061962859201,-0.0110099870055521,-0.0120952619148777,-0.001095859920797
RF,FTSE,2,2023-07-01,2024-07-01,2024-04-09,3464,8.97901340323928,0.0022118905869135,-0.0100422157930218,-0.0072982960305285,0.0033216425388324
RF,FTSE,2,2023-07-01,2024-07-01,2024-04-10,3465,8.982335045778113,0.0003929240876008,-0.0092908966746538,-0.0082361417532865,-0.004708902704932
RF,FTSE,2,2023-07-01,2024-07-01,2024-04-11,3466,8.97762614307318,0.0015640066747923,-0.0105289152896125,0.0125537117080973,0.0090205384970598
RF,FTSE,2,2023-07-01,2024-07-01,2024-04-12,3467,8.98664668157024,0.0014947954923769,-0.0101083990257984,0.0061344931075275,-0.0037716865572914
RF,FTSE,2,2023-07-01,2024-07-01,2024-04-15,3468,8.98287499501295,0.0021500607081907,-0.009136244448423,0.0093591050205965,-0.0183840243739865
RF,FTSE,2,2023-07-01,2024-07-01,2024-04-16,3469,8.964490970638963,0.0047117249754347,-0.0123074352868597,0.0325200209067997,0.003523030606237
RF,FTSE,2,2023-07-01,2024-07-01,2024-04-17,3470,8.9680140012452,0.0081649868449389,-0.0104914571072619,0.0365068634302137,0.0037011059635521
RF,FTSE,2,2023-07-01,2024-07-01,2024-04-18,3471,8.971715107208752,0.0115208694242525,-0.007615911196765,0.0336899331018898,0.0023837968160744
RF,FTSE,2,2023-07-01,2024-07-01,2024-04-19,3472,8.974098904024826,0.0145574672165267,-0.0065899907626825,0.0309501256595225,0.0160809507564518
RF,FTSE,2,2023-07-01,2024-07-01,2024-04-22,3473,8.990179854781278,0.0149388294855512,-0.0061975262409881,0.0120533747565172,0.00260131989649
RF,FTSE,2,2023-07-01,2024-07-01,2024-04-23,3474,8.992781174677768,0.0158435699998324,-0.004973699999314,0.0157122786729093,-0.0005470746442224
RF,FTSE,2,2023-07-01,2024-07-01,2024-04-24,3475,8.992234100033546,0.0173770043720971,-0.0046926270007623,0.0213003209477093,0.0047768915122166
RF,FTSE,2,2023-07-01,2024-07-01,2024-04-25,3476,8.997010991545762,0.0194056921868117,-0.0046282080832703,0.0286490673944168,0.007509873129651
RF,FTSE,2,2023-07-01,2024-07-01,2024-04-26,3477,9.004520864675413,0.0210143968318998,-0.0044960726802108,0.0259868038652069,0.0008841756352282
RF,FTSE,2,2023-07-01,2024-07-01,2024-04-29,3478,9.005405040310642,0.0228058248887261,-0.0046029182432039,0.0283652502570923,-0.0003560106262927
RF,FTSE,2,2023-07-01,2024-07-01,2024-04-30,3479,9.005049029684349,0.0252957165573732,-0.0044942204174422,0.0349536676422506,-0.0028158001465534
RF,FTSE,2,2023-07-01,2024-07-01,2024-05-01,3480,9.002233229537795,0.0277621214402206,-0.0046586937899951,0.0355378770871102,0.0062602238128821
RF,FTSE,2,2023-07-01,2024-07-01,2024-05-02,3481,9.008493453350678,0.0292322962039897,-0.0045194127736392,0.030833140366278,0.0050409676305775
RF,FTSE,2,2023-07-01,2024-07-01,2024-05-03,3482,9.013534420981255,0.0300210258220037,-0.0045063835489171,0.0278901112584133,0.012125637958924
RF,FTSE,2,2023-07-01,2024-07-01,2024-05-07,3483,9.02566005894018,0.0290410090129604,-0.0044959081258116,0.0149235114950627,0.004847609600441
RF,FTSE,2,2023-07-01,2024-07-01,2024-05-08,3484,9.03050766854062,0.0266653108109498,-0.004545578160013,0.007893044319287,0.0032626220271136
RF,FTSE,2,2023-07-01,2024-07-01,2024-05-09,3485,9.033770290567734,0.0237235954128642,-0.004461812519708,0.0050935278393495,0.0062324067588654
RF,FTSE,2,2023-07-01,2024-07-01,2024-05-10,3486,9.0400026973266,0.0197340702984725,-0.0044187862805653,-0.0020533534674633,-0.0022315907016938
RF,FTSE,2,2023-07-01,2024-07-01,2024-05-13,3487,9.037771106624906,0.0153035913073367,-0.0045034808999105,-0.0053261248237888,0.00155548709205
RF,FTSE,2,2023-07-01,2024-07-01,2024-05-14,3488,9.039326593716956,0.0102582275261244,-0.0044272411597658,-0.0106040028054721,0.0020979385227128
RF,FTSE,2,2023-07-01,2024-07-01,2024-05-15,3489,9.041424532239668,0.0047895632547128,-0.0043053808357338,-0.0152955485395764,-0.0008409618044264
RF,FTSE,2,2023-07-01,2024-07-01,2024-05-16,3490,9.040583570435242,-0.0006261095628623,-0.0043932284045642,-0.0221061060780414,-0.0021828575753346
RF,FTSE,2,2023-07-01,2024-07-01,2024-05-17,3491,9.038400712859907,-0.0056685037382404,-0.0045280969110295,-0.0285743700162548,0.0004631055471762
RF,FTSE,2,2023-07-01,2024-07-01,2024-05-20,3492,9.038863818407084,-0.0093934913654489,-0.0043931673980806,-0.0231889237733682,-0.0009144745479474
RF,FTSE,2,2023-07-01,2024-07-01,2024-05-21,3493,9.037949343859136,-0.0116757674916652,-0.0042924635290056,-0.0169067592103981,-0.0055043620580192
RF,FTSE,2,2023-07-01,2024-07-01,2024-05-22,3494,9.032444981801117,-0.0131034298608092,-0.0051056834816302,-0.0129262133145875,-0.0037223908896333
RF,FTSE,2,2023-07-01,2024-07-01,2024-05-23,3495,9.028722590911483,-0.0142974853984565,-0.0052433262414147,-0.0129383133975977,-0.0025936072113914
RF,FTSE,2,2023-07-01,2024-07-01,2024-05-24,3496,9.026128983700092,-0.0145003627853501,-0.004981573384824,-0.0085242068667366,-0.0076515193428914
RF,FTSE,2,2023-07-01,2024-07-01,2024-05-28,3497,9.0184774643572,-0.0129358829955865,-0.0065556303901834,0.0037606512926231,-0.008651121513548
RF,FTSE,2,2023-07-01,2024-07-01,2024-05-29,3498,9.009826342843652,-0.0115204579063412,-0.0077182539469469,0.007584452599227,0.0058485517900628
RF,FTSE,2,2023-07-01,2024-07-01,2024-05-30,3499,9.015674894633715,-0.0113083321153162,-0.00648359839521,-0.0003158775982772,0.0053676900150225
RF,FTSE,2,2023-07-01,2024-07-01,2024-05-31,3500,9.021042584648738,-0.0128261647464107,-0.0055722599314526,-0.015539377475326,-0.0015238161622086
RF,FTSE,2,2023-07-01,2024-07-01,2024-06-03,3501,9.01951876848653,-0.0124485912448566,-0.0052260173290793,-0.0057408755946433,-0.0037344909726435
RF,FTSE,2,2023-07-01,2024-07-01,2024-06-04,3502,9.015784277513886,-0.0122151947771875,-0.00513375648216,-0.0083314770276174,0.0018204993194697
RF,FTSE,2,2023-07-01,2024-07-01,2024-06-05,3503,9.017604776833355,-0.0126266855123997,-0.0049575761971833,-0.0122120230418225,0.0046333388164683
RF,FTSE,2,2023-07-01,2024-07-01,2024-06-06,3504,9.022238115649824,-0.0140819132339107,-0.0047506737103269,-0.0174223989117159,-0.0048273202069442
RF,FTSE,2,2023-07-01,2024-07-01,2024-06-07,3505,9.01741079544288,-0.0134725821657184,-0.0050557508687209,-0.0065829248772288,-0.0020517784074414
RF,FTSE,2,2023-07-01,2024-07-01,2024-06-10,3506,9.015359017035438,-0.0121114078102468,-0.0051216805507705,-0.0028478735026702,-0.0098558098620262
RF,FTSE,2,2023-07-01,2024-07-01,2024-06-11,3507,9.005503207173412,-0.0085041407630885,-0.0070975552168868,0.015188832622357,0.0082746857184741
RF,FTSE,2,2023-07-01,2024-07-01,2024-06-12,3508,9.013777892891886,-0.0070200527255366,-0.0066224628646552,0.0026985885446588,-0.0063250924056177
RF,FTSE,2,2023-07-01,2024-07-01,2024-06-13,3509,9.007452800486268,-0.0038716630884056,-0.0066873697797739,0.0143386177723829,-0.0020600466947353
RF,FTSE,2,2023-07-01,2024-07-01,2024-06-14,3510,9.005392753791533,-0.0011481012117169,-0.0061614142143704,0.0123089996280914,-0.000577037053425
RF,FTSE,2,2023-07-01,2024-07-01,2024-06-17,3511,9.004815716738108,0.0011142026522765,-0.0050496444957951,0.0101543086490956,0.0060121538275428
RF,FTSE,2,2023-07-01,2024-07-01,2024-06-18,3512,9.01082787056565,0.0011386076983725,-0.0050625806641537,-0.0014170925803114,0.0016832729671172
RF,FTSE,2,2023-07-01,2024-07-01,2024-06-19,3513,9.012511143532768,0.0004454357299827,-0.0047944216245868,-0.005009358818782,0.008180896263001
RF,FTSE,2,2023-07-01,2024-07-01,2024-06-20,3514,9.020692039795769,-0.0013681674016332,-0.0047370249582314,-0.0128596294491512,-0.004215558359224
RF,FTSE,2,2023-07-01,2024-07-01,2024-06-21,3515,9.016476481436545,-0.0034169769942256,-0.0048193384624117,-0.0142432518987494,0.0053149368221063
RF,FTSE,3,2024-07-01,2025-07-01,2024-07-01,3521,9.007832410346618,-0.0021098726513972,-0.0060110449020112,0.0032640256396607,-0.0055991808088222
RF,FTSE,3,2024-07-01,2025-07-01,2024-07-02,3522,9.002233229537795,0.0005149475571162,-0.0067660746896826,0.0124936140518894,0.0061256001275573
RF,FTSE,3,2024-07-01,2025-07-01,2024-07-03,3523,9.008358829665353,0.0024100187204041,-0.0061649698984106,0.0099611503797589,0.0085545240853193
RF,FTSE,3,2024-07-01,2025-07-01,2024-07-04,3524,9.016913353750672,0.0014411964890825,-0.0059209080862062,-0.0070992432232923,-0.0045483761941511
RF,FTSE,3,2024-07-01,2025-07-01,2024-07-05,3525,9.01236497755652,0.0007903569714198,-0.0065654341497475,-0.0047652315848765,-0.0012685415702424
RF,FTSE,3,2024-07-01,2025-07-01,2024-07-08,3526,9.011096435986278,0.0007757758718494,-0.0061813952065404,-0.0007325560427702,-0.006575571310865
RF,FTSE,3,2024-07-01,2025-07-01,2024-07-09,3527,9.004520864675413,0.0022119862875538,-0.0070275489231532,0.0079659986928177,0.006575571310865
RF,FTSE,3,2024-07-01,2025-07-01,2024-07-10,3528,9.011096435986278,0.0014117849942749,-0.0065239100850617,-0.0046240637570953,0.0036304076034063
RF,FTSE,3,2024-07-01,2025-07-01,2024-07-11,3529,9.014726843589685,0.0009419547185185,-0.0062532598546004,-0.0029837863317965,0.0035931364554269
RF,FTSE,3,2024-07-01,2025-07-01,2024-07-12,3530,9.018319980045112,-0.0008222675001992,-0.0060285847521979,-0.0104140922502828,-0.008505869517732
RF,FTSE,3,2024-07-01,2025-07-01,2024-07-15,3531,9.00981411052738,-0.0013010260970478,-0.0072557974691212,-0.0035869956298117,-0.0022143645557353
RF,FTSE,3,2024-07-01,2025-07-01,2024-07-16,3532,9.007599745971644,-0.0006244495433378,-0.0066386640014128,0.0026297618718178,0.0027641339718638
RF,FTSE,3,2024-07-01,2025-07-01,2024-07-17,3533,9.010363879943508,0.000938122466902,-0.0063475054239461,0.0119225599625565,0.0021229834247229
RF,FTSE,3,2024-07-01,2025-07-01,2024-07-18,3534,9.012486863368231,0.0023384077646877,-0.0061407344015015,0.0106078953971131,-0.006014491139048
RF,FTSE,3,2024-07-01,2025-07-01,2024-07-19,3535,9.006472372229183,0.0045248780714484,-0.00693656220034,0.0144493650432711,0.0052706850287052
RF,FTSE,3,2024-07-01,2025-07-01,2024-07-22,3536,9.011743057257888,0.0067433130150735,-0.0065028134622899,0.0204271290468156,-0.0038371694630594
RF,FTSE,3,2024-07-01,2025-07-01,2024-07-23,3537,9.007905887794829,0.0081718259952765,-0.0064626397086176,0.0141029504767544,-0.0016787728972609
RF,FTSE,3,2024-07-01,2025-07-01,2024-07-24,3538,9.006227114897568,0.0084723377155686,-0.0063182607252408,0.0025722068391313,0.0040023929458943
RF,FTSE,3,2024-07-01,2025-07-01,2024-07-25,3539,9.010229507843462,0.0068275193767046,-0.0061356303557736,-0.0220081877462376,0.0120569320626024
RF,FTSE,3,2024-07-01,2025-07-01,2024-07-26,3540,9.022286439906065,0.0035501698599009,-0.0060015497004123,-0.031757652003268,0.0008083188592795
RF,FTSE,3,2024-07-01,2025-07-01,2024-07-29,3541,9.023094758765344,0.0014155328051259,-0.0059514859433302,-0.0152500918377889,-0.0021730214928901
RF,FTSE,3,2024-07-01,2025-07-01,2024-07-30,3542,9.020921737272454,-0.0007040738367845,-0.0058714465626692,-0.0157622162363093,0.0112484490322497
RF,FTSE,3,2024-07-01,2025-07-01,2024-07-31,3543,9.032170186304704,-0.0036644745592973,-0.0057706125717044,-0.0241785716802205,-0.0101613480331206
RF,FTSE,3,2024-07-01,2025-07-01,2024-08-01,3544,9.022008838271583,-0.0046520652936212,-0.0076577634300634,-0.0088641194775274,-0.013209516534884
RF,FTSE,3,2024-07-01,2025-07-01,2024-08-02,3545,9.0087993217367,-0.0038708133898843,-0.0099305518883229,0.007373630878579,-0.0205780016394747
RF,FTSE,3,2024-07-01,2025-07-01,2024-08-05,3546,8.988221320097225,-0.0012604073074804,-0.0109693067355648,0.0335097215291479,0.0023074678055721
RF,FTSE,3,2024-07-01,2025-07-01,2024-08-06,3547,8.990528787902797,0.0025532289554028,-0.0091342927178487,0.0391766510046434,0.0173158790247587
RF,FTSE,3,2024-07-01,2025-07-01,2024-08-07,3548,9.007844666927555,0.0043387811176955,-0.0077823324402107,0.0175387254516881,-0.0026851458914105
RF,FTSE,3,2024-07-01,2025-07-01,2024-08-08,3549,9.005159521036145,0.0071224510670653,-0.0077976728919006,0.0256833496199959,0.0028320935883385
RF,FTSE,3,2024-07-01,2025-07-01,2024-08-09,3550,9.007991614624483,0.0080715109568423,-0.0066694642505889,0.012797102841457,0.0051531041695724
RF,FTSE,3,2024-07-01,2025-07-01,2024-08-12,3551,9.013144718794056,0.0086228218543311,-0.0067262647613606,0.0088641194775274,0.0030282338212224
RF,FTSE,3,2024-07-01,2025-07-01,2024-08-13,3552,9.016172952615278,0.0088157688828029,-0.0062219440804172,0.006391011883986,0.0055580890110942
RF,FTSE,3,2024-07-01,2025-07-01,2024-08-14,3553,9.021731041626373,0.0089749995467958,-0.0058781479442283,0.0056235295571482,0.0079743972810675
RF,FTSE,3,2024-07-01,2025-07-01,2024-08-15,3554,9.02970543890744,0.0083817170178761,-0.0059335337552702,-0.0002276884889678,-0.0043220465281965
RF,FTSE,3,2024-07-01,2025-07-01,2024-08-16,3555,9.025383392379243,0.0082201491528657,-0.0063231688276783,0.0039026663855477,0.0054594782768973
RF,FTSE,3,2024-07-01,2025-07-01,2024-08-19,3556,9.03084287065614,0.0079242406027493,-0.0060114975886004,0.0027125423676608,-0.0100541531902003
RF,FTSE,3,2024-07-01,2025-07-01,2024-08-20,3557,9.02078871746594,0.0089984684683752,-0.0079116760157041,0.0124086191238337,0.0012201208056428
RF,FTSE,3,2024-07-01,2025-07-01,2024-08-21,3558,9.022008838271583,0.0094405312524195,-0.0076066341252793,0.0096592866350935,0.000555126227681
RF,FTSE,3,2024-07-01,2025-07-01,2024-08-22,3559,9.022563964499264,0.0083525918316933,-0.0064766952482155,0.0012660900615095,0.0047906066842564
RF,FTSE,3,2024-07-01,2025-07-01,2024-08-23,3560,9.02735457118352,0.0059484804045428,-0.0059695264548013,-0.0070131991655095,0.0021231792349514
RF,FTSE,3,2024-07-01,2025-07-01,2024-08-27,3561,9.029477750418472,0.0027631487380403,-0.0059310042903635,-0.0125158144163801,-0.000191691653681
RF,FTSE,3,2024-07-01,2025-07-01,2024-08-28,3562,9.029286058764791,-0.0010949866647607,-0.0059058104995035,-0.0196552718958411,0.0042693542590104
RF,FTSE,3,2024-07-01,2025-07-01,2024-08-29,3563,9.033555413023802,-0.0033841545802104,-0.0057637276515669,-0.013068918111891,-0.0003580764340274
RF,FTSE,3,2024-07-01,2025-07-01,2024-08-30,3564,9.033197336589774,-0.0063753922531617,-0.0059319834459512,-0.0205764635876413,-0.0015292116830973
RF,FTSE,3,2024-07-01,2025-07-01,2024-09-02,3565,9.031668124906677,-0.0091276582097474,-0.005855900288185,-0.0205228232534171,-0.0078380703459028
RF,FTSE,3,2024-07-01,2025-07-01,2024-09-03,3566,9.023830054560774,-0.0094158196543165,-0.0073493488263216,-0.0069530797973893,-0.0034886825427626
RF,FTSE,3,2024-07-01,2025-07-01,2024-09-04,3567,9.020341372018011,-0.0084274146876861,-0.0068344865207911,0.000423147396436,-0.0033794360159191
RF,FTSE,3,2024-07-01,2025-07-01,2024-09-05,3568,9.016961936002092,-0.0067496118038121,-0.0065256276521363,0.0044431031756673,-0.007331149133142
RF,FTSE,3,2024-07-01,2025-07-01,2024-09-06,3569,9.00963078686895,-0.0035261955806014,-0.0073971399083499,0.0155721142209781,0.0108557080429605
RF,FTSE,3,2024-07-01,2025-07-01,2024-09-09,3570,9.02048649491191,-0.0036544170952339,-0.006863139014754,-0.0020696076103376,-0.0078656219097776
RF,FTSE,3,2024-07-01,2025-07-01,2024-09-10,3571,9.012620873002133,-0.0013731031229564,-0.0077501061571411,0.0148418110053167,-0.0014755713488732
RF,FTSE,3,2024-07-01,2025-07-01,2024-09-11,3572,9.01114530165326,-0.000440961006511,-0.0067828643314674,0.0043959920178568,0.0057316731101249
RF,FTSE,3,2024-07-01,2025-07-01,2024-09-12,3573,9.016876974763385,-5.052496080182323e-06,-0.0064364756734038,0.0022665951259153,0.0038875446510626
RF,FTSE,3,2024-07-01,2025-07-01,2024-09-13,3574,9.020764519414447,0.0001987962177913,-0.0062232017958609,0.0011718114709307,0.0006405197633121
RF,FTSE,3,2024-07-01,2025-07-01,2024-09-16,3575,9.02140503917776,1.9381673359575306e-05,-0.0060265105167874,-0.0011724345752632,0.0037978619121687
RF,FTSE,3,2024-07-01,2025-07-01,2024-09-17,3576,9.025202901089928,-0.0004848875839069,-0.0061086810446804,-0.0030129941591141,-0.0067860137883553
RF,FTSE,3,2024-07-01,2025-07-01,2024-09-18,3577,9.018416887301573,0.0009639093235556,-0.0070107080913304,0.0080967722645475,0.0090457967058767
RF,FTSE,3,2024-07-01,2025-07-01,2024-09-19,3578,9.02746268400745,-0.0006827270471259,-0.0066182514643934,-0.0110712050662016,-0.0119213903363331
RF,FTSE,3,2024-07-01,2025-07-01,2024-09-20,3579,9.015541293671117,5.40707562031173e-05,-0.0082833914328599,0.0056583471389739,0.0036022762181833
RF,FTSE,3,2024-07-01,2025-07-01,2024-09-23,3580,9.0191435698893,0.0006296521609652,-0.0077927391256454,0.0037702839978308,0.002792760996078
RF,FTSE,3,2024-07-01,2025-07-01,2024-09-24,3581,9.021936330885378,0.0006154591964424,-0.0066558378533424,-3.619671132781832e-05,-0.0017037262828818
RF,FTSE,3,2024-07-01,2025-07-01,2024-09-25,3582,9.020232604602496,0.000808833887083,-0.0065601647172522,0.0014380567460374,0.0019573023283179
RF,FTSE,3,2024-07-01,2025-07-01,2024-09-26,3583,9.022189906930814,0.00118147280428,-0.0061119103864504,0.002254480714976,0.0043237526353063
RF,FTSE,3,2024-07-01,2025-07-01,2024-09-27,3584,9.02651365956612,-0.0011096903989411,-0.006056754992756,-0.0157712134061664,-0.0101221806248723
RF,FTSE,3,2024-07-01,2025-07-01,2024-09-30,3585,9.016391478941248,-0.0008535980296553,-0.0079319697090327,0.0008130959974081,0.0048081618688424
RF,FTSE,3,2024-07-01,2025-07-01,2024-10-01,3586,9.02119964081009,-0.0014617165600316,-0.0074907568851513,-0.0047231593735457,0.0017142130770402
RF,FTSE,3,2024-07-01,2025-07-01,2024-10-02,3587,9.02291385388713,-0.0020359143456545,-0.006443429621279,-0.0044969665855578,-0.0010137197130806
RF,FTSE,3,2024-07-01,2025-07-01,2024-10-03,3588,9.02190013417405,-0.0016372850205179,-0.0062507797533251,0.0012307780877378,-0.0002294728255165
RF,FTSE,3,2024-07-01,2025-07-01,2024-10-04,3589,9.021670661348534,-0.0020741106528969,-0.0059377220556575,-0.0037870577807428,0.0027737262972564
RF,FTSE,3,2024-07-01,2025-07-01,2024-10-07,3590,9.02444438764579,-0.0016102436390177,-0.0059978883634448,0.0030662515618971,-0.0137019414858361
RF,FTSE,3,2024-07-01,2025-07-01,2024-10-08,3591,9.010742446159954,0.00165980256814,-0.0085589509378408,0.023469107499066,0.0064621287787023
RF,FTSE,3,2024-07-01,2025-07-01,2024-10-09,3592,9.017204574938656,0.0035771162443545,-0.0078352578022398,0.013805737812035,-0.0007280935021114
RF,FTSE,3,2024-07-01,2025-07-01,2024-10-10,3593,9.016476481436545,0.0047624691031931,-0.0065335810252933,0.0097247062987975,0.001940405865028
RF,FTSE,3,2024-07-01,2025-07-01,2024-10-11,3594,9.018416887301573,0.0053459605813817,-0.006650621534099,0.006376732524961,0.0047140249602151
RF,FTSE,3,2024-07-01,2025-07-01,2024-10-14,3595,9.023130912261788,0.004135073575231,-0.006176612485977,-0.0041205989366801,-0.0052473086939972
RF,FTSE,3,2024-07-01,2025-07-01,2024-10-15,3596,9.01788360356779,0.0040355533636056,-0.0068416962102972,0.0024336776648006,0.0096270356398964
RF,FTSE,3,2024-07-01,2025-07-01,2024-10-16,3597,9.027510639207687,0.0020710332271107,-0.0062284358839197,-0.0096876486816395,0.0067009144513328
RF,FTSE,3,2024-07-01,2025-07-01,2024-10-17,3598,9.03421155365902,0.000158137296756,-0.0060776895068513,-0.011937253529398,-0.0032012409083286
RF,FTSE,3,2024-07-01,2025-07-01,2024-10-18,3599,9.031010312750691,-0.0025434930433778,-0.0061879553453017,-0.01673353520858,-0.004809125015349
RF,FTSE,3,2024-07-01,2025-07-01,2024-10-21,3600,9.026201187735342,-0.0053143602374312,-0.0065686689863895,-0.0192507486182691,-0.0014075679088083
RF,FTSE,3,2024-07-01,2025-07-01,2024-10-22,3601,9.024793619826534,-0.0085183938270088,-0.0062878961298427,-0.0239281302955554,-0.0057833065014261
RF,FTSE,3,2024-07-01,2025-07-01,2024-10-23,3602,9.019010313325108,-0.0091607119388026,-0.0071130926661291,-0.0099052167292459,0.0013069679074835
RF,FTSE,3,2024-07-01,2025-07-01,2024-10-24,3603,9.020317281232591,-0.0098513909145339,-0.0065214343945325,-0.0103565121074868,-0.0024942907065437
RF,FTSE,3,2024-07-01,2025-07-01,2024-10-25,3604,9.017822990526048,-0.0102452735131954,-0.0062527879229249,-0.0093051001099091,0.0044513096035743
RF,FTSE,3,2024-07-01,2025-07-01,2024-10-28,3605,9.022274300129622,-0.0115581485340356,-0.0060512962479756,-0.0144540867248714,-0.0079975225875106
RF,FTSE,3,2024-07-01,2025-07-01,2024-10-29,3606,9.014276777542111,-0.0120023904612427,-0.0072639724448331,-0.0096453031647953,-0.0073263384250381
RF,FTSE,3,2024-07-01,2025-07-01,2024-10-30,3607,9.006950439117073,-0.0125109804147065,-0.0083202020754663,-0.0107443363950618,-0.0060849495860946
RF,FTSE,3,2024-07-01,2025-07-01,2024-10-31,3608,9.000865489530979,-0.0109604859944969,-0.0081399871981424,0.0018601567864902,0.0082396070648833
RF,FTSE,3,2024-07-01,2025-07-01,2024-11-01,3609,9.009105096595862,-0.0121812969420389,-0.0071628911759752,-0.0186884894282712,0.0008556725292425
RF,FTSE,3,2024-07-01,2025-07-01,2024-11-04,3610,9.009960769125104,-0.0135002485870856,-0.0064713698587967,-0.0189836273037311,-0.0014428787089659
RF,FTSE,3,2024-07-01,2025-07-01,2024-11-05,3611,9.008517890416138,-0.0137811282426447,-0.0061686313607642,-0.0124604171232753,-0.000697677011388
RF,FTSE,3,2024-07-01,2025-07-01,2024-11-06,3612,9.00782021340475,-0.0140342236373296,-0.006152378910105,-0.0127048153877318,-0.0031887390274345
RF,FTSE,3,2024-07-01,2025-07-01,2024-11-07,3613,9.004631474377316,-0.012769264864584,-0.0062176500811478,-0.0038646682716443,-0.0084253716553046
RF,FTSE,3,2024-07-01,2025-07-01,2024-11-08,3614,8.996206102722011,-0.0105416648675564,-0.0074562621564371,0.0032897735269781,0.0065195435954574
RF,FTSE,3,2024-07-01,2025-07-01,2024-11-11,3615,9.002725646317469,-0.0097863696513069,-0.0069485810096075,-0.0049474937204081,-0.0123090391498781
RF,FTSE,3,2024-07-01,2025-07-01,2024-11-12,3616,8.99041660716759,-0.0064732272086676,-0.0085678369236764,0.0152706818412617,0.0005605346537826
RF,FTSE,3,2024-07-01,2025-07-01,2024-11-13,3617,8.990977141821373,-0.0021657474154501,-0.0079535291984214,0.0284568823898183,0.0050803314714897
RF,FTSE,3,2024-07-01,2025-07-01,2024-11-14,3618,8.996057473292863,0.0019735076581781,-0.006684735798252,0.0269528437134241,-0.0009420752758444
RF,FTSE,3,2024-07-01,2025-07-01,2024-11-15,3619,8.995115398017019,0.0056858419632597,-0.0067723663058303,0.0238949153080891,0.0056514080886529
RF,FTSE,3,2024-07-01,2025-07-01,2024-11-18,3620,9.000766806105672,0.0086986435033686,-0.0062320959788413,0.0202032010599317,-0.0012709298566822
RF,FTSE,3,2024-07-01,2025-07-01,2024-11-19,3621,8.99949587624899,0.0118731289152478,-0.0060962983726823,0.0222473117506147,-0.0017177236519287
RF,FTSE,3,2024-07-01,2025-07-01,2024-11-20,3622,8.99777815259706,0.0152094286817074,-0.0059159717899195,0.0247013253081558,0.0079091364117918
RF,FTSE,3,2024-07-01,2025-07-01,2024-11-21,3623,9.005687289008852,0.0175154772642613,-0.0059917184952444,0.0198765620884842,0.0137467352023392
RF,FTSE,3,2024-07-01,2025-07-01,2024-11-22,3624,9.019434024211192,0.0192700792329691,-0.0058754879633455,0.0117079556858445,0.0035762927950955
RF,FTSE,3,2024-07-01,2025-07-01,2024-11-25,3625,9.023010317006287,0.0194351112923278,-0.0058050869328266,0.005304430946019,-0.0040000036811793
RF,FTSE,3,2024-07-01,2025-07-01,2024-11-26,3626,9.019010313325108,0.0199970228614621,-0.0060039490376506,0.0109346924353808,0.0019596938404955
RF,FTSE,3,2024-07-01,2025-07-01,2024-11-27,3627,9.020970007165603,0.0187985463981767,-0.0060210443927369,0.0040763477555767,0.0007731808340007
RF,FTSE,3,2024-07-01,2025-07-01,2024-11-28,3628,9.021743187999604,0.0181551074226629,-0.005910707369948,0.0085250484615393,0.0007362899056122
RF,FTSE,3,2024-07-01,2025-07-01,2024-11-29,3629,9.022479477905216,0.0157830779769909,-0.0060044141043491,-0.0008328753393662,0.0030843731921201
RF,FTSE,3,2024-07-01,2025-07-01,2024-12-02,3630,9.025563851097337,0.0133351017577041,-0.0058890859845933,-0.0013603518604519,0.0055781287996996
RF,FTSE,3,2024-07-01,2025-07-01,2024-12-03,3631,9.031141979897036,0.0103955165122364,-0.0057934176170626,-0.0057105325033681,-0.00282723194473
RF,FTSE,3,2024-07-01,2025-07-01,2024-12-04,3632,9.028314747952306,0.007883196036472,-0.0058709607504109,-0.0042678337732802,0.0016302578081823
RF,FTSE,3,2024-07-01,2025-07-01,2024-12-05,3633,9.029945005760489,0.0044397276738941,-0.00577769240683,-0.0105109815492969,-0.0048986508393085
RF,FTSE,3,2024-07-01,2025-07-01,2024-12-06,3634,9.02504635492118,0.0013213886260423,-0.0065642242892006,-0.0137424350834258,0.0052218815399633
RF,FTSE,3,2024-07-01,2025-07-01,2024-12-09,3635,9.030268236461144,-0.0025414314430882,-0.0062000459639696,-0.0184886129724279,-0.0086216338952933
RF,FTSE,3,2024-07-01,2025-07-01,2024-12-10,3636,9.02164660256585,-0.0054668312719048,-0.007356130995728,-0.0213731789891973,0.0025568966710345
RF,FTSE,3,2024-07-01,2025-07-01,2024-12-11,3637,9.024203499236885,-0.0091919283318837,-0.0067638862540373,-0.0264871907054686,0.0012279481567833
RF,FTSE,3,2024-07-01,2025-07-01,2024-12-12,3638,9.025431447393668,-0.0126833220634576,-0.0062886161933822,-0.0254788048383982,-0.001384533214642
RF,FTSE,3,2024-07-01,2025-07-01,2024-12-13,3639,9.024046914179026,-0.0148999463259738,-0.0058607586433355,-0.0198700734823695,-0.0046128899678343
RF,FTSE,3,2024-07-01,2025-07-01,2024-12-16,3640,9.019434024211192,-0.0158119715111695,-0.0064101797741083,-0.0136853821200038,-0.0081301043734374
RF,FTSE,3,2024-07-01,2025-07-01,2024-12-17,3641,9.011303919837754,-0.0161522426995563,-0.0074170427261269,-0.0090953415553425,0.0004757036509612
RF,FTSE,3,2024-07-01,2025-07-01,2024-12-18,3642,9.011779623488716,-0.0150214017372647,-0.0067752531642603,-0.0031883059725856,-0.0115061999120626
RF,FTSE,3,2024-07-01,2025-07-01,2024-12-19,3643,9.000273423576653,-0.0116349674226547,-0.00845381680357,0.0189185021120277,-0.0025571150452368
RF,FTSE,3,2024-07-01,2025-07-01,2024-12-20,3644,8.997716308531416,-0.0082098885840462,-0.0076815130000585,0.0170956791635301,0.0022363340238538
RF,FTSE,3,2024-07-01,2025-07-01,2024-12-23,3645,8.99995264255527,-0.004481155786868,-0.0067489581874599,0.0179794961510229,0.0042241981413866
RF,FTSE,3,2024-07-01,2025-07-01,2024-12-24,3646,9.004176840696656,-0.0016002093689593,-0.0066538195048882,0.0132217556356604,0.0015718013945313
RF,FTSE,3,2024-07-01,2025-07-01,2024-12-27,3647,9.005748642091188,0.0010538789861893,-0.0062438871319568,0.0123410420131566,-0.0035400638087761
RF,FTSE,3,2024-07-01,2025-07-01,2024-12-30,3648,9.002208578282412,0.0052213296561998,-0.0062765706734086,0.0241729206663485,0.0063827392337181
RF,FTSE,3,2024-07-01,2025-07-01,2024-12-31,3649,9.00859131751613,0.0063867557628913,-0.0061327868164764,0.0091953270998494,0.0106006081725507
RF,FTSE,3,2024-07-01,2025-07-01,2025-01-02,3650,9.01919192568868,0.0056073634818307,-0.0060817192429922,-0.0043555954747809,-0.0043799379937343
RF,FTSE,3,2024-07-01,2025-07-01,2025-01-03,3651,9.014811987694946,0.0048913424894951,-0.0064935317270611,-0.002739644342407,0.0031201510113465
RF,FTSE,3,2024-07-01,2025-07-01,2025-01-06,3652,9.017932138706293,0.0052307830539941,-0.0061003232378204,0.0062111293605209,-0.0005335423739758
RF,FTSE,3,2024-07-01,2025-07-01,2025-01-07,3653,9.017398596332317,0.0066071526408144,-0.0060580917278028,0.0176236841100969,0.0006910877720276
RF,FTSE,3,2024-07-01,2025-07-01,2025-01-08,3654,9.018089684104345,0.0087223034648591,-0.0061035309466009,0.0303433589920949,0.0082918148444157
RF,FTSE,3,2024-07-01,2025-07-01,2025-01-09,3655,9.02638149894876,0.0102996054529569,-0.0060151289520085,0.0238488045986873,-0.0085948543327809
RF,FTSE,3,2024-07-01,2025-07-01,2025-01-10,3656,9.01778664461598,0.0140146633575781,-0.0072947405665675,0.0357010442879719,-0.0029503144020797
RF,FTSE,3,2024-07-01,2025-07-01,2025-01-13,3657,9.0148363302139,0.018210354525479,-0.0067508797767615,0.0382769223041279,-0.0027639868613604
RF,FTSE,3,2024-07-01,2025-07-01,2025-01-14,3658,9.01207234335254,0.0230892294117204,-0.0063585588699981,0.0433904407825505,0.0120709247142745
RF,FTSE,3,2024-07-01,2025-07-01,2025-01-15,3659,9.024143268066814,0.0247374248434866,-0.0060791082124031,0.0239605334415902,0.0108790123756001
RF,FTSE,3,2024-07-01,2025-07-01,2025-01-16,3660,9.035022280442414,0.0251319458805738,-0.0059257030146519,0.0132343844085838,0.0134107626540256
RF,FTSE,3,2024-07-01,2025-07-01,2025-01-17,3661,9.04843304309644,0.0248984779252943,-0.0059276469571228,0.003368748521634,0.0017972604510081
RF,FTSE,3,2024-07-01,2025-07-01,2025-01-20,3662,9.050230303547448,0.0242588616282244,-0.0058792015300069,0.0043681003872357,0.0032573853565036
RF,FTSE,3,2024-07-01,2025-07-01,2025-01-21,3663,9.053487688903951,0.0239973932914736,-0.0058921113544931,0.011468510460233,-0.0003744363859237
RF,FTSE,3,2024-07-01,2025-07-01,2025-01-22,3664,9.053113252518028,0.0238504698889379,-0.0059284742331605,0.0149720718772847,0.002349531617062
RF,FTSE,3,2024-07-01,2025-07-01,2025-01-23,3665,9.05546278413509,0.0213821871121968,-0.0058762003503802,0.0021458552589521,-0.0073589826266857
RF,FTSE,3,2024-07-01,2025-07-01,2025-01-24,3666,9.048103801508404,0.0199741810875924,-0.0070188041700282,0.0080125318300368,0.0001528633425937
RF,FTSE,3,2024-07-01,2025-07-01,2025-01-27,3667,9.048256664850998,0.0194315789743093,-0.0066669155477592,0.0139664335228495,0.0035451267670758
RF,FTSE,3,2024-07-01,2025-07-01,2025-01-28,3668,9.051801791618074,0.0198444568856039,-0.0061827223558425,0.022409508649158,0.0027966123166098
RF,FTSE,3,2024-07-01,2025-07-01,2025-01-29,3669,9.054598403934683,0.0194810942766512,-0.0058788376028617,0.0165373703209503,0.0103577954295008
RF,FTSE,3,2024-07-01,2025-07-01,2025-01-30,3670,9.064956199364184,0.0188773756859266,-0.0058929537019038,0.0138849770683648,0.003129125031128
RF,FTSE,3,2024-07-01,2025-07-01,2025-01-31,3671,9.068085324395312,0.0179807399981601,-0.005914113982748,0.0118502353202796,-0.0104766850012705
RF,FTSE,3,2024-07-01,2025-07-01,2025-02-03,3672,9.057608639394042,0.0193264352040376,-0.0077634328948656,0.025738961149111,-0.0014923060556011
RF,FTSE,3,2024-07-01,2025-07-01,2025-02-04,3673,9.05611633333844,0.0199876786384702,-0.0074482085160898,0.0223712586757649,0.0061067650354065
RF,FTSE,3,2024-07-01,2025-07-01,2025-02-05,3674,9.062223098373847,0.019010711260579,-0.0062805059909949,0.0125838783071401,0.0119882018933843
RF,FTSE,3,2024-07-01,2025-07-01,2025-02-06,3675,9.074211300267232,0.017205082894959,-0.0061782487761633,0.004652708920565,-0.0030755260115977
RF,FTSE,3,2024-07-01,2025-07-01,2025-02-07,3676,9.071135774255634,0.0156626111493984,-0.005854006617037,0.0075799797951603,0.0077054021769153
RF,FTSE,3,2024-07-01,2025-07-01,2025-02-10,3677,9.07884117643255,0.0121485616060592,-0.0059535278581815,-0.0063271213637694,0.0010943832830427
RF,FTSE,3,2024-07-01,2025-07-01,2025-02-11,3678,9.079935559715592,0.0077611865622593,-0.0060731595436236,-0.0131191978254516,0.0034120408275608
RF,FTSE,3,2024-07-01,2025-07-01,2025-02-12,3679,9.083347600543153,0.0029545960457717,-0.0061067177993074,-0.0169468403416512,-0.0048600085289471
RF,FTSE,3,2024-07-01,2025-07-01,2025-02-13,3680,9.078487592014206,-0.000736310044191,-0.006502445498666,-0.0121330705664064,-0.0036806153332182
RF,FTSE,3,2024-07-01,2025-07-01,2025-02-14,3681,9.074806976680987,-0.0032172519155952,-0.0063332904588291,-0.0073328379479757,0.0040570325068092
RF,FTSE,3,2024-07-01,2025-07-01,2025-02-17,3682,9.078864009187797,-0.0044437519708147,-0.0061146134694601,-0.0041715538078967,-0.0001482551370024
RF,FTSE,3,2024-07-01,2025-07-01,2025-02-18,3683,9.078715754050794,-0.0048920729343979,-0.0059908028967064,-0.0011984318831519,-0.0062016989820143
RF,FTSE,3,2024-07-01,2025-07-01,2025-02-19,3684,9.07251405506878,-0.0031434327073895,-0.0069460334299521,0.0110946332384287,-0.0056976931786394
RF,FTSE,3,2024-07-01,2025-07-01,2025-02-20,3685,9.06681636189014,0.00047440218556,-0.0074371567694029,0.0237602421012521,-0.0004156016886387
RF,FTSE,3,2024-07-01,2025-07-01,2025-02-21,3686,9.066400760201502,0.0023473656565791,-0.0067872156500801,0.0114362619615882,-4.623875370235453e-05
RF,FTSE,3,2024-07-01,2025-07-01,2025-02-24,3687,9.0663545214478,0.00407267741347,-0.0063614067370544,0.0111170731473126,0.0011196172852123
RF,FTSE,3,2024-07-01,2025-07-01,2025-02-25,3688,9.067474138733012,0.0044833821739818,-0.0062316828402068,0.0016251750544107,0.0072183166468882
RF,FTSE,3,2024-07-01,2025-07-01,2025-02-26,3689,9.0746924553799,0.0029481411099911,-0.0060398983985599,-0.0059271235257973,0.0028248667877424
RF,FTSE,3,2024-07-01,2025-07-01,2025-02-27,3690,9.077517322167642,1.903910473544101e-05,-0.0060196491057417,-0.017976561672274,0.0060913661395662
RF,FTSE,3,2024-07-01,2025-07-01,2025-02-28,3691,9.083608688307208,-0.0046882434864592,-0.005878929356299,-0.036257944825488,0.0069679156841839
RF,FTSE,3,2024-07-01,2025-07-01,2025-03-03,3692,9.090576603991392,-0.0098057223777132,-0.0058102187875523,-0.0379432280452451,-0.0127395818283027
RF,FTSE,3,2024-07-01,2025-07-01,2025-03-04,3693,9.07783702216309,-0.0130750015732985,-0.0080932125740484,-0.0250163777938663,-0.0003654275679778
RF,FTSE,3,2024-07-01,2025-07-01,2025-03-05,3694,9.077471594595112,-0.0143749249777123,-0.0077629626677849,-0.0142053564846165,-0.0083722808076895
RF,FTSE,3,2024-07-01,2025-07-01,2025-03-06,3695,9.069099313787422,-0.0137997357030066,-0.0079296111488498,-0.0002879670189663,-0.0003339819333199
RF,FTSE,3,2024-07-01,2025-07-01,2025-03-07,3696,9.068765331854102,-0.0124552492183607,-0.007306652042444,0.002910517822114,-0.0092245713587342
RF,FTSE,3,2024-07-01,2025-07-01,2025-03-10,3697,9.059540760495368,-0.0100076665107202,-0.0080497205896495,0.0123073851359176,-0.0121900170136477
RF,FTSE,3,2024-07-01,2025-07-01,2025-03-11,3698,9.04735074348172,-0.0067558935554075,-0.0094575207955397,0.0239574197989043,0.0052826324644268
RF,FTSE,3,2024-07-01,2025-07-01,2025-03-12,3699,9.052633375946147,-0.0049950195817487,-0.0084439559774304,0.0123111907499122,0.0001872684230761
RF,FTSE,3,2024-07-01,2025-07-01,2025-03-13,3700,9.052820644369223,-0.003161568229089,-0.0068726499092495,0.0111057091514226,0.0104455937412719
RF,FTSE,3,2024-07-01,2025-07-01,2025-03-14,3701,9.063266238110495,-0.00237653408265,-0.006610053781201,0.0036424437345221,0.0055451086579605
RF,FTSE,3,2024-07-01,2025-07-01,2025-03-17,3702,9.068811346768456,-0.0017400431630711,-0.0061476013425892,0.0010707955589595,0.0028645029077605
RF,FTSE,3,2024-07-01,2025-07-01,2025-03-18,3703,9.071675849676216,-0.002079337522483,-0.0060405959987305,-0.0045017531688227,0.0001722959550694
RF,FTSE,3,2024-07-01,2025-07-01,2025-03-19,3704,9.071848145631286,-0.002611750290745,-0.0061061362393746,-0.0055051278153062,-0.0005399823506611
RF,FTSE,3,2024-07-01,2025-07-01,2025-03-20,3705,9.071308163280625,-0.0044637595377068,-0.0058733265738776,-0.013792706465967,-0.0063635965845652
RF,FTSE,3,2024-07-01,2025-07-01,2025-03-21,3706,9.06494456669606,-0.0040896292196652,-0.0069995220907905,-0.0013887605545637,-0.0010182131754135
RF,FTSE,3,2024-07-01,2025-07-01,2025-03-24,3707,9.063926353520646,-0.0040476498326853,-0.0064102894535946,-0.0034209873041195,0.0029823283243715
RF,FTSE,3,2024-07-01,2025-07-01,2025-03-25,3708,9.066908681845018,-0.0060025187977501,-0.0061814020229174,-0.0220681254064487,0.0029734604823978
RF,FTSE,3,2024-07-01,2025-07-01,2025-03-26,3709,9.069882142327415,-0.0082229491128984,-0.0060045454631377,-0.0758338467163408,-0.0027080458200217
RF,FTSE,3,2024-07-01,2025-07-01,2025-03-27,3710,9.067174096507394,-0.0103445821546497,-0.0059150283445361,-0.1179257858970412,-0.000831078691414
RF,FTSE,3,2024-07-01,2025-07-01,2025-03-28,3711,9.06634301781598,-0.012171593671665,-0.0059178071802424,-0.0903967479268601,-0.0088275610013219
RF,FTSE,3,2024-07-01,2025-07-01,2025-03-31,3712,9.057515456814658,-0.0133089886747832,-0.007343690215582,-0.1112057369589738,0.0060403493268381
RF,FTSE,3,2024-07-01,2025-07-01,2025-04-01,3713,9.063555806141496,-0.0152745539060177,-0.0067856632777462,-0.0872556636362826,-0.0030504399249693
RF,FTSE,3,2024-07-01,2025-07-01,2025-04-02,3714,9.060505366216526,-0.0170455219977245,-0.0063158816271439,-0.0777935638154208,-0.0156648097779577
RF,FTSE,3,2024-07-01,2025-07-01,2025-04-03,3715,9.044840556438569,-0.0171581514606469,-0.008930872722347,-0.0409956124397403,-0.0507922608274942
RF,FTSE,3,2024-07-01,2025-07-01,2025-04-04,3716,8.994048295611075,-0.0173805802638327,-0.0109214172969313,0.0238110395040607,-0.0447999850007221
RF,FTSE,3,2024-07-01,2025-07-01,2025-04-07,3717,8.949248310610352,-0.0172024427695465,-0.0120580005984598,0.0718183473572189,0.026697959278767
RF,FTSE,3,2024-07-01,2025-07-01,2025-04-08,3718,8.97594626988912,-0.0173057827769191,-0.0111945306452911,0.0451325425241684,-0.0296365500334356
RF,FTSE,3,2024-07-01,2025-07-01,2025-04-09,3719,8.946309719855684,-0.0164387207166303,-0.0121556878416935,0.0811408870517915,0.0299904226495293
RF,FTSE,3,2024-07-01,2025-07-01,2025-04-10,3720,8.976300142505213,-0.0153202406899914,-0.0110635082843038,0.060067745405842,0.0064116598958925
RF,FTSE,3,2024-07-01,2025-07-01,2025-04-11,3721,8.982711802401106,-0.0137869867319881,-0.0087066116308947,0.0541557934624918,0.0211331415977227
RF,FTSE,3,2024-07-01,2025-07-01,2025-04-14,3722,9.003844943998828,-0.0123272556203968,-0.0087298956587267,0.0339617894052803,0.0140143911163068
RF,FTSE,3,2024-07-01,2025-07-01,2025-04-15,3723,9.017859335115135,-0.0108983342689619,-0.0073120377306078,0.0201850324103602,0.003207322852436
RF,FTSE,3,2024-07-01,2025-07-01,2025-04-16,3724,9.021066657967571,-0.0087089703506979,-0.007079684725642,0.0224514206615804,1.2154445716561211e-05
RF,FTSE,3,2024-07-01,2025-07-01,2025-04-17,3725,9.021078812413288,-0.0058085551740951,-0.0064717469599318,0.0261424959765594,0.0063717944941874
RF,FTSE,3,2024-07-01,2025-07-01,2025-04-22,3726,9.027450606907475,-0.0029838579002774,-0.0062637689791893,0.0199942711132585,0.0089172810035798
RF,FTSE,3,2024-07-01,2025-07-01,2025-04-23,3727,9.036367887911055,0.0006609200678564,-0.0062339463611622,0.0227309474805288,0.0004997079525423
RF,FTSE,3,2024-07-01,2025-07-01,2025-04-24,3728,9.036867595863598,0.0042457412645031,-0.0060749534331179,0.0223475605222631,0.0009391375405112
RF,FTSE,3,2024-07-01,2025-07-01,2025-04-25,3729,9.037806733404109,0.0069687145428396,-0.0059615158499151,0.0169669338681828,0.0002376341213867
RF,FTSE,3,2024-07-01,2025-07-01,2025-04-28,3730,9.038044367525496,0.0089975834265967,-0.0059105827947796,0.0134877828557051,0.0054737111036562
RF,FTSE,3,2024-07-01,2025-07-01,2025-04-29,3731,9.043518078629152,0.0106542092520935,-0.0056520648029891,0.0107297064516806,0.0037032297606955
RF,FTSE,3,2024-07-01,2025-07-01,2025-04-30,3732,9.047221308389847,0.0124508458053629,-0.0054511445398747,0.0128774002557925,0.0002235696308865
RF,FTSE,3,2024-07-01,2025-07-01,2025-05-01,3733,9.047444878020734,0.0138530307618598,-0.0056193735533299,0.0124098020871095,0.01165395737085
RF,FTSE,3,2024-07-01,2025-07-01,2025-05-02,3734,9.059098835391584,0.013333492724465,-0.0054212430534249,-0.0013270620600085,0.0001163209942767
RF,FTSE,3,2024-07-01,2025-07-01,2025-05-06,3735,9.05921515638586,0.013407059284745,-0.0056222036653574,0.0042248326049989,-0.0044414891135691
RF,FTSE,3,2024-07-01,2025-07-01,2025-05-07,3736,9.054773667272292,0.0147422995678283,-0.0060566815921171,0.0145329089441261,-0.0032415168910908
RF,FTSE,3,2024-07-01,2025-07-01,2025-05-08,3737,9.0515321503812,0.0165553860405935,-0.0059497381174347,0.0194656688027787,0.0027156346996317
RF,FTSE,3,2024-07-01,2025-07-01,2025-05-09,3738,9.054247785080833,0.0188941806435867,-0.0058462967158561,0.0261091339541472,0.0058509235648074
RF,FTSE,3,2024-07-01,2025-07-01,2025-05-12,3739,9.06009870864564,0.0202635312552885,-0.0059194625897605,0.0208730229892601,-0.0002440285377964
RF,FTSE,3,2024-07-01,2025-07-01,2025-05-13,3740,9.059854680107843,0.0205072546793783,-0.0058187674046128,0.0157306714523013,-0.0020829067762679
RF,FTSE,3,2024-07-01,2025-07-01,2025-05-14,3741,9.057771773331575,0.0205867125441248,-0.0058325867158378,0.0153733594667624,0.0056682156592842
RF,FTSE,3,2024-07-01,2025-07-01,2025-05-15,3742,9.06343998899086,0.0207878717322316,-0.005772114488947,0.0165752288091347,0.0058665872255581
RF,FTSE,3,2024-07-01,2025-07-01,2025-05-16,3743,9.069306576216418,0.0190519392047949,-0.0058959962550572,0.0047557774671389,0.0016912429675617
RF,FTSE,3,2024-07-01,2025-07-01,2025-05-19,3744,9.07099781918398,0.0169465467483309,-0.0058961183966321,0.0019752409992896,0.0093590998510002
RF,FTSE,3,2024-07-01,2025-07-01,2025-05-20,3745,9.08035691903498,0.0148189383260977,-0.0058086776780776,-0.000991166372767,0.0006148125999203
RF,FTSE,3,2024-07-01,2025-07-01,2025-05-21,3746,9.0809717316349,0.0127115170317608,-0.0059279533548436,-0.0013894808221781,-0.0053863800747553
RF,FTSE,3,2024-07-01,2025-07-01,2025-05-22,3747,9.075585351560145,0.0119271387807362,-0.006510226922462,0.0054432839356977,-0.0024402187618068
RF,FTSE,3,2024-07-01,2025-07-01,2025-05-23,3748,9.073145132798338,0.0118532739036893,-0.0062319493196876,0.0095095618387617,0.0068700850016565
RF,FTSE,3,2024-07-01,2025-07-01,2025-05-27,3749,9.080015217799994,0.0108804014705636,-0.0061047439838365,0.0037410020667358,-0.0059528641164376
RF,FTSE,3,2024-07-01,2025-07-01,2025-05-28,3750,9.074062353683557,0.0114955316669149,-0.007031507513034,0.0127422613648651,-0.0010892935002875
RF,FTSE,3,2024-07-01,2025-07-01,2025-05-29,3751,9.07297306018327,0.0120338712539691,-0.0065467754491432,0.0131976530345969,0.0063926924789434
RF,FTSE,3,2024-07-01,2025-07-01,2025-05-30,3752,9.079365752662213,0.0118778370929639,-0.0062184941821101,0.009157162368087,0.0002164981505092
RF,FTSE,3,2024-07-01,2025-07-01,2025-06-02,3753,9.079582250812722,0.0118613086966288,-0.0061016061978818,0.0102163275766855,0.0014463846831205
RF,FTSE,3,2024-07-01,2025-07-01,2025-06-03,3754,9.081028635495842,0.0119878647195026,-0.0061020976722211,0.0110798940705834,0.0016260591412571
RF,FTSE,3,2024-07-01,2025-07-01,2025-06-04,3755,9.0826546946371,0.0109370216984103,-0.0059785528934748,0.0055857935415311,0.0011015252296306
RF,FTSE,3,2024-07-01,2025-07-01,2025-06-05,3756,9.08375621986673,0.0103326538025854,-0.0059575431669789,0.0072599514407851,0.0030483951816915
RF,FTSE,3,2024-07-01,2025-07-01,2025-06-06,3757,9.086804615048422,0.0083053330521618,-0.0060107723389793,-0.0004414228919493,-0.0006339018305556
RF,FTSE,3,2024-07-01,2025-07-01,2025-06-09,3758,9.086170713217866,0.006803285959398,-0.005937997985036,0.0012672916569815,0.0023522018124335
RF,FTSE,3,2024-07-01,2025-07-01,2025-06-10,3759,9.0885229150303,0.0040473366686626,-0.0059526090400436,-0.006948189373567,0.0012756633591077
RF,FTSE,3,2024-07-01,2025-07-01,2025-06-11,3760,9.089798578389408,0.0009069076644649,-0.0059245580407911,-0.0101706964153578,0.0023099511770183
RF,FTSE,3,2024-07-01,2025-07-01,2025-06-12,3761,9.092108529566426,-0.0027503619939661,-0.0058550005988998,-0.0143856822050825,-0.0038680413877951
RF,FTSE,3,2024-07-01,2025-07-01,2025-06-13,3762,9.08824048817863,-0.0051597492224875,-0.0060303541081243,-0.0104034660155409,0.0027756831288847
RF,FTSE,3,2024-07-01,2025-07-01,2025-06-16,3763,9.091016171307515,-0.008552069070518,-0.0059549466035697,-0.017779300954464,-0.004652979151043
RF,FTSE,3,2024-07-01,2025-07-01,2025-06-17,3764,9.086363192156472,-0.0102132883173684,-0.0065193496243558,-0.0112013274823041,0.0010748127183752
RF,FTSE,3,2024-07-01,2025-07-01,2025-06-18,3765,9.087438004874848,-0.0102239609236463,-0.0061988298568538,-0.0050559678269479,-0.005863279218115
RF,FTSE,3,2024-07-01,2025-07-01,2025-06-19,3766,9.081574725656733,-0.0099078495750646,-0.006976321870673,-0.0035093929903684,-0.001946843682683
RF,FTSE,3,2024-07-01,2025-07-01,2025-06-20,3767,9.07962788197405,-0.0085916369074858,-0.00645278764633,0.0012072449501534,-0.0019050346127063
RF,FTSE,3,2024-07-01,2025-07-01,2025-06-23,3768,9.077722847361343,-0.0071247041785529,-0.0062381054773496,0.0019050346127063,0.0001141748017463
RF,FTSE,4,2025-07-01,2026-07-01,2025-07-01,3774,9.080835126924203,0.0061030056150457,-0.005786404519403,0.0214410995799791,-0.0012072449501534
RF,FTSE,4,2025-07-01,2026-07-01,2025-07-02,3775,9.07962788197405,0.0083271156709869,-0.005618399468467,0.0187859774412988,0.0055120351541297
RF,FTSE,4,2025-07-01,2026-07-01,2025-07-03,3776,9.08513991712818,0.0101993565314728,-0.0056992772697201,0.0196287623800373,-3.3979709689546667e-05
RF,FTSE,4,2025-07-01,2026-07-01,2025-07-04,3777,9.08510593741849,0.0110290142541717,-0.0052252334187859,0.0129947342162655,-0.0018605732461391
RF,FTSE,4,2025-07-01,2026-07-01,2025-07-07,3778,9.08324536417235,0.0120349442206322,-0.0053341899871642,0.0135454543572564,0.0054018595838485
RF,FTSE,4,2025-07-01,2026-07-01,2025-07-08,3779,9.0886472237562,0.0127177377353699,-0.005361111723889,0.0132835008339213,0.0014445756238092
RF,FTSE,4,2025-07-01,2026-07-01,2025-07-09,3780,9.090091799380009,0.0134002266708037,-0.0051587757613474,0.0140098502471577,0.0121844271241737
RF,FTSE,4,2025-07-01,2026-07-01,2025-07-10,3781,9.102276226504182,0.0134900116045777,-0.0052599370669281,0.0041470320522272,-0.0038623670888338
RF,FTSE,4,2025-07-01,2026-07-01,2025-07-11,3782,9.098413859415349,0.0139400460119158,-0.0052951973943904,0.0092069293121657,0.0063548200928682
RF,FTSE,4,2025-07-01,2026-07-01,2025-07-14,3783,9.104768679508217,0.014094580711383,-0.0052969738171529,0.0070212687386863,-0.0066680078734613
RF,FTSE,4,2025-07-01,2026-07-01,2025-07-15,3784,9.098100671634755,0.016024287825088,-0.0072436012740105,0.0221399655304281,-0.0013098531051483
RF,FTSE,4,2025-07-01,2026-07-01,2025-07-16,3785,9.096790818529607,0.0176209135215952,-0.0063828280297395,0.0214671373194512,0.0051399060605135
RF,FTSE,4,2025-07-01,2026-07-01,2025-07-17,3786,9.10193072459012,0.0174724461461526,-0.0059428216942174,0.0120529631556998,0.0021709250370456
RF,FTSE,4,2025-07-01,2026-07-01,2025-07-18,3787,9.104101649627166,0.0178025172974756,-0.0054803692139286,0.0159090974797102,0.0023216089292432
RF,FTSE,4,2025-07-01,2026-07-01,2025-07-21,3788,9.10642325855641,0.0176316281455566,-0.0053278481927371,0.0136532226234535,0.0011975301711046
RF,FTSE,4,2025-07-01,2026-07-01,2025-07-22,3789,9.107620788727514,0.01705930017709,-0.0050195729148639,0.0120067977291196,0.0041691595193888
RF,FTSE,4,2025-07-01,2026-07-01,2025-07-23,3790,9.111789948246903,0.0146021585249016,-0.0050889616217109,0.0007831848573243,0.0084506889182804
RF,FTSE,4,2025-07-01,2026-07-01,2025-07-24,3791,9.120240637165184,0.0123888687214037,-0.0050973317659832,-0.0011059016526164,-0.0019826813161252
RF,FTSE,4,2025-07-01,2026-07-01,2025-07-25,3792,9.118257955849058,0.0107545452998767,-0.0050790422247149,0.0024530911524021,-0.0042742681032379
RF,FTSE,4,2025-07-01,2026-07-01,2025-07-28,3793,9.11398368774582,0.0103824899502065,-0.0055143381656713,0.0090870707755659,0.006027059361056
RF,FTSE,4,2025-07-01,2026-07-01,2025-07-29,3794,9.120010747106877,0.0079675908284819,-0.0053459298541252,-0.0038931678390881,6.573407298660072e-05
RF,FTSE,4,2025-07-01,2026-07-01,2025-07-30,3795,9.120076481179863,0.0054953670577333,-0.0051832490445844,-0.0045194063506794,-0.0004488947232292
RF,FTSE,4,2025-07-01,2026-07-01,2025-07-31,3796,9.119627586456634,0.0040353265151917,-0.0052834287154086,-0.0003394507219454,-0.0070544533524063
RF,FTSE,4,2025-07-01,2026-07-01,2025-08-01,3797,9.112573133104227,0.004238071274857,-0.0069989384960693,0.0086955377464601,0.0065616024083396
RF,FTSE,4,2025-07-01,2026-07-01,2025-08-04,3798,9.119134735512567,0.0036711073143429,-0.0063718227471601,0.0040342679828473,0.0015763114888933
RF,FTSE,4,2025-07-01,2026-07-01,2025-08-05,3799,9.12071104700146,0.0031941092724743,-0.0059893165234681,0.0037664004769091,0.0023597115199258
RF,FTSE,4,2025-07-01,2026-07-01,2025-08-06,3800,9.123070758521386,0.001564195134815,-0.0054109891476615,-0.0027754086821456,-0.0069531792535979
RF,FTSE,4,2025-07-01,2026-07-01,2025-08-07,3801,9.116117579267788,0.0016213045326907,-0.0071504037910583,0.006232776496212,-0.0005605044386047
RF,FTSE,4,2025-07-01,2026-07-01,2025-08-08,3802,9.115557074829184,0.0026686548955989,-0.0066091233369608,0.0102271068434021,0.0037310609055047
RF,FTSE,4,2025-07-01,2026-07-01,2025-08-11,3803,9.119288135734688,0.0044911314672528,-0.0059138807177466,0.0172011121091113,0.0019805351159991
RF,FTSE,4,2025-07-01,2026-07-01,2025-08-12,3804,9.121268670850688,0.0063865059785097,-0.0053868146740227,0.0174897876004127,0.0019003326447268
RF,FTSE,4,2025-07-01,2026-07-01,2025-08-13,3805,9.123169003495414,0.0081720142276218,-0.0051527449132679,0.0168991494016719,0.0013084439829551
RF,FTSE,4,2025-07-01,2026-07-01,2025-08-14,3806,9.12447744747837,0.0085902016739112,-0.0050551341852868,0.0096080128997808,-0.0041820976391289
RF,FTSE,4,2025-07-01,2026-07-01,2025-08-15,3807,9.12029534983924,0.0096003604742271,-0.005615709169145,0.0126778985604989,0.0020550059247597
RF,FTSE,4,2025-07-01,2026-07-01,2025-08-18,3808,9.122350355764,0.0093553374984747,-0.0053477946866783,0.0064328077689204,0.0034338259085853
RF,FTSE,4,2025-07-01,2026-07-01,2025-08-19,3809,9.125784181672586,0.0077660563105848,-0.0054324571899869,-0.0002068283548855,0.010705066171214
RF,FTSE,4,2025-07-01,2026-07-01,2025-08-20,3810,9.1364892478438,0.0049131706275016,-0.0051019447345352,-0.0099327608514911,0.0022692106073005
RF,FTSE,4,2025-07-01,2026-07-01,2025-08-21,3811,9.1387584584511,0.0008210848166481,-0.0049114343195761,-0.020895261545041,0.001309694445986
RF,FTSE,4,2025-07-01,2026-07-01,2025-08-22,3812,9.140068152897086,-0.0022051683295529,-0.0047618546523323,-0.0155035579423081,-0.0059826925189359
RF,FTSE,4,2025-07-01,2026-07-01,2025-08-26,3813,9.13408546037815,-0.0033531873406023,-0.0065620820736853,-0.0052913835791539,-0.0011122119784108
RF,FTSE,4,2025-07-01,2026-07-01,2025-08-27,3814,9.13297324839974,-0.0043304780955324,-0.0060879876187606,-0.0051235567799192,-0.0041900848668188
RF,FTSE,4,2025-07-01,2026-07-01,2025-08-28,3815,9.12878316353292,-0.0041842099408988,-0.0066469951160421,0.0004990276691039,-0.0032058102152205
RF,FTSE,4,2025-07-01,2026-07-01,2025-08-29,3816,9.1255773533177,-0.0029278442957512,-0.0061433855002105,0.0059903374930883,0.0009791336746083
RF,FTSE,4,2025-07-01,2026-07-01,2025-09-01,3817,9.126556486992309,-0.0021988172353015,-0.0056233634005043,0.0031593837523242,-0.0086932900862493
RF,FTSE,4,2025-07-01,2026-07-01,2025-09-02,3818,9.11786319690606,0.0008214740495535,-0.0074365677794124,0.0196483424012505,0.0067013980487189
RF,FTSE,4,2025-07-01,2026-07-01,2025-09-03,3819,9.124564594954778,0.0023378109560034,-0.0068256036666721,0.0114077500226983,0.0042294818442183
RF,FTSE,4,2025-07-01,2026-07-01,2025-09-04,3820,9.128794076798997,0.0030357099636386,-0.0059366502891102,0.0064994208542756,-0.0009443851791761
RF,FTSE,4,2025-07-01,2026-07-01,2025-09-05,3821,9.12784969161982,0.0024985600529383,-0.0058293490581832,-0.0013584079088531,0.0014324995822043
RF,FTSE,4,2025-07-01,2026-07-01,2025-09-08,3822,9.129282191202025,0.0018886456593278,-0.0053541759111741,-0.0014107588367764,0.0022854996087637
RF,FTSE,4,2025-07-01,2026-07-01,2025-09-09,3823,9.131567690810789,0.0012284209409916,-0.0052330046262821,-0.0015592773215011,-0.0018518200661556
RF,FTSE,4,2025-07-01,2026-07-01,2025-09-10,3824,9.129715870744633,0.0007488093201928,-0.0054470115107618,-0.0009435146411203,0.0077956685626769
RF,FTSE,4,2025-07-01,2026-07-01,2025-09-11,3825,9.13751153930731,-0.0008252307281555,-0.0052675376305155,-0.0076547843653891,-0.0015391943298332
RF,FTSE,4,2025-07-01,2026-07-01,2025-09-12,3826,9.135972344977477,-0.0021250945351702,-0.0053097194833044,-0.0064841960695414,-0.0006788473242043
RF,FTSE,4,2025-07-01,2026-07-01,2025-09-15,3827,9.135293497653272,-0.0025284320804797,-0.0051836449659231,-0.0028713826106159,-0.0088022139423049
RF,FTSE,4,2025-07-01,2026-07-01,2025-09-16,3828,9.126491283710967,-0.0023243298468891,-0.00705603383482,0.0019880617848944,0.001380148654281
RF,FTSE,4,2025-07-01,2026-07-01,2025-09-17,3829,9.127871432365248,-0.0008452167577175,-0.0066928789591841,0.0082624800353698,0.002136981124039
RF,FTSE,4,2025-07-01,2026-07-01,2025-09-18,3830,9.130008413489287,0.0005586224408649,-0.0058611921803299,0.0077397390426767,-0.0012360573857748
RF,FTSE,4,2025-07-01,2026-07-01,2025-09-19,3831,9.128772356103513,0.0029743111312487,-0.0056105005147564,0.0144020877890991,0.0010843988384081
RF,FTSE,4,2025-07-01,2026-07-01,2025-09-22,3832,9.12985675494192,0.0058894554934898,-0.0052928236164039,0.0235322819358536,-0.0003686060339855
RF,FTSE,4,2025-07-01,2026-07-01,2025-09-23,3833,9.129488148907935,0.0087170366602258,-0.0052052225920947,0.0219193152483825,0.0029339661347211
RF,FTSE,4,2025-07-01,2026-07-01,2025-09-24,3834,9.132422115042656,0.0115563025494491,-0.0053966938072442,0.0257087329028653,-0.0039427695467946
RF,FTSE,4,2025-07-01,2026-07-01,2025-09-25,3835,9.128479345495862,0.0150606039961562,-0.0056091100479083,0.028365267328489,0.0076545669047565
RF,FTSE,4,2025-07-01,2026-07-01,2025-09-26,3836,9.136133912400618,0.017089985306292,-0.0053530989489495,0.0211853164087862,0.0016142401313459
RF,FTSE,4,2025-07-01,2026-07-01,2025-09-29,3837,9.137748152531964,0.0194590732688535,-0.0051827484028552,0.0264331319704922,0.0054262913606475
RF,FTSE,4,2025-07-01,2026-07-01,2025-09-30,3838,9.143174443892612,0.0200679159333319,-0.0052098058135954,0.0168616592515977,0.0102145929851626
RF,FTSE,4,2025-07-01,2026-07-01,2025-10-01,3839,9.153389036877774,0.0183044334953539,-0.0050072685582238,-0.0020028077452618,-0.0019815727214567
RF,FTSE,4,2025-07-01,2026-07-01,2025-10-02,3840,9.151407464156318,0.0166859319969674,-0.0049431953179076,0.0016109925628189,0.006723383789204
RF,FTSE,4,2025-07-01,2026-07-01,2025-10-03,3841,9.158130847945522,0.0143068896205456,-0.0052152424957884,-0.0040645957103837,-0.0012862351211708
RF,FTSE,4,2025-07-01,2026-07-01,2025-10-06,3842,9.15684461282435,0.0113702657530367,-0.0049399671046415,-0.0057448416156926,0.0004746159850537
RF,FTSE,4,2025-07-01,2026-07-01,2025-10-07,3843,9.157319228809405,0.0085369510353316,-0.0052134354148526,-0.0050212320239708,0.0068620556930518
RF,FTSE,4,2025-07-01,2026-07-01,2025-10-08,3844,9.164181284502456,0.0038856699368157,-0.0048525702304658,-0.020557846349428,-0.0041451813582469
RF,FTSE,4,2025-07-01,2026-07-01,2025-10-09,3845,9.16003610314421,0.0010539696601483,-0.005577597362626,-0.0111882710202859,-0.0086498740116969
RF,FTSE,4,2025-07-01,2026-07-01,2025-10-10,3846,9.151386229132513,0.0001428798557139,-0.0070776770078868,-5.303773636278208e-05,0.001632227586624
RF,FTSE,4,2025-07-01,2026-07-01,2025-10-13,3847,9.153018456719137,0.0006328579405519,-0.0065932353904625,0.0076063230111138,0.0010477955160013
RF,FTSE,4,2025-07-01,2026-07-01,2025-10-14,3848,9.154066252235138,0.0019641980055382,-0.0060957736482585,0.0132204294825317,-0.0029664810264797
RF,FTSE,4,2025-07-01,2026-07-01,2025-10-15,3849,9.151099771208658,0.0047793334116672,-0.0056656281145254,0.0231573200967023,0.0011982255767755
RF,FTSE,4,2025-07-01,2026-07-01,2025-10-16,3850,9.152297996785434,0.0076143728266,-0.00541988426277,0.0228088821874123,-0.0086745586324052
RF,FTSE,4,2025-07-01,2026-07-01,2025-10-17,3851,9.143623438153028,0.0120934387383826,-0.0073031063855507,0.0359174824117882,0.0052243939708951
RF,FTSE,4,2025-07-01,2026-07-01,2025-10-20,3852,9.148847832123923,0.0162980047747147,-0.0068098492276066,0.036800137222805,0.0024853592722262
RF,FTSE,4,2025-07-01,2026-07-01,2025-10-21,3853,9.15133319139615,0.0200371752514207,-0.0060826556072614,0.0347246938374947,0.0092915883341007
RF,FTSE,4,2025-07-01,2026-07-01,2025-10-22,3854,9.16062477973025,0.0211702909828943,-0.0055081329993822,0.0210382812596012,0.0066619019874192
RF,FTSE,4,2025-07-01,2026-07-01,2025-10-23,3855,9.16728668171767,0.0208777383531941,-0.0050553751971381,0.0127388425209602,0.0069704095876907
RF,FTSE,4,2025-07-01,2026-07-01,2025-10-24,3856,9.17425709130536,0.0197726293312801,-0.0050405529421212,0.0071692705061803,0.0008497876674855
RF,FTSE,4,2025-07-01,2026-07-01,2025-10-27,3857,9.175106878972846,0.0194229770679452,-0.0050210640411866,0.0126912766137898,0.0044340415919705
RF,FTSE,4,2025-07-01,2026-07-01,2025-10-28,3858,9.179540920564817,0.0174889739635322,-0.0046996064415856,0.0040241515131071,0.0061070487819119
RF,FTSE,4,2025-07-01,2026-07-01,2025-10-29,3859,9.185647969346729,0.0138319075733885,-0.0050927415811736,-0.0075622704429605,0.0004099158869159
RF,FTSE,4,2025-07-01,2026-07-01,2025-10-30,3860,9.186057885233645,0.011997418234511,-0.0047411339450429,0.0027728232105665,-0.0043948242437927
RF,FTSE,4,2025-07-01,2026-07-01,2025-10-31,3861,9.181663060989852,0.0123940383511165,-0.0053864651995635,0.0185865308174939,-0.0016375367512218
RF,FTSE,4,2025-07-01,2026-07-01,2025-11-03,3862,9.18002552423863,0.0135022621127873,-0.0055569527020181,0.0214154039622052,0.0014008375729108
RF,FTSE,4,2025-07-01,2026-07-01,2025-11-04,3863,9.18142636181154,0.0131687803526716,-0.0052481461807119,0.0094967285351597,0.0063717937750951
RF,FTSE,4,2025-07-01,2026-07-01,2025-11-05,3864,9.187798155586636,0.010745068125308,-0.0052857508083236,-0.0080819128769995,-0.004233083508712
RF,FTSE,4,2025-07-01,2026-07-01,2025-11-06,3865,9.183565072077924,0.0087890947490123,-0.005822457687129,-0.0062231709923121,-0.0054793731741558
RF,FTSE,4,2025-07-01,2026-07-01,2025-11-07,3866,9.178085698903768,0.0069219909656492,-0.0063918118169347,-0.0135484771760463,0.0107450095404431
RF,FTSE,4,2025-07-01,2026-07-01,2025-11-10,3867,9.188830708444211,0.0024794742059466,-0.006408895127531,-0.0290049456227912,0.0114188833631345
RF,FTSE,4,2025-07-01,2026-07-01,2025-11-11,3868,9.200249591807346,-0.0031388376465191,-0.0057143099840759,-0.0382909469145662,0.0011913363934894
RF,FTSE,4,2025-07-01,2026-07-01,2025-11-12,3869,9.201440928200835,-0.0089085481674704,-0.005633061600314,-0.0382235903201824,-0.0105178378541346
RF,FTSE,4,2025-07-01,2026-07-01,2025-11-13,3870,9.1909230903467,-0.0133571475003062,-0.0073840185629977,-0.0282090190762414,-0.0112068476370641
RF,FTSE,4,2025-07-01,2026-07-01,2025-11-14,3871,9.179716242709636,-0.0149987386388197,-0.0096078013251294,-0.0092087712351762,-0.0023743416240247
RF,FTSE,4,2025-07-01,2026-07-01,2025-11-17,3872,9.177341901085612,-0.0145781257890362,-0.0087728230528108,0.0016728685421387,-0.0128046793578899
RF,FTSE,4,2025-07-01,2026-07-01,2025-11-18,3873,9.164537221727722,-0.0130298068802616,-0.0098285780757708,0.0147149192611806,-0.0047114589063017
RF,FTSE,4,2025-07-01,2026-07-01,2025-11-19,3874,9.15982576282142,-0.0100966119587457,-0.0092304718545612,0.0221665736392768,0.0021328820713595
RF,FTSE,4,2025-07-01,2026-07-01,2025-11-20,3875,9.16195864489278,-0.0073410978976351,-0.0072524016908229,0.018180218350281,0.0012586929878732
RF,FTSE,4,2025-07-01,2026-07-01,2025-11-21,3876,9.163217337880653,-0.0045022816704349,-0.0064967876935759,0.0168493562741289,-0.0005032666101936
RF,FTSE,4,2025-07-01,2026-07-01,2025-11-24,3877,9.16271407127046,-0.0016517681874912,-0.0057042136278836,0.0163522880971509,0.0077934002040009
RF,FTSE,4,2025-07-01,2026-07-01,2025-11-25,3878,9.17050747147446,6.202330319382554e-05,-0.0054219708078822,0.0104968136916294,0.0085072981532903
RF,FTSE,4,2025-07-01,2026-07-01,2025-11-26,3879,9.17901476962775,-0.0005002762831924,-0.0056484348991915,-0.0025414671631445,0.0002373713611518
RF,FTSE,4,2025-07-01,2026-07-01,2025-11-27,3880,9.179252140988902,-0.0014604073027708,-0.0054635879535564,-0.0050468881363059,0.0027401954717944
RF,FTSE,4,2025-07-01,2026-07-01,2025-11-28,3881,9.181992336460697,-0.002820965163174,-0.00515108366356,-0.008108501495128,-0.0018534732176362
RF,FTSE,4,2025-07-01,2026-07-01,2025-12-01,3882,9.18013886324306,-0.00342126641881,-0.0052729943288749,-0.0048558830822802,-7.216908827878399e-05
RF,FTSE,4,2025-07-01,2026-07-01,2025-12-02,3883,9.180066694154782,-0.0029294002553381,-0.0053024302000543,0.0001443329685582,-0.0010003347871716
RF,FTSE,4,2025-07-01,2026-07-01,2025-12-03,3884,9.17906635936761,-0.0033467047799184,-0.0052104829959361,-0.0044567973472258,0.0019379257984795
RF,FTSE,4,2025-07-01,2026-07-01,2025-12-04,3885,9.18100428516609,-0.0025809034006183,-0.0052137431645961,0.004151583241656,-0.0045309827014836
RF,FTSE,4,2025-07-01,2026-07-01,2025-12-05,3886,9.176473302464606,-0.0018857999565202,-0.0057445120259951,0.0018396025059068,-0.0022680496120095
RF,FTSE,4,2025-07-01,2026-07-01,2025-12-08,3887,9.174205252852596,0.0002781519682777,-0.0057839668828402,0.0133064982013149,-0.0003214178870276
RF,FTSE,4,2025-07-01,2026-07-01,2025-12-09,3888,9.173883834965569,0.0031926606923295,-0.0055632619293117,0.0201035329945717,0.0013991451952115
RF,FTSE,4,2025-07-01,2026-07-01,2025-12-10,3889,9.17528298016078,0.006442575586762,-0.0054744611377792,0.0247444346743961,0.0049280469625596
RF,FTSE,4,2025-07-01,2026-07-01,2025-12-11,3890,9.18021102712334,0.0082161385725214,-0.0052676047881638,0.0166387546703443,-0.0056014651029556
RF,FTSE,4,2025-07-01,2026-07-01,2025-12-12,3891,9.174609562020384,0.0114147900001047,-0.0063956125534031,0.0245889892870341,0.0105463063873614
RF,FTSE,4,2025-07-01,2026-07-01,2025-12-15,3892,9.185155868407746,0.0125893804266006,-0.0060658858809845,0.0121702032778507,-0.0068429634372328
RF,FTSE,4,2025-07-01,2026-07-01,2025-12-16,3893,9.178312904970513,0.0144635056071553,-0.0075240611745892,0.0185875546389677,0.0091988460833984
RF,FTSE,4,2025-07-01,2026-07-01,2025-12-17,3894,9.187511751053911,0.0161182589665322,-0.0069122028066198,0.0168809883001284,0.0064756169062292
RF,FTSE,4,2025-07-01,2026-07-01,2025-12-18,3895,9.19398736796014,0.0165970865160502,-0.0059694654498466,0.0094694053820347,0.0060400468750358
RF,FTSE,4,2025-07-01,2026-07-01,2025-12-19,3896,9.200027414835176,0.0164043768474098,-0.0054073240092951,0.0054109227163188,-0.0031776330414921
RF,FTSE,4,2025-07-01,2026-07-01,2025-12-22,3897,9.196849781793684,0.0171667586307133,-0.0053626472458688,0.0139504453703924,0.002348769513734
RF,FTSE,4,2025-07-01,2026-07-01,2025-12-23,3898,9.199198551307418,0.0183679193933627,-0.0052994224269033,0.0233371736631475,-0.0018724796218219
RF,FTSE,4,2025-07-01,2026-07-01,2025-12-24,3899,9.197326071685596,0.0187311239979699,-0.0051580386788906,0.0178227407204509,-0.0004256120761159
RF,FTSE,4,2025-07-01,2026-07-01,2025-12-29,3900,9.19690045960948,0.0191219018114789,-0.0052015838156591,0.017899971033124,0.0074922797445591
RF,FTSE,4,2025-07-01,2026-07-01,2025-12-30,3901,9.20439273935404,0.0194132941983209,-0.0051925834869355,0.0183306070856996,-0.0009359660118644
RF,FTSE,4,2025-07-01,2026-07-01,2025-12-31,3902,9.203456773342175,0.0200970547478718,-0.0052053212164919,0.0208555542111241,0.0019815642093199
RF,FTSE,4,2025-07-01,2026-07-01,2026-01-02,3903,9.205438337551495,0.0203365053149351,-0.0051622899396359,0.0185485349915932,0.0053618896125815
RF,FTSE,4,2025-07-01,2026-07-01,2026-01-05,3904,9.210800227164077,0.0204092197623459,-0.0049753028388873,0.0178122279547832,0.0117354978064891
RF,FTSE,4,2025-07-01,2026-07-01,2026-01-06,3905,9.222535724970566,0.0201572860952978,-0.0052312111300199,0.0114137841288624,-0.0073869125645185
RF,FTSE,4,2025-07-01,2026-07-01,2026-01-07,3906,9.215148812406047,0.0206987572516723,-0.0065335667747084,0.0184489773646365,-0.0003483817634428
RF,FTSE,4,2025-07-01,2026-07-01,2026-01-08,3907,9.214800430642605,0.0202818190205658,-0.0064894467593531,0.0148915248292063,0.0079229157971347
RF,FTSE,4,2025-07-01,2026-07-01,2026-01-09,3908,9.22272334643974,0.0176566204329695,-0.0058589337548973,0.0002172882254889,0.00158898111356
RF,FTSE,4,2025-07-01,2026-07-01,2026-01-12,3909,9.2243123275533,0.0148913496975282,-0.0052424008157165,-0.0002564832215714,-0.0003254550102109
RF,FTSE,4,2025-07-01,2026-07-01,2026-01-13,3910,9.223986872543088,0.012430896664604,-0.0051424070959787,0.0012519256102176,0.0046255825757715
RF,FTSE,4,2025-07-01,2026-07-01,2026-01-14,3911,9.22861245511886,0.0092066248280815,-0.0051046299450451,-0.0040338899459033,0.0053370539805683
RF,FTSE,4,2025-07-01,2026-07-01,2026-01-15,3912,9.233949509099428,0.0054770927853944,-0.0049756063507986,-0.0088288663972679,-0.0003517193287443
RF,FTSE,4,2025-07-01,2026-07-01,2026-01-16,3913,9.233597789770684,0.0034168136293875,-0.0050034797514388,-0.0026903959881874,-0.0039058342988731
RF,FTSE,4,2025-07-01,2026-07-01,2026-01-19,3914,9.22969195547181,0.0014269461831446,-0.0053435652265718,-0.0040295289292995,-0.0067513208065825
RF,FTSE,4,2025-07-01,2026-07-01,2026-01-20,3915,9.222940634665228,0.0010090152762618,-0.0067233290746773,0.0044338106653629,0.0011152096664996
RF,FTSE,4,2025-07-01,2026-07-01,2026-01-21,3916,9.224055844331728,0.0016027650308654,-0.0064325234752874,0.0083884265513791,0.0011829538215781
RF,FTSE,4,2025-07-01,2026-07-01,2026-01-22,3917,9.225238798153306,0.0036387785269518,-0.0057860271805521,0.0186910390442296,-0.0006602329803495
RF,FTSE,4,2025-07-01,2026-07-01,2026-01-23,3918,9.224578565172957,0.0055893878733019,-0.0053794239050877,0.016737043231469,0.0005420775292037
RF,FTSE,4,2025-07-01,2026-07-01,2026-01-26,3919,9.22512064270216,0.0084514967132243,-0.005169920917799,0.0246615530466538,0.0057867510803362
RF,FTSE,4,2025-07-01,2026-07-01,2026-01-27,3920,9.230907393782497,0.0087610982496535,-0.0053572122896226,0.0098846045949709,-0.0052449672399852
RF,FTSE,4,2025-07-01,2026-07-01,2026-01-28,3921,9.225662426542511,0.0107447076454736,-0.0063150685887152,0.0209905692572487,0.0017120187880799
RF,FTSE,4,2025-07-01,2026-07-01,2026-01-29,3922,9.227374445330591,0.0126307575241604,-0.0057413098507395,0.0208588543849668,0.0050698255525158
RF,FTSE,4,2025-07-01,2026-07-01,2026-01-30,3923,9.232444270883107,0.0129295767810688,-0.0054829011730049,0.0126645913220322,0.0114855663144286
RF,FTSE,4,2025-07-01,2026-07-01,2026-02-02,3924,9.243929837197536,0.013137078738616,-0.0053789048869593,0.0125399823193639,-0.0026142287931101
RF,FTSE,4,2025-07-01,2026-07-01,2026-02-03,3925,9.241315608404426,0.0127433467742221,-0.0051398311957739,0.0084762568841139,0.0084665873443885
RF,FTSE,4,2025-07-01,2026-07-01,2026-02-04,3926,9.249782195748814,0.011871936387223,-0.0050005625459071,0.0042305420768169,-0.0089901973713466
RF,FTSE,4,2025-07-01,2026-07-01,2026-02-05,3927,9.240791998377468,0.0125359769437203,-0.0071288929401129,0.0158306523471729,0.0058609974222925
RF,FTSE,4,2025-07-01,2026-07-01,2026-02-06,3928,9.24665299579976,0.0134975910736852,-0.0065602917002254,0.0178156667168014,0.0015803039157979
RF,FTSE,4,2025-07-01,2026-07-01,2026-02-09,3929,9.248233299715558,0.0153761391909874,-0.0057671780570401,0.0284751869812023,-0.0031244375104186
RF,FTSE,4,2025-07-01,2026-07-01,2026-02-10,3930,9.24510886220514,0.0170798804693781,-0.0054262180504601,0.0260443491675559,0.0113609573117603
RF,FTSE,4,2025-07-01,2026-07-01,2026-02-11,3931,9.2564698195169,0.0179752110352708,-0.0053872395102347,0.0203041883530694,-0.0066779542283601
RF,FTSE,4,2025-07-01,2026-07-01,2026-02-12,3932,9.24979186528854,0.0196632802546936,-0.0070530318876698,0.0267762436070917,0.0042208725370915
RF,FTSE,4,2025-07-01,2026-07-01,2026-02-13,3933,9.254012737825631,0.0205920700859092,-0.0064420653443519,0.022171516312488,0.0026099128990093
RF,FTSE,4,2025-07-01,2026-07-01,2026-02-16,3934,9.25662265072464,0.0224548255565331,-0.0057619893134029,0.0312712156141667,0.007846011791921
RF,FTSE,4,2025-07-01,2026-07-01,2026-02-17,3935,9.264468662516562,0.0236924258667468,-0.0054278700527206,0.027147520731015,0.0122398241801988
RF,FTSE,4,2025-07-01,2026-07-01,2026-02-18,3936,9.27670848669676,0.024381813192047,-0.0051729639074317,0.020781550232872,-0.005555275324065
RF,FTSE,4,2025-07-01,2026-07-01,2026-02-19,3937,9.271153211372695,0.0237660148951235,-0.0059250414012849,0.0143038732493643,0.0056207964972738
RF,FTSE,4,2025-07-01,2026-07-01,2026-02-20,3938,9.27677400786997,0.0210645787039815,-0.0058921202176841,-0.0191589423868219,-0.0002058989743378
RF,FTSE,4,2025-07-01,2026-07-01,2026-02-23,3939,9.276568108895631,0.0187146419443582,-0.0056352824220781,-0.0110106321995431,-0.0003838547575121
RF,FTSE,4,2025-07-01,2026-07-01,2026-02-24,3940,9.27618425413812,0.0156144015427202,-0.0054028641066731,-0.0252874854096454,0.0117096122006881
RF,FTSE,4,2025-07-01,2026-07-01,2026-02-25,3941,9.287893866338807,0.0102404520297678,-0.005133760291732,-0.0494715292260714,0.0037223169087692
RF,FTSE,4,2025-07-01,2026-07-01,2026-02-26,3942,9.291616183247577,0.0036446039359603,-0.0048207371616695,-0.0566319803586345,0.0058738536820559
RF,FTSE,4,2025-07-01,2026-07-01,2026-02-27,3943,9.297490036929632,-0.0020517762436149,-0.0049465576780934,-0.0467565436361603,-0.0120329523075728
RF,FTSE,4,2025-07-01,2026-07-01,2026-03-02,3944,9.28545708462206,-0.0064925272655216,-0.0074585991578898,-0.0403482224169202,-0.0278420191389123
RF,FTSE,4,2025-07-01,2026-07-01,2026-03-03,3945,9.257615065483147,-0.0102299493638184,-0.0102352984317868,-0.0172111453397665,0.0079424112129409
RF,FTSE,4,2025-07-01,2026-07-01,2026-03-04,3946,9.265557476696088,-0.0148779811416677,-0.0093953857206895,-0.0294323867120986,-0.0146607079676144
RF,FTSE,4,2025-07-01,2026-07-01,2026-03-05,3947,9.250896768728474,-0.0179152244538123,-0.0110175911429723,-0.0092806038189383,-0.0124744316157379
RF,FTSE,4,2025-07-01,2026-07-01,2026-03-06,3948,9.238422337112736,-0.0186783969348933,-0.0119543920816109,0.0114848044183624,-0.0034381342237939
RF,FTSE,4,2025-07-01,2026-07-01,2026-03-09,3949,9.234984202888942,-0.0194775632071078,-0.0108819619382162,0.0054293831407559,0.0157492904045302
RF,FTSE,4,2025-07-01,2026-07-01,2026-03-10,3950,9.250733493293472,-0.022511419316558,-0.0088536888551289,-0.0340631976224194,-0.0056246310883327
RF,FTSE,4,2025-07-01,2026-07-01,2026-03-11,3951,9.24510886220514,-0.0256858229951078,-0.008648202172217,-0.0429720672717799,-0.0047049420617586
RF,FTSE,4,2025-07-01,2026-07-01,2026-03-12,3952,9.24040392014338,-0.0286063702481804,-0.007910917492592,-0.0406998945486574,-0.0042788301593912
RF,FTSE,4,2025-07-01,2026-07-01,2026-03-13,3953,9.23612508998399,-0.0300421412141052,-0.0081313125443612,-0.0292707676931822,0.0054910749255459
RF,FTSE,4,2025-07-01,2026-07-01,2026-03-16,3954,9.241616164909535,-0.0300782805523311,-0.0067572016989761,-0.0206524406210828,0.0082909766215628
RF,FTSE,4,2025-07-01,2026-07-01,2026-03-17,3955,9.249907141531098,-0.0322786340299448,-0.0060330507576865,-0.0423506213458342,-0.0094935555014004
RF,FTSE,4,2025-07-01,2026-07-01,2026-03-18,3956,9.240413586029698,-0.0335206318936496,-0.0081301051192637,-0.0333385002402266,-0.0237432903586451
RF,FTSE,4,2025-07-01,2026-07-01,2026-03-19,3957,9.216670295671053,-0.0316880906380223,-0.0104444684538365,0.0063888487129055,-0.0145335007376932
RF,FTSE,4,2025-07-01,2026-07-01,2026-03-20,3958,9.20213679493336,-0.0280910016504822,-0.0122634920086017,0.0256996246595768,-0.0024327693386361
RF,FTSE,4,2025-07-01,2026-07-01,2026-03-23,3959,9.199704025594723,-0.021920208386911,-0.0110294287209069,0.0464666845384602,0.0071502966960839
RF,FTSE,4,2025-07-01,2026-07-01,2026-03-24,3960,9.206854322290807,-0.0154478297174911,-0.009513691113575,0.0461910514841328,0.0141094019976453
RF,FTSE,4,2025-07-01,2026-07-01,2026-03-25,3961,9.220963724288453,-0.0116003721730351,-0.0077225622080482,0.0236621067813196,-0.0134072041031885
RF,FTSE,4,2025-07-01,2026-07-01,2026-03-26,3962,9.207556520185264,-0.005014709390485,-0.0095438053834008,0.0618920670909926,-0.0004814343957928
RF,FTSE,4,2025-07-01,2026-07-01,2026-03-27,3963,9.207075085789471,0.0020240230718897,-0.0082101819049261,0.0618643284896496,0.015984058594487
RF,FTSE,4,2025-07-01,2026-07-01,2026-03-30,3964,9.223059144383958,0.007221545120478,-0.0073735763080271,0.045597304415061,0.004777275208978
RF,FTSE,4,2025-07-01,2026-07-01,2026-03-31,3965,9.227836419592936,0.0117733481978792,-0.006277926360054,0.0391677995007881,0.0183342905402472
RF,FTSE,4,2025-07-01,2026-07-01,2026-04-01,3966,9.246170710133184,0.0148231632125828,-0.0055638993557749,0.0232966554209479,0.0068746636417564
RF,FTSE,4,2025-07-01,2026-07-01,2026-04-02,3967,9.25304537377494,0.0162886180424077,-0.0051856036312868,0.0117452669876083,-0.0084195427051678
RF,FTSE,4,2025-07-01,2026-07-01,2026-04-07,3968,9.244625831069772,0.0188724529158452,-0.0068785836064278,0.0230396075256802,0.0248227562064844
RF,FTSE,4,2025-07-01,2026-07-01,2026-04-08,3969,9.269448587276257,0.020577676120645,-0.0065453912449337,0.0055177653917048,-0.0005091729971358
RF,FTSE,4,2025-07-01,2026-07-01,2026-04-09,3970,9.26893941427912,0.0208560862193003,-0.0059819936111942,0.0005279512750107,-0.0002829654801015
RF,FTSE,4,2025-07-01,2026-07-01,2026-04-10,3971,9.26865644879902,0.0189996561657324,-0.0053951135534353,-0.0097069186173293,-0.0016522297052947
RF,FTSE,4,2025-07-01,2026-07-01,2026-04-13,3972,9.267004219093725,0.0167240725569985,-0.0052138598806458,-0.010114286464562,0.002463146460407
RF,FTSE,4,2025-07-01,2026-07-01,2026-04-14,3973,9.269467365554132,0.0136690594363777,-0.0052109663750765,-0.014440475955542,-0.004676724791583
RF,FTSE,4,2025-07-01,2026-07-01,2026-04-15,3974,9.264790640762548,0.0100886056217532,-0.0058207266893563,-0.0172412306398239,0.002874797832904
RF,FTSE,4,2025-07-01,2026-07-01,2026-04-16,3975,9.267665438595452,0.005360000180774,-0.005800107335441,-0.0257198539400569,0.0073009140725091
RF,FTSE,4,2025-07-01,2026-07-01,2026-04-17,3976,9.274966352667962,9.645464781016244e-05,-0.0053676006196621,-0.0318877910061914,-0.00549898711383
RF,FTSE,4,2025-07-01,2026-07-01,2026-04-20,3977,9.269467365554132,-0.005424835511139,-0.0062150395732149,-0.0380409148291374,-0.0105178353724415
RF,FTSE,4,2025-07-01,2026-07-01,2026-04-21,3978,9.25894953018169,-0.0065909650165139,-0.0082446368191952,-0.0114290058996324,-0.0020595975525274
RF,FTSE,4,2025-07-01,2026-07-01,2026-04-22,3979,9.256889932629162,-0.0075576914235906,-0.0077660404957704,-0.0108060020870386,-0.001863043030573
RF,FTSE,4,2025-07-01,2026-07-01,2026-04-23,3980,9.25502688959859,-0.0096549653376953,-0.0069936125089217,-0.0230131305659355,-0.0074774794758649
RF,FTSE,4,2025-07-01,2026-07-01,2026-04-24,3981,9.247549410122724,-0.0083433027652013,-0.0083045594812629,0.0057259411981398,-0.0056038254673289
RF,FTSE,4,2025-07-01,2026-07-01,2026-04-27,3982,9.241945584655396,-0.0075102937241062,-0.0081612635261131,-0.0042819170303243,0.0011329770063746
RF,FTSE,4,2025-07-01,2026-07-01,2026-04-28,3983,9.24307856166177,-0.0073735734891453,-0.0073633795914667,-0.0096957564901725,-0.0116521109367759
RF,FTSE,4,2025-07-01,2026-07-01,2026-04-29,3984,9.231426450724994,-0.0056294568326169,-0.009085274291277,0.005497465938637,0.0160940735570633
RF,FTSE,4,2025-07-01,2026-07-01,2026-04-30,3985,9.247520524282058,-0.0064719931976497,-0.0081089917859185,-0.0109959887589354,-0.0014365937399336
RF,FTSE,4,2025-07-01,2026-07-01,2026-05-01,3986,9.246083930542124,-0.0063962963746782,-0.0067136617514617,-0.003721734711739,-0.0140701715094699
RF,FTSE,4,2025-07-01,2026-07-01,2026-05-05,3987,9.232013759032654,-0.0041934175020692,-0.0091016816222267,0.0149381935983203,0.0212615922882104
RF,FTSE,4,2025-07-01,2026-07-01,2026-05-06,3988,9.253275351320864,-0.0062163715238749,-0.0082872835105016,-0.0235833958490534,-0.0156116836957931
RF,FTSE,4,2025-07-01,2026-07-01,2026-05-07,3989,9.237663667625071,-0.0055211559208796,-0.0103300938836151,0.0045435017708204,-0.0042808624534735
RF,FTSE,4,2025-07-01,2026-07-01,2026-05-08,3990,9.233382805171598,-0.0042482436078987,-0.0097209996094853,0.009482800695558,0.0035411114920336
RF,FTSE,4,2025-07-01,2026-07-01,2026-05-11,3991,9.236923916663631,-0.0020914625042482,-0.0084625974627853,0.0157381060361192,-0.0003993811405091
RF,FTSE,4,2025-07-01,2026-07-01,2026-05-12,3992,9.236524535523122,0.0003333547972754,-0.0071618521386608,0.0172105187722504,0.0058376603072627
RF,FTSE,4,2025-07-01,2026-07-01,2026-05-13,3993,9.242362195830385,0.0023370894922116,-0.0063855238878169,0.0135536362760024,0.0045897568005894
RF,FTSE,4,2025-07-01,2026-07-01,2026-05-14,3994,9.246951952630974,0.0040156492782532,-0.0057020309766795,0.0113592375257063,-0.0172599971591633
RF,FTSE,4,2025-07-01,2026-07-01,2026-05-15,3995,9.22969195547181,0.007786125169753,-0.0089963693812318,0.0299146578072893,0.0125152139240807
RF,FTSE,4,2025-07-01,2026-07-01,2026-05-18,3996,9.242207169395892,0.0087037772954143,-0.0082832158436946,0.0098507959321612,0.000658436471264
RF,FTSE,4,2025-07-01,2026-07-01,2026-05-19,3997,9.242865605867156,0.0091709205408161,-0.0075498830914243,0.007589291682132,0.0097964168325948
RF,FTSE,4,2025-07-01,2026-07-01,2026-05-20,3998,9.25266202269975,0.0073345952608061,-0.0067154877139617,-0.0089835911130577,0.0010730315956219
RF,FTSE,4,2025-07-01,2026-07-01,2026-05-21,3999,9.253735054295372,0.0058634123029701,-0.0058556715354483,-0.0067252979621788,0.0021807778110147
RF,FTSE,4,2025-07-01,2026-07-01,2026-05-22,4000,9.255915832106387,0.003407970338026,-0.0057489400586817,-0.0128856612106478,0.0023953580502933
RF,FTSE,4,2025-07-01,2026-07-01,2026-05-26,4001,9.25831119015668,0.0011538102536281,-0.005580407048314,-0.0125747360855221,0.0012954231224195
RF,FTSE,4,2025-07-01,2026-07-01,2026-05-27,4002,9.2596066132791,-0.0010677133046161,-0.0048798231845595,-0.0131175873474873,-0.0075486479510473
RF,FTSE,4,2025-07-01,2026-07-01,2026-05-28,4003,9.252057965328053,-0.0017878985188684,-0.0070067547909337,-0.0050771104283082,-0.001603067778765
RF,FTSE,4,2025-07-01,2026-07-01,2026-05-29,4004,9.250454897549288,-0.0040546982033262,-0.0064656887233742,-0.017639022155107,-0.006776465962595
RF,FTSE,4,2025-07-01,2026-07-01,2026-06-01,4005,9.243678431586693,-0.0048110456211478,-0.0075982880850088,-0.008177282997968,0.0033313247465009
RF,FTSE,4,2025-07-01,2026-07-01,2026-06-02,4006,9.247009756333194,-0.0053546499791679,-0.006535000559715,-0.0067319750946932,-0.0039795854374542
RF,FTSE,4,2025-07-01,2026-07-01,2026-06-03,4007,9.24303017089574,-0.0033290258129472,-0.006572042300319,0.0134015071123343,0.0027062831754189
RF,FTSE,4,2025-07-01,2026-07-01,2026-06-04,4008,9.245736454071158,-0.0021981519356586,-0.0058045298284751,0.0067625811854252,0.0007525718604544
RF,FTSE,4,2025-07-01,2026-07-01,2026-06-05,4009,9.246489025931613,-0.0004510935397412,-0.0055654827033498,0.012088995254528,0.0004918289681317
RF,FTSE,4,2025-07-01,2026-07-01,2026-06-08,4010,9.246980854899745,0.0014357210880842,-0.0051356482419536,0.0129683564565201,-0.0141649795055638
RF,FTSE,4,2025-07-01,2026-07-01,2026-06-09,4011,9.23281587539418,0.0035917226532458,-0.0083263329790733,0.0167163819459688,0.0026852731945439
RF,FTSE,4,2025-07-01,2026-07-01,2026-06-10,4012,9.235501148588725,0.004846796436345,-0.0079382231870587,0.0105248304759193,0.0047766326497757
RF,FTSE,4,2025-07-01,2026-07-01,2026-06-11,4013,9.2402777812385,0.0063075452832581,-0.0073089171318593,0.0129209479633001,0.0161538967695733
RF,FTSE,4,2025-07-01,2026-07-01,2026-06-12,4014,9.256431678008074,0.005698685421736,-0.0063829788700231,-0.0040955631238634,-0.00393264275149
RF,FTSE,4,2025-07-01,2026-07-01,2026-06-15,4015,9.252499035256584,0.0059087478055879,-0.005774020596563,0.0029676169967718,0.0060789859295571
RF,FTSE,4,2025-07-01,2026-07-01,2026-06-16,4016,9.25857802118614,0.0062418978555456,-0.0052229771332949,0.0033961243173674,0.0013711901701238
RF,FTSE,4,2025-07-01,2026-07-01,2026-06-17,4017,9.259949211356265,0.0058607337692055,-0.0056024252533027,-5.7060550831877777e-05,-0.0104169540161151
RF,FTSE,4,2025-07-01,2026-07-01,2026-06-18,4018,9.24953225734015,0.006529123247045,-0.0075002968835879,0.0080924022386987,-0.0035062782755055
RF,FTSE,4,2025-07-01,2026-07-01,2026-06-19,4019,9.246025979064644,0.0078068895385303,-0.0074404635980735,0.0128282912445065,0.0071727501371565
RF,FTSE,4,2025-07-01,2026-07-01,2026-06-22,4020,9.2531987292018,0.0075999442338829,-0.0062394307492068,0.0038629831349901,-0.0008626143175902
RF,FTSE,4,2025-07-01,2026-07-01,2026-06-23,4021,9.25233611488421,0.0093519462797715,-0.0058985470290271,0.0212513563242193,0.0031305373691452
RF,AUDUSD,0,2021-07-01,2022-07-01,2021-07-01,2853,-0.2922516164760949,-0.0086064000853527,-0.0072265833408764,0.0020327342743821,0.0070463453321396
RF,AUDUSD,0,2021-07-01,2022-07-01,2021-07-04,2854,-0.2852052711439553,-0.0087826610429771,-0.0052376073808443,-0.0102402838074812,0.0032405518446195
RF,AUDUSD,0,2021-07-01,2022-07-01,2021-07-05,2855,-0.2819647192993357,-0.0087237656284346,-0.0039680901483681,-0.0083364702785628,-0.0063844323660647
RF,AUDUSD,0,2021-07-01,2022-07-01,2021-07-06,2856,-0.2883491516654004,-0.0087947623355384,-0.0046970785993428,-0.0096525276725901,-0.001413218915158
RF,AUDUSD,0,2021-07-01,2022-07-01,2021-07-07,2857,-0.2897623705805585,-0.0092581882919848,-0.00386135420491,-0.0125597064816149,-0.006854658746442
RF,AUDUSD,0,2021-07-01,2022-07-01,2021-07-08,2858,-0.2966170293270005,-0.0096314604306431,-0.0052618540697964,-0.01273792373279,0.0076107779502858
RF,AUDUSD,0,2021-07-01,2022-07-01,2021-07-11,2859,-0.2890062513767147,-0.0111260161497541,-0.0027814841764182,-0.0203883349325835,-0.001212630824998
RF,AUDUSD,0,2021-07-01,2022-07-01,2021-07-12,2860,-0.2902188822017127,-0.012145379068028,-0.0020571616082703,-0.0173099354933071,-0.0052266727497237
RF,AUDUSD,0,2021-07-01,2022-07-01,2021-07-13,2861,-0.2954455549514365,-0.0117239849009693,-0.0032310786171087,-0.0082983342751596,0.0051443653735379
RF,AUDUSD,0,2021-07-01,2022-07-01,2021-07-14,2862,-0.2903011895778985,-0.0122728985463415,-0.001059689966384,-0.0151078146218955,-0.007700489760092
RF,AUDUSD,0,2021-07-01,2022-07-01,2021-07-15,2863,-0.2980016793379906,-0.0111865171710058,-0.0034288089905403,-0.0046921591682854,-0.0043203977241828
RF,AUDUSD,0,2021-07-01,2022-07-01,2021-07-18,2864,-0.3023220770621734,-0.0100618518212724,-0.003536421607994,-0.0033374070433789,-0.0070328759976172
RF,AUDUSD,0,2021-07-01,2022-07-01,2021-07-19,2865,-0.3093549530597906,-0.0077969561660644,-0.0046682836257615,0.0051506278746087,-3.963324950767566e-05
RF,AUDUSD,0,2021-07-01,2022-07-01,2021-07-20,2866,-0.3093945863092983,-0.0050692157638411,-0.0037761118772334,0.0077622690823067,0.0018657686142783
RF,AUDUSD,0,2021-07-01,2022-07-01,2021-07-21,2867,-0.3075288176950199,-0.0042049809957647,-0.0025980977018805,-0.0014033431132798,0.0037849284684237
RF,AUDUSD,0,2021-07-01,2022-07-01,2021-07-22,2868,-0.3037438892265962,-0.0036174003016902,-0.0011663330253164,-0.0026998019225965,-0.0016651149731979
RF,AUDUSD,0,2021-07-01,2022-07-01,2021-07-25,2869,-0.3054090041997941,-0.0021255549061625,-0.0005764583390477,0.0038713749110442,0.002715165693518
RF,AUDUSD,0,2021-07-01,2022-07-01,2021-07-26,2870,-0.302693838506276,-0.0015129698229471,8.670202627668292e-05,-0.000711240654194,-0.0029656455992763
RF,AUDUSD,0,2021-07-01,2022-07-01,2021-07-27,2871,-0.3056594841055524,1.3009316383261194e-05,-0.0006114211413494,0.0049595531576341,0.0014551589203705
RF,AUDUSD,0,2021-07-01,2022-07-01,2021-07-28,2872,-0.3042043251851818,-0.0004749436017574,-0.0002845419324929,-0.0053371127569594,0.0025720079581902
RF,AUDUSD,0,2021-07-01,2022-07-01,2021-07-29,2873,-0.3016323172269916,-0.0016014068459743,-1.9682564357430907e-05,-0.0088406036435654,-0.0072998435813081
RF,AUDUSD,0,2021-07-01,2022-07-01,2021-08-01,2874,-0.3089321608082997,-0.0009853701647264,-0.0022362367226219,0.0002033345658111,0.002488469659107
RF,AUDUSD,0,2021-07-01,2022-07-01,2021-08-02,2875,-0.3064436911491927,-0.0002057327354014,-0.0014959282525687,0.0018307736896097,0.0049060618604427
RF,AUDUSD,0,2021-07-01,2022-07-01,2021-08-03,2876,-0.3015376292887499,-0.0009758968882855,-0.0005420436357404,-0.0075046984900042,-0.0018674498717202
RF,AUDUSD,0,2021-07-01,2022-07-01,2021-08-04,2877,-0.3034050791604701,-0.0009352172578895,0.0002056139237077,-0.0023428483998124,0.0027051482125519
RF,AUDUSD,0,2021-07-01,2022-07-01,2021-08-05,2878,-0.3006999309479182,-0.0019653424867072,0.0001423667942887,-0.0084010979695128,-0.008841506994223
RF,AUDUSD,0,2021-07-01,2022-07-01,2021-08-08,2879,-0.3095414379421413,-0.0027582662451975,-0.0023121988385587,-0.0112702217848253,-0.0009314829284157
RF,AUDUSD,0,2021-07-01,2022-07-01,2021-08-09,2880,-0.310472920870557,-0.0039236942890437,-0.0014579825634135,-0.0137351535478271,0.0017440946280684
RF,AUDUSD,0,2021-07-01,2022-07-01,2021-08-10,2881,-0.3087288262424886,-0.0061684526974422,-0.0012921488575263,-0.0272754446163626,0.0041159087829056
RF,AUDUSD,0,2021-07-01,2022-07-01,2021-08-11,2882,-0.3046129174595829,-0.0094248437288849,5.683489546052995e-06,-0.0322878014499855,-0.0044294103191712
RF,AUDUSD,0,2021-07-01,2022-07-01,2021-08-12,2883,-0.3090423277787541,-0.0107280327441447,-0.0013484403214839,-0.0181296781754031,0.0032944002184715
RF,AUDUSD,0,2021-07-01,2022-07-01,2021-08-15,2884,-0.3057479275602826,-0.0120081132860505,-0.0006189879969142,-0.0160015016591933,-0.0033531013571484
RF,AUDUSD,0,2021-07-01,2022-07-01,2021-08-16,2885,-0.309101028917431,-0.0121934455074409,-0.0009491116024011,-0.0088202615705473,-0.0117106308095356
RF,AUDUSD,0,2021-07-01,2022-07-01,2021-08-17,2886,-0.3208116597269667,-0.0115829575184654,-0.0028974625871284,-0.0023734128818322,-0.0033964146914174
RF,AUDUSD,0,2021-07-01,2022-07-01,2021-08-18,2887,-0.3242080744183841,-0.0093557548076466,-0.0032775991435581,0.0116845753082858,-0.011796196440467
RF,AUDUSD,0,2021-07-01,2022-07-01,2021-08-19,2888,-0.3360042708588512,-0.00664924501084,-0.0053234544306006,0.0200919193901137,-0.0008964480507172
RF,AUDUSD,0,2021-07-01,2022-07-01,2021-08-22,2889,-0.3369007189095684,-0.0030778922628466,-0.0046999215427174,0.0246392802535181,0.0097287129554111
RF,AUDUSD,0,2021-07-01,2022-07-01,2021-08-23,2890,-0.3271720059541573,8.573339706419159e-05,-0.0029266482588822,0.0217334749242406,0.0054225767346813
RF,AUDUSD,0,2021-07-01,2022-07-01,2021-08-24,2891,-0.3217494292194759,0.003233890755349,-0.0005480744629475,0.0205498634439618,0.0038281387314975
RF,AUDUSD,0,2021-07-01,2022-07-01,2021-08-25,2892,-0.3179212904879784,0.0065095996090018,0.000414409921406,0.0228814005668934,-0.0052637821208205
RF,AUDUSD,0,2021-07-01,2022-07-01,2021-08-26,2893,-0.323185072608799,0.0102047088967063,-0.000805648383182,0.0270290072578104,0.0106615734987006
RF,AUDUSD,0,2021-07-01,2022-07-01,2021-08-29,2894,-0.3125234991100983,0.0114258140428012,0.0010503196103079,0.0096057627280731,-0.0033888523586391
RF,AUDUSD,0,2021-07-01,2022-07-01,2021-08-30,2895,-0.3159123514687374,0.0123509237799327,0.0002527157766137,0.0098992894304686,0.0036509128126872
RF,AUDUSD,0,2021-07-01,2022-07-01,2021-08-31,2896,-0.3122614386560502,0.0127850583467644,0.0006709125236552,0.0072062032378371,0.0068229076261335
RF,AUDUSD,0,2021-07-01,2022-07-01,2021-09-01,2897,-0.3054385310299167,0.0122295957883353,0.0017302644831725,1.4723076327216589e-05,0.0042389652544025
RF,AUDUSD,0,2021-07-01,2022-07-01,2021-09-02,2898,-0.3011995657755141,0.0109002823743448,0.0026156682651133,-0.0045240046640622,0.0061596758544291
RF,AUDUSD,0,2021-07-01,2022-07-01,2021-09-05,2899,-0.295039889921085,0.0076769224146273,0.0036823215381166,-0.0173314314379378,-0.0011161754299034
RF,AUDUSD,0,2021-07-01,2022-07-01,2021-09-06,2900,-0.2961560653509885,0.0050803816651516,0.0038371761630311,-0.0129266140159491,-0.0067616710310366
RF,AUDUSD,0,2021-07-01,2022-07-01,2021-09-07,2901,-0.3029177363820252,0.0027243750583464,0.0009966962176456,-0.0129580742335232,-0.0030953256562435
RF,AUDUSD,0,2021-07-01,2022-07-01,2021-09-08,2902,-0.3060130620382688,0.0003287772390617,0.0007920710236378,-0.0136399703057772,0.0009578266200556
RF,AUDUSD,0,2021-07-01,2022-07-01,2021-09-09,2903,-0.3050552354182131,-0.002251550889036,0.0005263711748684,-0.0151910645055091,-0.0003685725353763
RF,AUDUSD,0,2021-07-01,2022-07-01,2021-09-12,2904,-0.3054238079535895,-0.0052407914970594,7.753100095724032e-05,-0.0191992194707051,-0.0002997624859868
RF,AUDUSD,0,2021-07-01,2022-07-01,2021-09-13,2905,-0.3057235704395763,-0.0078406462927564,-0.0003406143937862,-0.0180693935068587,-0.0066477509194464
RF,AUDUSD,0,2021-07-01,2022-07-01,2021-09-14,2906,-0.3123713213590228,-0.0075363994868746,-0.0019112991809674,-0.0023664239327675,0.0032886419920851
RF,AUDUSD,0,2021-07-01,2022-07-01,2021-09-15,2907,-0.3090826793669376,-0.0083756768956956,-0.0014515365567938,-0.0102797573294693,-0.0067931312486108
RF,AUDUSD,0,2021-07-01,2022-07-01,2021-09-16,2908,-0.3158758106155485,-0.0078556783862679,-0.0031757062865617,-0.0014958325025742,-0.0037772217284975
RF,AUDUSD,0,2021-07-01,2022-07-01,2021-09-19,2909,-0.3196530323440461,-0.0074856022560543,-0.0037607710704221,-0.0027202004804396,-0.0005932675796761
RF,AUDUSD,0,2021-07-01,2022-07-01,2021-09-20,2910,-0.3202462999237222,-0.0079461238090046,-0.0031030538168412,-0.0110396663600048,-0.0043767275005723
RF,AUDUSD,0,2021-07-01,2022-07-01,2021-09-21,2911,-0.3246230274242946,-0.0068232227631666,-0.0047435174193843,0.0004402584965563,0.0008300634778595
RF,AUDUSD,0,2021-07-01,2022-07-01,2021-09-22,2912,-0.3237929639464351,-0.005132638179758,-0.0036989171034563,0.0056811262227688,0.0090552186546447
RF,AUDUSD,0,2021-07-01,2022-07-01,2021-09-23,2913,-0.3147377452917904,-0.0047975630895421,-0.001830146912431,-0.0013852939162191,-0.0046246914046166
RF,AUDUSD,0,2021-07-01,2022-07-01,2021-09-26,2914,-0.319362436696407,-0.00374849805238,-0.0027847276868885,0.0033844391329367,0.0019907935782843
RF,AUDUSD,0,2021-07-01,2022-07-01,2021-09-27,2915,-0.3173716431181227,-0.003190380927304,-0.001837303801992,0.0001113339428379,-0.0050015897063629
RF,AUDUSD,0,2021-07-01,2022-07-01,2021-09-28,2916,-0.3223732328244857,-0.0011832569317079,-0.0033092984052249,0.0099609365441863,-0.0089127334592413
RF,AUDUSD,0,2021-07-01,2022-07-01,2021-09-29,2917,-0.3312859662837271,0.0012162619032006,-0.0045690791908299,0.0158768128957526,0.0071031973559887
RF,AUDUSD,0,2021-07-01,2022-07-01,2021-09-30,2918,-0.3241827689277383,0.0035319425634641,-0.002365899582461,0.0160806510621114,0.006070931204072
RF,AUDUSD,0,2021-07-01,2022-07-01,2021-10-03,2919,-0.3181118377236662,0.0047535636608807,-0.0008097380367504,0.0081962692801997,0.0019887985156566
RF,AUDUSD,0,2021-07-01,2022-07-01,2021-10-04,2920,-0.3161230392080095,0.0064180049167962,0.0002172316283325,0.0131337256156693,0.0001450416445392
RF,AUDUSD,0,2021-07-01,2022-07-01,2021-10-05,2921,-0.3159779975634703,0.0084457075939739,0.0004457916798685,0.0167360009383452,-0.0012823116118145
RF,AUDUSD,0,2021-07-01,2022-07-01,2021-10-06,2922,-0.3172603091752848,0.0107892384904217,1.7787020087345411e-06,0.019499171419912,0.0048480128949854
RF,AUDUSD,0,2021-07-01,2022-07-01,2021-10-07,2923,-0.3124122962802994,0.0120514617726585,0.0009734583110158,0.0136019377880455,-0.0029968571076751
RF,AUDUSD,0,2021-07-01,2022-07-01,2021-10-10,2924,-0.3154091533879745,0.0144750418857498,0.0002212391478244,0.0246817374964223,0.0073070355223476
RF,AUDUSD,0,2021-07-01,2022-07-01,2021-10-11,2925,-0.3081021178656268,0.016403275372759,0.0014124426760661,0.0224578769867235,-0.0018134505778396
RF,AUDUSD,0,2021-07-01,2022-07-01,2021-10-12,2926,-0.3099155684434664,0.0172596851885988,0.0005982540619317,0.017381768745707,0.0069262548511263
RF,AUDUSD,0,2021-07-01,2022-07-01,2021-10-13,2927,-0.3029893135923401,0.017307394918477,0.0015226605475656,0.0111782994235246,0.003747316967215
RF,AUDUSD,0,2021-07-01,2022-07-01,2021-10-14,2928,-0.2992419966251251,0.017158203481448,0.0024319880218873,0.0104657792655755,0.0014808588697523
RF,AUDUSD,0,2021-07-01,2022-07-01,2021-10-17,2929,-0.2977611377553727,0.0170617898943488,0.0020402710693103,0.0118080118608622,-0.001049220736881
RF,AUDUSD,0,2021-07-01,2022-07-01,2021-10-18,2930,-0.2988103584922538,0.0167437765653185,0.0019287202888557,0.011228337365535,0.0080829426007016
RF,AUDUSD,0,2021-07-01,2022-07-01,2021-10-19,2931,-0.2907274158915521,0.016183345394311,0.0029524249202934,0.0072499044744617,0.0050831750126488
RF,AUDUSD,0,2021-07-01,2022-07-01,2021-10-20,2932,-0.2856442408789033,0.0145471045702145,0.0041405457511938,0.0003975866684647,-0.0068895588188561
RF,AUDUSD,0,2021-07-01,2022-07-01,2021-10-21,2933,-0.2925337996977594,0.014033395975779,0.0022135602869503,0.0075811500981531,0.0007227855289438
RF,AUDUSD,0,2021-07-01,2022-07-01,2021-10-24,2934,-0.2918110141688155,0.0120308808826294,0.0025253467412495,-0.0040378865794803,0.0030347968092659
RF,AUDUSD,0,2021-07-01,2022-07-01,2021-10-25,2935,-0.2887762173595495,0.0100862683674806,0.002955540658325,-0.0030474853563879,0.002823091465039
RF,AUDUSD,0,2021-07-01,2022-07-01,2021-10-26,2936,-0.2859531258945105,0.0069812814325057,0.0031967790390899,-0.013892190163761,-0.0016288952322082
RF,AUDUSD,0,2021-07-01,2022-07-01,2021-10-27,2937,-0.2875820211267187,0.0039183947175615,0.0028215331261199,-0.0140768909211667,0.0041045097096283
RF,AUDUSD,0,2021-07-01,2022-07-01,2021-10-28,2938,-0.2834775114170904,0.0006321684549555,0.0035449048901076,-0.0156295883247601,-0.0017691427933481
RF,AUDUSD,0,2021-07-01,2022-07-01,2021-11-01,2939,-0.2852466542104385,-0.0027620921181727,0.0034334537075527,-0.0190801664831252,0.0002940046108322
RF,AUDUSD,0,2021-07-01,2022-07-01,2021-11-02,2940,-0.2849526495996062,-0.0066038337446605,0.0029062185142075,-0.0250948931561946,-0.0108962511486896
RF,AUDUSD,0,2021-07-01,2022-07-01,2021-11-03,2941,-0.2958489007482959,-0.0095565227016615,0.0008007071323857,-0.0199584095836607,0.0040251980323584
RF,AUDUSD,0,2021-07-01,2022-07-01,2021-11-04,2942,-0.2918237027159375,-0.0118827887462618,0.0014557163366485,-0.0184439443236902,-0.008021613342334
RF,AUDUSD,0,2021-07-01,2022-07-01,2021-11-05,2943,-0.2998453160582716,-0.0130443931304405,-0.0008530303131457,-0.0087336940819846,-0.0018135959896138
RF,AUDUSD,0,2021-07-01,2022-07-01,2021-11-08,2944,-0.3016589120478855,-0.0143417205397241,-0.0007769158127265,-0.0128306407412611,0.0025518123060349
RF,AUDUSD,0,2021-07-01,2022-07-01,2021-11-09,2945,-0.2991070997418505,-0.0163096497079023,-0.000363013840595,-0.0199137366304175,-0.0052197209517131
RF,AUDUSD,0,2021-07-01,2022-07-01,2021-11-10,2946,-0.3043268206935637,-0.0172324977476021,-0.0020635401227575,-0.0132646614975123,-0.0057207220622371
RF,AUDUSD,0,2021-07-01,2022-07-01,2021-11-11,2947,-0.3100475427558008,-0.0180205806030776,-0.0031941306268292,-0.0140636818649627,-0.0057597675761558
RF,AUDUSD,0,2021-07-01,2022-07-01,2021-11-12,2948,-0.3158073103319567,-0.0181403464606857,-0.0043077649057472,-0.0088092024921085,0.0055396632923289
RF,AUDUSD,0,2021-07-01,2022-07-01,2021-11-15,2949,-0.3102676470396278,-0.0191197372925736,-0.0022464121751317,-0.0151580729207265,0.0016886368993715
RF,AUDUSD,0,2021-07-01,2022-07-01,2021-11-16,2950,-0.3085790101402562,-0.0204576952932772,-0.0015535301815685,-0.0196471490590273,-0.0059105426488904
RF,AUDUSD,0,2021-07-01,2022-07-01,2021-11-17,2951,-0.3144895527891466,-0.0213891209638444,-0.0027530759960197,-0.0176734347482978,-0.0045312835831214
RF,AUDUSD,0,2021-07-01,2022-07-01,2021-11-18,2952,-0.319020836372268,-0.0220653095592104,-0.0041203120918509,-0.0174585528318975,0.0014293541811919
RF,AUDUSD,0,2021-07-01,2022-07-01,2021-11-19,2953,-0.317591482191076,-0.0226072793264351,-0.002361251647168,-0.018468506404405,-0.0065197424296875
RF,AUDUSD,0,2021-07-01,2022-07-01,2021-11-22,2954,-0.3241112246207636,-0.0226728633902046,-0.0039930246284944,-0.0148643429921282,-0.0005052882033017
RF,AUDUSD,0,2021-07-01,2022-07-01,2021-11-23,2955,-0.3246165128240653,-0.0227690506533039,-0.003294200591124,-0.0168042013658206,-0.000809207136289
RF,AUDUSD,0,2021-07-01,2022-07-01,2021-11-24,2956,-0.3254257199603543,-0.0229771003413611,-0.0027714262518395,-0.0187843058977363,-0.0028004392389291
RF,AUDUSD,0,2021-07-01,2022-07-01,2021-11-25,2957,-0.3282261591992835,-0.023557046168088,-0.002375612319738,-0.0258951110599031,-0.0039368283381608
RF,AUDUSD,0,2021-07-01,2022-07-01,2021-11-26,2958,-0.3321629875374444,-0.0230242007093322,-0.0032917216862117,-0.0175074716030154,-0.0043164016667212
RF,AUDUSD,0,2021-07-01,2022-07-01,2021-11-29,2959,-0.3364793892041656,-0.0208188161089787,-0.0049647995652462,-0.0028331165031165,0.0004194006086845
RF,AUDUSD,0,2021-07-01,2022-07-01,2021-11-30,2960,-0.3360599885954811,-0.0181599032194997,-0.0035831007123245,0.003380643984284,-0.0029155790174107
RF,AUDUSD,0,2021-07-01,2022-07-01,2021-12-01,2961,-0.3389755676128919,-0.0154477346474256,-0.003365414601623,0.0029606205419505,-0.002445146576994
RF,AUDUSD,0,2021-07-01,2022-07-01,2021-12-02,2962,-0.3414207141898859,-0.0120622510130715,-0.0028118285409606,0.0081966326851471,-0.0027893116682047
RF,AUDUSD,0,2021-07-01,2022-07-01,2021-12-03,2963,-0.3442100258580907,-0.0090622321502473,-0.0025575891708452,0.0063815557130595,-0.0099112444010959
RF,AUDUSD,0,2021-07-01,2022-07-01,2021-12-06,2964,-0.3541212702591866,-0.0058702260652324,-0.00407369874923,0.0124760364173318,0.0044508111187268
RF,AUDUSD,0,2021-07-01,2022-07-01,2021-12-07,2965,-0.3496704591404598,-0.0024968754118795,-0.0023658880590613,0.0165030188162282,0.0103579534331776
RF,AUDUSD,0,2021-07-01,2022-07-01,2021-12-08,2966,-0.3393125057072821,-8.575753309364442e-05,-0.0001156366131977,0.0074150311581062,0.006633161096085
RF,AUDUSD,0,2021-07-01,2022-07-01,2021-12-09,2967,-0.3326793446111971,0.0001924579089698,0.0021880413231,-0.0074220250870967,-0.0033356024597442
RF,AUDUSD,0,2021-07-01,2022-07-01,2021-12-10,2968,-0.3360149470709413,0.0005440278468382,0.0015448417947753,-0.005138455705847,0.0027908655662026
RF,AUDUSD,0,2021-07-01,2022-07-01,2021-12-13,2969,-0.3332240815047387,0.0010375653330551,0.0023577589662615,-0.0025565155586416,-0.0046043886402923
RF,AUDUSD,0,2021-07-01,2022-07-01,2021-12-14,2970,-0.3378284701450311,0.0028337983401057,0.0005988292907633,0.0112665777130609,-0.0038167636968237
RF,AUDUSD,0,2021-07-01,2022-07-01,2021-12-15,2971,-0.3416452338418548,0.0054897508282331,-0.0007942887550775,0.0177416895023312,0.0084777935176232
RF,AUDUSD,0,2021-07-01,2022-07-01,2021-12-16,2972,-0.3331674403242315,0.007209093432936,0.0008688127590932,0.0089991784899676,0.0012699657750556
RF,AUDUSD,0,2021-07-01,2022-07-01,2021-12-17,2973,-0.3318974745491759,0.0086279201820151,0.0017237979773126,0.0085191193855928,-0.0082038951491179
RF,AUDUSD,0,2021-07-01,2022-07-01,2021-12-20,2974,-0.3401013696982938,0.0111549641211521,0.000624751952549,0.0163084057518587,-0.0010520330784946
RF,AUDUSD,0,2021-07-01,2022-07-01,2021-12-21,2975,-0.3411534027767884,0.0139921215039749,0.0001697530441276,0.0207814767133364,0.005372805713408
RF,AUDUSD,0,2021-07-01,2022-07-01,2021-12-22,2976,-0.3357805970633803,0.0155807989618377,0.0016180750341956,0.0141696284174362,0.0092187046314102
RF,AUDUSD,0,2021-07-01,2022-07-01,2021-12-23,2977,-0.3265618924319701,0.0164778545315441,0.003908361562169,0.0074829143292541,0.0026583480924465
RF,AUDUSD,0,2021-07-01,2022-07-01,2021-12-24,2978,-0.3239035443395235,0.014775177512432,0.0038724862717041,-0.0048784281645133,-0.0002647174947403
RF,AUDUSD,0,2021-07-01,2022-07-01,2021-12-27,2979,-0.3241682618342639,0.0136354440112823,0.0036860364999877,0.0010389352833293,0.0007899066706807
RF,AUDUSD,0,2021-07-01,2022-07-01,2021-12-28,2980,-0.3233783551635831,0.0118938796827018,0.0030449037613301,-0.0022409158656184,-0.0004146087828519
RF,AUDUSD,0,2021-07-01,2022-07-01,2021-12-29,2981,-0.3237929639464351,0.0091539679727289,0.0027901452724369,-0.0099190632099251,0.003421037882983
RF,AUDUSD,0,2021-07-01,2022-07-01,2021-12-30,2982,-0.320371926063452,0.0062653320425905,0.0028412551680103,-0.0110375739423986,-0.001239042582492
RF,AUDUSD,0,2021-07-01,2022-07-01,2021-12-31,2983,-0.3216109686459441,0.0037477703354051,0.0028723954565047,-0.0095357084259223,0.0025319905432281
RF,AUDUSD,0,2021-07-01,2022-07-01,2022-01-03,2984,-0.3190789781027159,0.0016213011749806,0.0026311704651443,-0.0080649190767645,-0.0097029944013209
RF,AUDUSD,0,2021-07-01,2022-07-01,2022-01-04,2985,-0.3287819725040369,0.0027232125219883,0.000999143548898,0.0116309386375236,0.0056526459531023
RF,AUDUSD,0,2021-07-01,2022-07-01,2022-01-05,2986,-0.3231293265509345,0.003140815843568,0.0020571775240416,0.0059854954313526,-0.002489944478267
RF,AUDUSD,0,2021-07-01,2022-07-01,2022-01-06,2987,-0.3256192710292015,0.0026730834649209,0.0020024377492939,-0.0005933498097439,-0.0080927561271587
RF,AUDUSD,0,2021-07-01,2022-07-01,2022-01-07,2988,-0.3337120271563603,0.0031264358503675,0.0003448455632873,0.0067065954956115,0.0023025271505096
RF,AUDUSD,0,2021-07-01,2022-07-01,2022-01-10,2989,-0.3314095000058507,0.0028332709172774,0.0007620689459254,0.0011680619198471,0.0002628229339842
RF,AUDUSD,0,2021-07-01,2022-07-01,2022-01-11,2990,-0.3311466770718664,0.0031531903838999,0.0004018802225165,0.0050011209213806,0.0040027798923858
RF,AUDUSD,0,2021-07-01,2022-07-01,2022-01-12,2991,-0.3271438971794805,0.0028129783104025,0.0013613806241503,0.0010106467457808,0.0099928633129672
RF,AUDUSD,0,2021-07-01,2022-07-01,2022-01-13,2992,-0.3171510338665132,0.0006226843209607,0.00236673406974,-0.0130371657446123,7.202746931334048e-06
RF,AUDUSD,0,2021-07-01,2022-07-01,2022-01-14,2993,-0.3171438311195819,-0.0022548580809195,0.002179997347415,-0.0176999147270044,-0.0090687897193635
RF,AUDUSD,0,2021-07-01,2022-07-01,2022-01-17,2994,-0.3262126208389455,-0.0037002674802664,0.0005409445444656,-0.0080300522116405,-0.0007928108218032
RF,AUDUSD,0,2021-07-01,2022-07-01,2022-01-18,2995,-0.3270054316607487,-0.0055979326894597,-8.639976691970901e-05,-0.0122507564012755,-0.0032360064252547
RF,AUDUSD,0,2021-07-01,2022-07-01,2022-01-19,2996,-0.3302414380860035,-0.0075644502782872,-0.0005474007030728,-0.0213748357812745,0.0040958819355176
RF,AUDUSD,0,2021-07-01,2022-07-01,2022-01-20,2997,-0.3261455561504858,-0.010712302675184,0.0006175794736661,-0.0308153777052999,1.230571678612069e-05
RF,AUDUSD,0,2021-07-01,2022-07-01,2022-01-21,2998,-0.3261332504336997,-0.0123531467433368,0.0005591849289169,-0.0208316405565602,-0.0040549491774259
RF,AUDUSD,0,2021-07-01,2022-07-01,2022-01-24,2999,-0.3301881996111256,-0.0123002071507569,-0.0006708154449061,-0.0075260508756757,-0.0046555462354607
RF,AUDUSD,0,2021-07-01,2022-07-01,2022-01-25,3000,-0.3348437458465864,-0.0117108629596593,-0.0022354595677755,-0.0047216007334474,0.0006010727960003
RF,AUDUSD,0,2021-07-01,2022-07-01,2022-01-26,3001,-0.334242673050586,-0.010776453759847,-0.0018158442588018,-0.0019295111253494,-0.0050135150114382
RF,AUDUSD,0,2021-07-01,2022-07-01,2022-01-27,3002,-0.3392561880620243,-0.0101739196511092,-0.0023640602314283,-0.0060128983753839,-0.0123600858052537
RF,AUDUSD,0,2021-07-01,2022-07-01,2022-01-28,3003,-0.351616273867278,-0.0081034360482039,-0.0035431596686376,0.0133421638396977,-0.0053446599885076
RF,AUDUSD,0,2021-07-01,2022-07-01,2022-01-31,3004,-0.3569609338557857,-0.0050623043135866,-0.0039762341303227,0.0209173773107942,0.0099960428655258
RF,AUDUSD,0,2021-07-01,2022-07-01,2022-02-01,3005,-0.3469648909902599,-0.0028206895368047,-0.0016420098388758,0.0153185753530722,0.0092506405034585
RF,AUDUSD,0,2021-07-01,2022-07-01,2022-02-02,3006,-0.3377142504868013,-0.0018297586912702,0.0002368990905315,0.0038762256265283,-0.0018510960932324
RF,AUDUSD,0,2021-07-01,2022-07-01,2022-02-03,3007,-0.3395653465800338,-0.0010016814607367,0.0012241940553616,0.0033645484311592,0.0033931624040983
RF,AUDUSD,0,2021-07-01,2022-07-01,2022-02-04,3008,-0.3361721841759355,-0.0008765462535568,0.0020718715178789,-0.0018074569869662,-0.0090969022614727
RF,AUDUSD,0,2021-07-01,2022-07-01,2022-02-07,3009,-0.3452690864374082,0.0006738959942963,-0.0001613859016373,0.0096686763529001,0.0069949764098279
RF,AUDUSD,0,2021-07-01,2022-07-01,2022-02-08,3010,-0.3382741100275803,0.0022845027237034,0.0016770143949934,0.0090062722505687,0.0022305534825888
RF,AUDUSD,0,2021-07-01,2022-07-01,2022-02-09,3011,-0.3360435565449914,0.0033993715492199,0.0017758684870512,0.0060565926645416,0.0043972409078038
RF,AUDUSD,0,2021-07-01,2022-07-01,2022-02-10,3012,-0.3316463156371876,0.0033796293015119,0.0023938170667502,-0.0007963841624272,-0.0021917092230853
RF,AUDUSD,0,2021-07-01,2022-07-01,2022-02-11,3013,-0.333838024860273,0.0038751264557649,0.0021256744122006,0.0031790391512684,-0.0023627732886015
RF,AUDUSD,0,2021-07-01,2022-07-01,2022-02-14,3014,-0.3362007981488745,0.0054746055864187,0.0009649817840338,0.0114252839717257,-0.0017788430140271
RF,AUDUSD,0,2021-07-01,2022-07-01,2022-02-15,3015,-0.3379796411629017,0.0072547223988239,0.0007908957100352,0.013356613738607,0.0023792310783936
RF,AUDUSD,0,2021-07-01,2022-07-01,2022-02-16,3016,-0.335600410084508,0.0068671749231841,0.0006637362533178,0.0015532972026604,0.0063325723074965
RF,AUDUSD,0,2021-07-01,2022-07-01,2022-02-17,3017,-0.3292678377770115,0.0060359681607997,0.0022378435882266,-0.0011144222749301,-0.0007191261034382
RF,AUDUSD,0,2021-07-01,2022-07-01,2022-02-18,3018,-0.3299869638804498,0.0064279967193808,0.0020400414313748,0.0100572867589642,-0.002455735919165
RF,AUDUSD,0,2021-07-01,2022-07-01,2022-02-21,3019,-0.3324426997996149,0.0073574392448419,0.0012625990916846,0.0124338148125581,0.0017837140906103
RF,AUDUSD,0,2021-07-01,2022-07-01,2022-02-22,3020,-0.3306589857090045,0.0085255266232351,0.0013937470845469,0.0150457067947266,0.0058834715318557
RF,AUDUSD,0,2021-07-01,2022-07-01,2022-02-23,3021,-0.3247755141771488,0.0095112906350215,0.0022636347097991,0.0151204301093426,0.0001524867528541
RF,AUDUSD,0,2021-07-01,2022-07-01,2022-02-24,3022,-0.3246230274242946,0.0111822166188792,0.0027620979408623,0.0228161385482141,-0.0094240854575529
RF,AUDUSD,0,2021-07-01,2022-07-01,2022-02-25,3023,-0.3340471128818476,0.0131455677589219,0.0008324542812849,0.0232326530660256,0.0036648528299058
RF,AUDUSD,0,2021-07-01,2022-07-01,2022-02-28,3024,-0.3303822600519417,0.0135601134566142,0.0013011754551576,0.0112668698916805,0.0104525829304562
RF,AUDUSD,0,2021-07-01,2022-07-01,2022-03-01,3025,-0.3199296771214855,0.0135236574048795,0.002195952282678,0.0075313108735662,-7.920786557119586e-05
RF,AUDUSD,0,2021-07-01,2022-07-01,2022-03-02,3026,-0.3200088849870567,0.0140721124321936,0.0028130346360855,0.0142985852871584,0.0043956060727788
RF,AUDUSD,0,2021-07-01,2022-07-01,2022-03-03,3027,-0.3156132789142779,0.012886426002847,0.0027031593839515,0.0004230769670983,0.0059581948464717
RF,AUDUSD,0,2021-07-01,2022-07-01,2022-03-04,3028,-0.3096550840678061,0.0098637745007435,0.0040401826009216,-0.0190297602628607,0.0078481951917256
RF,AUDUSD,0,2021-07-01,2022-07-01,2022-03-07,3029,-0.3018068888760804,0.0058496015335864,0.0048543550497868,-0.0279478792317015,-0.0090075709397414
RF,AUDUSD,0,2021-07-01,2022-07-01,2022-03-08,3030,-0.3108144598158219,0.0046127168193709,0.0037488632252792,-0.0054318077345024,-0.0083009303444392
RF,AUDUSD,0,2021-07-01,2022-07-01,2022-03-09,3031,-0.3191153901602612,0.0053921717030915,0.0018186149054688,0.0154394174883917,0.0067170239123419
RF,AUDUSD,0,2021-07-01,2022-07-01,2022-03-10,3032,-0.3123983662479192,0.0058954373419156,0.0023154203158358,0.012642018855441,0.006688066548021
RF,AUDUSD,0,2021-07-01,2022-07-01,2022-03-11,3033,-0.3057102996998982,0.0055761107281204,0.0035993260430583,0.0040365587174729,-0.0094799022472812
RF,AUDUSD,0,2021-07-01,2022-07-01,2022-03-14,3034,-0.3151902019471795,0.0072620498682441,0.002485684630098,0.0224690345982402,-0.0134946423834874
RF,AUDUSD,0,2021-07-01,2022-07-01,2022-03-15,3035,-0.3286848443306669,0.0106552850445502,-0.0002435047938433,0.0408927753916686,-0.001069923777115
RF,AUDUSD,0,2021-07-01,2022-07-01,2022-03-16,3036,-0.329754768107782,0.0145947173876259,-0.0005834756114212,0.0439744994885279,0.0135085005574576
RF,AUDUSD,0,2021-07-01,2022-07-01,2022-03-17,3037,-0.3162462675503243,0.017121080878739,0.0003996579787006,0.0309920817546968,0.0125702948784549
RF,AUDUSD,0,2021-07-01,2022-07-01,2022-03-18,3038,-0.3036759726718694,0.0181060262851041,0.0016197627886578,0.01592745870219,0.0039196252793912
RF,AUDUSD,0,2021-07-01,2022-07-01,2022-03-21,3039,-0.2997563473924782,0.018772359634241,0.0024619273564378,0.0140287471022867,-0.001917393589947
RF,AUDUSD,0,2021-07-01,2022-07-01,2022-03-22,3040,-0.3016737409824252,0.0190817784371619,0.0021034151918739,0.0143917343422366,0.008952573633486
RF,AUDUSD,0,2021-07-01,2022-07-01,2022-03-23,3041,-0.2927211673489392,0.0180634007621657,0.0032426884264543,0.0039622143304386,0.0049290984099409
RF,AUDUSD,0,2021-07-01,2022-07-01,2022-03-24,3042,-0.2877920689389982,0.0161696807725899,0.0042107782141193,-0.0016933577813586,0.0020118003197442
RF,AUDUSD,0,2021-07-01,2022-07-01,2022-03-25,3043,-0.285780268619254,0.0151200025696999,0.0041790054989871,0.0039347040515648,0.0005260828236264
RF,AUDUSD,0,2021-07-01,2022-07-01,2022-03-27,3044,-0.2852541857956275,0.0146592554508557,0.0043144795213631,0.0089339305197044,-0.0024943281740518
RF,AUDUSD,0,2021-07-01,2022-07-01,2022-03-28,3045,-0.2877485139696793,0.0130075230047284,0.0035197830911204,0.0007441947573804,0.0020209136794879
RF,AUDUSD,0,2021-07-01,2022-07-01,2022-03-29,3046,-0.2857276002901914,0.0106368016743551,0.003376102273737,-0.00482780488494,-0.0015544063499972
RF,AUDUSD,0,2021-07-01,2022-07-01,2022-03-30,3047,-0.2872820066401886,0.0080598473309314,0.0027061680675518,-0.0075569534634843,-0.0014769463783119
RF,AUDUSD,0,2021-07-01,2022-07-01,2022-03-31,3048,-0.2887589530185006,0.005312817236536,0.0027355457816191,-0.0102783740696361,-0.0007264737018563
RF,AUDUSD,0,2021-07-01,2022-07-01,2022-04-03,3049,-0.2894854267203569,0.0037318614099341,0.002221180316821,-0.0042150001297119,0.0076398621526677
RF,AUDUSD,0,2021-07-01,2022-07-01,2022-04-04,3050,-0.2818455645676891,0.0009016989068809,0.0032082557895693,-0.0123244541771138,0.005525309291766
RF,AUDUSD,0,2021-07-01,2022-07-01,2022-04-05,3051,-0.2763202552759231,-0.0032453784929951,0.0043245112669296,-0.0234138914050697,-0.0106840639363758
RF,AUDUSD,0,2021-07-01,2022-07-01,2022-04-06,3052,-0.2870043192122989,-0.0060098669911644,0.0023803694752474,-0.0149356546740634,-0.0035510859628324
RF,AUDUSD,0,2021-07-01,2022-07-01,2022-04-07,3053,-0.2905554051751314,-0.0086957204971009,0.0019877576864092,-0.0162967413046453,-0.0042835549285416
RF,AUDUSD,0,2021-07-01,2022-07-01,2022-04-10,3054,-0.294838960103673,-0.0096417574553872,0.0001984571236378,-0.0070788451530164,-0.0041983669844636
RF,AUDUSD,0,2021-07-01,2022-07-01,2022-04-11,3055,-0.2990373270881367,-0.0086209176161282,-0.0018372951757296,0.004263200262111,0.0053369002380678
RF,AUDUSD,0,2021-07-01,2022-07-01,2022-04-12,3056,-0.2937004268500688,-0.009533191655592,-0.0004537306813566,-0.0126733827491323,-0.0004695918947341
RF,AUDUSD,0,2021-07-01,2022-07-01,2022-04-13,3057,-0.294170018744803,-0.0109400222948546,0.0005702304803804,-0.0292169843597445,-0.0055641279361898
RF,AUDUSD,0,2021-07-01,2022-07-01,2022-04-14,3058,-0.2997341466809928,-0.0123153448700821,-0.0011756508656449,-0.0317607067728735,-0.0022058272053696
RF,AUDUSD,0,2021-07-01,2022-07-01,2022-04-17,3059,-0.3019399738863624,-0.013993010500609,-0.0014485949491149,-0.0340921554527455,-0.0049121725934143
RF,AUDUSD,0,2021-07-01,2022-07-01,2022-04-18,3060,-0.3068521464797767,-0.0156588684172073,-0.0030037158118267,-0.0320243777383084,0.0049343412230872
RF,AUDUSD,0,2021-07-01,2022-07-01,2022-04-19,3061,-0.3019178052566895,-0.0187884274349838,-0.0006328683660892,-0.039328745926664,0.0071436784306638
RF,AUDUSD,0,2021-07-01,2022-07-01,2022-04-20,3062,-0.2947741268260256,-0.0237576565519649,0.0010429196560449,-0.0526027005409034,-0.0115996827731755
RF,AUDUSD,0,2021-07-01,2022-07-01,2022-04-21,3063,-0.3063738095992012,-0.0278294136891965,-0.0008197810219575,-0.0430421709276713,-0.0170131935053463
RF,AUDUSD,0,2021-07-01,2022-07-01,2022-04-24,3064,-0.3233870031045475,-0.029726450255009,-0.0025264551494646,-0.0185701425756655,-0.0081078503493188
RF,AUDUSD,0,2021-07-01,2022-07-01,2022-04-25,3065,-0.3314948534538663,-0.0281651033161349,-0.0039651661426635,0.0103109855917036,-0.0045372758852416
RF,AUDUSD,0,2021-07-01,2022-07-01,2022-04-26,3066,-0.3360321293391079,-0.027004360910507,-0.0050145547193026,-0.0035046742393644,-0.0028443948789772
RF,AUDUSD,0,2021-07-01,2022-07-01,2022-04-27,3067,-0.3388765242180852,-0.0258825374387334,-0.004681592477985,-0.0111069225012849,-0.0023700269652683
RF,AUDUSD,0,2021-07-01,2022-07-01,2022-04-28,3068,-0.3412465511833535,-0.0250377324373894,-0.0039868492585012,-0.0215337507864745,-0.0061302761835755
RF,AUDUSD,0,2021-07-01,2022-07-01,2022-05-01,3069,-0.3473768273669291,-0.023976592559387,-0.0051045392755747,-0.018482941726153,-0.0020391531599434
RF,AUDUSD,0,2021-07-01,2022-07-01,2022-05-02,3070,-0.3494159805268725,-0.0228433445707672,-0.0047794230943983,-0.0176699756705321,0.0074588348466594
RF,AUDUSD,0,2021-07-01,2022-07-01,2022-05-03,3071,-0.341957145680213,-0.0237765923941061,-0.0024007745371879,-0.0331861924326146,0.0207732778180503
RF,AUDUSD,0,2021-07-01,2022-07-01,2022-05-04,3072,-0.3211838678621627,-0.0260991331979676,1.0907301618307257e-07,-0.043209204509409,-0.0183529357163096
RF,AUDUSD,0,2021-07-01,2022-07-01,2022-05-05,3073,-0.3395368035784724,-0.0267591451894946,-0.0012822987629917,-0.0210285320193719,-0.0104466431408977
RF,AUDUSD,0,2021-07-01,2022-07-01,2022-05-08,3074,-0.3499834467193701,-0.0256200683634705,-0.0029520732274787,-0.0020105795207241,-0.0127968552504579
RF,AUDUSD,0,2021-07-01,2022-07-01,2022-05-09,3075,-0.3627803019698281,-0.0246083813070663,-0.0047018759037791,0.0002310278655835,-0.003079467123254
RF,AUDUSD,0,2021-07-01,2022-07-01,2022-05-10,3076,-0.3658597690930821,-0.0217965046814441,-0.0039333172079781,0.0150959216864139,-0.0012261871043225
RF,AUDUSD,0,2021-07-01,2022-07-01,2022-05-11,3077,-0.3670859561974047,-0.0181531366286991,-0.0031124815405412,0.0193558451171586,-0.0080573819154229
RF,AUDUSD,0,2021-07-01,2022-07-01,2022-05-12,3078,-0.3751433381128277,-0.0131684264746367,-0.0037784377506927,0.0310998058973347,0.0107502657412559
RF,AUDUSD,0,2021-07-01,2022-07-01,2022-05-15,3079,-0.3643930723715717,-0.0089475942541731,-0.0017996513556608,0.0223534442258632,0.0038277367737273
RF,AUDUSD,0,2021-07-01,2022-07-01,2022-05-16,3080,-0.3605653355978443,-0.0053199082258456,0.0004916609870247,0.0165806581394218,0.00857130935775
RF,AUDUSD,0,2021-07-01,2022-07-01,2022-05-17,3081,-0.3519940262400943,-0.0024839931599396,0.0021515561244327,0.0093338413806411,-0.0105552478641501
RF,AUDUSD,0,2021-07-01,2022-07-01,2022-05-18,3082,-0.3625492741042445,0.0022613128474789,0.0007470069571881,0.0288666219375623,0.0117854266975763
RF,AUDUSD,0,2021-07-01,2022-07-01,2022-05-19,3083,-0.3507638474066681,0.0062152981964999,0.0019890889695857,0.0215931850034056,0.003033736326422
RF,AUDUSD,0,2021-07-01,2022-07-01,2022-05-22,3084,-0.3477301110802461,0.009309870128574,0.0024935807307634,0.0168090114914251,0.0036865788647532
RF,AUDUSD,0,2021-07-01,2022-07-01,2022-05-23,3085,-0.3440435322154929,0.0114659807189614,0.0029144135229846,0.0118661704053044,0.0020039040697844
RF,AUDUSD,0,2021-07-01,2022-07-01,2022-05-24,3086,-0.3420396281457085,0.0138544570820839,0.0030574208055114,0.0230733222002637,-0.0019450493127139
RF,AUDUSD,0,2021-07-01,2022-07-01,2022-05-25,3087,-0.3439846774584224,0.0149542372635415,0.0022558287721457,0.0161640487875293,0.0013244925989693
RF,AUDUSD,0,2021-07-01,2022-07-01,2022-05-26,3088,-0.3426601848594531,0.0154800202877569,0.0020290169569245,0.0125725667179307,0.008977532692771
RF,AUDUSD,0,2021-07-01,2022-07-01,2022-05-29,3089,-0.3336826521666821,0.0155514439499609,0.0026242268338144,0.0080359755705001,0.0045119897634196
RF,AUDUSD,0,2021-07-01,2022-07-01,2022-05-30,3090,-0.3291706624032624,0.014263054063113,0.0041340841137541,-0.0012115976486792,-0.0017504371855585
RF,AUDUSD,0,2021-07-01,2022-07-01,2022-05-31,3091,-0.330921099588821,0.0114617336959405,0.003502676274119,-0.0118243128356292,-0.0012562622213674
RF,AUDUSD,0,2021-07-01,2022-07-01,2022-06-01,3092,-0.3321773618101885,0.0077453582731005,0.002965457408072,-0.0218892135268984,0.0132110558647436
RF,AUDUSD,0,2021-07-01,2022-07-01,2022-06-02,3093,-0.3189663059454448,0.0023234574983609,0.0035568777585604,-0.0460864278870774,-0.0088543227254483
RF,AUDUSD,0,2021-07-01,2022-07-01,2022-06-05,3094,-0.3278206286708931,-0.0025002930254695,0.0027381511283076,-0.0447079841858755,-0.0022669894706292
RF,AUDUSD,0,2021-07-01,2022-07-01,2022-06-06,3095,-0.3300876181415224,-0.0049788125070227,0.0017064715057354,-0.0241754142174008,0.0044409415453404
RF,AUDUSD,0,2021-07-01,2022-07-01,2022-06-07,3096,-0.3256466765961819,-0.0077337164371542,0.002729007560163,-0.025259473635285,-0.0047355834557598
RF,AUDUSD,0,2021-07-01,2022-07-01,2022-06-08,3097,-0.3303822600519417,-0.0107761665543206,0.0019142869879745,-0.0330295505146512,-0.0123631523725085
RF,AUDUSD,0,2021-07-01,2022-07-01,2022-06-09,3098,-0.3427454124244503,-0.0118993717205242,0.0002945597384372,-0.0182960824504408,-0.0113211629126366
RF,AUDUSD,0,2021-07-01,2022-07-01,2022-06-12,3099,-0.3540665753370869,-0.0120023966678678,-0.0009420447267215,-0.0080803049337762,-0.0109861584954352
RF,AUDUSD,0,2021-07-01,2022-07-01,2022-06-13,3100,-0.3650527338325222,-0.0119557356510857,-0.0024192725911886,-0.005254862614079,-0.0074758790242465
RF,AUDUSD,0,2021-07-01,2022-07-01,2022-06-14,3101,-0.3725286128567687,-0.0111868223890928,-0.0029477652852093,0.0019724752715529,0.0182655804978454
RF,AUDUSD,0,2021-07-01,2022-07-01,2022-06-15,3102,-0.3542630323589232,-0.0117055070287164,-0.0004634744064682,-0.0105328238353165,0.0033568821274562
RF,AUDUSD,0,2021-07-01,2022-07-01,2022-06-16,3103,-0.350906150231467,-0.0127911903505488,0.0008484662003621,-0.0168986755126104,-0.012505660335126
RF,AUDUSD,0,2021-07-01,2022-07-01,2022-06-19,3104,-0.363411810566593,-0.0130820060614138,8.96767153979995e-05,-0.0070145668524373,0.0023703156917018
RF,AUDUSD,0,2021-07-01,2022-07-01,2022-06-20,3105,-0.3610414948748912,-0.0138661658065286,0.0005767408215774,-0.0128572528363828,-0.0011053853959719
RF,AUDUSD,0,2021-07-01,2022-07-01,2022-06-21,3106,-0.3621468802708631,-0.0139349140919949,0.0004353009041836,-0.0092649044516079,-0.0081607161757381
RF,AUDUSD,1,2022-07-01,2023-07-01,2022-07-03,3114,-0.3833421609426983,-0.0143480589085704,-0.0018482627107468,-0.0101447614938769,0.0084737403064928
RF,AUDUSD,1,2022-07-01,2023-07-01,2022-07-04,3115,-0.3748684206362054,-0.0153585924674045,-0.0001221687244123,-0.0207994909052401,-0.0117943300226536
RF,AUDUSD,1,2022-07-01,2023-07-01,2022-07-05,3116,-0.3866627506588591,-0.0146502151565358,-0.0021178270604257,-0.0056563487288666,-0.0010605686039854
RF,AUDUSD,1,2022-07-01,2023-07-01,2022-07-06,3117,-0.3877233192628445,-0.0126118561513569,-0.0008516121707381,0.0042312565169158,0.0092409487641639
RF,AUDUSD,1,2022-07-01,2023-07-01,2022-07-07,3118,-0.3784823704986805,-0.0117770294709071,8.88753740754022e-05,-0.0056814652772805,-0.000467617171777
RF,AUDUSD,1,2022-07-01,2023-07-01,2022-07-10,3119,-0.3789499876704575,-0.0097173968325123,0.0010972145073692,0.0075933333170652,-0.0150833051963186
RF,AUDUSD,1,2022-07-01,2023-07-01,2022-07-11,3120,-0.3940332928667762,-0.0061938562224578,-0.0010441559084358,0.021139540387203,0.0005463704302008
RF,AUDUSD,1,2022-07-01,2023-07-01,2022-07-12,3121,-0.3934869224365753,-0.0020664574885153,-0.0005308178281372,0.02573685637671,-0.0021809891048703
RF,AUDUSD,1,2022-07-01,2023-07-01,2022-07-13,3122,-0.3956679115414456,0.0019360154949025,-0.0012582456088353,0.0252843521457362,0.0033488121537199
RF,AUDUSD,1,2022-07-01,2023-07-01,2022-07-14,3123,-0.3923190993877257,0.0061169731484368,0.000182746586025,0.0286487085812408,0.008827036641797
RF,AUDUSD,1,2022-07-01,2023-07-01,2022-07-17,3124,-0.3834920627459286,0.0089759897152267,0.0013811518177586,0.0192726531755179,-0.0006717730300324
RF,AUDUSD,1,2022-07-01,2023-07-01,2022-07-18,3125,-0.3841638357759611,0.0124134698132583,0.0016774957565383,0.0267600702232282,0.0128071814225688
RF,AUDUSD,1,2022-07-01,2023-07-01,2022-07-19,3126,-0.3713566543533922,0.0146002118736919,0.0015050795050154,0.0148016618252868,-0.0015370981261809
RF,AUDUSD,1,2022-07-01,2023-07-01,2022-07-20,3127,-0.3728937524795732,0.0158554435686417,0.0019635100316773,0.0120982744651323,0.0051436864197079
RF,AUDUSD,1,2022-07-01,2023-07-01,2022-07-21,3128,-0.3677500660598652,0.0170859120247269,0.0018875948690899,0.0144839533682143,-0.0026334933358441
RF,AUDUSD,1,2022-07-01,2023-07-01,2022-07-24,3129,-0.3703835593957093,0.0156856893971477,0.0020109091462429,-0.0020871798241068,0.0067131685892244
RF,AUDUSD,1,2022-07-01,2023-07-01,2022-07-25,3130,-0.3636703908064849,0.0140745213174607,0.0022851495749517,-0.0017571318359878,-0.0005490187639258
RF,AUDUSD,1,2022-07-01,2023-07-01,2022-07-26,3131,-0.3642194095704107,0.0127768280417936,0.0021823219954801,0.0016986568959757,0.0068156440176779
RF,AUDUSD,1,2022-07-01,2023-07-01,2022-07-27,3132,-0.3574037655527328,0.009898646747119,0.0025560026890708,-0.0132973469153419,0.0008487730246273
RF,AUDUSD,1,2022-07-01,2023-07-01,2022-07-28,3133,-0.3565549925281054,0.0080581137280471,0.0027918517890756,-0.0018785736890717,-0.0042404854863353
RF,AUDUSD,1,2022-07-01,2023-07-01,2022-07-31,3134,-0.3607954780144408,0.0066634826988934,0.0004034686813457,-0.0020404259482832,0.0075293653227899
RF,AUDUSD,1,2022-07-01,2023-07-01,2022-08-01,3135,-0.3532661126916508,0.0057936167198233,0.0014857247166327,0.007692571265468,-0.0192046265281654
RF,AUDUSD,1,2022-07-01,2023-07-01,2022-08-02,3136,-0.3724707392198162,0.0082278193997936,-0.0004394559517412,0.0303885665936162,0.0070432165773435
RF,AUDUSD,1,2022-07-01,2023-07-01,2022-08-03,3137,-0.3654275226424727,0.0103668549090483,0.0007627060002734,0.0252834395873958,0.0029067699680376
RF,AUDUSD,1,2022-07-01,2023-07-01,2022-08-04,3138,-0.362520752674435,0.0105991377661446,0.0019857527357781,0.0086992485913856,-0.0081803597936396
RF,AUDUSD,1,2022-07-01,2023-07-01,2022-08-07,3139,-0.3707011124680747,0.0116550082539241,0.0001050085806466,0.0167938487691757,0.0122675462508974
RF,AUDUSD,1,2022-07-01,2023-07-01,2022-08-08,3140,-0.3584335662171772,0.0102437504948648,0.0011051962143655,-0.0082338039638518,-0.0044023377455468
RF,AUDUSD,1,2022-07-01,2023-07-01,2022-08-09,3141,-0.3628359039627241,0.0088296468022228,-0.0005691556755292,-0.006606036224582,0.0172623625365412
RF,AUDUSD,1,2022-07-01,2023-07-01,2022-08-10,3142,-0.3455735414261828,0.0055086728283942,0.0013061357219604,-0.0288136520654724,0.0034913687999827
RF,AUDUSD,1,2022-07-01,2023-07-01,2022-08-11,3143,-0.3420821726262,0.0016564651986896,0.0024549150547205,-0.0320732024980501,0.0019380895711231
RF,AUDUSD,1,2022-07-01,2023-07-01,2022-08-14,3144,-0.3401440830550769,-0.00165426543113,0.0026258723655435,-0.0275915186831898,-0.0136774210279725
RF,AUDUSD,1,2022-07-01,2023-07-01,2022-08-15,3145,-0.3538215040830494,-0.0036963835808208,0.0003753835159662,-0.0160854832805062,-8.575961584950109e-05
RF,AUDUSD,1,2022-07-01,2023-07-01,2022-08-16,3146,-0.3539072636988989,-0.0045447124812895,0.0002955593574682,-0.0079263941177309,-0.0127601064821301
RF,AUDUSD,1,2022-07-01,2023-07-01,2022-08-17,3147,-0.3666673701810291,-0.0056016157228254,-0.0018803247720165,-0.0092041271788651,-0.002774570006277
RF,AUDUSD,1,2022-07-01,2023-07-01,2022-08-18,3148,-0.3694419401873061,-0.005581406700613,-0.0019255484944042,-0.0005341627936324,-0.0049452533043491
RF,AUDUSD,1,2022-07-01,2023-07-01,2022-08-21,3149,-0.3743871934916552,-0.0057309931552607,-0.0032644762060451,-0.0028698077916097,0.000231818367405
RF,AUDUSD,1,2022-07-01,2023-07-01,2022-08-22,3150,-0.3741553751242502,-0.0063127333221749,-0.0020725201922096,-0.007324333832847,0.0064197733859834
RF,AUDUSD,1,2022-07-01,2023-07-01,2022-08-23,3151,-0.3677356017382667,-0.0083058462078366,-0.0010116952020534,-0.0186179952771046,-0.002171385625289
RF,AUDUSD,1,2022-07-01,2023-07-01,2022-08-24,3152,-0.3699069873635557,-0.0100247983966412,1.796434906589123e-05,-0.0171836829340329,0.0080733295469258
RF,AUDUSD,1,2022-07-01,2023-07-01,2022-08-25,3153,-0.3618336578166299,-0.0122416813325807,0.0005206671522299,-0.0217722893467097,-0.0140378395432643
RF,AUDUSD,1,2022-07-01,2023-07-01,2022-08-28,3154,-0.3758714973598942,-0.0139656850630892,-0.0007481736083502,-0.0201221886326029,0.0058953943789556
RF,AUDUSD,1,2022-07-01,2023-07-01,2022-08-29,3155,-0.3699761029809386,-0.0158706013531262,0.00049201104988,-0.0228588882475836,-0.0072808983023264
RF,AUDUSD,1,2022-07-01,2023-07-01,2022-08-30,3156,-0.377257001283265,-0.0165511406513403,-0.0009058991689527,-0.0134328517603236,-0.0042227076738322
RF,AUDUSD,1,2022-07-01,2023-07-01,2022-08-31,3157,-0.3814797089570972,-0.0149511553081719,-0.0021032382031058,0.0027049727736243,-0.0048738880582741
RF,AUDUSD,1,2022-07-01,2023-07-01,2022-09-01,3158,-0.3863535970153713,-0.0119112146296484,-0.0032260813768233,0.0144177492251343,-0.0007370732822173
RF,AUDUSD,1,2022-07-01,2023-07-01,2022-09-04,3159,-0.3870906702975887,-0.0108634896796332,-0.0022803600611776,-0.0069892055547294,0.003484723134249
RF,AUDUSD,1,2022-07-01,2023-07-01,2022-09-05,3160,-0.3836059471633396,-0.0104030998702113,-0.000855532147583,-0.0091703363646708,-0.0123877388291575
RF,AUDUSD,1,2022-07-01,2023-07-01,2022-09-06,3161,-0.3959936859924971,-0.0096524614084387,-0.0025645722129695,-0.0063813493412903,0.0031586947639749
RF,AUDUSD,1,2022-07-01,2023-07-01,2022-09-07,3162,-0.3928349912285222,-0.0088253401057264,-0.0008161064537008,-0.0036210179368104,0.0021451381849336
RF,AUDUSD,1,2022-07-01,2023-07-01,2022-09-08,3163,-0.3906898530435886,-0.0082618373817675,-7.443067030963465e-05,-0.0047706417872496,0.0119151168601157
RF,AUDUSD,1,2022-07-01,2023-07-01,2022-09-11,3164,-0.3787747361834729,-0.0100067028643412,0.001454819246102,-0.0225685149961644,0.0068388883932359
RF,AUDUSD,1,2022-07-01,2023-07-01,2022-09-12,3165,-0.371935847790237,-0.013644433902988,0.0026537535347705,-0.0420501516020743,-0.0221440280620812
RF,AUDUSD,1,2022-07-01,2023-07-01,2022-09-13,3166,-0.3940798758523182,-0.0145852047764503,0.0002018550698272,-0.0145800728937302,0.0013035923243077
RF,AUDUSD,1,2022-07-01,2023-07-01,2022-09-14,3167,-0.3927762835280105,-0.0166849268292567,0.000464779683703,-0.0332949895339103,-0.009598751805777
RF,AUDUSD,1,2022-07-01,2023-07-01,2022-09-15,3168,-0.4023750353337875,-0.0187170441467739,-0.0022050562550478,-0.0321069373159882,0.0059190261684547
RF,AUDUSD,1,2022-07-01,2023-07-01,2022-09-18,3169,-0.3964560091653327,-0.021842671828577,-0.000515213147933,-0.0439109343830224,0.0009955143344944
RF,AUDUSD,1,2022-07-01,2023-07-01,2022-09-19,3170,-0.3954604948308383,-0.0237774171888697,0.000675115121904,-0.0345541283347644,-0.005882756348799
RF,AUDUSD,1,2022-07-01,2023-07-01,2022-09-20,3171,-0.4013432511796374,-0.0249304082014396,-0.0016096010070894,-0.027441825222599,-0.0126427482126739
RF,AUDUSD,1,2022-07-01,2023-07-01,2022-09-21,3172,-0.4139859993923113,-0.0260460030001734,-0.0035810484087158,-0.02903175928481,0.0053260506462629
RF,AUDUSD,1,2022-07-01,2023-07-01,2022-09-22,3173,-0.4086599487460484,-0.0262768660764731,-0.0024948117885181,-0.0218462933533017,-0.0174113243158723
RF,AUDUSD,1,2022-07-01,2023-07-01,2022-09-25,3174,-0.4260712730619208,-0.0250456695872627,-0.0028266606429393,-0.0025444207641067,-0.008410699587855
RF,AUDUSD,1,2022-07-01,2023-07-01,2022-09-26,3175,-0.4344819726497758,-0.022926623013093,-0.0054372011240656,0.0056506793795915,-0.0058849708985793
RF,AUDUSD,1,2022-07-01,2023-07-01,2022-09-27,3176,-0.4403669435483551,-0.0215290886957317,-0.0068232179387829,-0.0036712398233543,0.0103523203827524
RF,AUDUSD,1,2022-07-01,2023-07-01,2022-09-28,3177,-0.4300146231656027,-0.0219646992208666,-0.0048321752010698,-0.0209973494001908,0.0012295467633662
RF,AUDUSD,1,2022-07-01,2023-07-01,2022-09-29,3178,-0.4287850764022364,-0.0234359277239166,-0.0040237152061092,-0.0340744096041598,-0.0142326822748848
RF,AUDUSD,1,2022-07-01,2023-07-01,2022-10-02,3179,-0.4430177586771213,-0.0242275216033918,-0.0062440959522946,-0.0243637505714635,0.0125115165777711
RF,AUDUSD,1,2022-07-01,2023-07-01,2022-10-03,3180,-0.4305062420993501,-0.0261230279535193,-0.0060200535458478,-0.0351379306221983,0.0018905482733226
RF,AUDUSD,1,2022-07-01,2023-07-01,2022-10-04,3181,-0.4286156938260275,-0.0275761505814182,-0.0052731111127714,-0.0332612186314248,-0.0002155994441567
RF,AUDUSD,1,2022-07-01,2023-07-01,2022-10-05,3182,-0.4288312932701842,-0.0301307769603945,-0.0059667241874372,-0.045351091139959,-0.0152068901015252
RF,AUDUSD,1,2022-07-01,2023-07-01,2022-10-06,3183,-0.4440381833717094,-0.0296354570050431,-0.0080827466055977,-0.0181852926250793,-0.006973789194084
RF,AUDUSD,1,2022-07-01,2023-07-01,2022-10-09,3184,-0.4510119725657935,-0.027996272988421,-0.0094125148009678,-0.0084234791224128,-0.0118475134406026
RF,AUDUSD,1,2022-07-01,2023-07-01,2022-10-10,3185,-0.4628594860063962,-0.0262226488833752,-0.0106183290000769,-0.004954236318258,-0.0045220232421885
RF,AUDUSD,1,2022-07-01,2023-07-01,2022-10-11,3186,-0.4673815092485848,-0.0235869270030518,-0.0108826753960108,0.0013231625396467,0.0017373365270362
RF,AUDUSD,1,2022-07-01,2023-07-01,2022-10-12,3187,-0.4656441727215485,-0.0196166719304118,-0.0096773681782345,0.0149571275586711,0.0037672602640961
RF,AUDUSD,1,2022-07-01,2023-07-01,2022-10-13,3188,-0.4618769124574524,-0.0168874075837934,-0.0082008472464367,0.0045286139260432,-0.0123054719526908
RF,AUDUSD,1,2022-07-01,2023-07-01,2022-10-16,3189,-0.4741823844101432,-0.0121031461546942,-0.0081829258540748,0.0256584235381446,0.0119589084133543
RF,AUDUSD,1,2022-07-01,2023-07-01,2022-10-17,3190,-0.4622234759967888,-0.0079232158637563,-0.0075508526126632,0.0304397649575285,0.0027880243085824
RF,AUDUSD,1,2022-07-01,2023-07-01,2022-10-18,3191,-0.4594354516882064,-0.0046857061748743,-0.005603592375497,0.0210709137296074,-0.0083782706364479
RF,AUDUSD,1,2022-07-01,2023-07-01,2022-10-19,3192,-0.4678137223246543,-0.0013457254587814,-0.0062166437151483,0.0217313742150137,0.0017553756157162
RF,AUDUSD,1,2022-07-01,2023-07-01,2022-10-20,3193,-0.4660583467089381,0.0018995372953202,-0.0054119628952433,0.0213167673241284,0.0153713015460607
RF,AUDUSD,1,2022-07-01,2023-07-01,2022-10-23,3194,-0.4506870451628774,0.0034036508684945,-0.003675932239391,0.0038842070367169,-0.0066612533685317
RF,AUDUSD,1,2022-07-01,2023-07-01,2022-10-24,3195,-0.4573482985314092,0.0042435168285683,-0.003234766651009,0.0014056010382521,0.0088243376594105
RF,AUDUSD,1,2022-07-01,2023-07-01,2022-10-25,3196,-0.4485239608719986,0.0030993199778137,-0.0012448461508236,-0.0153358415883489,0.0167402498327383
RF,AUDUSD,1,2022-07-01,2023-07-01,2022-10-26,3197,-0.4317837110392603,0.0025070551131379,0.0020905358780124,-0.0083791088683366,-0.0065808269193387
RF,AUDUSD,1,2022-07-01,2023-07-01,2022-10-27,3198,-0.438364537958599,0.0029658735852088,0.003934735033013,0.0036966286718112,-0.0077178101510416
RF,AUDUSD,1,2022-07-01,2023-07-01,2022-10-31,3199,-0.4460823481096406,0.0047582767850072,0.0046075943387512,0.016711852777681,0.0013407687248309
RF,AUDUSD,1,2022-07-01,2023-07-01,2022-11-01,3200,-0.4447415793848096,0.0049717035694056,0.0083169950995224,0.0037806351149677,-0.0020612587413507
RF,AUDUSD,1,2022-07-01,2023-07-01,2022-11-02,3201,-0.4468028381261604,0.0062087683279328,0.0112854820575212,0.0323324073398059,-0.0091398593669966
RF,AUDUSD,1,2022-07-01,2023-07-01,2022-11-03,3202,-0.455942697493157,0.0095504609864532,0.0107576832385215,0.0552891731804626,-0.0079171049671905
RF,AUDUSD,1,2022-07-01,2023-07-01,2022-11-04,3203,-0.4638598024603475,0.0141703896580446,0.0114123681102408,0.0621725336726638,0.0236969825527506
RF,AUDUSD,1,2022-07-01,2023-07-01,2022-11-07,3204,-0.4401628199075969,0.0180589926216366,0.0137274766708621,0.0500049231828594,0.0054949106208092
RF,AUDUSD,1,2022-07-01,2023-07-01,2022-11-08,3205,-0.4346679092867877,0.0212193614080527,0.0155997653192156,0.0400682252062675,0.0052974139548281
RF,AUDUSD,1,2022-07-01,2023-07-01,2022-11-09,3206,-0.4293704953319596,0.0230665054025116,0.0165624434257993,0.0272797478558888,-0.0115904489378823
RF,AUDUSD,1,2022-07-01,2023-07-01,2022-11-10,3207,-0.4409609442698419,0.0260962528636125,0.0158495337410036,0.0378051721576859,0.0264905134834874
RF,AUDUSD,1,2022-07-01,2023-07-01,2022-11-11,3208,-0.4144704307863544,0.0266939406804496,0.0163373419470911,0.0001361262889615,0.01381690647366
RF,AUDUSD,1,2022-07-01,2023-07-01,2022-11-14,3209,-0.4006535243126944,0.0269014942424489,0.0173976054593454,-0.0073417506874219,-0.0010337444749892
RF,AUDUSD,1,2022-07-01,2023-07-01,2022-11-15,3210,-0.4016872687876837,0.0276721860964241,0.0172794315091225,0.0076815534400339,0.0115293720629461
RF,AUDUSD,1,2022-07-01,2023-07-01,2022-11-16,3211,-0.3901578967247375,0.0277911177436236,0.017332772815582,-0.0005765337202479,-0.0044417873557827
RF,AUDUSD,1,2022-07-01,2023-07-01,2022-11-17,3212,-0.3945996840805202,0.0267531991237074,0.0167302475964201,-0.0041025932167786,-0.0074910633955505
RF,AUDUSD,1,2022-07-01,2023-07-01,2022-11-18,3213,-0.4020907474760707,0.0249829079648649,0.015338417967939,-0.0055785837258972,-0.0010650246360852
RF,AUDUSD,1,2022-07-01,2023-07-01,2022-11-21,3214,-0.403155772112156,0.0235415957330555,0.0161269580236458,0.0003007396505618,-0.0111785323852369
RF,AUDUSD,1,2022-07-01,2023-07-01,2022-11-22,3215,-0.4143343044973929,0.0247645081958364,0.0152092715143038,0.0286128413969042,0.0063390294972764
RF,AUDUSD,1,2022-07-01,2023-07-01,2022-11-23,3216,-0.4079952750001164,0.025473116936077,0.016407558426419,0.0239513380332048,0.0139895596524666
RF,AUDUSD,1,2022-07-01,2023-07-01,2022-11-24,3217,-0.3940057153476498,0.025053692109722,0.0173712226037787,0.010254638600352,0.0032712849026643
RF,AUDUSD,1,2022-07-01,2023-07-01,2022-11-25,3218,-0.3907344304449854,0.0221183195782277,0.0176187130947558,-0.008578474438128,-0.0079678468523134
RF,AUDUSD,1,2022-07-01,2023-07-01,2022-11-28,3219,-0.3987022772972989,0.0199737450518225,0.0164841378077465,-0.0019512470153955,-0.008967053904669
RF,AUDUSD,1,2022-07-01,2023-07-01,2022-11-29,3220,-0.4076693312019679,0.0193944495954253,0.0154654885916593,0.0112133220366352,0.0048142987403738
RF,AUDUSD,1,2022-07-01,2023-07-01,2022-11-30,3221,-0.4028550324615941,0.0190864369262689,0.0166243659686792,0.0137307347459414,0.0171335693611054
RF,AUDUSD,1,2022-07-01,2023-07-01,2022-12-01,3222,-0.3857214631004886,0.017362940074497,0.0173457110849689,-0.0026788517600642,0.001677526133577
RF,AUDUSD,1,2022-07-01,2023-07-01,2022-12-02,3223,-0.3840439369669115,0.0147366556637267,0.0173554046314969,-0.0084062063882823,0.0002928602196138
RF,AUDUSD,1,2022-07-01,2023-07-01,2022-12-05,3224,-0.3837510767472977,0.0136132860686549,0.0173940365516538,0.0042898722992598,-0.0155618281358158
RF,AUDUSD,1,2022-07-01,2023-07-01,2022-12-06,3225,-0.3993129048831135,0.0147110979352991,0.0150631854177431,0.022114225356127,-0.0013406194295809
RF,AUDUSD,1,2022-07-01,2023-07-01,2022-12-07,3226,-0.4006535243126944,0.0137849384931952,0.015027726691847,0.0010589868528285,0.0041975151473617
RF,AUDUSD,1,2022-07-01,2023-07-01,2022-12-08,3227,-0.3964560091653327,0.0120458297881648,0.0149644194007132,-0.0058908611313178,0.00733171144968
RF,AUDUSD,1,2022-07-01,2023-07-01,2022-12-09,3228,-0.3891242977156526,0.0096704642464711,0.0148599660644727,-0.0101886071674608,0.0007239828550997
RF,AUDUSD,1,2022-07-01,2023-07-01,2022-12-12,3229,-0.3884003148605529,0.0068823840515603,0.0135853015664796,-0.0137954047387431,-0.004049828494641
RF,AUDUSD,1,2022-07-01,2023-07-01,2022-12-13,3230,-0.3924501433551939,0.0052058743898605,0.0104431225815137,-0.0055202986309689,0.012988938907156
RF,AUDUSD,1,2022-07-01,2023-07-01,2022-12-14,3231,-0.3794612044480379,0.0013156724034329,0.0102446478607931,-0.0243051546616848,0.0022625249210513
RF,AUDUSD,1,2022-07-01,2023-07-01,2022-12-15,3232,-0.3771986795269865,-0.0020526134677555,0.0096150907650338,-0.0214163956881343,-0.0223958579328794
RF,AUDUSD,1,2022-07-01,2023-07-01,2022-12-16,3233,-0.3995945374598659,-0.0025052247963098,0.0058596021777723,0.0057500293141081,-0.0027523328367846
RF,AUDUSD,1,2022-07-01,2023-07-01,2022-12-19,3234,-0.4023468702966505,-0.0028582664039473,0.0029701211080855,0.0063261718724551,0.003033965413537
RF,AUDUSD,1,2022-07-01,2023-07-01,2022-12-20,3235,-0.3993129048831135,-0.002956225998357,0.002530769991025,0.0058407355222345,-0.0028828147161825
RF,AUDUSD,1,2022-07-01,2023-07-01,2022-12-21,3236,-0.402195719599296,-0.0021559284478938,0.0012240350077752,0.0115207546127154,0.0042252776131331
RF,AUDUSD,1,2022-07-01,2023-07-01,2022-12-22,3237,-0.3979704419861629,-0.0004980765072348,0.0013577475555163,0.0156988918505137,-0.0057959171235598
RF,AUDUSD,1,2022-07-01,2023-07-01,2022-12-23,3238,-0.4037663591097227,0.0014485788570031,-0.0009720335732629,0.0189271457830846,0.0051512838946018
RF,AUDUSD,1,2022-07-01,2023-07-01,2022-12-26,3239,-0.3986150752151208,0.0012960548918143,0.0001874356364601,0.0023078229619096,0.004770567069363
RF,AUDUSD,1,2022-07-01,2023-07-01,2022-12-27,3240,-0.3938445081457578,0.002397572708193,0.0011448348868119,0.0124535671638519,-0.0021761902784376
RF,AUDUSD,1,2022-07-01,2023-07-01,2022-12-28,3241,-0.3960206984241954,0.0027908938361532,0.0005471444382102,0.0038218619898413,0.0025485290633164
RF,AUDUSD,1,2022-07-01,2023-07-01,2022-12-29,3242,-0.393472169360879,0.0045136154258362,0.0004078735529981,0.021536321570642,0.0027972043742983
RF,AUDUSD,1,2022-07-01,2023-07-01,2022-12-30,3243,-0.3906749649865806,0.0060998313245902,0.0008363493667433,0.0210160124444168,0.0084034148509314
RF,AUDUSD,1,2022-07-01,2023-07-01,2023-01-02,3244,-0.3822715501356492,0.0063305301542362,0.0013026056931838,0.0104831903806478,-0.0025676631909888
RF,AUDUSD,1,2022-07-01,2023-07-01,2023-01-03,3245,-0.384839213326638,0.0072889813334993,0.0007532968632488,0.0153682086355798,-0.0114680389265731
RF,AUDUSD,1,2022-07-01,2023-07-01,2023-01-04,3246,-0.3963072522532111,0.0105105932828615,-0.0021370233063484,0.0350238715848688,0.0149163112713053
RF,AUDUSD,1,2022-07-01,2023-07-01,2023-01-05,3247,-0.3813909409819058,0.0119712908974122,-0.0007262314370557,0.0209232203813584,-0.0108078954524483
RF,AUDUSD,1,2022-07-01,2023-07-01,2023-01-06,3248,-0.3921988364343541,0.0143216950856144,-0.0019785571973497,0.0307120998450979,0.0202629886441171
RF,AUDUSD,1,2022-07-01,2023-07-01,2023-01-09,3249,-0.371935847790237,0.0152927333641429,-0.0004312243090196,0.0136042944161898,0.0022768952480731
RF,AUDUSD,1,2022-07-01,2023-07-01,2023-01-10,3250,-0.3696589525421638,0.0149287639976206,0.0006051169392807,0.0049519407336074,-0.0021294072128374
RF,AUDUSD,1,2022-07-01,2023-07-01,2023-01-11,3251,-0.3717883597550013,0.0139568876396043,0.0010605268512632,0.0027514235670086,0.002317355063943
RF,AUDUSD,1,2022-07-01,2023-07-01,2023-01-12,3252,-0.3694710046910582,0.0140001074237398,0.000720213295704,0.0103221180738449,0.0081876240227158
RF,AUDUSD,1,2022-07-01,2023-07-01,2023-01-13,3253,-0.3612833806683423,0.0139561066276667,0.0019274889433339,0.0087830882718299,0.0008156600677949
RF,AUDUSD,1,2022-07-01,2023-07-01,2023-01-16,3254,-0.3604677206005474,0.0140069069087296,0.0021358083967495,0.0104448580708478,-0.0010190159887087
RF,AUDUSD,1,2022-07-01,2023-07-01,2023-01-17,3255,-0.3614867365892562,0.0150800133170406,0.0010540532710841,0.0201506340230536,0.003155183215209
RF,AUDUSD,1,2022-07-01,2023-07-01,2023-01-18,3256,-0.3583315533740471,0.0157934117827124,0.0016497571395951,0.0177968516131016,-0.0063754584345092
RF,AUDUSD,1,2022-07-01,2023-07-01,2023-01-19,3257,-0.3647070118085563,0.0172194587116139,-0.0001258878322501,0.023339631448457,-0.0043299243794363
RF,AUDUSD,1,2022-07-01,2023-07-01,2023-01-20,3258,-0.3690369361879926,0.0180481103469603,-0.0016547711688705,0.0206276669995986,0.0098880495707793
RF,AUDUSD,1,2022-07-01,2023-07-01,2023-01-23,3259,-0.3591488866172133,0.01727715414459,-0.0002184100280316,0.0097899646650406,0.0066485942207009
RF,AUDUSD,1,2022-07-01,2023-07-01,2023-01-24,3260,-0.3525002923965123,0.0173755058445346,0.0012190415362736,0.0163281082205768,0.0024774298668128
RF,AUDUSD,1,2022-07-01,2023-07-01,2023-01-25,3261,-0.3500228625296995,0.0159803812644838,0.002362071931608,0.0039610397821234,0.0086867599634969
RF,AUDUSD,1,2022-07-01,2023-07-01,2023-01-26,3262,-0.3413361025662025,0.0124020636450328,0.0027428492958056,-0.0267178487102289,0.000801400805257
RF,AUDUSD,1,2022-07-01,2023-07-01,2023-01-27,3263,-0.3405347017609454,0.0082340278022002,0.0029829911962775,-0.0322983867738007,-0.0008326785991538
RF,AUDUSD,1,2022-07-01,2023-07-01,2023-01-30,3264,-0.3413673803600992,0.0052345173247323,0.0019331335786557,-0.0203777814268121,-0.0070418888282947
RF,AUDUSD,1,2022-07-01,2023-07-01,2023-01-31,3265,-0.348409269188394,0.0029371731938915,-0.0001562575146318,-0.0183157257401235,-0.0009496527637786
RF,AUDUSD,1,2022-07-01,2023-07-01,2023-02-01,3266,-0.3493589219521726,0.0008498401198667,-0.0001670553357455,-0.0160131120951677,0.0131867377762371
RF,AUDUSD,1,2022-07-01,2023-07-01,2023-02-02,3267,-0.3361721841759355,-0.0033873697377015,0.0005656167527529,-0.0329401012047357,-0.0098896385716405
RF,AUDUSD,1,2022-07-01,2023-07-01,2023-02-03,3268,-0.346061822747576,-0.00538855177422,-0.0003362290656775,-0.0149079216468917,-0.0219921285288554
RF,AUDUSD,1,2022-07-01,2023-07-01,2023-02-06,3269,-0.3680539512764315,-0.0058346020410152,-0.0024716995357849,0.0096035809421599,-0.0047791372583146
RF,AUDUSD,1,2022-07-01,2023-07-01,2023-02-07,3270,-0.3728330885347461,-0.0067291213476761,-0.0030584277790498,0.0027685347556712,0.0110879267478347
RF,AUDUSD,1,2022-07-01,2023-07-01,2023-02-08,3271,-0.3617451617869114,-0.0091531846292431,-0.0014760205234143,-0.0147825841937141,-0.0049798331416061
RF,AUDUSD,1,2022-07-01,2023-07-01,2023-02-09,3272,-0.3667249949285175,-0.0108899303189094,-0.0010291012219786,-0.0087824432991198,0.0013529608811772
RF,AUDUSD,1,2022-07-01,2023-07-01,2023-02-10,3273,-0.3653720340473403,-0.0116172766548917,-0.0003554268398542,-0.0043878504592601,-0.0037402513333308
RF,AUDUSD,1,2022-07-01,2023-07-01,2023-02-13,3274,-0.3691122853806712,-0.0124801444961204,-0.0014855364735217,-0.0074882492811556,0.0081425409862034
RF,AUDUSD,1,2022-07-01,2023-07-01,2023-02-14,3275,-0.3609697443944678,-0.0149385776060757,0.0003580134446225,-0.0227949803411166,0.0025193740601962
RF,AUDUSD,1,2022-07-01,2023-07-01,2023-02-15,3276,-0.3584503703342716,-0.0175555528693254,0.001370138147053,-0.0257230054533958,-0.0116141834448033
RF,AUDUSD,1,2022-07-01,2023-07-01,2023-02-16,3277,-0.3700645537790749,-0.0197619434994589,-0.0001733139536348,-0.0251010460780812,-0.0064631922015507
RF,AUDUSD,1,2022-07-01,2023-07-01,2023-02-17,3278,-0.3765277459806256,-0.0209980503919838,-0.0022314659650791,-0.0175521298716925,0.0010203077529882
RF,AUDUSD,1,2022-07-01,2023-07-01,2023-02-20,3279,-0.3755074382276373,-0.0223240038359046,-0.0014442390851703,-0.0203853782813397,0.0057475537210369
RF,AUDUSD,1,2022-07-01,2023-07-01,2023-02-21,3280,-0.3697598845066004,-0.023531954772707,-2.8748185909830207e-05,-0.0218321226098611,-0.0068406501552263
RF,AUDUSD,1,2022-07-01,2023-07-01,2023-02-22,3281,-0.3766005346618268,-0.0242435643322092,-0.0008417006420472,-0.0186667463458953,-0.0071641900737575
RF,AUDUSD,1,2022-07-01,2023-07-01,2023-02-23,3282,-0.3837647247355844,-0.0234716624809898,-0.0024227933206029,-0.0085948773175796,-0.000408651052083
RF,AUDUSD,1,2022-07-01,2023-07-01,2023-02-24,3283,-0.3841733757876674,-0.0229017864682293,-0.0015368126899287,-0.0113760825296492,-0.0109922240694886
RF,AUDUSD,1,2022-07-01,2023-07-01,2023-02-27,3284,-0.3951655998571561,-0.0224656262499592,-0.0034463403739391,-0.0217141456986137,0.0010857240048379
RF,AUDUSD,1,2022-07-01,2023-07-01,2023-02-28,3285,-0.3940798758523182,-0.0222876821889179,-0.0020836512199639,-0.0223450029263206,-0.0018129406566589
RF,AUDUSD,1,2022-07-01,2023-07-01,2023-03-01,3286,-0.3958928165089771,-0.0220764157620664,-0.0018163880252272,-0.0209869290467927,0.0043008093925155
RF,AUDUSD,1,2022-07-01,2023-07-01,2023-03-02,3287,-0.3915920071164616,-0.0219170754968576,-0.0002000197233707,-0.0187544265573892,-0.0036752738912605
RF,AUDUSD,1,2022-07-01,2023-07-01,2023-03-03,3288,-0.3952672810077221,-0.0208659782969457,-0.0005973321780843,-0.0113186050267089,0.0029076789545581
RF,AUDUSD,1,2022-07-01,2023-07-01,2023-03-06,3289,-0.392359602053164,-0.0197945431835054,9.9435865206843e-05,-0.0097464717352447,-0.0031898562641526
RF,AUDUSD,1,2022-07-01,2023-07-01,2023-03-07,3290,-0.3955494583173167,-0.0195695221606856,2.4378500976832283e-06,-0.017197083156108,-0.0213302872384532
RF,AUDUSD,1,2022-07-01,2023-07-01,2023-03-08,3291,-0.4168797455557699,-0.0174464831699817,-0.0028848140534676,0.0109246864704612,0.000454866777131
RF,AUDUSD,1,2022-07-01,2023-07-01,2023-03-09,3292,-0.4164248787786389,-0.0141996903115471,-0.002680191470786,0.0179173304883058,-0.000454866777131
RF,AUDUSD,1,2022-07-01,2023-07-01,2023-03-10,3293,-0.4168797455557699,-0.010557824679315,-0.0029916005365979,0.0189213720547106,0.006533311881919
RF,AUDUSD,1,2022-07-01,2023-07-01,2023-03-13,3294,-0.4103464336738509,-0.0084309946506719,-0.0013947883961639,0.0065647225491179,0.0037605476394197
RF,AUDUSD,1,2022-07-01,2023-07-01,2023-03-14,3295,-0.4065858860344311,-0.0062812104865936,-0.0004977894144078,0.0060060326357546,0.0044798122460222
RF,AUDUSD,1,2022-07-01,2023-07-01,2023-03-15,3296,-0.4021060737884088,-0.0051286774877631,0.0001923214202544,-0.0011218643219879,-0.0106404676850159
RF,AUDUSD,1,2022-07-01,2023-07-01,2023-03-16,3297,-0.4127465414734247,-0.003374255256619,-0.0017272126408732,0.0055761814784506,0.0067914823881161
RF,AUDUSD,1,2022-07-01,2023-07-01,2023-03-17,3298,-0.4059550590853086,-0.0023357710157881,-0.0025967629547081,-0.0004962171374749,0.0074475107949755
RF,AUDUSD,1,2022-07-01,2023-07-01,2023-03-20,3299,-0.398507548290333,-0.0012668707947534,-0.002088017528015,-0.0009395420901243,0.0005491747892737
RF,AUDUSD,1,2022-07-01,2023-07-01,2023-03-21,3300,-0.3979583735010593,-0.0010365715569465,-0.002655728121383,-0.0051371899277822,-0.0058233376236735
RF,AUDUSD,1,2022-07-01,2023-07-01,2023-03-22,3301,-0.4037817111247329,0.0006302928934628,-0.0053382991996883,0.0058112691385699,0.0032018577260564
RF,AUDUSD,1,2022-07-01,2023-07-01,2023-03-23,3302,-0.4005798533986764,0.0002295378557359,-0.0054017249187124,-0.0060512348078475,-0.0026480847117202
RF,AUDUSD,1,2022-07-01,2023-07-01,2023-03-24,3303,-0.4032279381103967,0.0013798283979036,-0.0053312283688308,0.0158731932193313,-0.0039424218845773
RF,AUDUSD,1,2022-07-01,2023-07-01,2023-03-26,3304,-0.4071703599949741,0.0028457145449656,-0.0073215133324074,0.0153242879149133,0.0007190837721904
RF,AUDUSD,1,2022-07-01,2023-07-01,2023-03-27,3305,-0.4064512762227836,0.0035781999829847,-0.0070644867144884,0.0084606901907186,0.0070041858423262
RF,AUDUSD,1,2022-07-01,2023-07-01,2023-03-28,3306,-0.3994470903804574,0.0027067681017359,-0.0062470383554609,-0.0046170684681061,-0.0036484730483841
RF,AUDUSD,1,2022-07-01,2023-07-01,2023-03-29,3307,-0.4030955634288415,0.0023974699321701,-0.0058195495610472,-0.0013449890349042,0.0051251214426786
RF,AUDUSD,1,2022-07-01,2023-07-01,2023-03-30,3308,-0.3979704419861629,0.0008959377404246,-0.0053628716036461,-0.010253514136696,-0.0086606462203611
RF,AUDUSD,1,2022-07-01,2023-07-01,2023-04-02,3309,-0.406631088206524,0.001009676241168,-0.0061158098329219,-0.0007355160360489,0.0192763433154586
RF,AUDUSD,1,2022-07-01,2023-07-01,2023-04-03,3310,-0.3873547448910653,0.0007312493259444,-0.0055613766302771,-0.0132719974590567,-0.0044913271889954
RF,AUDUSD,1,2022-07-01,2023-07-01,2023-04-04,3311,-0.3918460720800608,0.0017555301060633,-0.0057445172624583,0.003827672473764,-0.0061445139520042
RF,AUDUSD,1,2022-07-01,2023-07-01,2023-04-05,3312,-0.397990586032065,0.0017979617519716,-0.0075338040014937,-0.0017112397302833,-0.0060735728164985
RF,AUDUSD,1,2022-07-01,2023-07-01,2023-04-06,3313,-0.4040641588485635,0.0023573996273862,-0.0087515003381885,0.0036464868983663,-0.0003763936151822
RF,AUDUSD,1,2022-07-01,2023-07-01,2023-04-09,3314,-0.4044405524637458,0.0035053614161122,-0.008284712316602,0.0092769878939596,-0.0037834036591131
RF,AUDUSD,1,2022-07-01,2023-07-01,2023-04-10,3315,-0.4082239561228589,0.0044959586853237,-0.0092912973375068,0.0085690648536559,0.0008573518802859
RF,AUDUSD,1,2022-07-01,2023-07-01,2023-04-11,3316,-0.407366604242573,0.0060066915814496,-0.0080209540758359,0.0133129813074128,0.0067398618924509
RF,AUDUSD,1,2022-07-01,2023-07-01,2023-04-12,3317,-0.4006267423501221,0.0055376799864956,-0.0071660852240126,-0.0008236287277265,0.0126083427438253
RF,AUDUSD,1,2022-07-01,2023-07-01,2023-04-13,3318,-0.3880183996062967,0.0041216246406466,-0.0040768250923286,-0.0118913689029351,-0.0116834261560516
RF,AUDUSD,1,2022-07-01,2023-07-01,2023-04-16,3319,-0.3997018257623483,0.0028165649660279,-0.0051994619072085,-0.0103135858754827,-0.0007158461878488
RF,AUDUSD,1,2022-07-01,2023-07-01,2023-04-17,3320,-0.4004176719501972,0.0009776857693146,-0.0051642159917009,-0.0138287782344847,0.005254107380411
RF,AUDUSD,1,2022-07-01,2023-07-01,2023-04-18,3321,-0.3951635645697861,-0.0010134630805638,-0.0048503097513615,-0.01575669057614,-0.0044913266994168
RF,AUDUSD,1,2022-07-01,2023-07-01,2023-04-19,3322,-0.3996548912692029,-0.002810937271185,-0.0048422943640818,-0.0139833749956261,0.0056012683340427
RF,AUDUSD,1,2022-07-01,2023-07-01,2023-04-20,3323,-0.3940536229351601,-0.0050036798463475,-0.0051097382915503,-0.0180130139327913,-0.0073967481426884
RF,AUDUSD,1,2022-07-01,2023-07-01,2023-04-23,3324,-0.4014503710778486,-0.0049318428673503,-0.005959207386095,-0.0030649411799005,0.0015406025686167
RF,AUDUSD,1,2022-07-01,2023-07-01,2023-04-24,3325,-0.3999097685092319,-0.0057575289118857,-0.0054338269140943,-0.0093347910996666,-0.0101056431285991
RF,AUDUSD,1,2022-07-01,2023-07-01,2023-04-25,3326,-0.410015411637831,-0.0041245342299194,-0.0065390531103978,0.0089553540595013,-0.0042310385468509
RF,AUDUSD,1,2022-07-01,2023-07-01,2023-04-26,3327,-0.4142464501846819,-0.0010642745495991,-0.007675294157083,0.0208606747061097,0.0033261950387558
RF,AUDUSD,1,2022-07-01,2023-07-01,2023-04-27,3328,-0.4109202551459261,0.0021019567653348,-0.0072905985425146,0.022458939850089,-0.0027180111189029
RF,AUDUSD,1,2022-07-01,2023-07-01,2023-04-30,3329,-0.4136382662648291,0.0053034747588853,-0.0062902931780958,0.0230972838178196,0.0015716293968776
RF,AUDUSD,1,2022-07-01,2023-07-01,2023-05-01,3330,-0.4120666368679515,0.0084499828514465,-0.0062187148106867,0.0237409413990971,0.0075513246102023
RF,AUDUSD,1,2022-07-01,2023-07-01,2023-05-02,3331,-0.4045153122577491,0.0083662199484677,-0.0057228143259808,0.0040225579259534,-0.0047292473511493
RF,AUDUSD,1,2022-07-01,2023-07-01,2023-05-03,3332,-0.4092445596088985,0.008044920222878,-0.0060826578047679,0.0008105221735776,0.0081845020305688
RF,AUDUSD,1,2022-07-01,2023-07-01,2023-05-04,3333,-0.4010600575783297,0.0075430610587208,-0.005601124756856,0.0010303400486214,0.0076742820997575
RF,AUDUSD,1,2022-07-01,2023-07-01,2023-05-07,3334,-0.3933857754785722,0.0053572439775862,-0.0038152079476752,-0.013411728033889,0.004924460182735
RF,AUDUSD,1,2022-07-01,2023-07-01,2023-05-08,3335,-0.3884613152958371,0.0024690395361181,-0.0026406049197209,-0.0186624748130438,-0.0020796671511723
RF,AUDUSD,1,2022-07-01,2023-07-01,2023-05-09,3336,-0.3905409824470094,-0.0006310691275441,-0.0030607532720092,-0.0204422018985536,0.002215286978155
RF,AUDUSD,1,2022-07-01,2023-07-01,2023-05-10,3337,-0.3883256954688543,-0.0033078179376933,-0.0038130825990161,-0.0179897362965187,-0.0121670588629413
RF,AUDUSD,1,2022-07-01,2023-07-01,2023-05-11,3338,-0.4004927543317957,-0.0042272521678397,-0.004966160161836,-0.0075224194962266,-0.007941283103525
RF,AUDUSD,1,2022-07-01,2023-07-01,2023-05-14,3339,-0.4084340374353208,-0.0049519521646651,-0.0071337610418195,-0.0050256760466547,0.0084043199056125
RF,AUDUSD,1,2022-07-01,2023-07-01,2023-05-15,3340,-0.4000297175297083,-0.0076047715374243,-0.0055867715463624,-0.0238383917721898,-0.0067677859827529
RF,AUDUSD,1,2022-07-01,2023-07-01,2023-05-16,3341,-0.4067975035124612,-0.0101494750100563,-0.0050003505437549,-0.0242183930094986,-0.0003262865964198
RF,AUDUSD,1,2022-07-01,2023-07-01,2023-05-17,3342,-0.407123790108881,-0.0119487832287694,-0.00492956299903,-0.0195155163294549,-0.003859394236682
RF,AUDUSD,1,2022-07-01,2023-07-01,2023-05-18,3343,-0.4109831843455631,-0.0131391716501214,-0.005333493147202,-0.0154243780948913,0.0046677525801899
RF,AUDUSD,1,2022-07-01,2023-07-01,2023-05-21,3344,-0.4063154317653731,-0.0151255739807427,-0.0036187582947935,-0.0217327513208973,-0.0016997420626492
RF,AUDUSD,1,2022-07-01,2023-07-01,2023-05-22,3345,-0.4080151738280223,-0.0169489785036431,-0.0032386956813515,-0.0217834114262097,-0.0054445396539532
RF,AUDUSD,1,2022-07-01,2023-07-01,2023-05-23,3346,-0.4134597134819756,-0.0160881720086133,-0.0058101293865785,-0.0053954186935518,-0.0104083958199225
RF,AUDUSD,1,2022-07-01,2023-07-01,2023-05-24,3347,-0.4238681093018981,-0.0137005303211023,-0.0082098257491944,0.008352343836339,-0.0071477872200617
RF,AUDUSD,1,2022-07-01,2023-07-01,2023-05-25,3348,-0.4310158965219599,-0.0102151851877459,-0.0100270261390068,0.0175429346352339,0.0043765900836238
RF,AUDUSD,1,2022-07-01,2023-07-01,2023-05-28,3349,-0.426639306438336,-0.0063159502807706,-0.0088242298711369,0.0230359140734053,0.0002317439978815
RF,AUDUSD,1,2022-07-01,2023-07-01,2023-05-29,3350,-0.4264075624404544,-0.0027978162813907,-0.0072824404827119,0.01973189662556,-0.0016406206458159
RF,AUDUSD,1,2022-07-01,2023-07-01,2023-05-30,3351,-0.4280481830862704,0.0016906854639944,-0.0080849511295015,0.0294492687252813,-0.0017504021679616
RF,AUDUSD,1,2022-07-01,2023-07-01,2023-05-31,3352,-0.4297985852542321,0.0068833256345734,-0.008395787555242,0.0360147882158374,0.0109434530787047
RF,AUDUSD,1,2022-07-01,2023-07-01,2023-06-01,3353,-0.4188551321755274,0.0103545142219442,-0.0075030044098398,0.0262719859024134,0.0033393667099683
RF,AUDUSD,1,2022-07-01,2023-07-01,2023-06-04,3354,-0.415515765465559,0.0135475141323282,-0.0058843947525898,0.0253267870253601,0.0020428035788331
RF,AUDUSD,1,2022-07-01,2023-07-01,2023-06-05,3355,-0.4134729618867259,0.0167085171673551,-0.0056004033406255,0.027353798219708,0.0098695695217952
RF,AUDUSD,1,2022-07-01,2023-07-01,2023-06-06,3356,-0.4036033923649306,0.0191561861984016,-0.0051205946667785,0.0296804749281252,-0.0030722734499638
RF,AUDUSD,1,2022-07-01,2023-07-01,2023-06-07,3357,-0.4066756658148944,0.021909182156264,-0.005587161322744,0.0321275977895129,0.0080767514539052
RF,AUDUSD,1,2022-07-01,2023-07-01,2023-06-08,3358,-0.3985989143609891,0.0231860088086381,-0.0054414883701742,0.0204638944302282,0.0048151173225944
RF,AUDUSD,1,2022-07-01,2023-07-01,2023-06-11,3359,-0.3937837970383946,0.0222312672446567,-0.0035856551146427,0.0064759375022845,0.0012006507652806
RF,AUDUSD,1,2022-07-01,2023-07-01,2023-06-12,3360,-0.3925831462731139,0.021103882095483,-0.0039588595932515,0.0067298352554998,0.002394167832915
RF,AUDUSD,1,2022-07-01,2023-07-01,2023-06-13,3361,-0.3901889784401989,0.018739397689907,-0.0042971025823884,-0.001269804854888,0.004069814773181
RF,AUDUSD,1,2022-07-01,2023-07-01,2023-06-14,3362,-0.3861191636670179,0.0146708062150098,-0.0037299206433151,-0.0172704309050156,0.0121962462302124
RF,AUDUSD,1,2022-07-01,2023-07-01,2023-06-15,3363,-0.3739229174368054,0.0099161580757727,-0.0022844004925838,-0.0303681322039254,-0.000625150588576
RF,AUDUSD,1,2022-07-01,2023-07-01,2023-06-18,3364,-0.3745480680253815,0.0051002171714383,-0.0021338955494674,-0.0287092196753473,-0.0035869519053793
RF,AUDUSD,1,2022-07-01,2023-07-01,2023-06-19,3365,-0.3781350199307609,-5.373775276706905e-05,-0.0032804715164515,-0.0372870080477358,-0.0091728396053491
RF,AUDUSD,1,2022-07-01,2023-07-01,2023-06-20,3366,-0.38730785953611,-0.0034659735795532,-0.0036506576165404,-0.0252255317976291,0.0014545485184959
RF,AUDUSD,1,2022-07-01,2023-07-01,2023-06-21,3367,-0.3858533110176141,-0.0062381688515775,-0.0023804371726719,-0.0208643383378586,-0.0056054722774728
RF,AUDUSD,2,2023-07-01,2024-07-01,2023-07-02,3374,-0.4067176493554728,-0.0051385491277637,-0.0004745578844775,0.0053141168185925,0.0023664976224342
RF,AUDUSD,2,2023-07-01,2024-07-01,2023-07-03,3375,-0.4043511517330385,-0.0028939156952251,0.0001003057897428,0.017627243301365,0.0027836747037806
RF,AUDUSD,2,2023-07-01,2024-07-01,2023-07-04,3376,-0.4015674770292579,-0.0001299353256365,7.598345118402888e-05,0.0288528499819251,-0.0053632503010255
RF,AUDUSD,2,2023-07-01,2024-07-01,2023-07-05,3377,-0.4069307273302834,0.0028003656305479,-0.0013591536357351,0.026810739171786,-0.0042910845573929
RF,AUDUSD,2,2023-07-01,2024-07-01,2023-07-06,3378,-0.4112218118876763,0.0060068694945939,-0.0022096102043052,0.0271022615796999,0.0090087146854099
RF,AUDUSD,2,2023-07-01,2024-07-01,2023-07-09,3379,-0.4022130972022664,0.0078098358455234,-0.0018297884896314,0.0187278566133743,-0.0014036813530063
RF,AUDUSD,2,2023-07-01,2024-07-01,2023-07-10,3380,-0.4036167785552728,0.0089743372548157,-0.0021907275273473,0.0135326640172772,0.0022132460183925
RF,AUDUSD,2,2023-07-01,2024-07-01,2023-07-11,3381,-0.4014035325368802,0.009891353133918,-0.0022972308576609,0.0125286521963755,0.0146796241052067
RF,AUDUSD,2,2023-07-01,2024-07-01,2023-07-12,3382,-0.3867239084316735,0.0082296606245236,-0.0011006684649657,-0.0099103014834334,0.0140092813843407
RF,AUDUSD,2,2023-07-01,2024-07-01,2023-07-13,3383,-0.3727146270473327,0.005749009735958,0.000376220467857,-0.0228482871331153,-0.0074053611111646
RF,AUDUSD,2,2023-07-01,2024-07-01,2023-07-16,3384,-0.3801199881584974,0.004919606602043,-0.0012337397487619,-0.0073677861385409,-0.0039995621494789
RF,AUDUSD,2,2023-07-01,2024-07-01,2023-07-17,3385,-0.3841195503079764,0.0037672330915288,-0.0028550381337675,-0.0074427422145127,0.0006343097190844
RF,AUDUSD,2,2023-07-01,2024-07-01,2023-07-18,3386,-0.383485240588892,0.0015021027293462,-0.0028818818733878,-0.0152237858627646,-0.0065988739491035
RF,AUDUSD,2,2023-07-01,2024-07-01,2023-07-19,3387,-0.3900841145379955,-0.0008415161366768,-0.0039098159137896,-0.0162605786044514,0.0012092341974908
RF,AUDUSD,2,2023-07-01,2024-07-01,2023-07-20,3388,-0.3888748803405047,-0.0020828280780317,-0.0029871527824753,-0.0090955616456581,-0.0077593295746021
RF,AUDUSD,2,2023-07-01,2024-07-01,2023-07-23,3389,-0.3966342099151069,-0.0035172712888189,-0.0038138860950657,-0.0162168970960346,0.0010712957346588
RF,AUDUSD,2,2023-07-01,2024-07-01,2023-07-24,3390,-0.3955629141804481,-0.0059006101354334,-0.0025479355828866,-0.0283208588638845,0.0080751398834096
RF,AUDUSD,2,2023-07-01,2024-07-01,2023-07-25,3391,-0.3874877742970384,-0.0093131977739272,-0.0010088000461831,-0.0339228028966395,-0.0040745182254507
RF,AUDUSD,2,2023-07-01,2024-07-01,2023-07-26,3392,-0.3915622925224892,-0.0120091825493838,-0.0012276706936282,-0.0279437375021457,-0.0071467339291674
RF,AUDUSD,2,2023-07-01,2024-07-01,2023-07-27,3393,-0.3987090264516566,-0.0137770205338412,-0.0027094634096705,-0.0209679333511346,-0.0076356666907902
RF,AUDUSD,2,2023-07-01,2024-07-01,2023-07-30,3394,-0.4063446931424469,-0.015266316021879,-0.0041301561183837,-0.0195882265741184,0.008374251156284
RF,AUDUSD,2,2023-07-01,2024-07-01,2023-07-31,3395,-0.3979704419861629,-0.0177821456738944,-0.002101388688318,-0.0271665877824496,-0.0148806650249786
RF,AUDUSD,2,2023-07-01,2024-07-01,2023-08-01,3396,-0.4128511070111415,-0.0193812696080216,-0.0025790219941433,-0.0160108461519193,-0.011032666033191
RF,AUDUSD,2,2023-07-01,2024-07-01,2023-08-02,3397,-0.4238837730443326,-0.020259050502653,-0.004802306898381,-0.0076063408203457,0.0024731958506546
RF,AUDUSD,2,2023-07-01,2024-07-01,2023-08-03,3398,-0.4214105771936779,-0.0210588321748634,-0.004015635643443,-0.0111585329383248,0.0019045471690429
RF,AUDUSD,2,2023-07-01,2024-07-01,2023-08-06,3399,-0.419506030024635,-0.0222780781621099,-0.0027344278906604,-0.0177742589369845,-0.0001709297781563
RF,AUDUSD,2,2023-07-01,2024-07-01,2023-08-07,3400,-0.4196769598027913,-0.0238895499126141,-0.0026198944951161,-0.024316342744921,-0.006255959913774
RF,AUDUSD,2,2023-07-01,2024-07-01,2023-08-08,3401,-0.4259329197165654,-0.0247030549249737,-0.0044663848212637,-0.0192783615352528,0.0007958899479528
RF,AUDUSD,2,2023-07-01,2024-07-01,2023-08-09,3402,-0.4251370297686125,-0.0250759718685915,-0.005312978215712,-0.0188562727790997,-0.0037249233944484
RF,AUDUSD,2,2023-07-01,2024-07-01,2023-08-10,3403,-0.4288619531630609,-0.0247067085435989,-0.0069994070404492,-0.0152275250455277,-0.0026281607016174
RF,AUDUSD,2,2023-07-01,2024-07-01,2023-08-13,3404,-0.4314901138646784,-0.0233544906547875,-0.0077801284408681,-0.010431665225471,-0.0010789962673243
RF,AUDUSD,2,2023-07-01,2024-07-01,2023-08-14,3405,-0.4325691101320028,-0.0205563392168887,-0.0078580616136877,-0.0012047789453707,-0.0047111788296167
RF,AUDUSD,2,2023-07-01,2024-07-01,2023-08-15,3406,-0.4372802889616195,-0.0188135743582692,-0.009204459946332,-0.0068284254891651,-0.0067130135860927
RF,AUDUSD,2,2023-07-01,2024-07-01,2023-08-16,3407,-0.4439933025477123,-0.016312696437978,-0.0102316557513817,0.0003143880496006,-0.0012179787041058
RF,AUDUSD,2,2023-07-01,2024-07-01,2023-08-17,3408,-0.4452112812518182,-0.0134464143528517,-0.0099240023357294,0.0033177833720379,0.0012179787041058
RF,AUDUSD,2,2023-07-01,2024-07-01,2023-08-20,3409,-0.4439933025477123,-0.0100590283747203,-0.0087868682004946,0.0096038250996413,-9.61756608763853e-05
RF,AUDUSD,2,2023-07-01,2024-07-01,2023-08-21,3410,-0.4440894782085887,-0.0067568622557593,-0.0081808386758395,0.0100369606640055,0.0021676991184392
RF,AUDUSD,2,2023-07-01,2024-07-01,2023-08-22,3411,-0.4419217790901494,-0.0038403967055511,-0.0079454450772954,0.00935395504482,0.0081478900127758
RF,AUDUSD,2,2023-07-01,2024-07-01,2023-08-23,3412,-0.4337738890773735,-0.0033783787980278,-0.0063498873566626,-0.0042874468268843,-0.0103348253734111
RF,AUDUSD,2,2023-07-01,2024-07-01,2023-08-24,3413,-0.4441087144507847,-0.0012226361624838,-0.0072911331348756,0.0068587908065481,0.000429799952673
RF,AUDUSD,2,2023-07-01,2024-07-01,2023-08-27,3414,-0.4436789144981117,-0.0012133181599701,-0.0077632702189098,-0.0064599322570841,0.0017854166183314
RF,AUDUSD,2,2023-07-01,2024-07-01,2023-08-28,3415,-0.4418934978797803,-0.0014720830008201,-0.0075065710359247,-0.0070531061595443,0.0075040204317092
RF,AUDUSD,2,2023-07-01,2024-07-01,2023-08-29,3416,-0.434389477448071,-0.0028396017249319,-0.0064742000071537,-0.0154350996976717,0.0003369599034878
RF,AUDUSD,2,2023-07-01,2024-07-01,2023-08-30,3417,-0.4340525175445831,-0.0038856800408111,-0.0064187910004481,-0.0125481397673259,0.0014846934992537
RF,AUDUSD,2,2023-07-01,2024-07-01,2023-08-31,3418,-0.4325678240453294,-0.0044745340116509,-0.0061794200085464,-0.0087314897572868,-0.0054935118589284
RF,AUDUSD,2,2023-07-01,2024-07-01,2023-09-03,3419,-0.4380613359042579,-0.0040994928357656,-0.0062114187187147,-0.0038321619755223,0.0008114122600212
RF,AUDUSD,2,2023-07-01,2024-07-01,2023-09-04,3420,-0.4372499236442366,-0.0040866510343202,-0.005536492758071,-0.0056650794139208,-0.0128889231109592
RF,AUDUSD,2,2023-07-01,2024-07-01,2023-09-05,3421,-0.4501388467551959,-0.0018498523283155,-0.0048187521219842,0.00890124852886,0.0011922427158712
RF,AUDUSD,2,2023-07-01,2024-07-01,2023-09-06,3422,-0.4489466040393246,0.0003972392228378,-0.0018598702999019,0.0089679687967185,-0.000877973106418
RF,AUDUSD,2,2023-07-01,2024-07-01,2023-09-07,3423,-0.4498245771457427,0.0025781979761545,0.0022584261534727,0.0097061867945822,0.0032239198338335
RF,AUDUSD,2,2023-07-01,2024-07-01,2023-09-10,3424,-0.4466006573119091,0.0047394477968234,0.0046008992408192,0.0105733481919453,0.0053013435092928
RF,AUDUSD,2,2023-07-01,2024-07-01,2023-09-11,3425,-0.4412993138026163,0.004948623702228,0.0100342676087677,0.0006369883673196,-0.0005941840771639
RF,AUDUSD,2,2023-07-01,2024-07-01,2023-09-12,3426,-0.4418934978797803,0.0043379377279174,0.0121631239781407,-0.0028949487722875,-0.0010215051783771
RF,AUDUSD,2,2023-07-01,2024-07-01,2023-09-13,3427,-0.4429150030581574,0.0046294431030914,0.0130392021411943,0.0030136412283117,0.0016774048318216
RF,AUDUSD,2,2023-07-01,2024-07-01,2023-09-14,3428,-0.4412375982263358,0.004029794013717,0.014189619384145,-0.0016177241660609,0.0012589629837296
RF,AUDUSD,2,2023-07-01,2024-07-01,2023-09-17,3429,-0.4399786352426061,0.0024387455637869,0.0162138981656677,-0.0072680259539996,-0.0001397551085542
RF,AUDUSD,2,2023-07-01,2024-07-01,2023-09-18,3430,-0.4401183903511604,-2.120036740965725e-05,0.0166247848341452,-0.0143902546245082,0.0040910812311966
RF,AUDUSD,2,2023-07-01,2024-07-01,2023-09-19,3431,-0.4360273091199638,-0.0014199075452993,0.0167236775859767,-0.0058982717676476,-0.0046350163153328
RF,AUDUSD,2,2023-07-01,2024-07-01,2023-09-20,3432,-0.4406623254352966,-0.0015128517778211,0.0162861379710533,0.0001712210085415,-0.0041261212167711
RF,AUDUSD,2,2023-07-01,2024-07-01,2023-09-21,3433,-0.4447884466520678,-0.0020032940039408,0.0152859174143167,-0.0073439454668365,0.0048870848222221
RF,AUDUSD,2,2023-07-01,2024-07-01,2023-09-24,3434,-0.4399013618298457,-0.0040740815360338,0.016299324074235,-0.0207221886357047,-0.002953960562551
RF,AUDUSD,2,2023-07-01,2024-07-01,2023-09-25,3435,-0.4428553223923967,-0.0054062139843119,0.0168045196668329,-0.0145714212680739,-0.004391338804209
RF,AUDUSD,2,2023-07-01,2024-07-01,2023-09-26,3436,-0.4472466611966058,-0.0052728249388895,0.0156311395376371,-0.0035741593135081,-0.0072619837790628
RF,AUDUSD,2,2023-07-01,2024-07-01,2023-09-27,3437,-0.4545086449756687,-0.0041693909256707,0.0150917965372806,0.0038369407367642,0.0125830640880572
RF,AUDUSD,2,2023-07-01,2024-07-01,2023-09-28,3438,-0.4419255808876114,-0.0037881881147579,0.0162330374188995,-0.0011011821725558,0.0014344764608563
RF,AUDUSD,2,2023-07-01,2024-07-01,2023-10-01,3439,-0.4404911044267551,-0.0032999250151038,0.0169427987762754,-0.0005792507617479,-0.0116412876921492
RF,AUDUSD,2,2023-07-01,2024-07-01,2023-10-02,3440,-0.4521323921189044,-0.0019404502447517,0.0160374899419468,0.0086690513014093,-0.0084911583466461
RF,AUDUSD,2,2023-07-01,2024-07-01,2023-10-03,3441,-0.4606235504655505,-0.0016248764594,0.0153094004045353,0.0012512268885063,0.0031968068050797
RF,AUDUSD,2,2023-07-01,2024-07-01,2023-10-04,3442,-0.4574267436604707,-0.0016728595679112,0.0158824596868156,-0.0025473934548516,0.0066059231503567
RF,AUDUSD,2,2023-07-01,2024-07-01,2023-10-05,3443,-0.4508208205101139,-0.0020172605374201,0.0169176782943353,-0.0052328454548511,0.0001491162712095
RF,AUDUSD,2,2023-07-01,2024-07-01,2023-10-08,3444,-0.4506717042389044,-0.0019012985122506,0.0173676462258888,-0.0014606878799999,0.007644941178737
RF,AUDUSD,2,2023-07-01,2024-07-01,2023-10-09,3445,-0.4430267630601673,-0.0033190216781721,0.0171812846814228,-0.0138789490477486,0.0019564078716642
RF,AUDUSD,2,2023-07-01,2024-07-01,2023-10-10,3446,-0.441070355188503,-0.0051608511624594,0.0178468910825699,-0.0166886006980687,-0.0023929856289919
RF,AUDUSD,2,2023-07-01,2024-07-01,2023-10-11,3447,-0.443463340817495,-0.0068039722065266,0.017238458753714,-0.0153403488823635,-0.0159089827595491
RF,AUDUSD,2,2023-07-01,2024-07-01,2023-10-12,3448,-0.4593723235770441,-0.0061478742372436,0.0160954544550846,0.0031456915163414,-0.0006018135382782
RF,AUDUSD,2,2023-07-01,2024-07-01,2023-10-15,3449,-0.4599741371153223,-0.0046449238673203,0.0162517223057383,0.0075745389692384,0.0039204711503572
RF,AUDUSD,2,2023-07-01,2024-07-01,2023-10-16,3450,-0.4560536659649651,-0.005036066999411,0.0165733335133011,-0.0064581841513033,0.0039212738460607
RF,AUDUSD,2,2023-07-01,2024-07-01,2023-10-17,3451,-0.4521323921189044,-0.0050214382785817,0.0175575218814732,-0.0042051458546129,-0.0047733199890115
RF,AUDUSD,2,2023-07-01,2024-07-01,2023-10-18,3452,-0.4569057121079159,-0.0042923774764576,0.0163416071898615,0.001026392776095,-0.0008532437786558
RF,AUDUSD,2,2023-07-01,2024-07-01,2023-10-19,3453,-0.4577589558865718,-0.0027186605931542,0.0167002530029402,0.0069304638000133,-0.0010447338132867
RF,AUDUSD,2,2023-07-01,2024-07-01,2023-10-22,3454,-0.4588036896998586,-0.0017902251636407,0.0166031309329953,0.0030891912000339,0.0025770576391558
RF,AUDUSD,2,2023-07-01,2024-07-01,2023-10-23,3455,-0.4562266320607027,-5.023343064630703e-05,0.0170338694146377,0.013464489775497,0.0038270339146188
RF,AUDUSD,2,2023-07-01,2024-07-01,2023-10-24,3456,-0.4523995981460838,0.0012260841435549,0.0177236654755123,0.0104624263233439,-0.0101122519701846
RF,AUDUSD,2,2023-07-01,2024-07-01,2023-10-25,3457,-0.4625118501162685,0.0048085481684066,0.016426115252487,0.03432026468099,0.0061743121427512
RF,AUDUSD,2,2023-07-01,2024-07-01,2023-10-26,3458,-0.4563375379735173,0.0072022452728259,0.0167763094741721,0.0239255019065761,0.0004582186416963
RF,AUDUSD,2,2023-07-01,2024-07-01,2023-10-30,3459,-0.4558793193318209,0.0084038178935979,0.0170970800714657,0.0142841626752108,0.0050508272452625
RF,AUDUSD,2,2023-07-01,2024-07-01,2023-10-31,3460,-0.4508284920865584,0.0084358160344533,0.0170345705392057,0.0054314084355683,-0.0048860064132661
RF,AUDUSD,2,2023-07-01,2024-07-01,2023-11-01,3461,-0.4557144984998246,0.0083766629177065,0.0167149743894304,0.0034249019439087,0.0129523562146189
RF,AUDUSD,2,2023-07-01,2024-07-01,2023-11-02,3462,-0.4427621422852056,0.0069920784996758,0.0169955945609949,-0.0090717418515453,0.0008249704624657
RF,AUDUSD,2,2023-07-01,2024-07-01,2023-11-03,3463,-0.4419371718227399,0.0056841910161113,0.0174525563580983,-0.0073227721165867,0.0137455863874614
RF,AUDUSD,2,2023-07-01,2024-07-01,2023-11-06,3464,-0.4281915854352784,0.0050835047677594,0.0174510191141026,-0.0026163099002881,-0.0042204506316627
RF,AUDUSD,2,2023-07-01,2024-07-01,2023-11-07,3465,-0.4324120360669411,0.0050514980499234,0.0168839119486778,0.0033971354874254,-0.0091831205896689
RF,AUDUSD,2,2023-07-01,2024-07-01,2023-11-08,3466,-0.4415951566566101,0.0054315161087884,0.0153233299156505,0.0063123978180011,-0.0038019269943799
RF,AUDUSD,2,2023-07-01,2024-07-01,2023-11-09,3467,-0.44539708365099,0.0068740947029933,0.0157060266884808,0.0167038855291314,-0.0068925129049258
RF,AUDUSD,2,2023-07-01,2024-07-01,2023-11-10,3468,-0.4522895965559159,0.0098767518033348,0.0141990762237027,0.0313048963207527,0.0004557124191649
RF,AUDUSD,2,2023-07-01,2024-07-01,2023-11-13,3469,-0.4518338841367509,0.0128017476563648,0.0159900507830854,0.0301017582294207,0.0025739401974242
RF,AUDUSD,2,2023-07-01,2024-07-01,2023-11-14,3470,-0.4492599439393266,0.0149917063597849,0.0163102511050443,0.0250385211769962,0.01845204860376
RF,AUDUSD,2,2023-07-01,2024-07-01,2023-11-15,3471,-0.4308078953355665,0.0158426455989322,0.0176070249989512,0.0092286974064081,0.0017929947560508
RF,AUDUSD,2,2023-07-01,2024-07-01,2023-11-16,3472,-0.4290149005795157,0.0166447008893203,0.0178335693060627,0.0106619056230103,-0.0062678582590932
RF,AUDUSD,2,2023-07-01,2024-07-01,2023-11-17,3473,-0.4352827588386089,0.0184914522872004,0.0164557286165237,0.0216596360965168,0.0065895607167503
RF,AUDUSD,2,2023-07-01,2024-07-01,2023-11-20,3474,-0.4286931981218586,0.0202291099734826,0.0170388905106234,0.0220774162261671,0.0077084978866954
RF,AUDUSD,2,2023-07-01,2024-07-01,2023-11-21,3475,-0.4209847002351631,0.0199383894260763,0.017690573424576,0.0083454148911439,-0.000747425672167
RF,AUDUSD,2,2023-07-01,2024-07-01,2023-11-22,3476,-0.4217321259073301,0.0191819241944887,0.017594171786478,0.0072464485443619,-0.0024892968550002
RF,AUDUSD,2,2023-07-01,2024-07-01,2023-11-23,3477,-0.4242214227623303,0.0199242621921407,0.0171393905991335,0.0211859752019377,0.0026422248331719
RF,AUDUSD,2,2023-07-01,2024-07-01,2023-11-24,3478,-0.4215791979291584,0.0189505555947651,0.0173054896096765,0.0086513485279509,0.003226202972653
RF,AUDUSD,2,2023-07-01,2024-07-01,2023-11-27,3479,-0.4183529949565053,0.0165326439775247,0.0177208159968339,-0.0040498186171505,0.0047298722144132
RF,AUDUSD,2,2023-07-01,2024-07-01,2023-11-28,3480,-0.413623122742092,0.013391627577904,0.0179147960077273,-0.0092830474320426,0.0070073408464005
RF,AUDUSD,2,2023-07-01,2024-07-01,2023-11-29,3481,-0.4066157818956915,0.0103586166115925,0.0180956438192095,-0.0097365145513441,-0.0060235034483276
RF,AUDUSD,2,2023-07-01,2024-07-01,2023-11-30,3482,-0.4126392853440191,0.0081184963366272,0.0167018167314953,-0.0059415107855286,-0.001846392018949
RF,AUDUSD,2,2023-07-01,2024-07-01,2023-12-01,3483,-0.4144856773629682,0.0059084598562727,0.0163078989111499,-0.0063467538938811,0.0114502298025755
RF,AUDUSD,2,2023-07-01,2024-07-01,2023-12-04,3484,-0.4030354475603926,0.0024364104768253,0.0172335346834231,-0.0178579974619801,-0.0098924018408148
RF,AUDUSD,2,2023-07-01,2024-07-01,2023-12-05,3485,-0.4129278494012074,0.0024887513818045,0.0159280617176914,0.0072127579719505,-0.0094749641724484
RF,AUDUSD,2,2023-07-01,2024-07-01,2023-12-06,3486,-0.4224028135736559,0.0042205304817588,0.0149155692614442,0.0223255214691253,-0.0005033566004787
RF,AUDUSD,2,2023-07-01,2024-07-01,2023-12-07,3487,-0.4229061701741347,0.0061005257438386,0.0155412824438849,0.0222659924440746,0.006553873727099
RF,AUDUSD,2,2023-07-01,2024-07-01,2023-12-08,3488,-0.4163522964470356,0.0072540523718422,0.0156760232447866,0.0164291911001419,-0.0022284996825122
RF,AUDUSD,2,2023-07-01,2024-07-01,2023-12-11,3489,-0.4185807961295478,0.009751673402474,0.0166204815737763,0.0274620895268828,-0.0022516351273015
RF,AUDUSD,2,2023-07-01,2024-07-01,2023-12-12,3490,-0.4208324312568494,0.0121047387542486,0.0150003455445251,0.0262800618748436,-6.101376552342108e-05
RF,AUDUSD,2,2023-07-01,2024-07-01,2023-12-13,3491,-0.4208934450223728,0.0154257040898295,0.013969952808002,0.0347606887040505,0.0151783535931159
RF,AUDUSD,2,2023-07-01,2024-07-01,2023-12-14,3492,-0.4057150914292569,0.0167599948989964,0.0132138977286372,0.0213442432179365,0.0056377993247263
RF,AUDUSD,2,2023-07-01,2024-07-01,2023-12-15,3493,-0.4000772921045306,0.0172852681244932,0.011957430377358,0.0152979829050333,-0.0005628856255294
RF,AUDUSD,2,2023-07-01,2024-07-01,2023-12-18,3494,-0.40064017773006,0.0180770338738628,0.0098180566816092,0.0184717037359742,0.0007170723831663
RF,AUDUSD,2,2023-07-01,2024-07-01,2023-12-19,3495,-0.3999231053468936,0.0192635327795243,0.0077587573495998,0.0222726258169598,0.0088043987442287
RF,AUDUSD,2,2023-07-01,2024-07-01,2023-12-20,3496,-0.3911187066026649,0.0185408956886259,0.0043476908474327,0.0093167656567894,-0.0034336627793408
RF,AUDUSD,2,2023-07-01,2024-07-01,2023-12-21,3497,-0.3945523693820058,0.0180017690189809,0.0019823422653884,0.0118988207711032,0.0084196130636835
RF,AUDUSD,2,2023-07-01,2024-07-01,2023-12-22,3498,-0.3861327563183222,0.0161117512845938,0.0020664029462339,0.0020138186414068,0.0017619081070019
RF,AUDUSD,2,2023-07-01,2024-07-01,2023-12-25,3499,-0.3843708482113203,0.0129885090845158,0.0020654754153923,-0.0063487816112635,-0.0004084609881769
RF,AUDUSD,2,2023-07-01,2024-07-01,2023-12-26,3500,-0.3847793091994972,0.0093876328771891,0.0008123430902887,-0.0103391261493938,0.0026108352054114
RF,AUDUSD,2,2023-07-01,2024-07-01,2023-12-27,3501,-0.3821684739940857,0.0049901148921446,0.000753589921369,-0.0173255411272721,0.0045179944641519
RF,AUDUSD,2,2023-07-01,2024-07-01,2023-12-28,3502,-0.3776504795299338,0.0004181569684898,0.0011428510378557,-0.020380395811324,-0.0041514614159416
RF,AUDUSD,2,2023-07-01,2024-07-01,2023-12-29,3503,-0.3818019409458755,-0.0030494601124234,0.0003477836806642,-0.0156948336003522,-0.000851607665027
RF,AUDUSD,2,2023-07-01,2024-07-01,2024-01-01,3504,-0.3826535486109025,-0.0067051434159528,0.0006770498016563,-0.0201099064359008,-0.0014653890660129
RF,AUDUSD,2,2023-07-01,2024-07-01,2024-01-02,3505,-0.3841189376769154,-0.0092095466788121,0.0002972400165706,-0.0157619349608987,-0.0066006921456683
RF,AUDUSD,2,2023-07-01,2024-07-01,2024-01-03,3506,-0.3907196298225838,-0.0106555559318221,-0.001578576992335,-0.0099821216267644,-0.0043988055263072
RF,AUDUSD,2,2023-07-01,2024-07-01,2024-01-04,3507,-0.3951184353488911,-0.0114904599646329,-0.0021220491995634,-0.0069876384395177,-0.0043755797724668
RF,AUDUSD,2,2023-07-01,2024-07-01,2024-01-05,3508,-0.3994940151213579,-0.0122184400951662,-0.0039852926205821,-0.0084141399427848,0.0014631397801
RF,AUDUSD,2,2023-07-01,2024-07-01,2024-01-08,3509,-0.3980308753412578,-0.0135742076971726,-0.002486786717921,-0.0191677890984882,0.00053410079503
RF,AUDUSD,2,2023-07-01,2024-07-01,2024-01-09,3510,-0.3974967745462278,-0.0155367459169241,-0.0017856405789823,-0.0253183287972085,-0.0052666805005756
RF,AUDUSD,2,2023-07-01,2024-07-01,2024-01-10,3511,-0.4027634550468034,-0.0160905638016655,-0.0022238424501656,-0.0153545469590881,0.0028825824089891
RF,AUDUSD,2,2023-07-01,2024-07-01,2024-01-11,3512,-0.3998808726378142,-0.0169226394074149,-0.0019613915028339,-0.0163197681457349,-0.000820878811534
RF,AUDUSD,2,2023-07-01,2024-07-01,2024-01-12,3513,-0.4007017514493483,-0.018028932216753,-0.0015011232235732,-0.0192782384526548,-0.0014043223390605
RF,AUDUSD,2,2023-07-01,2024-07-01,2024-01-15,3514,-0.4021060737884088,-0.0183875343469707,-0.0010269178115417,-0.0154871741765372,-0.005802081275734
RF,AUDUSD,2,2023-07-01,2024-07-01,2024-01-16,3515,-0.4079081550641428,-0.0182011686095786,-0.002538131523042,-0.0111441686549713,-0.0092905093756032
RF,AUDUSD,2,2023-07-01,2024-07-01,2024-01-17,3516,-0.417198664439746,-0.0170407835070781,-0.0035068617927273,-0.000458477090488,-0.0056164389036902
RF,AUDUSD,2,2023-07-01,2024-07-01,2024-01-18,3517,-0.4228151033434363,-0.0152796144967068,-0.0051336788089761,0.004052119508681,0.0046971013375448
RF,AUDUSD,2,2023-07-01,2024-07-01,2024-01-19,3518,-0.4181180020058915,-0.0130457873851825,-0.0034888990347715,0.0047509323266751,0.0019173612223423
RF,AUDUSD,2,2023-07-01,2024-07-01,2024-01-22,3519,-0.4162006407835492,-0.0115111375882254,-0.0036080490202805,-0.0001028485897048,-0.0037793491184539
RF,AUDUSD,2,2023-07-01,2024-07-01,2024-01-23,3520,-0.4199799899020031,-0.0102870881450275,-0.00467893909332,-0.0013847121087735,0.002386741937057
RF,AUDUSD,2,2023-07-01,2024-07-01,2024-01-24,3521,-0.417593247964946,-0.0090677950277435,-0.0046364314461416,-0.0017327253114081,-0.001459075754168
RF,AUDUSD,2,2023-07-01,2024-07-01,2024-01-25,3522,-0.4190523237191141,-0.0089924129725671,-0.0053966923936297,-0.0109492882090858,0.00139518218888
RF,AUDUSD,2,2023-07-01,2024-07-01,2024-01-26,3523,-0.4176571415302341,-0.0097985948159168,-0.0062283863988285,-0.0161621838018753,-0.0011058423045212
RF,AUDUSD,2,2023-07-01,2024-07-01,2024-01-29,3524,-0.4187629838347553,-0.0094690368916439,-0.0068974060974299,-0.0074650093750934,0.0053959141555389
RF,AUDUSD,2,2023-07-01,2024-07-01,2024-01-30,3525,-0.4133670696792164,-0.0103598723030155,-0.0061815461900136,-0.0140552492923817,-0.0029364196940376
RF,AUDUSD,2,2023-07-01,2024-07-01,2024-01-31,3526,-0.416303489373254,-0.0112114974975432,-0.0064152001421524,-0.0148488053101012,-0.0050612126375225
RF,AUDUSD,2,2023-07-01,2024-07-01,2024-02-01,3527,-0.4213647020107766,-0.0105257268494994,-0.0080861095422808,-0.0054900521585039,0.0020387287344224
RF,AUDUSD,2,2023-07-01,2024-07-01,2024-02-02,3528,-0.4193259732763542,-0.0101176640808833,-0.0071394532213339,-0.0070208770973575,-0.0106756386518457
RF,AUDUSD,2,2023-07-01,2024-07-01,2024-02-05,3529,-0.4300016119281999,-0.0099324790866798,-0.0089265875358948,-0.0079765026858426,-0.0038177134039095
RF,AUDUSD,2,2023-07-01,2024-07-01,2024-02-06,3530,-0.4338193253321095,-0.0084381866920238,-0.0096513573551994,0.0028514893649904,0.0075913321222607
RF,AUDUSD,2,2023-07-01,2024-07-01,2024-02-07,3531,-0.4262279932098488,-0.0074673302396041,-0.0083534712809416,-0.0006397313164117,-0.0011943257617493
RF,AUDUSD,2,2023-07-01,2024-07-01,2024-02-08,3532,-0.4274223189715981,-0.0060458236697504,-0.0071052492727888,0.0024553313898131,-0.0037299757117572
RF,AUDUSD,2,2023-07-01,2024-07-01,2024-02-09,3533,-0.4311522946833553,-0.0042438278609415,-0.0088128459977151,0.0050940729195619,0.0042975405140748
RF,AUDUSD,2,2023-07-01,2024-07-01,2024-02-12,3534,-0.4268547541692805,-0.0026238178872764,-0.0076625157725427,0.0042690551696509,0.0005079037955687
RF,AUDUSD,2,2023-07-01,2024-07-01,2024-02-13,3535,-0.4263468503737117,-0.0011852342645094,-0.0066365367237204,0.0037152201422235,-0.0116312642403307
RF,AUDUSD,2,2023-07-01,2024-07-01,2024-02-14,3536,-0.4379781146140425,0.001877132616544,-0.0082679078722047,0.0162467156924124,0.0070102786469234
RF,AUDUSD,2,2023-07-01,2024-07-01,2024-02-15,3537,-0.430967835967119,0.0041692929150094,-0.0078139101821587,0.0101938727425265,0.0041001114408585
RF,AUDUSD,2,2023-07-01,2024-07-01,2024-02-16,3538,-0.4268677245262605,0.0049286569541051,-0.0065062294225537,0.0021583436357253,0.0019007369444755
RF,AUDUSD,2,2023-07-01,2024-07-01,2024-02-19,3539,-0.4249669875817849,0.0053633955015213,-0.0056904847979291,0.000914995977521,-0.0010912341820084
RF,AUDUSD,2,2023-07-01,2024-07-01,2024-02-20,3540,-0.4260582217637933,0.004397034374531,-0.0063463483513373,-0.0055403634171192,0.0034725227641638
RF,AUDUSD,2,2023-07-01,2024-07-01,2024-02-21,3541,-0.4225856989996295,0.0029412136062325,-0.0063558936652202,-0.0084432219636118,-4.593123185869796e-05
RF,AUDUSD,2,2023-07-01,2024-07-01,2024-02-22,3542,-0.4226316302314882,0.0022013770614815,-0.0057095234170775,-0.0038707051784714,0.0009002313098581
RF,AUDUSD,2,2023-07-01,2024-07-01,2024-02-23,3543,-0.4217313989216301,0.0007493380160919,-0.0065648439243543,-0.0078797714004328,0.0009574356970376
RF,AUDUSD,2,2023-07-01,2024-07-01,2024-02-26,3544,-0.4207739632245925,-0.0009176712689962,-0.0057251613390681,-0.0094090882786789,-0.0039354176659426
RF,AUDUSD,2,2023-07-01,2024-07-01,2024-02-27,3545,-0.4247093808905351,-0.0004268329779302,-0.0062526613442069,0.0040745832509266,0.0006573892862712
RF,AUDUSD,2,2023-07-01,2024-07-01,2024-02-28,3546,-0.4240519916042639,0.0007118200801001,-0.0049655656903247,0.011758891253346,-0.0075465935766487
RF,AUDUSD,2,2023-07-01,2024-07-01,2024-02-29,3547,-0.4315985851809126,0.0034531021801536,-0.005738708616964,0.0197604300313457,0.0005696642176712
RF,AUDUSD,2,2023-07-01,2024-07-01,2024-03-01,3548,-0.4310289209632413,0.0059297429735888,-0.0030768811110618,0.0178601774961509,0.0045265855532816
RF,AUDUSD,2,2023-07-01,2024-07-01,2024-03-04,3549,-0.4265023354099597,0.0073762345718415,0.0006299692496331,0.0120919865027752,-0.0031088349121032
RF,AUDUSD,2,2023-07-01,2024-07-01,2024-03-05,3550,-0.4296111703220629,0.0097102143881296,0.0051557168652349,0.0182686742972706,-0.0005718811812084
RF,AUDUSD,2,2023-07-01,2024-07-01,2024-03-06,3551,-0.4301830515032714,0.0106525397427444,0.0067247873500842,0.0115259779372499,0.0095482538636629
RF,AUDUSD,2,2023-07-01,2024-07-01,2024-03-07,3552,-0.4206347976396085,0.0097500197676005,0.0088172246541692,-0.0012678210094244,0.0083416972886906
RF,AUDUSD,2,2023-07-01,2024-07-01,2024-03-08,3553,-0.4122931003509178,0.0079766554849498,0.010606962955729,-0.0096816865618161,0.0004549452013509
RF,AUDUSD,2,2023-07-01,2024-07-01,2024-03-11,3554,-0.4118381551495669,0.0051887563654535,0.0116738278730483,-0.0148912884603448,-0.0013305883175234
RF,AUDUSD,2,2023-07-01,2024-07-01,2024-03-12,3555,-0.4131687434670903,0.0041260021337093,0.0116043711157496,-0.0026802314539514,-0.0012416054400941
RF,AUDUSD,2,2023-07-01,2024-07-01,2024-03-13,3556,-0.4144103489071845,0.0027962116667379,0.0110142230072133,-0.0050234187995839,0.0030678528823921
RF,AUDUSD,2,2023-07-01,2024-07-01,2024-03-14,3557,-0.4113424960247923,5.321549944520276e-05,0.0104016642090141,-0.0170119052690371,-0.0073145775412292
RF,AUDUSD,2,2023-07-01,2024-07-01,2024-03-15,3558,-0.4186570735660215,-0.0009080063134617,0.0087830088987558,-0.0061595898042619,-0.0032455450830113
RF,AUDUSD,2,2023-07-01,2024-07-01,2024-03-18,3559,-0.4219026186490329,-0.0013702726941703,0.0069945928673785,-0.0029009186342462,-7.216826370110008e-05
RF,AUDUSD,2,2023-07-01,2024-07-01,2024-03-19,3560,-0.421974786912734,-0.0021584997984091,0.0050557953257148,-0.0054292538647491,-0.0047546566971777
RF,AUDUSD,2,2023-07-01,2024-07-01,2024-03-20,3561,-0.4267294436099117,-0.0023126110627995,0.0024008149371841,-0.0014751295332329,0.0108804686888699
RF,AUDUSD,2,2023-07-01,2024-07-01,2024-03-21,3562,-0.4158489749210418,-0.0036166718403115,0.0027969175682644,-0.0098696079207356,-0.0035847927857265
RF,AUDUSD,2,2023-07-01,2024-07-01,2024-03-22,3563,-0.4194337677067684,-0.0053889241104288,0.0027763244533614,-0.0132118675594836,-0.008920633587061
RF,AUDUSD,2,2023-07-01,2024-07-01,2024-03-25,3564,-0.4283544012938294,-0.0054064070719,0.0023358086456522,-0.0002157261044362,0.003537737923546
RF,AUDUSD,2,2023-07-01,2024-07-01,2024-03-26,3565,-0.4248166633702834,-0.0045252309364446,0.003394855301965,0.0045929855378646,1.3126087004211584e-05
RF,AUDUSD,2,2023-07-01,2024-07-01,2024-03-27,3566,-0.4248035372832792,-0.0031480060059064,0.0042984343460228,0.0074230272733464,-0.0026005034942039
RF,AUDUSD,2,2023-07-01,2024-07-01,2024-03-28,3567,-0.4274040407774832,-0.001763494062357,0.003895579385523,0.0073656292482124,-0.0008005323656615
RF,AUDUSD,2,2023-07-01,2024-07-01,2024-03-29,3568,-0.4282045731431447,0.0004983316514849,0.0040910262800276,0.0134461322376319,0.0024859903013673
RF,AUDUSD,2,2023-07-01,2024-07-01,2024-03-31,3569,-0.4257185828417774,0.0027774256855956,0.003266386555082,0.0145120577712088,-0.0069270524244746
RF,AUDUSD,2,2023-07-01,2024-07-01,2024-04-01,3570,-0.432645635266252,0.0037492615443044,0.0001179871700022,0.0029699820493537,0.0040755078679863
RF,AUDUSD,2,2023-07-01,2024-07-01,2024-04-02,3571,-0.4285701273982656,0.0043187162741345,-0.0004154335025277,0.0040150417367824,0.0083464495658469
RF,AUDUSD,2,2023-07-01,2024-07-01,2024-04-03,3572,-0.4202236778324187,0.0028288430107883,-9.510393040706098e-05,-0.0142887602841316,0.002843167822486
RF,AUDUSD,2,2023-07-01,2024-07-01,2024-04-04,3573,-0.4173805100099327,0.0003251331836168,-0.0008424518579116,-0.0222875871155568,-0.0026579015193379
RF,AUDUSD,2,2023-07-01,2024-07-01,2024-04-07,3574,-0.4200384115292707,-0.0023642842077462,-0.0025662000289093,-0.0242505096523001,0.0052799706237579
RF,AUDUSD,2,2023-07-01,2024-07-01,2024-04-08,3575,-0.4147584409055127,-0.0054244071452985,-0.0031108747071352,-0.0253270913559853,0.0035519158349442
RF,AUDUSD,2,2023-07-01,2024-07-01,2024-04-09,3576,-0.4112065250705685,-0.0093059964637786,-0.002768236821889,-0.0312287202291391,-0.0184691281463297
RF,AUDUSD,2,2023-07-01,2024-07-01,2024-04-10,3577,-0.4296756532168982,-0.0109209866259704,-0.0042882900310472,-0.0125584778088717,0.005120567555415
RF,AUDUSD,2,2023-07-01,2024-07-01,2024-04-11,3578,-0.4245550856614832,-0.0121426811107315,-0.0042609209843934,-0.0135062502427746,-0.0099573524550671
RF,AUDUSD,2,2023-07-01,2024-07-01,2024-04-14,3579,-0.4345124381165503,-0.0116058497239798,-0.0059112681468257,0.0020205821137892,-0.0051556590089392
RF,AUDUSD,2,2023-07-01,2024-07-01,2024-04-15,3580,-0.4396680971254896,-0.0102023070935484,-0.0068068478319303,0.0084234227103652,-0.0046208240560812
RF,AUDUSD,2,2023-07-01,2024-07-01,2024-04-16,3581,-0.4442889211815709,-0.0075168580451485,-0.0078753035072297,0.0170688318264444,0.0042033889200727
RF,AUDUSD,2,2023-07-01,2024-07-01,2024-04-17,3582,-0.4400855322614981,-0.0047216768694193,-0.0061006390600856,0.0156514601028274,-0.0023497130382095
RF,AUDUSD,2,2023-07-01,2024-07-01,2024-04-18,3583,-0.4424352452997077,-0.0011101525601434,-0.0053629403766416,0.0211302232978217,0.0002011142739377
RF,AUDUSD,2,2023-07-01,2024-07-01,2024-04-21,3584,-0.4422341310257699,0.0003573011413405,-0.0047665118668714,0.0080610865261535,0.004172795121512
RF,AUDUSD,2,2023-07-01,2024-07-01,2024-04-22,3585,-0.4380613359042579,0.0020833724833272,-0.0037553982565805,0.0121741342925125,0.0055694799014968
RF,AUDUSD,2,2023-07-01,2024-07-01,2024-04-23,3586,-0.4324918560027611,0.0035823309640201,-0.0021683600014396,0.0126335063944139,0.0012471815876367
RF,AUDUSD,2,2023-07-01,2024-07-01,2024-04-24,3587,-0.4312446744151244,0.0054844729021623,-0.0023383423959338,0.017104017999703,0.0040245850599979
RF,AUDUSD,2,2023-07-01,2024-07-01,2024-04-25,3588,-0.4272200893551264,0.0070556687607325,-0.0019675850121899,0.0153223666104935,0.0027860171964557
RF,AUDUSD,2,2023-07-01,2024-07-01,2024-04-28,3589,-0.4244340721586707,0.0073497891716076,-0.0009633359129233,0.0072809091741423,0.0031290501567847
RF,AUDUSD,2,2023-07-01,2024-07-01,2024-04-29,3590,-0.4213050220018859,0.0068705731397875,-0.0011298685829723,0.0022683771583738,-0.0128680224977305
RF,AUDUSD,2,2023-07-01,2024-07-01,2024-04-30,3591,-0.4341730444996164,0.0093262738466439,-0.0017984369663074,0.0218342131837772,0.008285842887871
RF,AUDUSD,2,2023-07-01,2024-07-01,2024-05-01,3592,-0.4258872016117453,0.010272755157763,-0.0016639923770599,0.0105245903417863,0.0060288520033982
RF,AUDUSD,2,2023-07-01,2024-07-01,2024-05-02,3593,-0.4198583496083471,0.0106982468720857,-0.0017202883141968,0.0062928242417776,0.0057176931929258
RF,AUDUSD,2,2023-07-01,2024-07-01,2024-05-05,3594,-0.4141406564154213,0.0106360926632094,-0.0013962912972157,0.0025609763229436,0.0022429336707884
RF,AUDUSD,2,2023-07-01,2024-07-01,2024-05-06,3595,-0.4118977227446329,0.0111752380175256,-0.0010218856561948,0.0115791437911592,-0.0052554402398954
RF,AUDUSD,2,2023-07-01,2024-07-01,2024-05-07,3596,-0.4171531629845283,0.0121016384667854,-0.0013454045871432,0.0141577609333204,-0.0018834818589837
RF,AUDUSD,2,2023-07-01,2024-07-01,2024-05-08,3597,-0.4190366448435121,0.0135792646981382,-0.0003440511409172,0.0186644287993815,0.0066978135276729
RF,AUDUSD,2,2023-07-01,2024-07-01,2024-05-09,3598,-0.4123388313158392,0.0133901037927601,0.0024620803254459,0.0076873829281818,-0.0030237799541197
RF,AUDUSD,2,2023-07-01,2024-07-01,2024-05-12,3599,-0.415362611269959,0.0134469613057066,0.0041737236764301,0.0099621721102943,0.0017970859033895
RF,AUDUSD,2,2023-07-01,2024-07-01,2024-05-13,3600,-0.4135655253665695,0.0120598882974942,0.0067003677881635,0.0009527145764084,0.0019858452740917
RF,AUDUSD,2,2023-07-01,2024-07-01,2024-05-14,3601,-0.4115796800924777,0.0099419859586706,0.0105162754242157,-0.0037103356142842,0.011261101139004
RF,AUDUSD,2,2023-07-01,2024-07-01,2024-05-15,3602,-0.4003185789534736,0.0073441194657933,0.0116403716418433,-0.0115659162392481,-0.0026768230977342
RF,AUDUSD,2,2023-07-01,2024-07-01,2024-05-16,3603,-0.4029954020512079,0.0058631456301448,0.0128531463417182,-0.0041283880576731,0.0026231860070772
RF,AUDUSD,2,2023-07-01,2024-07-01,2024-05-19,3604,-0.4003722160441306,0.0038053525936241,0.0118622860568439,-0.0078969266994796,-0.0042792323435267
RF,AUDUSD,2,2023-07-01,2024-07-01,2024-05-20,3605,-0.4046514483876574,0.001693077754592,0.0113226079244605,-0.0087904205816675,-0.0007489907720072
RF,AUDUSD,2,2023-07-01,2024-07-01,2024-05-21,3606,-0.4054004391596646,0.0002408324949587,0.011115175304698,-0.0055343792488498,-0.0072123716304963
RF,AUDUSD,2,2023-07-01,2024-07-01,2024-05-22,3607,-0.412612810790161,0.0006832497292383,0.0086124467024875,0.0056820834598775,-0.002677204916601
RF,AUDUSD,2,2023-07-01,2024-07-01,2024-05-23,3608,-0.415290015706762,0.0023743633767046,0.0079054450898548,0.013331047002391,0.0034055205140401
RF,AUDUSD,2,2023-07-01,2024-07-01,2024-05-26,3609,-0.4118844951927218,0.0024108021980565,0.0068594478704159,0.0033448176139048,0.0047607050838407
RF,AUDUSD,2,2023-07-01,2024-07-01,2024-05-27,3610,-0.407123790108881,0.0019313852418655,0.0059115196723905,0.0003262865964198,-0.0011453526347292
RF,AUDUSD,2,2023-07-01,2024-07-01,2024-05-28,3611,-0.4082691427436102,0.0019847212638788,0.0022894510871197,0.0032441180861833,-0.0051727262257146
RF,AUDUSD,2,2023-07-01,2024-07-01,2024-05-29,3612,-0.4134418689693249,0.0015792881840575,0.0005281002519724,-0.0046959626782144,0.0025070505608104
RF,AUDUSD,2,2023-07-01,2024-07-01,2024-05-30,3613,-0.4109348184085144,0.0011072862599517,-0.0004338680857711,-0.0032257693106479,0.004004091078231
RF,AUDUSD,2,2023-07-01,2024-07-01,2024-06-02,3614,-0.4069307273302834,-0.0001664259459609,-0.001870873576601,-0.0074188216683889,0.0049717586259124
RF,AUDUSD,2,2023-07-01,2024-07-01,2024-06-03,3615,-0.4019589687043709,-0.0010722776295338,-0.0013339024372454,-0.0040713213191552,-0.006580708874446
RF,AUDUSD,2,2023-07-01,2024-07-01,2024-06-04,3616,-0.408539677578817,-0.0014057788816274,-0.00355334847032,-0.0019727125800431,0.0017421740663557
RF,AUDUSD,2,2023-07-01,2024-07-01,2024-06-05,3617,-0.4067975035124612,-0.0023895819595396,-0.0031402008554033,-0.0067680218541082,0.0017724788550342
RF,AUDUSD,2,2023-07-01,2024-07-01,2024-06-06,3618,-0.4050250246574269,-0.0034241137039965,-0.0042118516902669,-0.0071508771384815,-0.0131128069901124
RF,AUDUSD,2,2023-07-01,2024-07-01,2024-06-09,3619,-0.4181378316475393,-0.0021810854309531,-0.0056764361339935,0.0118524657263673,0.0039772439283768
RF,AUDUSD,2,2023-07-01,2024-07-01,2024-06-10,3620,-0.4141605877191624,-0.0009428836608535,-0.0057485653533973,0.0099896421360169,-0.0001889612795099
RF,AUDUSD,2,2023-07-01,2024-07-01,2024-06-11,3621,-0.4143495489986723,4.380736357900705e-05,-0.0055749223392957,0.0079888377978777,0.0083192589751461
RF,AUDUSD,2,2023-07-01,2024-07-01,2024-06-12,3622,-0.4060302900235262,-0.000733421576167,-0.0048827844146403,-0.0041961186569521,-0.0044821001353339
RF,AUDUSD,2,2023-07-01,2024-07-01,2024-06-13,3623,-0.4105123901588601,-0.0003871802098151,-0.00639053146825,0.0032356277476984,-0.0030531352077093
RF,AUDUSD,2,2023-07-01,2024-07-01,2024-06-16,3624,-0.4135655253665695,0.0001377664875851,-0.0065625383280382,0.0048151619237659,0.001389623570661
RF,AUDUSD,2,2023-07-01,2024-07-01,2024-06-17,3625,-0.4121759017959084,0.000501508556426,-0.0063402069717276,0.0034228473142373,0.0058905358747364
RF,AUDUSD,2,2023-07-01,2024-07-01,2024-06-18,3626,-0.406285365921172,0.0001357994324332,-0.0063334036878726,-0.0015927649977303,0.0021144203380265
RF,AUDUSD,2,2023-07-01,2024-07-01,2024-06-19,3627,-0.4041709455831455,0.0001339085102443,-0.005603953724157,-0.0001936023536948,-0.0021897656176491
RF,AUDUSD,2,2023-07-01,2024-07-01,2024-06-20,3628,-0.4063607112007946,-0.0001029794199701,-0.0065903645749598,-0.000916051210367,-0.0038656974796837
RF,AUDUSD,2,2023-07-01,2024-07-01,2024-06-23,3629,-0.4102264086804784,0.0007267925288371,-0.007187906720405,0.005006007300628,0.0029496462693167
RF,AUDUSD,3,2024-07-01,2025-07-01,2024-07-01,3635,-0.4072767624111617,0.0102606628192223,-0.006680829079309,0.0145004788831512,0.0020563610313112
RF,AUDUSD,3,2024-07-01,2025-07-01,2024-07-02,3636,-0.4052204013798504,0.0117203571247404,-0.0055094828231884,0.0149149239481869,0.0063683887168831
RF,AUDUSD,3,2024-07-01,2025-07-01,2024-07-03,3637,-0.3988520126629672,0.0120721087083474,-0.004991054363883,0.0090631484785516,0.0021115406439948
RF,AUDUSD,3,2024-07-01,2025-07-01,2024-07-04,3638,-0.3967404720189724,0.0115746480421801,-0.0043488360217548,0.0056664480801683,0.0031927681487033
RF,AUDUSD,3,2024-07-01,2025-07-01,2024-07-07,3639,-0.393547703870269,0.0095866004445336,-0.0034362725463841,-0.0021653616968781,-0.0005024717633261
RF,AUDUSD,3,2024-07-01,2025-07-01,2024-07-08,3640,-0.3940501756335951,0.0076713860766885,-0.003319761009623,-0.0018561013595185,-0.000252922053309
RF,AUDUSD,3,2024-07-01,2025-07-01,2024-07-09,3641,-0.3943030976869042,0.0052969358769771,-0.0033201879363697,-0.0053538380313772,0.0015268141588937
RF,AUDUSD,3,2024-07-01,2025-07-01,2024-07-10,3642,-0.3927762835280105,0.0025173596021751,-0.0034131217389759,-0.008252352605109,0.002470806096347
RF,AUDUSD,3,2024-07-01,2025-07-01,2024-07-11,3643,-0.3903054774316634,-0.000946131990917,-0.0026769775788866,-0.0191517119083128,0.0005166132472477
RF,AUDUSD,3,2024-07-01,2025-07-01,2024-07-14,3644,-0.3897888641844156,-0.0048459149857291,-0.0018953764254486,-0.0238957354729789,-0.0012851597543884
RF,AUDUSD,3,2024-07-01,2025-07-01,2024-07-15,3645,-0.391074023938804,-0.0087267512752705,-0.0017674013967396,-0.0282670888126848,-0.0046390416283431
RF,AUDUSD,3,2024-07-01,2025-07-01,2024-07-16,3646,-0.3957130655671472,-0.0120559546285006,-0.0027760167214312,-0.028476290601611,-0.0001932114259665
RF,AUDUSD,3,2024-07-01,2025-07-01,2024-07-17,3647,-0.3959062769931137,-0.0150698561593243,-0.0027905772689222,-0.0264507067871128,-0.0037506587251677
RF,AUDUSD,3,2024-07-01,2025-07-01,2024-07-18,3648,-0.3996569357182815,-0.0174630415771572,-0.0036770586929593,-0.0232485066161388,-0.001371700414838
RF,AUDUSD,3,2024-07-01,2025-07-01,2024-07-21,3649,-0.4010286361331195,-0.0196184793712796,-0.0029654965668499,-0.0233896725433885,-0.0084285532068567
RF,AUDUSD,3,2024-07-01,2025-07-01,2024-07-22,3650,-0.4094571893399762,-0.0208690014747685,-0.0045783648503923,-0.0141208208089874,-0.0042274103174183
RF,AUDUSD,3,2024-07-01,2025-07-01,2024-07-23,3651,-0.4136845996573945,-0.0219327061096842,-0.0055865175420941,-0.0178835169265899,-0.0056565130940943
RF,AUDUSD,3,2024-07-01,2025-07-01,2024-07-24,3652,-0.4193411127514889,-0.0222456399819664,-0.0068278738246967,-0.0118697095101147,-0.0048482434172693
RF,AUDUSD,3,2024-07-01,2025-07-01,2024-07-25,3653,-0.4241893561687582,-0.0212212780555093,-0.0071331567113595,-0.0042119739427083,0.0018323723885316
RF,AUDUSD,3,2024-07-01,2025-07-01,2024-07-28,3654,-0.4223569837802265,-0.0200449399841627,-0.0052113147918559,-0.0061206446654483,-0.0005484585541937
RF,AUDUSD,3,2024-07-01,2025-07-01,2024-07-29,3655,-0.4229054423344203,-0.0184189085085116,-0.0055646777089779,-0.0054229798202904,-0.0015128663420878
RF,AUDUSD,3,2024-07-01,2025-07-01,2024-07-30,3656,-0.4244183086765081,-0.0153507798571025,-0.00497417589199,0.007690208370253,0.0008402985275444
RF,AUDUSD,3,2024-07-01,2025-07-01,2024-07-31,3657,-0.4235780101489636,-0.0128363314422328,-0.0050794047206604,0.0034739155717654,-0.0079901064350208
RF,AUDUSD,3,2024-07-01,2025-07-01,2024-08-01,3658,-0.4315681165839845,-0.0093148478415102,-0.0068618242135538,0.0138253548958527,0.0003572943223808
RF,AUDUSD,3,2024-07-01,2025-07-01,2024-08-04,3659,-0.4312108222616036,-0.0051608629484445,-0.0076698673665123,0.0215265924754481,0.002809492150137
RF,AUDUSD,3,2024-07-01,2025-07-01,2024-08-05,3660,-0.4284013301114665,-0.0023917520020576,-0.0074547937338397,0.0128869192964431,-7.629833420835785e-05
RF,AUDUSD,3,2024-07-01,2025-07-01,2024-08-06,3661,-0.4284776284456749,0.0005830015521125,-0.0067547614892398,0.0148526127757819,0.000149206290964
RF,AUDUSD,3,2024-07-01,2025-07-01,2024-08-07,3662,-0.4283284221547108,0.0039567523434253,-0.0070894071648257,0.023810430230698,0.0116003218484557
RF,AUDUSD,3,2024-07-01,2025-07-01,2024-08-08,3663,-0.416728100306255,0.0066560716421447,-0.0062492185187632,0.0215086080721625,-0.0033759942709432
RF,AUDUSD,3,2024-07-01,2025-07-01,2024-08-11,3664,-0.4201040945771982,0.0100271969498248,-0.0066816616277188,0.0266576321515173,0.0023613328890665
RF,AUDUSD,3,2024-07-01,2025-07-01,2024-08-12,3665,-0.4177427616881317,0.0131265923362065,-0.0063597571599881,0.0246559503694283,0.0080585319019761
RF,AUDUSD,3,2024-07-01,2025-07-01,2024-08-13,3666,-0.4096842297861555,0.0143549654730944,-0.0056468116096352,0.0104297033030505,-0.0058301810288678
RF,AUDUSD,3,2024-07-01,2025-07-01,2024-08-14,3667,-0.4155144108150234,0.0168242003663489,-0.0071279168202593,0.0280571075219949,0.0018893951451304
RF,AUDUSD,3,2024-07-01,2025-07-01,2024-08-15,3668,-0.4136250156698929,0.0187171100861343,-0.0064272664651084,0.02397089540864,0.0091070237458801
RF,AUDUSD,3,2024-07-01,2025-07-01,2024-08-18,3669,-0.4045179919240127,0.0201673954548958,-0.0058779177155213,0.0170742992982001,0.0092984996899203
RF,AUDUSD,3,2024-07-01,2025-07-01,2024-08-19,3670,-0.3952194922340924,0.0207934007895892,-0.0042089489242825,0.0070687657517506,0.0017730298084115
RF,AUDUSD,3,2024-07-01,2025-07-01,2024-08-20,3671,-0.3934464624256809,0.0209663785561279,-0.0030022878762623,0.0071661920349327,0.0003596511069774
RF,AUDUSD,3,2024-07-01,2025-07-01,2024-08-21,3672,-0.3930868113187034,0.0198556916319944,-0.0026980797628595,0.0027076234335565,-0.0061677151644015
RF,AUDUSD,3,2024-07-01,2025-07-01,2024-08-22,3673,-0.3992545264831049,0.0199915630937821,-0.005079826371483,0.0117225807536565,0.0117972231900764
RF,AUDUSD,3,2024-07-01,2025-07-01,2024-08-25,3674,-0.3874573032930284,0.0176395564503494,-0.0041204269776512,-0.010932786599793,-0.0021968169682244
RF,AUDUSD,3,2024-07-01,2025-07-01,2024-08-26,3675,-0.3896541202612529,0.0151963818627274,-0.0032509598660192,-0.0084103011617636,0.0022104276354403
RF,AUDUSD,3,2024-07-01,2025-07-01,2024-08-27,3676,-0.3874436926258126,0.0127816861018561,-0.0021729548281893,-0.0070069798413865,-0.0007070338565292
RF,AUDUSD,3,2024-07-01,2025-07-01,2024-08-28,3677,-0.3881507264823418,0.0092457731691167,0.0001913273083713,-0.0166942386137554,0.0018704560915936
RF,AUDUSD,3,2024-07-01,2025-07-01,2024-08-29,3678,-0.3862802703907481,0.0051169011626059,0.0009000252882385,-0.0205038938110553,-0.0040989174943987
RF,AUDUSD,3,2024-07-01,2025-07-01,2024-09-01,3679,-0.3903791878851468,0.0016586976363351,0.0025017520132618,-0.0170932125511462,0.0028472421556984
RF,AUDUSD,3,2024-07-01,2025-07-01,2024-09-02,3680,-0.3875319457294484,-0.0015275861113537,0.0045649647161425,-0.0163846411925985,-0.0108581441633731
RF,AUDUSD,3,2024-07-01,2025-07-01,2024-09-03,3681,-0.3983900898928215,-0.001718613176504,0.0028880472374226,0.0019192835649108,0.0003256684698049
RF,AUDUSD,3,2024-07-01,2025-07-01,2024-09-04,3682,-0.3980644214230165,-0.0021306450813087,0.0034579793670085,-0.0003559417635198,0.0036137489558173
RF,AUDUSD,3,2024-07-01,2025-07-01,2024-09-05,3683,-0.3944506724671991,-0.0021101144445228,0.0037940545424564,0.0016892198129366,-0.010394292628898
RF,AUDUSD,3,2024-07-01,2025-07-01,2024-09-08,3684,-0.4048449650960972,-0.0006889530502129,0.0021257593205703,0.0136815738329416,-0.0019391991057062
RF,AUDUSD,3,2024-07-01,2025-07-01,2024-09-09,3685,-0.4067841642018034,0.001109440837535,0.0016351393851217,0.0157689209238616,-0.0006882362344896
RF,AUDUSD,3,2024-07-01,2025-07-01,2024-09-10,3686,-0.407472400436293,0.0040802741154941,0.0005381282074772,0.0232172743949048,0.0035558135142461
RF,AUDUSD,3,2024-07-01,2025-07-01,2024-09-11,3687,-0.4039165869220469,0.0064446675776351,0.0019479372908351,0.0197227304348561,0.0074457805941363
RF,AUDUSD,3,2024-07-01,2025-07-01,2024-09-12,3688,-0.3964708063279106,0.0080450957742799,0.0025095289297495,0.0158108322335935,-0.0019495568586258
RF,AUDUSD,3,2024-07-01,2025-07-01,2024-09-15,3689,-0.3984203631865364,0.0108473844441587,0.0020473835639046,0.0281390071450333,0.0056589105322739
RF,AUDUSD,3,2024-07-01,2025-07-01,2024-09-16,3690,-0.3927614526542625,0.0111049237127857,0.0030701315298938,0.0102702624879941,0.0015980613911069
RF,AUDUSD,3,2024-07-01,2025-07-01,2024-09-17,3691,-0.3911633912631556,0.0120382437273582,0.0023453115781531,0.0190558213206675,0.0001481479852137
RF,AUDUSD,3,2024-07-01,2025-07-01,2024-09-18,3692,-0.3910152432779418,0.0134137413382623,0.0020772571615532,0.0226706675911145,0.0067601172365536
RF,AUDUSD,3,2024-07-01,2025-07-01,2024-09-19,3693,-0.3842551260413882,0.0138351435640918,0.0023600987298159,0.0154789370010384,6.126955419738511e-05
RF,AUDUSD,3,2024-07-01,2025-07-01,2024-09-22,3694,-0.3841938564871908,0.0136189760258138,0.0016259533557428,0.0102263231480315,0.0035338823928737
RF,AUDUSD,3,2024-07-01,2025-07-01,2024-09-23,3695,-0.380659974094317,0.0129950566254176,0.0018214145196025,0.0077249403355686,0.0103786180528139
RF,AUDUSD,3,2024-07-01,2025-07-01,2024-09-24,3696,-0.3702813560415031,0.0106478044732099,0.0028159674998784,-0.0080112270633028,-0.0122098341247652
RF,AUDUSD,3,2024-07-01,2025-07-01,2024-09-25,3697,-0.3824911901662683,0.0090236902979174,0.0007260081326825,-0.0030841559575474,0.0103836202237803
RF,AUDUSD,3,2024-07-01,2025-07-01,2024-09-26,3698,-0.372107569942488,0.005702296691006,0.0015670534246914,-0.0200466237646926,0.0037629942556607
RF,AUDUSD,3,2024-07-01,2025-07-01,2024-09-29,3699,-0.3683445756868272,0.0015336664577844,0.0025550943369296,-0.0262402504528529,-0.0004316133535224
RF,AUDUSD,3,2024-07-01,2025-07-01,2024-09-30,3700,-0.3687761890403497,-0.003090096329437,0.0025309210399128,-0.0291075583134919,-0.0051913442988095
RF,AUDUSD,3,2024-07-01,2025-07-01,2024-10-01,3701,-0.3739675333391593,-0.0063449351525005,0.000472085133003,-0.0204096584894255,0.0010324995804109
RF,AUDUSD,3,2024-07-01,2025-07-01,2024-10-02,3702,-0.3729350337587483,-0.0097941605795446,0.0006386823587937,-0.0229106724825283,-0.0053575493460575
RF,AUDUSD,3,2024-07-01,2025-07-01,2024-10-03,3703,-0.3782925831048059,-0.0123823358580416,-0.0007146118985866,-0.0183120278679914,-0.0072827630190098
RF,AUDUSD,3,2024-07-01,2025-07-01,2024-10-06,3704,-0.3855753461238158,-0.0145711539266773,-0.0026443149422974,-0.0175804259883401,-0.0065788475833649
RF,AUDUSD,3,2024-07-01,2025-07-01,2024-10-07,3705,-0.3921541937071807,-0.0161386625290048,-0.0043538512635627,-0.0135775317139789,-0.0024306324324995
RF,AUDUSD,3,2024-07-01,2025-07-01,2024-10-08,3706,-0.3945848261396802,-0.015979657568779,-0.0042757255552324,-0.0059347065664179,-0.0032989212141614
RF,AUDUSD,3,2024-07-01,2025-07-01,2024-10-09,3707,-0.3978837473538417,-0.0147233862961242,-0.0038568029768067,-8.669463232119368e-05,0.0035065555252568
RF,AUDUSD,3,2024-07-01,2025-07-01,2024-10-10,3708,-0.3943771918285848,-0.0150562400329339,-0.0015700166666839,-0.0131258476988369,-0.0014685144126918
RF,AUDUSD,3,2024-07-01,2025-07-01,2024-10-13,3709,-0.3958457062412767,-0.0143609600096364,-0.0011271606170079,-0.0067239212582987,-0.0007589047315206
RF,AUDUSD,3,2024-07-01,2025-07-01,2024-10-14,3710,-0.3966046109727973,-0.0143890499959676,-0.0010534583017569,-0.0134711579803585,-0.0065511611393586
RF,AUDUSD,3,2024-07-01,2025-07-01,2024-10-15,3711,-0.403155772112156,-0.0137127392821255,-0.0028150077231235,-0.0067660569632892,-0.0025759533090036
RF,AUDUSD,3,2024-07-01,2025-07-01,2024-10-16,3712,-0.4057317254211596,-0.0133025502164039,-0.0034420231747473,-0.0092677801955107,0.0052121927150614
RF,AUDUSD,3,2024-07-01,2025-07-01,2024-10-17,3713,-0.4005195327060982,-0.014407860337024,-0.0022255823464516,-0.0176248183615713,0.0025490907199353
RF,AUDUSD,3,2024-07-01,2025-07-01,2024-10-20,3714,-0.3979704419861629,-0.0163117154918617,-0.0007908943358523,-0.0231665504166868,-0.0095325975412589
RF,AUDUSD,3,2024-07-01,2025-07-01,2024-10-21,3715,-0.4075030395274218,-0.0167099413999116,-0.0019561919960739,-0.0121423618095,0.0049334120278463
RF,AUDUSD,3,2024-07-01,2025-07-01,2024-10-22,3716,-0.4025696274995754,-0.0175102768069569,-0.0009112380838825,-0.0164670173439366,-0.0075061414535804
RF,AUDUSD,3,2024-07-01,2025-07-01,2024-10-23,3717,-0.4100757689531559,-0.0167983264527712,-0.0031267451779091,-0.0066655327090413,0.0001539398777106
RF,AUDUSD,3,2024-07-01,2025-07-01,2024-10-24,3718,-0.4099218290754452,-0.0161113828166873,-0.0018186010355984,-0.0080053214170519,-0.005077676541225
RF,AUDUSD,3,2024-07-01,2025-07-01,2024-10-28,3719,-0.4149995056166703,-0.0134627661355863,-0.0052249735609018,0.0057522536386728,-0.0031448454509991
RF,AUDUSD,3,2024-07-01,2025-07-01,2024-10-29,3720,-0.4181443510676695,-0.012029144539623,-0.0045172973345299,-0.0023834302446761,-0.0029926413351801
RF,AUDUSD,3,2024-07-01,2025-07-01,2024-10-30,3721,-0.4211369924028497,-0.0091057340663452,-0.006234027716566,0.0171929996371699,0.0014915910659278
RF,AUDUSD,3,2024-07-01,2025-07-01,2024-10-31,3722,-0.4196454013369218,-0.0075817619627596,-0.0059274328648052,0.0017906707276973,0.0006087564934096
RF,AUDUSD,3,2024-07-01,2025-07-01,2024-11-01,3723,-0.4190366448435121,-0.0064151549999865,-0.0058354218365853,0.0001223411641663,0.0022953431813149
RF,AUDUSD,3,2024-07-01,2025-07-01,2024-11-04,3724,-0.4167413016621972,-0.0064605820443315,-0.0060071612005318,-0.0095284999070839,-0.0011858488302999
RF,AUDUSD,3,2024-07-01,2025-07-01,2024-11-05,3725,-0.4179271504924971,-0.0069691649875429,-0.0059808461930178,-0.0139786503909032,0.0086798985144996
RF,AUDUSD,3,2024-07-01,2025-07-01,2024-11-06,3726,-0.4092472519779975,-0.0094017759844184,-0.0053865235259458,-0.0284056178777264,-0.0112805293343482
RF,AUDUSD,3,2024-07-01,2025-07-01,2024-11-07,3727,-0.4205277813123457,-0.0101541497396501,-0.0065296584845215,-0.0158996761075465,0.0165837885466659
RF,AUDUSD,3,2024-07-01,2025-07-01,2024-11-08,3728,-0.4039439927656797,-0.0112517890083893,-0.0058239315377009,-0.0259313639745973,-0.0139107378435446
RF,AUDUSD,3,2024-07-01,2025-07-01,2024-11-11,3729,-0.4178547306092244,-0.0106391306227181,-0.0070548936555077,-0.0065635780672836,-0.0010595730701213
RF,AUDUSD,3,2024-07-01,2025-07-01,2024-11-12,3730,-0.4189143036793458,-0.0104423451901265,-0.0066262994421658,-0.0097171284314506,-0.0073554978899353
RF,AUDUSD,3,2024-07-01,2025-07-01,2024-11-13,3731,-0.4262698015692812,-0.0096632322616989,-0.0088332783343686,-0.0029313951151112,-0.0056359993141192
RF,AUDUSD,3,2024-07-01,2025-07-01,2024-11-14,3732,-0.4319058008834004,-0.0076554050223986,-0.0096260316621582,0.0072395302709227,-0.0057470689723235
RF,AUDUSD,3,2024-07-01,2025-07-01,2024-11-15,3733,-0.437652869855724,-0.0067426119683958,-0.0109379219257444,0.0012848916112909,0.0012254124358317
RF,AUDUSD,3,2024-07-01,2025-07-01,2024-11-18,3734,-0.4364274574198922,-0.0056337248196891,-0.0098374130276356,0.0018178181354154,0.006552100679615
RF,AUDUSD,3,2024-07-01,2025-07-01,2024-11-19,3735,-0.4298753567402771,-0.0048116173608949,-0.0080796604990244,-0.0013354655213265,0.005457048063769
RF,AUDUSD,3,2024-07-01,2025-07-01,2024-11-20,3736,-0.4244183086765081,-0.0044294776614329,-0.005990400717439,-0.0052267512849549,-0.0042131234342883
RF,AUDUSD,3,2024-07-01,2025-07-01,2024-11-21,3737,-0.4286314321107964,-0.0036651243959895,-0.0071727299758487,-0.0017799318104588,-0.0005697645735959
RF,AUDUSD,3,2024-07-01,2025-07-01,2024-11-22,3738,-0.4292011966843924,-0.0036052689328568,-0.0062465437450413,-0.005388927971246,0.0045349260719146
RF,AUDUSD,3,2024-07-01,2025-07-01,2024-11-25,3739,-0.4246662706124777,-0.00395296519778,-0.0060036312589311,-0.0083492114913225,-0.0117017076319553
RF,AUDUSD,3,2024-07-01,2025-07-01,2024-11-26,3740,-0.4363679782444331,-0.0039308213449957,-0.0070027932959369,-0.004785948638997,0.0017583389599563
RF,AUDUSD,3,2024-07-01,2025-07-01,2024-11-27,3741,-0.4346096392844767,-0.0037133016115767,-0.0071432638205372,-0.003911062348385,0.003398817022873
RF,AUDUSD,3,2024-07-01,2025-07-01,2024-11-28,3742,-0.4312108222616036,-0.0050920250503085,-0.0062098186100335,-0.0150890619195135,0.0015657623001406
RF,AUDUSD,3,2024-07-01,2025-07-01,2024-11-29,3743,-0.429645059961463,-0.0058377581263635,-0.005111076642715,-0.0107366969011732,-0.0007663039597922
RF,AUDUSD,3,2024-07-01,2025-07-01,2024-12-02,3744,-0.4304113639212553,-0.0076721527841313,-0.0056454238928091,-0.0196324998074108,-0.0041787607343831
RF,AUDUSD,3,2024-07-01,2025-07-01,2024-12-03,3745,-0.4345901246556384,-0.0086466435525056,-0.0069481226502973,-0.0142153917452924,0.0015746425518382
RF,AUDUSD,3,2024-07-01,2025-07-01,2024-12-04,3746,-0.4330154821038002,-0.0100757135860211,-0.0063143007526544,-0.0171852580528403,-0.0081384447796298
RF,AUDUSD,3,2024-07-01,2025-07-01,2024-12-05,3747,-0.4411539268834301,-0.0103094346602792,-0.0070812507807736,-0.0102846439300652,0.0026332252505683
RF,AUDUSD,3,2024-07-01,2025-07-01,2024-12-06,3748,-0.4385207016328618,-0.010666583111655,-0.0047756386385653,-0.0114606240640839,-0.0077791825482554
RF,AUDUSD,3,2024-07-01,2025-07-01,2024-12-09,3749,-0.4462998841811172,-0.0107385770123863,-0.0040976869859492,-0.0092244412639451,0.0059181273184809
RF,AUDUSD,3,2024-07-01,2025-07-01,2024-12-10,3750,-0.4403817568626363,-0.0127862713222892,0.0004248618886407,-0.0366546199957433,-0.0096621068660298
RF,AUDUSD,3,2024-07-01,2025-07-01,2024-12-11,3751,-0.4500438637286661,-0.0135406317607153,0.002470480522285,-0.0225233782030684,0.0012383473277353
RF,AUDUSD,3,2024-07-01,2025-07-01,2024-12-12,3752,-0.4488055164009308,-0.0143361266219549,0.0062780626421567,-0.0207354970896557,-0.0013952237557097
RF,AUDUSD,3,2024-07-01,2025-07-01,2024-12-13,3753,-0.4502007401566405,-0.0151698444833054,0.0087013354476889,-0.0206150817738535,-0.0012378306568547
RF,AUDUSD,3,2024-07-01,2025-07-01,2024-12-16,3754,-0.4514385708134953,-0.0160039170469157,0.0104768069066397,-0.0203135267252224,0.0014572451165495
RF,AUDUSD,3,2024-07-01,2025-07-01,2024-12-17,3755,-0.4499813256969457,-0.0170143994183887,0.0109661972945371,-0.0208907148715689,-0.0055429997481166
RF,AUDUSD,3,2024-07-01,2025-07-01,2024-12-18,3756,-0.4555243254450624,-0.01758926565929,0.0117984386330846,-0.0188074663066608,-0.0215120514133173
RF,AUDUSD,3,2024-07-01,2025-07-01,2024-12-19,3757,-0.4770363768583797,-0.0169123957880718,0.0095643157515961,0.003040720239591,0.004469134926645
RF,AUDUSD,3,2024-07-01,2025-07-01,2024-12-20,3758,-0.4725672419317346,-0.0162999209961113,0.0115733879576913,-0.0022479780424695,0.003026228441148
RF,AUDUSD,3,2024-07-01,2025-07-01,2024-12-23,3759,-0.4695410134905866,-0.0162737919839408,0.0134734549194272,-0.0094304334455501,-0.0012748084399075
RF,AUDUSD,3,2024-07-01,2025-07-01,2024-12-24,3760,-0.4708158219304941,-0.0156468973467993,0.0138059314778334,-0.0070908683052244,-0.0009362756082236
RF,AUDUSD,3,2024-07-01,2025-07-01,2024-12-25,3761,-0.4717520975387178,-0.0141615797223056,0.0142185581833951,-0.0030462569541814,0.0008800569702031
RF,AUDUSD,3,2024-07-01,2025-07-01,2024-12-26,3762,-0.4708720405685146,-0.0121829364226306,0.0149047856840334,-0.0008769043424664,-0.0034597511832085
RF,AUDUSD,3,2024-07-01,2025-07-01,2024-12-27,3763,-0.4743317917517232,-0.0098890343038776,0.0148922370564801,0.0019123554044787,0.0003361351329345
RF,AUDUSD,3,2024-07-01,2025-07-01,2024-12-30,3764,-0.4739956566187887,-0.0084704960799791,0.014997904802622,-0.0021702040793501,-0.0008195633554154
RF,AUDUSD,3,2024-07-01,2025-07-01,2024-12-31,3765,-0.4748152199742041,-0.0076614595381543,0.0150373859493999,-0.004883097488206,-0.0041562269619325
RF,AUDUSD,3,2024-07-01,2025-07-01,2025-01-02,3766,-0.4789714469361367,-0.0072244293530856,0.014238939678067,-0.006351738151926,0.0010647567004181
RF,AUDUSD,3,2024-07-01,2025-07-01,2025-01-03,3767,-0.4779066902357186,-0.0060774748732784,0.0149944756483115,-0.0014041089681678,0.0031083357428193
RF,AUDUSD,3,2024-07-01,2025-07-01,2025-01-06,3768,-0.4747983544928992,-0.0055642995058572,0.0160047449329132,-0.0045923430187739,0.0030494095819181
RF,AUDUSD,3,2024-07-01,2025-07-01,2025-01-07,3769,-0.471748944910981,-0.0047607609679748,0.0166360094092432,-0.0005932511549976,-0.0006704914362634
RF,AUDUSD,3,2024-07-01,2025-07-01,2025-01-08,3770,-0.4724194363472444,-0.0045429141019865,0.0167692281330435,-0.0039563041630839,-0.0037464243508943
RF,AUDUSD,3,2024-07-01,2025-07-01,2025-01-09,3771,-0.4761658606981388,-0.0039790037784263,0.0157700553286717,-0.0026116123965325,-0.0035324567642713
RF,AUDUSD,3,2024-07-01,2025-07-01,2025-01-10,3772,-0.4796983174624102,-0.0019160411603358,0.01483232063342,0.0146424877635137,-0.0056248676256525
RF,AUDUSD,3,2024-07-01,2025-07-01,2025-01-13,3773,-0.4853231850880627,0.0008269566678564,0.0139905684676365,0.0172401270511864,0.0060123858841762
RF,AUDUSD,3,2024-07-01,2025-07-01,2025-01-14,3774,-0.4793107992038864,0.0028311776763744,0.015215949080915,0.0132995673780452,-7.989830778676321e-05
RF,AUDUSD,3,2024-07-01,2025-07-01,2025-01-15,3775,-0.4793906975116732,0.0049952706420286,0.0155938850565463,0.0146949361015535,0.0070485014456944
RF,AUDUSD,3,2024-07-01,2025-07-01,2025-01-16,3776,-0.4723421960659787,0.0064457477319422,0.0165020180201828,0.0091807027027592,-0.0040335444443496
RF,AUDUSD,3,2024-07-01,2025-07-01,2025-01-17,3777,-0.4763757405103283,0.0075931525081603,0.0159591549332285,0.0085776241094546,-0.002401732584343
RF,AUDUSD,3,2024-07-01,2025-07-01,2025-01-20,3778,-0.4787774730946714,0.0087382558747728,0.0159701313980405,0.0095053305502721,0.0137216433957749
RF,AUDUSD,3,2024-07-01,2025-07-01,2025-01-21,3779,-0.4650558296988965,0.0083950544579351,0.0161533691993287,-0.0065839257848943,-0.0030272283379798
RF,AUDUSD,3,2024-07-01,2025-07-01,2025-01-22,3780,-0.4680830580368763,0.0073773498482753,0.016380091761271,-0.007535997729502,0.002071826211035
RF,AUDUSD,3,2024-07-01,2025-07-01,2025-01-23,3781,-0.4660112318258412,0.004591209384411,0.0165873610365767,-0.021064543001088,0.0013154704157216
RF,AUDUSD,3,2024-07-01,2025-07-01,2025-01-24,3782,-0.4646957614101196,0.0028793321376001,0.0170206475765409,-0.0105379285668222,0.0015342680469001
RF,AUDUSD,3,2024-07-01,2025-07-01,2025-01-27,3783,-0.4631614933632195,0.0014015174458196,0.0173705722397457,-0.0066671519560357,-0.0046366230376542
RF,AUDUSD,3,2024-07-01,2025-07-01,2025-01-28,3784,-0.4677981164008737,0.0013735012562491,0.0162736149545034,0.0034542332274439,-0.0014740261435254
RF,AUDUSD,3,2024-07-01,2025-07-01,2025-01-29,3785,-0.4692721425443992,0.001607816245037,0.0162405248353232,0.004343845928839,-0.0023676129393915
RF,AUDUSD,3,2024-07-01,2025-07-01,2025-01-30,3786,-0.4716397554837908,0.0018096851367158,0.0157751321526201,0.0030589492994803,-0.0039793002825875
RF,AUDUSD,3,2024-07-01,2025-07-01,2025-01-31,3787,-0.4756190557663783,0.0030154687167892,0.0145979418598533,0.0090149265486684,-0.0114567190605509
RF,AUDUSD,3,2024-07-01,2025-07-01,2025-02-03,3788,-0.4870757748269292,0.0060756178648886,0.0135900689857884,0.0247704419682209,0.0118420848499873
RF,AUDUSD,3,2024-07-01,2025-07-01,2025-02-04,3789,-0.4752336899769418,0.0072250820015383,0.0150206798965082,0.0104939113632982,0.0054050446576865
RF,AUDUSD,3,2024-07-01,2025-07-01,2025-02-05,3790,-0.4698286453192553,0.008490860773739,0.0161615996174762,0.0104752877056201,0.0054847621458254
RF,AUDUSD,3,2024-07-01,2025-07-01,2025-02-06,3791,-0.4643438831734298,0.0097995668954934,0.0170664599661731,0.0112384503513843,-0.0005844134421303
RF,AUDUSD,3,2024-07-01,2025-07-01,2025-02-07,3792,-0.4649282966155601,0.0109595018657053,0.0170881912302461,0.011759379871828,-0.0036525095687502
RF,AUDUSD,3,2024-07-01,2025-07-01,2025-02-10,3793,-0.4685808061843104,0.0123380390696927,0.0161641789497422,0.0149415890775055,0.0019766769666005
RF,AUDUSD,3,2024-07-01,2025-07-01,2025-02-11,3794,-0.4666041292177099,0.0128813632148293,0.0164665268264159,0.0110988848854717,0.0042987963590016
RF,AUDUSD,3,2024-07-01,2025-07-01,2025-02-12,3795,-0.4623053328587083,0.0138340724877519,0.0172743806823031,0.0166584734136955,-0.0024344457549352
RF,AUDUSD,3,2024-07-01,2025-07-01,2025-02-13,3796,-0.4647397786136436,0.01431738844612,0.0169273766916936,0.0138043461078132,0.0053864210000084
RF,AUDUSD,3,2024-07-01,2025-07-01,2025-02-14,3797,-0.4593533576136351,0.0132456892098814,0.0168992127697635,0.0033472779420959,0.0062479247915896
RF,AUDUSD,3,2024-07-01,2025-07-01,2025-02-17,3798,-0.4531054328220454,0.0116947126136037,0.0175233484045297,-0.000571875727118,-6.348392168670225e-05
RF,AUDUSD,3,2024-07-01,2025-07-01,2025-02-18,3799,-0.4531689167437321,0.0092084923017264,0.0173358784741194,-0.0071567919108354,-0.0004703003630727
RF,AUDUSD,3,2024-07-01,2025-07-01,2025-02-19,3800,-0.4536392171068049,0.0059536861458168,0.0167917181565342,-0.0192166241772114,-0.0018660272254332
RF,AUDUSD,3,2024-07-01,2025-07-01,2025-02-20,3801,-0.4555052443322381,0.0027718974952078,0.0167837919533211,-0.0191997801963376,0.0098583848872254
RF,AUDUSD,3,2024-07-01,2025-07-01,2025-02-21,3802,-0.4456468594450127,-0.0017212087225687,0.0170164318045132,-0.0298417747516779,-0.0052885730608175
RF,AUDUSD,3,2024-07-01,2025-07-01,2025-02-24,3803,-0.4509354325058303,-0.003977601949726,0.0160121018904805,-0.0158756284309016,-0.0050706471657088
RF,AUDUSD,3,2024-07-01,2025-07-01,2025-02-25,3804,-0.4560060796715391,-0.0041219043452481,0.0147380944800769,0.0,0.0023287711223756
RF,AUDUSD,3,2024-07-01,2025-07-01,2025-02-26,3805,-0.4536773085491635,-0.0045855453792722,0.015561384192511,-0.0032474172847806,-0.006648400105404
RF,AUDUSD,3,2024-07-01,2025-07-01,2025-02-27,3806,-0.4603257086545675,-0.0045947697370025,0.0149377821832848,-0.0010911968757545,-0.0125301326294487
RF,AUDUSD,3,2024-07-01,2025-07-01,2025-02-28,3807,-0.4728558412840163,-0.0041379881520026,0.0143064228867821,0.0075633111089148,-0.0018491832445594
RF,AUDUSD,3,2024-07-01,2025-07-01,2025-03-03,3808,-0.4747050245285757,-0.0028782667448149,0.0148807692096868,0.0119210971232602,-0.0007836096681149
RF,AUDUSD,3,2024-07-01,2025-07-01,2025-03-04,3809,-0.4754886341966907,-0.0005357911484428,0.0149081779005373,0.017823315493984,0.0086775732599587
RF,AUDUSD,3,2024-07-01,2025-07-01,2025-03-05,3810,-0.4668110609367319,-0.0004391728325566,0.0159855487205004,0.0027752303834767,0.0108049812651928
RF,AUDUSD,3,2024-07-01,2025-07-01,2025-03-06,3811,-0.4560060796715391,-0.0006941190652741,0.0170252673853342,-0.0018806288078019,-0.000918646162405
RF,AUDUSD,3,2024-07-01,2025-07-01,2025-03-07,3812,-0.4569247258339441,0.0002259812795866,0.0172860868563213,0.0078191759396292,-0.0044921796963779
RF,AUDUSD,3,2024-07-01,2025-07-01,2025-03-10,3813,-0.4614169055303221,0.0012843002837953,0.0155674697219995,0.0090491659890065,-0.0038756246447793
RF,AUDUSD,3,2024-07-01,2025-07-01,2025-03-11,3814,-0.4652925301751014,0.0029328500693998,0.0150723797295891,0.0133828800940198,0.0025086027697859
RF,AUDUSD,3,2024-07-01,2025-07-01,2025-03-12,3815,-0.4627839274053155,0.0028950922382121,0.0159895740344426,0.0013670218749933,0.0051186087026088
RF,AUDUSD,3,2024-07-01,2025-07-01,2025-03-13,3816,-0.4576653187027066,0.0017172206011856,0.0167895366159975,-0.006225952310654,-0.0063705118505485
RF,AUDUSD,3,2024-07-01,2025-07-01,2025-03-14,3817,-0.4640358305532552,0.0013844998789235,0.0156273819860749,-0.0002389245222256,0.0061491220739141
RF,AUDUSD,3,2024-07-01,2025-07-01,2025-03-17,3818,-0.4578867084793411,0.000754972910359,0.0164475986032945,-0.0027210644416513,0.0087811585850262
RF,AUDUSD,3,2024-07-01,2025-07-01,2025-03-18,3819,-0.4491055498943149,-0.0014687127570902,0.016962788251674,-0.0149931350295083,-0.0032621896470007
RF,AUDUSD,3,2024-07-01,2025-07-01,2025-03-19,3820,-0.4523677395413156,-0.0028059759688273,0.0168692932429674,-0.0094146764283987,0.000458089460234
RF,AUDUSD,3,2024-07-01,2025-07-01,2025-03-20,3821,-0.4519096500810816,-0.0046454090148763,0.0165551634382029,-0.0128426510220521,-0.0095072554492405
RF,AUDUSD,3,2024-07-01,2025-07-01,2025-03-21,3822,-0.4614169055303221,-0.0059671168721474,0.0153923311307827,-0.0098858994932677,-0.0024743654830385
RF,AUDUSD,3,2024-07-01,2025-07-01,2025-03-24,3823,-0.4638912710133607,-0.0055262439213862,0.01589505670724,0.0002012110485586,-0.0003834840621201
RF,AUDUSD,3,2024-07-01,2025-07-01,2025-03-25,3824,-0.4642747550754809,-0.0055270911519991,0.0157525297024847,-0.0033798743675211,0.0036669821544884
RF,AUDUSD,3,2024-07-01,2025-07-01,2025-03-26,3825,-0.4606077729209924,-0.0048088461333967,0.0164208132117778,0.0022971782509122,-0.0034909120028308
RF,AUDUSD,3,2024-07-01,2025-07-01,2025-03-27,3826,-0.4640986849238233,-0.0048928171298806,0.0160380501742942,-0.0487788064809228,0.0023162689541089
RF,AUDUSD,3,2024-07-01,2025-07-01,2025-03-28,3827,-0.4617824159697143,-0.0055987498999215,0.0161235647534211,-0.0494411082155956,-0.0029698851334193
RF,AUDUSD,3,2024-07-01,2025-07-01,2025-03-30,3828,-0.4647523011031337,-0.0062364604528757,0.016613689622553,-0.0535532587418688,-0.0065505039204561
RF,AUDUSD,3,2024-07-01,2025-07-01,2025-03-31,3829,-0.4713028050235899,-0.0053538290489316,0.0150439230588564,-0.0174980252744803,0.0076127450587878
RF,AUDUSD,3,2024-07-01,2025-07-01,2025-04-01,3830,-0.463690059964802,-0.0055686850634368,0.0160018593503696,-0.0105794760150966,-0.0039645694782
RF,AUDUSD,3,2024-07-01,2025-07-01,2025-04-02,3831,-0.467654629443002,-0.0049045115956826,0.0153170042576458,0.0058281351417343,0.0093440347729218
RF,AUDUSD,3,2024-07-01,2025-07-01,2025-04-03,3832,-0.4583105946700802,-0.0053917969577982,0.0160609704717495,-0.0005688250380945,-0.0545668967346659
RF,AUDUSD,3,2024-07-01,2025-07-01,2025-04-06,3833,-0.5128774914047461,-0.0043182196096401,0.0151833583864269,0.0568396250926591,0.0016539672194362
RF,AUDUSD,3,2024-07-01,2025-07-01,2025-04-07,3834,-0.5112235241853099,-0.0026511105890379,0.0160519753238103,0.0607085832154838,-0.0070820356596926
RF,AUDUSD,3,2024-07-01,2025-07-01,2025-04-08,3835,-0.5183055598450026,1.2551294672813462e-05,0.0151191098680721,0.0754482883735944,0.0295047295469323
RF,AUDUSD,3,2024-07-01,2025-07-01,2025-04-09,3836,-0.4888008302980702,0.0017425340339205,0.0163897302514643,0.0387881893342049,0.0145312943181715
RF,AUDUSD,3,2024-07-01,2025-07-01,2025-04-10,3837,-0.4742695359798987,0.0032249650752286,0.0169633689354166,0.0225444675444805,0.0124430416786309
RF,AUDUSD,3,2024-07-01,2025-07-01,2025-04-13,3838,-0.4618264943012677,0.0049646334857933,0.017467474594447,0.016083486187442,0.002947074593093
RF,AUDUSD,3,2024-07-01,2025-07-01,2025-04-14,3839,-0.4588794197081747,0.0063809789055633,0.0175339147778955,0.01009939220032,0.0028415533960877
RF,AUDUSD,3,2024-07-01,2025-07-01,2025-04-15,3840,-0.456037866312087,0.0083107545242946,0.0177636685239902,0.014240796710419,0.0055229253422608
RF,AUDUSD,3,2024-07-01,2025-07-01,2025-04-16,3841,-0.4505149409698261,0.0091561188686453,0.0177917502017744,0.0021819371703993,0.0076576694984178
RF,AUDUSD,3,2024-07-01,2025-07-01,2025-04-21,3842,-0.4428572714714082,0.0098638043272925,0.0180429854979997,-0.0013861070366698,-0.007155369492457
RF,AUDUSD,3,2024-07-01,2025-07-01,2025-04-22,3843,-0.4500126409638653,0.0102867432691737,0.0166880755918123,0.0016605057680947,-0.0017124274715528
RF,AUDUSD,3,2024-07-01,2025-07-01,2025-04-23,3844,-0.4517250684354181,0.0116761078653487,0.0163908344091126,0.0125350817643988,0.0059820603215924
RF,AUDUSD,3,2024-07-01,2025-07-01,2025-04-24,3845,-0.4457430081138256,0.0126925154272933,0.0164264050643275,0.0090053717159641,-0.003037019394029
RF,AUDUSD,3,2024-07-01,2025-07-01,2025-04-27,3846,-0.4487800275078546,0.0145620922810021,0.0166315866911433,0.0190255969302099,0.0069829579061866
RF,AUDUSD,3,2024-07-01,2025-07-01,2025-04-28,3847,-0.441797069601668,0.013909230084453,0.0169165977577919,0.0009326489888581,-0.0065359341977587
RF,AUDUSD,3,2024-07-01,2025-07-01,2025-04-29,3848,-0.4483330037994267,0.0129887980634123,0.0157526487915356,0.0008882269385191,0.0040896252913487
RF,AUDUSD,3,2024-07-01,2025-07-01,2025-04-30,3849,-0.444243378508078,0.0121054481720964,0.0165243399834166,0.0012192146595884,-0.0041087566876925
RF,AUDUSD,3,2024-07-01,2025-07-01,2025-05-01,3850,-0.4483521351957705,0.0106593495185606,0.0154900572075315,-0.002353992908305,0.0091621485247512
RF,AUDUSD,3,2024-07-01,2025-07-01,2025-05-04,3851,-0.4391899866710192,0.0100346128526455,0.0166083456437295,0.0041854625441096,0.0024523502731577
RF,AUDUSD,3,2024-07-01,2025-07-01,2025-05-05,3852,-0.4367376363978615,0.0083223677740588,0.0171071534266565,-0.0050594332038064,0.0069832058202168
RF,AUDUSD,3,2024-07-01,2025-07-01,2025-05-06,3853,-0.4297544305776446,0.0053985687194558,0.0174897585656676,-0.0156299053861315,-0.0111099900351651
RF,AUDUSD,3,2024-07-01,2025-07-01,2025-05-07,3854,-0.4408644206128098,0.0042627330275077,0.0163272082560924,-0.0038611648898453,-0.0065803562480977
RF,AUDUSD,3,2024-07-01,2025-07-01,2025-05-08,3855,-0.4474447768609075,0.0049362202629281,0.0152049374026364,0.0098416724957068,0.0044206130124179
RF,AUDUSD,3,2024-07-01,2025-07-01,2025-05-11,3856,-0.4430241638484896,0.004387383236032,0.0160314879971316,0.0007913313997018,-0.0076819642555859
RF,AUDUSD,3,2024-07-01,2025-07-01,2025-05-12,3857,-0.4507061281040755,0.0050156698695486,0.0150965647460198,0.0095778664421082,0.0157016039771659
RF,AUDUSD,3,2024-07-01,2025-07-01,2025-05-13,3858,-0.4350045241269096,0.003215906912463,0.0161402250001708,-0.0097517475378604,-0.0067925454747583
RF,AUDUSD,3,2024-07-01,2025-07-01,2025-05-14,3859,-0.441797069601668,0.00406301404925,0.0154659747760199,0.0111971321969983,-0.0035872663621082
RF,AUDUSD,3,2024-07-01,2025-07-01,2025-05-15,3860,-0.4453843359637762,0.0049522898702134,0.015164869790334,0.0116752865492057,0.000658750461121
RF,AUDUSD,3,2024-07-01,2025-07-01,2025-05-18,3861,-0.4447255855026552,0.005062191579328,0.0155740330801145,0.0057741523331052,0.0071224811374545
RF,AUDUSD,3,2024-07-01,2025-07-01,2025-05-19,3862,-0.4376031043652006,0.0037704136607579,0.0164607376347742,-0.0047531004268551,-0.004629728083587
RF,AUDUSD,3,2024-07-01,2025-07-01,2025-05-20,3863,-0.4422328324487877,0.0036046547487433,0.0155774393574128,0.0031072978186988,0.0011045707868204
RF,AUDUSD,3,2024-07-01,2025-07-01,2025-05-21,3864,-0.4411282616619672,0.0032278290530948,0.0162253624605247,0.0015709947790742,-0.0036280100028027
RF,AUDUSD,3,2024-07-01,2025-07-01,2025-05-22,3865,-0.44475627166477,0.0046461033685035,0.0159390144927685,0.0137273507015286,0.0141563342601003
RF,AUDUSD,3,2024-07-01,2025-07-01,2025-05-25,3866,-0.4305999374046697,0.00344112342415,0.0164846499530796,-0.0054138211082704,-0.0031091120099007
RF,AUDUSD,3,2024-07-01,2025-07-01,2025-05-26,3867,-0.4337090494145704,0.0031827696622384,0.0168248219503424,0.0014916223661902,-0.0052423837549794
RF,AUDUSD,3,2024-07-01,2025-07-01,2025-05-27,3868,-0.4389514331695499,0.0040594936954462,0.0151644964279296,0.009782829365026,-0.0034047716225059
RF,AUDUSD,3,2024-07-01,2025-07-01,2025-05-28,3869,-0.4423562047920558,0.005090822573005,0.0151874034734342,0.0116068134578403,0.0032306701619669
RF,AUDUSD,3,2024-07-01,2025-07-01,2025-05-29,3870,-0.4391255346300888,0.0060475074881773,0.0159559924326571,0.0111236236786647,-0.0004317322528041
RF,AUDUSD,3,2024-07-01,2025-07-01,2025-06-01,3871,-0.4395572668828929,0.0072285459628236,0.0165769742784907,0.0129505612505668,0.0085283459196516
RF,AUDUSD,3,2024-07-01,2025-07-01,2025-06-02,3872,-0.4310289209632413,0.0065721886231159,0.0169711325927682,0.0017066818710083,-0.0049848375496988
RF,AUDUSD,3,2024-07-01,2025-07-01,2025-06-03,3873,-0.4360137585129401,0.0071351297077596,0.0160741368531285,0.0095291366526045,0.0037963314645599
RF,AUDUSD,3,2024-07-01,2025-07-01,2025-06-04,3874,-0.4322174270483802,0.0063178001385544,0.0165102691136189,0.0014341991777354,0.0030488232438563
RF,AUDUSD,3,2024-07-01,2025-07-01,2025-06-05,3875,-0.4291686038045239,0.0053752895869473,0.0167247455067669,7.680879333549218e-05,-0.0015807875296915
RF,AUDUSD,3,2024-07-01,2025-07-01,2025-06-08,3876,-0.4307493913342154,0.003939366866362,0.016696398024588,-0.0031463708978216,0.0027474803827913
RF,AUDUSD,3,2024-07-01,2025-07-01,2025-06-09,3877,-0.4280019109514241,0.0029403638013753,0.0168930183046981,-0.0016418666784522,0.0013952053190979
RF,AUDUSD,3,2024-07-01,2025-07-01,2025-06-10,3878,-0.4266067056323261,0.0012982113997662,0.0172323822884511,-0.0059027869348546,-0.0027155334599068
RF,AUDUSD,3,2024-07-01,2025-07-01,2025-06-11,3879,-0.429322239092233,-0.0006141379294385,0.0169152904261768,-0.0096937273551999,0.0028376172318974
RF,AUDUSD,3,2024-07-01,2025-07-01,2025-06-12,3880,-0.4264846218603356,-0.0020554633237988,0.016428467972108,-0.0077195227915268,-0.0042986060103091
RF,AUDUSD,3,2024-07-01,2025-07-01,2025-06-15,3881,-0.4307832278706447,-0.0021540770962903,0.0156134408299244,-0.0006154011457922,0.0016914328594563
RF,AUDUSD,3,2024-07-01,2025-07-01,2025-06-16,3882,-0.4290917950111884,-0.0018222421548582,0.0160391180183844,0.0018586391851423,-0.0048039672208486
RF,AUDUSD,3,2024-07-01,2025-07-01,2025-06-17,3883,-0.4338957622320371,-9.577482825301464e-05,0.0150326323693058,0.0102109551209767,0.0042519846021606
RF,AUDUSD,3,2024-07-01,2025-07-01,2025-06-18,3884,-0.4296437776298764,0.0004149746719527,0.0156397816172251,0.0039578568253352,-0.0028657149373044
RF,AUDUSD,3,2024-07-01,2025-07-01,2025-06-19,3885,-0.4325094925671808,0.002409731740432,0.0152519131147754,0.0136675896823543,-0.0065064738802521
RF,AUDUSD,3,2024-07-01,2025-07-01,2025-06-22,3886,-0.4390159664474329,0.0053648657918347,0.0133482253671838,0.0209374414615747,0.0048118217955704
RF,AUDUSD,3,2024-07-01,2025-07-01,2025-06-23,3887,-0.4342041446518624,0.0073236472774649,0.0142464013663265,0.0160946538783983,0.0028055156354254
RF,AUDUSD,4,2025-07-01,2026-07-01,2025-07-01,3893,-0.4180785249858582,0.0027913618176674,0.0019386545507291,0.0016536462072193,-3.096578760591884e-05
RF,AUDUSD,4,2025-07-01,2026-07-01,2025-07-02,3894,-0.4181094907734641,0.0020211436000919,0.0007997157020333,-0.0007324121113623,-0.0008514820286515
RF,AUDUSD,4,2025-07-01,2026-07-01,2025-07-03,3895,-0.4189609728021157,0.0007661402469046,0.0002370447483119,-0.0049660589448842,-0.0038855162746697
RF,AUDUSD,4,2025-07-01,2026-07-01,2025-07-06,3896,-0.4228464890767854,-0.0002211820586427,-0.000870352382961,-0.0050191784174284,-0.006999001205949
RF,AUDUSD,4,2025-07-01,2026-07-01,2025-07-07,3897,-0.4298454902827345,-5.6112456267465305e-05,-0.0012576303876769,0.0029014016523887,0.0028275896555307
RF,AUDUSD,4,2025-07-01,2026-07-01,2025-07-08,3898,-0.4270179006272038,-0.0009372479196037,-0.0017854184292955,-0.0040434904564211,0.0017436307443033
RF,AUDUSD,4,2025-07-01,2026-07-01,2025-07-09,3899,-0.4252742698829004,-0.0016650525786671,-0.002776319321856,-0.0036469007194299,0.0088493911042615
RF,AUDUSD,4,2025-07-01,2026-07-01,2025-07-10,3900,-0.4164248787786389,-0.0031927760583229,-0.0016699096799631,-0.0100447689855132,-0.0024170241061876
RF,AUDUSD,4,2025-07-01,2026-07-01,2025-07-13,3901,-0.4188419028848265,-0.0035666631584926,-0.0019013924265585,-0.0035590010721681,-0.0050851288621734
RF,AUDUSD,4,2025-07-01,2026-07-01,2025-07-14,3902,-0.4239270317469999,-0.002132079730138,-0.001973961672768,0.0090173342654636,-0.0039386357472139
RF,AUDUSD,4,2025-07-01,2026-07-01,2025-07-15,3903,-0.4278656674942139,-0.0002281480731216,-0.001415250739065,0.0119222826138902,0.0009215788638681
RF,AUDUSD,4,2025-07-01,2026-07-01,2025-07-16,3904,-0.4269440886303457,0.0009019847222745,-0.001623855103363,0.0073263454747587,-0.0041173024532791
RF,AUDUSD,4,2025-07-01,2026-07-01,2025-07-17,3905,-0.4310613910836249,0.0015531959267515,-0.0014236324742403,0.0039652876446977,0.0021402204812945
RF,AUDUSD,4,2025-07-01,2026-07-01,2025-07-20,3906,-0.4289211706023303,0.0015042799300308,-0.0023499705343147,0.0001693141144198,0.0024515228381782
RF,AUDUSD,4,2025-07-01,2026-07-01,2025-07-21,3907,-0.4264696477641521,0.0001254187368758,-0.002951306588363,-0.0124817854053977,0.0040687438071574
RF,AUDUSD,4,2025-07-01,2026-07-01,2025-07-22,3908,-0.4224009039569946,-0.0024824347982495,-0.0033089764809323,-0.0193511998670993,0.0074912064754583
RF,AUDUSD,4,2025-07-01,2026-07-01,2025-07-23,3909,-0.4149096974815363,-0.0051629825688855,-0.0035273234756057,-0.0206383820387455,-0.0010336873987873
RF,AUDUSD,4,2025-07-01,2026-07-01,2025-07-24,3910,-0.4159433848803236,-0.0075799742989198,-0.0043623481558162,-0.0187245244064641,-0.0036743582752633
RF,AUDUSD,4,2025-07-01,2026-07-01,2025-07-27,3911,-0.419617743155587,-0.0093122874728694,-0.0057273736211031,-0.0153284913517343,-0.0074783602833401
RF,AUDUSD,4,2025-07-01,2026-07-01,2025-07-28,3912,-0.4270961034389271,-0.0091514371214356,-0.0069772618047034,-0.0036532878952882,-0.0016557530489833
RF,AUDUSD,4,2025-07-01,2026-07-01,2025-07-29,3913,-0.4287518564879105,-0.0079919107419497,-0.0075368229813511,0.0019167402150027,-0.0101995766816394
RF,AUDUSD,4,2025-07-01,2026-07-01,2025-07-30,3914,-0.4389514331695499,-0.00614680628573,-0.0087506318013321,0.0108902642377594,-0.002800670654544
RF,AUDUSD,4,2025-07-01,2026-07-01,2025-07-31,3915,-0.4417521038240939,-0.0038777416461179,-0.0094143362105922,0.0131826169029873,0.0062040243038121
RF,AUDUSD,4,2025-07-01,2026-07-01,2025-08-03,3916,-0.4355480795202818,-0.0020601927198797,-0.0088247912993253,0.009339620621584,0.000880170233494
RF,AUDUSD,4,2025-07-01,2026-07-01,2025-08-04,3917,-0.4346679092867877,0.000229389736812,-0.0087420636630813,0.0118083197864309,-0.0002783252205335
RF,AUDUSD,4,2025-07-01,2026-07-01,2025-08-05,3918,-0.4349462345073213,0.0009838533241421,-0.0079107976312712,0.0037809136060418,0.0041968431731058
RF,AUDUSD,4,2025-07-01,2026-07-01,2025-08-06,3919,-0.4307493913342154,0.0013496432747383,-0.0073453059004083,0.0019584578629497,0.0039142750613077
RF,AUDUSD,4,2025-07-01,2026-07-01,2025-08-07,3920,-0.4268351162729077,0.0005992608407939,-0.0076363369743501,-0.0047479591748899,-0.0012260526588827
RF,AUDUSD,4,2025-07-01,2026-07-01,2025-08-10,3921,-0.4280611689317904,-0.0008220331613508,-0.0064358711014228,-0.0097311313499466,-0.0005083179893161
RF,AUDUSD,4,2025-07-01,2026-07-01,2025-08-11,3922,-0.4285694869211065,-0.0025770947800883,-0.0065054930703986,-0.01209283851419,0.0023610280224087
RF,AUDUSD,4,2025-07-01,2026-07-01,2025-08-12,3923,-0.4262084588986978,-0.0049866334601043,-0.0064404115953936,-0.0161027549673707,0.003348869398341
RF,AUDUSD,4,2025-07-01,2026-07-01,2025-08-13,3924,-0.4228595895003568,-0.0062985650074481,-0.0052911381465452,-0.0102492718409503,-0.0083057314009226
RF,AUDUSD,4,2025-07-01,2026-07-01,2025-08-14,3925,-0.4311653209012794,-0.0060595377586363,-0.0065243569686342,-0.0025295655152083,0.0023743874300137
RF,AUDUSD,4,2025-07-01,2026-07-01,2025-08-17,3926,-0.4287909334712657,-0.0057863895021551,-0.0062236885240006,-0.0026381589784099,-0.0027921419765319
RF,AUDUSD,4,2025-07-01,2026-07-01,2025-08-18,3927,-0.4315830754477976,-0.0046435857095641,-0.0060719896465511,0.0025524302993797,-0.0062092248339394
RF,AUDUSD,4,2025-07-01,2026-07-01,2025-08-19,3928,-0.4377923002817371,-0.0021374506683042,-0.0063877782953631,0.0119815646008525,-0.0028700251535594
RF,AUDUSD,4,2025-07-01,2026-07-01,2025-08-20,3929,-0.4406623254352966,0.0010324638094658,-0.0068803289098142,0.0165645173765688,-0.0016488884307719
RF,AUDUSD,4,2025-07-01,2026-07-01,2025-08-21,3930,-0.4423112138660686,0.0046702906335838,-0.0067158598961812,0.0202289829372903,0.0092023525247614
RF,AUDUSD,4,2025-07-01,2026-07-01,2025-08-24,3931,-0.4331088613413071,0.0053074806803137,-0.0060648064405047,0.0051375839256972,-0.0005860250751806
RF,AUDUSD,4,2025-07-01,2026-07-01,2025-08-25,3932,-0.4336948864164878,0.0065515309295001,-0.0047869472068093,0.0097194937781024,0.0022657939668122
RF,AUDUSD,4,2025-07-01,2026-07-01,2025-08-26,3933,-0.4314290924496756,0.0067137413361071,-0.0037871299702481,0.0040250516721924,0.0023984473012577
RF,AUDUSD,4,2025-07-01,2026-07-01,2025-08-27,3934,-0.4290306451484178,0.0071687501763347,-0.0021730923393487,0.0065976409601306,0.0032199094675333
RF,AUDUSD,4,2025-07-01,2026-07-01,2025-08-28,3935,-0.4258107356808845,0.0078368791607532,-0.0008839780436613,0.010005936138996,0.0017129276221568
RF,AUDUSD,4,2025-07-01,2026-07-01,2025-08-31,3936,-0.4240978080587277,0.0078758785515634,-1.444046364950472e-05,0.0062615436805605,0.0020155771299494
RF,AUDUSD,4,2025-07-01,2026-07-01,2025-09-01,3937,-0.4220822309287783,0.0082332867586526,0.0001254796756542,0.0094892305707914,-0.0058890464868315
RF,AUDUSD,4,2025-07-01,2026-07-01,2025-09-02,3938,-0.4279712774156098,0.010535271248521,0.0001079120008678,0.022706182491341,0.0039958847772245
RF,AUDUSD,4,2025-07-01,2026-07-01,2025-09-03,3939,-0.4239753926383853,0.0117596935180944,-0.0007211322239745,0.0158565054460411,-0.0034286481390978
RF,AUDUSD,4,2025-07-01,2026-07-01,2025-09-04,3940,-0.4274040407774832,0.0140194570371303,-0.0012732411466178,0.022888728519734,0.0049710365891959
RF,AUDUSD,4,2025-07-01,2026-07-01,2025-09-07,3941,-0.4224330041882872,0.015742698713301,-0.0009030014470038,0.0203121385035918,0.0066282046463987
RF,AUDUSD,4,2025-07-01,2026-07-01,2025-09-08,3942,-0.4158047995418885,0.0154948872586309,0.0002228685898145,0.0082126146297084,-0.0020314648362786
RF,AUDUSD,4,2025-07-01,2026-07-01,2025-09-09,3943,-0.4178362643781672,0.0146027276867833,0.0013577241945598,0.005029560778602,0.0052432640201803
RF,AUDUSD,4,2025-07-01,2026-07-01,2025-09-10,3944,-0.4125930003579868,0.0123210048069615,0.0034079816115827,-0.004543699389402,0.007327905433718
RF,AUDUSD,4,2025-07-01,2026-07-01,2025-09-11,3945,-0.4052650949242687,0.0095813625419143,0.0046461782674475,-0.0099477260585834,-0.0028537922680754
RF,AUDUSD,4,2025-07-01,2026-07-01,2025-09-14,3946,-0.4081188871923442,0.0070507533120648,0.0062480387452591,-0.0077300877286975,0.003603574934595
RF,AUDUSD,4,2025-07-01,2026-07-01,2025-09-15,3947,-0.4045153122577491,0.003751948742913,0.0082499233349737,-0.0129837318206875,0.0023944465730537
RF,AUDUSD,4,2025-07-01,2026-07-01,2025-09-16,3948,-0.4021208656846954,-0.0005721188241688,0.0084475687903597,-0.0229377496171008,-0.0054713192274846
RF,AUDUSD,4,2025-07-01,2026-07-01,2025-09-17,3949,-0.4075921849121801,-0.0033286965011809,0.0079358244950108,-0.0149175730149567,-0.005214518687385
RF,AUDUSD,4,2025-07-01,2026-07-01,2025-09-18,3950,-0.4128067035995652,-0.0043519376997731,0.0060273613415497,-0.0054429601011583,-0.0043299961478236
RF,AUDUSD,4,2025-07-01,2026-07-01,2025-09-21,3951,-0.4171366997473888,-0.003885762085622,0.004127843793856,0.0032412289946048,0.0019238787645367
RF,AUDUSD,4,2025-07-01,2026-07-01,2025-09-22,3952,-0.4152128209828521,-0.003507375160936,0.002210020963071,0.0020428161375674,-0.0006361539381896
RF,AUDUSD,4,2025-07-01,2026-07-01,2025-09-23,3953,-0.4158489749210418,-0.0033959485972088,0.0007009690918004,4.41753791532995e-05,-0.0016500691573949
RF,AUDUSD,4,2025-07-01,2026-07-01,2025-09-24,3954,-0.4174990440784367,-0.0030669188541165,-0.0003912776175024,0.0009377541116089,-0.0075595712233595
RF,AUDUSD,4,2025-07-01,2026-07-01,2025-09-25,3955,-0.4250586153017962,-0.0012289513386591,-0.0017151154139994,0.0120400545655687,0.0025488573746594
RF,AUDUSD,4,2025-07-01,2026-07-01,2025-09-28,3956,-0.4225097579271368,-0.0006927833157363,-0.0035210464995196,0.0040363020162286,0.0042600942264133
RF,AUDUSD,4,2025-07-01,2026-07-01,2025-09-29,3957,-0.4182496637007235,-0.0008068860100888,-0.0039903412231365,0.0003830746946971,0.0043541929479394
RF,AUDUSD,4,2025-07-01,2026-07-01,2025-09-30,3958,-0.413895470752784,-0.0021924564546771,-0.0053581902522959,-0.0075021158289727,0.0007254659074992
RF,AUDUSD,4,2025-07-01,2026-07-01,2025-10-01,3959,-0.4131700048452847,-0.0043749266896618,-0.0054508941234143,-0.0178589161179565,-0.0026347946966037
RF,AUDUSD,4,2025-07-01,2026-07-01,2025-10-02,3960,-0.4158047995418885,-0.0058618986660026,-0.0064805458631237,-0.0131951805412174,-0.0007564904249393
RF,AUDUSD,4,2025-07-01,2026-07-01,2025-10-05,3961,-0.4165612899668278,-0.0076060870637897,-0.0069581512128274,-0.0155607291286898,0.0035427292306002
RF,AUDUSD,4,2025-07-01,2026-07-01,2025-10-06,3962,-0.4130185607362275,-0.0095706264417511,-0.0068091337510833,-0.0165340839670534,-0.0054548951746806
RF,AUDUSD,4,2025-07-01,2026-07-01,2025-10-07,3963,-0.4184734559109082,-0.0110464221026853,-0.00771170485082,-0.0150211467235744,0.0006068669048818
RF,AUDUSD,4,2025-07-01,2026-07-01,2025-10-08,3964,-0.4178665890060263,-0.0119514129634871,-0.0080281873698649,-0.0126545960810131,-0.0035309975757303
RF,AUDUSD,4,2025-07-01,2026-07-01,2025-10-09,3965,-0.4213975865817567,-0.0117358462797893,-0.0084369717750908,-0.0068786963795904,-0.0096313343814846
RF,AUDUSD,4,2025-07-01,2026-07-01,2025-10-12,3966,-0.4310289209632413,-0.0112951493373639,-0.0101083130109592,-0.0010001782507246,0.0020289408801353
RF,AUDUSD,4,2025-07-01,2026-07-01,2025-10-13,3967,-0.4289999800831059,-0.0109124383773696,-0.0091353808286961,-0.0033225990936386,-0.0031220390124117
RF,AUDUSD,4,2025-07-01,2026-07-01,2025-10-14,3968,-0.4321220190955177,-0.0091947231795974,-0.0101182401877592,0.0036131926517453,0.0025693743922367
RF,AUDUSD,4,2025-07-01,2026-07-01,2025-10-15,3969,-0.4295526447032809,-0.0072991972545946,-0.0101704455617557,0.0039843166449082,-0.0039419579312016
RF,AUDUSD,4,2025-07-01,2026-07-01,2025-10-16,3970,-0.4334946026344826,-0.0042608269716542,-0.010501675797647,0.0116864129278543,0.0029734175474431
RF,AUDUSD,4,2025-07-01,2026-07-01,2025-10-19,3971,-0.4305211850870394,-0.0012828808009259,-0.0104468345569653,0.0127455672059808,0.0022449021256922
RF,AUDUSD,4,2025-07-01,2026-07-01,2025-10-20,3972,-0.4282762829613472,0.0009116313382508,-0.0098501931005354,0.009239638117835,-0.0037528162526188
RF,AUDUSD,4,2025-07-01,2026-07-01,2025-10-21,3973,-0.432029099213966,0.0030101548461395,-0.0097645364961275,0.0103278697328214,-0.0002934799627786
RF,AUDUSD,4,2025-07-01,2026-07-01,2025-10-22,3974,-0.4323225791767446,0.0045526538037999,-0.0103591176767373,0.0085461706998311,0.0038137527329722
RF,AUDUSD,4,2025-07-01,2026-07-01,2025-10-23,3975,-0.4285088264437723,0.0050471013973408,-0.0097813198282876,0.0040257310011276,0.0029404983853996
RF,AUDUSD,4,2025-07-01,2026-07-01,2025-10-27,3976,-0.4255683280583727,0.0036656770315962,-0.0089374527573157,-0.0074321737392453,0.0037601383517444
RF,AUDUSD,4,2025-07-01,2026-07-01,2025-10-28,3977,-0.4218081897066282,0.0021781739716821,-0.0086025109549955,-0.0074516035907318,0.0040325718255695
RF,AUDUSD,4,2025-07-01,2026-07-01,2025-10-29,3978,-0.4177756178810586,-0.000452678224388,-0.0079568703868809,-0.0154874853515488,-0.0012610269624535
RF,AUDUSD,4,2025-07-01,2026-07-01,2025-10-30,3979,-0.4190366448435121,-0.0023517782808026,-0.0080755326639498,-0.0113772857119205,-0.0026645846376324
RF,AUDUSD,4,2025-07-01,2026-07-01,2025-10-31,3980,-0.4217012294811446,-0.0028167100820312,-0.0087226668056564,-0.0037298181031987,-0.0020751789957689
RF,AUDUSD,4,2025-07-01,2026-07-01,2025-11-03,3981,-0.4237764084769135,-0.0029149687257755,-0.0088353243101891,-0.0024784222125542,-0.0007066869657311
RF,AUDUSD,4,2025-07-01,2026-07-01,2025-11-04,3982,-0.4244830954426447,-0.0026396150170543,-0.0080309007526399,-0.0007153936829782,-0.0085174063549733
RF,AUDUSD,4,2025-07-01,2026-07-01,2025-11-05,3983,-0.433000501797618,-0.001338840959339,-0.0087701824606071,0.0066692625024591,0.0037407085002579
RF,AUDUSD,4,2025-07-01,2026-07-01,2025-11-06,3984,-0.4292597932973601,-0.0004708652638982,-0.0075817157472484,0.0035412104555826,-0.0040033099352473
RF,AUDUSD,4,2025-07-01,2026-07-01,2025-11-07,3985,-0.4332631032326074,-0.000187090468474,-0.0065237963801227,0.0013566597316457,0.0028491726771747
RF,AUDUSD,4,2025-07-01,2026-07-01,2025-11-10,3986,-0.4304139305554327,9.403393494039625e-05,-0.006635590784212,0.0010175205701317,0.0049828829710893
RF,AUDUSD,4,2025-07-01,2026-07-01,2025-11-11,3987,-0.4254310475843433,-0.0009309938315172,-0.0042347883673799,-0.0068901539821226,-0.0008237831051244
RF,AUDUSD,4,2025-07-01,2026-07-01,2025-11-12,3988,-0.4262548306894678,-0.002659182191426,-0.0034893921345091,-0.0123277887370998,0.0010563415638448
RF,AUDUSD,4,2025-07-01,2026-07-01,2025-11-13,3989,-0.4251984891256229,-0.0042385125884703,-0.0025888201768525,-0.0113860287644869,-0.0011327501695359
RF,AUDUSD,4,2025-07-01,2026-07-01,2025-11-14,3990,-0.4263312392951588,-0.0054391808850226,-0.0012950956387733,-0.0097271355148683,0.0006126564533814
RF,AUDUSD,4,2025-07-01,2026-07-01,2025-11-17,3991,-0.4257185828417774,-0.0065287964312127,-0.0014709548209484,-0.0096438569304653,-0.0061878606591843
RF,AUDUSD,4,2025-07-01,2026-07-01,2025-11-18,3992,-0.4319064435009617,-0.0051914770926429,-0.0014180718108316,0.0049407964842932,0.0025100335156607
RF,AUDUSD,4,2025-07-01,2026-07-01,2025-11-19,3993,-0.429396409985301,-0.003981868173061,-0.0025188281528071,0.0041058159384287,-0.0029247915811649
RF,AUDUSD,4,2025-07-01,2026-07-01,2025-11-20,3994,-0.4323212015664659,-0.0018648227890585,-0.0034730497244468,0.0093993827103366,-0.0062614178601017
RF,AUDUSD,4,2025-07-01,2026-07-01,2025-11-21,3995,-0.4385826194265676,0.000862312482955,-0.0039936183269479,0.0145463852827443,0.0019981015364577
RF,AUDUSD,4,2025-07-01,2026-07-01,2025-11-24,3996,-0.4365845178901099,0.0038112815761176,-0.0043138272389412,0.0170764024262067,0.0005261430800826
RF,AUDUSD,4,2025-07-01,2026-07-01,2025-11-25,3997,-0.4360583748100272,0.0071191686394009,-0.0053346742666235,0.0213031826014711,0.0006959350377844
RF,AUDUSD,4,2025-07-01,2026-07-01,2025-11-26,3998,-0.4353624397722427,0.0101795146984366,-0.0062104266453614,0.0208186608977978,0.0083967927555743
RF,AUDUSD,4,2025-07-01,2026-07-01,2025-11-27,3999,-0.4269656470166684,0.0123562504448981,-0.005548472043418,0.0167996047441348,0.0016750529697961
RF,AUDUSD,4,2025-07-01,2026-07-01,2025-11-28,4000,-0.4252905940468722,0.0137826964818723,-0.0045892214363096,0.0139031300141119,0.0023687751907429
RF,AUDUSD,4,2025-07-01,2026-07-01,2025-12-01,4001,-0.4229218188561293,0.0149132158639381,-0.004300297878699,0.0135974723007726,-0.001114415287694
RF,AUDUSD,4,2025-07-01,2026-07-01,2025-12-02,4002,-0.4240362341438233,0.016610150936855,-0.0030645375057028,0.0197451845030924,0.0045281186799202
RF,AUDUSD,4,2025-07-01,2026-07-01,2025-12-03,4003,-0.4195081154639031,0.0171961489619384,-0.0034484679829773,0.0137930240346462,0.004752923255347
RF,AUDUSD,4,2025-07-01,2026-07-01,2025-12-04,4004,-0.414755192208556,0.0164331830094638,-0.0023452386806139,0.0063809647452253,0.0002114133341111
RF,AUDUSD,4,2025-07-01,2026-07-01,2025-12-05,4005,-0.4145437788744449,0.0152499296523053,-0.0018928470242378,0.0053416679935693,0.0043777366019113
RF,AUDUSD,4,2025-07-01,2026-07-01,2025-12-08,4006,-0.4101660422725335,0.0131652391376462,-0.0013463684977301,-0.0002109389838064,-0.0012214217602267
RF,AUDUSD,4,2025-07-01,2026-07-01,2025-12-09,4007,-0.4113874640327603,0.0105067918148054,-0.0012601837429144,-0.0039005653023173,0.0020631174774036
RF,AUDUSD,4,2025-07-01,2026-07-01,2025-12-10,4008,-0.4093243465553566,0.0079451133216751,0.0002309251549087,-0.004102291743435,0.0050332969146257
RF,AUDUSD,4,2025-07-01,2026-07-01,2025-12-11,4009,-0.4042910496407308,0.0047426580819537,0.0022808829280723,-0.0096804321570445,-0.001424041788526
RF,AUDUSD,4,2025-07-01,2026-07-01,2025-12-12,4010,-0.4057150914292569,0.0034218819853152,0.0034006479711345,-0.000990651967001,-0.0026591360340738
RF,AUDUSD,4,2025-07-01,2026-07-01,2025-12-15,4011,-0.4083742274633307,0.0036180861350769,0.0040096690162253,0.0081803458499185,-0.0008278834175448
RF,AUDUSD,4,2025-07-01,2026-07-01,2025-12-16,4012,-0.4092021108808755,0.0042585530542368,0.0046358283123805,0.0095606417605205,-0.0011748703754644
RF,AUDUSD,4,2025-07-01,2026-07-01,2025-12-17,4013,-0.41037698125634,0.0054575855951735,0.0043780780235166,0.0120016281777763,-0.0049110480787376
RF,AUDUSD,4,2025-07-01,2026-07-01,2025-12-18,4014,-0.4152880293350776,0.0069320890800556,0.0038660266982226,0.0141388647817181,0.0018613910362859
RF,AUDUSD,4,2025-07-01,2026-07-01,2025-12-19,4015,-0.4134266382987916,0.0080434657077319,0.0030462353545576,0.0126504950446807,-0.0005448434989837
RF,AUDUSD,4,2025-07-01,2026-07-01,2025-12-22,4016,-0.4139714817977754,0.0086536397837911,0.0016641717617312,0.0102498385515482,0.0072657384015173
RF,AUDUSD,4,2025-07-01,2026-07-01,2025-12-23,4017,-0.406705743396258,0.0079018707166179,0.0024582875878575,0.0038226207577032,0.0065118617828457
RF,AUDUSD,4,2025-07-01,2026-07-01,2025-12-24,4018,-0.4001938816134122,0.0072162619901512,0.0022515113156913,0.0017144784287692,0.0005524124930572
RF,AUDUSD,4,2025-07-01,2026-07-01,2025-12-26,4019,-0.3996414691203549,0.0069603860168592,0.0020498380191286,0.0046712379638433,0.0012661160417913
RF,AUDUSD,4,2025-07-01,2026-07-01,2025-12-29,4020,-0.3983753530785636,0.005999233281107,0.001159539575764,0.0011910992369371,-0.0027738114747958
RF,AUDUSD,4,2025-07-01,2026-07-01,2025-12-30,4021,-0.4011491645533594,0.0049701705747805,0.0003859202569173,0.0008305855998858,0.0003730212992485
RF,AUDUSD,4,2025-07-01,2026-07-01,2025-12-31,4022,-0.4007761432541109,0.0035240679097421,-0.0003976732987471,-0.0018229036718092,-0.0029454999921162
RF,AUDUSD,4,2025-07-01,2026-07-01,2026-01-02,4023,-0.4037216432462271,0.0034558384265773,-0.0005361228919805,0.0044087383631136,0.0008385206076724
RF,AUDUSD,4,2025-07-01,2026-07-01,2026-01-05,4024,-0.4028831226385547,0.0026608260100445,-0.0007372318772361,-4.539182666990493e-05,0.0044037194539117
RF,AUDUSD,4,2025-07-01,2026-07-01,2026-01-06,4025,-0.398479403184643,0.0009909377698237,-0.000371789101597,-0.0045687986274084,0.0035091720281313
RF,AUDUSD,4,2025-07-01,2026-07-01,2026-01-07,4026,-0.3949702311565116,-0.0004537010101468,5.031545118885133e-05,-0.0048791681590747,-0.0022140226851148
RF,AUDUSD,4,2025-07-01,2026-07-01,2026-01-08,4027,-0.3971842538416265,-0.0018013661559185,0.0002832943712663,-0.0051459495439981,-0.0031343251118471
RF,AUDUSD,4,2025-07-01,2026-07-01,2026-01-09,4028,-0.4003185789534736,-0.0017141092781608,-5.70018025678223e-05,0.0013143212307377,-0.0022804679724464
RF,AUDUSD,4,2025-07-01,2026-07-01,2026-01-12,4029,-0.4025990469259201,-0.000519098335413,-0.0006943306834029,0.0068415336402616,0.0032861420428065
RF,AUDUSD,4,2025-07-01,2026-07-01,2026-01-13,4030,-0.3993129048831135,0.0005539663715816,-0.0004107083415381,0.0069803047891814,-0.0036156095821111
RF,AUDUSD,4,2025-07-01,2026-07-01,2026-01-14,4031,-0.4029285144652246,0.0028927981081209,-0.0014380588369131,0.0232052427686039,-0.0001196873468268
RF,AUDUSD,4,2025-07-01,2026-07-01,2026-01-15,4032,-0.4030482018120515,0.0058574321912185,-0.0019126349063846,0.0340112656240588,0.003198802496465
RF,AUDUSD,4,2025-07-01,2026-07-01,2026-01-16,4033,-0.3998493993155864,0.0084972017480353,-0.0011225552851148,0.0309168563451293,-0.0024808040700382
RF,AUDUSD,4,2025-07-01,2026-07-01,2026-01-19,4034,-0.4023302033856246,0.0121622829926336,-0.0012262441611686,0.045055099032345,0.0033259456628886
RF,AUDUSD,4,2025-07-01,2026-07-01,2026-01-20,4035,-0.3990042577227359,0.0158205395563229,-0.0005997061757472,0.047998796735769,0.0032467444370775
RF,AUDUSD,4,2025-07-01,2026-07-01,2026-01-21,4036,-0.3957575132856584,0.0193966744871594,0.0002342723437068,0.0458171176826446,0.0034249131917263
RF,AUDUSD,4,2025-07-01,2026-07-01,2026-01-22,4037,-0.392332600093932,0.0206228418188789,0.0009345728862633,0.0279534287209928,0.0126093283973113
RF,AUDUSD,4,2025-07-01,2026-07-01,2026-01-23,4038,-0.3797232716966207,0.0214366857734711,0.0017710014064328,0.0166710131518,0.010686335508628
RF,AUDUSD,4,2025-07-01,2026-07-01,2026-01-26,4039,-0.3690369361879926,0.0223913295028829,0.0025881829353243,0.0155740993015,0.0001043932175355
RF,AUDUSD,4,2025-07-01,2026-07-01,2026-01-27,4040,-0.3689325429704571,0.0225981644316671,0.0022674455487943,0.0114573675691339,0.0116574386171774
RF,AUDUSD,4,2025-07-01,2026-07-01,2026-01-28,4041,-0.3572751043532796,0.0210397219244217,0.0028784270191962,-0.011414729876127,0.0062696433663126
RF,AUDUSD,4,2025-07-01,2026-07-01,2026-01-29,4042,-0.3510054609869669,0.0199230410420993,0.0032863046796627,-0.0008668690073149,0.0010650653839531
RF,AUDUSD,4,2025-07-01,2026-07-01,2026-01-30,4043,-0.3499403956030137,0.0188048925704416,0.0031156475703484,0.0051372421589676,-0.0144387757699254
RF,AUDUSD,4,2025-07-01,2026-07-01,2026-02-02,4044,-0.3643791713729392,0.0193990988683055,0.0011719356664747,0.0183329348592142,0.0013269128281185
RF,AUDUSD,4,2025-07-01,2026-07-01,2026-02-03,4045,-0.3630522585448206,0.0203777795948331,0.0008963143562513,0.0241187688429097,0.0095894216583279
RF,AUDUSD,4,2025-07-01,2026-07-01,2026-02-04,4046,-0.3534628368864926,0.0199746738176653,0.0016924004926151,0.0091542471842648,-0.0040123385148305
RF,AUDUSD,4,2025-07-01,2026-07-01,2026-02-05,4047,-0.3574751754013232,0.0194651433305086,0.0002294163010515,0.0108072389096482,-0.0112146588280834
RF,AUDUSD,4,2025-07-01,2026-07-01,2026-02-06,4048,-0.3686898342294066,0.0199859073378879,-0.0017080354641783,0.0223874471732599,0.0168175042351247
RF,AUDUSD,4,2025-07-01,2026-07-01,2026-02-09,4049,-0.3518723299942818,0.0192711803005843,-0.0004112455458429,0.0070132188306958,0.0070691765502357
RF,AUDUSD,4,2025-07-01,2026-07-01,2026-02-10,4050,-0.3448031534440461,0.0169948177680265,0.000897448244282,-0.0056353613210941,-0.0012430830696787
RF,AUDUSD,4,2025-07-01,2026-07-01,2026-02-11,4051,-0.3460462365137249,0.0148115090060695,0.0013683828581819,-0.0026459754264274,0.007112746811814
RF,AUDUSD,4,2025-07-01,2026-07-01,2026-02-12,4052,-0.3389334897019109,0.0130872097798955,0.0022214888422209,-0.0019525892824364,-0.0053751000003168
RF,AUDUSD,4,2025-07-01,2026-07-01,2026-02-13,4053,-0.3443085897022277,0.0108602730934232,0.0006301400461421,-0.0037322137954067,-0.0023593467894471
RF,AUDUSD,4,2025-07-01,2026-07-01,2026-02-16,4054,-0.3466679364916749,0.0088632358993712,0.0006264684555201,-0.0013304903366227,0.0003655494355281
RF,AUDUSD,4,2025-07-01,2026-07-01,2026-02-17,4055,-0.3463023870561467,0.0082251823839391,0.0004574193581269,0.0066950196774855,0.0014432758925607
RF,AUDUSD,4,2025-07-01,2026-07-01,2026-02-18,4056,-0.3448591111635859,0.0070719124380679,0.0006954739932427,0.0026221016271295,-0.0055794036015542
RF,AUDUSD,4,2025-07-01,2026-07-01,2026-02-19,4057,-0.3504385147651402,0.0059819756543,-0.0006918330205842,0.0020305967530381,0.0017463028249878
RF,AUDUSD,4,2025-07-01,2026-07-01,2026-02-20,4058,-0.3486922119401524,0.0058114733810486,-0.0003587479626648,0.0070185426148217,0.007806132955805
RF,AUDUSD,4,2025-07-01,2026-07-01,2026-02-23,4059,-0.3408860789843473,0.0034808214959979,0.0006059208321542,-0.0099912027072101,-0.0071547245132871
RF,AUDUSD,4,2025-07-01,2026-07-01,2026-02-24,4060,-0.3480408034976345,0.0028767497029192,-0.001584908228675,0.0021643148270558,4.237666933687434e-05
RF,AUDUSD,4,2025-07-01,2026-07-01,2026-02-25,4061,-0.3479984268282976,0.0014904220059926,-0.0005965598219545,-0.0070635715571629,0.0083910594496365
RF,AUDUSD,4,2025-07-01,2026-07-01,2026-02-26,4062,-0.3396073673786611,-0.001840301213962,0.0006765943669665,-0.0219079467262526,-0.0026296421577953
RF,AUDUSD,4,2025-07-01,2026-07-01,2026-02-27,4063,-0.3422370095364564,-0.0024972482053927,0.0006735287906451,-0.0046875741094541,-0.0061709084756456
RF,AUDUSD,4,2025-07-01,2026-07-01,2026-03-02,4064,-0.3484079180121021,-0.0015277880588692,-0.0012324779432189,0.0088711144336297,0.0067342486867714
RF,AUDUSD,4,2025-07-01,2026-07-01,2026-03-03,4065,-0.3416736693253306,-0.0014401542904926,0.0005660564197165,0.0032889543525431,-0.0092036123662267
RF,AUDUSD,4,2025-07-01,2026-07-01,2026-03-04,4066,-0.3508772816915574,-0.0011083505547883,-0.0018155861476051,0.0049018120489578,0.0050007930209787
RF,AUDUSD,4,2025-07-01,2026-07-01,2026-03-05,4067,-0.3458764886705787,-0.0023143303473912,-0.0001375172757212,-0.0099844339567005,-0.0091855097148819
RF,AUDUSD,4,2025-07-01,2026-07-01,2026-03-06,4068,-0.3550619983854606,-0.0015168396804793,-0.0019805934334955,0.0081233326511777,-0.0064533157194531
RF,AUDUSD,4,2025-07-01,2026-07-01,2026-03-09,4069,-0.3615153141049138,0.0006498475995847,-0.0038129544173717,0.0203057382600616,0.0145907304590031
RF,AUDUSD,4,2025-07-01,2026-07-01,2026-03-10,4070,-0.3469245836459106,-0.0004011414856319,-0.0011011465107104,-0.0055446743485405,0.0073877800674382
RF,AUDUSD,4,2025-07-01,2026-07-01,2026-03-11,4071,-0.3395368035784724,-0.0013363773004841,0.000204744707035,-0.005619062047887,0.0011520886056848
RF,AUDUSD,4,2025-07-01,2026-07-01,2026-03-12,4072,-0.3383847149727875,-0.0033332190871923,0.0011325919255974,-0.0171762598326152,-0.007590754669812
RF,AUDUSD,4,2025-07-01,2026-07-01,2026-03-13,4073,-0.3459754696425995,-0.0045800840559362,-0.0012264044010989,-0.0098287060965868,-0.0098854529846796
RF,AUDUSD,4,2025-07-01,2026-07-01,2026-03-16,4074,-0.3558609226272792,-0.0050546902353444,-0.002515698342494,-0.001256743390514,0.0089222568929963
RF,AUDUSD,4,2025-07-01,2026-07-01,2026-03-17,4075,-0.3469386657342829,-0.0073177879599384,-0.0007506745820366,-0.0179266405053354,0.0057290898894307
RF,AUDUSD,4,2025-07-01,2026-07-01,2026-03-18,4076,-0.3412095758448521,-0.0108996501045058,0.0003990232270566,-0.0316820130926635,-0.0112596821495989
RF,AUDUSD,4,2025-07-01,2026-07-01,2026-03-19,4077,-0.3524692579944511,-0.0138805380274513,-0.001018214638606,-0.0257356226104031,0.0073133923680916
RF,AUDUSD,4,2025-07-01,2026-07-01,2026-03-20,4078,-0.3451558656263594,-0.0176518587108078,6.274913391915465e-05,-0.0337791465490575,-0.0104051091790433
RF,AUDUSD,4,2025-07-01,2026-07-01,2026-03-23,4079,-0.3555609748054027,-0.0183609407617665,-0.0019113464410871,-0.0125344890731238,-0.0002432009337836
RF,AUDUSD,4,2025-07-01,2026-07-01,2026-03-24,4080,-0.3558041757391864,-0.0187508489699146,-0.0003603168347438,-0.011787396877572,-0.0013134902786068
RF,AUDUSD,4,2025-07-01,2026-07-01,2026-03-25,4081,-0.3571176660177932,-0.0190138747141844,-0.0001246417173828,-0.012280808357437,-0.0077476402218251
RF,AUDUSD,4,2025-07-01,2026-07-01,2026-03-26,4082,-0.3648653062396183,-0.0188145531734447,-0.0023445753593973,-0.0083017825212746,-0.0080262826978972
RF,AUDUSD,4,2025-07-01,2026-07-01,2026-03-27,4083,-0.3728915889375156,-0.0169235568711252,-0.0034146140719472,0.0042744007345175,-0.0053132916673386
RF,AUDUSD,4,2025-07-01,2026-07-01,2026-03-29,4084,-0.3782048806048543,-0.0124662026094474,-0.0046668400185728,0.0324402496998312,-0.0007301315705626
RF,AUDUSD,4,2025-07-01,2026-07-01,2026-03-30,4085,-0.378935012175417,-0.0081591288380359,-0.0036099187204205,0.0278697737197963,0.0108395482968903
RF,AUDUSD,4,2025-07-01,2026-07-01,2026-03-31,4086,-0.3680954638785266,-0.0052249264863232,-0.0021440098382651,0.0221765198887954,0.0005038912617681
RF,AUDUSD,4,2025-07-01,2026-07-01,2026-04-01,4087,-0.3675915726167584,-0.0030917647786762,-0.0008458147287191,0.0137552097210849,-0.0018069017584718
RF,AUDUSD,4,2025-07-01,2026-07-01,2026-04-02,4088,-0.3693984743752302,0.0002060320687256,-0.0007241509174805,0.0268093209314236,-0.0037686143856627
RF,AUDUSD,4,2025-07-01,2026-07-01,2026-04-05,4089,-0.373167088760893,0.0044780241528071,-0.0014992835457223,0.0347951654617795,0.0045499005578948
RF,AUDUSD,4,2025-07-01,2026-07-01,2026-04-06,4090,-0.3686171882029981,0.0085905434201699,-0.0005946158267728,0.0367462112376635,0.022852557297975
RF,AUDUSD,4,2025-07-01,2026-07-01,2026-04-07,4091,-0.3457646309050231,0.0105746426884853,0.0005403987989246,0.0115499330451072,-0.0053006075505975
RF,AUDUSD,4,2025-07-01,2026-07-01,2026-04-08,4092,-0.3510652384556206,0.0123729237147514,-0.0006945326997418,0.0134921778539097,0.0051462944658894
RF,AUDUSD,4,2025-07-01,2026-07-01,2026-04-09,4093,-0.3459189439897311,0.0141525533477977,0.00062986403397,0.0138249168526765,-0.0079174189059423
RF,AUDUSD,4,2025-07-01,2026-07-01,2026-04-12,4094,-0.3538363628956735,0.0161696282644255,-0.0011152860765914,0.0192301077127011,0.0112472094518669
RF,AUDUSD,4,2025-07-01,2026-07-01,2026-04-13,4095,-0.3425891534438066,0.0170858929365008,0.0006757795300666,0.0082349048836293,0.0042172301446931
RF,AUDUSD,4,2025-07-01,2026-07-01,2026-04-14,4096,-0.3383719232991134,0.0165917170925035,0.0017691693998289,4.422615988114442e-05,0.0065009463337789
RF,AUDUSD,4,2025-07-01,2026-07-01,2026-04-15,4097,-0.3318709769653345,0.0155027374311964,0.002522161561383,-0.0045112010930168,-0.0023437208945812
RF,AUDUSD,4,2025-07-01,2026-07-01,2026-04-16,4098,-0.3342146978599158,0.0153061984986084,0.0024648826233534,0.0044455900543921,-0.003358362741795
RF,AUDUSD,4,2025-07-01,2026-07-01,2026-04-19,4099,-0.3375730606017109,0.0152295034409429,0.0015098101291794,0.0072913186076492,0.0054790334646562
RF,AUDUSD,4,2025-07-01,2026-07-01,2026-04-20,4100,-0.3320940271370546,0.0130415900343872,0.0023954005192284,-0.0060197567007821,-0.0025122280459177
RF,AUDUSD,4,2025-07-01,2026-07-01,2026-04-21,4101,-0.3346062551829724,0.012459780238142,0.0018920016766106,0.0062129871071494,0.0002520066227951
RF,AUDUSD,4,2025-07-01,2026-07-01,2026-04-22,4102,-0.3343542485601772,0.0120635195115669,0.0016383891193105,0.0076437878534575,-0.003973448579055
RF,AUDUSD,4,2025-07-01,2026-07-01,2026-04-23,4103,-0.3383276971392323,0.0114034718315946,-0.000260869733488,0.0052970640544377,0.0019455190808808
RF,AUDUSD,4,2025-07-01,2026-07-01,2026-04-26,4104,-0.3363821780583514,0.0111593178713842,0.0001357621446941,0.0084196613673139,0.0066130702528277
RF,AUDUSD,4,2025-07-01,2026-07-01,2026-04-27,4105,-0.3297691078055237,0.0106140649356641,0.0009738103301206,0.006128151340621,-0.0005126341885379
RF,AUDUSD,4,2025-07-01,2026-07-01,2026-04-28,4106,-0.3302817419940617,0.0096134701636934,0.0013435491432854,0.0029714128238021,-0.0078320418437751
RF,AUDUSD,4,2025-07-01,2026-07-01,2026-04-29,4107,-0.3381137838378368,0.0105441287323077,-0.0007742303693356,0.0147354286742537,0.0097205157620138
RF,AUDUSD,4,2025-07-01,2026-07-01,2026-04-30,4108,-0.328393268075823,0.0103110570058091,0.0007426626910695,0.0062879795953803,0.0016828073691033
RF,AUDUSD,4,2025-07-01,2026-07-01,2026-05-03,4109,-0.3267104607067196,0.0095552086106658,0.0008565881288529,0.0034428749346774,-0.0063201723780749
RF,AUDUSD,4,2025-07-01,2026-07-01,2026-05-04,4110,-0.3330306330847945,0.010090767901117,-0.0005577186989958,0.012136245025015,0.005068116393757
RF,AUDUSD,4,2025-07-01,2026-07-01,2026-05-05,4111,-0.3279625166910375,0.0089010024638352,0.0009817503540014,0.0014424309285095,0.0043215602261347
RF,AUDUSD,4,2025-07-01,2026-07-01,2026-05-06,4112,-0.3236409564649027,0.0060414549999678,0.0014869886972942,-0.0146047309871923,-0.0036693727053567
RF,AUDUSD,4,2025-07-01,2026-07-01,2026-05-07,4113,-0.3273103291702595,0.0045958445984863,0.0004158549252862,-0.0049645006447626,0.0039319740066763
RF,AUDUSD,4,2025-07-01,2026-07-01,2026-05-10,4114,-0.3233783551635831,0.0017614218586366,0.0012855900811292,-0.0181830867785509,0.0012730666831404
RF,AUDUSD,4,2025-07-01,2026-07-01,2026-05-11,4115,-0.3221052884804427,-0.0004525108164861,0.0014642074716702,-0.0133664007672021,-0.0011622972915995
RF,AUDUSD,4,2025-07-01,2026-07-01,2026-05-12,4116,-0.3232675857720422,-0.0024422325188144,0.0015216405810308,-0.0124429671459869,0.0023731977122626
RF,AUDUSD,4,2025-07-01,2026-07-01,2026-05-13,4117,-0.3208943880597795,-0.0045818299749231,0.0016439194157401,-0.0135715317397193,-0.0056256977027484
RF,AUDUSD,4,2025-07-01,2026-07-01,2026-05-14,4118,-0.3265200857625279,-0.0053537872008562,-0.0004879098804167,-0.0061176944131893,-0.0117256016895672
RF,AUDUSD,4,2025-07-01,2026-07-01,2026-05-17,4119,-0.3382456874520951,-0.0049377975441097,-0.0023031242548393,0.0056774822749918,0.005970857637073
RF,AUDUSD,4,2025-07-01,2026-07-01,2026-05-18,4120,-0.3322748298150221,-0.0059669538793887,-0.0008634461036387,-0.005550130826566,-0.0092866121271119
RF,AUDUSD,4,2025-07-01,2026-07-01,2026-05-19,4121,-0.341561441942134,-0.005244221491633,-0.0024637950202084,0.0080729925002421,0.0060897526944891
RF,AUDUSD,4,2025-07-01,2026-07-01,2026-05-20,4122,-0.3354716892476448,-0.0047600288926741,-0.0009303306615092,0.0042553699950336,-0.0002388636703842
RF,AUDUSD,4,2025-07-01,2026-07-01,2026-05-21,4123,-0.3357105529180291,-0.004477694283994,-0.0002213724588613,0.0022356646397934,0.0012446331185302
RF,AUDUSD,4,2025-07-01,2026-07-01,2026-05-24,4124,-0.3344659197994988,-0.003980404213261,0.0003191103972965,0.0023603442040115,0.0018281396237815
RF,AUDUSD,4,2025-07-01,2026-07-01,2026-05-25,4125,-0.3326377801757172,-0.0045796121251697,0.001300521716193,-0.0050052045224547,6.957499861393046e-05
RF,AUDUSD,4,2025-07-01,2026-07-01,2026-05-26,4126,-0.3325682051771033,-0.0051460565442311,0.0013482673105199,-0.0054029116388427,-0.0052567554644848
RF,AUDUSD,4,2025-07-01,2026-07-01,2026-05-27,4127,-0.3378249606415882,-0.0058676451424451,-0.0005213265982703,-0.0126551880873949,0.0043365111996963
RF,AUDUSD,4,2025-07-01,2026-07-01,2026-05-28,4128,-0.3334884494418918,-0.007554593830673,0.0002238665998608,-0.0174177007895751,0.0022721301892806
RF,AUDUSD,4,2025-07-01,2026-07-01,2026-05-31,4129,-0.3312163192526112,-0.0099726036326978,0.0004135428346524,-0.0221621540290712,-0.0022585690256244
RF,AUDUSD,4,2025-07-01,2026-07-01,2026-06-01,4130,-0.3334748882782356,-0.0124465471703896,0.0006803670928347,-0.0240289206664844,0.0013693126827484
RF,AUDUSD,4,2025-07-01,2026-07-01,2026-06-02,4131,-0.3321055755954872,-0.0137556490436234,0.0007299604175551,-0.0177495690419103,-0.0055374091026847
RF,AUDUSD,4,2025-07-01,2026-07-01,2026-06-03,4132,-0.337642984698172,-0.0135365048040488,-0.0011009112619418,-0.0083467221625124,-0.0003281321177739
RF,AUDUSD,4,2025-07-01,2026-07-01,2026-06-04,4133,-0.337971116815946,-0.0132463448552716,-0.0003965083026524,-0.0083290792007765,-0.012509031913037
RF,AUDUSD,4,2025-07-01,2026-07-01,2026-06-07,4134,-0.3504801487289831,-0.0120668905947949,-0.0025632848454116,0.0031188437450775,-0.0004260015024838
RF,AUDUSD,4,2025-07-01,2026-07-01,2026-06-08,4135,-0.350906150231467,-0.011578927492411,-0.0017184903616289,-0.0031295119076691,-0.0024723230502154
RF,AUDUSD,4,2025-07-01,2026-07-01,2026-06-09,4136,-0.3533784732816825,-0.0107267326882192,-0.0017778764372438,-0.0014268210246242,-0.0041253356630376
RF,AUDUSD,4,2025-07-01,2026-07-01,2026-06-10,4137,-0.3575038089447201,-0.0094837264701077,-0.0028846303119164,0.001243014485542,0.0076486643073225
RF,AUDUSD,4,2025-07-01,2026-07-01,2026-06-11,4138,-0.3498551446373976,-0.0096712177627033,-0.0010780965827878,-0.0075885007271316,0.0038654377767131
RF,AUDUSD,4,2025-07-01,2026-07-01,2026-06-14,4139,-0.3459897068606845,-0.0114585138821802,7.247880475246616e-05,-0.0228155273398494,-0.000310489156038
RF,AUDUSD,4,2025-07-01,2026-07-01,2026-06-15,4140,-0.3463001960167226,-0.0135383885814051,0.0008780430920996,-0.0247632296788543,-0.0010611089671829
RF,AUDUSD,4,2025-07-01,2026-07-01,2026-06-16,4141,-0.3473613049839055,-0.0154358840912485,0.0009908806933844,-0.02362964756374,-0.0066743571552306
RF,AUDUSD,4,2025-07-01,2026-07-01,2026-06-17,4142,-0.3540356621391362,-0.0163478994593765,-0.0011464814067731,-0.0175761901230009,-0.0007696321671705
RF,AUDUSD,4,2025-07-01,2026-07-01,2026-06-18,4143,-0.3548052943063067,-0.0173226823457439,-0.0005344858715536,-0.0188126422868822,-0.0014555001528713
RF,AUDUSD,4,2025-07-01,2026-07-01,2026-06-21,4144,-0.356260794459178,-0.0171146681479569,-0.000456263957556,-0.0129206378535781,-0.0011828509053511
RF,AUDUSD,4,2025-07-01,2026-07-01,2026-06-22,4145,-0.3574436453645292,-0.0171646248751268,-0.0001199257090443,-0.0147659688270279,-0.0113615888360046
RF,AUDUSD,4,2025-07-01,2026-07-01,2026-06-23,4146,-0.3688052342005339,-0.0153720693075199,-0.0022134352490018,5.800329310368113e-05,-0.0022581914950429
RF,COPPER,0,2021-07-01,2022-07-01,2021-07-01,2755,1.4450348804227418,-0.0115183261419262,-0.012167699064378,0.0169465289455001,0.009385324889507
RF,COPPER,0,2021-07-01,2022-07-01,2021-07-02,2756,1.4544202053122488,-0.0096952404661752,-0.0093394777139718,-0.0011683876623018,-0.0056206630299764
RF,COPPER,0,2021-07-01,2022-07-01,2021-07-06,2757,1.4487995422822724,-0.0053014814974416,-0.0104761712699837,0.0174606427338579,0.0165370252963752
RF,COPPER,0,2021-07-01,2022-07-01,2021-07-07,2758,1.4653365675786476,-0.0036220580892363,-0.0078914144533697,0.0008081706265559,-0.0133714880704294
RF,COPPER,0,2021-07-01,2022-07-01,2021-07-08,2759,1.4519650795082182,-0.0041679449010081,-0.008130224396889,-0.0143837301920781,0.0187853043876067
RF,COPPER,0,2021-07-01,2022-07-01,2021-07-09,2760,1.470750383895825,-0.0055319487191956,-0.006617979883556,-0.0183172283056498,-0.0068007887993579
RF,COPPER,0,2021-07-01,2022-07-01,2021-07-12,2761,1.463949595096467,-0.0057026597591032,-0.006195442112444,-0.0094126928723559,-0.0019681857282249
RF,COPPER,0,2021-07-01,2022-07-01,2021-07-13,2762,1.461981409368242,-0.0038538212878542,-0.0076695202875474,0.0077345712962095,-0.008729591718295
RF,COPPER,0,2021-07-01,2022-07-01,2021-07-14,2763,1.453251817649947,0.0008263148114024,-0.006944712578016,0.0298288747425106,0.0130083673661833
RF,COPPER,0,2021-07-01,2022-07-01,2021-07-15,2764,1.4662601850161303,0.0048648518973681,-0.0054021510938869,0.0574019994414853,-0.0001154468109267
RF,COPPER,0,2021-07-01,2022-07-01,2021-07-16,2765,1.4661447382052035,0.00851466315211,-0.0062357910948477,0.0481029880642807,-0.0285633888890635
RF,COPPER,0,2021-07-01,2022-07-01,2021-07-19,2766,1.43758134931614,0.0149139548497461,-0.0080924519187617,0.0618184783494635,0.014851806274035
RF,COPPER,0,2021-07-01,2022-07-01,2021-07-20,2767,1.452433155590175,0.0205457391790366,-0.0064879131482722,0.0560788340341669,0.0021037466339359
RF,COPPER,0,2021-07-01,2022-07-01,2021-07-21,2768,1.454536902224111,0.0248441954310338,-0.0066950556053343,0.0451977944992194,0.0151790784403404
RF,COPPER,0,2021-07-01,2022-07-01,2021-07-22,2769,1.4697159806644515,0.0257972168030231,-0.0057382885897717,0.01913500493064,0.013364711728006
RF,COPPER,0,2021-07-01,2022-07-01,2021-07-23,2770,1.4830806923924575,0.0235524399904825,-0.0035095391896524,-0.0053472944549475,0.0405814920651581
RF,COPPER,0,2021-07-01,2022-07-01,2021-07-26,2771,1.5236621844576157,0.0181537488988099,-0.0032750495420183,-0.058094660063066,-0.0094144581881314
RF,COPPER,0,2021-07-01,2022-07-01,2021-07-27,2772,1.5142477262694842,0.0133969654147181,-0.0043939320402951,-0.0451069011298066,-0.0148478986038806
RF,COPPER,0,2021-07-01,2022-07-01,2021-07-28,2773,1.4993998276656035,0.0097735357688897,-0.0066650378634235,-0.0302590025259259,0.0091121619587384
RF,COPPER,0,2021-07-01,2022-07-01,2021-07-29,2774,1.508511989624342,0.0030070480143069,-0.0044860901038238,-0.0529247601865361,-0.0087772929010114
RF,COPPER,0,2021-07-01,2022-07-01,2021-07-30,2775,1.4997346967233305,-0.0005751343706301,-0.0064248540519682,-0.0292140755861429,-0.0108837111282389
RF,COPPER,0,2021-07-01,2022-07-01,2021-08-02,2776,1.4888509855950915,-0.0024187776912938,-0.0087460824358715,-0.0154619534635409,-0.0111175876575815
RF,COPPER,0,2021-07-01,2022-07-01,2021-08-03,2777,1.47773339793751,-0.0031096680202624,-0.0091084202387353,-0.0061792051270719,-0.0121658735429603
RF,COPPER,0,2021-07-01,2022-07-01,2021-08-04,2778,1.4655675243945496,-0.0010328198583033,-0.0109685436355371,0.0130781169195339,0.0035733007451279
RF,COPPER,0,2021-07-01,2022-07-01,2021-08-05,2779,1.4691408251396776,-0.0018610671149226,-0.0096428498035417,-0.0054225608766214,0.0
RF,COPPER,0,2021-07-01,2022-07-01,2021-08-06,2780,1.4691408251396776,-0.0053461104637666,-0.0096354768213858,-0.0340563452634186,-0.0135535957018717
RF,COPPER,0,2021-07-01,2022-07-01,2021-08-09,2781,1.4555872294378058,-0.0086042830302843,-0.0105093352073528,-0.0407053688333325,0.0149333916993816
RF,COPPER,0,2021-07-01,2022-07-01,2021-08-10,2782,1.4705206211371875,-0.0158038266503783,-0.0088316180826139,-0.0746473267986134,0.002868410994363
RF,COPPER,0,2021-07-01,2022-07-01,2021-08-11,2783,1.4733890321315506,-0.0204664749009824,-0.0087212167655546,-0.054022623492915,-0.0018348393211125
RF,COPPER,0,2021-07-01,2022-07-01,2021-08-12,2784,1.471554192810438,-0.0223286199080683,-0.0096677158742314,-0.0282889516464253,0.0070914485036455
RF,COPPER,0,2021-07-01,2022-07-01,2021-08-13,2785,1.4786456413140836,-0.0247631412513447,-0.0082541716242333,-0.0305508523931135,-0.0149273770510274
RF,COPPER,0,2021-07-01,2022-07-01,2021-08-16,2786,1.4637182642630562,-0.0243452043270453,-0.0111153364981392,-0.0132761146240811,-0.0286337843867972
RF,COPPER,0,2021-07-01,2022-07-01,2021-08-17,2787,1.435084479876259,-0.021631563537287,-0.0127348345754261,0.0108928393821559,-0.0202026192717856
RF,COPPER,0,2021-07-01,2022-07-01,2021-08-18,2788,1.4148818606044733,-0.0150612724020384,-0.0155718179752504,0.0475630713926071,-0.0190085662658991
RF,COPPER,0,2021-07-01,2022-07-01,2021-08-19,2789,1.395873294338574,-0.0055100875834666,-0.0170649745347181,0.0768281085177342,0.0234931143000614
RF,COPPER,0,2021-07-01,2022-07-01,2021-08-20,2790,1.4193664086386355,0.0012013702834501,-0.0141430564095772,0.0531056793448769,0.0238988325253772
RF,COPPER,0,2021-07-01,2022-07-01,2021-08-23,2791,1.4432652411640128,0.0021590043007968,-0.0120811518099011,0.0067078993035765,0.0048295477569573
RF,COPPER,0,2021-07-01,2022-07-01,2021-08-24,2792,1.44809478892097,0.0034671061891249,-0.0096438376681024,0.0081919351268873,0.0023473607180048
RF,COPPER,0,2021-07-01,2022-07-01,2021-08-25,2793,1.450442149638975,0.0055676571885443,-0.0077696826463381,0.0140855936450439,-0.0044648303805601
RF,COPPER,0,2021-07-01,2022-07-01,2021-08-26,2794,1.4459773192584149,0.0064456019434215,-0.0074646788899847,0.0073914431980088,0.0164676127386655
RF,COPPER,0,2021-07-01,2022-07-01,2021-08-27,2795,1.4624449319970805,0.0037046631393271,-0.0058139537031363,-0.0197702671870678,0.0102564708592278
RF,COPPER,0,2021-07-01,2022-07-01,2021-08-30,2796,1.4727014028563084,0.001446522897315,-0.0043365124040439,-0.0179309250159842,-0.0002293148727958
RF,COPPER,0,2021-07-01,2022-07-01,2021-08-31,2797,1.4724720879835125,0.0022150827981366,-0.0054899539442575,0.019982458673319,-0.0224989475159231
RF,COPPER,0,2021-07-01,2022-07-01,2021-09-01,2798,1.4499731404675893,0.0044974139384938,-0.0070413668957553,0.0233013742547314,0.0063135835802681
RF,COPPER,0,2021-07-01,2022-07-01,2021-09-02,2799,1.4562867240478574,0.004951676230104,-0.0067788737555475,0.006505570940245,0.0082410192361614
RF,COPPER,0,2021-07-01,2022-07-01,2021-09-03,2800,1.464527743284019,0.0061281990668753,-0.0058829662502702,0.0178719541713967,-0.0111589808275951
RF,COPPER,0,2021-07-01,2022-07-01,2021-09-07,2801,1.4533687624564238,0.0060321569568755,-0.0074288576386535,0.0002337371430831,-0.0106940976464111
RF,COPPER,0,2021-07-01,2022-07-01,2021-09-08,2802,1.4426746648100126,0.0066069766507597,-0.007119144409733,0.0031849543133941,0.0120958130303114
RF,COPPER,0,2021-07-01,2022-07-01,2021-09-09,2803,1.454770477840324,0.0028308993820609,-0.005949263741226,-0.0396457100351104,0.0376840688165074
RF,COPPER,0,2021-07-01,2022-07-01,2021-09-10,2804,1.4924545466568315,-0.0041553404765619,-0.0053049397182972,-0.0746615711514433,-0.0191800319345107
RF,COPPER,0,2021-07-01,2022-07-01,2021-09-13,2805,1.4732745147223207,-0.0063097371290281,-0.006378909138209,-0.0257674559787186,-0.0104822197342182
RF,COPPER,0,2021-07-01,2022-07-01,2021-09-14,2806,1.4627922949881025,-0.0080074451734417,-0.0077051209392024,-0.0203539358726636,0.0196074024673131
RF,COPPER,0,2021-07-01,2022-07-01,2021-09-15,2807,1.4823996974554157,-0.0101909613215767,-0.0056824692807398,-0.0266959072064902,-0.0287971978559087
RF,COPPER,0,2021-07-01,2022-07-01,2021-09-16,2808,1.453602499599507,-0.0092316034474275,-0.0084718935342107,0.003499739092148,-0.0077428804761001
RF,COPPER,0,2021-07-01,2022-07-01,2021-09-17,2809,1.4458596191234068,-0.0088199093996259,-0.0102650701120981,-0.0001178263190877,-0.030734851318193
RF,COPPER,0,2021-07-01,2022-07-01,2021-09-20,2810,1.4151247678052137,-0.0072533124465625,-0.0103878577119392,0.0199597120710453,0.0026682077001745
RF,COPPER,0,2021-07-01,2022-07-01,2021-09-21,2811,1.4177929755053882,-0.0082259545933554,-0.0107134054695492,-0.0092479681431258,0.0297140832382138
RF,COPPER,0,2021-07-01,2022-07-01,2021-09-22,2812,1.447507058743602,-0.0091189256709682,-0.0098783585589865,-0.0139713412949131,-0.0050686996281632
RF,COPPER,0,2021-07-01,2022-07-01,2021-09-23,2813,1.4424383591154388,-0.0080889397882883,-0.0089160192890045,0.0036567587157505,0.0132654311334865
RF,COPPER,0,2021-07-01,2022-07-01,2021-09-24,2814,1.4557037902489254,-0.009623100650111,-0.0069672733657165,-0.0201431542364458,0.0013984484427296
RF,COPPER,0,2021-07-01,2022-07-01,2021-09-27,2815,1.457102238691655,-0.0126312395128027,-0.0069179244541713,-0.0323085628209975,-0.0113604458873359
RF,COPPER,0,2021-07-01,2022-07-01,2021-09-28,2816,1.445741792804319,-0.011432592590818,-0.0081527203527713,0.0014124395224048,-0.01065731292806
RF,COPPER,0,2021-07-01,2022-07-01,2021-09-29,2817,1.435084479876259,-0.0079061900507246,-0.0099035988338775,0.0195692169756547,-0.0265394725139966
RF,COPPER,0,2021-07-01,2022-07-01,2021-09-30,2818,1.4085450073622623,0.0005027590168407,-0.0114478493612424,0.0672471739843041,0.0249907100864266
RF,COPPER,0,2021-07-01,2022-07-01,2021-10-01,2819,1.433535717448689,0.0044854964727123,-0.0103700436321958,0.0318008501299587,0.0125594003825004
RF,COPPER,0,2021-07-01,2022-07-01,2021-10-04,2820,1.4460951178311894,0.0095839425633994,-0.0092507388431265,0.0625275298696725,-0.0105344818187098
RF,COPPER,0,2021-07-01,2022-07-01,2021-10-05,2821,1.4355606360124795,0.0176843191883211,-0.0082408649791412,0.0973201034573107,-0.0107669601418221
RF,COPPER,0,2021-07-01,2022-07-01,2021-10-06,2822,1.4247936758706574,0.0288035450306713,-0.0094414883938543,0.1299768787347908,0.0223605564560664
RF,COPPER,0,2021-07-01,2022-07-01,2021-10-07,2823,1.447154232326724,0.0376408686470701,-0.0072324515351861,0.1068767196071072,0.0074994645251897
RF,COPPER,0,2021-07-01,2022-07-01,2021-10-08,2824,1.4546536968519137,0.0454468482012779,-0.0062911201023689,0.0958831554064323,0.0211384844946527
RF,COPPER,0,2021-07-01,2022-07-01,2021-10-11,2825,1.4757921813465664,0.0519471225420997,-0.0046211618710407,0.08361480630486,-0.0104556137679188
RF,COPPER,0,2021-07-01,2022-07-01,2021-10-12,2826,1.4653365675786476,0.0542595512755765,-0.0044279477082662,0.0577806749847344,0.0432860801222143
RF,COPPER,0,2021-07-01,2022-07-01,2021-10-13,2827,1.508622647700862,0.0525318512132595,-0.0048791451809212,0.0012159045675279,0.0242580917689283
RF,COPPER,0,2021-07-01,2022-07-01,2021-10-14,2828,1.5328807394697903,0.0493109992407612,-0.001961911287989,-0.0174239248694512,0.0218898151356579
RF,COPPER,0,2021-07-01,2022-07-01,2021-10-15,2829,1.5547705546054482,0.0423612147310388,-0.0023643643385377,-0.0536977144641059,-0.0007396026716171
RF,COPPER,0,2021-07-01,2022-07-01,2021-10-18,2830,1.5540309519338311,0.0321976847198501,-0.002589729487543,-0.0753853106197475,-0.003494099675485
RF,COPPER,0,2021-07-01,2022-07-01,2021-10-19,2831,1.550536852258346,0.0230820237278948,-0.0030584128052996,-0.0604456974568119,0.0088701353930804
RF,COPPER,0,2021-07-01,2022-07-01,2021-10-20,2832,1.5594069876514265,0.0111315542832286,-0.0021066374228596,-0.0833861424506268,-0.0362897450880443
RF,COPPER,0,2021-07-01,2022-07-01,2021-10-21,2833,1.523117242563382,0.0051578905914322,-0.005379758590921,-0.041058270724688,-0.0132786902949921
RF,COPPER,0,2021-07-01,2022-07-01,2021-10-22,2834,1.50983855226839,-0.0003881757453483,-0.0076223437413962,-0.0341606134433412,0.0056182623319491
RF,COPPER,0,2021-07-01,2022-07-01,2021-10-25,2835,1.515456814600339,-0.00781055060702,-0.0071807579093973,-0.0508134376882791,-0.0143839744589968
RF,COPPER,0,2021-07-01,2022-07-01,2021-10-26,2836,1.5010728401413422,-0.0133365013364408,-0.0102501742193738,-0.0364294632292823,-0.0224271988272586
RF,COPPER,0,2021-07-01,2022-07-01,2021-10-27,2837,1.4786456413140836,-0.0152962172914912,-0.0116888867020438,-0.0086997129614434,0.0114455134874504
RF,COPPER,0,2021-07-01,2022-07-01,2021-10-28,2838,1.490091154801534,-0.0160832420204286,-0.0102512763944369,-0.0073508477838011,-0.0140703096007344
RF,COPPER,0,2021-07-01,2022-07-01,2021-10-29,2839,1.4760208452007997,-0.0159072126304127,-0.0126162089841109,0.0010279053156181,0.0060381266378943
RF,COPPER,0,2021-07-01,2022-07-01,2021-11-01,2840,1.482058971838694,-0.0178973919830722,-0.0121178264079985,-0.0169534144293217,-0.0063810330136453
RF,COPPER,0,2021-07-01,2022-07-01,2021-11-02,2841,1.4756779388250487,-0.015839928967996,-0.0132925561486613,0.0069488084748463,-0.0110345619129887
RF,COPPER,0,2021-07-01,2022-07-01,2021-11-03,2842,1.46464337691206,-0.0106675430959208,-0.0150725050425742,0.0294959394124227,0.0
RF,COPPER,0,2021-07-01,2022-07-01,2021-11-04,2843,1.46464337691206,-0.0071540054993515,-0.0163077172704073,0.0185508236629825,0.0053025514405802
RF,COPPER,0,2021-07-01,2022-07-01,2021-11-05,2844,1.4699459283526402,-0.0061544253952265,-0.0143358666324411,0.0021820339920852,0.0127943786650928
RF,COPPER,0,2021-07-01,2022-07-01,2021-11-08,2845,1.482740307017733,-0.0095550995740598,-0.0132785827018791,-0.0304242057060057,-0.0056915565013151
RF,COPPER,0,2021-07-01,2022-07-01,2021-11-09,2846,1.4770487505164178,-0.0107931557992162,-0.0131532321780986,-0.0161108596769701,-0.0119431931070455
RF,COPPER,0,2021-07-01,2022-07-01,2021-11-10,2847,1.4651055574093723,-0.0072124076286275,-0.0137796533527438,0.0184289822661283,0.0175211898905227
RF,COPPER,0,2021-07-01,2022-07-01,2021-11-11,2848,1.482626747299895,-0.0069750542814526,-0.0109993210186463,-0.0020454153333162,0.0115125690245876
RF,COPPER,0,2021-07-01,2022-07-01,2021-11-12,2849,1.4941393163244827,-0.0074633426942147,-0.0104682962313813,-0.0072080645852463,-0.0109451157494402
RF,COPPER,0,2021-07-01,2022-07-01,2021-11-15,2850,1.4831942005750425,-0.0051729004419911,-0.0107856074646183,0.0115060754620901,-0.011066238230317
RF,COPPER,0,2021-07-01,2022-07-01,2021-11-16,2851,1.4721279623447254,-0.0055914926783766,-0.0122274827742863,-0.0178245789356137,-0.0198118610329982
RF,COPPER,0,2021-07-01,2022-07-01,2021-11-17,2852,1.4523161013117272,-0.0027953900629307,-0.0134925704527828,0.0148667389135277,0.0086217895277205
RF,COPPER,0,2021-07-01,2022-07-01,2021-11-18,2853,1.4609378908394477,-0.0026180755113778,-0.0118912616934876,-0.007452308713669,0.0225966488360529
RF,COPPER,0,2021-07-01,2022-07-01,2021-11-19,2854,1.4835345396755006,-0.0064981321313648,-0.0105591532098976,-0.0372039785831126,-0.0029532077089218
RF,COPPER,0,2021-07-01,2022-07-01,2021-11-22,2855,1.4805813319665788,-0.0086343815542764,-0.0090822541845387,-0.0221989441437699,0.0063499197726575
RF,COPPER,0,2021-07-01,2022-07-01,2021-11-23,2856,1.4869312517392363,-0.0125493097732978,-0.0075444013332409,-0.0361374336388382,0.0077690242978962
RF,COPPER,0,2021-07-01,2022-07-01,2021-11-24,2857,1.4947002760371326,-0.0152971912160859,-0.0065160991741879,-0.0275174358118777,-0.0403968926280209
RF,COPPER,0,2021-07-01,2022-07-01,2021-11-26,2858,1.4543033834091117,-0.0136158336902993,-0.0091508674039712,0.0131099876652862,0.0128794568161432
RF,COPPER,0,2021-07-01,2022-07-01,2021-11-29,2859,1.467182840225255,-0.011228097616114,-0.0087266096221096,0.0123741044416274,-0.0136972580994763
RF,COPPER,0,2021-07-01,2022-07-01,2021-11-30,2860,1.4534855821257786,-0.0094276495938649,-0.0093761775539555,0.012081942268771,-0.0071550210333906
RF,COPPER,0,2021-07-01,2022-07-01,2021-12-01,2861,1.446330561092388,-0.008143530602436,-0.0113321956932729,0.0083231357595257,0.0120518267304208
RF,COPPER,0,2021-07-01,2022-07-01,2021-12-02,2862,1.4583823878228088,-0.0082410024214514,-0.0078361970858511,-0.004429329208462,-0.0075885697224107
RF,COPPER,0,2021-07-01,2022-07-01,2021-12-03,2863,1.450793818100398,-0.0081894098656345,-0.0093558449510507,-0.0029340573824931,0.0163890221248568
RF,COPPER,0,2021-07-01,2022-07-01,2021-12-06,2864,1.467182840225255,-0.0123754306278691,-0.0082344621299242,-0.0369911934248445,0.000230530849143
RF,COPPER,0,2021-07-01,2022-07-01,2021-12-07,2865,1.467413371074398,-0.0124143487016332,-0.0077939160291617,-0.0086820955797874,0.0121435735924844
RF,COPPER,0,2021-07-01,2022-07-01,2021-12-08,2866,1.4795569446668824,-0.0142811025869598,-0.0068926968576597,-0.0230371644384832,-0.0139894202723327
RF,COPPER,0,2021-07-01,2022-07-01,2021-12-09,2867,1.4655675243945496,-0.0141275175706865,-0.008328216599967,-0.0097470757166451,-0.0109138275426359
RF,COPPER,0,2021-07-01,2022-07-01,2021-12-10,2868,1.4546536968519137,-0.0108967798846046,-0.0104302035716181,0.0127596742224842,-0.0007006382375669
RF,COPPER,0,2021-07-01,2022-07-01,2021-12-13,2869,1.4539530586143468,-0.0060828864938868,-0.011081493266745,0.0252622989246484,-0.0060932978964418
RF,COPPER,0,2021-07-01,2022-07-01,2021-12-14,2870,1.447859760717905,-0.0005094366930906,-0.0114515725745124,0.0307858805961787,-0.0176681139174945
RF,COPPER,0,2021-07-01,2022-07-01,2021-12-15,2871,1.4301916468004103,0.0089616229282585,-0.0119355545057268,0.066077601702271,0.0285396286942001
RF,COPPER,0,2021-07-01,2022-07-01,2021-12-16,2872,1.4587312754946105,0.0125572589038878,-0.0089808670202161,0.0274084378560697,-0.0022114952662113
RF,COPPER,0,2021-07-01,2022-07-01,2021-12-17,2873,1.4565197802283991,0.0155951318765121,-0.0091330606182012,0.0255391916102949,-0.0006993315504946
RF,COPPER,0,2021-07-01,2022-07-01,2021-12-20,2874,1.4558204486779045,0.0178371367287575,-0.0086410625894271,0.0222551516496598,0.0115929223964934
RF,COPPER,0,2021-07-01,2022-07-01,2021-12-21,2875,1.467413371074398,0.0204270897425624,-0.0057524895085902,0.0266136727229098,0.0118019864645972
RF,COPPER,0,2021-07-01,2022-07-01,2021-12-22,2876,1.4792153575389952,0.0198096139369914,-0.0053713918234573,0.0056792733964985,-0.0005697162249116
RF,COPPER,0,2021-07-01,2022-07-01,2021-12-23,2877,1.4786456413140836,0.0206443224496075,-0.0053529200853209,0.0178475300413303,0.0176236071885977
RF,COPPER,0,2021-07-01,2022-07-01,2021-12-27,2878,1.4962692485026814,0.0171886200659219,-0.0041898808614394,-0.0136425012027863,-0.0101295351520012
RF,COPPER,0,2021-07-01,2022-07-01,2021-12-28,2879,1.4861397133506802,0.0134071580463246,-0.0070007266848671,-0.0164237326862286,-0.0040807415119861
RF,COPPER,0,2021-07-01,2022-07-01,2021-12-29,2880,1.482058971838694,0.0120219335960789,-0.0080339837772142,0.0002271272105724,-0.0039833715111297
RF,COPPER,0,2021-07-01,2022-07-01,2021-12-30,2881,1.4780756003275644,0.0094448540981457,-0.0073388341885236,-0.0091649081035554,0.0159514434697434
RF,COPPER,0,2021-07-01,2022-07-01,2021-12-31,2882,1.4940270437973078,0.0071567383814918,-0.0065435853173211,-0.0077742768073016,-0.0091324128618139
RF,COPPER,0,2021-07-01,2022-07-01,2022-01-03,2883,1.4848946309354938,0.0090227538646729,-0.0074367084851386,0.0333048294823252,0.0115985404199201
RF,COPPER,0,2021-07-01,2022-07-01,2022-01-04,2884,1.496493171355414,0.0089823564405113,-0.005812255612187,0.0151113630614971,-0.0138664240555188
RF,COPPER,0,2021-07-01,2022-07-01,2022-01-05,2885,1.482626747299895,0.0084540350834871,-0.0074188170975049,0.0015880151918277,-0.0129107666354435
RF,COPPER,0,2021-07-01,2022-07-01,2022-01-06,2886,1.4697159806644515,0.0089162914231026,-0.0090475216092596,0.006419067892329,0.012570118384815
RF,COPPER,0,2021-07-01,2022-07-01,2022-01-07,2887,1.4822860990492666,0.0094875137615053,-0.0072693280421597,0.0134230694273436,-0.0133754068252576
RF,COPPER,0,2021-07-01,2022-07-01,2022-01-10,2888,1.468910692224009,0.0141000864432994,-0.009812015060011,0.0520238082820425,0.0173420747659971
RF,COPPER,0,2021-07-01,2022-07-01,2022-01-11,2889,1.486252766990006,0.0150521075364231,-0.0088412470385967,0.0205985144008786,0.0319466934278129
RF,COPPER,0,2021-07-01,2022-07-01,2022-01-12,2890,1.518199460417819,0.0110019251967894,-0.0079700674136868,-0.0359133613685525,-0.0065949260009079
RF,COPPER,0,2021-07-01,2022-07-01,2022-01-13,2891,1.5116045344169111,0.0080946964045316,-0.0091053912982304,-0.0202747465237491,-0.0273897719251883
RF,COPPER,0,2021-07-01,2022-07-01,2022-01-14,2892,1.4842147624917228,0.00939825325203,-0.010897436345788,0.0208621151397709,-0.0080797139349422
RF,COPPER,0,2021-07-01,2022-07-01,2022-01-18,2893,1.4761350485567806,0.0093094019836419,-0.0130910643588072,0.0084197059344641,0.0195741199198296
RF,COPPER,0,2021-07-01,2022-07-01,2022-01-19,2894,1.4957091684766102,0.0049622549109482,-0.0116215252659884,-0.0363967208257904,0.0252253320294413
RF,COPPER,0,2021-07-01,2022-07-01,2022-01-20,2895,1.5209345005060515,-0.00148763023767,-0.0108898545375899,-0.058142205517949,-0.0140832191151667
RF,COPPER,0,2021-07-01,2022-07-01,2022-01-21,2896,1.5068512813908848,-0.0036734190461986,-0.0114219680866516,-0.0186774788436212,-0.0245651823416181
RF,COPPER,0,2021-07-01,2022-07-01,2022-01-24,2897,1.4822860990492666,-0.0019977443629213,-0.0121858510323107,0.0197893341291623,0.0090436888438953
RF,COPPER,0,2021-07-01,2022-07-01,2022-01-25,2898,1.491329787893162,-0.0016955176737059,-0.0111689718846116,0.0052752727090967,0.0137470897383318
RF,COPPER,0,2021-07-01,2022-07-01,2022-01-26,2899,1.5050768776314938,-0.0023327086720579,-0.0111238213196632,-0.004672885370698,-0.020522123140249
RF,COPPER,0,2021-07-01,2022-07-01,2022-01-27,2900,1.4845547544912447,-0.0014084043040401,-0.0122694112687304,0.0109303154879554,-0.025242306840425
RF,COPPER,0,2021-07-01,2022-07-01,2022-01-28,2901,1.4593124476508197,0.0017605608038189,-0.0145490163976477,0.0357241676907094,0.0034798473372827
RF,COPPER,0,2021-07-01,2022-07-01,2022-01-31,2902,1.4627922949881025,0.0083627261886385,-0.012937264978192,0.0633727214695492,0.025381507559161
RF,COPPER,0,2021-07-01,2022-07-01,2022-02-01,2903,1.4881738025472635,0.013359216927292,-0.0136342400296836,0.0503049758989238,0.0139016306311654
RF,COPPER,0,2021-07-01,2022-07-01,2022-02-02,2904,1.502075433178429,0.0127610049823929,-0.0110757183516796,0.0031124832849613,-0.0054703725761702
RF,COPPER,0,2021-07-01,2022-07-01,2022-02-03,2905,1.4966050606022587,0.0127675082525826,-0.0123718981794806,0.0091376535765761,0.0037989316585369
RF,COPPER,0,2021-07-01,2022-07-01,2022-02-04,2906,1.5004039922607957,0.0128424644119764,-0.0114671443491383,0.010648987946463,-0.0049189222815955
RF,COPPER,0,2021-07-01,2022-07-01,2022-02-07,2907,1.4954850699792002,0.0137985117381247,-0.0127276145207788,0.0175521042949591,-0.000448454637671
RF,COPPER,0,2021-07-01,2022-07-01,2022-02-08,2908,1.495036615341529,0.0143082709082118,-0.0135167407879025,0.0145809828860357,0.0311284011161225
RF,COPPER,0,2021-07-01,2022-07-01,2022-02-09,2909,1.5261650164576517,0.0110365848804361,-0.011240962962127,-0.0177636971563948,0.0123137619885356
RF,COPPER,0,2021-07-01,2022-07-01,2022-02-10,2910,1.5384787784461873,0.0060036523677922,-0.0102751373444216,-0.0321815741817488,-0.0332908619827969
RF,COPPER,0,2021-07-01,2022-07-01,2022-02-11,2911,1.5051879164633903,0.004068955419058,-0.0117639811243017,-0.0052300714509245,0.0005547977154445
RF,COPPER,0,2021-07-01,2022-07-01,2022-02-14,2912,1.5057427141788349,0.0012157816942994,-0.0133944416720093,-0.0119401462001245,0.0053102660284238
RF,COPPER,0,2021-07-01,2022-07-01,2022-02-15,2913,1.5110529802072588,-0.0013512841777507,-0.011836398178367,-0.0132172170578794,0.0019841940669005
RF,COPPER,0,2021-07-01,2022-07-01,2022-02-16,2914,1.5130371742741593,-0.0050036633830008,-0.0115183626282844,-0.021369804440936,-0.0034195760465944
RF,COPPER,0,2021-07-01,2022-07-01,2022-02-17,2915,1.5096175982275648,-0.003528106043884,-0.0108668630782103,0.0134996443358172,-0.0012162789263079
RF,COPPER,0,2021-07-01,2022-07-01,2022-02-18,2916,1.5084013193012569,-0.0001890678769034,-0.0122002339104307,0.0296479831154614,-0.0021041150368183
RF,COPPER,0,2021-07-01,2022-07-01,2022-02-22,2917,1.5062972042644385,0.0054660304230098,-0.0120555719516371,0.0563635397955217,-0.0063393592519727
RF,COPPER,0,2021-07-01,2022-07-01,2022-02-23,2918,1.4999578450124658,0.0137234732019773,-0.013419577134364,0.0951782625886143,-0.0061552770337554
RF,COPPER,0,2021-07-01,2022-07-01,2022-02-24,2919,1.4938025679787104,0.0187625860514752,-0.0137517425364769,0.0584298965360108,0.0040331951706689
RF,COPPER,0,2021-07-01,2022-07-01,2022-02-25,2920,1.4978357631493793,0.0228623628527844,-0.0126195858786626,0.0498331253217434,-0.006168393316156
RF,COPPER,0,2021-07-01,2022-07-01,2022-02-28,2921,1.4916673698332232,0.0257449191856944,-0.0140057063801712,0.0265320905845958,0.0314498727301588
RF,COPPER,0,2021-07-01,2022-07-01,2022-03-01,2922,1.523117242563382,0.0252033684970167,-0.0121159051630774,0.0123511176315225,0.0149320598533362
RF,COPPER,0,2021-07-01,2022-07-01,2022-03-02,2923,1.5380493024167183,0.0225041836659065,-0.0106568269799683,-0.0085207351961731,0.0246114416432419
RF,COPPER,0,2021-07-01,2022-07-01,2022-03-03,2924,1.5626607440599602,0.0158459336765104,-0.0102861546066785,-0.0558094626690754,0.0324753635411199
RF,COPPER,0,2021-07-01,2022-07-01,2022-03-04,2925,1.5951361076010802,0.0070621527331113,-0.0088465742251771,-0.0907254042221332,-0.0429036430863589
RF,COPPER,0,2021-07-01,2022-07-01,2022-03-07,2926,1.5522324645147212,0.0043124199023072,-0.0112493715064928,-0.0287883043257954,-0.0045635760435984
RF,COPPER,0,2021-07-01,2022-07-01,2022-03-08,2927,1.5476688884711227,0.0038714911388295,-0.013724696734365,-0.0021297482443054,-0.0294694280533036
RF,COPPER,0,2021-07-01,2022-07-01,2022-03-09,2928,1.518199460417819,0.0064524308129108,-0.0141196870724174,0.035831491516012,0.0172688997770855
RF,COPPER,0,2021-07-01,2022-07-01,2022-03-10,2929,1.5354683601949046,0.0070982698550174,-0.0142556141319352,0.0124132335580295,-0.0059397929743594
RF,COPPER,0,2021-07-01,2022-07-01,2022-03-11,2930,1.5295285672205452,0.007852580739917,-0.0141609289171085,0.0156908005473233,-0.0226772858296604
RF,COPPER,0,2021-07-01,2022-07-01,2022-03-14,2931,1.5068512813908848,0.0124821848883021,-0.0159878022393133,0.0539214190126189,-0.0024405780119378
RF,COPPER,0,2021-07-01,2022-07-01,2022-03-15,2932,1.504410703378947,0.0164977537247934,-0.0147469936213522,0.0493030796426423,0.0190334568099788
RF,COPPER,0,2021-07-01,2022-07-01,2022-03-16,2933,1.5234441601889257,0.0171254268246061,-0.0146077858065545,0.0211351522185498,0.0220949800378915
RF,COPPER,0,2021-07-01,2022-07-01,2022-03-17,2934,1.5455391402268173,0.0162942426778662,-0.0121252838580551,0.0049977120315287,0.0084918117070138
RF,COPPER,0,2021-07-01,2022-07-01,2022-03-18,2935,1.5540309519338311,0.0144580345883318,-0.0114512597279382,-0.0029639940747754,-0.0061493581808969
RF,COPPER,0,2021-07-01,2022-07-01,2022-03-21,2936,1.5478815937529342,0.0139913956169195,-0.0119067194202866,0.0080500608165052,-0.0026622259850657
RF,COPPER,0,2021-07-01,2022-07-01,2022-03-22,2937,1.5452193677678685,0.013864631258597,-0.0122407205687743,0.0114504855618116,0.0155533326356351
RF,COPPER,0,2021-07-01,2022-07-01,2022-03-23,2938,1.5607727004035037,0.0096418372527886,-0.0108360157031255,-0.0169405695075295,-0.0070589173819144
RF,COPPER,0,2021-07-01,2022-07-01,2022-03-24,2939,1.5537137830215892,0.0096278468337023,-0.0123923112623142,0.0099943248260132,-0.0091344706141136
RF,COPPER,0,2021-07-01,2022-07-01,2022-03-25,2940,1.5445793124074756,0.0113630830753661,-0.0135132315399354,0.0221598224030854,0.0059575398508704
RF,COPPER,0,2021-07-01,2022-07-01,2022-03-28,2941,1.550536852258346,0.0103318786097947,-0.0113649645115964,0.0041280351343564,0.0005301056007096
RF,COPPER,0,2021-07-01,2022-07-01,2022-03-29,2942,1.5510669578590557,0.0080782291544037,-0.0128302701450532,-0.0045688086362365,0.0048646967103838
RF,COPPER,0,2021-07-01,2022-07-01,2022-03-30,2943,1.5559316545694395,0.0060156559796511,-0.0125048969798035,-0.0041228994228978,0.0007381987602406
RF,COPPER,0,2021-07-01,2022-07-01,2022-03-31,2944,1.55666985332968,0.0016301947853003,-0.0122509844699968,-0.024437015101254,-0.0128377224337059
RF,COPPER,0,2021-07-01,2022-07-01,2022-04-01,2945,1.5438321308959742,0.0019402577993592,-0.0132266320948399,0.004581078889404,0.0198759769516283
RF,COPPER,0,2021-07-01,2022-07-01,2022-04-04,2946,1.5637081078476025,-0.0008042038639102,-0.0118443325902294,-0.0146573924335784,0.0030310269629585
RF,COPPER,0,2021-07-01,2022-07-01,2022-04-05,2947,1.566739134810561,-0.0035470184083921,-0.011398850519093,-0.0155661288910109,-0.0120742474178585
RF,COPPER,0,2021-07-01,2022-07-01,2022-04-06,2948,1.5546648873927025,-0.0018775505225245,-0.0137487287287811,0.0131173505679567,-0.0081667381698833
RF,COPPER,0,2021-07-01,2022-07-01,2022-04-07,2949,1.5464981492228191,-0.0013236009809434,-0.0139506285110366,0.0040387030355268,0.0053106059237224
RF,COPPER,0,2021-07-01,2022-07-01,2022-04-08,2950,1.5518087551465416,-0.0032771904742736,-0.0134314773612239,-0.0150490911831171,-0.0195759169181155
RF,COPPER,0,2021-07-01,2022-07-01,2022-04-11,2951,1.532232838228426,-0.0012085529311247,-0.0147623340617146,0.016074030405619,0.0161803715569521
RF,COPPER,0,2021-07-01,2022-07-01,2022-04-12,2952,1.5484132097853782,-0.0040332780756395,-0.0130625308175461,-0.0261685132158997,0.0006375056286458
RF,COPPER,0,2021-07-01,2022-07-01,2022-04-13,2953,1.549050715414024,-0.008649995681031,-0.01404622703157,-0.0563713901703883,0.002122290505526
RF,COPPER,0,2021-07-01,2022-07-01,2022-04-14,2954,1.55117300591955,-0.0142585613332775,-0.0132219207332436,-0.0605186165879261,0.016609232041109
RF,COPPER,0,2021-07-01,2022-07-01,2022-04-18,2955,1.5677822379606592,-0.0222437359546396,-0.0104124482973949,-0.0738673722508926,-0.0172453857023131
RF,COPPER,0,2021-07-01,2022-07-01,2022-04-19,2956,1.550536852258346,-0.0288711438283075,-0.0132273044018929,-0.065868864810485,-0.0137771882949215
RF,COPPER,0,2021-07-01,2022-07-01,2022-04-20,2957,1.5367596639634244,-0.0342968582452578,-0.0143691693334878,-0.0562921371660989,0.0115472046706206
RF,COPPER,0,2021-07-01,2022-07-01,2022-04-21,2958,1.548306868634045,-0.0423828343227672,-0.0114567158372503,-0.100094642348629,-0.0260621720645666
RF,COPPER,0,2021-07-01,2022-07-01,2022-04-22,2959,1.5222446965694785,-0.0478993424520608,-0.0149092709358518,-0.0703967261460505,-0.0295653713258428
RF,COPPER,0,2021-07-01,2022-07-01,2022-04-25,2960,1.4926793252436357,-0.0497358154390941,-0.0171669631052366,-0.0274583111600232,-0.0020249359120116
RF,COPPER,0,2021-07-01,2022-07-01,2022-04-26,2961,1.490654389331624,-0.0517041877534252,-0.0176355911265572,-0.0355338728916576,0.0032604763781425
RF,COPPER,0,2021-07-01,2022-07-01,2022-04-27,2962,1.4939148657097665,-0.0540137384562695,-0.0164738305946519,-0.0442936824793149,-0.0092468782619055
RF,COPPER,0,2021-07-01,2022-07-01,2022-04-28,2963,1.484667987447861,-0.0563739061272039,-0.016484793379042,-0.0512515574698932,-0.0042004606505354
RF,COPPER,0,2021-07-01,2022-07-01,2022-04-29,2964,1.4804675267973255,-0.0587650435210966,-0.0160555787720582,-0.0562754408380095,-0.0322553005119095
RF,COPPER,0,2021-07-01,2022-07-01,2022-05-02,2965,1.448212226285416,-0.0571642157130336,-0.0161144084675351,-0.0101559079677833,0.0036357441380119
RF,COPPER,0,2021-07-01,2022-07-01,2022-05-03,2966,1.451847970423428,-0.0573965455569531,-0.0162594633130358,-0.0396422228726329,0.0133730436601844
RF,COPPER,0,2021-07-01,2022-07-01,2022-05-04,2967,1.4652210140836124,-0.0566725329586363,-0.0137191972873417,-0.034790150175654,-0.010100497643646
RF,COPPER,0,2021-07-01,2022-07-01,2022-05-05,2968,1.4551205164399663,-0.054053986499573,-0.0152320484689987,-0.0208697137140854,-0.0054993332095147
RF,COPPER,0,2021-07-01,2022-07-01,2022-05-06,2969,1.4496211832304515,-0.0491399945540458,-0.0152702793304422,-0.0051758346709447,-0.0162047532524838
RF,COPPER,0,2021-07-01,2022-07-01,2022-05-09,2970,1.4334164299779677,-0.0442745834195412,-0.0161153200540153,-0.0026267906603631,-0.0092243440186516
RF,COPPER,0,2021-07-01,2022-07-01,2022-05-10,2971,1.424192085959316,-0.035618329060417,-0.016625557104565,0.0309284304806503,0.0138642323583166
RF,COPPER,0,2021-07-01,2022-07-01,2022-05-11,2972,1.4380563183176327,-0.0292484271782786,-0.0130073867738897,0.0161303409239195,-0.0258505707668377
RF,COPPER,0,2021-07-01,2022-07-01,2022-05-12,2973,1.412205747550795,-0.0189378366839378,-0.0144438807515623,0.0573951845976581,0.0182251163571633
RF,COPPER,0,2021-07-01,2022-07-01,2022-05-13,2974,1.4304308639079584,-0.0115162417577594,-0.013381078695746,0.0340968793760605,0.0038199388179225
RF,COPPER,0,2021-07-01,2022-07-01,2022-05-16,2975,1.434250802725881,-0.0063735730591076,-0.012044257641961,0.019001014924066,0.0101945458336258
RF,COPPER,0,2021-07-01,2022-07-01,2022-05-17,2976,1.4444453485595068,-0.0034650934280209,-0.0107382252299419,0.0036494403614633,-0.0136557092419022
RF,COPPER,0,2021-07-01,2022-07-01,2022-05-18,2977,1.4307896393176045,0.0025459647906975,-0.0105141576804457,0.0287551604977036,0.0243308771223618
RF,COPPER,0,2021-07-01,2022-07-01,2022-05-19,2978,1.4551205164399663,0.0053549517691062,-0.0087668012963758,0.0023310567596852,-0.0009338571984141
RF,COPPER,0,2021-07-01,2022-07-01,2022-05-20,2979,1.4541866592415522,0.0089326368183961,-0.0073347013453936,0.0113808651529974,0.0154142729069008
RF,COPPER,0,2021-07-01,2022-07-01,2022-05-23,2980,1.469600932148453,0.0107851288174081,-0.0069665871628068,0.0464050137139708,-0.0050731888644341
RF,COPPER,0,2021-07-01,2022-07-01,2022-05-24,2981,1.464527743284019,0.0120543783910374,-0.0058140209114203,0.0345371031490076,-0.0112759256340719
RF,COPPER,0,2021-07-01,2022-07-01,2022-05-25,2982,1.453251817649947,0.014569741653754,-0.0071412891444128,0.0372899071883099,-0.0051570287289768
RF,COPPER,0,2021-07-01,2022-07-01,2022-05-26,2983,1.44809478892097,0.0180004152685162,-0.006469446447763,0.0424469359172867,0.011450010894338
RF,COPPER,0,2021-07-01,2022-07-01,2022-05-27,2984,1.4595447998153082,0.0204721948950916,-0.0050944804767568,0.0352675662430634,-0.0020932266156565
RF,COPPER,0,2021-07-01,2022-07-01,2022-05-31,2985,1.4574515731996516,0.0212289694964653,-0.0054225693497747,0.0216498236000528,0.008115951194898
RF,COPPER,0,2021-07-01,2022-07-01,2022-06-01,2986,1.4655675243945496,0.0183282216395153,-0.0045900540887189,-0.0067199430980391,0.0504384214678743
RF,COPPER,0,2021-07-01,2022-07-01,2022-06-02,2987,1.516005945862424,0.0129291574377521,-0.0031840715560588,-0.0770005919699252,-0.0169410994293974
RF,COPPER,0,2021-07-01,2022-07-01,2022-06-03,2988,1.4990648464330265,0.0068208437970438,-0.0051121923182994,-0.0731892657289978,-0.0085231215947696
RF,COPPER,0,2021-07-01,2022-07-01,2022-06-06,2989,1.4905417248382569,0.0009208784945455,-0.006552147774038,-0.0632253846187231,0.0
RF,COPPER,0,2021-07-01,2022-07-01,2022-06-07,2990,1.4905417248382569,-0.0070208247635497,-0.0071351271481922,-0.076632199468489,0.0042706412201147
RF,COPPER,0,2021-07-01,2022-07-01,2022-06-08,2991,1.4948123660583716,-0.0178178628846188,-0.0060605390112814,-0.1041525664192446,-0.0157109692586672
RF,COPPER,0,2021-07-01,2022-07-01,2022-06-09,2992,1.4791013967997044,-0.0260409101601806,-0.0074117026343937,-0.0821143514162534,-0.0202538155031939
RF,COPPER,0,2021-07-01,2022-07-01,2022-06-10,2993,1.4588475812965105,-0.0337367422450163,-0.0091342219566703,-0.0847523430796906,-0.0198422274040117
RF,COPPER,0,2021-07-01,2022-07-01,2022-06-13,2994,1.4390053538924987,-0.0402474876016734,-0.0107991056440662,-0.1149853858683596,-0.01312977318847
RF,COPPER,0,2021-07-01,2022-07-01,2022-06-14,2995,1.4258755807040286,-0.0460027829377744,-0.0122820939437494,-0.1014566258385933,0.001440759515505
RF,COPPER,0,2021-07-01,2022-07-01,2022-06-15,2996,1.4273163402195337,-0.0518918944363222,-0.0109647909159944,-0.0978569042435499,-0.0134068148497659
RF,COPPER,0,2021-07-01,2022-07-01,2022-06-16,2997,1.4139095253697678,-0.0563860773145035,-0.0121556400821248,-0.0831278953504961,-0.0232497257306407
RF,COPPER,0,2021-07-01,2022-07-01,2022-06-17,2998,1.390659799639127,-0.0590168115115459,-0.0143944885887266,-0.0612003636631433,0.0063272457443239
RF,COPPER,0,2021-07-01,2022-07-01,2022-06-21,2999,1.396987045383451,-0.0637443720368056,-0.0126726586377074,-0.0847429791243974,-0.022891807166631
RF,COPPER,0,2021-07-01,2022-07-01,2022-06-22,3000,1.37409523821682,-0.0680948394854097,-0.0160551463245099,-0.087897505230039,-0.0500752701926807
RF,COPPER,1,2022-07-01,2023-07-01,2022-07-01,3007,1.2861977329867809,-0.0800018927657055,-0.021987394180911,-0.0845776908031274,-0.0550962751948451
RF,COPPER,1,2022-07-01,2023-07-01,2022-07-05,3008,1.2311014577919357,-0.0817809961424289,-0.0251535368923146,-0.0646747689458726,-0.0020458781208121
RF,COPPER,1,2022-07-01,2023-07-01,2022-07-06,3009,1.2290555796711236,-0.0822664503675538,-0.0259409143449164,-0.0551812443980197,0.0468657287597296
RF,COPPER,1,2022-07-01,2023-07-01,2022-07-07,3010,1.2759213084308532,-0.0837271732962983,-0.0239024704569466,-0.0675581409914782,-0.0140570073284791
RF,COPPER,1,2022-07-01,2023-07-01,2022-07-08,3011,1.261864301102374,-0.0851928796387775,-0.02604674734152,-0.0705208853616827,-0.0271198381096844
RF,COPPER,1,2022-07-01,2023-07-01,2022-07-11,3012,1.2347444629926896,-0.0834100447656336,-0.027270827033654,-0.0319223324542807,-0.0418831732576399
RF,COPPER,1,2022-07-01,2023-07-01,2022-07-12,3013,1.1928612897350497,-0.0798385167247874,-0.0282707079165727,0.0016670696261109,0.0087587524486036
RF,COPPER,1,2022-07-01,2023-07-01,2022-07-13,3014,1.2016200421836534,-0.0742829606108139,-0.0265502836116347,0.0068924461716044,-0.0351933533375903
RF,COPPER,1,2022-07-01,2023-07-01,2022-07-14,3015,1.166426688846063,-0.0658921716904408,-0.0279817812401035,0.0428321409690621,0.0074476464270407
RF,COPPER,1,2022-07-01,2023-07-01,2022-07-15,3016,1.1738743352731038,-0.055897668032095,-0.0258340595875078,0.044740726053648,0.034488832166271
RF,COPPER,1,2022-07-01,2023-07-01,2022-07-18,3017,1.2083631674393749,-0.0470869930932433,-0.0222334304382246,0.0240513405504707,-0.0170197516986836
RF,COPPER,1,2022-07-01,2023-07-01,2022-07-19,3018,1.1913434157406912,-0.0350667262612023,-0.0235296005445623,0.0542510358321985,0.0114787147977175
RF,COPPER,1,2022-07-01,2023-07-01,2022-07-20,3019,1.2028221305384088,-0.0220330120268419,-0.0219220496629165,0.0736573954409658,-0.0082937711772481
RF,COPPER,1,2022-07-01,2023-07-01,2022-07-21,3020,1.1945283593611606,-0.00933731320225,-0.0213909485365157,0.0729824786562538,0.0139841289940971
RF,COPPER,1,2022-07-01,2023-07-01,2022-07-22,3021,1.2085124883552578,0.0005362785262938,-0.0204959563895253,0.0512260635710948,0.0007463414598674
RF,COPPER,1,2022-07-01,2023-07-01,2022-07-25,3022,1.2092588298151252,0.0073966137379801,-0.0192195983597594,0.034751680233753,0.0093562315116266
RF,COPPER,1,2022-07-01,2023-07-01,2022-07-26,3023,1.218615061326752,0.0132063221905058,-0.0182514708063819,0.0292789415570609,0.0137994466630937
RF,COPPER,1,2022-07-01,2023-07-01,2022-07-27,3024,1.2324145079898456,0.0187871614014769,-0.0166223230515541,0.0353778015334573,0.0131799435830441
RF,COPPER,1,2022-07-01,2023-07-01,2022-07-28,3025,1.2455944515728898,0.0235105822623622,-0.0119726342889978,0.0318611560961055,0.0308850744064848
RF,COPPER,1,2022-07-01,2023-07-01,2022-07-29,3026,1.2764795259793746,0.0259696455127502,-0.0078983041407064,0.0023688050277907,-0.0089686879619601
RF,COPPER,1,2022-07-01,2023-07-01,2022-08-01,3027,1.2675108380174145,0.0304216353203676,-0.0080918476655363,0.0287220269934678,-0.0077722860910618
RF,COPPER,1,2022-07-01,2023-07-01,2022-08-02,3028,1.2597385519263526,0.0366645709236552,-0.0060702202400229,0.0514280870157393,-0.0157280418774743
RF,COPPER,1,2022-07-01,2023-07-01,2022-08-03,3029,1.2440105100488783,0.0432134385291318,-0.0067414814065979,0.0578147266142068,0.0038834928349344
RF,COPPER,1,2022-07-01,2023-07-01,2022-08-04,3030,1.2478940028838128,0.0463205025142199,-0.0019505400825771,0.0410631111563204,0.0198983066394902
RF,COPPER,1,2022-07-01,2023-07-01,2022-08-05,3031,1.267792309523303,0.0473640794086205,0.0028082590831857,0.0232293385700801,0.0096632981456923
RF,COPPER,1,2022-07-01,2023-07-01,2022-08-08,3032,1.2774556076689954,0.0449217963735923,0.0069527508067695,0.0029225416422988,0.00139272333817
RF,COPPER,1,2022-07-01,2023-07-01,2022-08-09,3033,1.2788483310071654,0.0436469771850283,0.0095744884484181,0.0149195027726294,0.0173845340037168
RF,COPPER,1,2022-07-01,2023-07-01,2022-08-10,3034,1.2962328650108823,0.0418874176924628,0.011228267877392,0.0076305361106858,0.0149337739312096
RF,COPPER,1,2022-07-01,2023-07-01,2022-08-11,3035,1.311166638942092,0.037898939617688,0.0130322875989831,-0.0108387354608956,-0.0093414022790068
RF,COPPER,1,2022-07-01,2023-07-01,2022-08-12,3036,1.3018252366630851,0.0364810362218044,0.011674647467359,0.0077230493991473,-0.0128681226229518
RF,COPPER,1,2022-07-01,2023-07-01,2022-08-15,3037,1.2889571140401332,0.0348438851278725,0.0079078493765946,0.008642649612047,0.0020645340532499
RF,COPPER,1,2022-07-01,2023-07-01,2022-08-16,3038,1.2910216480933832,0.0345050126568817,0.0091996677507955,0.0201449908487088,-0.0106434987820889
RF,COPPER,1,2022-07-01,2023-07-01,2022-08-17,3039,1.2803781493112942,0.0359011464702396,0.0061187090078534,0.0310579392497827,0.0133896844685006
RF,COPPER,1,2022-07-01,2023-07-01,2022-08-18,3040,1.2937678337797949,0.0316612736940922,0.0073903284438963,-0.0054998679374733,0.0100955673417733
RF,COPPER,1,2022-07-01,2023-07-01,2022-08-19,3041,1.3038634011215682,0.0237142417060001,0.0100523888297751,-0.0383252196159134,-0.0035354976403718
RF,COPPER,1,2022-07-01,2023-07-01,2022-08-22,3042,1.3003279034811963,0.0154782365510359,0.0076046591896859,-0.0422931155784334,0.0092203825810361
RF,COPPER,1,2022-07-01,2023-07-01,2022-08-23,3043,1.3095482860622325,0.0043441895950506,0.0079129307118023,-0.0815172172018281,-0.0119485224100521
RF,COPPER,1,2022-07-01,2023-07-01,2022-08-24,3044,1.2975997636521803,-0.0045355746821669,0.0046703793888445,-0.0675207217185811,0.0135668752899116
RF,COPPER,1,2022-07-01,2023-07-01,2022-08-25,3045,1.311166638942092,-0.0133688246044512,0.0059543424216433,-0.0673002418136674,0.000269449618985
RF,COPPER,1,2022-07-01,2023-07-01,2022-08-26,3046,1.311436088561077,-0.0230790856917149,0.0058018751929149,-0.0765461921413224,-0.0231681227187554
RF,COPPER,1,2022-07-01,2023-07-01,2022-08-29,3047,1.2882679658423215,-0.024856537279682,0.0012526151392978,-0.0252718172910646,-0.0227297843366667
RF,COPPER,1,2022-07-01,2023-07-01,2022-08-30,3048,1.2655381815056548,-0.022619946740555,-0.000636196108679,0.0101039345442583,-0.0075033936028918
RF,COPPER,1,2022-07-01,2023-07-01,2022-08-31,3049,1.258034787902763,-0.0177512814541966,-0.0026176035598991,0.0299574119309884,-0.0300037190423585
RF,COPPER,1,2022-07-01,2023-07-01,2022-09-01,3050,1.2280310688604044,-0.0123883380897671,-0.0048879752560007,0.0476110471895088,0.0020479730731948
RF,COPPER,1,2022-07-01,2023-07-01,2022-09-02,3051,1.2300790419335992,-0.0079271597917767,-0.003015671010963,0.0356001631255429,0.0137873551948253
RF,COPPER,1,2022-07-01,2023-07-01,2022-09-06,3052,1.2438663971284245,-0.0058648746066993,0.0005458412201612,0.0155884069127165,-0.0089765007086699
RF,COPPER,1,2022-07-01,2023-07-01,2022-09-07,3053,1.2348898964197546,-0.0010288447119914,-0.0003336734532546,0.0351515384063185,0.0281062521315023
RF,COPPER,1,2022-07-01,2023-07-01,2022-09-08,3054,1.2629961485512569,-0.0001736359118129,0.0024191059831761,0.0060618702616972,0.0126459674986563
RF,COPPER,1,2022-07-01,2023-07-01,2022-09-09,3055,1.2756421160499132,-0.0011126267408518,0.0060834762645484,-0.0092580241857878,0.0123500837838381
RF,COPPER,1,2022-07-01,2023-07-01,2022-09-12,3056,1.2879921998337514,-0.0050758465666731,0.0070653778353112,-0.031806500164714,-0.0123500837838381
RF,COPPER,1,2022-07-01,2023-07-01,2022-09-13,3057,1.2756421160499132,-0.0080257772992937,0.0051770100619396,-0.0233077797702461,-0.009962910990771
RF,COPPER,1,2022-07-01,2023-07-01,2022-09-14,3058,1.265679205059142,-0.0122948554648967,0.0020088130122238,-0.0503214513408263,-0.006224401018001
RF,COPPER,1,2022-07-01,2023-07-01,2022-09-15,3059,1.259454804041141,-0.0173062813268727,0.0003676750205248,-0.061449793368921,0.010586630784932
RF,COPPER,1,2022-07-01,2023-07-01,2022-09-16,3060,1.2700414348260731,-0.0239173727949921,0.0029316210414716,-0.0691734592292305,-0.000983416013119
RF,COPPER,1,2022-07-01,2023-07-01,2022-09-19,3061,1.269058018812954,-0.0280348077556438,0.0014081538008134,-0.0505907773600955,-0.0026739269488287
RF,COPPER,1,2022-07-01,2023-07-01,2022-09-20,3062,1.2663840918641254,-0.0295831294189217,0.0018204600825923,-0.030912603844964,-0.0101983921950881
RF,COPPER,1,2022-07-01,2023-07-01,2022-09-21,3063,1.2561856996690373,-0.0293070976366229,0.0003698254477096,-0.0201330273701132,-0.0038513633893701
RF,COPPER,1,2022-07-01,2023-07-01,2022-09-22,3064,1.252334336279667,-0.0277100139641235,-0.0011209383849312,-0.0116439650142625,-0.0369765825613512
RF,COPPER,1,2022-07-01,2023-07-01,2022-09-23,3065,1.2153577537183158,-0.0212069062469493,-0.003143640956898,0.0425348606091111,-0.0173527430460957
RF,COPPER,1,2022-07-01,2023-07-01,2022-09-26,3066,1.19800501067222,-0.0123385982342028,-0.0054593578223675,0.0640008330034704,0.0028629649246225
RF,COPPER,1,2022-07-01,2023-07-01,2022-09-27,3067,1.2008679755968426,-0.0058883780898491,-0.0023728684271061,0.0447264759760472,0.017599265856016
RF,COPPER,1,2022-07-01,2023-07-01,2022-09-28,3068,1.2184672414528586,-0.0040766249991692,0.0005412041479969,0.008977891111719,0.0170042465663027
RF,COPPER,1,2022-07-01,2023-07-01,2022-09-29,3069,1.2354714880191613,-0.0026931669689718,0.0032020013700708,0.0039167309167336,0.0005811842797627
RF,COPPER,1,2022-07-01,2023-07-01,2022-09-30,3070,1.236052672298924,-0.0004418565253552,0.0032527385834529,0.0104047222454164,0.0046376989664804
RF,COPPER,1,2022-07-01,2023-07-01,2022-10-03,3071,1.2406903712654045,-0.0003343321344424,0.0047320872829629,-0.0039116240740901,0.0172022430620224
RF,COPPER,1,2022-07-01,2023-07-01,2022-10-04,3072,1.257892614327427,-0.0014109872572536,0.0071351846451852,-0.0144587493715444,0.0041132293482635
RF,COPPER,1,2022-07-01,2023-07-01,2022-10-05,3073,1.2620058436756905,-0.0039573234723295,0.0095478382308537,-0.0234866922805236,-0.0164113921028006
RF,COPPER,1,2022-07-01,2023-07-01,2022-10-06,3074,1.2455944515728898,-0.0037182998479661,0.0059551755993963,-0.0056273195900866,-0.0181493190083121
RF,COPPER,1,2022-07-01,2023-07-01,2022-10-07,3075,1.2274451325645777,-0.0034519627845863,0.002548821754351,-0.0017597316575257,0.0119430863713172
RF,COPPER,1,2022-07-01,2023-07-01,2022-10-10,3076,1.239388218935895,-0.0066441773948566,0.0045269611263311,-0.0272984175614918,0.0070691756084455
RF,COPPER,1,2022-07-01,2023-07-01,2022-10-11,3077,1.2464573945443405,-0.0070349064072139,0.0059285859968108,-0.0077933576135023,-0.0096786473530261
RF,COPPER,1,2022-07-01,2023-07-01,2022-10-12,3078,1.2367787471913143,-0.0039865104060079,0.0035181712159655,0.0225341527091853,0.0066551177645681
RF,COPPER,1,2022-07-01,2023-07-01,2022-10-13,3079,1.2434338649558825,-0.003324956200031,0.0046360026296349,0.003454756243741,-0.0049147135607157
RF,COPPER,1,2022-07-01,2023-07-01,2022-10-14,3080,1.2385191513951668,-0.0028505927230142,0.0025771031169924,0.0,0.0014479805876363
RF,COPPER,1,2022-07-01,2023-07-01,2022-10-17,3081,1.2399671319828032,-3.713357404455664e-06,0.0032285556155194,0.0491277415863669,-0.0142817310757512
RF,COPPER,1,2022-07-01,2023-07-01,2022-10-18,3082,1.225685400907052,0.0056376389959602,0.0017704962950205,0.0623067989266994,-0.0135955995326488
RF,COPPER,1,2022-07-01,2023-07-01,2022-10-19,3083,1.212089801374403,0.0096060237958495,-0.0023314238611949,0.030911413031718,0.0265742355564351
RF,COPPER,1,2022-07-01,2023-07-01,2022-10-20,3084,1.2386640369308382,0.0087023546775191,0.0017889487381818,-0.0109258583802884,0.0206488629696615
RF,COPPER,1,2022-07-01,2023-07-01,2022-10-21,3085,1.2593128999004997,0.0074633321589641,0.004214839166461,-0.0038393151034183,-0.0124242787008761
RF,COPPER,1,2022-07-01,2023-07-01,2022-10-24,3086,1.2468886211996235,0.0075672287329588,0.0032512622091602,0.0074445647734326,-0.0083694698044567
RF,COPPER,1,2022-07-01,2023-07-01,2022-10-25,3087,1.2385191513951668,0.0074466407164968,0.0008078252493921,0.0017373804588365,0.0505757221740033
RF,COPPER,1,2022-07-01,2023-07-01,2022-10-26,3088,1.28909487356917,0.0078805100826946,0.0046885515651267,0.0231491926898834,-0.0011026737354187
RF,COPPER,1,2022-07-01,2023-07-01,2022-10-27,3089,1.2879921998337514,0.0069711120039555,0.0051812014359777,0.0011026737354187,-0.0449909854276302
RF,COPPER,1,2022-07-01,2023-07-01,2022-10-28,3090,1.243001214406121,0.0109177681556222,0.0023468075029499,0.0668169576338204,-0.0152630358555714
RF,COPPER,1,2022-07-01,2023-07-01,2022-10-31,3091,1.2277381785505497,0.016942170457292,0.0002538666120777,0.0917483954790721,0.0277354062465315
RF,COPPER,1,2022-07-01,2023-07-01,2022-11-01,3092,1.2554735847970813,0.0226560418927563,0.0036592204522245,0.0784742969555256,-0.001140398824025
RF,COPPER,1,2022-07-01,2023-07-01,2022-11-02,3093,1.2543331859730562,0.0305145429156223,0.004192051753214,0.1196355191804363,-0.0140766541190529
RF,COPPER,1,2022-07-01,2023-07-01,2022-11-03,3094,1.2402565318540033,0.0378577454129585,0.0019573551234919,0.1091144801090162,0.0719875344050502
RF,COPPER,1,2022-07-01,2023-07-01,2022-11-04,3095,1.3122440662590535,0.0419954508637123,0.0063356140534138,0.0330980706133861,-0.0231491926898834
RF,COPPER,1,2022-07-01,2023-07-01,2022-11-07,3096,1.28909487356917,0.0457706121745684,0.0046848697189421,0.042743329952001,0.0207232984707714
RF,COPPER,1,2022-07-01,2023-07-01,2022-11-08,3097,1.3098181720399416,0.0452770404665723,0.0073249040508509,-0.004327199192289,0.0096684019896802
RF,COPPER,1,2022-07-01,2023-07-01,2022-11-09,3098,1.3194865740296218,0.041866419071789,0.0116296606401915,-0.0297031216929919,0.0144613077229851
RF,COPPER,1,2022-07-01,2023-07-01,2022-11-10,3099,1.333947881752607,0.0349550298765932,0.0128113204140299,-0.0609621885161679,0.0400208234008856
RF,COPPER,1,2022-07-01,2023-07-01,2022-11-11,3100,1.3739687051534926,0.0268416673016442,0.0139251543398442,-0.0890151590306307,-0.024597693190473
RF,COPPER,1,2022-07-01,2023-07-01,2022-11-14,3101,1.3493710119630196,0.0201370632609778,0.0100767291970117,-0.0635878139855572,-0.0040288750905799
RF,COPPER,1,2022-07-01,2023-07-01,2022-11-15,3102,1.3453421368724396,0.0133933836124608,0.0076868222729858,-0.0570741710301181,-0.0135039333512685
RF,COPPER,1,2022-07-01,2023-07-01,2022-11-16,3103,1.331838203521171,0.00694971062107,0.0048613494279139,-0.0479919096698813,-0.0263472306735186
RF,COPPER,1,2022-07-01,2023-07-01,2022-11-17,3104,1.3054909728476525,0.0038763123550733,0.0017034823480791,-0.0162582930444699,-0.0157075205110226
RF,COPPER,1,2022-07-01,2023-07-01,2022-11-18,3105,1.2897834523366298,0.0060007663910146,0.0001981505180906,0.0264907389076911,-0.0167977591001908
RF,COPPER,1,2022-07-01,2023-07-01,2022-11-21,3106,1.272985693236439,0.0123347584130775,-0.0022218131022782,0.0656927854365776,0.0119678528864228
RF,COPPER,1,2022-07-01,2023-07-01,2022-11-22,3107,1.2849535461228618,0.0183641013796298,0.0025210904671325,0.0625999995680888,0.0008296518546004
RF,COPPER,1,2022-07-01,2023-07-01,2022-11-23,3108,1.2857831979774623,0.0220102623248392,0.0027028247502939,0.0464508857891599,0.0024847678648591
RF,COPPER,1,2022-07-01,2023-07-01,2022-11-25,3109,1.2882679658423215,0.0259853107641376,0.0056609511322388,0.0497548656198079,-0.0044216719910317
RF,COPPER,1,2022-07-01,2023-07-01,2022-11-28,3110,1.2838462938512898,0.0318632702156573,0.0032245937366165,0.0656544019872118,0.0053863859518927
RF,COPPER,1,2022-07-01,2023-07-01,2022-11-29,3111,1.2892326798031826,0.0375317287774645,0.0055262760497602,0.0667313516612493,0.0270415114411384
RF,COPPER,1,2022-07-01,2023-07-01,2022-11-30,3112,1.316274191244321,0.0389966768893457,0.0074544607339002,0.0385294840847021,0.0224042874286956
RF,COPPER,1,2022-07-01,2023-07-01,2022-12-01,3113,1.3386784786730166,0.0346639176316287,0.008400867775072,-0.0040722106436514,0.008875067017934
RF,COPPER,1,2022-07-01,2023-07-01,2022-12-02,3114,1.3475535456909506,0.0307477540483798,0.0093247302568992,-0.002211408818511,-0.0153194619243284
RF,COPPER,1,2022-07-01,2023-07-01,2022-12-05,3115,1.3322340837666222,0.0302913357477236,0.0059358514136844,0.022311579038688,0.0057887476955071
RF,COPPER,1,2022-07-01,2023-07-01,2022-12-06,3116,1.3380228314621294,0.0255161483202228,0.0061743166264038,-0.0128063168096141,0.0114778643763722
RF,COPPER,1,2022-07-01,2023-07-01,2022-12-07,3117,1.3495006958385016,0.0191983616254216,0.0076242109857006,-0.0246829132587824,0.0064633356259302
RF,COPPER,1,2022-07-01,2023-07-01,2022-12-08,3118,1.355964031464432,0.012942960559624,0.0076848277905055,-0.0254466878302974,-0.0011603561354087
RF,COPPER,1,2022-07-01,2023-07-01,2022-12-09,3119,1.3548036753290231,0.0077026501239931,0.0041896985761445,-0.0204607474657685,-0.020197407299658
RF,COPPER,1,2022-07-01,2023-07-01,2022-12-12,3120,1.334606268029365,0.0061026668160131,0.0006748077234992,0.0019724993411649,0.0107358688430745
RF,COPPER,1,2022-07-01,2023-07-01,2022-12-13,3121,1.3453421368724396,0.0011768032938539,-0.000227890318963,-0.0231864058489008,0.0092035259328706
RF,COPPER,1,2022-07-01,2023-07-01,2022-12-14,3122,1.3545456628053103,-0.0025501374303671,0.0020149227541288,-0.0187554408807182,-0.029329148152795
RF,COPPER,1,2022-07-01,2023-07-01,2022-12-15,3123,1.3252165146525152,-0.001343020169904,-0.0014800339251802,0.0185616854820129,-0.000398732072796
RF,COPPER,1,2022-07-01,2023-07-01,2022-12-16,3124,1.3248177825797192,1.604582944292332e-05,-0.0042275112905035,0.0185690820085759,0.0056995610544152
RF,COPPER,1,2022-07-01,2023-07-01,2022-12-19,3125,1.3305173436341344,0.0002335914669118,-0.0040056446080308,0.0099948507877412,0.0038255842291201
RF,COPPER,1,2022-07-01,2023-07-01,2022-12-20,3126,1.3343429278632546,-0.0006447445524502,-0.003477738395771,0.0021044688813889,0.0022358395072754
RF,COPPER,1,2022-07-01,2023-07-01,2022-12-21,3127,1.33657876737053,-0.0032611375930016,-0.0010068544312046,-0.0105653285256579,-0.0144230363469912
RF,COPPER,1,2022-07-01,2023-07-01,2022-12-22,3128,1.3221557310235388,-0.0047692226035456,-0.0037777491627387,-0.0032038061326467,0.0136344909010532
RF,COPPER,1,2022-07-01,2023-07-01,2022-12-23,3129,1.335790221924592,-0.0044147171177828,-0.0028492890470197,0.0039365238612301,0.0079879782099361
RF,COPPER,1,2022-07-01,2023-07-01,2022-12-27,3130,1.3437782001345282,-0.0023804123815645,-0.0007952680455234,0.019375457319716,-0.000391335546233
RF,COPPER,1,2022-07-01,2023-07-01,2022-12-28,3131,1.3433868645882951,0.0020161683014243,-0.001374624863024,0.047521797060269,-0.0028746701664195
RF,COPPER,1,2022-07-01,2023-07-01,2022-12-29,3132,1.3405121944218756,0.0083973369241974,-0.002921156955772,0.0623934109300527,-0.0040647976772321
RF,COPPER,1,2022-07-01,2023-07-01,2022-12-30,3133,1.3364473967446435,0.0171980607041608,-0.0066439918117117,0.0877446892146724,-0.0104339578997714
RF,COPPER,1,2022-07-01,2023-07-01,2023-01-03,3134,1.326013438844872,0.0287213216566064,-0.0090798955041259,0.1057321541947722,-0.00706151395398
RF,COPPER,1,2022-07-01,2023-07-01,2023-01-04,3135,1.318951924890892,0.0419952264744192,-0.0102292399307324,0.1179167176587208,0.0207748208949301
RF,COPPER,1,2022-07-01,2023-07-01,2023-01-05,3136,1.3397267457858222,0.0514169808729805,-0.0078820730025528,0.0989228818691563,0.023426911668422
RF,COPPER,1,2022-07-01,2023-07-01,2023-01-06,3137,1.3631536574542442,0.0581606051541481,-0.0050617759409983,0.0786936366238468,0.0277550041943199
RF,COPPER,1,2022-07-01,2023-07-01,2023-01-09,3138,1.3909086616485642,0.0621020130734932,-0.0008784600966332,0.0504655738613795,0.0119969437033642
RF,COPPER,1,2022-07-01,2023-07-01,2023-01-10,3139,1.4029056053519284,0.0646643363530696,0.0031337074251429,0.0436603435811771,0.0212864806073875
RF,COPPER,1,2022-07-01,2023-07-01,2023-01-11,3140,1.424192085959316,0.064858578347315,0.005915017635644,0.0236676747585888,0.0075535070803283
RF,COPPER,1,2022-07-01,2023-07-01,2023-01-12,3141,1.4317455930396443,0.0625473579005071,0.0076321303814776,0.0141140260837624,0.0051230495099685
RF,COPPER,1,2022-07-01,2023-07-01,2023-01-13,3142,1.4368686425496129,0.0582294326830035,0.009531330696962,0.0076945727126869,0.0017809851053656
RF,COPPER,1,2022-07-01,2023-07-01,2023-01-17,3143,1.4386496276549785,0.054001967550008,0.0098690933369521,0.0122614230388744,0.0031976664231125
RF,COPPER,1,2022-07-01,2023-07-01,2023-01-18,3144,1.441847294078091,0.0469944078328328,0.0092139813051257,-0.0010647530927347,-0.0004730585681473
RF,COPPER,1,2022-07-01,2023-07-01,2023-01-19,3145,1.4413742355099437,0.0391699947926786,0.0079222558547738,-0.0054567729220003,0.0051917134231618
RF,COPPER,1,2022-07-01,2023-07-01,2023-01-20,3146,1.4465659489331055,0.0320469532384424,0.0093155959136788,-0.0047186548550144,0.0012938117847993
RF,COPPER,1,2022-07-01,2023-07-01,2023-01-23,3147,1.447859760717905,0.0233461468934601,0.0093503072809681,-0.0341934379553729,-0.0020001415944981
RF,COPPER,1,2022-07-01,2023-07-01,2023-01-24,3148,1.4458596191234068,0.0147609939597064,0.008545646837586,-0.0363371654283011,-0.0012964038611069
RF,COPPER,1,2022-07-01,2023-07-01,2023-01-25,3149,1.4445632152622998,0.0059009414436865,0.0060356570991723,-0.0426415484957081,0.0063478354315531
RF,COPPER,1,2022-07-01,2023-07-01,2023-01-26,3150,1.450911050693853,-0.0044120668992264,0.0076641383095161,-0.053800410347919,-0.0101285097084966
RF,COPPER,1,2022-07-01,2023-07-01,2023-01-27,3151,1.4407825409853563,-0.0102004949629221,0.0049972787557756,-0.0326043807672753,-0.0048650783974129
RF,COPPER,1,2022-07-01,2023-07-01,2023-01-30,3152,1.4359174625879434,-0.0159527109451422,0.00365558262351,-0.0388068222420094,0.0059298314901476
RF,COPPER,1,2022-07-01,2023-07-01,2023-01-31,3153,1.441847294078091,-0.0196449581449513,0.0065767517316233,-0.0295197020196698,-0.0281809713155591
RF,COPPER,1,2022-07-01,2023-07-01,2023-02-01,3154,1.413666322762532,-0.0228674577159089,0.0018489019181804,-0.0205204488070371,-0.0041438690674262
RF,COPPER,1,2022-07-01,2023-07-01,2023-02-02,3155,1.4095224536951056,-0.0228622639108477,0.0011091668479392,-0.0017112752474222,-0.0076007869285139
RF,COPPER,1,2022-07-01,2023-07-01,2023-02-03,3156,1.4019216667665917,-0.0207671894568233,0.0015532228606349,0.0115013942268074,-0.0048110264206577
RF,COPPER,1,2022-07-01,2023-07-01,2023-02-06,3157,1.397110640345934,-0.0191810700942007,0.0001600781532856,0.0020999573377307,0.011067519872147
RF,COPPER,1,2022-07-01,2023-07-01,2023-02-07,3158,1.408178160218081,-0.0156759263623949,0.0034487261353512,0.018658195593447,-0.011067519872147
RF,COPPER,1,2022-07-01,2023-07-01,2023-02-08,3159,1.397110640345934,-0.0119822421520612,0.0025954448930593,0.0172851128676729,0.0152169517124873
RF,COPPER,1,2022-07-01,2023-07-01,2023-02-09,3160,1.4123275920584213,-0.0082374294360876,0.0050181591933533,0.0309376491055914,-0.0191817181029265
RF,COPPER,1,2022-07-01,2023-07-01,2023-02-10,3161,1.3931458739554947,-0.0032069049400564,0.0023865509643825,0.0425336805749054,0.0146653044921887
RF,COPPER,1,2022-07-01,2023-07-01,2023-02-13,3162,1.4078111784476834,-0.0028201970220937,0.0032362952060391,-0.0034313610203884,0.0056118825457156
RF,COPPER,1,2022-07-01,2023-07-01,2023-02-14,3163,1.413423060993399,-0.0050080205210232,0.0072194632353073,-0.0384424790642867,-0.0142124633097344
RF,COPPER,1,2022-07-01,2023-07-01,2023-02-15,3164,1.3992105976836646,-0.0046752326098793,0.0020109941930967,-0.0106688077938306,0.0276257581278633
RF,COPPER,1,2022-07-01,2023-07-01,2023-02-16,3165,1.426836355811528,-0.0061512061475688,0.0052650459979463,-0.0164593614149466,-0.0124406025979211
RF,COPPER,1,2022-07-01,2023-07-01,2023-02-17,3166,1.4143957532136069,-0.0047521374381371,0.0018968234874471,0.0130406043210566,0.0288694879504058
RF,COPPER,1,2022-07-01,2023-07-01,2023-02-21,3167,1.4432652411640128,-0.0079446537834075,0.0016598220731753,-0.0361883137738807,-0.0075856866336125
RF,COPPER,1,2022-07-01,2023-07-01,2023-02-22,3168,1.4356795545304002,-0.010753391713314,0.0010768335368298,-0.0300728655403363,-0.0312997371031051
RF,COPPER,1,2022-07-01,2023-07-01,2023-02-23,3169,1.404379817427295,-0.0102033582640812,-0.0032805107551023,0.0067291261154478,-0.0293992354981826
RF,COPPER,1,2022-07-01,2023-07-01,2023-02-24,3170,1.3749805819291123,-0.0103318721833729,-0.0087901975988376,0.0079330772511758,0.0135612079607216
RF,COPPER,1,2022-07-01,2023-07-01,2023-02-27,3171,1.388541789889834,-0.0097240463301562,-0.0081716318563034,0.0080741429550847,0.0218352045067473
RF,COPPER,1,2022-07-01,2023-07-01,2023-02-28,3172,1.4103769943965814,-0.0105932021055914,-0.0059020361195828,-0.0105495935910173,0.0170593631380822
RF,COPPER,1,2022-07-01,2023-07-01,2023-03-01,3173,1.4274363575346636,-0.0132091130058547,-0.0053510604638084,-0.0298312543022178,-0.0203594301445315
RF,COPPER,1,2022-07-01,2023-07-01,2023-03-02,3174,1.407076927390132,-0.0130092372053545,-0.0060185448193502,-0.0035567931042705,-0.0014702384000682
RF,COPPER,1,2022-07-01,2023-07-01,2023-03-03,3175,1.4056066889900638,-0.0144373691971413,-0.0065596249644772,-0.0166907785793513,0.005502254552679
RF,COPPER,1,2022-07-01,2023-07-01,2023-03-06,3176,1.4111089435427429,-0.0193024037267648,-0.0045737972268627,-0.0613489303960967,-0.0281952843624546
RF,COPPER,1,2022-07-01,2023-07-01,2023-03-07,3177,1.3829136591802882,-0.0208112648978264,-0.0099722063431039,-0.0256619952944607,0.0137022736646306
RF,COPPER,1,2022-07-01,2023-07-01,2023-03-08,3178,1.3966159328449188,-0.0229865752355318,-0.0082390952014478,-0.032183800549226,0.0032114679606451
RF,COPPER,1,2022-07-01,2023-07-01,2023-03-09,3179,1.399827400805564,-0.0234449176399029,-0.0071104048901978,-0.0196768475787192,-0.0022222975731183
RF,COPPER,1,2022-07-01,2023-07-01,2023-03-10,3180,1.3976051032324457,-0.0221670981942052,-0.0079097241324634,-0.0066964415838814,0.0059150310534157
RF,COPPER,1,2022-07-01,2023-07-01,2023-03-13,3181,1.4035201342858614,-0.0201023533399178,-0.0055584576049668,-0.0002457428174931,-0.0146042238751489
RF,COPPER,1,2022-07-01,2023-07-01,2023-03-14,3182,1.3889159104107125,-0.0139535733441511,-0.0081281662092824,0.0332280815206911,-0.0391558972640664
RF,COPPER,1,2022-07-01,2023-07-01,2023-03-15,3183,1.349760013146646,-0.0062943948192262,-0.0125311794753651,0.0615927556846847,0.0074916507391813
RF,COPPER,1,2022-07-01,2023-07-01,2023-03-16,3184,1.3572516638858274,0.0009898950856412,-0.0122882143999314,0.0548322243094481,0.0071804684098653
RF,COPPER,1,2022-07-01,2023-07-01,2023-03-17,3185,1.3644321322956927,0.0077690009338948,-0.0117713352861594,0.049477393074075,0.015718420931152
RF,COPPER,1,2022-07-01,2023-07-01,2023-03-20,3186,1.3801505532268448,0.0125315705618151,-0.0125289244447493,0.0344882252808416,0.0107581084217194
RF,COPPER,1,2022-07-01,2023-07-01,2023-03-21,3187,1.3909086616485642,0.014683740162894,-0.0108833791727119,0.0177585204806571,0.0123657298198041
RF,COPPER,1,2022-07-01,2023-07-01,2023-03-22,3188,1.4032743914683683,0.0156032689145149,-0.0068535317970815,0.0088094967269072,0.0188696004630353
RF,COPPER,1,2022-07-01,2023-07-01,2023-03-23,3189,1.4221439919314036,0.0122696670306503,-0.0027865844382692,-0.02108412504835,-0.0107912231000728
RF,COPPER,1,2022-07-01,2023-07-01,2023-03-24,3190,1.4113527688313308,0.0075939347034312,-0.0040477309155942,-0.0291919380354228,0.0007311193639447
RF,COPPER,1,2022-07-01,2023-07-01,2023-03-27,3191,1.4120838881952755,0.0033492999595214,-0.0040968595343847,-0.0262896754937764,0.0018256371744922
RF,COPPER,1,2022-07-01,2023-07-01,2023-03-28,3192,1.4139095253697678,4.882705684661204e-05,-0.0017474141740703,-0.0211361924670752,0.0007292531379186
RF,COPPER,1,2022-07-01,2023-07-01,2023-03-29,3193,1.4146387785076864,-0.0047635972352477,-0.0021896857697039,-0.0317251193273981,-0.005971596378465
RF,COPPER,1,2022-07-01,2023-07-01,2023-03-30,3194,1.4086671821292214,-0.0067417214317531,-0.0046470927050898,-0.0162665291178916,0.0034167060660541
RF,COPPER,1,2022-07-01,2023-07-01,2023-03-31,3195,1.4120838881952755,-0.006968375159843,-0.0042609038985642,-0.0048846065551129,-0.0110240213122219
RF,COPPER,1,2022-07-01,2023-07-01,2023-04-03,3196,1.4010598668830536,-0.0038117545367708,-0.0054564487194755,0.0157637168466471,-0.0188990360871457
RF,COPPER,1,2022-07-01,2023-07-01,2023-04-04,3197,1.382160830795908,0.0013114594550387,-0.0093990373771386,0.03065375870768,0.0036333819055911
RF,COPPER,1,2022-07-01,2023-07-01,2023-04-05,3198,1.385794212701499,0.0039371549156603,-0.0107895368845306,0.0168654987518792,0.0069791202011935
RF,COPPER,1,2022-07-01,2023-07-01,2023-04-06,3199,1.3927733329026926,0.006213025305177,-0.0090265363181087,0.0156493681637619,-0.0098596737224043
RF,COPPER,1,2022-07-01,2023-07-01,2023-04-10,3200,1.3829136591802882,0.0090851072805724,-0.0105561257081771,0.0212206266256154,0.0094869938310415
RF,COPPER,1,2022-07-01,2023-07-01,2023-04-11,3201,1.3924006530113298,0.0081364388098503,-0.0095078550144164,-0.0006214024445556,0.0147986286288328
RF,COPPER,1,2022-07-01,2023-07-01,2023-04-12,3202,1.4071992816401626,0.0034479503181099,-0.004360329125438,-0.0259174575514831,0.0096243020895381
RF,COPPER,1,2022-07-01,2023-07-01,2023-04-13,3203,1.4168235837297007,-0.0034944775973133,-0.0022447818012043,-0.0423487820449144,-0.0040089942261127
RF,COPPER,1,2022-07-01,2023-07-01,2023-04-14,3204,1.412814589503588,-0.0112728374367878,-0.0022521653754183,-0.0657809537434011,-0.0101548780502096
RF,COPPER,1,2022-07-01,2023-07-01,2023-04-17,3205,1.4026597114533783,-0.0174030389346766,-0.0030637866415526,-0.0545865879244471,0.0057629896130761
RF,COPPER,1,2022-07-01,2023-07-01,2023-04-18,3206,1.4084227010664545,-0.0239852801719606,-0.0014814947581102,-0.0565903816563129,-0.0042884152605509
RF,COPPER,1,2022-07-01,2023-07-01,2023-04-19,3207,1.4041342858059036,-0.0293944993667616,-0.0009920773502106,-0.0508798083355102,-0.0123550352391295
RF,COPPER,1,2022-07-01,2023-07-01,2023-04-20,3208,1.391779250566774,-0.0304037322980217,-0.0037486248828581,-0.0264531817617854,-0.0104974264780945
RF,COPPER,1,2022-07-01,2023-07-01,2023-04-21,3209,1.3812818240886795,-0.031877015380624,-0.0062336100169118,-0.0337282783977288,-0.0068070224038931
RF,COPPER,1,2022-07-01,2023-07-01,2023-04-24,3210,1.3744748016847863,-0.0328379800838107,-0.0068398873216422,-0.0312184163178603,-0.0274411659245994
RF,COPPER,1,2022-07-01,2023-07-01,2023-04-25,3211,1.3470336357601869,-0.0311686136773112,-0.007000931351172,0.0010394877687442,0.0010394877687442
RF,COPPER,1,2022-07-01,2023-07-01,2023-04-26,3212,1.3480731235289312,-0.0279932433702574,-0.0063321139717424,0.0055689092570219,0.0037591958812104
RF,COPPER,1,2022-07-01,2023-07-01,2023-04-27,3213,1.3518323194101416,-0.0230449808974557,-0.0035502200664203,0.0137489957308551,0.0014221580602518
RF,COPPER,1,2022-07-01,2023-07-01,2023-04-28,3214,1.3532544774703934,-0.0193999582663124,-0.0031280202119284,0.0048975620089106,0.0120715913345952
RF,COPPER,1,2022-07-01,2023-07-01,2023-05-01,3215,1.3653260688049886,-0.0202161349605827,-0.0022140154537922,-0.0229835772768329,-0.0177725231140379
RF,COPPER,1,2022-07-01,2023-07-01,2023-05-02,3216,1.3475535456909506,-0.021290812522398,-0.0043789181725532,-0.0398966326673737,-0.0042971603240247
RF,COPPER,1,2022-07-01,2023-07-01,2023-05-03,3217,1.343256385366926,-0.0216681852736602,-0.0081132934808093,-0.0304740083798622,0.0048167381620052
RF,COPPER,1,2022-07-01,2023-07-01,2023-05-04,3218,1.3480731235289312,-0.022491072575953,-0.0071070433712301,-0.0296561975703113,0.0055689092570219
RF,COPPER,1,2022-07-01,2023-07-01,2023-05-05,3219,1.353642032785953,-0.026362861216425,-0.007709161464949,-0.0576827457599724,0.0119392823550437
RF,COPPER,1,2022-07-01,2023-07-01,2023-05-08,3220,1.3655813151409968,-0.0296467195057197,-0.008175056524717,-0.0456938780654647,-0.0074292756616927
RF,COPPER,1,2022-07-01,2023-07-01,2023-05-09,3221,1.358152039479304,-0.0332637287509325,-0.0092510571418814,-0.0548317730506513,-0.0158095479511484
RF,COPPER,1,2022-07-01,2023-07-01,2023-05-10,3222,1.3423424915281557,-0.0333549309554754,-0.0114245744235668,-0.0279469828948586,-0.0346855785045787
RF,COPPER,1,2022-07-01,2023-07-01,2023-05-11,3223,1.307656913023577,-0.0323249659546114,-0.01661372536842,-0.006375919481723,0.0051254639634867
RF,COPPER,1,2022-07-01,2023-07-01,2023-05-12,3224,1.3127823769870637,-0.0323120552408966,-0.0161995723409535,-0.020386693358793,0.0056345489715561
RF,COPPER,1,2022-07-01,2023-07-01,2023-05-15,3225,1.3184169259586198,-0.0348813901261535,-0.0152322393927159,-0.0504839103866268,-0.0224576389326391
RF,COPPER,1,2022-07-01,2023-07-01,2023-05-16,3226,1.2959592870259806,-0.0345997075246027,-0.0178571915644809,-0.020456862990692,0.0239281500495514
RF,COPPER,1,2022-07-01,2023-07-01,2023-05-17,3227,1.319887437075532,-0.0337501033751495,-0.016867661606778,-0.0187425343823495,-0.0165671706468792
RF,COPPER,1,2022-07-01,2023-07-01,2023-05-18,3228,1.3033202664286527,-0.0315809515825165,-0.0185445617355657,-0.0064037185456522,0.0110752422046442
RF,COPPER,1,2022-07-01,2023-07-01,2023-05-19,3229,1.314395508633297,-0.0312275894968268,-0.0171753734464413,-0.0248874046445934,-0.0131145150914431
RF,COPPER,1,2022-07-01,2023-07-01,2023-05-22,3230,1.301280993541854,-0.0270251317913285,-0.0197620661778167,0.0088070559814605,-0.0088853099135832
RF,COPPER,1,2022-07-01,2023-07-01,2023-05-23,3231,1.2923956836282706,-0.0210210002131494,-0.0208305698290709,0.0219998250050263,-0.0244626680562776
RF,COPPER,1,2022-07-01,2023-07-01,2023-05-24,3232,1.267933015571993,-0.0113608485171794,-0.0244094356208931,0.0571506271764139,0.0075694084632955
RF,COPPER,1,2022-07-01,2023-07-01,2023-05-25,3233,1.2755024240352886,-0.0022524643312451,-0.0215359018463607,0.0507764940416657,0.0256424786578939
RF,COPPER,1,2022-07-01,2023-07-01,2023-05-26,3234,1.3011449026931825,0.0031766255429754,-0.0180467961176527,0.0218101944958513,-0.004228354810182
RF,COPPER,1,2022-07-01,2023-07-01,2023-05-30,3235,1.2969165478830005,0.0101164475743615,-0.0170278910523868,0.0371630332474088,-0.0074084438942969
RF,COPPER,1,2022-07-01,2023-07-01,2023-05-31,3236,1.2895081039887035,0.0171841716380849,-0.0189685561498794,0.0425940371087987,0.0205799455346109
RF,COPPER,1,2022-07-01,2023-07-01,2023-06-01,3237,1.3100880495233145,0.0194944551009925,-0.0130495348683346,0.011801105241628,0.0043074591099825
RF,COPPER,1,2022-07-01,2023-07-01,2023-06-02,3238,1.314395508633297,0.0229039721573065,-0.0092946674905831,0.0280775814070994,0.0106881341151099
RF,COPPER,1,2022-07-01,2023-07-01,2023-06-05,3239,1.325083642748407,0.0258320500065527,-0.004811021972798,0.0271367217566911,0.0011952753285473
RF,COPPER,1,2022-07-01,2023-07-01,2023-06-06,3240,1.3262789180769543,0.0291505154550304,-0.0033917969263372,0.0337998246157007,-0.0033238208879204
RF,COPPER,1,2022-07-01,2023-07-01,2023-06-07,3241,1.3229550971890338,0.0321046002919613,-0.006204380775592,0.0340391850935177,0.0111244839413755
RF,COPPER,1,2022-07-01,2023-07-01,2023-06-08,3242,1.3340795811304094,0.032977330610822,-0.0030847401044608,0.0213688958841813,-0.0019774400329071
RF,COPPER,1,2022-07-01,2023-07-01,2023-06-09,3243,1.3321021410975022,0.0349702742945834,-0.003397698359375,0.0316909580896924,-0.0102129863325597
RF,COPPER,1,2022-07-01,2023-07-01,2023-06-12,3244,1.3218891547649425,0.0374100638698098,-0.0069422985908393,0.0361343180112867,0.0205839352754539
RF,COPPER,1,2022-07-01,2023-07-01,2023-06-13,3245,1.3424730900403965,0.0336857132472541,-0.0033449205716507,-0.0058943226698664,0.0097472744647015
RF,COPPER,1,2022-07-01,2023-07-01,2023-06-14,3246,1.352220364505098,0.0278054689911531,0.0005490814922587,-0.0207782609780384,0.0078583781875569
RF,COPPER,1,2022-07-01,2023-07-01,2023-06-15,3247,1.360078742692655,0.0205865937033933,0.0023091851724001,-0.0299579596460681,-0.0030844604101034
RF,COPPER,1,2022-07-01,2023-07-01,2023-06-16,3248,1.3569942822825516,0.0119360644913064,0.0023215908910373,-0.0431362164780095,-0.0015458052679608
RF,COPPER,1,2022-07-01,2023-07-01,2023-06-20,3249,1.3554484770145907,0.0023684369351313,0.0015339734141098,-0.053215300927867,0.008344622172604
RF,COPPER,1,2022-07-01,2023-07-01,2023-06-21,3250,1.3637930991871947,-0.0051412320456756,0.0038357637691252,-0.0444401606462339,-0.0057696264109654
RF,COPPER,2,2023-07-01,2024-07-01,2023-07-03,3258,1.3294594359759837,0.0013387052295117,-0.0030102480900437,0.0390527815592871,-0.0067707020102796
RF,COPPER,2,2023-07-01,2024-07-01,2023-07-05,3259,1.322688733965704,0.0067692295753378,-0.0035239022305179,0.0439129763009156,-0.0089650579897269
RF,COPPER,2,2023-07-01,2024-07-01,2023-07-06,3260,1.3137236759759772,0.0103508777456997,-0.0063980771991239,0.0296631886123179,0.0125552421009771
RF,COPPER,2,2023-07-01,2024-07-01,2023-07-07,3261,1.3262789180769543,0.0113407149393369,-0.0025583750543888,0.0129238315104514,0.0011939115667483
RF,COPPER,2,2023-07-01,2024-07-01,2023-07-10,3262,1.3274728296437026,0.0114821223296954,-0.0008679802156741,0.0073966464720005,-0.0047840956779985
RF,COPPER,2,2023-07-01,2024-07-01,2023-07-11,3263,1.322688733965704,0.0129670009304574,-0.0034907360672838,0.0169070541229208,0.0233043323664481
RF,COPPER,2,2023-07-01,2024-07-01,2023-07-12,3264,1.3459930663321522,0.0106135856983953,-0.0008024371153086,-0.0102028444075601,0.0225191512031186
RF,COPPER,2,2023-07-01,2024-07-01,2023-07-13,3265,1.3685122175352709,0.007769765777807,0.0027934929466269,-0.0229096207835883,-0.0019105072686511
RF,COPPER,2,2023-07-01,2024-07-01,2023-07-14,3266,1.3666017102666197,0.0068962452111571,0.0006408861077843,-0.0051124807748403,-0.0232148456783245
RF,COPPER,2,2023-07-01,2024-07-01,2023-07-17,3267,1.3433868645882951,0.0085710453681382,-0.002261144722061,0.0151508371358393,-0.0041841150008894
RF,COPPER,2,2023-07-01,2024-07-01,2023-07-18,3268,1.3392027495874057,0.0094092138577928,-0.0051272803418251,0.0123707894125113,-0.0043332734717025
RF,COPPER,2,2023-07-01,2024-07-01,2023-07-19,3269,1.3348694761157032,0.0127415496127529,-0.0062760804247111,0.0304565926892854,0.0047263119729217
RF,COPPER,2,2023-07-01,2024-07-01,2023-07-20,3270,1.339595788088625,0.0174154154677106,-0.0045123143433592,0.0453226072740922,-0.0038055661640328
RF,COPPER,2,2023-07-01,2024-07-01,2023-07-21,3271,1.335790221924592,0.0190226982057066,-0.006199783324435,0.0235182971346814,0.0098123748270904
RF,COPPER,2,2023-07-01,2024-07-01,2023-07-24,3272,1.3456025967516825,0.0172401025996973,-0.004129912717174,-0.0033907207939669,0.0158866327400968
RF,COPPER,2,2023-07-01,2024-07-01,2023-07-25,3273,1.3614892294917793,0.0146007406060386,1.139706257564981e-05,-0.0066855541627561,-0.0029515277676448
RF,COPPER,2,2023-07-01,2024-07-01,2023-07-26,3274,1.3585377017241345,0.0114168479160357,-0.001679107666058,-0.0117640913256351,-0.0069641627242174
RF,COPPER,2,2023-07-01,2024-07-01,2023-07-27,3275,1.351573538999917,0.0083466484982175,-0.0033864464271621,-0.013157267628719,0.0137525298050715
RF,COPPER,2,2023-07-01,2024-07-01,2023-07-28,3276,1.3653260688049886,0.0014616055846587,0.0004191669643348,-0.0441037293648012,0.0195923265577284
RF,COPPER,2,2023-07-01,2024-07-01,2023-07-31,3277,1.384918395362717,-0.0068417926685788,0.0038825371244975,-0.0585067640947534,-0.0256098763034435
RF,COPPER,2,2023-07-01,2024-07-01,2023-08-01,3278,1.3593085190592735,-0.0121155039362188,0.0012440973734395,-0.0372860672821704,-0.017096643101558
RF,COPPER,2,2023-07-01,2024-07-01,2023-08-02,3279,1.3422118759577155,-0.0167063908529248,-0.0017428710751942,-0.0299678096986619,0.0125917993713076
RF,COPPER,2,2023-07-01,2024-07-01,2023-08-03,3280,1.3548036753290231,-0.0219191685243154,0.0004349324145864,-0.0398710765701972,-0.0080300649305238
RF,COPPER,2,2023-07-01,2024-07-01,2023-08-04,3281,1.3467736103984993,-0.0276234651775679,-0.0011138054039349,-0.0489007171305519,-0.0083573390273012
RF,COPPER,2,2023-07-01,2024-07-01,2023-08-07,3282,1.338416271371198,-0.0323083392099672,-0.0034226384304057,-0.0432782329495968,-0.0171939319310105
RF,COPPER,2,2023-07-01,2024-07-01,2023-08-08,3283,1.3212223394401874,-0.0329935996783783,-0.0048798199331885,-0.0168161631518424,0.0051892918277762
RF,COPPER,2,2023-07-01,2024-07-01,2023-08-09,3284,1.3264116312679637,-0.0332118227072535,-0.003677370142641,-0.0183491503872648,-0.0043891794908605
RF,COPPER,2,2023-07-01,2024-07-01,2023-08-10,3285,1.322022451777103,-0.0317427101426237,-0.0049907919437271,-0.0104516656278055,-0.0097783855180495
RF,COPPER,2,2023-07-01,2024-07-01,2023-08-11,3286,1.3122440662590535,-0.0269504409563998,-0.0087394508260126,0.0096450885058889,0.0026885324997723
RF,COPPER,2,2023-07-01,2024-07-01,2023-08-14,3287,1.3149325987588258,-0.0205748287432916,-0.0059731998389085,0.0209890801478178,-0.0170597054908785
RF,COPPER,2,2023-07-01,2024-07-01,2023-08-15,3288,1.2978728932679473,-0.014111321037707,-0.009423903346835,0.0285387380000163,-0.0027348548463461
RF,COPPER,2,2023-07-01,2024-07-01,2023-08-16,3289,1.2951380384216011,-0.0075946048181951,-0.0110219293627281,0.0292809164438341,0.0092681378667438
RF,COPPER,2,2023-07-01,2024-07-01,2023-08-17,3290,1.304406176288345,-0.0032595319781039,-0.007510737670901,0.0184157481576945,0.0036563045923538
RF,COPPER,2,2023-07-01,2024-07-01,2023-08-18,3291,1.3080624808806989,0.0018730706261671,-0.0044772704893713,0.0250947773003216,0.0035083052685986
RF,COPPER,2,2023-07-01,2024-07-01,2023-08-21,3292,1.3115707861492976,0.0056547035719725,-0.0017939667525794,0.0194751234166501,0.0103183686156449
RF,COPPER,2,2023-07-01,2024-07-01,2023-08-22,3293,1.3218891547649425,0.0066878701547004,0.0004326453139022,0.0058487670067792,0.0140325241417011
RF,COPPER,2,2023-07-01,2024-07-01,2023-08-23,3294,1.3359216789066437,0.0072624554791183,0.0042493471576943,0.0023634630268862,-0.00951004763868
RF,COPPER,2,2023-07-01,2024-07-01,2023-08-24,3295,1.3264116312679637,0.0092082036544822,-0.0004934053250685,0.0114800191514086,-0.0019926764025284
RF,COPPER,2,2023-07-01,2024-07-01,2023-08-25,3296,1.3244189548654353,0.0081751750484084,-0.0020467707635301,-0.0030631659011557,-0.0015970304193957
RF,COPPER,2,2023-07-01,2024-07-01,2023-08-28,3297,1.3228219244460395,0.0063810715133636,-0.0033764086878026,-0.0074866333262513,0.0103353337349809
RF,COPPER,2,2023-07-01,2024-07-01,2023-08-29,3298,1.3331572581810205,0.0012324103742753,-0.0015287714551056,-0.0301086373727033,-0.0021113486150727
RF,COPPER,2,2023-07-01,2024-07-01,2023-08-30,3299,1.3310459095659477,2.5905893723976448e-05,-0.0037411670912161,-0.0039709131653085,-0.0033079877942259
RF,COPPER,2,2023-07-01,2024-07-01,2023-08-31,3300,1.3277379217717218,-0.0009797461403098,-0.005043937090382,-0.00544886571834,0.0105472201618082
RF,COPPER,2,2023-07-01,2024-07-01,2023-09-01,3301,1.33828514193353,-0.0034608944580123,-0.0013040858398338,-0.0149305694156098,-0.0003934915141576
RF,COPPER,2,2023-07-01,2024-07-01,2023-09-05,3302,1.3378916504193723,-0.0046926201612822,-0.0027704221758953,-0.007506476175157,-0.0165358614550927
RF,COPPER,2,2023-07-01,2024-07-01,2023-09-06,3303,1.3213557889642795,-0.0035227411314837,-0.0063344785764031,0.0039935799397465,-0.0060204978444913
RF,COPPER,2,2023-07-01,2024-07-01,2023-09-07,3304,1.3153352911197882,-0.0023940023103701,-0.0089425089525169,0.0041512829098335,-0.012286670311471
RF,COPPER,2,2023-07-01,2024-07-01,2023-09-08,3305,1.3030486208083172,-0.0008464736023032,-0.010469470656139,0.0090608385273016,0.024026375592322
RF,COPPER,2,2023-07-01,2024-07-01,2023-09-11,3306,1.3270749964006392,-0.0011983394835659,-0.0055957695989059,-0.006252921505599,-0.0047859403472574
RF,COPPER,2,2023-07-01,2024-07-01,2023-09-12,3307,1.3222890560533818,-0.0038367079892025,-0.0067255296243208,-0.0230515025316022,0.0010655164645383
RF,COPPER,2,2023-07-01,2024-07-01,2023-09-13,3308,1.32335457251792,-0.0068043384168425,-0.0058961270081933,-0.0243898411301268,0.0070306017262951
RF,COPPER,2,2023-07-01,2024-07-01,2023-09-14,3309,1.3303851742442152,-0.0114377431452532,-0.0016755976699585,-0.035795031602106,-0.0050358053401891
RF,COPPER,2,2023-07-01,2024-07-01,2023-09-15,3310,1.325349368904026,-0.0161465970227661,-0.0038894460394112,-0.0374950805973879,-0.0058627948744043
RF,COPPER,2,2023-07-01,2024-07-01,2023-09-18,3311,1.3194865740296218,-0.0195432702320024,-0.0056738003510211,-0.0310806879609817,-0.0073771146940029
RF,COPPER,2,2023-07-01,2024-07-01,2023-09-19,3312,1.3121094593356188,-0.0182998381538528,-0.0077628698038302,-0.0052642403493265,0.0087126155594212
RF,COPPER,2,2023-07-01,2024-07-01,2023-09-20,3313,1.32082207489504,-0.0173276372792869,-0.0055946037606001,-0.0054867837752519,-0.0215845213732606
RF,COPPER,2,2023-07-01,2024-07-01,2023-09-21,3314,1.2992375535217795,-0.016831765349587,-0.0076268483936904,-0.0094541011851496,-0.0002728221339862
RF,COPPER,2,2023-07-01,2024-07-01,2023-09-22,3315,1.2989647313877932,-0.0167218615994084,-0.0098311748015611,-0.0137345801405912,-0.004374588745684
RF,COPPER,2,2023-07-01,2024-07-01,2023-09-25,3316,1.2945901426421091,-0.01700430199982,-0.0112847395143903,-0.0181106166627345,-0.0067358543354709
RF,COPPER,2,2023-07-01,2024-07-01,2023-09-26,3317,1.2878542883066382,-0.0175916574552432,-0.0125957913658436,-0.0217521318736397,0.0005515977620018
RF,COPPER,2,2023-07-01,2024-07-01,2023-09-27,3318,1.28840588606864,-0.0152800253102467,-0.0112611953326482,-0.0006895283113279,0.0184393329176522
RF,COPPER,2,2023-07-01,2024-07-01,2023-09-28,3319,1.3068452189862922,-0.0155726720459603,-0.0069533159290039,-0.014174980844559,0.0084900721334959
RF,COPPER,2,2023-07-01,2024-07-01,2023-09-29,3320,1.3153352911197882,-0.0173826327122319,-0.0031678409049395,-0.0255518387831583,-0.0255518387831583
RF,COPPER,2,2023-07-01,2024-07-01,2023-10-02,3321,1.2897834523366298,-0.0164631914821573,-0.0058959158405474,-0.0049682374726278,-0.0045533010894278
RF,COPPER,2,2023-07-01,2024-07-01,2023-10-03,3322,1.285230151247202,-0.0156722764269696,-0.0084280057909122,-0.005964334758546,-0.0087506252678273
RF,COPPER,2,2023-07-01,2024-07-01,2023-10-04,3323,1.2764795259793746,-0.0142649933249174,-0.0098251090888957,-0.0011167468779238,-0.0103773695463762
RF,COPPER,2,2023-07-01,2024-07-01,2023-10-05,3324,1.2661021564329984,-0.0110375394193622,-0.010607098928844,0.0112140123397495,0.0216142013243136
RF,COPPER,2,2023-07-01,2024-07-01,2023-10-06,3325,1.287716357757312,-0.0113420400421415,-0.0069409807756821,-0.0136113280503016,0.0049538803844211
RF,COPPER,2,2023-07-01,2024-07-01,2023-10-09,3326,1.2926702381417332,-0.0117988554062875,-0.0039760057280509,-0.01674892971088,-0.0028867858051033
RF,COPPER,2,2023-07-01,2024-07-01,2023-10-10,3327,1.2897834523366298,-0.0113234076811421,-0.0048214250548056,-0.0112134975892317,-0.0049682374726278
RF,COPPER,2,2023-07-01,2024-07-01,2023-10-11,3328,1.284815214864002,-0.0127253331922032,-0.0065031042431255,-0.0201236598870107,-0.005549398375346
RF,COPPER,2,2023-07-01,2024-07-01,2023-10-12,3329,1.279265816488656,-0.0116461218326382,-0.008196852312558,-0.0058602502591289,-0.003903037387205
RF,COPPER,2,2023-07-01,2024-07-01,2023-10-13,3330,1.2753627791014508,-0.0083701439341969,-0.0070504175494641,0.00834496418401,0.0019533896712971
RF,COPPER,2,2023-07-01,2024-07-01,2023-10-16,3331,1.277316168772748,-0.0074867591793763,-0.0042298304277629,-0.0041904982828848,-0.0032111390657374
RF,COPPER,2,2023-07-01,2024-07-01,2023-10-17,3332,1.2741050297070105,-0.0062613037513581,-0.0039247652176061,-0.0019596785191156,0.0018162787238427
RF,COPPER,2,2023-07-01,2024-07-01,2023-10-18,3333,1.2759213084308532,-0.0032793784236371,-0.0015176844038014,0.0144126788635732,0.0026486463165449
RF,COPPER,2,2023-07-01,2024-07-01,2023-10-19,3334,1.278569954747398,-0.0002365051846391,0.0020013584279652,0.016020187894711,-0.0138783997704068
RF,COPPER,2,2023-07-01,2024-07-01,2023-10-20,3335,1.2646915549769913,0.0049911492447138,-0.0015419172454621,0.0277041286512793,0.0087140112525356
RF,COPPER,2,2023-07-01,2024-07-01,2023-10-23,3336,1.273405566229527,0.0085805336712341,0.0028972577655913,0.0199507939983136,0.0103021770559339
RF,COPPER,2,2023-07-01,2024-07-01,2023-10-24,3337,1.283707743285461,0.0112348779978854,0.0051639364817107,0.0156661608877504,-0.0105820727955978
RF,COPPER,2,2023-07-01,2024-07-01,2023-10-25,3338,1.273125670489863,0.0157822488387235,0.0017881638043252,0.0282913953824632,-0.0009803193019681
RF,COPPER,2,2023-07-01,2024-07-01,2023-10-26,3339,1.2721453511878948,0.0213482113708667,-2.30480306767542e-05,0.0387517655125466,0.0181886361065315
RF,COPPER,2,2023-07-01,2024-07-01,2023-10-27,3340,1.2903339872944264,0.0218579002034358,0.0038215734123951,0.0098576955605931,0.0042561553476827
RF,COPPER,2,2023-07-01,2024-07-01,2023-10-30,3341,1.2945901426421091,0.0193360748862922,0.0075970189167603,-0.0059086046061882,-0.0021944590138385
RF,COPPER,2,2023-07-01,2024-07-01,2023-10-31,3342,1.2923956836282706,0.0172031656275719,0.0059529993096951,-0.0017865752663761,0.0009606765995699
RF,COPPER,2,2023-07-01,2024-07-01,2023-11-01,3343,1.2933563602278406,0.0127125876014182,0.0057964174141267,-0.017016409324416,0.0060175439453706
RF,COPPER,2,2023-07-01,2024-07-01,2023-11-02,3344,1.2993739041732113,0.010401147499303,0.0083314789751939,-0.0012279558689152,0.002043161699115
RF,COPPER,2,2023-07-01,2024-07-01,2023-11-03,3345,1.3014170658723263,0.0085733137272108,0.0103321135334519,0.002174772405358,0.0094800508281152
RF,COPPER,2,2023-07-01,2024-07-01,2023-11-06,3346,1.3108971167004415,0.0068252231838996,0.0112010023657297,0.0021542749556375,-0.0107054338454219
RF,COPPER,2,2023-07-01,2024-07-01,2023-11-07,3347,1.3001916828550195,0.0071500223955682,0.005947877330622,0.0093566032072129,-0.0115101448190986
RF,COPPER,2,2023-07-01,2024-07-01,2023-11-08,3348,1.288681538035921,0.010751060274377,0.0012512498438118,0.0297353879226989,0.0019275703259735
RF,COPPER,2,2023-07-01,2024-07-01,2023-11-09,3349,1.2906091083618945,0.0158138643618932,0.0040401175474143,0.0476760335716355,-0.0142691574584699
RF,COPPER,2,2023-07-01,2024-07-01,2023-11-10,3350,1.2763399509034246,0.0231646247414105,0.0006112009418269,0.062469668145989,0.0218059974008715
RF,COPPER,2,2023-07-01,2024-07-01,2023-11-13,3351,1.298145948304296,0.0251775127575935,0.0041391286725867,0.0280002389665199,0.0054458899733882
RF,COPPER,2,2023-07-01,2024-07-01,2023-11-14,3352,1.3035918382776843,0.0267608236575189,0.0053903011940436,0.0258675976982993,0.0094595533783947
RF,COPPER,2,2023-07-01,2024-07-01,2023-11-15,3353,1.313051391656079,0.0275709207439471,0.008028587814667,0.0210281894743302,-0.0035031055938465
RF,COPPER,2,2023-07-01,2024-07-01,2023-11-16,3354,1.3095482860622325,0.0269544652433921,0.0065730251556238,0.0155353566861744,0.0088686398963873
RF,COPPER,2,2023-07-01,2024-07-01,2023-11-17,3355,1.3184169259586198,0.0265162759738648,0.0082370413013575,0.0168472951602027,0.0198682159749101
RF,COPPER,2,2023-07-01,2024-07-01,2023-11-20,3356,1.33828514193353,0.0233238385724028,0.0105304283791414,-0.0069750856198693,0.0005244771158836
RF,COPPER,2,2023-07-01,2024-07-01,2023-11-21,3357,1.3388096190494136,0.021454427540805,0.0086529184947508,0.0037940524494792,-0.0126634317785976
RF,COPPER,2,2023-07-01,2024-07-01,2023-11-22,3358,1.326146187270816,0.023752289422356,0.0053689399144389,0.0371353790466164,0.0033132487051676
RF,COPPER,2,2023-07-01,2024-07-01,2023-11-23,3359,1.3294594359759837,0.0225468048666919,0.0071617549700777,0.0109218411705092,0.0046201451544256
RF,COPPER,2,2023-07-01,2024-07-01,2023-11-24,3360,1.3340795811304094,0.0193085037068017,0.008159428643337,-0.0063416593586875,-0.0089959383820024
RF,COPPER,2,2023-07-01,2024-07-01,2023-11-27,3361,1.325083642748407,0.0161700405445552,0.0045483862097004,-0.0123012657613432,0.0101805783704156
RF,COPPER,2,2023-07-01,2024-07-01,2023-11-28,3362,1.3352642211188226,0.0136363860568611,0.0060064315374299,-0.0043504740951034,-0.0039541648051619
RF,COPPER,2,2023-07-01,2024-07-01,2023-11-29,3363,1.3313100563136606,0.0129427260434615,0.0019989273953781,0.0089403488291157,0.0112936151852323
RF,COPPER,2,2023-07-01,2024-07-01,2023-11-30,3364,1.342603671498893,0.0092400265353338,0.0060769762959221,-0.0128796694362403,0.0206778948185395
RF,COPPER,2,2023-07-01,2024-07-01,2023-12-01,3365,1.3632815663174325,0.0034810341926783,0.0069886410801318,-0.0319715100037718,-0.0229002891709395
RF,COPPER,2,2023-07-01,2024-07-01,2023-12-04,3366,1.340381277146493,0.0006867105906411,0.0034031239474145,-0.0090712208328322,-0.0126433553747711
RF,COPPER,2,2023-07-01,2024-07-01,2023-12-05,3367,1.3277379217717218,0.0029645891639453,-4.170833185783517e-05,0.0302855510045074,-0.0149555447846581
RF,COPPER,2,2023-07-01,2024-07-01,2023-12-06,3368,1.3127823769870637,0.006876608059855,-0.0036920185900207,0.0443406043777871,0.0181313700366554
RF,COPPER,2,2023-07-01,2024-07-01,2023-12-07,3369,1.3309137470237191,0.0073994504570231,-0.0005732874853008,0.0166397986672315,0.0093366581190572
RF,COPPER,2,2023-07-01,2024-07-01,2023-12-08,3370,1.3402504051427764,0.0086168788073852,0.0012204451234597,0.0196999571383502,-0.0105264030801237
RF,COPPER,2,2023-07-01,2024-07-01,2023-12-11,3371,1.3297240020626526,0.0113382596876501,-0.0018471162239696,0.0316370890898962,0.0015860542510079
RF,COPPER,2,2023-07-01,2024-07-01,2023-12-12,3372,1.3313100563136606,0.0141922375771681,-0.0007932662027836,0.0318436011405836,0.0
RF,COPPER,2,2023-07-01,2024-07-01,2023-12-13,3373,1.3313100563136606,0.0164495734483201,-0.0035714263069625,0.0285119702758824,0.0267134164625686
RF,COPPER,2,2023-07-01,2024-07-01,2023-12-14,3374,1.3580234727762293,0.0149554198871104,0.0003088024329992,0.0017985538133138,-0.0009004914113783
RF,COPPER,2,2023-07-01,2024-07-01,2023-12-15,3375,1.3571229813648509,0.0154583130170729,-0.0015397352914188,0.0149456831317751,-0.0095694356739002
RF,COPPER,2,2023-07-01,2024-07-01,2023-12-18,3376,1.3475535456909506,0.0157160418039914,-0.0038321133542738,0.0167508248339056,0.0123968165901759
RF,COPPER,2,2023-07-01,2024-07-01,2023-12-19,3377,1.3599503622811266,0.0128551794448936,0.0002132105020081,-0.0039863308166947,0.0014107288714222
RF,COPPER,2,2023-07-01,2024-07-01,2023-12-20,3378,1.3613610911525489,0.00930925017442,0.0012575241896513,-0.0083650262797843,0.0017925663016953
RF,COPPER,2,2023-07-01,2024-07-01,2023-12-21,3379,1.3631536574542442,0.0047201263531806,0.0021614540326072,-0.0157300484151761,-0.0033316308647011
RF,COPPER,2,2023-07-01,2024-07-01,2023-12-22,3380,1.359822026589543,0.0002776015279342,-0.0002431740504342,-0.0166961374710352,0.0
RF,COPPER,2,2023-07-01,2024-07-01,2023-12-26,3381,1.359822026589543,-0.0051266479027158,-0.0014452322950352,-0.0262693470706911,0.0122466379070829
RF,COPPER,2,2023-07-01,2024-07-01,2023-12-27,3382,1.372068664496626,-0.011892284715443,0.0014928736769482,-0.0371991883809228,-0.0077642939717696
RF,COPPER,2,2023-07-01,2024-07-01,2023-12-28,3383,1.3643043705248563,-0.0182748835160588,-0.0012959406736021,-0.0429485815605767,-0.0083403390604244
RF,COPPER,2,2023-07-01,2024-07-01,2023-12-29,3384,1.355964031464432,-0.0211266634309634,-0.0033403245515445,-0.0259755332918114,-0.0029679665916673
RF,COPPER,2,2023-07-01,2024-07-01,2024-01-02,3385,1.3529960648727646,-0.0233519903943546,-0.0047083349826637,-0.0241984136367996,-0.0055724558336964
RF,COPPER,2,2023-07-01,2024-07-01,2024-01-03,3386,1.347423609039068,-0.0257203114053361,-0.0058684824661949,-0.0283379950626962,-0.0042977199205602
RF,COPPER,2,2023-07-01,2024-07-01,2024-01-04,3387,1.3431258891185078,-0.0257007208815935,-0.005607695626652,-0.0169797018476918,-0.0095732095996559
RF,COPPER,2,2023-07-01,2024-07-01,2024-01-05,3388,1.333552679518852,-0.0255666240517351,-0.007263668891786,-0.0164744086472028,0.0013167965968512
RF,COPPER,2,2023-07-01,2024-07-01,2024-01-08,3389,1.3348694761157032,-0.0249318123132595,-0.0056608973553776,-0.0144478897048436,-0.0135136871514236
RF,COPPER,2,2023-07-01,2024-07-01,2024-01-09,3390,1.3213557889642795,-0.0205981099759218,-0.0080556850404963,0.0102183443420145,0.0086327092083409
RF,COPPER,2,2023-07-01,2024-07-01,2024-01-10,3391,1.3299884981726204,-0.0189971554786256,-0.0047987518033169,-0.0045062926649912,-0.0011908469366554
RF,COPPER,2,2023-07-01,2024-07-01,2024-01-11,3392,1.328797651235965,-0.015835119079139,-0.0069049773665255,0.003700265653775,-0.0097120372595931
RF,COPPER,2,2023-07-01,2024-07-01,2024-01-12,3393,1.3190856139763718,-0.0092196626655052,-0.0091154236761353,0.0373936448699474,0.0070605732944442
RF,COPPER,2,2023-07-01,2024-07-01,2024-01-16,3394,1.326146187270816,-0.0043607145781623,-0.0053574464564827,0.0259448455995745,-0.0090679163991669
RF,COPPER,2,2023-07-01,2024-07-01,2024-01-17,3395,1.317078270871649,0.0013948608460507,-0.007859976607422,0.0311247668651686,0.0033433155392104
RF,COPPER,2,2023-07-01,2024-07-01,2024-01-18,3396,1.3204215864108595,0.0072058115563706,-0.005266274320587,0.0336077899905693,0.0111525468954345
RF,COPPER,2,2023-07-01,2024-07-01,2024-01-19,3397,1.331574133306294,0.0118719387480006,-0.0029047419208595,0.0310677250256177,-0.0060919277986648
RF,COPPER,2,2023-07-01,2024-07-01,2024-01-22,3398,1.3254822055076292,0.0172151368410615,-0.0045472044468143,0.0361351459060503,0.0070157113821107
RF,COPPER,2,2023-07-01,2024-07-01,2024-01-23,3399,1.33249791688974,0.0184193761949349,-0.0027936369040689,0.0162243614205188,0.0239813419565793
RF,COPPER,2,2023-07-01,2024-07-01,2024-01-24,3400,1.3564792588463193,0.0159511218173074,0.0011300434023912,-0.0158362266748897,-0.0043882259759286
RF,COPPER,2,2023-07-01,2024-07-01,2024-01-25,3401,1.3520910328703906,0.0116897175257417,-0.0013796400572344,-0.0244856483784488,-0.0038879951335728
RF,COPPER,2,2023-07-01,2024-07-01,2024-01-26,3402,1.3482030377368177,0.0080795905071746,-0.0039850308708488,-0.0178178634926025,0.0058263386646111
RF,COPPER,2,2023-07-01,2024-07-01,2024-01-29,3403,1.3540293764014288,0.0018876116368642,-0.0010299057227935,-0.035612450442809,0.0086124819304829
RF,COPPER,2,2023-07-01,2024-07-01,2024-01-30,3404,1.3626418583319118,-0.0066421351466154,0.000392632426894,-0.0528236862919702,-0.0010245069182321
RF,COPPER,2,2023-07-01,2024-07-01,2024-01-31,3405,1.3616173514136796,-0.0156560890618631,-0.0019006903347114,-0.0570754626709664,-0.0128950731034207
RF,COPPER,2,2023-07-01,2024-07-01,2024-02-01,3406,1.3487222783102588,-0.019469490525618,-0.0048921575651818,-0.0327162999789827,-0.0080792461388292
RF,COPPER,2,2023-07-01,2024-07-01,2024-02-02,3407,1.3406430321714295,-0.0223231771088381,-0.0079184691362281,-0.0285335728358107,-0.0130376476794877
RF,COPPER,2,2023-07-01,2024-07-01,2024-02-05,3408,1.3276053844919418,-0.0236300588922087,-0.0098513711198395,-0.0191374357439779,0.0027797897522734
RF,COPPER,2,2023-07-01,2024-07-01,2024-02-06,3409,1.3303851742442152,-0.0223419452454756,-0.0066861321865961,-0.0068974998938984,-0.0119682482855953
RF,COPPER,2,2023-07-01,2024-07-01,2024-02-07,3410,1.3184169259586198,-0.0171052858672764,-0.0089947571484865,0.0265344870327786,-0.0085987539186782
RF,COPPER,2,2023-07-01,2024-07-01,2024-02-08,3411,1.3098181720399416,-0.0095219389170329,-0.0119665141383662,0.0425315073753549,-0.0052762832972284
RF,COPPER,2,2023-07-01,2024-07-01,2024-02-09,3412,1.3045418887427132,-0.0006227491118075,-0.0133114722556776,0.0498747428325223,0.0114640895885629
RF,COPPER,2,2023-07-01,2024-07-01,2024-02-12,3413,1.316005978331276,0.0066982524196805,-0.0083230405371701,0.0443293534060675,-0.0038965189956572
RF,COPPER,2,2023-07-01,2024-07-01,2024-02-13,3414,1.3121094593356188,0.0137811511609229,-0.0087039924629628,0.0442410175498968,-0.003641510587655
RF,COPPER,2,2023-07-01,2024-07-01,2024-02-14,3415,1.3084679487479638,0.0182878836103264,-0.0096869473166843,0.0328290155166051,0.0150197256023529
RF,COPPER,2,2023-07-01,2024-07-01,2024-02-15,3416,1.3234876743503168,0.0200480940491725,-0.0055411998272703,0.019638214768191,0.0214637386410816
RF,COPPER,2,2023-07-01,2024-07-01,2024-02-16,3417,1.3449514129913984,0.0192090369924746,0.0001406558433616,-0.0027395370336829,0.007398266423898
RF,COPPER,2,2023-07-01,2024-07-01,2024-02-20,3418,1.3523496794152965,0.0173606804940325,0.0021178117600851,-0.0083106117932247,0.002066952159939
RF,COPPER,2,2023-07-01,2024-07-01,2024-02-21,3419,1.3544166315752355,0.0156924092254244,0.0043458442451525,-0.0050456196122159,0.0059187001621081
RF,COPPER,2,2023-07-01,2024-07-01,2024-02-22,3420,1.3603353317373437,0.0126715725445489,0.0065088998888352,-0.0117428382966224,-0.0039848548518279
RF,COPPER,2,2023-07-01,2024-07-01,2024-02-23,3421,1.3563504768855157,0.009670877761982,0.0021273957510485,-0.0098369594794789,-0.0150535126209467
RF,COPPER,2,2023-07-01,2024-07-01,2024-02-26,3422,1.341296964264569,0.0107699233624802,-0.0016690476761155,0.0120867560664605,0.0018289248539389
RF,COPPER,2,2023-07-01,2024-07-01,2024-02-27,3423,1.3431258891185078,0.0132876218846451,-0.0017438664298069,0.0228382342393369,-0.0009140131607923
RF,COPPER,2,2023-07-01,2024-07-01,2024-02-28,3424,1.3422118759577155,0.014094382145628,-0.0031400653640352,0.0149111054071353,0.0018271916643561
RF,COPPER,2,2023-07-01,2024-07-01,2024-02-29,3425,1.3440390676220717,0.0159720496389608,-0.0026325835708435,0.0226901112587654,0.0053319443409478
RF,COPPER,2,2023-07-01,2024-07-01,2024-03-01,3426,1.3493710119630196,0.0168895830964601,-0.0007205921920265,0.0179953271226347,-0.0007785185222983
RF,COPPER,2,2023-07-01,2024-07-01,2024-03-04,3427,1.3485924934407212,0.0197948065985684,-0.0026082467148569,0.0507414247078015,-0.0020789760346844
RF,COPPER,2,2023-07-01,2024-07-01,2024-03-05,3428,1.3465135174060368,0.0233671194403688,-0.0047241733418257,0.048988368876649,0.0068702029249927
RF,COPPER,2,2023-07-01,2024-07-01,2024-03-06,3429,1.3533837203310295,0.0271525250834605,-0.0017493906218511,0.0606474421397578,0.0125804030268152
RF,COPPER,2,2023-07-01,2024-07-01,2024-03-07,3430,1.3659641233578448,0.0296806965308522,0.0015443997609489,0.0485532078314066,-0.0088411419929939
RF,COPPER,2,2023-07-01,2024-07-01,2024-03-08,3431,1.3571229813648509,0.0323493757672326,-0.0013444005226327,0.0436904197977754,0.0096061975159862
RF,COPPER,2,2023-07-01,2024-07-01,2024-03-11,3432,1.3667291788808371,0.0329160957666021,0.0004026950574655,0.0291441154577369,0.0006371602048171
RF,COPPER,2,2023-07-01,2024-07-01,2024-03-12,3433,1.3673663390856543,0.0335459777575355,0.0009541392616793,0.0304860217745874,0.0319675790628684
RF,COPPER,2,2023-07-01,2024-07-01,2024-03-13,3434,1.3993339181485227,0.0303705595994974,0.0049066355176643,-0.0140400444747246,-0.0038320318658369
RF,COPPER,2,2023-07-01,2024-07-01,2024-03-14,3435,1.3955018862826858,0.0271545916808106,0.00219977196666,-0.0074590622447447,0.0185292761881015
RF,COPPER,2,2023-07-01,2024-07-01,2024-03-15,3436,1.4140311624707873,0.0216740376848392,0.00508338529948,-0.0287372887969892,0.000486168718464
RF,COPPER,2,2023-07-01,2024-07-01,2024-03-18,3437,1.4145173311892514,0.0152649610285442,0.006592829245649,-0.0300997133615694,-0.013703930026625
RF,COPPER,2,2023-07-01,2024-07-01,2024-03-19,3438,1.4008134011626263,0.0109064569231724,0.0029523075559444,-0.0136444264434372,-0.0049401068240522
RF,COPPER,2,2023-07-01,2024-07-01,2024-03-20,3439,1.395873294338574,0.0091595594439357,-0.0002560942556023,0.0018554453498114,0.0019790665216676
RF,COPPER,2,2023-07-01,2024-07-01,2024-03-21,3440,1.3978523608602418,0.0081721339099638,0.0022807820641322,0.0057906807715033,-0.0125584871864437
RF,COPPER,2,2023-07-01,2024-07-01,2024-03-22,3441,1.385293873673798,0.0119205452559636,0.0010624487261604,0.0481225563041696,0.0027489503641429
RF,COPPER,2,2023-07-01,2024-07-01,2024-03-25,3442,1.388042824037941,0.0168573733132693,0.0009358755181204,0.0580522937932483,-0.0027489503641429
RF,COPPER,2,2023-07-01,2024-07-01,2024-03-26,3443,1.385293873673798,0.0225329416147137,-0.0012610871084462,0.0591514748857087,-0.0008762558461161
RF,COPPER,2,2023-07-01,2024-07-01,2024-03-27,3444,1.384417617827682,0.02955143838012,-0.0020777300159159,0.068834199822265,0.0027513568915071
RF,COPPER,2,2023-07-01,2024-07-01,2024-03-28,3445,1.387168974719189,0.0363393310192545,0.0017938012965609,0.06818486982003,0.0105597649691964
RF,COPPER,2,2023-07-01,2024-07-01,2024-04-01,3446,1.3977287396883855,0.0406839900835043,0.0040505468163566,0.0566914656238632,0.0059143019433596
RF,COPPER,2,2023-07-01,2024-07-01,2024-04-02,3447,1.4036430416317451,0.0424704387136127,0.0066807147919463,0.0437463847561174,0.0297733883462225
RF,COPPER,2,2023-07-01,2024-07-01,2024-04-03,3448,1.4334164299779677,0.0412768139258079,0.0101335387379159,0.0152657438964975,0.0126786878532216
RF,COPPER,2,2023-07-01,2024-07-01,2024-04-04,3449,1.4460951178311894,0.0414969484861402,0.0131806485208872,0.0307253126736535,-0.0016497692716825
RF,COPPER,2,2023-07-01,2024-07-01,2024-04-05,3450,1.4444453485595068,0.0395095994436063,0.011525853763867,0.0154479336826212,0.0088064690904401
RF,COPPER,2,2023-07-01,2024-07-01,2024-04-08,3451,1.453251817649947,0.0372422534449363,0.0134302930818457,0.0151984497982815,0.0021020268892721
RF,COPPER,2,2023-07-01,2024-07-01,2024-04-09,3452,1.4553538445392191,0.0367403784472439,0.0139461745369764,0.0354130892102508,-0.0009336392269703
RF,COPPER,2,2023-07-01,2024-07-01,2024-04-10,3453,1.4544202053122488,0.0379358973124144,0.0113002478349432,0.0501015049736028,-0.0070307789243861
RF,COPPER,2,2023-07-01,2024-07-01,2024-04-11,3454,1.4473894263878626,0.0406946431596588,0.0075487439856091,0.0567991202508044,0.0012927474866026
RF,COPPER,2,2023-07-01,2024-07-01,2024-04-12,3455,1.4486821738744653,0.0431102034719137,0.0072091714019335,0.0532818743078746,0.0281382566303776
RF,COPPER,2,2023-07-01,2024-07-01,2024-04-15,3456,1.476820430504843,0.0415195537156214,0.008858402249117,0.0198966135730846,-0.0169271482627149
RF,COPPER,2,2023-07-01,2024-07-01,2024-04-16,3457,1.459893282242128,0.0444146809665428,0.0059734985567915,0.059729303334475,0.0085569852061004
RF,COPPER,2,2023-07-01,2024-07-01,2024-04-17,3458,1.4684502674482285,0.0461855253044642,0.0067768176582459,0.0508440442034818,0.0223166663012415
RF,COPPER,2,2023-07-01,2024-07-01,2024-04-18,3459,1.49076693374947,0.0477226043509841,0.009803288369671,0.0480338818908039,0.0137547765363816
RF,COPPER,2,2023-07-01,2024-07-01,2024-04-19,3460,1.5045217102858517,0.0449986640673936,0.0114830803092045,0.0137872369793423,-0.0003331636471846
RF,COPPER,2,2023-07-01,2024-07-01,2024-04-22,3461,1.504188546638667,0.0415753931017341,0.0092587950136821,0.0114879357048818,-0.0022244984563271
RF,COPPER,2,2023-07-01,2024-07-01,2024-04-23,3462,1.50196404818234,0.0367144679171247,0.0074796489739719,0.0007791162435322,-0.0052470041044123
RF,COPPER,2,2023-07-01,2024-07-01,2024-04-24,3463,1.4967170440779276,0.0351778470465722,0.005091067508052,0.0235617662339244,0.0229055414986754
RF,COPPER,2,2023-07-01,2024-07-01,2024-04-25,3464,1.519622585576603,0.0326052410247348,0.0075129133353867,0.013905738518908,-0.0003282739248926
RF,COPPER,2,2023-07-01,2024-07-01,2024-04-26,3465,1.5192943116517104,0.029701482061023,0.0046679911228092,0.0122902052871682,0.0195065039885635
RF,COPPER,2,2023-07-01,2024-07-01,2024-04-29,3466,1.538800815640274,0.0228635580454068,0.0064940914611718,-0.0210397360961309,-0.0204918683750798
RF,COPPER,2,2023-07-01,2024-07-01,2024-04-30,3467,1.518308947265194,0.0201318958604543,0.003466864612928,0.0093764798552895,-0.0026324649216451
RF,COPPER,2,2023-07-01,2024-07-01,2024-05-01,3468,1.515676482343549,0.0205744523528803,-0.001347316059189,0.0305020993917399,-0.0129333179176767
RF,COPPER,2,2023-07-01,2024-07-01,2024-05-02,3469,1.5027431644258722,0.0253890272864156,-0.0038362807212819,0.0668098357468873,0.0175356458859798
RF,COPPER,2,2023-07-01,2024-07-01,2024-05-03,3470,1.520278810311852,0.0302119461216201,-0.0041084102212964,0.0798155455336195,0.013249513783659
RF,COPPER,2,2023-07-01,2024-07-01,2024-05-06,3471,1.533528324095511,0.0341824776962687,-0.002499660072881,0.0697909203799851,-0.0019438071566324
RF,COPPER,2,2023-07-01,2024-07-01,2024-05-07,3472,1.5315845169388786,0.0368927839289001,-0.0063129258652249,0.0560167414347501,-0.0138234373947356
RF,COPPER,2,2023-07-01,2024-07-01,2024-05-08,3473,1.517761079544143,0.0441057846661436,-0.0082180507950224,0.1030123742359816,0.0099243475763406
RF,COPPER,2,2023-07-01,2024-07-01,2024-05-09,3474,1.5276854271204836,0.0508466325182861,-0.0084789148154916,0.0991011423936707,0.0184931546148052
RF,COPPER,2,2023-07-01,2024-07-01,2024-05-10,3475,1.5461785817352889,0.0557611291316548,-0.0061792954242105,0.0867805175429177,0.0233744184374706
RF,COPPER,2,2023-07-01,2024-07-01,2024-05-13,3476,1.5695530001727596,0.0534504489476717,-0.0072527147949631,0.0130274228246107,0.0305413556727121
RF,COPPER,2,2023-07-01,2024-07-01,2024-05-14,3477,1.6000943558454717,0.0478306229743241,-0.0069193051396934,-0.0280467938216333,0.0032248886300245
RF,COPPER,2,2023-07-01,2024-07-01,2024-05-15,3478,1.6033192444754962,0.0404885998418316,-0.0076205642776718,-0.0391925379870077,-0.0157179861018674
RF,COPPER,2,2023-07-01,2024-07-01,2024-05-16,3479,1.5876012583736288,0.0365841717706372,-0.0094838089503309,-0.0033785536122399,0.0331721954064958
RF,COPPER,2,2023-07-01,2024-07-01,2024-05-17,3480,1.6207734537801246,0.0285969065175935,-0.0099763612483333,-0.0510123521483705,0.0060131157340297
RF,COPPER,2,2023-07-01,2024-07-01,2024-05-20,3481,1.6267865695141543,0.0176087272701441,-0.0111321507137874,-0.0851993386852643,0.0061725297640522
RF,COPPER,2,2023-07-01,2024-07-01,2024-05-21,3482,1.6329590992782066,0.0042405352044758,-0.011907925745693,-0.1047312133077402,-0.0503786762808362
RF,COPPER,2,2023-07-01,2024-07-01,2024-05-22,3483,1.5825804229973703,-0.0030963479205041,-0.0152058122964238,-0.0399235344660724,-0.010532860973532
RF,COPPER,2,2023-07-01,2024-07-01,2024-05-23,3484,1.5720475620238383,-0.0113094422149018,-0.0171160994296532,-0.0573600171698054,-0.0079208555353498
RF,COPPER,2,2023-07-01,2024-07-01,2024-05-24,3485,1.5641267064884885,-0.0168454872411019,-0.0171983223341012,-0.0338401976770064,0.0200959982729003
RF,COPPER,2,2023-07-01,2024-07-01,2024-05-28,3486,1.5842227047613888,-0.0222339456497129,-0.016274479646653,-0.0385769286678474,-0.0144616031296347
RF,COPPER,2,2023-07-01,2024-07-01,2024-05-29,3487,1.569761101631754,-0.0279623188903073,-0.0176484814646451,-0.0669066389530275,-0.028173870802864
RF,COPPER,2,2023-07-01,2024-07-01,2024-05-30,3488,1.54158723082889,-0.0304512337785802,-0.0186303299634601,-0.0250324550840346,-0.0133593448584237
RF,COPPER,2,2023-07-01,2024-07-01,2024-05-31,3489,1.5282278859704663,-0.0321610486776431,-0.0190933209840426,-0.0190524477655487,0.0144290025608315
RF,COPPER,2,2023-07-01,2024-07-01,2024-06-03,3490,1.542656888531298,-0.033668679242615,-0.0168224945602913,-0.0206304214513382,-0.027969343677265
RF,COPPER,2,2023-07-01,2024-07-01,2024-06-04,3491,1.514687544854033,-0.0346319029909965,-0.0182696146416773,-0.008944830675198,0.0155989639574491
RF,COPPER,2,2023-07-01,2024-07-01,2024-06-05,3492,1.530286508811482,-0.0357232813339654,-0.0171202375175855,-0.0149394937924431,0.0153592672820592
RF,COPPER,2,2023-07-01,2024-07-01,2024-06-06,3493,1.5456457760935414,-0.0390134903626886,-0.0166026021371499,-0.0368019544284357,-0.0427913134148147
RF,COPPER,2,2023-07-01,2024-07-01,2024-06-07,3494,1.5028544626787266,-0.0385625162938629,-0.0161683753350987,0.0149066168654163,0.0137003130661288
RF,COPPER,2,2023-07-01,2024-07-01,2024-06-10,3495,1.5165547757448554,-0.0367622286270046,-0.0148750502106861,0.0134069417958453,-0.0073793375399378
RF,COPPER,2,2023-07-01,2024-07-01,2024-06-11,3496,1.5091754382049176,-0.0364014474657659,-0.0163697937189679,-0.0064322737790454,0.012851028875042
RF,COPPER,2,2023-07-01,2024-07-01,2024-06-12,3497,1.5220264670799597,-0.0361029265267758,-0.0148629649156609,-0.0119670095806476,-0.0162837529011248
RF,COPPER,2,2023-07-01,2024-07-01,2024-06-13,3498,1.5057427141788349,-0.036538579522839,-0.016163557779362,-0.0284656957689704,0.009604300840204
RF,COPPER,2,2023-07-01,2024-07-01,2024-06-14,3499,1.515347015019039,-0.0384333591241414,-0.016055574710765,-0.04115629129723,-0.0065031933539332
RF,COPPER,2,2023-07-01,2024-07-01,2024-06-17,3500,1.5088438216651057,-0.0403815043041828,-0.0161994457097086,-0.0436228075814932,0.0089172578790373
RF,COPPER,2,2023-07-01,2024-07-01,2024-06-18,3501,1.517761079544143,-0.04141564471048,-0.0159598230695179,-0.0383179480868833,0.0122006379965577
RF,COPPER,2,2023-07-01,2024-07-01,2024-06-20,3502,1.5299617175407008,-0.042999486994212,-0.0158023555871748,-0.0423525488049749,-0.0272185531148285
RF,COPPER,2,2023-07-01,2024-07-01,2024-06-21,3503,1.5027431644258722,-0.0413949644969087,-0.0160533685170354,-0.0144564303034502,0.0073162930734398
RF,COPPER,3,2024-07-01,2025-07-01,2024-07-01,3509,1.4876091687357258,0.0013576007408275,-0.0238395110305541,0.0183553572210177,0.0006775653866961
RF,COPPER,3,2024-07-01,2025-07-01,2024-07-02,3510,1.488286734122422,0.0066832712609874,-0.0237090632411917,0.0374433802945932,0.0248604936317489
RF,COPPER,3,2024-07-01,2025-07-01,2024-07-03,3511,1.5131472277541709,0.0065947256659164,-0.0219730531972697,-0.0026461061365004,0.0255463219164462
RF,COPPER,3,2024-07-01,2025-07-01,2024-07-05,3512,1.5386935496706171,0.0016330820304868,-0.0213031393502832,-0.0471387302551911,-0.0078659907743479
RF,COPPER,3,2024-07-01,2025-07-01,2024-07-08,3513,1.5308275588962692,-0.0038067367589182,-0.0199900958969218,-0.0494502783740427,-0.0095653223670846
RF,COPPER,3,2024-07-01,2025-07-01,2024-07-09,3514,1.5212622365291846,-0.0107514023055763,-0.0188128751560945,-0.0705856647673339,0.006423190591299
RF,COPPER,3,2024-07-01,2025-07-01,2024-07-10,3515,1.5276854271204836,-0.0198857972822272,-0.0169076873847477,-0.0880873265284369,-0.02172090116374
RF,COPPER,3,2024-07-01,2025-07-01,2024-07-11,3516,1.5059645259567436,-0.0269363101016524,-0.0170132932415277,-0.0755336620487852,0.0197655884602716
RF,COPPER,3,2024-07-01,2025-07-01,2024-07-12,3517,1.5257301144170152,-0.0371969540494769,-0.0122548603244264,-0.1035861224856116,-0.0152289927993447
RF,COPPER,3,2024-07-01,2025-07-01,2024-07-15,3518,1.5105011216176705,-0.0465630537879322,-0.0104329915499123,-0.0997580856793156,-0.0189463022022444
RF,COPPER,3,2024-07-01,2025-07-01,2024-07-16,3519,1.491554819415426,-0.0528184612829658,-0.0094735446158508,-0.0775236569446387,-0.0101775388931995
RF,COPPER,3,2024-07-01,2025-07-01,2024-07-17,3520,1.4813772805222265,-0.0576147672458133,-0.0086306041989706,-0.0692933923269509,-0.0307007087603758
RF,COPPER,3,2024-07-01,2025-07-01,2024-07-18,3521,1.4506765717618506,-0.0605098618460535,-0.0110464241700913,-0.0490011583769121,-0.0110784711698039
RF,COPPER,3,2024-07-01,2025-07-01,2024-07-19,3522,1.4395981005920466,-0.0613506514566593,-0.0110751467222602,-0.0376764338254549,-0.0091672366840882
RF,COPPER,3,2024-07-01,2025-07-01,2024-07-22,3523,1.4304308639079584,-0.0566484276957384,-0.0108586188871374,-0.0049158263145685,-0.0082868719765547
RF,COPPER,3,2024-07-01,2025-07-01,2024-07-23,3524,1.4221439919314036,-0.0535199554964589,-0.0115523929244609,-0.0193612673408527,-0.0114009559930488
RF,COPPER,3,2024-07-01,2025-07-01,2024-07-24,3525,1.4107430359383548,-0.0484059908617238,-0.0102688388979337,-0.0036661085482228,0.0032881265324324
RF,COPPER,3,2024-07-01,2025-07-01,2024-07-25,3526,1.4140311624707873,-0.0464880187367608,-0.0078250052434398,-0.0317448308872223,-0.0019472742755117
RF,COPPER,3,2024-07-01,2025-07-01,2024-07-26,3527,1.4120838881952755,-0.0436315529095145,-0.0078014294367459,-0.0229186814628534,-0.010408474810337
RF,COPPER,3,2024-07-01,2025-07-01,2024-07-29,3528,1.4016754133849385,-0.0417258642331779,-0.0090204631598387,-0.031129409233187,0.0002462533816531
RF,COPPER,3,2024-07-01,2025-07-01,2024-07-30,3529,1.4019216667665917,-0.0399606186982941,-0.0081197600461592,-0.0294727293907322,0.0235933708267981
RF,COPPER,3,2024-07-01,2025-07-01,2024-07-31,3530,1.4255150375933898,-0.0409315713610209,-0.0049858436310827,-0.0442332135047103,-0.0227323130028389
RF,COPPER,3,2024-07-01,2025-07-01,2024-08-01,3531,1.4027827245905509,-0.0366552575788026,-0.0069894935343236,-0.0028320793564373,0.0042942027995811
RF,COPPER,3,2024-07-01,2025-07-01,2024-08-02,3532,1.407076927390132,-0.0334528522936643,-0.0051569554577312,-0.0118228806636715,-0.024790595806567
RF,COPPER,3,2024-07-01,2025-07-01,2024-08-05,3533,1.382286331583565,-0.0278028996318713,-0.0070947645412664,0.0102386029807335,0.0068788751488571
RF,COPPER,3,2024-07-01,2025-07-01,2024-08-06,3534,1.389165206732422,-0.0206712514423554,-0.0051527188026819,0.03128899128782,-0.0186192025806706
RF,COPPER,3,2024-07-01,2025-07-01,2024-08-07,3535,1.3705460041517514,-0.011626329772578,-0.0063129397482819,0.0471259065236189,0.001902933224108
RF,COPPER,3,2024-07-01,2025-07-01,2024-08-08,3536,1.3724489373758595,-0.0017542964558909,-0.0052320500058601,0.0546274394377999,0.00883288671282
RF,COPPER,3,2024-07-01,2025-07-01,2024-08-09,3537,1.3812818240886795,0.0060593771296957,-0.0006229566617616,0.0417059952268679,0.018668821145434
RF,COPPER,3,2024-07-01,2025-07-01,2024-08-12,3538,1.3999506452341135,0.0122088331017533,0.0016693793249256,0.0307193785702541,-0.004696598507653
RF,COPPER,3,2024-07-01,2025-07-01,2024-08-13,3539,1.3952540467264605,0.0166965488820662,0.0008910426040972,0.025683208092063,-0.0027291121621619
RF,COPPER,3,2024-07-01,2025-07-01,2024-08-14,3540,1.3925249345642985,0.0225903807050424,-0.0013341788051547,0.041249201464296,0.0279292634559435
RF,COPPER,3,2024-07-01,2025-07-01,2024-08-15,3541,1.420454198020242,0.0263184315684523,0.0024006386811382,0.0173647206074087,-0.0027822873448717
RF,COPPER,3,2024-07-01,2025-07-01,2024-08-16,3542,1.4176719106753704,0.0302310805366146,0.0009678272598319,0.0246483310064065,0.009404466138289
RF,COPPER,3,2024-07-01,2025-07-01,2024-08-19,3543,1.4270763768136594,0.0282032278940651,0.0038930973244532,-0.0051735928279657,-0.0040885574981119
RF,COPPER,3,2024-07-01,2025-07-01,2024-08-20,3544,1.4229878193155474,0.0264954314862373,0.0011764810217352,-0.0004820670355025,0.0076822044888202
RF,COPPER,3,2024-07-01,2025-07-01,2024-08-21,3545,1.4306700238043677,0.023422883726168,0.0030560860745454,-0.008767239818674,-0.0097327689858441
RF,COPPER,3,2024-07-01,2025-07-01,2024-08-22,3546,1.4209372548185235,0.0182604768589931,0.0002457813889122,-0.026674707965663,0.0128368812100709
RF,COPPER,3,2024-07-01,2025-07-01,2024-08-23,3547,1.4337741360285945,0.0110104540005941,0.002747590608724,-0.0426166742874847,0.0040447825990563
RF,COPPER,3,2024-07-01,2025-07-01,2024-08-26,3548,1.4378189186276509,0.0051128448568333,0.0044285466448496,-0.0323348958588021,0.0045013230541259
RF,COPPER,3,2024-07-01,2025-07-01,2024-08-27,3549,1.4423202416817769,-0.0031833000916574,0.006860058331432,-0.0524073998806757,-0.0204174576960831
RF,COPPER,3,2024-07-01,2025-07-01,2024-08-28,3550,1.4219027839856937,-0.0048643962166674,0.0018088884281048,-0.014703502345531,0.0006029682943511
RF,COPPER,3,2024-07-01,2025-07-01,2024-08-29,3551,1.4225057522800448,-0.0079800643662999,0.0001873482414324,-0.0261372649917288,-0.0006029682943511
RF,COPPER,3,2024-07-01,2025-07-01,2024-08-30,3552,1.4219027839856937,-0.0095381983606845,-0.0003003839410778,-0.0150707268024394,-0.0276402371328332
RF,COPPER,3,2024-07-01,2025-07-01,2024-09-03,3553,1.3942625468528604,-0.0056937742517439,-0.0032922586576185,0.0247409637561377,-0.0031050851117506
RF,COPPER,3,2024-07-01,2025-07-01,2024-09-04,3554,1.3911574617411098,-1.326745153384934e-05,-0.0040369670656205,0.0379569422467052,0.0143265610277389
RF,COPPER,3,2024-07-01,2025-07-01,2024-09-05,3555,1.4054840227688488,0.0048777130878674,-0.0013427168994517,0.0326909176714735,-0.0155711809677476
RF,COPPER,3,2024-07-01,2025-07-01,2024-09-06,3556,1.389912841801101,0.011578425780764,-0.003945495638416,0.0483808198612774,0.0172864398390615
RF,COPPER,3,2024-07-01,2025-07-01,2024-09-09,3557,1.4071992816401626,0.0166562239443421,0.0006010267762537,0.0368921584033634,-0.0108307943518466
RF,COPPER,3,2024-07-01,2025-07-01,2024-09-10,3558,1.396368487288316,0.0241841150139208,-0.0015818344792083,0.0589853572509031,0.0104635698949382
RF,COPPER,3,2024-07-01,2025-07-01,2024-09-11,3559,1.4068320571832542,0.0296915102928585,0.0005238098942638,0.0474713262258574,0.0121714534257439
RF,COPPER,3,2024-07-01,2025-07-01,2024-09-12,3560,1.4190035106089982,0.0333423856258927,0.0053889191179638,0.0370501029304723,0.0101108933788167
RF,COPPER,3,2024-07-01,2025-07-01,2024-09-13,3561,1.429114403987815,0.0369518821623502,0.0076412101566275,0.0591723301346069,0.0090605364525073
RF,COPPER,3,2024-07-01,2025-07-01,2024-09-16,3562,1.4381749404403223,0.0395181046662582,0.01062948514845,0.0497730683756072,0.0001187212220561
RF,COPPER,3,2024-07-01,2025-07-01,2024-09-17,3563,1.4382936616623785,0.0432149870248732,0.0082131352141152,0.0836236207660872,0.0057977783811475
RF,COPPER,3,2024-07-01,2025-07-01,2024-09-18,3564,1.444091440043526,0.0457788732452055,0.0098998125662841,0.0690557877106448,0.011262404495693
RF,COPPER,3,2024-07-01,2025-07-01,2024-09-19,3565,1.4553538445392191,0.0461908108781781,0.0112290449860561,0.0478342264773998,-0.0010504611301074
RF,COPPER,3,2024-07-01,2025-07-01,2024-09-20,3566,1.4543033834091117,0.0479622513114219,0.0092343866944358,0.0576319585977294,0.0017502301303589
RF,COPPER,3,2024-07-01,2025-07-01,2024-09-23,3567,1.4560536135394706,0.051027441407814,0.0081110867413107,0.0691327887772295,0.0322331205829513
RF,COPPER,3,2024-07-01,2025-07-01,2024-09-24,3568,1.488286734122422,0.0495799716902121,0.0102699506226536,0.0162349761634297,-0.0003387253064923
RF,COPPER,3,2024-07-01,2025-07-01,2024-09-25,3569,1.4879480088159296,0.0481106879788724,0.0078030743776889,0.0211169379063138,0.0339692736125361
RF,COPPER,3,2024-07-01,2025-07-01,2024-09-26,3570,1.5219172824284657,0.0449449050646286,0.0096938640705031,-0.0136265401812745,-0.0087700546742948
RF,COPPER,3,2024-07-01,2025-07-01,2024-09-27,3571,1.5131472277541709,0.0388737533674583,0.0060699199937448,-0.0288190857258414,-0.0099591567375518
RF,COPPER,3,2024-07-01,2025-07-01,2024-09-30,3572,1.503188071016619,0.0317963429141923,0.0033045424796762,-0.0318634563324775,0.0087472709902221
RF,COPPER,3,2024-07-01,2025-07-01,2024-10-01,3573,1.511935342006841,0.0242552578758084,0.0052533059904854,-0.0337456639861541,0.013251060309859
RF,COPPER,3,2024-07-01,2025-07-01,2024-10-02,3574,1.5251864023167,0.0173803877219693,0.0072696812770551,-0.0319452979962551,-0.0206646920308484
RF,COPPER,3,2024-07-01,2025-07-01,2024-10-03,3575,1.5045217102858517,0.0111308368484666,0.0045928994787492,-0.0312471955635309,0.0045432364363917
RF,COPPER,3,2024-07-01,2025-07-01,2024-10-04,3576,1.5090649467222434,0.0027956866089022,0.0048905800743277,-0.0503336712276329,-0.0007742044750522
RF,COPPER,3,2024-07-01,2025-07-01,2024-10-07,3577,1.5082907422471912,-0.004396362602185,0.00098703250811,-0.0423768275695104,-0.0239626002188617
RF,COPPER,3,2024-07-01,2025-07-01,2024-10-08,3578,1.4843281420283294,-0.0097753326703489,-0.0018553113288048,-0.0288575982312531,-0.0130035273441879
RF,COPPER,3,2024-07-01,2025-07-01,2024-10-09,3579,1.4713246146841414,-0.0110957364231611,-0.0038557146184878,-0.0020686880847042,0.0068650633365454
RF,COPPER,3,2024-07-01,2025-07-01,2024-10-10,3580,1.478189678020687,-0.0137045228943164,-0.0030705038918107,-0.0142400829242199,0.015051426299758
RF,COPPER,3,2024-07-01,2025-07-01,2024-10-11,3581,1.493241104320445,-0.0172644038650005,-0.0021884204018573,-0.0235251236559934,-0.0199665895981242
RF,COPPER,3,2024-07-01,2025-07-01,2024-10-14,3582,1.4732745147223207,-0.0197154465133728,-0.0047713199646176,-0.013613503678739,-0.0145432392277102
RF,COPPER,3,2024-07-01,2025-07-01,2024-10-15,3583,1.4587312754946105,-0.0195998028298427,-0.0062669437892714,0.0044083722571193,0.0071826391830702
RF,COPPER,3,2024-07-01,2025-07-01,2024-10-16,3584,1.4659139146776807,-0.0191188711754395,-0.0054582525158922,0.0018452079966524,-0.0104433708806044
RF,COPPER,3,2024-07-01,2025-07-01,2024-10-17,3585,1.4554705437970763,-0.0172962285407785,-0.0073128672681627,0.0105587342676956,0.0137853828023608
RF,COPPER,3,2024-07-01,2025-07-01,2024-10-18,3586,1.4692559265994372,-0.0173719832248537,-0.0051998517717709,-0.0031111883942336,-0.0053063315029702
RF,COPPER,3,2024-07-01,2025-07-01,2024-10-21,3587,1.463949595096467,-0.0165361949696827,-0.0064749420889071,0.001040382119211,0.0057663855679845
RF,COPPER,3,2024-07-01,2025-07-01,2024-10-22,3588,1.4697159806644515,-0.0169148517372452,-0.0053293568848798,-0.007966357932841,-0.0100549696208698
RF,COPPER,3,2024-07-01,2025-07-01,2024-10-23,3589,1.4596610110435817,-0.0140064531132453,-0.0065937283776337,0.0099399211048714,0.003478636708148
RF,COPPER,3,2024-07-01,2025-07-01,2024-10-24,3590,1.4631396477517298,-0.0093621452091365,-0.0056533607049434,0.0200545528233127,0.0046194749226033
RF,COPPER,3,2024-07-01,2025-07-01,2024-10-25,3591,1.4677591226743332,-0.0042438701317959,-0.0037989255186089,0.0252573293139333,-0.0017298446095612
RF,COPPER,3,2024-07-01,2025-07-01,2024-10-28,3592,1.466029278064772,-0.003735921404335,-0.004868095789115,-0.0256019445018143,0.0001154601404316
RF,COPPER,3,2024-07-01,2025-07-01,2024-10-29,3593,1.4661447382052035,-0.0013572116159126,-0.0040069669087462,0.0177299166531217,-0.0011547609895254
RF,COPPER,3,2024-07-01,2025-07-01,2024-10-30,3594,1.464989977215678,-0.0001076272589048,-0.0039221282374531,-0.0095194334186017,-0.0032403544840675
RF,COPPER,3,2024-07-01,2025-07-01,2024-10-31,3595,1.4617496227316105,0.0005228691550298,-0.0032071639501979,-0.024049481704818,0.0078513094168426
RF,COPPER,3,2024-07-01,2025-07-01,2024-11-01,3596,1.469600932148453,-0.0020948006587542,-0.002082043599298,-0.0538690964825356,0.0135932684265893
RF,COPPER,3,2024-07-01,2025-07-01,2024-11-04,3597,1.4831942005750425,-0.0083823913015139,0.0003214741087105,-0.0805344891216641,0.009822251413224
RF,COPPER,3,2024-07-01,2025-07-01,2024-11-05,3598,1.4930164519882665,-0.0166159602713515,0.001679895752389,-0.0886366345609714,-0.0525891184253088
RF,COPPER,3,2024-07-01,2025-07-01,2024-11-06,3599,1.4404273335629576,-0.0210268748555131,-0.0001924215034972,-0.0414635401506953,0.0434473212953676
RF,COPPER,3,2024-07-01,2025-07-01,2024-11-07,3600,1.4838746548583253,-0.026395595637126,0.0009485328824455,-0.0709384110793218,-0.0284041110612489
RF,COPPER,3,2024-07-01,2025-07-01,2024-11-08,3601,1.4554705437970763,-0.0301837775221687,-0.0012883004752855,-0.0371931091144699,-0.0177704027702838
RF,COPPER,3,2024-07-01,2025-07-01,2024-11-11,3602,1.4377001410267924,-0.0325529517548626,-0.0038593128516443,-0.0161593356250322,-0.021968305360875
RF,COPPER,3,2024-07-01,2025-07-01,2024-11-12,3603,1.4157318356659174,-0.0342603633275648,-0.0062202421357424,-0.001579166822041,-0.0130721242125391
RF,COPPER,3,2024-07-01,2025-07-01,2024-11-13,3604,1.4026597114533783,-0.0355992310223787,-0.0078015794366601,0.0019655773243292,0.0017201059739166
RF,COPPER,3,2024-07-01,2025-07-01,2024-11-14,3605,1.404379817427295,-0.0353872621824045,-0.0052715778827186,0.0045317860083122,-0.0054160240150327
RF,COPPER,3,2024-07-01,2025-07-01,2024-11-15,3606,1.3989637934122623,-0.0354678525786273,-0.0069355669957838,-0.0029666483307946,0.0139724503667411
RF,COPPER,3,2024-07-01,2025-07-01,2024-11-18,3607,1.4129362437790034,-0.0350366105196469,-0.0033405039439213,-0.0100306384270749,0.0053411909036029
RF,COPPER,3,2024-07-01,2025-07-01,2024-11-19,3608,1.4182774346826064,-0.0339728985885288,-0.0010627945779905,-0.0120578739050578,0.0032633707191538
RF,COPPER,3,2024-07-01,2025-07-01,2024-11-20,3609,1.4215408054017602,-0.0330083805643677,-0.0013710898863076,-0.0165473640413635,-0.0073881365578838
RF,COPPER,3,2024-07-01,2025-07-01,2024-11-21,3610,1.4141526688438764,-0.0282533541388758,-0.0022481058392,0.0079913230875272,-0.0095273800661688
RF,COPPER,3,2024-07-01,2025-07-01,2024-11-22,3611,1.4046252887777075,-0.022388870715515,-0.0032266913555983,0.0165535220866199,0.0042863146578997
RF,COPPER,3,2024-07-01,2025-07-01,2024-11-25,3612,1.4089116034356073,-0.017524105409358,-0.0014272453467259,0.0105757803923638,-0.0129144583541396
RF,COPPER,3,2024-07-01,2025-07-01,2024-11-26,3613,1.3959971450814677,-0.0109867800985452,-0.0033419622100022,0.0243363098803166,0.0069084602704607
RF,COPPER,3,2024-07-01,2025-07-01,2024-11-27,3614,1.4029056053519284,-0.0035398391208905,-0.0017320419583819,0.0377585095442365,0.00331395542562
RF,COPPER,3,2024-07-01,2025-07-01,2024-11-29,3615,1.4062195607775485,0.0030570789274586,-0.0005912339335631,0.0344445541186164,-0.0012261194171518
RF,COPPER,3,2024-07-01,2025-07-01,2024-12-02,3616,1.4049934413603966,0.009041993677588,-0.0004444739565848,0.0334189274309819,0.017150550571007
RF,COPPER,3,2024-07-01,2025-07-01,2024-12-03,3617,1.4221439919314036,0.0111563216449472,0.0023165370103368,0.0117493889082362,-0.0009651810670761
RF,COPPER,3,2024-07-01,2025-07-01,2024-12-04,3618,1.4211788108643275,0.011068902263744,0.0014009701420025,0.0016885709411336,-0.0016914270363563
RF,COPPER,3,2024-07-01,2025-07-01,2024-12-05,3619,1.4194873838279711,0.0108912800659444,0.0008499747804772,0.002053421573789,0.0008460711338131
RF,COPPER,3,2024-07-01,2025-07-01,2024-12-06,3620,1.4203334549617843,0.0083310614437985,0.0009361115763142,-0.011421851526177,0.0203306599343806
RF,COPPER,3,2024-07-01,2025-07-01,2024-12-09,3621,1.440664114896165,0.003842174496748,0.0038983696956224,-0.0296771644462523,0.0
RF,COPPER,3,2024-07-01,2025-07-01,2024-12-10,3622,1.440664114896165,-0.0032256941282207,0.0044724353155673,-0.0492577963471398,-0.0022517461047864
RF,COPPER,3,2024-07-01,2025-07-01,2024-12-11,3623,1.4384123687913786,-0.0090522734330475,0.0022646584519934,-0.0419202100709936,-0.0045189879517386
RF,COPPER,3,2024-07-01,2025-07-01,2024-12-12,3624,1.43389338083964,-0.0145118369226344,0.0007061169636572,-0.041865546661757,-0.0110259990341787
RF,COPPER,3,2024-07-01,2025-07-01,2024-12-13,3625,1.4228673818054611,-0.0165030544337434,-0.0005334696296434,-0.0242739679246042,-0.0013265764037009
RF,COPPER,3,2024-07-01,2025-07-01,2024-12-16,3626,1.4215408054017602,-0.0171512448684689,-0.0016028533523845,-0.0174065195958565,-0.0126292019661529
RF,COPPER,3,2024-07-01,2025-07-01,2024-12-17,3627,1.4089116034356073,-0.0159794279702507,-0.0035509536169179,-0.0071130557797511,0.0020753470143053
RF,COPPER,3,2024-07-01,2025-07-01,2024-12-18,3628,1.4109869504499126,-0.0159264250709367,-0.0017477520384961,-0.0133818472174669,-0.0195806319008875
RF,COPPER,3,2024-07-01,2025-07-01,2024-12-19,3629,1.391406318549025,-0.0155941923714513,-0.0042054495238603,-0.0086180814460399,0.0050858401713598
RF,COPPER,3,2024-07-01,2025-07-01,2024-12-20,3630,1.396492158720385,-0.0157697455559668,-0.0012445054236737,-0.0130769087021931,-0.004464324542502
RF,COPPER,3,2024-07-01,2025-07-01,2024-12-23,3631,1.392027834177883,-0.0129663116995106,-0.0044121661035312,0.0040931463093714,0.006565579702974
RF,COPPER,3,2024-07-01,2025-07-01,2024-12-24,3632,1.398593413880857,-0.0091412402700405,-0.0013026796786295,0.0189573017651634,0.0055408719250467
RF,COPPER,3,2024-07-01,2025-07-01,2024-12-26,3633,1.4041342858059036,-0.0052309506678698,0.0015625194815555,0.0215009854719399,-0.0023357381500475
RF,COPPER,3,2024-07-01,2025-07-01,2024-12-27,3634,1.401798547655856,0.0004672517271859,0.001206618138161,0.0398122451112123,-0.0041934444234104
RF,COPPER,3,2024-07-01,2025-07-01,2024-12-30,3635,1.3976051032324457,0.0081692970991087,-0.000702177240833,0.0562310788898587,-0.0148168661294605
RF,COPPER,3,2024-07-01,2025-07-01,2024-12-31,3636,1.3827882371029852,0.0182247334936302,-0.0033244738815921,0.0698788743930916,0.0006270129152066
RF,COPPER,3,2024-07-01,2025-07-01,2025-01-02,3637,1.3834152500181918,0.0285908944234103,-0.005026516813043,0.074152666898231,0.0127057304690625
RF,COPPER,3,2024-07-01,2025-07-01,2025-01-03,3638,1.3961209804872543,0.0367869115328598,-0.0009562106466458,0.0649329598097481,0.021429735158766
RF,COPPER,3,2024-07-01,2025-07-01,2025-01-06,3639,1.4175507156460203,0.0433536759864567,0.0021312949572201,0.0548066404891558,0.0080845556318231
RF,COPPER,3,2024-07-01,2025-07-01,2025-01-07,3640,1.4256352712778435,0.0493452323084304,0.0059715248621936,0.0583528016827055,0.0159755214892249
RF,COPPER,3,2024-07-01,2025-07-01,2025-01-08,3641,1.4416107927670685,0.0498948278668387,0.0091034606101791,0.0256873744926366,0.0122253893552359
RF,COPPER,3,2024-07-01,2025-07-01,2025-01-09,3642,1.4538361821223045,0.0477111811891182,0.0107989228346647,0.0073336835569335,-0.0011690706262277
RF,COPPER,3,2024-07-01,2025-07-01,2025-01-10,3643,1.4526671114960767,0.0434254333754229,0.0096055347423859,-0.0007020319878585,0.004900805420346
RF,COPPER,3,2024-07-01,2025-07-01,2025-01-13,3644,1.4575679169164228,0.0390143606762851,0.0103656476235977,0.0009308172906652,0.0034860233805795
RF,COPPER,3,2024-07-01,2025-07-01,2025-01-14,3645,1.4610539402970024,0.0334092319269638,0.0107489595955938,-0.004767216249145,0.0113034158381737
RF,COPPER,3,2024-07-01,2025-07-01,2025-01-15,3646,1.4723573561351762,0.0241889593792841,0.0112145322162633,-0.0364398935472327,0.0116307168253728
RF,COPPER,3,2024-07-01,2025-07-01,2025-01-16,3647,1.483988072960549,0.0143558512510721,0.0125465718449941,-0.0440344703266106,-0.0166899057008438
RF,COPPER,3,2024-07-01,2025-07-01,2025-01-17,3648,1.4672981672597052,0.009457631501502,0.0086018931841662,-0.0186159933852398,-0.0061283015804671
RF,COPPER,3,2024-07-01,2025-07-01,2025-01-21,3649,1.461169865679238,0.006684637752955,0.0043138289051713,-0.0053494170013335,-0.0092047861710198
RF,COPPER,3,2024-07-01,2025-07-01,2025-01-22,3650,1.4519650795082182,0.0044864477730584,0.0016172500942269,-0.002226526140723,0.0065336546988699
RF,COPPER,3,2024-07-01,2025-07-01,2025-01-23,3651,1.458498734207088,0.0027565984016555,0.003734098736491,-0.001280000103738,-0.0022120101592306
RF,COPPER,3,2024-07-01,2025-07-01,2025-01-24,3652,1.4562867240478574,0.003473328236528,0.0025281905437485,0.012163543400371,-0.020369261459914
RF,COPPER,3,2024-07-01,2025-07-01,2025-01-27,3653,1.4359174625879434,0.0091143925777152,-0.0007282834999347,0.0534974562796295,0.0040361400459949
RF,COPPER,3,2024-07-01,2025-07-01,2025-01-28,3654,1.4399536026339383,0.0150527635329111,0.0011089363301537,0.053736655001519,0.0087285712405269
RF,COPPER,3,2024-07-01,2025-07-01,2025-01-29,3655,1.4486821738744653,0.0213285983430489,0.0031902140841697,0.0733442932054944,0.0071382748034392
RF,COPPER,3,2024-07-01,2025-07-01,2025-01-30,3656,1.4558204486779045,0.0280371643290839,0.003775428930067,0.0918484397932182,-0.0060818953104093
RF,COPPER,3,2024-07-01,2025-07-01,2025-01-31,3657,1.4497385533674951,0.0337704528107056,0.0010496182614093,0.0751213967059778,0.0074801807358548
RF,COPPER,3,2024-07-01,2025-07-01,2025-02-03,3658,1.45721873410335,0.039880585714799,0.0011490292464586,0.089918142389572,0.0112315333448784
RF,COPPER,3,2024-07-01,2025-07-01,2025-02-04,3659,1.4684502674482285,0.0456570984793378,0.002744685783259,0.0936863830663832,0.0209646514193444
RF,COPPER,3,2024-07-01,2025-07-01,2025-02-05,3660,1.489414918867573,0.0468098849799858,0.0040600012149525,0.0488491446200871,0.0042753387678844
RF,COPPER,3,2024-07-01,2025-07-01,2025-02-06,3661,1.4936902576354574,0.0459205941735472,0.0049133176311601,0.0290998563929212,0.0283362094445023
RF,COPPER,3,2024-07-01,2025-07-01,2025-02-07,3662,1.5220264670799597,0.0425994875306092,0.0057875889291511,-0.0053619196397147,0.025642421391163
RF,COPPER,3,2024-07-01,2025-07-01,2025-02-10,3663,1.5476688884711227,0.0387424590280895,0.0074819148389828,-0.0198750081253324,-0.0228089383976497
RF,COPPER,3,2024-07-01,2025-07-01,2025-02-11,3664,1.524859950073473,0.0354397027328567,0.0056117606864934,-0.0075373390955246,0.0222769264194491
RF,COPPER,3,2024-07-01,2025-07-01,2025-02-12,3665,1.547136876492922,0.0289814728970094,0.0057022610457298,-0.039288775905411,0.0149997740216896
RF,COPPER,3,2024-07-01,2025-07-01,2025-02-13,3666,1.5621366505146117,0.0198068247514053,0.0070394525485439,-0.0611752008108983,-0.0238725870269516
RF,COPPER,3,2024-07-01,2025-07-01,2025-02-14,3667,1.53826406348766,0.0146111566401354,0.0039382058992693,-0.0248966601181357,-0.0154739494592814
RF,COPPER,3,2024-07-01,2025-07-01,2025-02-18,3668,1.5227901140283786,0.011846226921564,0.0016007471245035,-0.0010911325603517,-0.0061255665881336
RF,COPPER,3,2024-07-01,2025-07-01,2025-02-19,3669,1.516664547440245,0.0077894150029371,-0.0015477504305551,-0.0093700774103013,0.0111293329055452
RF,COPPER,3,2024-07-01,2025-07-01,2025-02-20,3670,1.5277938803457902,0.0048050119330373,-0.0006650982294207,-0.0068593798397387,-0.0104712693678419
RF,COPPER,3,2024-07-01,2025-07-01,2025-02-21,3671,1.5173226109779483,0.0017115809078875,-0.0023908084949836,-0.0071526665000567,-0.0094745103904372
RF,COPPER,3,2024-07-01,2025-07-01,2025-02-24,3672,1.507848100587511,0.005425085526626,-0.004669180648481,0.0537641815636706,-0.0068866508837976
RF,COPPER,3,2024-07-01,2025-07-01,2025-02-25,3673,1.5009614497037134,0.0108543386104122,-0.0048297360838917,0.0632698291830455,0.0124059536658109
RF,COPPER,3,2024-07-01,2025-07-01,2025-02-26,3674,1.5133674033695244,0.0129756616398803,-0.00296940545493,0.0305715455673141,0.0083315780985024
RF,COPPER,3,2024-07-01,2025-07-01,2025-02-27,3675,1.5216989814680268,0.0131850106684967,-0.0010877271456865,0.0129076507652701,-0.0144045114380833
RF,COPPER,3,2024-07-01,2025-07-01,2025-02-28,3676,1.5072944700299435,0.0174145160951784,-0.0031175908871725,0.0487426173897331,0.0136400304761079
RF,COPPER,3,2024-07-01,2025-07-01,2025-03-03,3677,1.5209345005060515,0.0211962332170139,-0.0022466036290019,0.0520468954903703,-0.0107645560281599
RF,COPPER,3,2024-07-01,2025-07-01,2025-03-04,3678,1.5101699444778915,0.028130971404698,-0.0051159246566092,0.078759084315936,0.0514423376732902
RF,COPPER,3,2024-07-01,2025-07-01,2025-03-05,3679,1.5616122821511818,0.0291285690612779,-0.0035299957656537,0.0213790131701392,0.0026189967355771
RF,COPPER,3,2024-07-01,2025-07-01,2025-03-06,3680,1.564231278886759,0.0309807990508101,-0.0031684539853771,0.0318173585403818,-0.0202923299499204
RF,COPPER,3,2024-07-01,2025-07-01,2025-03-07,3681,1.5439389489368385,0.0356533953940749,-0.0059933047439357,0.0640979886937063,-0.0093323167035415
RF,COPPER,3,2024-07-01,2025-07-01,2025-03-10,3682,1.534606632233297,0.0427304874905072,-0.0067366977764635,0.0899169597037619,0.0214304551863797
RF,COPPER,3,2024-07-01,2025-07-01,2025-03-11,3683,1.5560370874196767,0.0478413777054402,-0.0048458562234279,0.0702579495827093,0.0169443085767451
RF,COPPER,3,2024-07-01,2025-07-01,2025-03-12,3684,1.5729813959964218,0.0509967396333799,-0.0030936575647083,0.0538051735177325,0.0159476327974057
RF,COPPER,3,2024-07-01,2025-07-01,2025-03-13,3685,1.5889290287938276,0.0513038912263905,-0.0027196114699997,0.0332276816601535,-0.0059377334725065
RF,COPPER,3,2024-07-01,2025-07-01,2025-03-14,3686,1.582991295321321,0.0544245057383039,-0.0040788754509336,0.0623927608142895,0.0130573421058197
RF,COPPER,3,2024-07-01,2025-07-01,2025-03-17,3687,1.5960486374271408,0.0565610409391694,-0.0036849911135859,0.055682202555463,0.011988300203404
RF,COPPER,3,2024-07-01,2025-07-01,2025-03-18,3688,1.6080369376305448,0.0536171642374785,-0.0030875392838068,0.0207132559020601,0.016486654306514
RF,COPPER,3,2024-07-01,2025-07-01,2025-03-19,3689,1.6245235919370589,0.0490772581231835,-0.0017491009565267,0.0071649667394133,0.0017714450653272
RF,COPPER,3,2024-07-01,2025-07-01,2025-03-20,3690,1.626295037002386,0.0419390680927929,-0.002613893832117,-0.0128651070982475,0.0004915325117682
RF,COPPER,3,2024-07-01,2025-07-01,2025-03-21,3691,1.6267865695141543,0.0346720231092307,-0.0040361077963011,-0.0135558482006401,-0.0046298590601732
RF,COPPER,3,2024-07-01,2025-07-01,2025-03-24,3692,1.6221567104539811,0.0284290916757319,-0.0054586930125863,-0.0080298153680828,0.0232273456816294
RF,COPPER,3,2024-07-01,2025-07-01,2025-03-25,3693,1.6453840561356106,0.0180987805848433,-0.0084031297941076,-0.0744791203772856,0.0063467838469932
RF,COPPER,3,2024-07-01,2025-07-01,2025-03-26,3694,1.6517308399826038,0.0086094427667688,-0.0089680420113741,-0.1736552396550394,-0.0229806464499988
RF,COPPER,3,2024-07-01,2025-07-01,2025-03-27,3695,1.628750193532605,0.001540945505345,-0.011580750446925,-0.2010739589483632,0.0029383651438672
RF,COPPER,3,2024-07-01,2025-07-01,2025-03-28,3696,1.6316885586764722,-0.0071011184404823,-0.0139930353955307,-0.2140166480011018,-0.0182586287723336
RF,COPPER,3,2024-07-01,2025-07-01,2025-03-31,3697,1.6134299299041386,-0.0141263817533328,-0.0199632556496275,-0.1841958383919835,-0.0001992085906243
RF,COPPER,3,2024-07-01,2025-07-01,2025-04-01,3698,1.6132307213135142,-0.0197742996328935,-0.0206492355879234,-0.1497438414102054,0.000896173772384
RF,COPPER,3,2024-07-01,2025-07-01,2025-04-02,3699,1.6141268950858982,-0.0233570988266467,-0.0225219549941523,-0.1083841809070633,-0.0432219593275733
RF,COPPER,3,2024-07-01,2025-07-01,2025-04-03,3700,1.570904935758325,-0.0244875011532466,-0.0247438142495979,-0.0425686553748223,-0.0928293354307605
RF,COPPER,3,2024-07-01,2025-07-01,2025-04-04,3701,1.4780756003275644,-0.0274299359823175,-0.0258273126999235,0.050369166133863,-0.0503993657433226
RF,COPPER,3,2024-07-01,2025-07-01,2025-04-07,3702,1.4276762345842418,-0.0285002289540265,-0.0266846290354215,0.1143389558278773,-0.0100043239088714
RF,COPPER,3,2024-07-01,2025-07-01,2025-04-08,3703,1.4176719106753704,-0.0273276502251424,-0.0277126224193495,0.1365703977339145,0.0115621808367847
RF,COPPER,3,2024-07-01,2025-07-01,2025-04-09,3704,1.429234091512155,-0.0255601250066417,-0.0263839575664621,0.1227865912613901,0.0342527883911536
RF,COPPER,3,2024-07-01,2025-07-01,2025-04-10,3705,1.4634868799033087,-0.0216904082656801,-0.0253022457727551,0.1197097393397388,0.0422558342755261
RF,COPPER,3,2024-07-01,2025-07-01,2025-04-11,3706,1.5057427141788349,-0.0201889660678098,-0.0231866092691324,0.0702417730846125,0.0225935662046676
RF,COPPER,3,2024-07-01,2025-07-01,2025-04-14,3707,1.5283362803835026,-0.018842241458346,-0.0221007259064027,0.0506424049025009,0.0001084860779247
RF,COPPER,3,2024-07-01,2025-07-01,2025-04-15,3708,1.5284447664614274,-0.0170562794489996,-0.0213789270208702,0.04753972080202,0.0135704239506917
RF,COPPER,3,2024-07-01,2025-07-01,2025-04-16,3709,1.542015190412119,-0.0154263125837195,-0.0204225532789066,0.0344861847168542,0.0122271179971658
RF,COPPER,3,2024-07-01,2025-07-01,2025-04-17,3710,1.554242308409285,-0.0145356865254997,-0.0204922082625396,0.019153823186286,-0.0022216256357396
RF,COPPER,3,2024-07-01,2025-07-01,2025-04-21,3711,1.5520206827735452,-0.0169834977028917,-0.0214594768022938,-0.0346980717955969,0.0311759364695023
RF,COPPER,3,2024-07-01,2025-07-01,2025-04-22,3712,1.5831966192430476,-0.0220802218989426,-0.0203500838451769,-0.0612793368145818,-0.0072121319796001
RF,COPPER,3,2024-07-01,2025-07-01,2025-04-23,3713,1.5759844872634474,-0.0254415660026072,-0.0213051188309554,-0.0439677094326245,0.002994198022556
RF,COPPER,3,2024-07-01,2025-07-01,2025-04-24,3714,1.5789786852860035,-0.0283212118760451,-0.0213184901721028,-0.041036729485363,-0.002994198022556
RF,COPPER,3,2024-07-01,2025-07-01,2025-04-25,3715,1.5759844872634474,-0.028623892128986,-0.0198991169094682,-0.0210027324280663,0.0005168878655259
RF,COPPER,3,2024-07-01,2025-07-01,2025-04-28,3716,1.5765013751289734,-0.0315130284459235,-0.0216358107025868,-0.0468645543826973,-0.0031052435334024
RF,COPPER,3,2024-07-01,2025-07-01,2025-04-29,3717,1.573396131595571,-0.0352244147163118,-0.0214966282948723,-0.05585426230269,-0.0560735206176226
RF,COPPER,3,2024-07-01,2025-07-01,2025-04-30,3718,1.5173226109779483,-0.0333573169358489,-0.0228322187042071,0.011122155483479,0.0045946714505173
RF,COPPER,3,2024-07-01,2025-07-01,2025-05-01,3719,1.5219172824284657,-0.0322209479840143,-0.0223889168002285,-0.0005458938543321,0.0100994954023572
RF,COPPER,3,2024-07-01,2025-07-01,2025-05-02,3720,1.532016777830823,-0.0287162604184136,-0.0217663660457017,0.0116017846026879,0.0059251779698175
RF,COPPER,3,2024-07-01,2025-07-01,2025-05-05,3721,1.5379419558006404,-0.0275467972553744,-0.0208523746848617,-0.009497189339213,0.0170397990347406
RF,COPPER,3,2024-07-01,2025-07-01,2025-05-06,3722,1.554981754835381,-0.0273206927743518,-0.0203256543372158,-0.0192980786274594,-0.0253449340891049
RF,COPPER,3,2024-07-01,2025-07-01,2025-05-07,3723,1.529636820746276,-0.0267543561215644,-0.0203179072104847,-0.0133015198754378,-0.0120949514533952
RF,COPPER,3,2024-07-01,2025-07-01,2025-05-08,3724,1.5175418692928808,-0.0224243420566345,-0.0222989390063842,0.0157706741571728,0.0109028971685465
RF,COPPER,3,2024-07-01,2025-07-01,2025-05-09,3725,1.5284447664614274,-0.0198442906506928,-0.0209990897061058,0.0018417423500547,-0.0070733778872937
RF,COPPER,3,2024-07-01,2025-07-01,2025-05-12,3726,1.5213713885741336,-0.0158072076303794,-0.0236518178262434,0.0129118527266687,0.0222471738593772
RF,COPPER,3,2024-07-01,2025-07-01,2025-05-13,3727,1.5436185624335108,-0.0145076737462888,-0.0221062048270036,-0.0070739829054027,-0.0151737959720834
RF,COPPER,3,2024-07-01,2025-07-01,2025-05-14,3728,1.5284447664614274,-0.0080277032892452,-0.0229959055552489,0.0415243933321138,0.0072389097464942
RF,COPPER,3,2024-07-01,2025-07-01,2025-05-15,3729,1.5356836762079216,-0.0052600384062964,-0.0229861647586195,0.0140042399195496,-0.0193483753370833
RF,COPPER,3,2024-07-01,2025-07-01,2025-05-16,3730,1.5163353008708382,-0.0018093684087241,-0.0227240374492495,0.0192407744647553,0.0169772425792154
RF,COPPER,3,2024-07-01,2025-07-01,2025-05-19,3731,1.5333125434500536,-0.0004935900034999,-0.0225583229578379,0.004307098408282,-0.0030260346385715
RF,COPPER,3,2024-07-01,2025-07-01,2025-05-20,3732,1.530286508811482,0.0011131935756714,-0.0228467977208325,0.0071182335197534,0.0039967324893201
RF,COPPER,3,2024-07-01,2025-07-01,2025-05-21,3733,1.5342832413008023,0.0053427138798884,-0.0232251791408637,0.0414944357112005,0.0022613382273057
RF,COPPER,3,2024-07-01,2025-07-01,2025-05-22,3734,1.536544579528108,0.0087934591716611,-0.0227595982262542,0.0340485942924759,0.0334245802654331
RF,COPPER,3,2024-07-01,2025-07-01,2025-05-23,3735,1.5699691597935412,0.0101395481091168,-0.0225286212177354,0.0119947850500963,-0.0202812436660699
RF,COPPER,3,2024-07-01,2025-07-01,2025-05-27,3736,1.5496879161274713,0.0152185474110602,-0.0225145894757381,0.0422985685325636,-0.0141118407918776
RF,COPPER,3,2024-07-01,2025-07-01,2025-05-28,3737,1.5355760753355936,0.0193464120791653,-0.0228592214103779,0.0392703765330397,0.002043566522742
RF,COPPER,3,2024-07-01,2025-07-01,2025-05-29,3738,1.5376196418583357,0.0247972812982757,-0.0215567972754106,0.0535524866329746,-0.0002148995271
RF,COPPER,3,2024-07-01,2025-07-01,2025-05-30,3739,1.5374047423312356,0.029380288066009,-0.021157771340028,0.0485597779884601,0.0383729346807673
RF,COPPER,3,2024-07-01,2025-07-01,2025-06-02,3740,1.5757776770120029,0.0278686107347714,-0.0171383554043601,-0.0069534228317449,-0.0051845031914188
RF,COPPER,3,2024-07-01,2025-07-01,2025-06-03,3741,1.570593173820584,0.0270426963830183,-0.0148264778920326,0.0024918727532188,0.0113707710230535
RF,COPPER,3,2024-07-01,2025-07-01,2025-06-04,3742,1.5819639448436376,0.0240951335407992,-0.0109461500170303,-0.0127232277205757,0.0100225398163973
RF,COPPER,3,2024-07-01,2025-07-01,2025-06-05,3743,1.591986484660035,0.0204688371229964,-0.0078242332904111,-0.017864929999344,-0.0171400327914015
RF,COPPER,3,2024-07-01,2025-07-01,2025-06-06,3744,1.5748464518686334,0.0182290339077795,-0.0076946300968061,-0.0061263901953001,0.0163256766226769
RF,COPPER,3,2024-07-01,2025-07-01,2025-06-09,3745,1.5911721284913103,0.0155252182663676,-0.0059527740634384,-0.0132249264526786,-0.0052076081716145
RF,COPPER,3,2024-07-01,2025-07-01,2025-06-10,3746,1.5859645203196957,0.0126191969251221,-0.0072814716868367,-0.011946508851824,-0.0171402661394377
RF,COPPER,3,2024-07-01,2025-07-01,2025-06-11,3747,1.568824254180258,0.0127307645880589,-0.008191418011783,0.0087100958504038,0.0042607923935449
RF,COPPER,3,2024-07-01,2025-07-01,2025-06-12,3748,1.5730850465738029,0.0129546026654217,-0.0059750280356678,0.0093927054397959,-0.003844329450741
RF,COPPER,3,2024-07-01,2025-07-01,2025-06-13,3749,1.5692407171230618,0.0151186069759678,-0.0070800735686236,0.0226440578040401,0.004880837537629
RF,COPPER,3,2024-07-01,2025-07-01,2025-06-16,3750,1.5741215546606908,0.0189646752061931,-0.0064300039639712,0.0483312519256748,-0.0054014929873575
RF,COPPER,3,2024-07-01,2025-07-01,2025-06-17,3751,1.5687200616733332,0.0239880113758332,-0.0075056972679923,0.0543248624458969,0.0092271403652983
RF,COPPER,3,2024-07-01,2025-07-01,2025-06-18,3752,1.5779472020386316,0.0264287021981566,-0.0071615473200544,0.0374728237844168,-0.0039291905707599
RF,COPPER,3,2024-07-01,2025-07-01,2025-06-20,3753,1.5740180114678717,0.0300005369064282,-0.0080536647305334,0.0449740858106995,0.0035163385627901
RF,COPPER,3,2024-07-01,2025-07-01,2025-06-23,3754,1.5775343500306618,0.0348998419881896,-0.0087611599301594,0.0612682036312597,0.004943401982937
RF,COPPER,4,2025-07-01,2026-07-01,2025-07-01,3760,1.6189920972785712,0.028572329809946,-0.0215884564917699,0.0944453797335307,0.0198104563833503
RF,COPPER,4,2025-07-01,2026-07-01,2025-07-02,3761,1.6388025536619215,0.0271261676760796,-0.0218677842470761,0.077155165799805,-0.0101503983545738
RF,COPPER,4,2025-07-01,2026-07-01,2025-07-03,3762,1.6286521553073476,0.0276642451672417,-0.0234678250402962,0.078819473188797,-0.0155211006805824
RF,COPPER,4,2025-07-01,2026-07-01,2025-07-04,3763,1.6131310546267652,0.0314323410625279,-0.0242181360942962,0.0999458932546497,-0.0067979709217582
RF,COPPER,4,2025-07-01,2026-07-01,2025-07-07,3764,1.606333083705007,0.0364830965592319,-0.0242539094551477,0.0977784451078662,0.1244371105177899
RF,COPPER,4,2025-07-01,2026-07-01,2025-07-08,3765,1.7307701942227969,0.0382988888909241,-0.0240225753692936,-0.0285707905817644,-0.0363479501751164
RF,COPPER,4,2025-07-01,2026-07-01,2025-07-09,3766,1.6944222440476804,0.0416696542925547,-0.0256170498708047,0.0244080574675038,0.0190152329644215
RF,COPPER,4,2025-07-01,2026-07-01,2025-07-10,3767,1.713437477012102,0.0449327282281779,-0.0247525870185614,0.0112023399536012,0.0025202424496246
RF,COPPER,4,2025-07-01,2026-07-01,2025-07-11,3768,1.7159577194617266,0.0489153353914917,-0.0239422703586165,0.0239820057237147,-0.0084860909655819
RF,COPPER,4,2025-07-01,2026-07-01,2025-07-14,3769,1.7074716284961446,0.0540951168746368,-0.0244406269480449,0.0495238614610482,0.0056053193852703
RF,COPPER,4,2025-07-01,2026-07-01,2025-07-15,3770,1.713076947881415,0.05823810514831,-0.0232837339940651,0.0408075603334889,-0.0089654190685417
RF,COPPER,4,2025-07-01,2026-07-01,2025-07-16,3771,1.7041115288128732,0.0618206634318752,-0.0256506952007501,0.0474334373108689,-0.0019121251718408
RF,COPPER,4,2025-07-01,2026-07-01,2025-07-17,3772,1.7021994036410324,0.0611066018169883,-0.0246031589133079,0.0196739006235973,0.0166308978741518
RF,COPPER,4,2025-07-01,2026-07-01,2025-07-18,3773,1.7188303015151842,0.0587722844011482,-0.0246783672331661,0.0045610812524179,0.0058095154505188
RF,COPPER,4,2025-07-01,2026-07-01,2025-07-21,3774,1.7246398169657031,0.0544312370377189,-0.0240370481502234,-0.0072447322075923,0.0152999082197382
RF,COPPER,4,2025-07-01,2026-07-01,2025-07-22,3775,1.7399397251854414,0.0477115062038502,-0.0232974414551437,-0.2742566873270853,0.0170557647717515
RF,COPPER,4,2025-07-01,2026-07-01,2025-07-23,3776,1.756995489957193,0.0391166023404609,-0.0221326515389616,-0.2725540893107936,-0.0031109817422889
RF,COPPER,4,2025-07-01,2026-07-01,2025-07-24,3777,1.753884508214904,0.0301018001454678,-0.0228460020356571,-0.2688766827992914,-0.0023395420911618
RF,COPPER,4,2025-07-01,2026-07-01,2025-07-25,3778,1.751544966123742,0.0205346838034405,-0.0231178226899596,-0.2781559339921915,-0.0296716618591124
RF,COPPER,4,2025-07-01,2026-07-01,2025-07-28,3779,1.7218733042646297,0.0140854248574138,-0.0245045545303653,-0.2423163595977473,0.0015180785029724
RF,COPPER,4,2025-07-01,2026-07-01,2025-07-29,3780,1.7233913827676022,0.0067310120814361,-0.0246623245810354,-0.2466851862723953,-0.0059962980094914
RF,COPPER,4,2025-07-01,2026-07-01,2025-07-30,3781,1.7173950847581108,-9.014551388841774e-05,-0.0252920055239246,-0.223255768433628,-0.2517120468997547
RF,COPPER,4,2025-07-01,2026-07-01,2025-07-31,3782,1.465683037858356,-0.0074600842556447,-0.0260625625059643,0.0212482138808802,0.0187583627880432
RF,COPPER,4,2025-07-01,2026-07-01,2025-08-01,3783,1.4844414006463993,-0.0150494270352419,-0.0249277622559824,0.0215231253103442,0.0005664247692132
RF,COPPER,4,2025-07-01,2026-07-01,2025-08-04,3784,1.4850078254156125,-0.0235822307888387,-0.0260390474176114,0.0150615218763285,-0.0116187932840619
RF,COPPER,4,2025-07-01,2026-07-01,2025-08-05,3785,1.4733890321315506,-0.0326922757216106,-0.025884356603442,0.0227681827357182,0.0061679125353317
RF,COPPER,4,2025-07-01,2026-07-01,2025-08-06,3786,1.4795569446668824,-0.0420922494083653,-0.0244665193465205,0.0196196101403147,-0.0028507481716755
RF,COPPER,4,2025-07-01,2026-07-01,2025-08-07,3787,1.4767061964952068,-0.051787001887636,-0.0263110877959295,0.0177696478276487,0.0174331198292758
RF,COPPER,4,2025-07-01,2026-07-01,2025-08-08,3788,1.4941393163244827,-0.0625146426499001,-0.024060260162774,-0.0104914281180275,-0.0072080645852463
RF,COPPER,4,2025-07-01,2026-07-01,2025-08-11,3789,1.4869312517392363,-0.0721988685098002,-0.0256557058903668,0.000565016608016,0.0190332742175072
RF,COPPER,4,2025-07-01,2026-07-01,2025-08-12,3790,1.5059645259567436,-0.081698092484165,-0.0236939449648443,-0.017226408229382,-0.0058951786648024
RF,COPPER,4,2025-07-01,2026-07-01,2025-08-13,3791,1.500069347291941,-0.0893958166112378,-0.0238958434063556,-0.0077271552710571,-0.0039121324246722
RF,COPPER,4,2025-07-01,2026-07-01,2025-08-14,3792,1.4961572148672688,-0.094897918888827,-0.0246904885567759,0.0004478457349899,0.0030193399399283
RF,COPPER,4,2025-07-01,2026-07-01,2025-08-15,3793,1.4991765548071971,-0.0991909283924776,-0.0230913161318314,-0.0061601028189306,-0.0047007104843415
RF,COPPER,4,2025-07-01,2026-07-01,2025-08-18,3794,1.4944758443228556,-0.1021876512623192,-0.0245938074949511,-0.0095812133873618,-0.0108279561164004
RF,COPPER,4,2025-07-01,2026-07-01,2025-08-19,3795,1.4836478882064552,-0.1010693636617079,-0.0239350394814153,0.0122853285586801,0.0038483801407971
RF,COPPER,4,2025-07-01,2026-07-01,2025-08-20,3796,1.4874962683472523,-0.0968232360329133,-0.0233442606775502,0.0206837790872707,0.0012418493801091
RF,COPPER,4,2025-07-01,2026-07-01,2025-08-21,3797,1.4887381177273615,-0.0897141479603291,-0.0239858925017957,0.0306656653242201,0.0036040742935223
RF,COPPER,4,2025-07-01,2026-07-01,2025-08-22,3798,1.492342192020884,-0.0822207968080799,-0.0227017063711429,0.0246513890171826,0.0042628685813748
RF,COPPER,4,2025-07-01,2026-07-01,2025-08-25,3799,1.4966050606022587,-0.0764163107954021,-0.0232762703798256,0.0048020889186399,-0.0035886086139922
RF,COPPER,4,2025-07-01,2026-07-01,2025-08-26,3800,1.4930164519882665,-0.069803400892757,-0.0223868201450846,0.0071644915292847,-0.0081218210527727
RF,COPPER,4,2025-07-01,2026-07-01,2025-08-27,3801,1.4848946309354938,-0.061700376866447,-0.0225441078212154,0.0170694172468461,0.0110385858296415
RF,COPPER,4,2025-07-01,2026-07-01,2025-08-28,3802,1.4959332167651354,-0.0546319034595228,-0.0223260745843883,0.0083663614427389,0.0122468306693876
RF,COPPER,4,2025-07-01,2026-07-01,2025-08-29,3803,1.508180047434523,-0.0476778201662526,-0.0204886124705902,0.0069472274480852,0.0112237356170585
RF,COPPER,4,2025-07-01,2026-07-01,2025-09-02,3804,1.5194037830515816,-0.0411975947766478,-0.0191592222299411,0.0045851409580932,-0.002410202013515
RF,COPPER,4,2025-07-01,2026-07-01,2025-09-03,3805,1.5169935810380666,-0.0348071890918999,-0.0188438474884424,0.0065595972270267,-0.0155864315171678
RF,COPPER,4,2025-07-01,2026-07-01,2025-09-04,3806,1.5014071495208987,-0.0248359999870269,-0.020348762443652,0.0366421528958196,-0.0012262060033474
RF,COPPER,4,2025-07-01,2026-07-01,2025-09-05,3807,1.5001809435175513,-0.0161679874130642,-0.0210778047206313,0.0330236406858295,0.0017831046647887
RF,COPPER,4,2025-07-01,2026-07-01,2025-09-08,3808,1.50196404818234,-0.0106664087884553,-0.0211201970334919,0.0177679728653921,0.0023355300255343
RF,COPPER,4,2025-07-01,2026-07-01,2025-09-09,3809,1.5042995782078743,-0.0070078156071433,-0.0202174465149086,0.0088476495462965,0.010827696674734
RF,COPPER,4,2025-07-01,2026-07-01,2025-09-10,3810,1.5151272748826083,-0.0043541982730734,-0.0194568424842144,0.004167036769102,0.0088616491270665
RF,COPPER,4,2025-07-01,2026-07-01,2025-09-11,3811,1.523988924009675,-0.0031017222747822,-0.0192911099901367,-0.003819489343896,-0.0004357457445816
RF,COPPER,4,2025-07-01,2026-07-01,2025-09-12,3812,1.5235531782650933,-0.0015196348251331,-0.0193555597504598,-0.0008721655369641,0.014496124151625
RF,COPPER,4,2025-07-01,2026-07-01,2025-09-15,3813,1.5380493024167183,0.0006677822588547,-0.0193520047732602,0.0206215050038045,-0.0048447182133375
RF,COPPER,4,2025-07-01,2026-07-01,2025-09-16,3814,1.5332045842033808,0.002382420853217,-0.0203805512468729,0.0143578839307454,-0.0134725631556487
RF,COPPER,4,2025-07-01,2026-07-01,2025-09-17,3815,1.519732021047732,0.0068923489662724,-0.0204230204671113,0.0311229080670352,-0.0065847932935612
RF,COPPER,4,2025-07-01,2026-07-01,2025-09-18,3816,1.5131472277541709,0.014244266261393,-0.0199004164101337,0.0639740997513398,0.0061470838975394
RF,COPPER,4,2025-07-01,2026-07-01,2025-09-19,3817,1.5192943116517104,0.0196449678202681,-0.019063784026455,0.050362695044972,0.0008751230140684
RF,COPPER,4,2025-07-01,2026-07-01,2025-09-22,3818,1.5201694346657788,0.0254845282266931,-0.0166237135263769,0.0547805733700992,0.0025115780623503
RF,COPPER,4,2025-07-01,2026-07-01,2025-09-23,3819,1.5226810127281292,0.0321731407668133,-0.0143239065757551,0.0661458975145385,0.0359897946923937
RF,COPPER,4,2025-07-01,2026-07-01,2025-09-24,3820,1.5586708074205229,0.037263881902126,-0.0103491098970747,0.0623003581736394,-0.0111083392863966
RF,COPPER,4,2025-07-01,2026-07-01,2025-09-25,3821,1.5475624681341262,0.0418724055448576,-0.01016476663432,0.0592720561350743,0.003292460980641
RF,COPPER,4,2025-07-01,2026-07-01,2025-09-26,3822,1.5508549291147673,0.0470706676738719,-0.007120736028842,0.0681371681638038,0.0262663983907434
RF,COPPER,4,2025-07-01,2026-07-01,2025-09-29,3823,1.5771213275055107,0.0501266498229118,-0.0052366393246486,0.0414745234693396,-0.0074643208088283
RF,COPPER,4,2025-07-01,2026-07-01,2025-09-30,3824,1.5696570066966824,0.0543236307390293,-0.0043696352035557,0.0547680378004376,0.0052930013391956
RF,COPPER,4,2025-07-01,2026-07-01,2025-10-01,3825,1.574950008035878,0.0506000841035576,-0.0043261298755762,0.0037193243066324,0.0138769022067897
RF,COPPER,4,2025-07-01,2026-07-01,2025-10-02,3826,1.5888269102426678,0.0483219562274233,-0.0027365323206742,0.0405116848391513,0.0321442553514945
RF,COPPER,4,2025-07-01,2026-07-01,2025-10-03,3827,1.6209711655941623,0.0431915434923457,-0.0009137723733477,-0.015440833567339,-0.0141366413249617
RF,COPPER,4,2025-07-01,2026-07-01,2025-10-06,3828,1.6068345242692006,0.0394862534013515,-0.0033163407539809,-0.003012326069185,0.0121575730093705
RF,COPPER,4,2025-07-01,2026-07-01,2025-10-07,3829,1.6189920972785712,0.0340926204008216,-0.003125484740151,-0.0179896267342563,-0.0003962463037208
RF,COPPER,4,2025-07-01,2026-07-01,2025-10-08,3830,1.6185958509748504,0.0279611318256844,-0.0031155976711004,-0.0229526580718453,0.0058291935222696
RF,COPPER,4,2025-07-01,2026-07-01,2025-10-09,3831,1.62442504449712,0.0224149959465471,-0.0039023272795014,-0.0153871830810592,-0.0457557121546094
RF,COPPER,4,2025-07-01,2026-07-01,2025-10-10,3832,1.5786693323425105,0.0221254260355177,-0.0064077014477594,0.0166696208923358,0.0506692627393086
RF,COPPER,4,2025-07-01,2026-07-01,2025-10-13,3833,1.629338595081819,0.0193180221310416,-0.0051410615827331,-0.0277312686833417,-0.0238082630549958
RF,COPPER,4,2025-07-01,2026-07-01,2025-10-14,3834,1.6055303320268233,0.020498564284205,-0.0072740101793351,0.0201745093346583,-0.0017081338268076
RF,COPPER,4,2025-07-01,2026-07-01,2025-10-15,3835,1.6038221982000156,0.0218176886381975,-0.0083073525643165,0.0241430458096056,-0.0028197276557007
RF,COPPER,4,2025-07-01,2026-07-01,2025-10-16,3836,1.6010024705443149,0.0242740627929178,-0.0073177052406142,0.0361478938138839,-0.0053592776413098
RF,COPPER,4,2025-07-01,2026-07-01,2025-10-17,3837,1.595643192903005,0.0269928020519856,-0.0094061913741285,0.0415071714551937,0.0133946685130557
RF,COPPER,4,2025-07-01,2026-07-01,2025-10-20,3838,1.6090378614160608,0.0303449140176848,-0.007635476248618,0.0460424096256404,-0.0136989081812144
RF,COPPER,4,2025-07-01,2026-07-01,2025-10-21,3839,1.5953389532348463,0.0308540778697048,-0.0109350480782496,0.0295785435696076,0.006268373163631
RF,COPPER,4,2025-07-01,2026-07-01,2025-10-22,3840,1.6016073263984774,0.0302161618861687,-0.0124414430191972,0.0208454801878883,0.0240975149630042
RF,COPPER,4,2025-07-01,2026-07-01,2025-10-23,3841,1.6257048413614816,0.0262023420833548,-0.0123313192476514,-0.0069108476083792,0.0022604026481396
RF,COPPER,4,2025-07-01,2026-07-01,2025-10-24,3842,1.6279652440096213,0.0193009146183746,-0.0163136988323157,-0.0334379203048573,0.0091851203485775
RF,COPPER,4,2025-07-01,2026-07-01,2025-10-27,3843,1.6371503643581988,0.0122374256765787,-0.0185533826222615,-0.0351400038783786,0.0
RF,COPPER,4,2025-07-01,2026-07-01,2025-10-28,3844,1.6371503643581988,0.0048447068002093,-0.0210129513177452,-0.0386723129868133,0.0179299066835023
RF,COPPER,4,2025-07-01,2026-07-01,2025-10-29,3845,1.6550802710417012,-0.0047268817487848,-0.0208044670683442,-0.058119839175224,-0.0301627742372472
RF,COPPER,4,2025-07-01,2026-07-01,2025-10-30,3846,1.624917496804454,-0.0051938761510801,-0.0241466235643692,0.0017707480392159,-0.0024646902180882
RF,COPPER,4,2025-07-01,2026-07-01,2025-10-31,3847,1.6224528065863657,-0.0061238533244245,-0.0246084365524152,-0.0033616250343664,-0.0036588128332633
RF,COPPER,4,2025-07-01,2026-07-01,2025-11-03,3848,1.6187939937531024,-0.0053210720387324,-0.0235927115319048,0.008385590413356,-0.0242666700483384
RF,COPPER,4,2025-07-01,2026-07-01,2025-11-04,3849,1.594527323704764,-0.0019390104435008,-0.0253499603091907,0.0322592458093904,0.0074830367750562
RF,COPPER,4,2025-07-01,2026-07-01,2025-11-05,3850,1.6020103604798202,-0.000526051076148,-0.0250754617363548,0.0172788657382729,-0.0035323091084347
RF,COPPER,4,2025-07-01,2026-07-01,2025-11-06,3851,1.5984780513713854,7.864856038852786e-05,-0.0258951821850416,0.010959861062715,-0.0015176195049082
RF,COPPER,4,2025-07-01,2026-07-01,2025-11-07,3852,1.5969604318664772,-6.868109360724794e-05,-0.0254207297776807,0.0049492333644498,0.0297278129771927
RF,COPPER,4,2025-07-01,2026-07-01,2025-11-10,3853,1.62668824484367,-0.0031042669596805,-0.0246345251015396,-0.0156516316123314,-0.0075970632916706
RF,COPPER,4,2025-07-01,2026-07-01,2025-11-11,3854,1.6190911815519993,-0.0064296055812445,-0.0258994289804372,-0.0177862854223866,0.0080884026144592
RF,COPPER,4,2025-07-01,2026-07-01,2025-11-12,3855,1.6271795841664585,-0.0088354407296118,-0.0239737935460591,-0.0160430952940155,-0.0003930146523041
RF,COPPER,4,2025-07-01,2026-07-01,2025-11-13,3856,1.6267865695141543,-0.0123699017797302,-0.0244006325290274,-0.0249777057704467,-0.0074973432960612
RF,COPPER,4,2025-07-01,2026-07-01,2025-11-14,3857,1.6192892262180931,-0.0132067262909703,-0.0251884902849086,-0.009951359224162,-0.0098513137839926
RF,COPPER,4,2025-07-01,2026-07-01,2025-11-17,3858,1.6094379124341005,-0.0093633691281389,-0.0258423067209119,0.02068455532145,-0.0075282472031734
RF,COPPER,4,2025-07-01,2026-07-01,2025-11-18,3859,1.601909665230927,-0.0025495925620553,-0.0263535273878293,0.0439566317713084,0.0091269480004114
RF,COPPER,4,2025-07-01,2026-07-01,2025-11-19,3860,1.6110366132313385,0.003445911244057,-0.0243877522072239,0.0412691731166394,-0.0097317171017259
RF,COPPER,4,2025-07-01,2026-07-01,2025-11-20,3861,1.6013048961296126,0.0089413226373988,-0.0255273888269061,0.0398254194277654,0.0098315927428302
RF,COPPER,4,2025-07-01,2026-07-01,2025-11-21,3862,1.6111364888724429,0.0150504208536839,-0.0247514110971318,0.0580786441269147,-0.0093276251287353
RF,COPPER,4,2025-07-01,2026-07-01,2025-11-24,3863,1.6018088637437076,0.0223106832697237,-0.0254668090015278,0.0642929131097835,0.0075290032502235
RF,COPPER,4,2025-07-01,2026-07-01,2025-11-25,3864,1.609337866993931,0.0297507407602137,-0.0249288919108075,0.0737221796404785,0.0207846007616194
RF,COPPER,4,2025-07-01,2026-07-01,2025-11-26,3865,1.6301224677555506,0.0336157845678277,-0.0238530062414738,0.0496807158723162,0.0157438292466849
RF,COPPER,4,2025-07-01,2026-07-01,2025-11-28,3866,1.6458662970022355,0.0320824562172641,-0.0229848865784981,0.0105506115303761,0.0064394893457424
RF,COPPER,4,2025-07-01,2026-07-01,2025-12-01,3867,1.652305786347978,0.0303229434479599,-0.022794356182397,0.0107676412664807,-0.0111754707905999
RF,COPPER,4,2025-07-01,2026-07-01,2025-12-02,3868,1.641130315557378,0.032986814850207,-0.0230245325558715,0.0502561879588199,0.0280848174419796
RF,COPPER,4,2025-07-01,2026-07-01,2025-12-03,3869,1.6692151329993576,0.0302204680665891,-0.0217274104061269,-0.0046263392783107,-0.0031133561458664
RF,COPPER,4,2025-07-01,2026-07-01,2025-12-04,3870,1.6661017768534911,0.0285083162838784,-0.0242110842016806,0.0088429420701099,0.0169582697809185
RF,COPPER,4,2025-07-01,2026-07-01,2025-12-05,3871,1.6830600466344097,0.0239362704997119,-0.0226819704154819,-0.0178090354694699,-0.0032568630065428
RF,COPPER,4,2025-07-01,2026-07-01,2025-12-08,3872,1.6798031836278668,0.021188623135925,-0.0227359406862636,-0.0001864145243026,-0.0233862750952551
RF,COPPER,4,2025-07-01,2026-07-01,2025-12-09,3873,1.6564169085326117,0.0218158158367716,-0.0242487956063727,0.0237589999251142,0.006656519081847
RF,COPPER,4,2025-07-01,2026-07-01,2025-12-10,3874,1.6630734276144588,0.023275980405671,-0.0230723354284747,0.0306136906153091,0.0283130759017391
RF,COPPER,4,2025-07-01,2026-07-01,2025-12-11,3875,1.691386503516198,0.0218687631134242,-0.0239394563511623,0.0019328928986046,-0.026797709795151
RF,COPPER,4,2025-07-01,2026-07-01,2025-12-12,3876,1.6645887937210468,0.0240957736864013,-0.0245232293405241,0.0357860830538254,0.0103559252025542
RF,COPPER,4,2025-07-01,2026-07-01,2025-12-15,3877,1.674944718923601,0.0256683174815424,-0.0248702249473586,0.0295305852570524,-0.0096937077586614
RF,COPPER,4,2025-07-01,2026-07-01,2025-12-16,3878,1.6652510111649397,0.0310578930645573,-0.0247194325260229,0.0868142988573894,0.0143657579386244
RF,COPPER,4,2025-07-01,2026-07-01,2025-12-17,3879,1.6796167691035642,0.0309986248116431,-0.0239589120001798,0.0234025520885969,0.0005591393541617
RF,COPPER,4,2025-07-01,2026-07-01,2025-12-18,3880,1.680175908457726,0.0331120416390788,-0.0244201727480517,0.0651032202274692,0.013511209772042
RF,COPPER,4,2025-07-01,2026-07-01,2025-12-19,3881,1.693687118229768,0.0329321541160905,-0.0237355742137659,0.0344223442488145,-0.0003677218149653
RF,COPPER,4,2025-07-01,2026-07-01,2025-12-22,3882,1.6933193964148026,0.0331858804658364,-0.0230249217661919,0.036564645422398,0.0070554803600697
RF,COPPER,4,2025-07-01,2026-07-01,2025-12-23,3883,1.7003748767748723,0.0352356941291625,-0.0234645568542296,0.07872141656813,0.0041004274057812
RF,COPPER,4,2025-07-01,2026-07-01,2025-12-24,3884,1.7044753041806535,0.0382740953313451,-0.022688678807838,0.0890326279654518,0.0475900058416756
RF,COPPER,4,2025-07-01,2026-07-01,2025-12-26,3885,1.7520653100223291,0.0363863255788283,-0.0230721021639138,0.007343131614816,-0.0490459888301679
RF,COPPER,4,2025-07-01,2026-07-01,2025-12-29,3886,1.7030193211921612,0.0377052591762701,-0.0244085908559679,0.0455716552898339,0.042259807493034
RF,COPPER,4,2025-07-01,2026-07-01,2025-12-30,3887,1.7452791286851952,0.0382493860669304,-0.0236514716914844,0.0221022996002644,-0.0171696662066127
RF,COPPER,4,2025-07-01,2026-07-01,2025-12-31,3888,1.7281094624785824,0.0412220162676777,-0.024004859498294,0.0611468988395249,0.0017745793586181
RF,COPPER,4,2025-07-01,2026-07-01,2026-01-02,3889,1.7298840418372006,0.0437969382959195,-0.0247097920364055,0.0568628504235324,0.0492122515058017
RF,COPPER,4,2025-07-01,2026-07-01,2026-01-05,3890,1.7790962933430023,0.0443383657388363,-0.0230481073658897,0.014162022806579,0.014411638803103
RF,COPPER,4,2025-07-01,2026-07-01,2026-01-06,3891,1.7935079321461054,0.0421858062665438,-0.0226316558567263,-0.0104529112442908,-0.0340994905089602
RF,COPPER,4,2025-07-01,2026-07-01,2026-01-07,3892,1.7594084416371452,0.0389845272836804,-0.0243635408613949,-0.0035352799700756,-0.01081746515515
RF,COPPER,4,2025-07-01,2026-07-01,2026-01-08,3893,1.7485909764819951,0.0357641268164605,-0.0236172757080358,0.0046008586282866,0.0187904518034645
RF,COPPER,4,2025-07-01,2026-07-01,2026-01-09,3894,1.7673814282854596,0.0299000365007748,-0.0230459614509365,-0.0217531933594621,0.0218749330326477
RF,COPPER,4,2025-07-01,2026-07-01,2026-01-12,3895,1.7892563613181074,0.0223123417655657,-0.0240038102514837,-0.0413617356301352,-0.0025094690573743
RF,COPPER,4,2025-07-01,2026-07-01,2026-01-13,3896,1.786746892260733,0.0188053077262337,-0.0235438455305413,-0.0099319084944851,0.0065114238888484
RF,COPPER,4,2025-07-01,2026-07-01,2026-01-14,3897,1.7932583161495814,0.0159838027050085,-0.0225926871294811,-0.004169041053333,-0.0102032952477668
RF,COPPER,4,2025-07-01,2026-07-01,2026-01-15,3898,1.7830550209018146,0.0112696024666814,-0.0238585728535616,-0.0202953788665465,-0.027181859234745
RF,COPPER,4,2025-07-01,2026-07-01,2026-01-16,3899,1.7558731616670695,0.0109039246471838,-0.0252909664866009,0.0178071812134434,-0.0026813265567877
RF,COPPER,4,2025-07-01,2026-07-01,2026-01-20,3900,1.7531918351102818,0.0157220664173134,-0.0260255136051067,0.0673980021959261,-0.0075636001842842
RF,COPPER,4,2025-07-01,2026-07-01,2026-01-21,3901,1.7456282349259975,0.0180310984631444,-0.0257243306297366,0.0288154842761945,0.0022663907619746
RF,COPPER,4,2025-07-01,2026-07-01,2026-01-22,3902,1.7478946256879722,0.0188915433035332,-0.0254944982299629,0.0102218521584993,0.0289203580782757
RF,COPPER,4,2025-07-01,2026-07-01,2026-01-23,3903,1.776814983766248,0.0191962838460693,-0.0246140159207978,0.0253072724973537,0.0122742913300004
RF,COPPER,4,2025-07-01,2026-07-01,2026-01-26,3904,1.7890892750962484,0.0156609000615608,-0.0237116016317815,-0.0267585798918166,-0.0263296330609803
RF,COPPER,4,2025-07-01,2026-07-01,2026-01-27,3905,1.762759642035268,0.0146960831532731,-0.024534150719923,-0.0050741899788764,0.0109207008452449
RF,COPPER,4,2025-07-01,2026-07-01,2026-01-28,3906,1.773680342880513,0.0132022626031447,-0.0232737523938622,-0.0049336277934377,0.0469094944256949
RF,COPPER,4,2025-07-01,2026-07-01,2026-01-29,3907,1.820589837306208,0.0082308349048239,-0.0227745866713889,-0.038039278288547,-0.0461461181040159
RF,COPPER,4,2025-07-01,2026-07-01,2026-01-30,3908,1.774443719202192,0.0060339513637681,-0.0245138267433789,-0.0001695798430967,-0.0163272413557205
RF,COPPER,4,2025-07-01,2026-07-01,2026-02-02,3909,1.7581164778464715,0.0060498531550245,-0.0242474337029046,0.0251066404810627,0.0440057784171301
RF,COPPER,4,2025-07-01,2026-07-01,2026-02-03,3910,1.8021222562636017,-0.0001495208496893,-0.0233170835965541,-0.0492768963990479,-0.0397915610591699
RF,COPPER,4,2025-07-01,2026-07-01,2026-02-04,3911,1.7623306952044318,-0.0035767137819713,-0.0257281258103575,-0.0057667145872475,-0.0046452431480401
RF,COPPER,4,2025-07-01,2026-07-01,2026-02-05,3912,1.7576854520563916,-0.0087444805467566,-0.0259690927288917,-0.0290433104283569,0.0110612630306836
RF,COPPER,4,2025-07-01,2026-07-01,2026-02-06,3913,1.7687467150870753,-0.0109982069796061,-0.0241883514053091,-0.0120101248503161,0.0138038439305856
RF,COPPER,4,2025-07-01,2026-07-01,2026-02-09,3914,1.782550559017661,-0.0154636013142834,-0.0241616309490949,-0.0368350249623066,-0.0082764196585656
RF,COPPER,4,2025-07-01,2026-07-01,2026-02-10,3915,1.7742741393590953,-0.0168042607378962,-0.0245945434918274,-0.0110856526332583,0.0089489789684389
RF,COPPER,4,2025-07-01,2026-07-01,2026-02-11,3916,1.7832231183275342,-0.0200058215583132,-0.0231632799882044,-0.0300312832172524,-0.0303777584629805
RF,COPPER,4,2025-07-01,2026-07-01,2026-02-12,3917,1.7528453598645537,-0.0169720023050232,-0.0245479690257449,0.0259976936004922,0.0037186207526305
RF,COPPER,4,2025-07-01,2026-07-01,2026-02-13,3918,1.7565639806171842,-0.0128944981273237,-0.0250297886243871,0.0317729411873364,-0.0279218389891495
RF,COPPER,4,2025-07-01,2026-07-01,2026-02-17,3919,1.7286421416280346,-0.0069950740707926,-0.0257106940603077,0.0542447535865651,0.0280944486087244
RF,COPPER,4,2025-07-01,2026-07-01,2026-02-18,3920,1.756736590236759,-0.0032187885830858,-0.0245870009748914,0.0357725832697946,-0.0110210561814048
RF,COPPER,4,2025-07-01,2026-07-01,2026-02-19,3921,1.7457155340553543,-0.0006320048358932,-0.0250414377576067,0.0283041411592857,0.0174729526704826
RF,COPPER,4,2025-07-01,2026-07-01,2026-02-20,3922,1.763188486725837,-0.0024701763562797,-0.0239760883120843,-0.0099100102625908,-0.0099966516155551
RF,COPPER,4,2025-07-01,2026-07-01,2026-02-23,3923,1.7531918351102818,-0.0010988007761056,-0.0242165715060781,0.0141041651970394,0.0256512183547641
RF,COPPER,4,2025-07-01,2026-07-01,2026-02-24,3924,1.778843053465046,-0.0050141247843855,-0.0238199739814391,-0.0291216333794306,0.0094938683394747
RF,COPPER,4,2025-07-01,2026-07-01,2026-02-25,3925,1.7883369218045206,-0.0098483384928229,-0.0232256218042895,-0.0379204214117996,-0.0054500265899208
RF,COPPER,4,2025-07-01,2026-07-01,2026-02-26,3926,1.7828868952145998,-0.0126768685379266,-0.023713561879076,-0.0249427889495692,0.0096222782919539
RF,COPPER,4,2025-07-01,2026-07-01,2026-02-27,3927,1.7925091735065537,-0.0140090450925602,-0.0222598815511523,-0.0168791191605441,-0.0184894982919137
RF,COPPER,4,2025-07-01,2026-07-01,2026-03-02,3928,1.77401967521464,-0.0141609856940561,-0.024642567771595,-0.0083475420550773,-0.0207411987513939
RF,COPPER,4,2025-07-01,2026-07-01,2026-03-03,3929,1.753278476463246,-0.012311378120839,-0.0251558698766011,0.0087946968031256,0.0140175238440751
RF,COPPER,4,2025-07-01,2026-07-01,2026-03-04,3930,1.7672960003073213,-0.0147567687015641,-0.0243001779473804,-0.0242892046299163,-0.0175745802217059
RF,COPPER,4,2025-07-01,2026-07-01,2026-03-05,3931,1.7497214200856153,-0.0129614860479159,-0.0257365682464838,0.0064972518844548,0.0006950803071057
RF,COPPER,4,2025-07-01,2026-07-01,2026-03-06,3932,1.750416500392721,-0.0126796678220046,-0.02505949961801,-0.0053119705417539,0.0075276058723094
RF,COPPER,4,2025-07-01,2026-07-01,2026-03-09,3933,1.7579441062650305,-0.0162060452767986,-0.0238925857335643,-0.0434257352382061,0.017685948080979
RF,COPPER,4,2025-07-01,2026-07-01,2026-03-10,3934,1.7756300543460095,-0.0241734514984266,-0.0241314403118349,-0.0831385706275278,-0.0099579211864468
RF,COPPER,4,2025-07-01,2026-07-01,2026-03-11,3935,1.7656721331595626,-0.0322328803852871,-0.0245499781929688,-0.0899783856768301,-0.0035989598931909
RF,COPPER,4,2025-07-01,2026-07-01,2026-03-12,3936,1.7620731732663717,-0.0373251580741749,-0.0250689707365872,-0.0683860550366037,-0.0190663775889667
RF,COPPER,4,2025-07-01,2026-07-01,2026-03-13,3937,1.743006795677405,-0.0403592329609374,-0.0252046089257516,-0.052449807336216,0.0132118762926651
RF,COPPER,4,2025-07-01,2026-07-01,2026-03-16,3938,1.75621867197007,-0.0425847086233275,-0.0243122974167719,-0.0462117398013901,-0.0111141421191029
RF,COPPER,4,2025-07-01,2026-07-01,2026-03-17,3939,1.745104529850967,-0.0448499108263165,-0.0257071409051925,-0.0501313615287399,-0.0305861588241427
RF,COPPER,4,2025-07-01,2026-07-01,2026-03-18,3940,1.7145183710268244,-0.0437273115733165,-0.0253815828460482,-0.0157883497184263,-0.0220268873083426
RF,COPPER,4,2025-07-01,2026-07-01,2026-03-19,3941,1.6924914837184817,-0.040207384248132,-0.0255541337735129,0.0078833930563906,-0.0167977362357492
RF,COPPER,4,2025-07-01,2026-07-01,2026-03-20,3942,1.6756937474827325,-0.0320284842888194,-0.0271363568761727,0.0448382295249514,0.0179933707470354
RF,COPPER,4,2025-07-01,2026-07-01,2026-03-23,3943,1.693687118229768,-0.025096616147368,-0.0265949691297982,0.0333560491660864,-0.003130129888579
RF,COPPER,4,2025-07-01,2026-07-01,2026-03-24,3944,1.6905569883411888,-0.0192086333667598,-0.0261806419942445,0.0255805790954781,0.0194499438274911
RF,COPPER,4,2025-07-01,2026-07-01,2026-03-25,3945,1.71000693216868,-0.0154033266927311,-0.0246868190824581,0.0098088713380144,-0.0150337638464528
RF,COPPER,4,2025-07-01,2026-07-01,2026-03-26,3946,1.694973168322227,-0.0110178776489078,-0.0254280125039369,0.0178332543844224,0.0037568529861709
RF,COPPER,4,2025-07-01,2026-07-01,2026-03-27,3947,1.698730021308398,-0.0039701255995829,-0.0252680791499338,0.0521206487123451,0.0016448554664743
RF,COPPER,4,2025-07-01,2026-07-01,2026-03-30,3948,1.7003748767748723,0.0027844683123121,-0.0241854040084523,0.0484771166608508,0.0201571002328115
RF,COPPER,4,2025-07-01,2026-07-01,2026-03-31,3949,1.720531977007684,0.0084209623288538,-0.0232401175181888,0.049407847026027,0.0065111903881704
RF,COPPER,4,2025-07-01,2026-07-01,2026-04-01,3950,1.7270431673958544,0.0146411557956518,-0.0239513729143813,0.0607082523478677,-0.0109055999591873
RF,COPPER,4,2025-07-01,2026-07-01,2026-04-02,3951,1.716137567436667,0.0238994450090572,-0.0237000244106039,0.0873033895984474,0.0036782360700273
RF,COPPER,4,2025-07-01,2026-07-01,2026-04-06,3952,1.7198158035066944,0.0327532638257612,-0.0228295317693843,0.0838722409843419,-0.0070093808000448
RF,COPPER,4,2025-07-01,2026-07-01,2026-04-07,3953,1.7128064227066495,0.0424828682324918,-0.025015304966877,0.0899754406150035,0.0380442473140936
RF,COPPER,4,2025-07-01,2026-07-01,2026-04-08,3954,1.7508506700207431,0.0493738538515564,-0.0233769026395885,0.0580116889819277,-0.0019986765850199
RF,COPPER,4,2025-07-01,2026-07-01,2026-04-09,3955,1.7488519934357232,0.0536027965805823,-0.0245657340459586,0.0488895101824136,0.0210878305979878
RF,COPPER,4,2025-07-01,2026-07-01,2026-04-10,3956,1.769939824033711,0.0544461714841004,-0.0229091401397836,0.0220696355607661,0.0178115957100111
RF,COPPER,4,2025-07-01,2026-07-01,2026-04-13,3957,1.787751419743722,0.0551995958140032,-0.0227111867460443,0.023810658081016,0.0156895372913923
RF,COPPER,4,2025-07-01,2026-07-01,2026-04-14,3958,1.8034409570351144,0.052734718512668,-0.0221595558589115,0.0008233352150612,0.0002470874559219
RF,COPPER,4,2025-07-01,2026-07-01,2026-04-15,3959,1.8036880444910364,0.0479730797112056,-0.0214280616679534,-0.0080195644659879,-0.0009061811693833
RF,COPPER,4,2025-07-01,2026-07-01,2026-04-16,3960,1.802781863321653,0.042596584392395,-0.0223313561763048,-0.008026864195719,0.0060804956810178
RF,COPPER,4,2025-07-01,2026-07-01,2026-04-17,3961,1.808862359002671,0.0336284908847892,-0.0224483260505312,-0.0314553560106445,-0.0111208553845341
RF,COPPER,4,2025-07-01,2026-07-01,2026-04-20,3962,1.7977415036181368,0.025781153631931,-0.0245845678393873,-0.0264398788881723,-0.0057320440236596
RF,COPPER,4,2025-07-01,2026-07-01,2026-04-21,3963,1.792009459594477,0.0203788542246283,-0.0239702834267054,-0.0126599904877182,0.019552618230261
RF,COPPER,4,2025-07-01,2026-07-01,2026-04-22,3964,1.811562077824738,0.0131353116328947,-0.02366239243076,-0.0312006265400701,-0.0072977855745623
RF,COPPER,4,2025-07-01,2026-07-01,2026-04-23,3965,1.804264292250176,0.0047206745704551,-0.0247882360898855,-0.0472688022929828,-0.0085958122251272
RF,COPPER,4,2025-07-01,2026-07-01,2026-04-24,3966,1.7956684800250484,0.0016506213685705,-0.0249352073974239,-0.0134544505995164,-0.0009134808991144
RF,COPPER,4,2025-07-01,2026-07-01,2026-04-27,3967,1.794754999125934,0.0019478599640927,-0.0245555630756355,0.0194995286586343,-0.0173479961339075
RF,COPPER,4,2025-07-01,2026-07-01,2026-04-28,3968,1.7774070029920264,0.0051522880036432,-0.0258614526382907,0.0353798427664084,-0.0061053782620619
RF,COPPER,4,2025-07-01,2026-07-01,2026-04-29,3969,1.7713016247299644,0.0112422114175962,-0.0266373331751443,0.0611198378155155,0.0080478443767944
RF,COPPER,4,2025-07-01,2026-07-01,2026-04-30,3970,1.7793494691067588,0.0180478129479741,-0.0256172603744963,0.0790556484801696,0.001011982177909
RF,COPPER,4,2025-07-01,2026-07-01,2026-05-01,3971,1.780361451284668,0.0261454112450802,-0.0250003138697209,0.089130387071928,-0.023365961327475
RF,COPPER,4,2025-07-01,2026-07-01,2026-05-04,3972,1.756995489957193,0.0385285589097119,-0.0258563096999254,0.1354385260392674,0.025218539468339
RF,COPPER,4,2025-07-01,2026-07-01,2026-05-05,3973,1.782214029425532,0.0463739671198251,-0.0253006286252574,0.0999192305773652,0.0320404983590363
RF,COPPER,4,2025-07-01,2026-07-01,2026-05-06,3974,1.8142545277845683,0.0459561519908431,-0.0243218667147965,0.0185669279153226,-0.0014676820261334
RF,COPPER,4,2025-07-01,2026-07-01,2026-05-07,3975,1.8127868457584349,0.0455314327810738,-0.0246379262344946,0.023308411136613,0.0196346167870451
RF,COPPER,4,2025-07-01,2026-07-01,2026-05-08,3976,1.83242146254548,0.0416667160927159,-0.0225177606587175,-0.01353333211684,0.0259836550414485
RF,COPPER,4,2025-07-01,2026-07-01,2026-05-11,3977,1.8584051175869285,0.037406046824572,-0.0225943680094857,-0.0193645327017364,0.0110867207696674
RF,COPPER,4,2025-07-01,2026-07-01,2026-05-12,3978,1.869491838356596,0.0310377240319101,-0.022441347873602,-0.0357910062177191,0.0229421776398643
RF,COPPER,4,2025-07-01,2026-07-01,2026-05-13,3979,1.8924340159964603,0.0241300847844097,-0.0209556209123224,-0.0452398386773096,-0.010300755993563
RF,COPPER,4,2025-07-01,2026-07-01,2026-05-14,3980,1.8821332600028973,0.0181936897911663,-0.0216677755177176,-0.0319476527110165,-0.0493118043030063
RF,COPPER,4,2025-07-01,2026-07-01,2026-05-15,3981,1.832821455699891,0.0162496380390744,-0.0225757966919872,0.0085214864907621,0.0032738011951569
RF,COPPER,4,2025-07-01,2026-07-01,2026-05-18,3982,1.836095256895048,0.0159153938513028,-0.0234101971675351,0.0195775237625988,-0.0172071264664079
RF,COPPER,4,2025-07-01,2026-07-01,2026-05-19,3983,1.81888813042864,0.0161605192554876,-0.0246149878106378,0.0310616166835999,0.0201524544565521
RF,COPPER,4,2025-07-01,2026-07-01,2026-05-20,3984,1.839040584885192,0.0179590343977045,-0.0243046406006033,0.0364471256011469,-0.0053397527463152
RF,COPPER,4,2025-07-01,2026-07-01,2026-05-21,3985,1.8337008321388768,0.0224422560376458,-0.0246381353926527,0.0608408156691127,0.0134933451802738
RF,COPPER,4,2025-07-01,2026-07-01,2026-05-22,3986,1.8471941773191507,0.0223402171381481,-0.0235901395601692,0.02168063388607,0.00299142997273
RF,COPPER,4,2025-07-01,2026-07-01,2026-05-26,3987,1.8501856072918808,0.0224348645040426,-0.0233658548844497,0.0233074709841292,-0.0088426651012276
RF,COPPER,4,2025-07-01,2026-07-01,2026-05-27,3988,1.841342942190653,0.0203825329630731,-0.0241949331096455,-0.006603773782525,0.0143298384669936
RF,COPPER,4,2025-07-01,2026-07-01,2026-05-28,3989,1.8556727806576467,0.0173262667079674,-0.0225045742305754,-0.0104515052232603,-0.0057230335454068
RF,COPPER,4,2025-07-01,2026-07-01,2026-05-29,3990,1.84994974711224,0.0145184998330756,-0.0248913884316657,-0.0090034033483414,0.025537963374099
RF,COPPER,4,2025-07-01,2026-07-01,2026-06-01,3991,1.875487710486339,0.0073647533784264,-0.0233417137500259,-0.043066247940859,0.0190539373216505
RF,COPPER,4,2025-07-01,2026-07-01,2026-06-02,3992,1.8945416478079893,-0.001724056089805,-0.0229014914380536,-0.0605212479012255,-0.0256668366027688
RF,COPPER,4,2025-07-01,2026-07-01,2026-06-03,3993,1.8688748112052207,-0.0035876666743965,-0.0240069449458046,-0.007822510735461,0.0046182670707892
RF,COPPER,4,2025-07-01,2026-07-01,2026-06-04,3994,1.87349307827601,-0.0048668706246897,-0.0222198611522525,-0.0043868280761112,-0.0387539098678819
RF,COPPER,4,2025-07-01,2026-07-01,2026-06-05,3995,1.834739168408128,-0.002610724549086,-0.0246944278191602,0.0353692431281771,0.0104821070262584
RF,COPPER,4,2025-07-01,2026-07-01,2026-06-08,3996,1.8452212754343864,-0.0012899867505784,-0.0239555068983233,0.0237307125770867,-0.0042749316704879
RF,COPPER,4,2025-07-01,2026-07-01,2026-06-09,3997,1.8409463437638984,-0.0014332006248292,-0.0252248731696119,0.0113592811153071,-0.0085248812184184
RF,COPPER,4,2025-07-01,2026-07-01,2026-06-10,3998,1.83242146254548,-0.0007788253079903,-0.0249308726390559,0.0170564722674515,0.0015989373612839
RF,COPPER,4,2025-07-01,2026-07-01,2026-06-11,3999,1.834020399906764,-0.0026062751571505,-0.024261049560964,-0.0190328381034938,0.0270319005629957
RF,COPPER,4,2025-07-01,2026-07-01,2026-06-12,4000,1.86105230046976,-0.010019040277464,-0.0243553653550989,-0.0788382710442276,0.008053949730139
RF,COPPER,4,2025-07-01,2026-07-01,2026-06-15,4001,1.8691062501998987,-0.0161608701062927,-0.0237296121748797,-0.0656652931647843,0.0010021613364064
RF,COPPER,4,2025-07-01,2026-07-01,2026-06-16,4002,1.8701084115363047,-0.0213122259119531,-0.024056545993939,-0.0550394001604275,-0.001156423524832
RF,COPPER,4,2025-07-01,2026-07-01,2026-06-17,4003,1.868951988011473,-0.0270262396665366,-0.0225511739668841,-0.0610731619281994,-0.0166463631322675
RF,COPPER,4,2025-07-01,2026-07-01,2026-06-18,4004,1.8523056248792056,-0.0284836798388299,-0.0251919530969363,-0.0289667240172599,-0.002827690066274
RF,COPPER,4,2025-07-01,2026-07-01,2026-06-22,4005,1.8494779348129315,-0.030654225420547,-0.0261173874370485,-0.0373441275143759,-0.0344903730096615
RF,COPPER,4,2025-07-01,2026-07-01,2026-06-23,4006,1.81498756180327,-0.0303478702807655,-0.0261661046195582,-0.0043245546694561,-0.032773532377738
RF,LTC,0,2021-07-01,2022-07-01,2021-07-01,2479,4.924187612071501,0.0053803718460549,-0.0109627977628603,-0.0390512784858705,-0.004617755623304
RF,LTC,0,2021-07-01,2022-07-01,2021-07-02,2480,4.919569856448197,0.0083770247483743,-0.0146733094640216,-0.017473499857874,0.0240683846434341
RF,LTC,0,2021-07-01,2022-07-01,2021-07-03,2481,4.943638241091631,0.0064701696862519,-0.0070680700142969,-0.0458933006493609,0.0324460026674788
RF,LTC,0,2021-07-01,2022-07-01,2021-07-04,2482,4.97608424375911,2.616424818135954e-06,-0.0055198414643916,-0.0764115398974611,-0.0482999589056936
RF,LTC,0,2021-07-01,2022-07-01,2021-07-05,2483,4.927784284853416,0.0007227776288321,-0.0074493279045602,-0.0333972169823431,0.0065863442329074
RF,LTC,0,2021-07-01,2022-07-01,2021-07-06,2484,4.934370629086324,-0.0034395421995263,-0.0090912338057587,-0.0567197697084607,-0.0116837630908994
RF,LTC,0,2021-07-01,2022-07-01,2021-07-07,2485,4.922686865995424,-0.006185821747656,-0.0113407155950566,-0.0470117423672959,-0.037550532409794
RF,LTC,0,2021-07-01,2022-07-01,2021-07-08,2486,4.88513633358563,-0.0106894571231048,-0.0074440459807101,-0.0528978132132849,0.0169600230046924
RF,LTC,0,2021-07-01,2022-07-01,2021-07-09,2487,4.902096356590323,-0.0237678320890877,-0.009010095224619,-0.105966581166851,-0.0043514161480526
RF,LTC,0,2021-07-01,2022-07-01,2021-07-10,2488,4.89774494044227,-0.0368004870204643,-0.0119758990291568,-0.11002758376969,0.0019277634193786
RF,LTC,0,2021-07-01,2022-07-01,2021-07-11,2489,4.899672703861649,-0.0499333651258746,-0.011544886380026,-0.1162557827638979,-0.0052856359905755
RF,LTC,0,2021-07-01,2022-07-01,2021-07-12,2490,4.894387067871073,-0.0690329511564096,-0.0208571799208811,-0.1655418819771075,-0.0167362084932101
RF,LTC,0,2021-07-01,2022-07-01,2021-07-13,2491,4.877650859377863,-0.0900754232728795,-0.0282122476120364,-0.2010954936363838,-0.0019757357497347
RF,LTC,0,2021-07-01,2022-07-01,2021-07-14,2492,4.875675123628128,-0.097104981771702,-0.0332111448299669,-0.1095781906723569,-0.0434366032557829
RF,LTC,0,2021-07-01,2022-07-01,2021-07-15,2493,4.8322385203723455,-0.0922997161461722,-0.0416758122911407,-0.0386338822357608,-0.0361087449488737
RF,LTC,0,2021-07-01,2022-07-01,2021-07-16,2494,4.796129775423472,-0.0779398591941369,-0.0490051253387125,0.0261611614666046,-0.0084124187508916
RF,LTC,0,2021-07-01,2022-07-01,2021-07-17,2495,4.78771735667258,-0.0600941012765803,-0.0579514802432454,0.050060850317072,-0.0043004355748292
RF,LTC,0,2021-07-01,2022-07-01,2021-07-18,2496,4.783416921097751,-0.0402844747424779,-0.0596304680324876,0.0654675929832251,-0.0545717352037851
RF,LTC,0,2021-07-01,2022-07-01,2021-07-19,2497,4.728845185893966,-0.0093979455262456,-0.06414068506562,0.1491153983714435,-0.0522898201524864
RF,LTC,0,2021-07-01,2022-07-01,2021-07-20,2498,4.676555365741479,0.0298940568917327,-0.0661728228703183,0.2258848371958821,0.089541567214292
RF,LTC,0,2021-07-01,2022-07-01,2021-07-21,2499,4.766096932955771,0.0590490453873764,-0.0507406604733518,0.1743777287054646,0.0275077051808132
RF,LTC,0,2021-07-01,2022-07-01,2021-07-22,2500,4.793604638136585,0.0851589913580079,-0.056332795190538,0.1574313058985215,0.0286862987534917
RF,LTC,0,2021-07-01,2022-07-01,2021-07-23,2501,4.822290936890076,0.1091739537445866,-0.0525849373909968,0.1597735676958347,0.0154872700995758
RF,LTC,0,2021-07-01,2022-07-01,2021-07-24,2502,4.837778206989652,0.127022730590343,-0.0543977223081854,0.1384948243562398,0.0111063070913237
RF,LTC,0,2021-07-01,2022-07-01,2021-07-25,2503,4.848884514080976,0.1337467150311289,-0.0503242406083412,0.0979979744279422,0.0290760701844332
RF,LTC,0,2021-07-01,2022-07-01,2021-07-26,2504,4.877960584265409,0.1352955700800784,-0.0494369130773843,0.0743780608435811,0.0244796186719522
RF,LTC,0,2021-07-01,2022-07-01,2021-07-27,2505,4.9024402029373615,0.1267486087654932,-0.0502985146657654,0.0269188569587708,0.0380344587238745
RF,LTC,0,2021-07-01,2022-07-01,2021-07-28,2506,4.940474661661236,0.1180526256215914,-0.0453224587379907,0.0197304522992807,0.0105612823738701
RF,LTC,0,2021-07-01,2022-07-01,2021-07-29,2507,4.951035944035106,0.1075793597258574,-0.0431918813612728,0.0148528182274452,0.0310285605508049
RF,LTC,0,2021-07-01,2022-07-01,2021-07-30,2508,4.982064504585911,0.0977110739134703,-0.0383880518497415,0.0138019254006689,-0.005791473240019
RF,LTC,0,2021-07-01,2022-07-01,2021-07-31,2509,4.976273031345892,0.0950494048929266,-0.0372526226458144,0.0727157834068492,-0.0293905428369738
RF,LTC,0,2021-07-01,2022-07-01,2021-08-01,2510,4.946882488508918,0.0923217524998989,-0.0414344261901996,0.0627371736340682,0.0054561566000721
RF,LTC,0,2021-07-01,2022-07-01,2021-08-02,2511,4.95233864510899,0.0966063187228867,-0.0434585667148483,0.1627549022600272,-0.022979585212858
RF,LTC,0,2021-07-01,2022-07-01,2021-08-03,2512,4.929359059896132,0.1071871317634514,-0.0412191562036137,0.1793729443907574,0.0308460540643844
RF,LTC,0,2021-07-01,2022-07-01,2021-08-04,2513,4.960205113960517,0.1167371043978207,-0.0385862462798408,0.1810837735526318,0.0056836483020346
RF,LTC,0,2021-07-01,2022-07-01,2021-08-05,2514,4.965888762262551,0.121781121092213,-0.0333106856683513,0.1408505008777894,0.0299776677240286
RF,LTC,0,2021-07-01,2022-07-01,2021-08-06,2515,4.99586642998658,0.1295195491731942,-0.0139419871142481,0.2151818192840133,0.0531223847661612
RF,LTC,0,2021-07-01,2022-07-01,2021-08-07,2516,5.048988814752741,0.1327267028987373,-0.0022474116621782,0.1589183500301088,-0.0393691526097548
RF,LTC,0,2021-07-01,2022-07-01,2021-08-08,2517,5.0096196621429865,0.1451501385074278,0.007110752709547,0.2102187148929992,0.105473885226031
RF,LTC,0,2021-07-01,2022-07-01,2021-08-09,2518,5.115093547369018,0.1455445284322944,0.0238901434878438,0.0714790350879557,-0.0063615430821277
RF,LTC,0,2021-07-01,2022-07-01,2021-08-10,2519,5.10873200428689,0.1369792830232405,0.0164590425927799,0.020235129561664,0.0325568832262588
RF,LTC,0,2021-07-01,2022-07-01,2021-08-11,2520,5.141288887513149,0.1220570813654422,0.0217758388432643,-0.0209230017940056,-0.0345496243728078
RF,LTC,0,2021-07-01,2022-07-01,2021-08-12,2521,5.106739263140341,0.1169658117251186,0.010709247108818,0.0608622189640275,0.1043089861302526
RF,LTC,0,2021-07-01,2022-07-01,2021-08-13,2522,5.211048249270593,0.1100504937271713,0.0119828160626606,0.0018665805750819,-0.0031410844877433
RF,LTC,0,2021-07-01,2022-07-01,2021-08-14,2523,5.20790716478285,0.0979586848490869,0.0013610852818752,-0.0164172503205612,0.0119312122531356
RF,LTC,0,2021-07-01,2022-07-01,2021-08-15,2524,5.219838377035986,0.0882364882097404,-0.0034730418625409,0.0075901884543574,-0.0332657945790124
RF,LTC,0,2021-07-01,2022-07-01,2021-08-16,2525,5.186572582456973,0.0825050915419502,-0.0154076561305759,0.0451050171684626,-0.0576054486084194
RF,LTC,0,2021-07-01,2022-07-01,2021-08-17,2526,5.128967133848554,0.074442993391333,-0.0235824987394677,0.0276530923147637,-0.0086012481294108
RF,LTC,0,2021-07-01,2022-07-01,2021-08-18,2527,5.120365885719143,0.0709494886030119,-0.0268177404994859,0.0591861074443,0.0472355963852253
RF,LTC,0,2021-07-01,2022-07-01,2021-08-19,2528,5.167601482104368,0.0548614017784077,-0.0300235071061186,-0.0431281886863024,0.045313347741307
RF,LTC,0,2021-07-01,2022-07-01,2021-08-20,2529,5.212914829845675,0.0400103170975754,-0.0269161378882778,-0.04251944374694,-0.0214249153833865
RF,LTC,0,2021-07-01,2022-07-01,2021-08-21,2530,5.191489914462289,0.0280356872526272,-0.0329105648724593,-0.0241125222870071,0.0359386510280543
RF,LTC,0,2021-07-01,2022-07-01,2021-08-22,2531,5.227428565490343,0.0106075364142848,-0.0305516960594506,-0.0643341721525248,0.0042490341350927
RF,LTC,0,2021-07-01,2022-07-01,2021-08-23,2532,5.231677599625436,-0.0117023142333279,-0.035981554121261,-0.1111440966409214,-0.0750573734621182
RF,LTC,0,2021-07-01,2022-07-01,2021-08-24,2533,5.156620226163318,-0.0191783773267211,-0.0354029299414062,-0.0111089619196151,0.0229317670001254
RF,LTC,0,2021-07-01,2022-07-01,2021-08-25,2534,5.179551993163443,-0.0194058552300955,-0.0402560470022255,0.018791258150399,-0.0550786997453771
RF,LTC,0,2021-07-01,2022-07-01,2021-08-26,2535,5.124473293418066,-0.0106295559576539,-0.0457523451764689,0.0883801266255641,0.0459220926806693
RF,LTC,0,2021-07-01,2022-07-01,2021-08-27,2536,5.170395386098735,0.0038244554486199,-0.0407099999490505,0.190737015207679,-0.0030179939234535
RF,LTC,0,2021-07-01,2022-07-01,2021-08-28,2537,5.167377392175282,0.0210339720561281,-0.0433558104581039,0.1908983011941183,-0.0042829988374633
RF,LTC,0,2021-07-01,2022-07-01,2021-08-29,2538,5.163094393337818,0.0459237176240296,-0.0436267867712734,0.2807680927980689,-0.0425608903533039
RF,LTC,0,2021-07-01,2022-07-01,2021-08-30,2539,5.1205335029845145,0.072768221507248,-0.0459706763642009,0.2709361353706159,0.0249777612591879
RF,LTC,0,2021-07-01,2022-07-01,2021-08-31,2540,5.145511264243702,0.0819391696853992,-0.0455865733203048,0.036914748959723,0.0528319870701396
RF,LTC,0,2021-07-01,2022-07-01,2021-09-01,2541,5.198343251313842,0.0813242683149084,-0.0403350272962747,-0.0069171803020013,0.0145101687297879
RF,LTC,0,2021-07-01,2022-07-01,2021-09-02,2542,5.21285342004363,0.0778867018485955,-0.0398633226311596,-0.0178054208117002,0.1482789812627842
RF,LTC,0,2021-07-01,2022-07-01,2021-09-03,2543,5.361132401306414,0.0590225992263224,-0.0184276074919536,-0.2003771927763074,-0.0028567079370143
RF,LTC,0,2021-07-01,2022-07-01,2021-09-04,2544,5.3582756933694,0.039636006046738,-0.0109349437741691,-0.172631245744836,0.0855867927664872
RF,LTC,0,2021-07-01,2022-07-01,2021-09-05,2545,5.443862486135887,0.0154472605843114,0.0068559650136366,-0.2330958321117089,-0.0523928477807569
RF,LTC,0,2021-07-01,2022-07-01,2021-09-06,2546,5.39146963835513,-0.007811939886321,0.0119199705578594,-0.2013838619805179,-0.2090436251517049
RF,LTC,0,2021-07-01,2022-07-01,2021-09-07,2547,5.182426013203425,-0.0157357752593325,-0.0009939410339783,0.0278197887556581,0.0090000578084152
RF,LTC,0,2021-07-01,2022-07-01,2021-09-08,2548,5.191426071011841,-0.0189953052280005,-0.008948112237029,0.0515868641279411,0.0036219282200891
RF,LTC,0,2021-07-01,2022-07-01,2021-09-09,2549,5.19504799923193,-0.0239571611843638,-0.0173761978774282,0.028212094527527,-0.0342927907018228
RF,LTC,0,2021-07-01,2022-07-01,2021-09-10,2550,5.160755208530107,-0.0294277740042128,-0.016901798749086,0.0304450005415164,0.024889239094457
RF,LTC,0,2021-07-01,2022-07-01,2021-09-11,2551,5.185644447624564,-0.0338359449468157,-0.0222191693312065,0.0145575845946428,0.0251222063996143
RF,LTC,0,2021-07-01,2022-07-01,2021-09-12,2552,5.210766654024178,-0.0434352042362586,-0.0162171789094784,-0.0417576064936877,-0.0206808776495659
RF,LTC,0,2021-07-01,2022-07-01,2021-09-13,2553,5.190085776374612,-0.0578051507165993,-0.0182724670336377,-0.1372596984153036,0.0201600255844711
RF,LTC,0,2021-07-01,2022-07-01,2021-09-14,2554,5.210245801959084,-0.0788365062502585,-0.0177141972973553,-0.210402685686212,0.0327671331806982
RF,LTC,0,2021-07-01,2022-07-01,2021-09-15,2555,5.243012935139782,-0.0914629289088893,-0.0189028340120128,-0.1590528167437632,-0.0197528413803249
RF,LTC,0,2021-07-01,2022-07-01,2021-09-16,2556,5.223260093759457,-0.0995249894869312,-0.017248059185383,-0.1245019376695468,-0.0320598846878334
RF,LTC,0,2021-07-01,2022-07-01,2021-09-17,2557,5.191200209071623,-0.1097578208264717,-0.0198568923997235,-0.1657962753300106,0.0090018231475834
RF,LTC,0,2021-07-01,2022-07-01,2021-09-18,2558,5.200202032219207,-0.1222165782101711,-0.0200833769057914,-0.1817212114469519,-0.0311929846887162
RF,LTC,0,2021-07-01,2022-07-01,2021-09-19,2559,5.169009047530491,-0.1304381801445808,-0.0212748260978196,-0.1541103935445935,-0.1161829695711818
RF,LTC,0,2021-07-01,2022-07-01,2021-09-20,2560,5.052826077959309,-0.1339302141918681,-0.0213260058947361,-0.0736843483963793,-0.0529829616864372
RF,LTC,0,2021-07-01,2022-07-01,2021-09-21,2561,4.999843116272872,-0.1349225345392692,-0.0244808871097046,-0.0539446051542666,0.0841170021231469
RF,LTC,0,2021-07-01,2022-07-01,2021-09-22,2562,5.083960118396019,-0.1412948264236533,-0.0155196051829376,-0.107787741249866,0.0147980376938914
RF,LTC,0,2021-07-01,2022-07-01,2021-09-23,2563,5.09875815608991,-0.1387415414300141,-0.021006149268673,-0.0673534146688306,-0.0733542223482972
RF,LTC,0,2021-07-01,2022-07-01,2021-09-24,2564,5.025403933741613,-0.1183023586646294,-0.027136753342752,0.0873799361424918,-0.0069231129693578
RF,LTC,0,2021-07-01,2022-07-01,2021-09-25,2565,5.018480820772255,-0.0933309834293574,-0.0362731556294047,0.1129488304955623,-0.0035821667863578
RF,LTC,0,2021-07-01,2022-07-01,2021-09-26,2566,5.014898653985897,-0.0661703263080371,-0.047888816771263,0.1244814207050462,-0.0357569244229676
RF,LTC,0,2021-07-01,2022-07-01,2021-09-27,2567,4.979141729562929,-0.037736403080844,-0.0576148408247454,0.1420812698441231,-0.0332432184443245
RF,LTC,0,2021-07-01,2022-07-01,2021-09-28,2568,4.945898511118605,-0.0009560523946046,-0.0718191533096972,0.2125306309721395,0.0302738660275476
RF,LTC,0,2021-07-01,2022-07-01,2021-09-29,2569,4.976172377146153,0.0332025883462954,-0.0767455952768462,0.2095677916768741,0.0552323642749268
RF,LTC,0,2021-07-01,2022-07-01,2021-09-30,2570,5.031404741421079,0.0568801277132129,-0.0678487280781329,0.1547049908948174,0.0813791284630252
RF,LTC,0,2021-07-01,2022-07-01,2021-10-01,2571,5.112783869884105,0.0660650390167187,-0.0563943094547272,0.0575431900664993,0.0186457813837126
RF,LTC,0,2021-07-01,2022-07-01,2021-10-02,2572,5.131429651267817,0.0744049562707225,-0.0474557127949156,0.0596290709190903,0.007950423423126
RF,LTC,0,2021-07-01,2022-07-01,2021-10-03,2573,5.139380074690943,0.0750591666452979,-0.0326639503876039,0.0272246614131637,-0.0181570752838906
RF,LTC,0,2021-07-01,2022-07-01,2021-10-04,2574,5.121222999407053,0.0811301282870422,-0.027892485989717,0.0685401788476154,0.0372061426836918
RF,LTC,0,2021-07-01,2022-07-01,2021-10-05,2575,5.158429142090744,0.0737700022272145,-0.0132195605137603,-0.0063072487112574,0.0273110267322822
RF,LTC,0,2021-07-01,2022-07-01,2021-10-06,2576,5.185740168823027,0.0667769046685737,-0.0086281500295138,-0.0060468553973516,0.0003695634928702
RF,LTC,0,2021-07-01,2022-07-01,2021-10-07,2577,5.186109732315897,0.0617524864470953,-0.0053327994325491,0.0075046409387411,-0.0157826723652929
RF,LTC,0,2021-07-01,2022-07-01,2021-10-08,2578,5.170327059950604,0.0659573826301302,-0.0042262094802127,0.0704360463111264,0.0207316622363036
RF,LTC,0,2021-07-01,2022-07-01,2021-10-09,2579,5.191058722186908,0.064125508387355,-0.0019141658452924,0.0357051787983264,-0.0244539860828005
RF,LTC,0,2021-07-01,2022-07-01,2021-10-10,2580,5.166604736104107,0.0644818466838943,-0.0001418877177261,0.0468654360217533,0.023158442150561
RF,LTC,0,2021-07-01,2022-07-01,2021-10-11,2581,5.189763178254668,0.0624365428171351,0.0007775062510397,0.0335975731098896,-0.037641284875181
RF,LTC,0,2021-07-01,2022-07-01,2021-10-12,2582,5.152121893379487,0.0704885199995724,-0.0038494742278313,0.0893066547629786,0.027571420046188
RF,LTC,0,2021-07-01,2022-07-01,2021-10-13,2583,5.179693313425675,0.0809976598273154,-0.0022200804549423,0.1524010751532722,0.0139210598289629
RF,LTC,0,2021-07-01,2022-07-01,2021-10-14,2584,5.193614373254638,0.0829883064759275,-0.0029218776203109,0.0889251064993779,0.0471487330070923
RF,LTC,0,2021-07-01,2022-07-01,2021-10-15,2585,5.24076310626173,0.0748464834421698,0.0023250713853645,0.0105794220551427,-0.0139992052764963
RF,LTC,0,2021-07-01,2022-07-01,2021-10-16,2586,5.226763900985234,0.0729717850579554,-0.0037299827179937,0.0529286416982222,-0.0132937288593737
RF,LTC,0,2021-07-01,2022-07-01,2021-10-17,2587,5.21347017212586,0.0697424862817257,-0.0044875158983951,0.0383093403771566,0.0098905792386974
RF,LTC,0,2021-07-01,2022-07-01,2021-10-18,2588,5.223360751364558,0.0681431933621725,-0.0120704971509778,0.051173836371535,0.0180677967779079
RF,LTC,0,2021-07-01,2022-07-01,2021-10-19,2589,5.241428548142466,0.0651709351845912,-0.0137908178915181,0.0441524140064162,0.0906658404364817
RF,LTC,0,2021-07-01,2022-07-01,2021-10-20,2590,5.332094388578947,0.0439709417793778,0.0052138713086035,-0.1428437209754101,-0.0495549088249314
RF,LTC,0,2021-07-01,2022-07-01,2021-10-21,2591,5.282539479754016,0.0353168678500566,0.0017076710709874,-0.0356331481287037,-0.0311969514371428
RF,LTC,0,2021-07-01,2022-07-01,2021-10-22,2592,5.251342528316873,0.0339774359845588,-0.0100821497271011,0.0285293172983553,0.0283500143665831
RF,LTC,0,2021-07-01,2022-07-01,2021-10-23,2593,5.279692542683456,0.0252948618607877,-0.0147176232079268,-0.0301330265264105,-0.0279130301804393
RF,LTC,0,2021-07-01,2022-07-01,2021-10-24,2594,5.251779512503017,0.0214180851439653,-0.0242112325314922,0.0047590255114311,0.0227550752330758
RF,LTC,0,2021-07-01,2022-07-01,2021-10-25,2595,5.274534587736093,0.018720624471582,-0.0251340537194083,0.0114824017747743,0.0110463744127891
RF,LTC,0,2021-07-01,2022-07-01,2021-10-26,2596,5.285580962148882,0.0169877820966943,-0.0278142786373549,0.0163532839420383,-0.0963302945453445
RF,LTC,0,2021-07-01,2022-07-01,2021-10-27,2597,5.189250667603537,0.0307913679440963,-0.0326669412679518,0.1440000515045465,0.0576556640217749
RF,LTC,0,2021-07-01,2022-07-01,2021-10-28,2598,5.246906331625312,0.034345931152071,-0.0280164181515243,0.0661419357715189,0.0329655139899163
RF,LTC,0,2021-07-01,2022-07-01,2021-10-29,2599,5.2798718456152285,0.0310717607380448,-0.0216213134132083,0.0161325147432762,-0.0303123294581828
RF,LTC,0,2021-07-01,2022-07-01,2021-10-30,2600,5.249559516157046,0.0299836159929434,-0.0216223664005238,0.0380323549786147,0.0069790218574024
RF,LTC,0,2021-07-01,2022-07-01,2021-10-31,2601,5.256538538014448,0.0323108104944758,-0.0243248169847866,0.0519831633013536,0.029478451496419
RF,LTC,0,2021-07-01,2022-07-01,2021-11-01,2602,5.286016989510867,0.0421223260810954,-0.0203953476527108,0.1463774848373003,0.0159172565800531
RF,LTC,0,2021-07-01,2022-07-01,2021-11-02,2603,5.30193424609092,0.0547844881701404,-0.0180865089216559,0.2698649998255948,0.0313164730171635
RF,LTC,0,2021-07-01,2022-07-01,2021-11-03,2604,5.333250719108084,0.0652963765483463,-0.0130455525676148,0.2322767287594969,-0.0202024517112526
RF,LTC,0,2021-07-01,2022-07-01,2021-11-04,2605,5.313048267396831,0.0826947640304105,-0.012588777355004,0.2594353699207916,-0.0170439070383263
RF,LTC,0,2021-07-01,2022-07-01,2021-11-05,2606,5.296004360358505,0.1004871157893827,-0.0127862891498505,0.2316706693281265,-0.0084124892228443
RF,LTC,0,2021-07-01,2022-07-01,2021-11-06,2607,5.28759187113566,0.1232663404840463,-0.0143805091429339,0.2657288915130937,0.0209298301801412
RF,LTC,0,2021-07-01,2022-07-01,2021-11-07,2608,5.308521701315802,0.1480047692082475,-0.0136396001452852,0.3191264167735905,0.1238727730323656
RF,LTC,0,2021-07-01,2022-07-01,2021-11-08,2609,5.432394474348167,0.15487623317492,0.0090433078082409,0.1388595225649611,0.1394047715683477
RF,LTC,0,2021-07-01,2022-07-01,2021-11-09,2610,5.571799245916515,0.1438075740212099,0.0205733444260833,-0.1311171260745416,-0.0062717980489344
RF,LTC,0,2021-07-01,2022-07-01,2021-11-10,2611,5.565527447867581,0.1287991234824117,0.0169049442142221,-0.1296065334974701,0.006956189450042
RF,LTC,0,2021-07-01,2022-07-01,2021-11-11,2612,5.572483637317623,0.1023927282826298,0.0137927632179254,-0.2522926884130383,-0.0448086076309914
RF,LTC,0,2021-07-01,2022-07-01,2021-11-12,2613,5.527675029686631,0.0831920089063773,0.0093406814138307,-0.1425444793108816,0.0256457329621229
RF,LTC,0,2021-07-01,2022-07-01,2021-11-13,2614,5.553320762648754,0.0631773074121495,0.0024892989785111,-0.128020123371261,0.074327355440638
RF,LTC,0,2021-07-01,2022-07-01,2021-11-14,2615,5.627648118089392,0.0338100227287689,3.905343740637016e-05,-0.2259985519023759,-0.0563941211762637
RF,LTC,0,2021-07-01,2022-07-01,2021-11-15,2616,5.5712539969131285,0.00417345446251,-0.0063958986416659,-0.2281639539818023,-0.130571877071155
RF,LTC,0,2021-07-01,2022-07-01,2021-11-16,2617,5.4406821198419735,-0.0095872361254221,-0.0185487898950026,-0.0636045120099932,-0.0047612054718628
RF,LTC,0,2021-07-01,2022-07-01,2021-11-17,2618,5.435920914370111,-0.0260555989338762,-0.0219000777924886,-0.0897347849237197,-0.1157299654655261
RF,LTC,0,2021-07-01,2022-07-01,2021-11-18,2619,5.320190948904584,-0.0307001798218493,-0.0306722361301548,0.0533961183807791,0.0649396014711651
RF,LTC,0,2021-07-01,2022-07-01,2021-11-19,2620,5.38513055037575,-0.0478500696588204,-0.0091326016889031,-0.1127740239084671,0.0401700889017435
RF,LTC,0,2021-07-01,2022-07-01,2021-11-20,2621,5.425300639277493,-0.0680374720767593,-0.0147018430023243,-0.1514070024809699,-0.0236510730904768
RF,LTC,0,2021-07-01,2022-07-01,2021-11-21,2622,5.401649566187016,-0.081955970784378,-0.0194131530345385,-0.1065663361786457,-0.0585595232556901
RF,LTC,0,2021-07-01,2022-07-01,2021-11-22,2623,5.343090042931326,-0.0841773544182187,-0.0270700623475428,-0.0158441273686484,0.033987564900654
RF,LTC,0,2021-07-01,2022-07-01,2021-11-23,2624,5.37707760783198,-0.0872804509003088,-0.0283594393316192,-0.0394696189110206,-0.0308914783855893
RF,LTC,0,2021-07-01,2022-07-01,2021-11-24,2625,5.346186129446391,-0.0846087828366339,-0.0378823680132973,-0.0039894350694336,0.0274009378389727
RF,LTC,0,2021-07-01,2022-07-01,2021-11-25,2626,5.373587067285364,-0.0883181757622999,-0.0290348316367577,-0.0579720513024417,-0.1012305408180811
RF,LTC,0,2021-07-01,2022-07-01,2021-11-26,2627,5.2723565264672825,-0.0910559474419523,-0.0535258001451498,-0.0353842990050115,0.0015371103292407
RF,LTC,0,2021-07-01,2022-07-01,2021-11-27,2628,5.273893636796523,-0.0975893604226589,-0.0676886333151259,-0.179820151703157,0.0211895932118473
RF,LTC,0,2021-07-01,2022-07-01,2021-11-28,2629,5.295083230008371,-0.1112812731434162,-0.0738389481743882,-0.2426038076985293,0.0321626855543071
RF,LTC,0,2021-07-01,2022-07-01,2021-11-29,2630,5.327245915562678,-0.127014783885845,-0.0832195722348341,-0.2403503172350971,0.0103620733582818
RF,LTC,0,2021-07-01,2022-07-01,2021-11-30,2631,5.33760798892096,-0.1446666144386883,-0.0935443536273354,-0.2482054960300894,0.0045887054559976
RF,LTC,0,2021-07-01,2022-07-01,2021-12-01,2632,5.342196694376957,-0.1607840696276312,-0.0965932099204354,-0.2348978036320943,-0.0265816783940353
RF,LTC,0,2021-07-01,2022-07-01,2021-12-02,2633,5.315615015982922,-0.1793483805778049,-0.1045515802781404,-0.2930820912580962,-0.0786427885206508
RF,LTC,0,2021-07-01,2022-07-01,2021-12-03,2634,5.236972227462271,-0.192116494008026,-0.1132963518854021,-0.2357255547386145,-0.1428987423689047
RF,LTC,0,2021-07-01,2022-07-01,2021-12-04,2635,5.094073485093366,-0.1897756764153486,-0.1210217069195597,-0.0312131967841562,-0.0415940627835249
RF,LTC,0,2021-07-01,2022-07-01,2021-12-05,2636,5.052479422309841,-0.1803826093827512,-0.1240362099500485,0.0177067517539759,0.0344161760177392
RF,LTC,0,2021-07-01,2022-07-01,2021-12-06,2637,5.0868955983275805,-0.1811863320159323,-0.1252905437830941,-0.1133676515302761,0.0025068945632895
RF,LTC,0,2021-07-01,2022-07-01,2021-12-07,2638,5.08940249289087,-0.1794761074125723,-0.1255123441607623,-0.1052617472104469,0.0178963978539927
RF,LTC,0,2021-07-01,2022-07-01,2021-12-08,2639,5.107298890744863,-0.1720991049998872,-0.1250864974657216,-0.0734979289074813,-0.0847659660200372
RF,LTC,0,2021-07-01,2022-07-01,2021-12-09,2640,5.022532924724826,-0.1608466682398965,-0.1238509808237037,-0.018977791354092,-0.0212862520011691
RF,LTC,0,2021-07-01,2022-07-01,2021-12-10,2641,5.001246672723656,-0.1497826617662214,-0.1205977193205635,-0.0290860647894897,0.0616136155855535
RF,LTC,0,2021-07-01,2022-07-01,2021-12-11,2642,5.06286028830921,-0.1423193200641863,-0.1112430668813532,-0.06024771124825,0.0073258857546072
RF,LTC,0,2021-07-01,2022-07-01,2021-12-12,2643,5.070186174063817,-0.1308156645202798,-0.1091422057788847,-0.0392409518358993,-0.0966582272665128
RF,LTC,0,2021-07-01,2022-07-01,2021-12-13,2644,4.973527946797304,-0.1102238286476042,-0.1114606242185416,0.0544800794836106,0.0106127988831188
RF,LTC,0,2021-07-01,2022-07-01,2021-12-14,2645,4.984140745680423,-0.0876549537553996,-0.1106137308277575,0.0588138961044251,0.0496602161569583
RF,LTC,0,2021-07-01,2022-07-01,2021-12-15,2646,5.033800961837382,-0.0712184414982166,-0.1071260237142327,0.0126357368704352,-0.030245828466648
RF,LTC,0,2021-07-01,2022-07-01,2021-12-16,2647,5.0035551333707335,-0.0450581926510844,-0.1061954451750532,0.0929489004260881,-0.0313945254365668
RF,LTC,0,2021-07-01,2022-07-01,2021-12-17,2648,4.972160607934167,-0.0180323872652738,-0.1083883711591816,0.1118554725354616,0.0304519691267932
RF,LTC,0,2021-07-01,2022-07-01,2021-12-18,2649,5.00261257706096,-0.0011929718631726,-0.1035367921541038,0.0586245645427974,0.0283326451669578
RF,LTC,0,2021-07-01,2022-07-01,2021-12-19,2650,5.030945222227918,0.0080972189158217,-0.0964125303605338,0.018861681815375,-0.0029371959470028
RF,LTC,0,2021-07-01,2022-07-01,2021-12-20,2651,5.028008026280915,0.0164800063521051,-0.0806526636526991,0.0210863165267731,0.0149466155039332
RF,LTC,0,2021-07-01,2022-07-01,2021-12-21,2652,5.042954641784848,0.009315501022594,-0.075291372666128,-0.0601231742809842,0.0034820569229685
RF,LTC,0,2021-07-01,2022-07-01,2021-12-22,2653,5.046436698707817,0.0009283811359415,-0.0711117333335537,-0.0661738872071211,0.0500673350890048
RF,LTC,0,2021-07-01,2022-07-01,2021-12-23,2654,5.096504033796822,-0.0106714865804393,-0.0713086074779301,-0.0973611199035282,-0.0124879533271933
RF,LTC,0,2021-07-01,2022-07-01,2021-12-24,2655,5.084016080469628,-0.0218927085768898,-0.0630484036447033,-0.0968900428059704,-0.022778938865871
RF,LTC,0,2021-07-01,2022-07-01,2021-12-25,2656,5.061237141603757,-0.0236805776698254,-0.0577264344360158,-0.0459630668284773,-0.0114302375604644
RF,LTC,0,2021-07-01,2022-07-01,2021-12-26,2657,5.049806904043293,-0.022720737516118,-0.0503277153431619,-0.030836489351758,-0.0007125612356047
RF,LTC,0,2021-07-01,2022-07-01,2021-12-27,2658,5.049094342807688,-0.0255169601262901,-0.0468192504779497,-0.0487680467832714,-0.0662628753038241
RF,LTC,0,2021-07-01,2022-07-01,2021-12-28,2659,4.982831467503864,-0.0184132475966425,-0.0333129321012716,0.0063233398402413,-0.0025686560031683
RF,LTC,0,2021-07-01,2022-07-01,2021-12-29,2660,4.980262811500696,-0.0226430332062506,-0.0226499736137069,-0.0669529099804684,0.0188801023925977
RF,LTC,0,2021-07-01,2022-07-01,2021-12-30,2661,4.9991429138932935,-0.0302757224401561,-0.0137508927910083,-0.082790576724439,-0.0120168762296355
RF,LTC,0,2021-07-01,2022-07-01,2021-12-31,2662,4.987126037663658,-0.0410302070384211,-0.0082710267983707,-0.1082070294729353,0.028148037111622
RF,LTC,0,2021-07-01,2022-07-01,2022-01-01,2663,5.01527407477528,-0.0581955476872781,-0.0018746627745844,-0.1466826316759606,0.0036963399162548
RF,LTC,0,2021-07-01,2022-07-01,2022-01-02,2664,5.018970414691535,-0.073809200775881,-0.0061146543426283,-0.1414983936701297,-0.018644118667118
RF,LTC,0,2021-07-01,2022-07-01,2022-01-03,2665,5.000326296024417,-0.0899977140854844,-0.001993674770408,-0.1574485375608372,-0.0111714886803113
RF,LTC,0,2021-07-01,2022-07-01,2022-01-04,2666,4.989154807344105,-0.0964592842213338,-0.0040548887460917,-0.1098059388583188,-0.0758449058238781
RF,LTC,0,2021-07-01,2022-07-01,2022-01-05,2667,4.913309901520227,-0.0824727649324552,-0.0126742943058868,0.0406647222010807,0.0030424356486271
RF,LTC,0,2021-07-01,2022-07-01,2022-01-06,2668,4.9163523371688544,-0.0730970438286524,-0.023145594201328,0.0009719269861321,-0.0374333289781319
RF,LTC,0,2021-07-01,2022-07-01,2022-01-07,2669,4.8789190081907226,-0.0525845204335428,-0.0312852817167487,0.0959157913494435,-0.0103275650914032
RF,LTC,0,2021-07-01,2022-07-01,2022-01-08,2670,4.868591443099319,-0.0271650298928012,-0.0420638559339857,0.1281978253137916,0.0088805779220857
RF,LTC,0,2021-07-01,2022-07-01,2022-01-09,2671,4.877472021021405,-0.004644514746964,-0.0496659970811577,0.1097800242476552,-0.0345942625578254
RF,LTC,0,2021-07-01,2022-07-01,2022-01-10,2672,4.84287775846358,0.0265655232614312,-0.0582689380240549,0.1788113290358488,0.036471110022207
RF,LTC,0,2021-07-01,2022-07-01,2022-01-11,2673,4.879348868485787,0.0379323284478845,-0.0599192998225468,0.0757086136957347,0.0746257552355214
RF,LTC,0,2021-07-01,2022-07-01,2022-01-12,2674,4.953974623721308,0.0349606402627724,-0.0483653484104927,-0.0346018954318463,-0.0366503595663214
RF,LTC,0,2021-07-01,2022-07-01,2022-01-13,2675,4.917324264154987,0.0295670875283784,-0.0540756063125692,-0.0469860134606534,0.0575105353851794
RF,LTC,0,2021-07-01,2022-07-01,2022-01-14,2676,4.974834799540166,0.0097092095949857,-0.0453181143031338,-0.2352048018679848,0.0219544688729449
RF,LTC,0,2021-07-01,2022-07-01,2022-01-15,2677,4.996789268413111,-0.0194865535767849,-0.0434113636175176,-0.3106983236024456,-0.0095372231440507
RF,LTC,0,2021-07-01,2022-07-01,2022-01-16,2678,4.98725204526906,-0.0470973190786772,-0.0386746210112768,-0.2679543140703764,0.0344370422303681
RF,LTC,0,2021-07-01,2022-07-01,2022-01-17,2679,5.021689087499428,-0.0827506088100147,-0.0338332378898205,-0.324928371847613,-0.066631605317907
RF,LTC,0,2021-07-01,2022-07-01,2022-01-18,2680,4.955057482181521,-0.1088619765293552,-0.0412597008465223,-0.2723118537254434,-0.0356847538920597
RF,LTC,0,2021-07-01,2022-07-01,2022-01-19,2681,4.919372728289462,-0.1313327653288407,-0.0384620033326272,-0.2439101615385626,-0.0490344775951285
RF,LTC,0,2021-07-01,2022-07-01,2022-01-20,2682,4.870338250694333,-0.147268367697297,-0.0427377907096507,-0.1979439583039246,-0.1307082530221519
RF,LTC,0,2021-07-01,2022-07-01,2022-01-21,2683,4.739629997672181,-0.1504464907226621,-0.0499744616553857,-0.0443199602174795,-0.0535390528615158
RF,LTC,0,2021-07-01,2022-07-01,2022-01-22,2684,4.686090944810665,-0.1446520067541987,-0.0567224206410357,0.0218494985778816,0.0332067863880185
RF,LTC,0,2021-07-01,2022-07-01,2022-01-23,2685,4.719297731198684,-0.1415596140868027,-0.0611285910389357,-0.0297877010675673,-0.0225370155468684
RF,LTC,0,2021-07-01,2022-07-01,2022-01-24,2686,4.696760715651815,-0.1319108479246509,-0.0657286005303076,-3.557471562665171e-05,-0.0140150871957374
RF,LTC,0,2021-07-01,2022-07-01,2022-01-25,2687,4.682745628456078,-0.1102522265321592,-0.0648458601587526,0.065676060192513,-0.0072830617051788
RF,LTC,0,2021-07-01,2022-07-01,2022-01-26,2688,4.675462566750899,-0.0966246942054898,-0.0702276069915315,0.0118038107062705,-0.0030682743604906
RF,LTC,0,2021-07-01,2022-07-01,2022-01-27,2689,4.6723942923904085,-0.079594911350588,-0.0675850860823942,0.0306917897858749,0.0229157450642931
RF,LTC,0,2021-07-01,2022-07-01,2022-01-28,2690,4.695310037454702,-0.0580295715530638,-0.0637063956833734,0.099802901879511,0.0126304059338453
RF,LTC,0,2021-07-01,2022-07-01,2022-01-29,2691,4.707940443388547,-0.0373714260996393,-0.0634383405840874,0.0953979127714639,-0.0184304132574304
RF,LTC,0,2021-07-01,2022-07-01,2022-01-30,2692,4.689510030131117,-0.0097417185461461,-0.065215690386546,0.1581788174860854,0.0072151108050722
RF,LTC,0,2021-07-01,2022-07-01,2022-01-31,2693,4.696725140936189,0.0201865976139599,-0.0668834935699344,0.224039356340957,0.0516965477124022
RF,LTC,0,2021-07-01,2022-07-01,2022-02-01,2694,4.748421688648591,0.0391234255882571,-0.0634110209811352,0.1493527468905773,-0.0611553111914213
RF,LTC,0,2021-07-01,2022-07-01,2022-02-02,2695,4.68726637745717,0.0720957393926715,-0.065714806889759,0.255601011301775,0.0158197047191137
RF,LTC,0,2021-07-01,2022-07-01,2022-02-03,2696,4.703086082176283,0.0961770286712342,-0.0667943943526769,0.2028432535856348,0.0920268571579292
RF,LTC,0,2021-07-01,2022-07-01,2022-02-04,2697,4.795112939334213,0.0995740801489901,-0.050332894326329,0.0414162263103277,0.0082254168257982
RF,LTC,0,2021-07-01,2022-07-01,2022-02-05,2698,4.803338356160011,0.1009247538611068,-0.0557706173373443,0.0383548962963233,0.044350491457191
RF,LTC,0,2021-07-01,2022-07-01,2022-02-06,2699,4.847688847617202,0.0958685292023444,-0.0428736175730954,-0.0097874907510018,0.0730756496599438
RF,LTC,0,2021-07-01,2022-07-01,2022-02-07,2700,4.920764497277146,0.0831090566682402,-0.0279778106613732,-0.0940515889579494,-0.0229900617379774
RF,LTC,0,2021-07-01,2022-07-01,2022-02-08,2701,4.897774435539168,0.0782736512587929,-0.0250390075007873,-0.0167724726773297,0.0450929532197763
RF,LTC,0,2021-07-01,2022-07-01,2022-02-09,2702,4.942867388758945,0.0633582563323331,-0.0149235632316031,-0.0895813285604933,-0.0369380529970264
RF,LTC,0,2021-07-01,2022-07-01,2022-02-10,2703,4.905929335761918,0.04096537507586,-0.0172239844402465,-0.1497355203011174,-0.0694001701173778
RF,LTC,0,2021-07-01,2022-07-01,2022-02-11,2704,4.83652916564454,0.0275208934361721,-0.0168416656287754,-0.0898846768256751,0.0051640868117939
RF,LTC,0,2021-07-01,2022-07-01,2022-02-12,2705,4.841693252456334,0.0131352462293214,-0.0101565778450847,-0.090614771129708,-0.0037918955901341
RF,LTC,0,2021-07-01,2022-07-01,2022-02-13,2706,4.8379013568662,-0.006216641172454,-0.0093558289518655,-0.1298854647902629,-0.0111884485470037
RF,LTC,0,2021-07-01,2022-07-01,2022-02-14,2707,4.826712908319196,-0.0300013018734199,0.0050445084483504,-0.1876197399158252,0.0542890545426422
RF,LTC,0,2021-07-01,2022-07-01,2022-02-15,2708,4.881001962861839,-0.0553673463881203,0.010776391228083,-0.2032990760936082,-0.0277159026633873
RF,LTC,0,2021-07-01,2022-07-01,2022-02-16,2709,4.853286060198451,-0.0778458992410824,0.0116195181938797,-0.190168243990537,-0.0970922447376505
RF,LTC,0,2021-07-01,2022-07-01,2022-02-17,2710,4.756193815460801,-0.0897594871448266,0.0141376015402226,-0.1095891028619817,-0.0095493266419355
RF,LTC,0,2021-07-01,2022-07-01,2022-02-18,2711,4.746644488818865,-0.0910790870977491,0.0095105428329908,-0.0528563603084437,0.0044339925077609
RF,LTC,0,2021-07-01,2022-07-01,2022-02-19,2712,4.751078481326626,-0.0932180773370987,0.0083441082208871,-0.0666936845366388,-0.043062589250689
RF,LTC,0,2021-07-01,2022-07-01,2022-02-20,2713,4.708015892075937,-0.0957838481458903,0.0040981398418039,-0.0722622013662004,-0.068922723672566
RF,LTC,0,2021-07-01,2022-07-01,2022-02-21,2714,4.639093168403371,-0.078084045888195,0.0028033156360042,0.0924856686075026,0.0386097183648592
RF,LTC,0,2021-07-01,2022-07-01,2022-02-22,2715,4.67770288676823,-0.0657975548855906,0.0018576531409094,0.04564176487645,-0.0145850705603161
RF,LTC,0,2021-07-01,2022-07-01,2022-02-23,2716,4.663117816207914,-0.0534460282533428,-0.003300826916999,0.0405516091818283,-0.0165131036090953
RF,LTC,0,2021-07-01,2022-07-01,2022-02-24,2717,4.646604712598819,-0.037249480174796,-0.0069441069092263,0.0660927150123278,0.0471834159116024
RF,LTC,0,2021-07-01,2022-07-01,2022-02-25,2718,4.6937881285104215,-0.0406156719194408,-0.0096891095350426,-0.0747959091957861,-0.009403331720434
RF,LTC,0,2021-07-01,2022-07-01,2022-02-26,2719,4.684384796789987,-0.0388030707152999,-0.0174922711650957,-0.030641726327877,-0.0486311060802506
RF,LTC,0,2021-07-01,2022-07-01,2022-02-27,2720,4.635753690709737,-0.0346371441690047,-0.0228161121819928,-0.0147700210710404,0.095825146301137
RF,LTC,0,2021-07-01,2022-07-01,2022-02-28,2721,4.731578837010874,-0.0473123399614232,-0.0245056661624821,-0.1377804384441674,-0.0082341853661933
RF,LTC,0,2021-07-01,2022-07-01,2022-03-01,2722,4.72334465164468,-0.0565474451715664,-0.0366127775436772,-0.1120170091245578,-0.0196752262549377
RF,LTC,0,2021-07-01,2022-07-01,2022-03-02,2723,4.703669425389743,-0.0544757885939004,-0.0350152632790614,-0.0313819253153102,0.0090280022214042
RF,LTC,0,2021-07-01,2022-07-01,2022-03-03,2724,4.712697427611147,-0.0593622105802058,-0.0408775715820787,-0.081318608541169,-0.0937052082965115
RF,LTC,0,2021-07-01,2022-07-01,2022-03-04,2725,4.618992219314635,-0.0494288242898433,-0.04960232486954,0.0346381232481194,0.034750851147475
RF,LTC,0,2021-07-01,2022-07-01,2022-03-05,2726,4.65374307046211,-0.0418866819276768,-0.0435892798338865,0.008113616274648,-0.032759400823414
RF,LTC,0,2021-07-01,2022-07-01,2022-03-06,2727,4.620983669638696,-0.0360821015368362,-0.047450185077411,0.0051139960511603,-0.0271852710719899
RF,LTC,0,2021-07-01,2022-07-01,2022-03-07,2728,4.593798398566706,-0.0213044919882801,-0.0435149888776616,0.0665571978538439,0.0175292439534162
RF,LTC,0,2021-07-01,2022-07-01,2022-03-08,2729,4.611327642520123,-0.007347716253041,-0.0401424198805287,0.0613943747135889,0.0609598575543097
RF,LTC,0,2021-07-01,2022-07-01,2022-03-09,2730,4.672287500074432,0.003082358897946,-0.0322226299261536,0.0404734397911239,-0.0409086810044545
RF,LTC,0,2021-07-01,2022-07-01,2022-03-10,2731,4.631378819069978,0.0168739043598096,-0.0257733111151825,0.0719178868365766,0.0222515234927769
RF,LTC,0,2021-07-01,2022-07-01,2022-03-11,2732,4.653630342562755,0.0291204282267472,-0.0175620190891726,0.0659025262471306,0.0082263441740035
RF,LTC,0,2021-07-01,2022-07-01,2022-03-12,2733,4.661856686736758,0.0439630960183921,-0.0042877370816196,0.0949461669232398,-0.0357590210469016
RF,LTC,0,2021-07-01,2022-07-01,2022-03-13,2734,4.626097665689857,0.0607804086714134,-0.0017450877294473,0.1173476162080557,0.0342579307306936
RF,LTC,0,2021-07-01,2022-07-01,2022-03-14,2735,4.66035559642055,0.0726772178327914,0.0030017791937851,0.09460201755431,0.0123664208131613
RF,LTC,0,2021-07-01,2022-07-01,2022-03-15,2736,4.672722017233712,0.0873017706118464,0.0082782080240403,0.1388765019916462,0.0400389226318447
RF,LTC,0,2021-07-01,2022-07-01,2022-03-16,2737,4.712760939865556,0.094767728496504,0.0147590548544432,0.0951494013362141,-0.0094642339590018
RF,LTC,0,2021-07-01,2022-07-01,2022-03-17,2738,4.7032967059065545,0.1071258530852041,0.0138819465066444,0.1375878934967795,0.0162361629033309
RF,LTC,0,2021-07-01,2022-07-01,2022-03-18,2739,4.719532868809885,0.1119170191060749,0.0153502368479109,0.1012918359918249,0.0372699848501127
RF,LTC,0,2021-07-01,2022-07-01,2022-03-19,2740,4.756802853659998,0.1117554158748417,0.0157251650633266,0.0705610919125936,-0.0133575717620857
RF,LTC,0,2021-07-01,2022-07-01,2022-03-20,2741,4.7434452818979125,0.1184446191755768,0.0175630635832803,0.1194435960860182,0.0115123320769479
RF,LTC,0,2021-07-01,2022-07-01,2022-03-21,2742,4.75495761397486,0.1200512711655026,0.0160348787513766,0.0965929559381182,0.0566409052504974
RF,LTC,0,2021-07-01,2022-07-01,2022-03-22,2743,4.811598519225358,0.1174019521906375,0.016344625093342,0.0564068474126209,-0.0036881780235873
RF,LTC,0,2021-07-01,2022-07-01,2022-03-23,2744,4.8079103412017705,0.1154090805962013,0.0181393017755147,0.0685788345344509,0.0329742582015635
RF,LTC,0,2021-07-01,2022-07-01,2022-03-24,2745,4.840884599403334,0.0980938095879926,0.0212080748142637,-0.0228958938831311,-0.0200598946016237
RF,LTC,0,2021-07-01,2022-07-01,2022-03-25,2746,4.82082470480171,0.0859409603429464,0.0180106408833845,0.0065540252049745,0.0065392407708815
RF,LTC,0,2021-07-01,2022-07-01,2022-03-26,2747,4.827363945572592,0.0727514419372887,0.0213223598812041,0.0003374827247748,0.0355249324113389
RF,LTC,0,2021-07-01,2022-07-01,2022-03-27,2748,4.862888877983931,0.0607878411351769,0.0219905136757092,-0.0034935158548048,-0.0113383080709521
RF,LTC,0,2021-07-01,2022-07-01,2022-03-28,2749,4.851550569912979,0.0462346866140741,0.0193891253792488,-0.024343829382917,0.0164547967250001
RF,LTC,0,2021-07-01,2022-07-01,2022-03-29,2750,4.868005366637979,0.0273087274497267,0.0208379784622174,-0.0540893982625512,0.0084838090982426
RF,LTC,0,2021-07-01,2022-07-01,2022-03-30,2751,4.876489175736221,0.0035748850258041,0.0228918323418445,-0.1538797089151939,-0.0585004702160185
RF,LTC,0,2021-07-01,2022-07-01,2022-03-31,2752,4.817988705520203,-0.0085292895240192,0.0199795855000322,-0.0797730466442416,0.0093900244864819
RF,LTC,0,2021-07-01,2022-07-01,2022-04-01,2753,4.827378730006685,-0.0254422742297464,0.0188333583693331,-0.1189115726304725,0.0003226982906818
RF,LTC,0,2021-07-01,2022-07-01,2022-04-02,2754,4.827701428297367,-0.039873540452036,0.0175379006155729,-0.1022865715380332,0.0316939338317592
RF,LTC,0,2021-07-01,2022-07-01,2022-04-03,2755,4.859395362129126,-0.0618488058545212,0.0194130086083518,-0.1483008469827709,-0.0321886215990643
RF,LTC,0,2021-07-01,2022-07-01,2022-04-04,2756,4.827206740530062,-0.0814103276485429,0.0207849456927441,-0.1962967698675051,-0.013290772154634
RF,LTC,0,2021-07-01,2022-07-01,2022-04-05,2757,4.813915968375428,-0.0960364282551697,0.0194705355097328,-0.1615910985347328,-0.0913065015544001
RF,LTC,0,2021-07-01,2022-07-01,2022-04-06,2758,4.7226094668210274,-0.0973890707847955,0.0119853916840683,-0.0177527603506941,0.0156061920549337
RF,LTC,0,2021-07-01,2022-07-01,2022-04-07,2759,4.738215658875961,-0.1017331964954397,0.0106613548655042,-0.0615526770595202,-0.0297485014997489
RF,LTC,0,2021-07-01,2022-07-01,2022-04-08,2760,4.708467157376212,-0.0960089382931022,0.0051874313947377,0.0020476444851009,0.0169476993831212
RF,LTC,0,2021-07-01,2022-07-01,2022-04-09,2761,4.7254148567593335,-0.0865204755199036,0.0048179732081673,0.0145546288095239,-0.0143203416129784
RF,LTC,0,2021-07-01,2022-07-01,2022-04-10,2762,4.711094515146355,-0.0804903030115866,-0.005639312040018,-0.0193541810875954,-0.0801845444837985
RF,LTC,0,2021-07-01,2022-07-01,2022-04-11,2763,4.6309099706625565,-0.0667221325082429,-0.013675478977287,0.0806554813941611,0.0214148991781382
RF,LTC,0,2021-07-01,2022-07-01,2022-04-12,2764,4.652324869840695,-0.0501839669576664,-0.0330840027623785,0.0822238677631093,0.0525318366296385
RF,LTC,0,2021-07-01,2022-07-01,2022-04-13,2765,4.704856706470333,-0.0435745101348397,-0.0340063673672818,0.0134608140223928,-0.0281937246538923
RF,LTC,0,2021-07-01,2022-07-01,2022-04-14,2766,4.676662981816441,-0.040040492573266,-0.0404252581322756,-0.003852971458401,0.0338518200448723
RF,LTC,0,2021-07-01,2022-07-01,2022-04-15,2767,4.710514801861313,-0.0430650993165588,-0.041562769272062,-0.0508505207157758,0.0294546837075442
RF,LTC,0,2021-07-01,2022-07-01,2022-04-16,2768,4.739969485568857,-0.0500344596056354,-0.0500485891463919,-0.0812170961362035,-0.0482291515100978
RF,LTC,0,2021-07-01,2022-07-01,2022-04-17,2769,4.69174033405876,-0.0510605051972898,-0.0509335973349778,-0.0413807028100281,0.019825117997958
RF,LTC,0,2021-07-01,2022-07-01,2022-04-18,2770,4.711565452056718,-0.0541114048676334,-0.0545214845256997,-0.0605903213491778,0.0229832855470863
RF,LTC,0,2021-07-01,2022-07-01,2022-04-19,2771,4.734548737603804,-0.0689013383002201,-0.0579608951063823,-0.1454603905220581,-0.0162312171110778
RF,LTC,0,2021-07-01,2022-07-01,2022-04-20,2772,4.718317520492726,-0.0770070342071305,-0.0584015779672406,-0.1077742223184206,-0.0455075101346862
RF,LTC,0,2021-07-01,2022-07-01,2022-04-21,2773,4.67281001035804,-0.0728692473539158,-0.0566443956413185,-0.0349466288053168,-0.0131457292125025
RF,LTC,0,2021-07-01,2022-07-01,2022-04-22,2774,4.659664281145537,-0.0711174543524491,-0.0568578670019479,-0.0507211618157432,-0.0009118917128834
RF,LTC,0,2021-07-01,2022-07-01,2022-04-23,2775,4.658752389432654,-0.0754082025811122,-0.0530096154272096,-0.0926766794489006,-0.0083927581839224
RF,LTC,0,2021-07-01,2022-07-01,2022-04-24,2776,4.650359631248731,-0.0727537395419553,-0.0507889765940628,-0.0508476652700311,0.0006154994588083
RF,LTC,0,2021-07-01,2022-07-01,2022-04-25,2777,4.65097513070754,-0.0683724660148392,-0.0462336651436316,-0.0388965658619753,-0.0618867836257939
RF,LTC,0,2021-07-01,2022-07-01,2022-04-26,2778,4.589088347081746,-0.0577434612412011,-0.0444959460152872,0.0094903384007052,0.0214549510925596
RF,LTC,0,2021-07-01,2022-07-01,2022-04-27,2779,4.6105432981743055,-0.0426006348635326,-0.038975788691686,0.0554854982224242,0.0273200833784175
RF,LTC,0,2021-07-01,2022-07-01,2022-04-28,2780,4.637863381552723,-0.044567592062962,-0.0357422043280785,-0.0639886825828712,-0.0289202622229289
RF,LTC,0,2021-07-01,2022-07-01,2022-04-29,2781,4.608943119329794,-0.0424977408146345,-0.0300878109577648,-0.036381297307896,-0.0428674093460408
RF,LTC,0,2021-07-01,2022-07-01,2022-04-30,2782,4.566075709983753,-0.0373864693850221,-0.0253381607629855,-0.0167258926287789,0.033436255994947
RF,LTC,0,2021-07-01,2022-07-01,2022-05-01,2783,4.5995119659787,-0.0391027656853051,-0.0117035487549204,-0.0564679300334294,0.0125665988668641
RF,LTC,0,2021-07-01,2022-07-01,2022-05-02,2784,4.612078564845564,-0.0514131015860286,-0.0064171545468207,-0.2559192054917547,-0.0134998793631133
RF,LTC,0,2021-07-01,2022-07-01,2022-05-03,2785,4.598578685482451,-0.0625211797461791,-0.0021766020630286,-0.2137206937754339,0.0674501109142786
RF,LTC,0,2021-07-01,2022-07-01,2022-05-04,2786,4.66602879639673,-0.0872133446899345,0.014533371282251,-0.4705004051208457,-0.0921540974268779
RF,LTC,0,2021-07-01,2022-07-01,2022-05-05,2787,4.573874698969852,-0.1045367695303483,0.0049699408286196,-0.408718394286911,-0.0013128769479537
RF,LTC,0,2021-07-01,2022-07-01,2022-05-06,2788,4.572561822021898,-0.1215495748962967,0.0077029317810772,-0.3536051558038231,-0.0232120046669237
RF,LTC,0,2021-07-01,2022-07-01,2022-05-07,2789,4.549349817354974,-0.1375526663128417,-0.0002290176050604,-0.3159637206903962,-0.0063057814097033
RF,LTC,0,2021-07-01,2022-07-01,2022-05-08,2790,4.543044035945271,-0.1517598830628621,0.0011793915204775,-0.2729218845609162,-0.1868846765914611
RF,LTC,0,2021-07-01,2022-07-01,2022-05-09,2791,4.35615935935381,-0.1634615744676439,-0.0038619916084033,-0.148317234905086,0.0286986323532074
RF,LTC,0,2021-07-01,2022-07-01,2022-05-10,2792,4.384857991707017,-0.1672964110423391,-0.0126425758057571,-0.0948189872147278,-0.1893296004311331
RF,LTC,0,2021-07-01,2022-07-01,2022-05-11,2793,4.195528391275884,-0.1730357099979169,-0.0182014898935211,0.0004040916372112,-0.0303720865929433
RF,LTC,0,2021-07-01,2022-07-01,2022-05-12,2794,4.165156304682941,-0.1666810236874161,-0.0244375743537256,0.1128516870565752,0.0538003615351341
RF,LTC,0,2021-07-01,2022-07-01,2022-05-13,2795,4.218956666218075,-0.1643123991479154,-0.0231132886415221,0.0101852843013681,0.0144294304465031
RF,LTC,0,2021-07-01,2022-07-01,2022-05-14,2796,4.233386096664578,-0.1582300505127829,-0.0284770839770435,0.0108972543646066,0.0367360547197765
RF,LTC,0,2021-07-01,2022-07-01,2022-05-15,2797,4.270122151384355,-0.1489012179506739,-0.0305279285386825,0.0034001710109015,-0.0622800269356309
RF,LTC,0,2021-07-01,2022-07-01,2022-05-16,2798,4.207842124448724,-0.1375548404922053,-0.03318477776747,0.0264492376650462,0.0821968800435657
RF,LTC,0,2021-07-01,2022-07-01,2022-05-17,2799,4.290039004492289,-0.1296937829581335,-0.0170360223909016,-0.0369607311371886,-0.094106521579194
RF,LTC,0,2021-07-01,2022-07-01,2022-05-18,2800,4.195932482913095,-0.1173645716626206,-0.0246219057361783,0.028169329364549,0.0820755088264206
RF,LTC,0,2021-07-01,2022-07-01,2022-05-19,2801,4.278007991739516,-0.1200169176193242,-0.0123683279696924,-0.12181388850966,-0.0488660412200729
RF,LTC,0,2021-07-01,2022-07-01,2022-05-20,2802,4.229141950519443,-0.1218760797794393,-0.0169571647237464,-0.10906591904887,0.0151414005097416
RF,LTC,0,2021-07-01,2022-07-01,2022-05-21,2803,4.244283351029185,-0.1222100585298866,-0.0263140801732054,-0.1121088147473212,0.0292389713660714
RF,LTC,0,2021-07-01,2022-07-01,2022-05-22,2804,4.273522322395256,-0.1215353891654702,-0.0227087521880299,-0.11860603689124,-0.0392309602814862
RF,LTC,0,2021-07-01,2022-07-01,2022-05-23,2805,4.23429136211377,-0.1061757578521183,-0.0320125742098774,0.001566047506829,0.0187869112413308
RF,LTC,0,2021-07-01,2022-07-01,2022-05-24,2806,4.253078273355101,-0.0947129080605782,-0.0293049113833885,-0.0275390213115009,-0.0289764610774563
RF,LTC,0,2021-07-01,2022-07-01,2022-05-25,2807,4.224101812277644,-0.0923521811309102,-0.0351018718204166,-0.0814780225210984,-0.0679077090477884
RF,LTC,0,2021-07-01,2022-07-01,2022-05-26,2808,4.156194103229856,-0.0782441000833227,-0.0331121443637158,0.0097166496809508,-0.036118071759283
RF,LTC,0,2021-07-01,2022-07-01,2022-05-27,2809,4.120076031470573,-0.0637854012109562,-0.0382299153585395,0.0176355018433342,0.0120985048112904
RF,LTC,0,2021-07-01,2022-07-01,2022-05-28,2810,4.132174536281863,-0.0492301435243893,-0.0353898058844984,0.0227535977796362,0.0227417492221526
RF,LTC,0,2021-07-01,2022-07-01,2022-05-29,2811,4.154916285504016,-0.0402077354458656,-0.0292257994739303,-0.0084873987880076,0.0809411241165829
RF,LTC,0,2021-07-01,2022-07-01,2022-05-30,2812,4.235857409620599,-0.0386593258044181,-0.00782167095232,-0.0704755752884969,-0.0103181575769992
RF,LTC,0,2021-07-01,2022-07-01,2022-05-31,2813,4.2255392520436,-0.0377497678490241,-0.0058141102996615,-0.0681336666978404,-0.0829154622870538
RF,LTC,0,2021-07-01,2022-07-01,2022-06-01,2814,4.142623789756546,-0.031548710056156,-0.014959037741431,-0.0228279331290535,0.0232869631542609
RF,LTC,0,2021-07-01,2022-07-01,2022-06-02,2815,4.165910752910807,-0.0324528636760872,-0.0160767255602785,-0.0679731052186891,-0.0281992195968996
RF,LTC,0,2021-07-01,2022-07-01,2022-06-03,2816,4.137711533313907,-0.0391307226958508,-0.0168371246250674,-0.1006709823297145,0.0172166007475924
RF,LTC,0,2021-07-01,2022-07-01,2022-06-04,2817,4.1549281340615,-0.0572713437734897,-0.0133692436557,-0.1980912344275451,-0.0084992473454912
RF,LTC,0,2021-07-01,2022-07-01,2022-06-05,2818,4.146428886716008,-0.0811874969646133,-0.0175029890771918,-0.2704703623244424,0.0189529476160936
RF,LTC,0,2021-07-01,2022-07-01,2022-06-06,2819,4.165381834332102,-0.1141062962383698,-0.0115713543856697,-0.3972222571273271,-0.0079762489863428
RF,LTC,0,2021-07-01,2022-07-01,2022-06-07,2820,4.157405585345759,-0.1403330181715079,-0.0112703979927371,-0.3258984028799903,-0.0376097287182668
RF,LTC,0,2021-07-01,2022-07-01,2022-06-08,2821,4.119795856627492,-0.15123356810903,-0.0117404316330969,-0.1979854702951069,-0.0218582089353747
RF,LTC,0,2021-07-01,2022-07-01,2022-06-09,2822,4.097937647692118,-0.1672147785912972,-0.0130785673421674,-0.2979704441832145,-0.0608970967079249
RF,LTC,0,2021-07-01,2022-07-01,2022-06-10,2823,4.037040550984193,-0.1697610605912056,-0.011851721457931,-0.1724254791061805,-0.0802036513502382
RF,LTC,0,2021-07-01,2022-07-01,2022-06-11,2824,3.9568368996339545,-0.1649156716435578,-0.0173602841306029,-0.1014422953649565,-0.0808783752423885
RF,LTC,0,2021-07-01,2022-07-01,2022-06-12,2825,3.875958524391566,-0.1432241341310804,-0.0228864951798354,0.1189922394424631,-0.107798947186791
RF,LTC,0,2021-07-01,2022-07-01,2022-06-13,2826,3.768159577204775,-0.1166930919241782,-0.0283107446515485,0.200349500342488,0.063347605260994
RF,LTC,0,2021-07-01,2022-07-01,2022-06-14,2827,3.831507182465769,-0.0933391447934162,-0.0097265977120091,0.1483179935774381,0.0903032038666165
RF,LTC,0,2021-07-01,2022-07-01,2022-06-15,2828,3.9218103863323854,-0.0800876500634206,0.0081091395559105,0.0314580591065682,-0.1218431828234822
RF,LTC,0,2021-07-01,2022-07-01,2022-06-16,2829,3.799967203508903,-0.0513551442834674,-0.0042030141595939,0.2211403622556687,0.0646478683691089
RF,LTC,0,2021-07-01,2022-07-01,2022-06-17,2830,3.864615071878012,-0.0253135194245026,0.0075075674476811,0.1605988034223053,-0.0092204676090141
RF,LTC,0,2021-07-01,2022-07-01,2022-06-18,2831,3.855394604268998,0.0074097952678617,-0.0032537666599419,0.2216330273563027,0.1395561595650312
RF,LTC,0,2021-07-01,2022-07-01,2022-06-19,2832,3.994950763834029,0.0250552414528617,0.0185242477340844,0.0459252347147334,-0.0264416862867662
RF,LTC,0,2021-07-01,2022-07-01,2022-06-20,2833,3.968509077547263,0.0411891509682975,0.0066581975491253,0.0555123749356925,0.0113160984959441
RF,LTC,0,2021-07-01,2022-07-01,2022-06-21,2834,3.979825176043207,0.0456598578581894,0.0025183716290396,-0.0130941008797522,-0.0265567306042533
RF,LTC,0,2021-07-01,2022-07-01,2022-06-22,2835,3.9532684454389537,0.0530160395422849,0.0047660715826334,0.0249642855861704,0.0678391203256181
RF,LTC,0,2021-07-01,2022-07-01,2022-06-23,2836,4.021107565764572,0.0534208180908919,0.0120116209986506,-0.0386553632744588,0.0041063095357456
RF,LTC,0,2021-07-01,2022-07-01,2022-06-24,2837,4.0252138753003175,0.0434672918463596,0.0105306202381915,-0.0911311445941933,0.0518137563249831
RF,LTC,0,2021-07-01,2022-07-01,2022-06-25,2838,4.077027631625301,0.0253650300746937,0.0066771159440694,-0.1553425164810224,-0.0361516330765381
RF,LTC,1,2022-07-01,2023-07-01,2022-07-01,2844,3.934082730706124,-0.0024418524555231,-0.0104872536593648,0.0087595026882096,-0.0123976155618459
RF,LTC,1,2022-07-01,2023-07-01,2022-07-02,2845,3.921685115144278,0.0104529134764459,-0.0148642553951278,0.070268920860872,0.0095947921920616
RF,LTC,1,2022-07-01,2023-07-01,2022-07-03,2846,3.93127990733634,0.0144220237191339,-0.0141992199692112,0.0231920642740361,0.0246416296291021
RF,LTC,1,2022-07-01,2023-07-01,2022-07-04,2847,3.955921536965442,0.0041801122097662,-0.0146223062114094,-0.0687120658976385,-0.0472924220913317
RF,LTC,1,2022-07-01,2023-07-01,2022-07-05,2848,3.90862911487411,-0.0013585501167776,-0.01370637647741,-0.0470074837899883,0.0105896945268972
RF,LTC,1,2022-07-01,2023-07-01,2022-07-06,2849,3.919218809401008,-0.0025349505557086,-0.00982462269556,-0.0159716874303419,0.0347691162604624
RF,LTC,1,2022-07-01,2023-07-01,2022-07-07,2850,3.95398792566147,-0.0045537004804612,-0.0083411719825207,-0.0178811325400238,-0.011145692267136
RF,LTC,1,2022-07-01,2023-07-01,2022-07-08,2851,3.942842233394334,-0.0027261784940271,-0.0027916271736481,0.0045105635431452,0.0491118026108163
RF,LTC,1,2022-07-01,2023-07-01,2022-07-09,2852,3.99195403600515,-0.0005354703691691,0.0070473718935077,0.0176522733943023,-0.0374820643947741
RF,LTC,1,2022-07-01,2023-07-01,2022-07-10,2853,3.954471971610376,0.0101705429071312,0.0110808289064802,0.0658914344286873,-0.0672625005425726
RF,LTC,1,2022-07-01,2023-07-01,2022-07-11,2854,3.8872094710678033,0.0359450061972861,0.0143424061454114,0.1839737489352653,-0.0255878399836815
RF,LTC,1,2022-07-01,2023-07-01,2022-07-12,2855,3.861621631084122,0.0630268078120988,0.0125605403247587,0.1985489203474038,0.0416254908865436
RF,LTC,1,2022-07-01,2023-07-01,2022-07-13,2856,3.9032471219706655,0.0804475529567452,0.0153216695215177,0.1439668079496496,0.0328596711507804
RF,LTC,1,2022-07-01,2023-07-01,2022-07-14,2857,3.936106793121446,0.0941277404927087,0.0145325603629321,0.1260558242265612,0.0112460038160331
RF,LTC,1,2022-07-01,2023-07-01,2022-07-15,2858,3.947352796937479,0.0980671938280388,0.0146134017654929,0.0811388363120846,0.0622535124619734
RF,LTC,1,2022-07-01,2023-07-01,2022-07-16,2859,4.0096063093994525,0.0943254955547723,0.0196844109473923,0.0233293913616616,0.0107570966396108
RF,LTC,1,2022-07-01,2023-07-01,2022-07-17,2860,4.020363406039063,0.0935529505241539,0.0143188301911194,0.0484189168688429,0.0508198139640052
RF,LTC,1,2022-07-01,2023-07-01,2022-07-18,2861,4.071183220003069,0.0748844970090609,0.0117164801916108,-0.0754391887569934,-0.011012668571543
RF,LTC,1,2022-07-01,2023-07-01,2022-07-19,2862,4.060170551431526,0.0557084146781861,0.0060436464388847,-0.0750797668060236,-0.0129566215112104
RF,LTC,1,2022-07-01,2023-07-01,2022-07-20,2863,4.047213929920315,0.0505248579280275,0.0019280248272644,0.0294927287809638,0.014948687427692
RF,LTC,1,2022-07-01,2023-07-01,2022-07-21,2864,4.062162617348007,0.0500086579239678,0.0028436257708701,0.088310149603525,-0.0336709840984434
RF,LTC,1,2022-07-01,2023-07-01,2022-07-22,2865,4.028491633249564,0.0529320551115279,-0.0015173272134359,0.0811108161488567,0.0044440675115504
RF,LTC,1,2022-07-01,2023-07-01,2022-07-23,2866,4.032935700761114,0.0549117720388254,-0.0025947143050523,0.068717938536384,0.0358466221467921
RF,LTC,1,2022-07-01,2023-07-01,2022-07-24,2867,4.068782322907906,0.0503593293763673,-0.0022480737474089,0.0240528966872188,-0.073038291661831
RF,LTC,1,2022-07-01,2023-07-01,2022-07-25,2868,3.9957440312460752,0.0566260184957299,-0.0047260938279512,0.0908278378255413,-0.0106532466205733
RF,LTC,1,2022-07-01,2023-07-01,2022-07-26,2869,3.985090784625502,0.0609504145882651,-0.0065252244844965,0.0795478004984699,0.091615874075777
RF,LTC,1,2022-07-01,2023-07-01,2022-07-27,2870,4.076706658701279,0.0520132952447562,0.0254516874276217,-0.0196280766743592,0.0737661082502532
RF,LTC,1,2022-07-01,2023-07-01,2022-07-28,2871,4.150472766951532,0.0422720289805447,0.0476599165789739,-0.0586551348624952,-0.0408703175531117
RF,LTC,1,2022-07-01,2023-07-01,2022-07-29,2872,4.1096024493984205,0.0424107921925465,0.0438842431952505,0.0239832075011214,-0.0079488101009221
RF,LTC,1,2022-07-01,2023-07-01,2022-07-30,2873,4.101653639297498,0.0385050995231486,0.0327449187976128,0.0078806820286354,-0.008818419702373
RF,LTC,1,2022-07-01,2023-07-01,2022-07-31,2874,4.092835219595125,0.0358086197219202,0.0245495879075449,0.0197143932671748,-0.0062633505235085
RF,LTC,1,2022-07-01,2023-07-01,2022-08-01,2875,4.086571869071617,0.0380540562892584,0.0165421139881016,0.0500676623692646,-0.0219332839476447
RF,LTC,1,2022-07-01,2023-07-01,2022-08-02,2876,4.064638585123972,0.0348242341193714,0.0151949765810193,0.0172959286976741,-0.0075600030970521
RF,LTC,1,2022-07-01,2023-07-01,2022-08-03,2877,4.05707858202692,0.0393018480405924,0.0119003139920024,0.0636458079601105,0.0347390500621171
RF,LTC,1,2022-07-01,2023-07-01,2022-08-04,2878,4.091817632089037,0.0383862395704799,0.009804640842652,0.0337770762437816,0.041768024810505
RF,LTC,1,2022-07-01,2023-07-01,2022-08-05,2879,4.133585656899542,0.0337167763035388,0.0093797410498816,0.0084727458345357,-0.0240513355734082
RF,LTC,1,2022-07-01,2023-07-01,2022-08-06,2880,4.109534321326134,0.0354546094014249,0.0066353070819932,0.0454902116899633,0.0030152915361663
RF,LTC,1,2022-07-01,2023-07-01,2022-08-07,2881,4.1125496128623,0.0352077873624363,0.0111362949283525,0.0354740603036756,0.0240899185785812
RF,LTC,1,2022-07-01,2023-07-01,2022-08-08,2882,4.136639531440881,0.0240548672658391,0.015287328612161,-0.0286301636116768,-0.0547050176192351
RF,LTC,1,2022-07-01,2023-07-01,2022-08-09,2883,4.081934513821646,0.0236684796946873,0.0140780117757338,0.0345357687222112,0.0387898761653842
RF,LTC,1,2022-07-01,2023-07-01,2022-08-10,2884,4.12072438998703,0.0144029334810671,0.0140194646253322,-0.0201632416413195,0.0048703183457883
RF,LTC,1,2022-07-01,2023-07-01,2022-08-11,2885,4.125594708332819,0.0040766582801756,0.0049690853043143,-0.0304889587348418,0.016463694401259
RF,LTC,1,2022-07-01,2023-07-01,2022-08-12,2886,4.142058402734078,-0.0131375617606295,0.0046269836165767,-0.1524888303081746,0.0129661302820194
RF,LTC,1,2022-07-01,2023-07-01,2022-08-13,2887,4.155024533016097,-0.0334228167959498,-0.0004698168969111,-0.1625732929023642,-0.0070008598501214
RF,LTC,1,2022-07-01,2023-07-01,2022-08-14,2888,4.148023673165976,-0.0494461150302933,-0.0027998460448443,-0.1317843152963007,-0.0400143053367711
RF,LTC,1,2022-07-01,2023-07-01,2022-08-15,2889,4.1080093678292045,-0.0539194282613726,-0.0064141693522541,-0.0604825814970011,0.0084609147146528
RF,LTC,1,2022-07-01,2023-07-01,2022-08-16,2890,4.116470282543857,-0.0601025880354262,-0.0079366213122964,-0.0720264156824121,-0.0159091341981465
RF,LTC,1,2022-07-01,2023-07-01,2022-08-17,2891,4.100561148345711,-0.0645531731802879,-0.0111104080351308,-0.0667069833148961,-0.0054553987477339
RF,LTC,1,2022-07-01,2023-07-01,2022-08-18,2892,4.095105749597977,-0.0664999370111463,-0.0133908999166755,-0.0557001395232683,-0.1055361771720737
RF,LTC,1,2022-07-01,2023-07-01,2022-08-19,2893,3.989569572425903,-0.070759273423282,-0.0176615648794835,-0.0241110261654471,0.0028816676878298
RF,LTC,1,2022-07-01,2023-07-01,2022-08-20,2894,3.992451240113733,-0.0726000070404051,-0.0203223001310053,-0.0212118592677392,0.023788117755942
RF,LTC,1,2022-07-01,2023-07-01,2022-08-21,2895,4.016239357869675,-0.0741092593267565,-0.0180741122758595,-0.0344660875921949,0.0312874284625284
RF,LTC,1,2022-07-01,2023-07-01,2022-08-22,2896,4.047526786332203,-0.0719921443093793,-0.0172013720257968,-0.0262567616381739,-0.0030829194707582
RF,LTC,1,2022-07-01,2023-07-01,2022-08-23,2897,4.044443866861445,-0.0754878421159324,-0.0192144444438078,-0.0730805974843402,-0.0105897018306304
RF,LTC,1,2022-07-01,2023-07-01,2022-08-24,2898,4.033854165030815,-0.074405731743349,-0.0207073286915024,-0.0475280411295515,0.0055514450438938
RF,LTC,1,2022-07-01,2023-07-01,2022-08-25,2899,4.039405610074708,-0.0649956972055552,-0.0244971235693836,0.0128656431212466,-0.0739470638142525
RF,LTC,1,2022-07-01,2023-07-01,2022-08-26,2900,3.965458546260456,-0.0415372928780666,-0.0293756415421478,0.1460871667868271,0.0057808345855376
RF,LTC,1,2022-07-01,2023-07-01,2022-08-27,2901,3.9712393808459936,-0.0193859032933989,-0.0295980066314348,0.1253493907861713,0.0105338894314863
RF,LTC,1,2022-07-01,2023-07-01,2022-08-28,2902,3.98177327027748,0.0032573046158121,-0.0275286629658413,0.1274745868435411,0.0394967544165494
RF,LTC,1,2022-07-01,2023-07-01,2022-08-29,2903,4.021270024694029,0.0175696925603379,-0.0253462220348303,0.0799906447624918,-0.0499067553169245
RF,LTC,1,2022-07-01,2023-07-01,2022-08-30,2904,3.971363269377105,0.023340414239656,-0.0268597778272844,0.0234014582994279,0.0149628545241582
RF,LTC,1,2022-07-01,2023-07-01,2022-08-31,2905,3.986326123901263,0.0317388427139722,-0.0259423255594566,0.0639951651730901,0.0659451292946919
RF,LTC,1,2022-07-01,2023-07-01,2022-09-01,2906,4.052271253195955,0.0319394412108229,0.0029958913843934,0.0082279239017983,0.0592744598513279
RF,LTC,1,2022-07-01,2023-07-01,2022-09-02,2907,4.111545713047283,0.0314847954922434,0.0132384627677671,0.0031386435005131,-0.014956941415118
RF,LTC,1,2022-07-01,2023-07-01,2022-09-03,2908,4.096588771632165,0.0362129076169273,0.0060177692956357,0.0533740889447678,0.0126590854888561
RF,LTC,1,2022-07-01,2023-07-01,2022-09-04,2909,4.109247857121021,0.0362446330665413,-0.0005176078887574,0.0218082736371574,-0.0079871876644999
RF,LTC,1,2022-07-01,2023-07-01,2022-09-05,2910,4.101260669456521,0.0350629510809454,-0.0073225451537678,0.0155303223063709,-0.1064959417799884
RF,LTC,1,2022-07-01,2023-07-01,2022-09-06,2911,3.994764727676533,0.0426063253445541,-0.0137646982152551,0.0845051562349561,0.0555565613978203
RF,LTC,1,2022-07-01,2023-07-01,2022-09-07,2912,4.050321289074353,0.0469308697378982,-0.0065956324519998,0.0464402032281636,0.0101778880234002
RF,LTC,1,2022-07-01,2023-07-01,2022-09-08,2913,4.060499177097753,0.0401943197306238,-0.0092831059459636,-0.0289122926434712,0.0541851794500427
RF,LTC,1,2022-07-01,2023-07-01,2022-09-09,2914,4.114684356547796,0.0257461376853838,-0.0006323186348367,-0.0921175906643059,0.0352785040291365
RF,LTC,1,2022-07-01,2023-07-01,2022-09-10,2915,4.149962860576933,0.0123261305730331,0.0005144192717751,-0.0926877068223266,-0.0189067298187541
RF,LTC,1,2022-07-01,2023-07-01,2022-09-11,2916,4.131056130758179,-0.0085609402294348,-0.0009660638594999,-0.1637065783569045,-0.0142651389952863
RF,LTC,1,2022-07-01,2023-07-01,2022-09-12,2917,4.116790991762892,-0.0280435961677554,-0.0015110442821677,-0.1488628073490008,-0.0375211078514032
RF,LTC,1,2022-07-01,2023-07-01,2022-09-13,2918,4.079269883911489,-0.0429660802704443,-0.0077206470740551,-0.1211066048243427,0.0174916083910279
RF,LTC,1,2022-07-01,2023-07-01,2022-09-14,2919,4.096761492302517,-0.0631029160028484,-0.0056286814495262,-0.1603155073828799,-0.0651746078482347
RF,LTC,1,2022-07-01,2023-07-01,2022-09-15,2920,4.031586884454282,-0.0657985445236812,-0.0096994230489758,-0.0517068859660967,-0.0090201185707918
RF,LTC,1,2022-07-01,2023-07-01,2022-09-16,2921,4.02256676588349,-0.0619097904186487,-0.0130158404592016,-0.0136037450042225,0.0347083878711158
RF,LTC,1,2022-07-01,2023-07-01,2022-09-17,2922,4.057275153754606,-0.0675376868339343,-0.0071872790001222,-0.0772328442711409,-0.089925601353332
RF,LTC,1,2022-07-01,2023-07-01,2022-09-18,2923,3.967349552401274,-0.065649767896105,-0.0123523090256732,-0.004025253197406,0.0005786320126173
RF,LTC,1,2022-07-01,2023-07-01,2022-09-19,2924,3.9679281844138914,-0.0596660154973074,-0.0123810451538323,0.0104828318483054,-0.0097649053267452
RF,LTC,1,2022-07-01,2023-07-01,2022-09-20,2925,3.958163279087146,-0.053657536627365,-0.0138184613511659,0.007158926864506,-0.0217172941675092
RF,LTC,1,2022-07-01,2023-07-01,2022-09-21,2926,3.936445984919637,-0.041951341529447,-0.0176529600871504,0.0396484182481877,0.0434340135685484
RF,LTC,1,2022-07-01,2023-07-01,2022-09-22,2927,3.9798799984881854,-0.0352428157085085,-0.0126053747819832,0.0075110621921825,0.0290830223910822
RF,LTC,1,2022-07-01,2023-07-01,2022-09-23,2928,4.008963020879268,-0.0349413643047036,-0.0129902611136671,-0.0312077538658388,-0.0289207113958025
RF,LTC,1,2022-07-01,2023-07-01,2022-09-24,2929,3.980042309483465,-0.031902153240729,-0.0092225849010065,-0.0115091495386381,-0.0167180102795971
RF,LTC,1,2022-07-01,2023-07-01,2022-09-25,2930,3.963324299203868,-0.0298757396819366,-0.0110650193378143,-0.013781400469119,0.0150867170583288
RF,LTC,1,2022-07-01,2023-07-01,2022-09-26,2931,3.978411016262197,-0.0225523906642615,-0.0114101959544468,0.0138308381766512,-0.0130888103105446
RF,LTC,1,2022-07-01,2023-07-01,2022-09-27,2932,3.965322205951652,-0.0098960957893452,-0.0134070347449248,0.0474228887009107,0.0107721972161725
RF,LTC,1,2022-07-01,2023-07-01,2022-09-28,2933,3.9760944031678247,-0.0026591384056526,-0.0140633719950681,0.0235604252629695,0.0112966575125432
RF,LTC,1,2022-07-01,2023-07-01,2022-09-29,2934,3.987391060680368,-0.0022273719886261,-0.0143699871755638,-0.0078282042204231,-0.0096357936669391
RF,LTC,1,2022-07-01,2023-07-01,2022-09-30,2935,3.977755267013429,-0.0023921023593764,-0.0147505058515413,-0.0099770848671689,-0.0092221070686018
RF,LTC,1,2022-07-01,2023-07-01,2022-10-01,2936,3.968533159944827,-0.0011059435351739,-0.0161454324028427,-0.0020527618274295,-0.018990261210078
RF,LTC,1,2022-07-01,2023-07-01,2022-10-02,2937,3.949542898734749,0.0079049924484628,-0.0160119073672601,0.0377737955029222,0.042698955704099
RF,LTC,1,2022-07-01,2023-07-01,2022-10-03,2938,3.992241854438848,0.0036346553642694,-0.009170245885688,-0.0265667208183719,0.0205032402137148
RF,LTC,1,2022-07-01,2023-07-01,2022-10-04,2939,4.012745094652563,-0.0068928808532682,-0.0091957198220904,-0.0611471854752667,-0.0130902662217686
RF,LTC,1,2022-07-01,2023-07-01,2022-10-05,2940,3.999654828430794,-0.0134222664928471,-0.0087837234893301,-0.0441634552891767,-0.0200919719708494
RF,LTC,1,2022-07-01,2023-07-01,2022-10-06,2941,3.979562856459945,-0.0194044793157655,-0.0105150361531999,-0.0429743782878366,-0.0117846743136849
RF,LTC,1,2022-07-01,2023-07-01,2022-10-07,2942,3.96777818214626,-0.0221257701032393,-0.0122785876416735,-0.0297840997233627,-0.0012977840288623
RF,LTC,1,2022-07-01,2023-07-01,2022-10-08,2943,3.9664803981173975,-0.0277059584033838,-0.0113369595380747,-0.045117524154234,0.0208362961202737
RF,LTC,1,2022-07-01,2023-07-01,2022-10-09,2944,3.987316694237671,-0.0322686449336457,-0.0118638761546954,-0.0461054623241063,-0.0216415606171951
RF,LTC,1,2022-07-01,2023-07-01,2022-10-10,2945,3.965675133620476,-0.0301065806663878,-0.0107436420857178,-0.017439053876044,-0.0140772244431799
RF,LTC,1,2022-07-01,2023-07-01,2022-10-11,2946,3.951597909177296,-0.0249447729336322,-0.0121079821320476,-0.0027223247969119,0.0038934639643213
RF,LTC,1,2022-07-01,2023-07-01,2022-10-12,2947,3.9554913731416175,-0.0251661619689969,-0.0124819588621136,-0.0239278669109834,-0.0189028949695093
RF,LTC,1,2022-07-01,2023-07-01,2022-10-13,2948,3.936588478172108,-0.0203495546121272,-0.0143191183214224,-0.0010247058666039,0.001405604250789
RF,LTC,1,2022-07-01,2023-07-01,2022-10-14,2949,3.937994082422897,-0.0142302133970226,-0.0129408387611244,0.0059804162882239,-0.0166312084597337
RF,LTC,1,2022-07-01,2023-07-01,2022-10-15,2950,3.9213628739631634,-0.0027604077941916,-0.0148140834368021,0.0333397013810907,0.0198483579504014
RF,LTC,1,2022-07-01,2023-07-01,2022-10-16,2951,3.941211231913565,0.0080361466432976,-0.0141545676250697,0.046853261878232,0.0070248478308672
RF,LTC,1,2022-07-01,2023-07-01,2022-10-17,2952,3.948236079744432,0.0106784719088235,-0.0131700842154473,0.0138951614771691,0.0006395046359521
RF,LTC,1,2022-07-01,2023-07-01,2022-10-18,2953,3.948875584380384,0.0184178206072842,-0.0132972064813873,0.0769251861063846,-0.0173120781497502
RF,LTC,1,2022-07-01,2023-07-01,2022-10-19,2954,3.931563506230634,0.0322973188717288,-0.0174864128487727,0.1007580856491756,0.0040002660748701
RF,LTC,1,2022-07-01,2023-07-01,2022-10-20,2955,3.935563772305504,0.0405883646809526,-0.0178736885296184,0.0682652725576016,0.008410726405617
RF,LTC,1,2022-07-01,2023-07-01,2022-10-21,2956,3.943974498711121,0.0470378022543505,-0.0181058695688251,0.0634295680202052,0.010728076633133
RF,LTC,1,2022-07-01,2023-07-01,2022-10-22,2957,3.954702575344254,0.0545208208304828,-0.0183523618938707,0.0794704087203612,0.0333619184475426
RF,LTC,1,2022-07-01,2023-07-01,2022-10-23,2958,3.988064493791797,0.0528232047536256,-0.014329267256887,0.026326509436918,-0.0259332525701956
RF,LTC,1,2022-07-01,2023-07-01,2022-10-24,2959,3.962131241221601,0.0553306207352934,-0.0160044767929885,0.0467359397335336,0.0636695292651676
RF,LTC,1,2022-07-01,2023-07-01,2022-10-25,2960,4.025800770486769,0.051520482661969,0.0126483833445007,-0.0161577162164654,0.0065208213930407
RF,LTC,1,2022-07-01,2023-07-01,2022-10-26,2961,4.03232159187981,0.0531413085597254,0.0125593349318624,0.0712877174740995,-0.0284925470167038
RF,LTC,1,2022-07-01,2023-07-01,2022-10-27,2962,4.003829044863106,0.061757577838835,1.8221284786111777e-05,0.1220354089912811,0.0035750218682206
RF,LTC,1,2022-07-01,2023-07-01,2022-10-28,2963,4.007404066731326,0.0734668132051084,-0.0001733393935581,0.206153556531218,0.026768917333289
RF,LTC,1,2022-07-01,2023-07-01,2022-10-29,2964,4.034172984064615,0.0856702026489895,-0.0058225515339037,0.2103314343114473,-0.0197819808359005
RF,LTC,1,2022-07-01,2023-07-01,2022-10-30,2965,4.014391003228715,0.101043145331515,-0.0083193877736952,0.2063813716348415,-0.00552382227358
RF,LTC,1,2022-07-01,2023-07-01,2022-10-31,2966,4.008867180955135,0.1180886408632311,-0.0073850227012943,0.2055136905582752,0.0007758733151685
RF,LTC,1,2022-07-01,2023-07-01,2022-11-01,2967,4.009643054270303,0.1200551421399902,-0.0106817939041418,0.0402584468987621,0.0939662550836057
RF,LTC,1,2022-07-01,2023-07-01,2022-11-02,2968,4.103609309353909,0.1085420044494354,0.0160877451212219,-0.1785007550815014,0.0222551445004777
RF,LTC,1,2022-07-01,2023-07-01,2022-11-03,2969,4.125864453854387,0.1015306821958867,0.0159750062031157,-0.0255203670454635,0.0876931694081575
RF,LTC,1,2022-07-01,2023-07-01,2022-11-04,2970,4.2135576232625445,0.0905799861046006,0.0328836594634872,-0.0987197757767353,0.0309467951135182
RF,LTC,1,2022-07-01,2023-07-01,2022-11-05,2971,4.244504418376063,0.0733971818192502,0.0394287534498922,-0.1525702141786471,-0.0237320435125063
RF,LTC,1,2022-07-01,2023-07-01,2022-11-06,2972,4.220772374863556,0.0535565637516306,0.0290221983056638,-0.1692104956287519,-0.0063915033501462
RF,LTC,1,2022-07-01,2023-07-01,2022-11-07,2973,4.21438087151341,0.0307856720014347,0.0236111176904193,-0.1793228719417294,-0.1644793703443445
RF,LTC,1,2022-07-01,2023-07-01,2022-11-08,2974,4.0499015011690656,0.0239765989400551,0.0117140590342717,0.0106667288404098,-0.1247929468966577
RF,LTC,1,2022-07-01,2023-07-01,2022-11-09,2975,3.925108554272408,0.0204510970997793,-0.0003362822027669,0.1269619574793448,0.1752355325365155
RF,LTC,1,2022-07-01,2023-07-01,2022-11-10,2976,4.100344086808923,0.0170097195614289,0.0258082437996463,0.0345682872411234,0.0144937606768857
RF,LTC,1,2022-07-01,2023-07-01,2022-11-11,2977,4.114837847485809,0.0131173790008665,0.0281300964818145,0.022626299706574,-0.0229036432883935
RF,LTC,1,2022-07-01,2023-07-01,2022-11-12,2978,4.091934204197416,0.0125320495854186,0.0248288174613,0.0640132776720827,-0.0403723249626111
RF,LTC,1,2022-07-01,2023-07-01,2022-11-13,2979,4.0515618792348045,0.0111722527033375,0.0113819212711154,0.0756100368048944,-0.0165038796631238
RF,LTC,1,2022-07-01,2023-07-01,2022-11-14,2980,4.035057999571681,0.0106065353584128,0.0057713346944961,0.0819199732850339,0.0255102304377947
RF,LTC,1,2022-07-01,2023-07-01,2022-11-15,2981,4.060568230009475,0.0247586146750347,0.009425739560123,0.1942327291489451,-0.0084977182577228
RF,LTC,1,2022-07-01,2023-07-01,2022-11-16,2982,4.052070511751753,0.0493410041790385,0.0038317852363839,0.3173782098864199,0.0828418622982942
RF,LTC,1,2022-07-01,2023-07-01,2022-11-17,2983,4.134912374050047,0.0668950876192324,0.0299510561457314,0.2323831231226725,0.0025517731423363
RF,LTC,1,2022-07-01,2023-07-01,2022-11-18,2984,4.137464147192383,0.0780902264874443,0.0260565924872225,0.1669914122899651,0.0184833346771151
RF,LTC,1,2022-07-01,2023-07-01,2022-11-19,2985,4.155947481869498,0.0907290918337828,0.0209596893945809,0.1796803645333033,-0.0287755658297994
RF,LTC,1,2022-07-01,2023-07-01,2022-11-20,2986,4.127171916039699,0.1050276774988043,0.0114041399875606,0.1909069450086953,-0.0101939431829842
RF,LTC,1,2022-07-01,2023-07-01,2022-11-21,2987,4.116977972856715,0.1189108562407117,0.0092377853441517,0.1887104506689843,0.1378229863017059
RF,LTC,1,2022-07-01,2023-07-01,2022-11-22,2988,4.254800959158421,0.1198719528097651,0.0368401933822085,0.0757188356685967,0.1146477624797519
RF,LTC,1,2022-07-01,2023-07-01,2022-11-23,2989,4.3694487216381726,0.1170581552064673,0.0559425423485101,0.0037604860800595,-0.0021532244654531
RF,LTC,1,2022-07-01,2023-07-01,2022-11-24,2990,4.367295497172719,0.1085941863089274,0.0576632902157501,-0.01678526042829,-0.062839937690371
RF,LTC,1,2022-07-01,2023-07-01,2022-11-25,2991,4.304455559482348,0.1062114822433155,0.0325079318851788,0.0516310824106218,0.0311722869204533
RF,LTC,1,2022-07-01,2023-07-01,2022-11-26,2992,4.335627846402802,0.0965448849454411,0.0279091351776324,0.0029420191303639,-0.0175489853544075
RF,LTC,1,2022-07-01,2023-07-01,2022-11-27,2993,4.318078861048394,0.0893797301189875,0.0249351248255574,0.0285056410909936,-0.0123904375226953
RF,LTC,1,2022-07-01,2023-07-01,2022-11-28,2994,4.305688423525699,0.089656795282206,0.0193711125157133,0.0796269790413592,0.0248313713013184
RF,LTC,1,2022-07-01,2023-07-01,2022-11-29,2995,4.330519794827017,0.0853184617151407,0.0140365711532455,0.0505215905490139,0.0426894128912147
RF,LTC,1,2022-07-01,2023-07-01,2022-11-30,2996,4.373209207718232,0.0691735948430425,0.0103919644212516,-0.0289356289923432,-0.0226989709738028
RF,LTC,1,2022-07-01,2023-07-01,2022-12-01,2997,4.350510236744429,0.0599072127182864,-0.0002911205221599,0.0111844691246938,0.0055764051485409
RF,LTC,1,2022-07-01,2023-07-01,2022-12-02,2998,4.35608664189297,0.0459788526306113,0.0013866628536925,-0.020960802128318,-0.0175167763598045
RF,LTC,1,2022-07-01,2023-07-01,2022-12-03,2999,4.338569865533166,0.0358560867329771,-0.000777708637142,-0.002966893699849,0.0080146366062221
RF,LTC,1,2022-07-01,2023-07-01,2022-12-04,3000,4.346584502139388,0.0259683936387213,-0.0073239561085081,-0.0076212814942016,0.0387309004276703
RF,LTC,1,2022-07-01,2023-07-01,2022-12-05,3001,4.385315402567058,0.0097699724082822,-0.0022368500635762,-0.0516714719034023,-0.0042740171910269
RF,LTC,1,2022-07-01,2023-07-01,2022-12-06,3002,4.381041385376031,-0.0011699568807879,-0.0088047305001953,-0.0327721435208347,-0.0367678066501424
RF,LTC,1,2022-07-01,2023-07-01,2022-12-07,3003,4.344273578725889,-0.0092211203350869,-0.0090557180528789,-0.0204607008037811,0.0174211271432342
RF,LTC,1,2022-07-01,2023-07-01,2022-12-08,3004,4.361694705869123,-0.0250180769768828,-0.0155408852966711,-0.0803800731352852,-0.0265688661044709
RF,LTC,1,2022-07-01,2023-07-01,2022-12-09,3005,4.335125839764652,-0.0395906387957394,-0.0198027453254219,-0.1405318389342902,0.0004771320686645
RF,LTC,1,2022-07-01,2023-07-01,2022-12-10,3006,4.335602971833317,-0.057369038051525,-0.0198847952909025,-0.1618638235817986,0.0033602488118695
RF,LTC,1,2022-07-01,2023-07-01,2022-12-11,3007,4.338963220645186,-0.0771518001633495,-0.021649069392424,-0.1714591154044669,-0.0053192899815304
RF,LTC,1,2022-07-01,2023-07-01,2022-12-12,3008,4.333643930663656,-0.0981515273675519,-0.0205486775507092,-0.185104302753265,0.0146253111915406
RF,LTC,1,2022-07-01,2023-07-01,2022-12-13,3009,4.3482692418551965,-0.1139954192543362,-0.0208690638428549,-0.1624645735724232,-0.0244563639330888
RF,LTC,1,2022-07-01,2023-07-01,2022-12-14,3010,4.323812877922108,-0.1253733313567915,-0.0235502688902317,-0.1434220776673687,-0.0424982451882698
RF,LTC,1,2022-07-01,2023-07-01,2022-12-15,3011,4.281314632733838,-0.1276459103152518,-0.0247668869600614,-0.0893644611125283,-0.0867206319034759
RF,LTC,1,2022-07-01,2023-07-01,2022-12-16,3012,4.194594000830362,-0.1253042905671249,-0.0282509862516255,-0.0083963727986295,-0.0208548525788438
RF,LTC,1,2022-07-01,2023-07-01,2022-12-17,3013,4.173739148251518,-0.1174028784896217,-0.0302276204327188,0.0124974540832774,-0.0062350430107986
RF,LTC,1,2022-07-01,2023-07-01,2022-12-18,3014,4.167504105240719,-0.0968007178972287,-0.0309133652905731,0.0695873358029093,-0.0189644773303285
RF,LTC,1,2022-07-01,2023-07-01,2022-12-19,3015,4.148539627910391,-0.0692214637946131,-0.0315729875413907,0.1096901620036696,0.0372650403723824
RF,LTC,1,2022-07-01,2023-07-01,2022-12-20,3016,4.185804668282773,-0.054085234320488,-0.0270322518249237,0.0446416611965032,-0.0054138680280342
RF,LTC,1,2022-07-01,2023-07-01,2022-12-21,3017,4.180390800254739,-0.0441586660209303,-0.029182012906593,0.0143881474211848,0.0115593713665704
RF,LTC,1,2022-07-01,2023-07-01,2022-12-22,3018,4.1919501716213095,-0.0354504555988297,-0.0268939955219816,0.0090202415535909,-0.0057525435895771
RF,LTC,1,2022-07-01,2023-07-01,2022-12-23,3019,4.186197628031732,-0.0228253414506935,-0.0284436340136445,0.033222335258058,3.897430306309957e-05
RF,LTC,1,2022-07-01,2023-07-01,2022-12-24,3020,4.186236602334795,-0.0063644358823538,-0.0270532988294364,0.0622045785434632,0.0508548387088332
RF,LTC,1,2022-07-01,2023-07-01,2022-12-25,3021,4.237091441043629,0.0017732132226697,-0.0202393141470411,0.0229887014359579,0.0211383488704317
RF,LTC,1,2022-07-01,2023-07-01,2022-12-26,3022,4.25822978991406,0.0114009541375468,-0.0226168548252949,0.0574287497678129,-0.0277834604347839
RF,LTC,1,2022-07-01,2023-07-01,2022-12-27,3023,4.2304463294792765,0.0276923220586349,-0.0210773191120535,0.0950459605707703,-0.0356673818033526
RF,LTC,1,2022-07-01,2023-07-01,2022-12-28,3024,4.194778947675924,0.048966479877829,-0.0233453954695401,0.1284779153188493,0.0061914654989765
RF,LTC,1,2022-07-01,2023-07-01,2022-12-29,3025,4.2009704131749,0.0642985888170599,-0.0239274616853664,0.106478256244153,0.01844955011489
RF,LTC,1,2022-07-01,2023-07-01,2022-12-30,3026,4.21941996328979,0.0784259338759332,-0.0220137006459635,0.1112156958985437,0.0290212175884683
RF,LTC,1,2022-07-01,2023-07-01,2022-12-31,3027,4.248441180878259,0.0869054538290452,-0.0200109127178131,0.0871938580558184,0.0116389616013279
RF,LTC,1,2022-07-01,2023-07-01,2023-01-01,3028,4.260080142479587,0.0946354521876706,-0.0193594907794444,0.0925469532782798,0.0555783972022867
RF,LTC,1,2022-07-01,2023-07-01,2023-01-02,3029,4.315658539681873,0.1006892100426011,-0.0119547003178697,0.0879744188295923,0.0098337503681733
RF,LTC,1,2022-07-01,2023-07-01,2023-01-03,3030,4.325492290050047,0.1019428614970658,-0.0154566974816983,0.0675672555680568,-0.0022354270552735
RF,LTC,1,2022-07-01,2023-07-01,2023-01-04,3031,4.323256862994773,0.1072770731316108,-0.0130458015261576,0.1083966392860018,-0.0158081935757197
RF,LTC,1,2022-07-01,2023-07-01,2023-01-05,3032,4.3074486694190535,0.1184919847108538,-0.0169123319007213,0.1464825608612772,0.0231869897692806
RF,LTC,1,2022-07-01,2023-07-01,2023-01-06,3033,4.330635659188334,0.1257592048862932,-0.016846713885117,0.1276577303466464,0.004999379745743
RF,LTC,1,2022-07-01,2023-07-01,2023-01-07,3034,4.335635038934077,0.1337737258327678,-0.0174471436064313,0.1395842856100797,0.0169920568237893
RF,LTC,1,2022-07-01,2023-07-01,2023-01-08,3035,4.3526270957578665,0.1364186084637202,-0.0191089800621118,0.1174737375098411,0.0510058627535991
RF,LTC,1,2022-07-01,2023-07-01,2023-01-09,3036,4.403632958511466,0.1284421608793318,-0.0103227193339526,0.0487858799150568,-0.0105734128933621
RF,LTC,1,2022-07-01,2023-07-01,2023-01-10,3037,4.393059545618104,0.1239876405659927,-0.014127633424819,0.0741973642869728,0.0385939566626714
RF,LTC,1,2022-07-01,2023-07-01,2023-01-11,3038,4.431653502280775,0.1061464479212501,-0.0080050155982241,-0.0155234370995032,0.0222777279995556
RF,LTC,1,2022-07-01,2023-07-01,2023-01-12,3039,4.453931230280331,0.0875857889076172,-0.0074826021112754,-0.0203531367617859,0.0043621592546498
RF,LTC,1,2022-07-01,2023-07-01,2023-01-13,3040,4.4582933895349806,0.0795069963345111,-0.0057744242301248,0.0469815975693119,0.0169259350091763
RF,LTC,1,2022-07-01,2023-07-01,2023-01-14,3041,4.475219324544157,0.0667474459377022,-0.0051702279072761,0.0056866978318073,-0.0051184912764492
RF,LTC,1,2022-07-01,2023-07-01,2023-01-15,3042,4.470100833267708,0.055074259243911,-0.0066523596976579,0.0030222792658811,-0.017681994841185
RF,LTC,1,2022-07-01,2023-07-01,2023-01-16,3043,4.452418838426523,0.0525746468201919,-0.0078648943475087,0.0476788424538021,0.0148380714785538
RF,LTC,1,2022-07-01,2023-07-01,2023-01-17,3044,4.4672569099050765,0.0431051143891272,-0.0068723992344889,0.0009804578422887,-0.0511268447238046
RF,LTC,1,2022-07-01,2023-07-01,2023-01-18,3045,4.416130065181272,0.0461466145202749,-0.013468305395652,0.0767782002882526,0.0174480283372728
RF,LTC,1,2022-07-01,2023-07-01,2023-01-19,3046,4.433578093518545,0.0432491974241147,-0.01362316778459,0.0390825164797341,0.0716968935857478
RF,LTC,1,2022-07-01,2023-07-01,2023-01-20,3047,4.5052749871042925,0.0321765554251509,0.0342092673154,-0.0183725924617519,-0.0243689647283282
RF,LTC,1,2022-07-01,2023-07-01,2023-01-21,3048,4.480906022375964,0.0256938509984401,0.0273830067781767,0.0144709083126128,-0.0077829098423753
RF,LTC,1,2022-07-01,2023-07-01,2023-01-22,3049,4.473123112533589,0.030964753505442,0.0210714155743779,0.0812805503777323,0.0269745683467359
RF,LTC,1,2022-07-01,2023-07-01,2023-01-23,3050,4.500097680880325,0.0265650673875743,0.0170058918722313,0.0136415862754821,-0.0318603131329595
RF,LTC,1,2022-07-01,2023-07-01,2023-01-24,3051,4.468237367747365,0.0321880054842056,0.0100472812589904,0.0783298531662719,0.0246708977221592
RF,LTC,1,2022-07-01,2023-07-01,2023-01-25,3052,4.4929082654695245,0.0416226958179413,0.010130433556632,0.1166883733433978,-0.0202476554712456
RF,LTC,1,2022-07-01,2023-07-01,2023-01-26,3053,4.472660609998279,0.0528850931850284,0.0052819839855922,0.1193248942819034,0.0142417846442617
RF,LTC,1,2022-07-01,2023-07-01,2023-01-27,3054,4.486902394642541,0.0636337686188701,0.0074738852914454,0.1179769928421787,0.0084745360460365
RF,LTC,1,2022-07-01,2023-07-01,2023-01-28,3055,4.495376930688577,0.0704216678758644,0.0050118973638799,0.0958411666395404,0.059026732222744
RF,LTC,1,2022-07-01,2023-07-01,2023-01-29,3056,4.554403662911321,0.0630288329718906,0.0116781384596369,0.0147118498544873,-0.0406643957555141
RF,LTC,1,2022-07-01,2023-07-01,2023-01-30,3057,4.513739267155807,0.0606181165749246,0.0107572191451606,0.0512592776159746,0.0328279537578302
RF,LTC,1,2022-07-01,2023-07-01,2023-01-31,3058,4.546567220913637,0.0622234363450431,0.0137597197699308,0.0678368582627753,0.0630294178992851
RF,LTC,1,2022-07-01,2023-07-01,2023-02-01,3059,4.609596638812922,0.0532007664480387,0.0377123261022713,-0.0123818259250247,-0.0176111345327401
RF,LTC,1,2022-07-01,2023-07-01,2023-02-02,3060,4.591985504280182,0.0380504806266452,0.0348539498816698,-0.0691272281955992,0.0128938832045371
RF,LTC,1,2022-07-01,2023-07-01,2023-02-03,3061,4.604879387484719,0.0224968933348685,0.0289746102020672,-0.0666048278524149,-0.0136612901566017
RF,LTC,1,2022-07-01,2023-07-01,2023-02-04,3062,4.591218097328118,0.0105923681474662,0.0188689256975633,-0.0433534576572638,-0.022102584562309
RF,LTC,1,2022-07-01,2023-07-01,2023-02-05,3063,4.5691155127658085,-0.0002563906189534,0.0105975057894727,-0.0430346748543266,-0.0041169679940269
RF,LTC,1,2022-07-01,2023-07-01,2023-02-06,3064,4.564998544771782,-0.0118321663639067,0.0088957710262502,-0.0528020217135454,0.0494055344046309
RF,LTC,1,2022-07-01,2023-07-01,2023-02-07,3065,4.6144040791764125,-0.0218927767294223,0.0118263094512071,-0.053315608434775,-0.0171892662885149
RF,LTC,1,2022-07-01,2023-07-01,2023-02-08,3066,4.597214812887898,-0.0188163810263777,0.009260546882576,0.0355248517813633,-0.0743565368033145
RF,LTC,1,2022-07-01,2023-07-01,2023-02-09,3067,4.522858276084583,-0.01178608466153,0.0091336745525633,0.0717786477958695,0.0154162835477213
RF,LTC,1,2022-07-01,2023-07-01,2023-02-10,3068,4.538274559632304,-0.003801624398438,0.0033301404433841,0.0699859391899506,0.0095900800385493
RF,LTC,1,2022-07-01,2023-07-01,2023-02-11,3069,4.547864639670854,0.002787982890366,0.0043035343906284,0.0552218492175216,-0.0217838017593718
RF,LTC,1,2022-07-01,2023-07-01,2023-02-12,3070,4.526080837911482,0.0093108803374901,0.0046974968305367,0.0544299552255944,-0.0138843148532457
RF,LTC,1,2022-07-01,2023-07-01,2023-02-13,3071,4.512196523058236,0.0154321116307167,0.0006699246743639,0.0515350073405427,0.0488919476834013
RF,LTC,1,2022-07-01,2023-07-01,2023-02-14,3072,4.5610884707416375,0.0082365436703142,0.0069146204949225,-0.0208891096073635,0.0716511939276234
RF,LTC,1,2022-07-01,2023-07-01,2023-02-15,3073,4.632739664669261,-0.0048072437634312,0.0342243770274435,-0.0765609456118632,-0.0381027407888083
RF,LTC,1,2022-07-01,2023-07-01,2023-02-16,3074,4.5946369238804525,-0.0136982068442277,0.0309285421179875,-0.0440074709437592,0.0136235749418025
RF,LTC,1,2022-07-01,2023-07-01,2023-02-17,3075,4.608260498822255,-0.0290852779837846,0.0217299685666697,-0.0913195275893921,-0.0051740099338797
RF,LTC,1,2022-07-01,2023-07-01,2023-02-18,3076,4.603086488888375,-0.0389444210088338,0.0175853368418529,-0.0676581981652493,-0.022575695751299
RF,LTC,1,2022-07-01,2023-07-01,2023-02-19,3077,4.580510793137076,-0.0400805358870082,0.0112436257539567,-0.0239467481821327,-0.0167792627382974
RF,LTC,1,2022-07-01,2023-07-01,2023-02-20,3078,4.563731530398779,-0.0401807394386546,0.0068924350194019,-0.0195150713940481,-0.0235321692645049
RF,LTC,1,2022-07-01,2023-07-01,2023-02-21,3079,4.540199361134274,-0.0364965365072151,-0.0006365955250347,0.0008884984717187,0.0159793579231237
RF,LTC,1,2022-07-01,2023-07-01,2023-02-22,3080,4.556178719057398,-0.0278856998761929,0.0018271329901566,0.0261082648769956,-0.0055492661207043
RF,LTC,1,2022-07-01,2023-07-01,2023-02-23,3081,4.550629452936693,-0.0231705718906427,-0.0035836941275379,0.0059515717813365,-0.0336884817038303
RF,LTC,1,2022-07-01,2023-07-01,2023-02-24,3082,4.516940971232863,-0.0206428455264715,-0.0054417841797491,-0.0110501278457597,0.018487319490263
RF,LTC,1,2022-07-01,2023-07-01,2023-02-25,3083,4.535428290723126,-0.0245213821833054,-0.0055805543299705,-0.0435439931062768,0.0211357542318175
RF,LTC,1,2022-07-01,2023-07-01,2023-02-26,3084,4.556564044954944,-0.0313635736960371,-0.0083770704221607,-0.0572728840003078,-0.0123475859502129
RF,LTC,1,2022-07-01,2023-07-01,2023-02-27,3085,4.544216459004731,-0.0398719244013827,-0.011768362852991,-0.073458965562728,-0.0031285993987379
RF,LTC,1,2022-07-01,2023-07-01,2023-02-28,3086,4.541087859605993,-0.0495446998728894,-0.0138121751962034,-0.0832362134283144,0.0411991243284006
RF,LTC,1,2022-07-01,2023-07-01,2023-03-01,3087,4.582286983934393,-0.0714397443434782,-0.0087877120822742,-0.1660578410101454,-0.0257059592163635
RF,LTC,1,2022-07-01,2023-07-01,2023-03-02,3088,4.55658102471803,-0.0916771373414233,-0.009875381531408,-0.2162745927286442,-0.0506901813309266
RF,LTC,1,2022-07-01,2023-07-01,2023-03-03,3089,4.505890843387103,-0.1084342105213354,-0.0111430469560242,-0.23253276406367,-0.014006545770254
RF,LTC,1,2022-07-01,2023-07-01,2023-03-04,3090,4.491884297616849,-0.1270230066251061,-0.0158442242999207,-0.2475842006670063,0.0074068633377866
RF,LTC,1,2022-07-01,2023-07-01,2023-03-05,3091,4.499291160954636,-0.1341616572393045,-0.0159892362998179,-0.1644630070296626,-0.028533667512633
RF,LTC,1,2022-07-01,2023-07-01,2023-03-06,3092,4.470757493442003,-0.1307983969279824,-0.0175651665628486,-0.0668680064352669,-0.0129058472643244
RF,LTC,1,2022-07-01,2023-07-01,2023-03-07,3093,4.457851646177678,-0.1219612168600461,-0.0205828156856363,-0.022870433399059,-0.0416225032534303
RF,LTC,1,2022-07-01,2023-07-01,2023-03-08,3094,4.416229142924248,-0.1168356259249785,-0.0219225484065062,-0.0798780068893219,-0.0759227109348623
RF,LTC,1,2022-07-01,2023-07-01,2023-03-09,3095,4.340306431989386,-0.104997103028384,-0.0248764597229381,0.0298190480541116,-0.0669483526659524
RF,LTC,1,2022-07-01,2023-07-01,2023-03-10,3096,4.273358079323433,-0.0818225295749703,-0.0291698071766828,0.1751854229874689,-0.0290579823735903
RF,LTC,1,2022-07-01,2023-07-01,2023-03-11,3097,4.244300096949843,-0.0557535624409073,-0.0294527386602155,0.174344609252711,0.0905280569751303
RF,LTC,1,2022-07-01,2023-07-01,2023-03-12,3098,4.334828153924973,-0.0392251790419928,0.0035884755218655,0.1011668362408828,0.0690613330817626
RF,LTC,1,2022-07-01,2023-07-01,2023-03-13,3099,4.403889487006736,-0.0370535510328853,0.022826311710044,-0.0417524337115544,0.0310917257718834
RF,LTC,1,2022-07-01,2023-07-01,2023-03-14,3100,4.434981212778619,-0.032335690524035,0.0273050923302499,-0.0193342345841553,-0.0986300767436931
RF,LTC,1,2022-07-01,2023-07-01,2023-03-15,3101,4.336351136034926,-0.0130315639190428,0.0113697467592354,0.13365075052607,0.0337743440085711
RF,LTC,1,2022-07-01,2023-07-01,2023-03-16,3102,4.370125480043497,0.009898498552503,0.0059441933711659,0.1699834244937408,0.0784180222674049
RF,LTC,1,2022-07-01,2023-07-01,2023-03-17,3103,4.448543502310902,0.0272651784970907,0.0220259446487518,0.0916604180752056,-0.0298987961083483
RF,LTC,1,2022-07-01,2023-07-01,2023-03-18,3104,4.418644706202554,0.0436201517034744,0.0183862230018457,0.098580717220555,0.0173502839633021
RF,LTC,1,2022-07-01,2023-07-01,2023-03-19,3105,4.435994990165856,0.0596833945021391,0.0132417675790366,0.1022358457812071,-0.0738579368706746
RF,LTC,1,2022-07-01,2023-07-01,2023-03-20,3106,4.362137053295181,0.075623664968889,0.0010130652263597,0.1292693185513975,0.0535099248992825
RF,LTC,1,2022-07-01,2023-07-01,2023-03-21,3107,4.415646978194464,0.0847682565203555,0.0014190392934409,0.0745541641623708,0.0543549083665322
RF,LTC,1,2022-07-01,2023-07-01,2023-03-22,3108,4.470001886560996,0.0904617989975262,0.0070254109568733,0.0446059251738493,0.0701070179762419
RF,LTC,1,2022-07-01,2023-07-01,2023-03-23,3109,4.540108904537238,0.0840375228134151,0.0240742161228279,-0.0507998313784296,9.501584886972836e-05
RF,LTC,1,2022-07-01,2023-07-01,2023-03-24,3110,4.540203920386108,0.0762598628181683,0.0284312446561244,-0.0439101144966196,-0.0229784969629989
RF,LTC,1,2022-07-01,2023-07-01,2023-03-25,3111,4.517225423423109,0.075230117939502,0.0197418935968157,0.0140328583656659,0.0210054125239542
RF,LTC,1,2022-07-01,2023-07-01,2023-03-26,3112,4.538230835947063,0.070164961149751,0.014032751945255,-0.0054595731153597,-0.0468244641004842
RF,LTC,1,2022-07-01,2023-07-01,2023-03-27,3113,4.491406371846579,0.0717354634582365,0.0067102061531028,0.0415945273651292,-0.0012052294897442
RF,LTC,1,2022-07-01,2023-07-01,2023-03-28,3114,4.490201142356835,0.0712897802039513,0.0055058952574319,0.0380925966952583,0.0244066693780107
RF,LTC,1,2022-07-01,2023-07-01,2023-03-29,3115,4.514607811734845,0.0664162120505507,0.0007758105910652,0.0139201360538265,-0.025298738576037
RF,LTC,1,2022-07-01,2023-07-01,2023-03-30,3116,4.489309073158808,0.0617384301027028,-0.0025438343235123,0.0207715965431845,0.0069847327306797
RF,LTC,1,2022-07-01,2023-07-01,2023-03-31,3117,4.496293805889488,0.0551570380410169,4.481842203166673e-05,0.0105833701510338,0.0349644758992866
RF,LTC,1,2022-07-01,2023-07-01,2023-04-01,3118,4.531258281788775,0.0419352248312385,-0.0039049338611835,-0.0317242401252801,0.0015129810429286
RF,LTC,1,2022-07-01,2023-07-01,2023-04-02,3119,4.532771262831703,0.030870854985042,-0.0033835800935584,-0.0254711175170516,0.0002296363800047
RF,LTC,1,2022-07-01,2023-07-01,2023-04-03,3120,4.533000899211708,0.0272951755286099,-0.0019352683403381,0.0083902427880167,-0.0047071601596151
RF,LTC,1,2022-07-01,2023-07-01,2023-04-04,3121,4.528293739052093,0.025929774707845,-0.0047791994965295,0.0183125551230647,0.0002342087365789
RF,LTC,1,2022-07-01,2023-07-01,2023-04-05,3122,4.528527947788672,0.0207330552484661,-0.0008310043781233,-0.0012743527128051,-0.0184472780866791
RF,LTC,1,2022-07-01,2023-07-01,2023-04-06,3123,4.510080669701993,0.0234439551649421,0.0012902154408255,0.0359709324095245,-0.0032034936614708
RF,LTC,1,2022-07-01,2023-07-01,2023-04-07,3124,4.506877176040522,0.0309303024110318,-0.001545507364394,0.0621680188969788,-0.0073431343770273
RF,LTC,1,2022-07-01,2023-07-01,2023-04-08,3125,4.499534041663495,0.0400455094159575,-0.0012091258727423,0.0738173515675715,0.0077661036511571
RF,LTC,1,2022-07-01,2023-07-01,2023-04-09,3126,4.507300145314652,0.0524080971184739,-0.0028965784557403,0.1005409548573386,0.034090996685073
RF,LTC,1,2022-07-01,2023-07-01,2023-04-10,3127,4.541391141999725,0.0538125820057526,0.0013966563457381,0.0504374177352922,0.0052151521754328
RF,LTC,1,2022-07-01,2023-07-01,2023-04-11,3128,4.546606294175158,0.0593497573949752,-0.0008950573480461,0.0769087663340775,-0.0193526990992909
RF,LTC,1,2022-07-01,2023-07-01,2023-04-12,3129,4.527253595075867,0.0570840715391058,-0.0002369802324575,-0.0225594127816197,0.0187980070356506
RF,LTC,1,2022-07-01,2023-07-01,2023-04-13,3130,4.546051602111517,0.0495228299310293,-0.0001052952674004,-0.0435826425936571,0.0229935928259834
RF,LTC,1,2022-07-01,2023-07-01,2023-04-14,3131,4.569045194937501,0.0330235165819843,-0.0007686237106315,-0.1203260136691355,0.0043061982935652
RF,LTC,1,2022-07-01,2023-07-01,2023-04-15,3132,4.573351393231066,0.0163329133619436,-0.0008798045200947,-0.1063114325815171,0.0344897069409242
RF,LTC,1,2022-07-01,2023-07-01,2023-04-16,3133,4.60784110017199,-0.0072124405478506,0.0018142879059589,-0.1431138668973854,-0.0160125404369733
RF,LTC,1,2022-07-01,2023-07-01,2023-04-17,3134,4.591828559735017,-0.0250042879030312,-0.0012007510685954,-0.1098735505142096,0.0316865007742181
RF,LTC,1,2022-07-01,2023-07-01,2023-04-18,3135,4.623515060509235,-0.0428396544882199,0.0024685020010748,-0.1114656574557626,-0.1188208782149882
RF,LTC,1,2022-07-01,2023-07-01,2023-04-19,3136,4.504694182294247,-0.0524513634995811,-0.0030134175989683,-0.0244730254247249,-0.0022252227763868
RF,LTC,1,2022-07-01,2023-07-01,2023-04-20,3137,4.50246895951786,-0.0573100628323075,-0.0014425441011757,-0.0061229222467424,-0.0537497782494948
RF,LTC,1,2022-07-01,2023-07-01,2023-04-21,3138,4.448719181268365,-0.0564151434168245,-0.0034209270759979,0.0481014070634016,0.0183207793811837
RF,LTC,1,2022-07-01,2023-07-01,2023-04-22,3139,4.467039960649549,-0.0517423740403373,-0.0031433642551368,0.0447808066165533,-0.0023127273749441
RF,LTC,1,2022-07-01,2023-07-01,2023-04-23,3140,4.464727233274605,-0.0493826656578324,-0.0060766751540912,0.0186551645740165,0.0172277759462025
RF,LTC,1,2022-07-01,2023-07-01,2023-04-24,3141,4.481955009220807,-0.0509338310789759,-0.005238792635426,-0.0190097266276954,0.0300943938326652
RF,LTC,1,2022-07-01,2023-07-01,2023-04-25,3142,4.512049403053473,-0.0520734457699196,-0.0012590526616137,-0.031356956534295,-0.0318282461839505
RF,LTC,1,2022-07-01,2023-07-01,2023-04-26,3143,4.480221156869522,-0.0464998367763769,-0.0051009852318561,0.0072330726637419,0.0161248804015956
RF,LTC,1,2022-07-01,2023-07-01,2023-04-27,3144,4.496346037271118,-0.0437407850638935,-0.0060525947216581,-0.0134061603266335,0.0004745510606491
RF,LTC,1,2022-07-01,2023-07-01,2023-04-28,3145,4.496820588331767,-0.0397100536113264,-0.0058690988207584,-0.0099985733975156,0.0150001789343354
RF,LTC,1,2022-07-01,2023-07-01,2023-04-29,3146,4.511820767266102,-0.047616931250574,-0.0049298436753112,-0.0854012507778376,-0.028438369417481
RF,LTC,1,2022-07-01,2023-07-01,2023-04-30,3147,4.483382397848621,-0.0506165150446271,-0.0080439822186426,-0.0576665756106651,-0.0204371152555093
RF,LTC,1,2022-07-01,2023-07-01,2023-05-01,3148,4.462945282593112,-0.0563891165029177,-0.0100717940231972,-0.1078603894865848,0.0177471639260655
RF,LTC,1,2022-07-01,2023-07-01,2023-05-02,3149,4.4806924465191775,-0.0629768780867516,-0.010424595567876,-0.0983960537691661,0.0067617830140864
RF,LTC,1,2022-07-01,2023-07-01,2023-05-03,3150,4.487454229533264,-0.0694055069673824,-0.0111632186678071,-0.0921415366242204,-0.0045143525887798
RF,LTC,1,2022-07-01,2023-07-01,2023-05-04,3151,4.482939876944484,-0.0748404269734139,-0.0122261693614954,-0.087986179255548,0.0038821379897671
RF,LTC,1,2022-07-01,2023-07-01,2023-05-05,3152,4.486822014934251,-0.0818565193503157,-0.0147356917535969,-0.0985258787074663,-0.0604024984459865
RF,LTC,1,2022-07-01,2023-07-01,2023-05-06,3153,4.426419516488265,-0.0792822873965679,-0.0181266680672811,-0.0405788867307963,-0.0007036942503084
RF,LTC,1,2022-07-01,2023-07-01,2023-05-07,3154,4.425715822237956,-0.0690546231803717,-0.0198218119847835,-0.0015365053152525,-0.0706309291314291
RF,LTC,1,2022-07-01,2023-07-01,2023-05-08,3155,4.355084893106527,-0.0466192015171191,-0.0233575966504526,0.1115880647918139,0.0272114996434842
RF,LTC,1,2022-07-01,2023-07-01,2023-05-09,3156,4.382296392750011,-0.0229935252864645,-0.0242357683535855,0.1159311313287547,0.0130163001590322
RF,LTC,1,2022-07-01,2023-07-01,2023-05-10,3157,4.395312692909044,0.0031760895954606,-0.0233047523284336,0.1468083407964791,-0.0003589952201075
RF,LTC,1,2022-07-01,2023-07-01,2023-05-11,3158,4.394953697688936,0.0223301130226429,-0.0236954994826662,0.1108701590543939,-0.0066575614621511
RF,LTC,1,2022-07-01,2023-07-01,2023-05-12,3159,4.388296136226785,0.0439119238035443,-0.025047790588863,0.1302522508624273,-0.0024555064693165
RF,LTC,1,2022-07-01,2023-07-01,2023-05-13,3160,4.385840629757468,0.0658364963437945,-0.025189927291726,0.1399758569960285,0.0383386871652353
RF,LTC,1,2022-07-01,2023-07-01,2023-05-14,3161,4.424179316922704,0.0790401702158485,-0.0198170171693072,0.1006358669461686,0.0424936409756373
RF,LTC,1,2022-07-01,2023-07-01,2023-05-15,3162,4.466672957898341,0.0816668999600276,-0.0122739679616673,0.0435937953865908,0.031554566180425
RF,LTC,1,2022-07-01,2023-07-01,2023-05-16,3163,4.498227524078766,0.0799512755865246,-0.0083443532927012,0.0195566530973518,0.0438935096267565
RF,LTC,1,2022-07-01,2023-07-01,2023-05-17,3164,4.542121033705523,0.0616015740450839,-0.0020642031575838,-0.0877694791943666,-0.0362971769621927
RF,LTC,1,2022-07-01,2023-07-01,2023-05-18,3165,4.50582385674333,0.0500155232999102,-0.0052942748895013,-0.0445162179926734,0.0127245303458822
RF,LTC,1,2022-07-01,2023-07-01,2023-05-19,3166,4.518548387089212,0.0369692991772323,-0.0068288560415976,-0.0495637826135579,0.0072680996642846
RF,LTC,1,2022-07-01,2023-07-01,2023-05-20,3167,4.525816486753497,0.0253276516566627,-0.0104594705458728,-0.0411169084859883,-0.0010013028846245
RF,LTC,1,2022-07-01,2023-07-01,2023-05-21,3168,4.524815183868872,0.0197111160096898,-0.0120011478125457,-0.0076026731885709,-0.0145484305839405
RF,LTC,1,2022-07-01,2023-07-01,2023-05-22,3169,4.510266753284932,0.016341354816352,-0.0108785138960473,0.0005977835892867,0.0075174238911861
RF,LTC,1,2022-07-01,2023-07-01,2023-05-23,3170,4.517784177176118,0.0145149401729822,-0.0132509489659845,0.0075428153324637,-0.0634326226649619
RF,LTC,1,2022-07-01,2023-07-01,2023-05-24,3171,4.454351554511156,0.0196630850171892,-0.0144092521624049,0.0514292430391325,0.0069560842395004
RF,LTC,1,2022-07-01,2023-07-01,2023-05-25,3172,4.4613076387506565,0.0303204553344933,-0.0123395578094355,0.0816928003687973,0.0076769657249977
RF,LTC,1,2022-07-01,2023-07-01,2023-05-26,3173,4.468984604475654,0.0419351381656003,-0.0112126963447795,0.0892799891458597,0.0157149737918542
RF,LTC,1,2022-07-01,2023-07-01,2023-05-27,3174,4.4846995782675085,0.0510091314052028,-0.0085012125246035,0.0795770850685215,0.0325129324127928
RF,LTC,1,2022-07-01,2023-07-01,2023-05-28,3175,4.517212510680301,0.0496939109594043,-0.0036847902714505,0.0291617484510222,-0.0063479738060827
RF,LTC,1,2022-07-01,2023-07-01,2023-05-29,3176,4.510864536874219,0.0403892673705073,-0.0053339910412271,-0.0354090095898715,0.0144624556343631
RF,LTC,1,2022-07-01,2023-07-01,2023-05-30,3177,4.525326992508582,0.0328895905962882,-0.0047429565106786,-0.015339125846971,-0.0195461949582931
RF,LTC,1,2022-07-01,2023-07-01,2023-05-31,3178,4.505780797550289,0.0263730489468132,-0.0031560157671401,-0.0188493784897092,0.0372196415691652
RF,LTC,1,2022-07-01,2023-07-01,2023-06-01,3179,4.543000439119454,0.0122928414866345,0.0025018801996082,-0.0603758075054434,0.0152641545020602
RF,LTC,1,2022-07-01,2023-07-01,2023-06-02,3180,4.558264593621514,-0.0026929765827485,0.0031287217475318,-0.0670245066635653,0.006012069714516
RF,LTC,1,2022-07-01,2023-07-01,2023-06-03,3181,4.56427666333603,-0.0221190530304236,0.0023169210169648,-0.2159140121133251,-0.0179024042047064
RF,LTC,1,2022-07-01,2023-07-01,2023-06-04,3182,4.546374259131324,-0.03870723406507,0.0002321120322467,-0.1935326895939697,-0.0709187318469766
RF,LTC,1,2022-07-01,2023-07-01,2023-06-05,3183,4.475455527284347,-0.0481198825896784,-0.0016047209776746,-0.1245571936934704,0.0345323393772636
RF,LTC,1,2022-07-01,2023-07-01,2023-06-06,3184,4.509987866661611,-0.0635631118297617,0.0021480458087744,-0.1604350348294367,-0.0230564476010313
RF,LTC,1,2022-07-01,2023-07-01,2023-06-07,3185,4.486931419060579,-0.0805069471812105,-0.0022270547024411,-0.1942376002250085,-0.0043067874465689
RF,LTC,1,2022-07-01,2023-07-01,2023-06-08,3186,4.48262463161401,-0.09509341136076,-0.0008214000270476,-0.1714707255189278,0.0086154553439383
RF,LTC,1,2022-07-01,2023-07-01,2023-06-09,3187,4.491240086957949,-0.1083195211249377,-0.0035412418112805,-0.1598605650789357,-0.1428774357352438
RF,LTC,1,2022-07-01,2023-07-01,2023-06-10,3188,4.348362651222705,-0.1151766121201482,-0.0102981171552672,-0.0056953501493186,0.0044789183146489
RF,LTC,1,2022-07-01,2023-07-01,2023-06-11,3189,4.352841569537354,-0.1182802331110481,-0.0141496444322014,-0.0067238468295434,-0.0019432359464772
RF,LTC,1,2022-07-01,2023-07-01,2023-06-12,3190,4.350898333590877,-0.1169513337532928,-0.018431119778354,-0.0016269993256372,-0.0013455017587027
RF,LTC,1,2022-07-01,2023-07-01,2023-06-13,3191,4.349552831832174,-0.1057092335122567,-0.0201611616350937,0.0363276039738904,-0.0568590129966031
RF,LTC,1,2022-07-01,2023-07-01,2023-06-14,3192,4.292693818835571,-0.0804138759436554,-0.0236186716877421,0.1516940843998542,0.0184600872595117
RF,LTC,1,2022-07-01,2023-07-01,2023-06-15,3193,4.3111539060950825,-0.0532616637044931,-0.0236275890510634,0.1440095796277853,0.0202256157839304
RF,LTC,1,2022-07-01,2023-07-01,2023-06-16,3194,4.331379521879013,-0.0222098605051295,-0.022080216134255,0.1817790693584102,0.0112877791943732
RF,LTC,1,2022-07-01,2023-07-01,2023-06-17,3195,4.342667301073386,0.00513851760358,-0.0207869384452953,0.1542941634567043,0.0034504216344242
RF,LTC,1,2022-07-01,2023-07-01,2023-06-18,3196,4.3461177227078105,0.0285588052680783,-0.0222350551343684,0.1343411377970511,0.0031536115574288
RF,LTC,1,2022-07-01,2023-07-01,2023-06-19,3197,4.349271334265239,0.0481460798303094,-0.0222982634132309,0.1198007786209158,0.0366091015408249
RF,LTC,1,2022-07-01,2023-07-01,2023-06-20,3198,4.385880435806064,0.0612097115066241,-0.018779724443322,0.0914367848078647,0.0585074674293606
RF,LTC,1,2022-07-01,2023-07-01,2023-06-21,3199,4.444387903235425,0.0547098010089932,-0.0046717808752311,-0.0248108245655345,0.0107755824874429
RF,LTC,1,2022-07-01,2023-07-01,2023-06-22,3200,4.455163485722868,0.0488821932983194,-0.0077550185473196,-0.0151525202428288,0.0579951055145553
RF,LTC,1,2022-07-01,2023-07-01,2023-06-23,3201,4.513158591237423,0.0430683902598127,0.0025149732518894,0.1705022892545189,-0.0161971267073326
RF,LTC,1,2022-07-01,2023-07-01,2023-06-24,3202,4.496961464530091,0.0408400470474346,-0.0055147985458289,0.1780071562497625,-0.0165026040252289
RF,LTC,1,2022-07-01,2023-07-01,2023-06-25,3203,4.480458860504862,0.0454379017434538,-0.0032736137823131,0.2488500567211913,-0.0113867476187063
RF,LTC,2,2023-07-01,2024-07-01,2023-07-01,3209,4.674968620779853,0.0822636259160844,0.0121439191536234,-0.0912797270327834,0.0543402964461998
RF,LTC,2,2023-07-01,2024-07-01,2023-07-02,3210,4.729308917226053,0.0763269067294318,0.0139499987981125,-0.1735438076327371,-0.0569870312064804
RF,LTC,2,2023-07-01,2024-07-01,2023-07-03,3211,4.6723218860195725,0.0727498513812401,0.0130874468789081,-0.100384377552972,-0.0211177984304198
RF,LTC,2,2023-07-01,2024-07-01,2023-07-04,3212,4.651204087589153,0.0678893078197608,0.0066936170119739,-0.0786972065488695,-0.0194504668665222
RF,LTC,2,2023-07-01,2024-07-01,2023-07-05,3213,4.63175362072263,0.0612550550340005,0.0057256046870683,-0.0644911186865107,-0.0708778187487544
RF,LTC,2,2023-07-01,2024-07-01,2023-07-06,3214,4.560875801973876,0.0667504577867701,-0.0026902266972044,0.0633824352992746,0.02656288011383
RF,LTC,2,2023-07-01,2024-07-01,2023-07-07,3215,4.587438682087706,0.0591189356937631,-0.0014531521538295,-0.0318930689601195,-0.0037497883406363
RF,LTC,2,2023-07-01,2024-07-01,2023-07-08,3216,4.58368889374707,0.050197860027163,-0.0002466868536334,-0.0324279664151303,-0.0279237841537538
RF,LTC,2,2023-07-01,2024-07-01,2023-07-09,3217,4.555765109593316,0.0410126026205608,0.0015158385467695,-0.0241846185981264,0.0161723988732847
RF,LTC,2,2023-07-01,2024-07-01,2023-07-10,3218,4.5719375084666005,0.0288142955815553,0.0029758012809357,-0.0469643402037949,0.0005693725736826
RF,LTC,2,2023-07-01,2024-07-01,2023-07-11,3219,4.572506881040283,0.0154560058464152,0.0038598976582365,-0.0561327224435119,-0.0052443790041634
RF,LTC,2,2023-07-01,2024-07-01,2023-07-12,3220,4.56726250203612,0.0047576183884245,0.0021550951581139,-0.0437168112483341,0.0569957352370309
RF,LTC,2,2023-07-01,2024-07-01,2023-07-13,3221,4.624258237273151,-0.0124059887674956,0.0055562152787801,-0.0983254637381501,-0.0687126241455642
RF,LTC,2,2023-07-01,2024-07-01,2023-07-14,3222,4.555545613127586,-0.0157001866450272,0.0067864230393295,-0.0116992316969772,-0.0042846857956471
RF,LTC,2,2023-07-01,2024-07-01,2023-07-15,3223,4.551260927331939,-0.0215652833605783,0.0028959779217112,-0.0289125757698576,-0.0196804363367499
RF,LTC,2,2023-07-01,2024-07-01,2023-07-16,3224,4.531580490995189,-0.0213394289178534,-0.0017404251402295,0.0037986338563875,-0.0066073227323837
RF,LTC,2,2023-07-01,2024-07-01,2023-07-17,3225,4.524973168262806,-0.0265713850908451,-0.0027736398834305,-0.0346139545913448,-0.0085990096660344
RF,LTC,2,2023-07-01,2024-07-01,2023-07-18,3226,4.516374158596771,-0.0290428784530938,-0.0041973241676503,-0.0217847279515535,0.0071715321910144
RF,LTC,2,2023-07-01,2024-07-01,2023-07-19,3227,4.523545690787786,-0.0299676647913713,-0.0053171784095405,-0.0168550618245504,0.0023870827472149
RF,LTC,2,2023-07-01,2024-07-01,2023-07-20,3228,4.525932773535001,-0.0312031525112876,-0.0043713854354153,-0.0206518005086682,0.0179136078956085
RF,LTC,2,2023-07-01,2024-07-01,2023-07-21,3229,4.543846381430609,-0.0330920637336884,-0.0028619344722269,-0.0271733558376388,-0.0214980298685274
RF,LTC,2,2023-07-01,2024-07-01,2023-07-22,3230,4.522348351562082,-0.0247452282957354,-0.0040721419201248,0.0272889459146625,0.0130307732894952
RF,LTC,2,2023-07-01,2024-07-01,2023-07-23,3231,4.535379124851577,-0.0203358776733457,-0.0049630126317497,0.0088838781555695,-0.0450199111801161
RF,LTC,2,2023-07-01,2024-07-01,2023-07-24,3232,4.490359213671461,-0.0130497674149001,-0.0067828634897681,0.0340686333615156,0.0042302169737569
RF,LTC,2,2023-07-01,2024-07-01,2023-07-25,3233,4.494589430645218,-0.0034951221991503,-0.0061105784542914,0.0467929289259991,0.0121011983180174
RF,LTC,2,2023-07-01,2024-07-01,2023-07-26,3234,4.506690628963235,-0.0064687219392771,-0.0078562553289036,-0.0351768782944104,-0.0014096559369027
RF,LTC,2,2023-07-01,2024-07-01,2023-07-27,3235,4.505280973026332,-0.0149460102316378,-0.0074107843774514,-0.0899671288904171,0.011392052566638
RF,LTC,2,2023-07-01,2024-07-01,2023-07-28,3236,4.51667302559297,-0.0279322800328287,-0.0083035483919263,-0.1089919139023551,0.0329642718837739
RF,LTC,2,2023-07-01,2024-07-01,2023-07-29,3237,4.549637297476744,-0.045558594831454,-0.0073961984308379,-0.129525319655646,-0.0053742944695978
RF,LTC,2,2023-07-01,2024-07-01,2023-07-30,3238,4.5442630030071465,-0.0626974628688676,-0.0080316170625689,-0.1318077675867739,-0.01983515597417
RF,LTC,2,2023-07-01,2024-07-01,2023-07-31,3239,4.524427847032976,-0.0751551388039732,-0.0105125155691344,-0.1135159309491751,0.0169545125382404
RF,LTC,2,2023-07-01,2024-07-01,2023-08-01,3240,4.541382359571217,-0.0859729793258345,-0.0106691126723112,-0.1110788600518155,-0.0698686089023921
RF,LTC,2,2023-07-01,2024-07-01,2023-08-02,3241,4.471513750668825,-0.085604471175003,-0.0151451222564756,-0.0402540908894542,-0.0561999065329095
RF,LTC,2,2023-07-01,2024-07-01,2023-08-03,3242,4.415313844135915,-0.0809416509074472,-0.0158679079573737,0.0039299372404553,-0.0076327324453
RF,LTC,2,2023-07-01,2024-07-01,2023-08-04,3243,4.407681111690615,-0.0718637631436802,-0.0168228686689279,0.0171159964029561,0.012430866130483
RF,LTC,2,2023-07-01,2024-07-01,2023-08-05,3244,4.420111977821098,-0.0633240533159433,-0.0165494603685697,0.00411799058576,-0.0076567424007256
RF,LTC,2,2023-07-01,2024-07-01,2023-08-06,3245,4.4124552354203725,-0.0565819703617886,-0.0173866485759775,-0.0060038902198371,-0.0015433193365712
RF,LTC,2,2023-07-01,2024-07-01,2023-08-07,3246,4.410911916083801,-0.0487275477218149,-0.0161240636703317,-0.0033566692494488,0.0193915834355999
RF,LTC,2,2023-07-01,2024-07-01,2023-08-08,3247,4.430303499519401,-0.0512771528537978,-0.0164519426761896,-0.0573964432662226,0.0009561602599692
RF,LTC,2,2023-07-01,2024-07-01,2023-08-09,3248,4.4312596597793705,-0.0603914158631315,-0.0158410590900449,-0.1207443471782658,-0.012015878403
RF,LTC,2,2023-07-01,2024-07-01,2023-08-10,3249,4.4192437813763705,-0.069225273286511,-0.0179726587894954,-0.2435379653921119,0.0055533267172007
RF,LTC,2,2023-07-01,2024-07-01,2023-08-11,3250,4.424797108093571,-0.0837141384747841,-0.0178037320343173,-0.2646192966972531,-0.000567139686713
RF,LTC,2,2023-07-01,2024-07-01,2023-08-12,3251,4.424229968406858,-0.101454094445482,-0.0181590681945329,-0.2637252852831171,-0.0177786232063228
RF,LTC,2,2023-07-01,2024-07-01,2023-08-13,3252,4.406451345200535,-0.1162891520682469,-0.0189750666543337,-0.2281868312196078,0.001103901633817
RF,LTC,2,2023-07-01,2024-07-01,2023-08-14,3253,4.407555246834352,-0.1303075749806321,-0.0180689263127843,-0.2034794321266,-0.0346481905811737
RF,LTC,2,2023-07-01,2024-07-01,2023-08-15,3254,4.372907056253179,-0.1418613409218077,-0.019709664961192,-0.20206009879674,-0.062391743652074
RF,LTC,2,2023-07-01,2024-07-01,2023-08-16,3255,4.310515312601105,-0.1457236502736272,-0.0206396396405011,-0.1267753190420402,-0.134809496616846
RF,LTC,2,2023-07-01,2024-07-01,2023-08-17,3256,4.175705815984259,-0.1487415142419088,-0.0219532368625612,-0.0031776198506783,-0.0155280045879404
RF,LTC,2,2023-07-01,2024-07-01,2023-08-18,3257,4.160177811396318,-0.1460135839520049,-0.022374179463134,0.0159297562210651,0.0003268717274229
RF,LTC,2,2023-07-01,2024-07-01,2023-08-19,3258,4.160504683123741,-0.1389470491132751,-0.0233985417809477,0.0140474854725329,0.0177598308571864
RF,LTC,2,2023-07-01,2024-07-01,2023-08-20,3259,4.178264513980928,-0.1285240489317685,-0.0221581961295392,0.0017547312346977,0.0258113007268248
RF,LTC,2,2023-07-01,2024-07-01,2023-08-21,3260,4.204075814707752,-0.1175888348962139,-0.0212202131227895,-0.0213769763024203,-0.0332288572513137
RF,LTC,2,2023-07-01,2024-07-01,2023-08-22,3261,4.170846957456439,-0.0946822388336237,-0.021821649569022,0.0616999448319361,0.0128930361026258
RF,LTC,2,2023-07-01,2024-07-01,2023-08-23,3262,4.1837399935590645,-0.075829427154936,-0.0206066170271968,0.0307482327261086,-0.0112117974254841
RF,LTC,2,2023-07-01,2024-07-01,2023-08-24,3263,4.17252819613358,-0.065785264716192,-0.0205501276377566,-0.0144051223103121,0.003579371483803
RF,LTC,2,2023-07-01,2024-07-01,2023-08-25,3264,4.176107567617383,-0.0588476495790839,-0.0194981477490802,-0.0328545320586712,-0.0015553990211092
RF,LTC,2,2023-07-01,2024-07-01,2023-08-26,3265,4.174552168596274,-0.0484597250928802,-0.020708934136172,-0.0069473739521432,0.0054670766193511
RF,LTC,2,2023-07-01,2024-07-01,2023-08-27,3266,4.180019245215625,-0.0415720289009984,-0.0203906950615478,-0.022103536159177,0.0026795931897067
RF,LTC,2,2023-07-01,2024-07-01,2023-08-28,3267,4.182698838405332,-0.0366537742332191,-0.0201587470133273,-0.0283779141890407,0.0498480638830427
RF,LTC,2,2023-07-01,2024-07-01,2023-08-29,3268,4.232546902288375,-0.04101669055306,-0.0160185174635219,-0.0874516491703767,-0.0180586760032017
RF,LTC,2,2023-07-01,2024-07-01,2023-08-30,3269,4.214488226285173,-0.0432060621959324,-0.0155025949744143,-0.0738403206953082,-0.0563651524619048
RF,LTC,2,2023-07-01,2024-07-01,2023-08-31,3270,4.158123073823268,-0.0328649756038075,-0.015051658228688,-0.0051579694132506,-0.0148700382645561
RF,LTC,2,2023-07-01,2024-07-01,2023-09-01,3271,4.143253035558712,-0.0247720215232085,-0.0168555288724519,-0.0068555472704119,0.0243517590854187
RF,LTC,2,2023-07-01,2024-07-01,2023-09-02,3272,4.167604794644131,-0.019554000741957,-0.0170037094030059,-0.0231771165944039,-0.0096890855876825
RF,LTC,2,2023-07-01,2024-07-01,2023-09-03,3273,4.157915709056448,-0.0205957474629796,-0.0183645077643656,-0.0450515542771592,-0.0035947848401569
RF,LTC,2,2023-07-01,2024-07-01,2023-09-04,3274,4.154320924216291,-0.0280867452139297,-0.0183538157327179,-0.0795473266731017,-0.0092256710982931
RF,LTC,2,2023-07-01,2024-07-01,2023-09-05,3275,4.145095253117998,-0.0303313978691361,-0.0168645811945724,-0.0505375356162378,-0.0044473475281332
RF,LTC,2,2023-07-01,2024-07-01,2023-09-06,3276,4.140647905589865,-0.0266805590107281,-0.0182823924779535,-0.0134567323898924,0.0123171988201526
RF,LTC,2,2023-07-01,2024-07-01,2023-09-07,3277,4.1529651044100175,-0.0234064943074487,-0.0173863735968701,-0.0128741081747207,-0.0165676161217174
RF,LTC,2,2023-07-01,2024-07-01,2023-09-08,3278,4.1363974882883,-0.0117973853997419,-0.0189558320548838,0.0531895116679965,0.0080301897614267
RF,LTC,2,2023-07-01,2024-07-01,2023-09-09,3279,4.144427678049727,-0.0033268838692634,-0.0177722962022544,0.0351694326486162,-0.0315635232704378
RF,LTC,2,2023-07-01,2024-07-01,2023-09-10,3280,4.112864154779289,0.006623909611271,-0.0191927844147295,0.0394069298655637,-0.0380905572360994
RF,LTC,2,2023-07-01,2024-07-01,2023-09-11,3281,4.07477359754319,0.0271631937010035,-0.0203020263799286,0.1132828969741854,0.0197841199585706
RF,LTC,2,2023-07-01,2024-07-01,2023-09-12,3282,4.09455771750176,0.04623742468035,-0.0194269705172041,0.1151110992357962,0.0326334556982121
RF,LTC,2,2023-07-01,2024-07-01,2023-09-13,3283,4.127191173199972,0.0505108910688596,-0.0182161459059731,0.0404711705755636,0.0128998230353243
RF,LTC,2,2023-07-01,2024-07-01,2023-09-14,3284,4.140090996235297,0.0519614057674768,-0.018091744305125,0.0295308854170874,0.0494960037209999
RF,LTC,2,2023-07-01,2024-07-01,2023-09-15,3285,4.189586999956297,0.0467373531325545,-0.0126804496067581,-0.0254769223763444,-0.0099898892579535
RF,LTC,2,2023-07-01,2024-07-01,2023-09-16,3286,4.179597110698343,0.0438035573918851,-0.0119999552628357,-0.0039738214482802,-0.0273260260534904
RF,LTC,2,2023-07-01,2024-07-01,2023-09-17,3287,4.152271084644853,0.0404614582969253,-0.0102933859095833,0.0001401503102371,0.0357854098725223
RF,LTC,2,2023-07-01,2024-07-01,2023-09-18,3288,4.188056494517375,0.0341027967921752,-0.012985580360976,-0.02391783768386,0.0216123222201813
RF,LTC,2,2023-07-01,2024-07-01,2023-09-19,3289,4.209668816737556,0.0220244475733624,-0.0104764127489491,-0.0545661421645791,-0.0420064729620204
RF,LTC,2,2023-07-01,2024-07-01,2023-09-20,3290,4.167662343775536,0.0171829096632611,-0.0115800849860211,-0.0168301351680586,0.0019595378768482
RF,LTC,2,2023-07-01,2024-07-01,2023-09-21,3291,4.169621881652384,0.0173345765708106,-0.0120223537267875,0.0084326200018258,-0.005511804072432
RF,LTC,2,2023-07-01,2024-07-01,2023-09-22,3292,4.164110077579952,0.0192648166902627,-0.0109827429856832,0.0199547569069951,0.0115132116701106
RF,LTC,2,2023-07-01,2024-07-01,2023-09-23,3293,4.175623289250063,0.0199810949647272,-0.0132678994120796,0.0150861803355795,-0.0232120542949729
RF,LTC,2,2023-07-01,2024-07-01,2023-09-24,3294,4.15241123495509,0.0304203682085431,-0.0129996422659819,0.0705216932378531,0.0117274218784251
RF,LTC,2,2023-07-01,2024-07-01,2023-09-25,3295,4.164138656833515,0.0309887921778511,-0.0130395140703116,0.025684611252605,-0.0090359822605377
RF,LTC,2,2023-07-01,2024-07-01,2023-09-26,3296,4.155102674572977,0.03175630846708,-0.0128881334930425,0.0268484557567232,-0.0042704659654999
RF,LTC,2,2023-07-01,2024-07-01,2023-09-27,3297,4.150832208607477,0.0300923316651022,-0.01232317395166,0.015089553067785,0.0272222930467327
RF,LTC,2,2023-07-01,2024-07-01,2023-09-28,3298,4.17805450165421,0.0239859366523988,-0.0132460695906003,-0.0058424473881615,0.0060103328327372
RF,LTC,2,2023-07-01,2024-07-01,2023-09-29,3299,4.184064834486947,0.0192392971992845,-0.0127496123507327,-0.0015081351869126,0.006644635098695
RF,LTC,2,2023-07-01,2024-07-01,2023-09-30,3300,4.190709469585642,0.0132957722728983,-0.0133544779640384,-0.0088785650289029,0.0322234586073006
RF,LTC,2,2023-07-01,2024-07-01,2023-10-01,3301,4.222932928192943,0.0020378212944782,-0.012037066165769,-0.0429529003571582,-0.033109660106823
RF,LTC,2,2023-07-01,2024-07-01,2023-10-02,3302,4.18982326808612,-0.0077799139118317,-0.0116885071932144,-0.0449272796356234,-0.0078721377564194
RF,LTC,2,2023-07-01,2024-07-01,2023-10-03,3303,4.181951130329701,-0.0138818712132593,-0.0109140056339035,-0.0290064119935493,-0.0160293686544381
RF,LTC,2,2023-07-01,2024-07-01,2023-10-04,3304,4.165921761675262,-0.0212059642056257,-0.0128669192676123,-0.0468875021641368,0.0062902925907861
RF,LTC,2,2023-07-01,2024-07-01,2023-10-05,3305,4.172212054266049,-0.0306699191650254,-0.0108822510889328,-0.0592450503278172,0.0103446450339861
RF,LTC,2,2023-07-01,2024-07-01,2023-10-06,3306,4.182556699300035,-0.040039732775809,-0.0131673433740435,-0.0623160451754083,-0.0007257947432952
RF,LTC,2,2023-07-01,2024-07-01,2023-10-07,3307,4.1818309045567394,-0.0477132488658389,-0.0125676709258548,-0.06011184436852,-0.0018508767209546
RF,LTC,2,2023-07-01,2024-07-01,2023-10-08,3308,4.179980027835785,-0.0536781836900894,-0.0134178494189469,-0.0584024548377826,-0.0350840393852882
RF,LTC,2,2023-07-01,2024-07-01,2023-10-09,3309,4.144895988450497,-0.046443945532463,-0.0145058674825969,0.0035762461276593,0.0080487298856546
RF,LTC,2,2023-07-01,2024-07-01,2023-10-10,3310,4.152944718336151,-0.0445905479320618,-0.0148979373187191,-0.023184595759754,-0.0339104588250256
RF,LTC,2,2023-07-01,2024-07-01,2023-10-11,3311,4.119034259511126,-0.0430004685941547,-0.0174956155294416,-0.0200840906566517,-0.0060672555728942
RF,LTC,2,2023-07-01,2024-07-01,2023-10-12,3312,4.112967003938231,-0.034890430443605,-0.0178753213322678,0.010720343851287,0.007273650186395
RF,LTC,2,2023-07-01,2024-07-01,2023-10-13,3313,4.120240654124626,-0.0239648190536998,-0.0178992536197029,0.0295042400145453,0.001478406063593
RF,LTC,2,2023-07-01,2024-07-01,2023-10-14,3314,4.121719060188219,-0.0103724799101163,-0.0187667133325255,0.0485913304768184,-0.0001414871902172
RF,LTC,2,2023-07-01,2024-07-01,2023-10-15,3315,4.121577572998002,0.0039088769215904,-0.018988899099849,0.0557374418726421,0.0268946615801537
RF,LTC,2,2023-07-01,2024-07-01,2023-10-16,3316,4.148472234578156,0.0149826380523823,-0.0190591899556774,0.0855052254117874,-0.0187121120017588
RF,LTC,2,2023-07-01,2024-07-01,2023-10-17,3317,4.129760122576397,0.0311777065715741,-0.0181765880253219,0.1048080196753451,-0.0308099537219233
RF,LTC,2,2023-07-01,2024-07-01,2023-10-18,3318,4.098950168854474,0.0520096362722073,-0.0201475397872093,0.1307251324597329,0.0247371789350445
RF,LTC,2,2023-07-01,2024-07-01,2023-10-19,3319,4.123687347789518,0.0674966790874451,-0.0187083931385885,0.1083065699969108,0.0260575463496532
RF,LTC,2,2023-07-01,2024-07-01,2023-10-20,3320,4.149744894139172,0.0713487092250835,-0.018316348941142,0.0557801214334547,0.0205654965258661
RF,LTC,2,2023-07-01,2024-07-01,2023-10-21,3321,4.170310390665038,0.0725769573208028,-0.0176558841132781,0.0459977289229227,0.0070046242056065
RF,LTC,2,2023-07-01,2024-07-01,2023-10-22,3322,4.177315014870644,0.0739636844345312,-0.0157504664807488,0.0539009725105206,0.0566624451192989
RF,LTC,2,2023-07-01,2024-07-01,2023-10-23,3323,4.233977459989943,0.0716942378795852,-0.0090678630336781,0.003757803897912,0.0005906822617989
RF,LTC,2,2023-07-01,2024-07-01,2023-10-24,3324,4.234568142251742,0.0654658090688027,-0.0079498738347846,-0.0011928894067292,-0.0048928409375355
RF,LTC,2,2023-07-01,2024-07-01,2023-10-25,3325,4.229675301314207,0.0613267131135399,-0.0067355803783796,0.017891230285322,0.0023186164722224
RF,LTC,2,2023-07-01,2024-07-01,2023-10-26,3326,4.231993917786429,0.0536595522213287,-0.0108778944378735,0.0078093087161352,-0.0264689022138027
RF,LTC,2,2023-07-01,2024-07-01,2023-10-27,3327,4.2055250155726265,0.051673113584945,-0.0124869158722644,0.0356742795656837,0.0107831040153341
RF,LTC,2,2023-07-01,2024-07-01,2023-10-28,3328,4.216308119587961,0.0506402955188027,-0.0105025497549193,0.0389087573483974,0.0149078677932044
RF,LTC,2,2023-07-01,2024-07-01,2023-10-29,3329,4.231215987381165,0.0501034126573562,-0.0122395559463844,0.0407537188156945,0.0065192765066903
RF,LTC,2,2023-07-01,2024-07-01,2023-10-30,3330,4.237735263887855,0.0539776462358334,-0.0116491760384602,0.0728338267179662,-0.0043600110428423
RF,LTC,2,2023-07-01,2024-07-01,2023-10-31,3331,4.233375252845013,0.056862658782876,-0.0115536637199625,0.0647857489817678,0.0141912787545157
RF,LTC,2,2023-07-01,2024-07-01,2023-11-01,3332,4.247566531599529,0.0555347167109339,-0.0117135672921933,0.0453547981199049,-0.0077633050969643
RF,LTC,2,2023-07-01,2024-07-01,2023-11-02,3333,4.2398032265025645,0.0577832825346744,-0.0124582178877359,0.0609077685984029,0.0013960686357457
RF,LTC,2,2023-07-01,2024-07-01,2023-11-03,3334,4.24119929513831,0.0579675603197191,-0.0127827026608348,0.0534295284150143,0.0140175817980479
RF,LTC,2,2023-07-01,2024-07-01,2023-11-04,3335,4.255216876936358,0.0602428687703353,-0.0130168925121655,0.0645926570420272,0.0167528292605014
RF,LTC,2,2023-07-01,2024-07-01,2023-11-05,3336,4.27196970619686,0.0576915490513583,-0.0125626149041019,0.0440676688408538,0.038599384408962
RF,LTC,2,2023-07-01,2024-07-01,2023-11-06,3337,4.310569090605822,0.0430093755649636,-0.0103706513557121,-0.0409898768344811,-0.0124080887790407
RF,LTC,2,2023-07-01,2024-07-01,2023-11-07,3338,4.298161001826781,0.0283176087314016,-0.0118093303057414,-0.0406315268347059,-0.0052396721073471
RF,LTC,2,2023-07-01,2024-07-01,2023-11-08,3339,4.292921329719434,0.0243353589680719,-0.0089754834472283,0.0122286108469467,0.0077896653815336
RF,LTC,2,2023-07-01,2024-07-01,2023-11-09,3340,4.300710995100967,0.014775701365477,-0.0132004515706421,-0.0355124017009798,-0.0060821715476429
RF,LTC,2,2023-07-01,2024-07-01,2023-11-10,3341,4.2946288235533245,0.0049512065004542,-0.0132955782240341,-0.0435321837906474,0.0251807104250607
RF,LTC,2,2023-07-01,2024-07-01,2023-11-11,3342,4.319809533978385,-0.0110999004010512,-0.0130666264434099,-0.0728324944222889,-0.0037721589406718
RF,LTC,2,2023-07-01,2024-07-01,2023-11-12,3343,4.3160373750377135,-0.0233596170352488,-0.0136008065933346,-0.058436399232745,-0.046458161266373
RF,LTC,2,2023-07-01,2024-07-01,2023-11-13,3344,4.26957921377134,-0.0308991589640781,-0.0150953927330959,-0.027997265819156,-0.0120497387792655
RF,LTC,2,2023-07-01,2024-07-01,2023-11-14,3345,4.257529474992075,-0.0393887363356899,-0.0148596387055048,-0.0609686019152988,0.0476204655743055
RF,LTC,2,2023-07-01,2024-07-01,2023-11-15,3346,4.3051499405663805,-0.0499316323004244,-0.0117548449878473,-0.0753193866498813,-0.0399513471663928
RF,LTC,2,2023-07-01,2024-07-01,2023-11-16,3347,4.265198593399988,-0.0530737356796855,-0.0129546347241623,-0.0236927033231637,-0.0141019536373105
RF,LTC,2,2023-07-01,2024-07-01,2023-11-17,3348,4.251096639762677,-0.0494719743762051,-0.0108164845801294,0.0078573510400126,-0.0041196002065806
RF,LTC,2,2023-07-01,2024-07-01,2023-11-18,3349,4.246977039556096,-0.0407833804323791,-0.0145325662847318,0.0273720415613878,0.010623936248872
RF,LTC,2,2023-07-01,2024-07-01,2023-11-19,3350,4.257600975804968,-0.0380286628232315,-0.0151384831352194,-0.0082633675240337,-0.016019027852784
RF,LTC,2,2023-07-01,2024-07-01,2023-11-20,3351,4.241581947952184,-0.0341944526960116,-0.0160067526065712,-0.0039695316359331,-0.0450210748754082
RF,LTC,2,2023-07-01,2024-07-01,2023-11-21,3352,4.196560873076776,-0.023882442836796,-0.018214209643633,0.0481737535961395,0.033269680839723
RF,LTC,2,2023-07-01,2024-07-01,2023-11-22,3353,4.229830553916499,-0.0184677170721556,-0.0158341922720737,0.0185125246313582,0.0116753361603247
RF,LTC,2,2023-07-01,2024-07-01,2023-11-23,3354,4.241505890076824,-0.0163321828322446,-0.0157818524386891,-0.0009624725953791,0.0174481007258657
RF,LTC,2,2023-07-01,2024-07-01,2023-11-24,3355,4.25895399080269,-0.0111909566718999,-0.0143890374657085,0.0113721794120413,0.0153950903147945
RF,LTC,2,2023-07-01,2024-07-01,2023-11-25,3356,4.274349081117484,-0.0071641447038306,-0.0136805113415094,0.0060908030903288,-0.0250114728365495
RF,LTC,2,2023-07-01,2024-07-01,2023-11-26,3357,4.249337608280935,0.0011614451941861,-0.0145246469987434,0.0308837331523319,-0.0117251919646834
RF,LTC,2,2023-07-01,2024-07-01,2023-11-27,3358,4.237612416316251,0.0125920295024544,-0.0154232407211936,0.0504010619686008,0.0071222103566643
RF,LTC,2,2023-07-01,2024-07-01,2023-11-28,3359,4.244734626672916,0.0251121185236113,-0.0165627438703072,0.0632578621860151,0.0036084518749417
RF,LTC,2,2023-07-01,2024-07-01,2023-11-29,3360,4.248343078547857,0.0293790175462724,-0.0157235610818717,0.0340743978885642,-0.0077996610664126
RF,LTC,2,2023-07-01,2024-07-01,2023-11-30,3361,4.240543417481445,0.0388538653889929,-0.0163788016486037,0.0643114185274562,0.0297827527332863
RF,LTC,2,2023-07-01,2024-07-01,2023-12-01,3362,4.270326170214731,0.0467684161430552,-0.0144489593508034,0.09148201166008,0.010113713993082
RF,LTC,2,2023-07-01,2024-07-01,2023-12-02,3363,4.280439884207813,0.0489370578747578,-0.0149594259060014,0.0539387741371228,-0.0002185427745464
RF,LTC,2,2023-07-01,2024-07-01,2023-12-03,3364,4.280221341433267,0.0530544691794814,-0.0140432241806929,0.065425032232155,0.0077921368515854
RF,LTC,2,2023-07-01,2024-07-01,2023-12-04,3365,4.288013478284852,0.0470934804253806,-0.0144971895249479,-0.0023497757746868,0.0199790105740786
RF,LTC,2,2023-07-01,2024-07-01,2023-12-05,3366,4.307992488858931,0.0366594186043851,-0.0139662326170212,-0.0256068304788588,-0.0255750124225091
RF,LTC,2,2023-07-01,2024-07-01,2023-12-06,3367,4.282417476436422,0.0340384501349682,-0.0152500733626776,0.0107486147069986,0.0224373595724793
RF,LTC,2,2023-07-01,2024-07-01,2023-12-07,3368,4.304854836008901,0.0263827673363969,-0.0147908599534057,-0.0148966567284754,0.0569533458659101
RF,LTC,2,2023-07-01,2024-07-01,2023-12-08,3369,4.361808181874811,0.0090514053565247,-0.0067502594173907,-0.0997499175520388,-0.0274295235298751
RF,LTC,2,2023-07-01,2024-07-01,2023-12-09,3370,4.334378658344936,-0.0016759668122903,-0.0080850062913733,-0.0558672935830113,0.0112677153204856
RF,LTC,2,2023-07-01,2024-07-01,2023-12-10,3371,4.345646373665422,-0.0164401635470401,-0.0061107691526854,-0.0796639151598039,-0.0599826711552564
RF,LTC,2,2023-07-01,2024-07-01,2023-12-11,3372,4.285663702510165,-0.0233749423642208,-0.0135004140033679,-0.0257645728625117,-0.0032780441300932
RF,LTC,2,2023-07-01,2024-07-01,2023-12-12,3373,4.282385658380072,-0.0290138681560048,-0.012661412299754,-0.0251493685738104,0.0107804327633482
RF,LTC,2,2023-07-01,2024-07-01,2023-12-13,3374,4.29316609114342,-0.0371498546519406,-0.0138362986942263,-0.0474607742184804,-0.0032079118629946
RF,LTC,2,2023-07-01,2024-07-01,2023-12-14,3375,4.2899581792804256,-0.0394675041638379,-0.013502765708677,-0.0283418249127604,-0.0278999149576533
RF,LTC,2,2023-07-01,2024-07-01,2023-12-15,3376,4.262058264322772,-0.0293352387495771,-0.0161112332133078,0.0383476210571203,0.0164531004391523
RF,LTC,2,2023-07-01,2024-07-01,2023-12-16,3377,4.278511364761925,-0.0251714491887691,-0.0154513947214182,0.0056354060265686,-0.0125289062563069
RF,LTC,2,2023-07-01,2024-07-01,2023-12-17,3378,4.265982458505618,-0.0221742765182373,-0.0162905042094104,-0.0008448557709153,-0.0060833288579642
RF,LTC,2,2023-07-01,2024-07-01,2023-12-18,3379,4.259899129647653,-0.0149039732517515,-0.0161679195479865,0.0205830851024808,-0.0026628398413919
RF,LTC,2,2023-07-01,2024-07-01,2023-12-19,3380,4.2572362898062615,-0.0050954703479115,-0.0157592619510399,0.0352829507542873,-0.0115309728813217
RF,LTC,2,2023-07-01,2024-07-01,2023-12-20,3381,4.24570531692494,0.0117966053440055,-0.0168450181008771,0.0830563921562799,0.0159110374427253
RF,LTC,2,2023-07-01,2024-07-01,2023-12-21,3382,4.261616354367665,0.0258789623445085,-0.0162221378779891,0.0785764222803759,0.0387895310122274
RF,LTC,2,2023-07-01,2024-07-01,2023-12-22,3383,4.3004058853798925,0.0229244069448126,-0.0137979451059178,-0.004425489676084,-0.0162591145913992
RF,LTC,2,2023-07-01,2024-07-01,2023-12-23,3384,4.284146770788493,0.0225942690034246,-0.0146061441072568,0.010587581689637,-0.0190091680537909
RF,LTC,2,2023-07-01,2024-07-01,2023-12-24,3385,4.265137602734702,0.0242825764591039,-0.0114319640142814,0.0225569102858429,0.0153446120154319
RF,LTC,2,2023-07-01,2024-07-01,2023-12-25,3386,4.280482214750134,0.0274750625197208,-0.0146562812531998,0.0334251751650018,0.0120370258104145
RF,LTC,2,2023-07-01,2024-07-01,2023-12-26,3387,4.292519240560549,0.0234222809189876,-0.014484324969342,-0.0022779402769366,0.0362424685206708
RF,LTC,2,2023-07-01,2024-07-01,2023-12-27,3388,4.32876170908122,0.00776926231591,-0.0109994966724807,-0.1497445066287968,0.0114310675668214
RF,LTC,2,2023-07-01,2024-07-01,2023-12-28,3389,4.340192776648041,-0.0101602579556141,-0.0118777916029628,-0.1431202502484909,-0.0442123809442325
RF,LTC,2,2023-07-01,2024-07-01,2023-12-29,3390,4.2959803957038085,-0.0209432797035233,-0.0123282564040757,-0.1060052704352632,-0.0012460432256782
RF,LTC,2,2023-07-01,2024-07-01,2023-12-30,3391,4.29473435247813,-0.033182401671727,-0.014120973038878,-0.1099995907546196,-0.007039839457585
RF,LTC,2,2023-07-01,2024-07-01,2023-12-31,3392,4.287694513020545,-0.0471889722748217,-0.0136811787427218,-0.1247965442160001,0.0262128768945908
RF,LTC,2,2023-07-01,2024-07-01,2024-01-01,3393,4.313907389915136,-0.0578549714905598,-0.0150321838405019,-0.0972486056474659,-0.0236660896315239
RF,LTC,2,2023-07-01,2024-07-01,2024-01-02,3394,4.290241300283612,-0.065280646504175,-0.0158592059733664,-0.0863058717497384,-0.1112240978311893
RF,LTC,2,2023-07-01,2024-07-01,2024-01-03,3395,4.179017202452423,-0.060019749962092,-0.0183542464298771,0.0679073312337283,0.0180553239471272
RF,LTC,2,2023-07-01,2024-07-01,2024-01-04,3396,4.19707252639955,-0.0497318461509408,-0.0177210880353794,0.0793779330043218,-0.0070974011310047
RF,LTC,2,2023-07-01,2024-07-01,2024-01-05,3397,4.189975125268545,-0.0346776465049964,-0.017957063628723,0.0991164650301312,-0.0052403635450346
RF,LTC,2,2023-07-01,2024-07-01,2024-01-06,3398,4.184734761723511,-0.0194704345896816,-0.0168418734444587,0.0917578794843665,-0.0218367929189655
RF,LTC,2,2023-07-01,2024-07-01,2024-01-07,3399,4.162897968804545,-0.0061876213847691,-0.017236514594744,0.0829594763752981,0.053760815463125
RF,LTC,2,2023-07-01,2024-07-01,2024-01-08,3400,4.21665878426767,-0.0020977658621905,-0.0110846515267317,0.0211454439294191,-0.0127233557337964
RF,LTC,2,2023-07-01,2024-07-01,2024-01-09,3401,4.203935428533874,0.0045054065432665,-0.0138623019299491,0.0370265834460621,0.0429891051522774
RF,LTC,2,2023-07-01,2024-07-01,2024-01-10,3402,4.246924533686151,0.0047051810152902,-0.0075060139711211,-0.0072373036009123,0.0295259257177207
RF,LTC,2,2023-07-01,2024-07-01,2024-01-11,3403,4.276450459403872,-0.0033220790837225,-0.0107468343475443,-0.0570504691280717,0.0126411308948046
RF,LTC,2,2023-07-01,2024-07-01,2024-01-12,3404,4.289091590298677,-0.005282588642288,-0.006167776207168,-0.0238209705344365,-0.0125989490907993
RF,LTC,2,2023-07-01,2024-07-01,2024-01-13,3405,4.276492641207877,-0.0050181255892161,-0.0119204288599554,-0.0096325460427211,-0.0306351960280339
RF,LTC,2,2023-07-01,2024-07-01,2024-01-14,3406,4.245857445179843,0.001258059195651,-0.014396963614819,0.0252387795886219,-0.0080532169827538
RF,LTC,2,2023-07-01,2024-07-01,2024-01-15,3407,4.237804228197089,-0.001686547232639,-0.0142545288966772,-0.0288182017815961,0.0031577837828464
RF,LTC,2,2023-07-01,2024-07-01,2024-01-16,3408,4.240962011979936,-0.0092968559754043,-0.0161021729736123,-0.0596841923423552,-0.0012747818946969
RF,LTC,2,2023-07-01,2024-07-01,2024-01-17,3409,4.239687230085239,-0.0152843770786299,-0.015011907921804,-0.0479109940145567,-0.0202872398094386
RF,LTC,2,2023-07-01,2024-07-01,2024-01-18,3410,4.2193999902758,-0.0188923366728364,-0.0171938876054253,-0.0373652230211627,0.0458706294884398
RF,LTC,2,2023-07-01,2024-07-01,2024-01-19,3411,4.26527061976424,-0.0261955256497978,-0.0120300372186249,-0.0600696930671746,0.001589475400916
RF,LTC,2,2023-07-01,2024-07-01,2024-01-20,3412,4.266860095165156,-0.0305987011406063,-0.0131108059988474,-0.0461095712996453,0.0042361296033091
RF,LTC,2,2023-07-01,2024-07-01,2024-01-21,3413,4.271096224768465,-0.0344966136910365,-0.0104982204071254,-0.0457598523559834,-0.0621101983529719
RF,LTC,2,2023-07-01,2024-07-01,2024-01-22,3414,4.208986026415493,-0.0276761702499417,-0.0153474426465187,0.0171615062229673,-0.0277082067779126
RF,LTC,2,2023-07-01,2024-07-01,2024-01-23,3415,4.181277819637581,-0.0199694703353605,-0.0158880561658388,0.0310278946110376,0.0104984164331014
RF,LTC,2,2023-07-01,2024-07-01,2024-01-24,3416,4.191776236070682,-0.0159963758120724,-0.0166216380715601,0.0092236650899231,-0.0097414688160446
RF,LTC,2,2023-07-01,2024-07-01,2024-01-25,3417,4.182034767254637,-0.0077332731158543,-0.0176675701538796,0.0303385234568303,0.0231661594424279
RF,LTC,2,2023-07-01,2024-07-01,2024-01-26,3418,4.205200926697065,-0.0025350194093256,-0.0151988180567864,0.0143584999485062,0.0155495971684453
RF,LTC,2,2023-07-01,2024-07-01,2024-01-27,3419,4.220750523865511,0.0019406605749123,-0.0157530217076152,0.0109885104633375,0.0045858485469709
RF,LTC,2,2023-07-01,2024-07-01,2024-01-28,3420,4.225336372412482,-0.0014412497043734,-0.0147350964062493,-0.0216683246564119,0.0008111602259788
RF,LTC,2,2023-07-01,2024-07-01,2024-01-29,3421,4.2261475326384605,-0.00273225767243,-0.0149448432589761,-0.0122523824945526,-0.0138418183898423
RF,LTC,2,2023-07-01,2024-07-01,2024-01-30,3422,4.212305714248618,0.0010508102352426,-0.0156683883368621,0.0114720539742947,-0.011305813088013
RF,LTC,2,2023-07-01,2024-07-01,2024-01-31,3423,4.200999901160605,0.0076156110028513,-0.016306322452547,0.0266514699566107,0.0113733895508625
RF,LTC,2,2023-07-01,2024-07-01,2024-02-01,3424,4.212373290711468,0.016050412136666,-0.0169046729569395,0.044129335479063,0.0071861359341038
RF,LTC,2,2023-07-01,2024-07-01,2024-02-02,3425,4.219559426645572,0.0225578678339779,-0.0158766110242609,0.0385614504017501,0.0121796076832767
RF,LTC,2,2023-07-01,2024-07-01,2024-02-03,3426,4.231739034328848,0.0260826670990166,-0.0150986704641621,0.0282594409415537,-0.0280709865727786
RF,LTC,2,2023-07-01,2024-07-01,2024-02-04,3427,4.20366804775607,0.037448572098742,-0.0151154457606577,0.0665886988722208,0.0102271023878381
RF,LTC,2,2023-07-01,2024-07-01,2024-02-05,3428,4.213895150143908,0.0488334342271805,-0.0144129544379327,0.0756442645882922,0.009882618079005
RF,LTC,2,2023-07-01,2024-07-01,2024-02-06,3429,4.223777768222913,0.0463206614391067,-0.0154180009565257,0.0103441056162365,0.0038736028943029
RF,LTC,2,2023-07-01,2024-07-01,2024-02-07,3430,4.227651371117216,0.0441945411273039,-0.0146757320838657,0.0193610346643344,0.0288512550733148
RF,LTC,2,2023-07-01,2024-07-01,2024-02-08,3431,4.256502626190531,0.0363215105936562,-0.0143512198523969,-0.0107040842488039,0.001618250856791
RF,LTC,2,2023-07-01,2024-07-01,2024-02-09,3432,4.258120877047322,0.0301980820181118,-0.0135524495528898,-0.0008476372849095,0.0018775982230803
RF,LTC,2,2023-07-01,2024-07-01,2024-02-10,3433,4.259998475270402,0.0221617905077993,-0.0144373020698444,-0.0116514724445409,0.0102582713578884
RF,LTC,2,2023-07-01,2024-07-01,2024-02-11,3434,4.270256746628291,0.0148114839224664,-0.0140475213662231,-0.0113834363986367,0.0192826681039095
RF,LTC,2,2023-07-01,2024-07-01,2024-02-12,3435,4.2895394147322,0.0063425078476191,-0.0134887455591821,-0.0224742062529887,-0.0554175408930506
RF,LTC,2,2023-07-01,2024-07-01,2024-02-13,3436,4.2341218738391495,0.0040430459205937,-0.0164664914605156,0.0094350034772077,0.0128905319424008
RF,LTC,2,2023-07-01,2024-07-01,2024-02-14,3437,4.24701240578155,-0.0016693289266092,-0.0149137864897062,-0.0138112233987737,-0.0012138638398235
RF,LTC,2,2023-07-01,2024-07-01,2024-02-15,3438,4.245798541941727,-0.0069038874727365,-0.015170231003924,-0.0151106460501244,0.0114746978206854
RF,LTC,2,2023-07-01,2024-07-01,2024-02-16,3439,4.257273239762412,-0.0131063043774091,-0.0152531810943557,-0.0256602305167135,-0.008926236936551
RF,LTC,2,2023-07-01,2024-07-01,2024-02-17,3440,4.248347002825861,-0.0111590492578228,-0.0147992703024504,0.0056624660733497,0.0105263074037926
RF,LTC,2,2023-07-01,2024-07-01,2024-02-18,3441,4.258873310229654,-0.0122969879330465,-0.0148887179739712,-0.009205681789016,0.0081918982495574
RF,LTC,2,2023-07-01,2024-07-01,2024-02-19,3442,4.267065208479211,-0.0096167069832455,-0.0155170180786548,0.0087378868379035,-0.0235083311628541
RF,LTC,2,2023-07-01,2024-07-01,2024-02-20,3443,4.243556877316357,0.0025897587130696,-0.0158413981377263,0.0609642259724649,-0.0103556949335805
RF,LTC,2,2023-07-01,2024-07-01,2024-02-21,3444,4.233201182382777,0.0182161683395589,-0.0159369816008079,0.0788393809005931,-0.0025132864911743
RF,LTC,2,2023-07-01,2024-07-01,2024-02-22,3445,4.230687895891602,0.0362611842602129,-0.0165153703442703,0.15059965423365,0.0009251133540963
RF,LTC,2,2023-07-01,2024-07-01,2024-02-23,3446,4.231613009245699,0.0568665458078214,-0.0169255315903534,0.2120273352852262,0.0223964596535122
RF,LTC,2,2023-07-01,2024-07-01,2024-02-24,3447,4.254009468899211,0.0726791530738779,-0.0163650153652785,0.2937331648256807,-0.0043418404585731
RF,LTC,2,2023-07-01,2024-07-01,2024-02-25,3448,4.249667628440638,0.0894846410701264,-0.015523900493408,0.2575407176147806,0.026135466876477
RF,LTC,2,2023-07-01,2024-07-01,2024-02-26,3449,4.275803095317115,0.1018365368608691,-0.0158570581759888,0.2121077902168542,0.0287180079717073
RF,LTC,2,2023-07-01,2024-07-01,2024-02-27,3450,4.304521103288822,0.1033144992823338,-0.0139600977482712,0.1027004413452843,0.0075194599945476
RF,LTC,2,2023-07-01,2024-07-01,2024-02-28,3451,4.31204056328337,0.1068581776086112,-0.0128681692033164,0.1403276982217995,0.0692469868418825
RF,LTC,2,2023-07-01,2024-07-01,2024-02-29,3452,4.381287550125252,0.1108571845903192,0.024076727512192,0.0972763235413491,0.0623527944056725
RF,LTC,2,2023-07-01,2024-07-01,2024-03-01,3453,4.443640344530925,0.1124268772788203,0.0345586428642342,0.0408387194140082,0.1041022891939666
RF,LTC,2,2023-07-01,2024-07-01,2024-03-02,3454,4.547742633724892,0.1152493979923585,0.0628818578992574,-0.0385680430487385,-0.0405342876694732
RF,LTC,2,2023-07-01,2024-07-01,2024-03-03,3455,4.507208346055418,0.1122292517979524,0.049460052253805,-0.0354832352677521,-0.0192974605214493
RF,LTC,2,2023-07-01,2024-07-01,2024-03-04,3456,4.487910885533969,0.1156542168782115,0.0368836061448128,0.1544791117706072,-0.0806893408998625
RF,LTC,2,2023-07-01,2024-07-01,2024-03-05,3457,4.4072215446341065,0.1225499180433882,0.0244687447918695,0.1730205216791382,0.0451467168710628
RF,LTC,2,2023-07-01,2024-07-01,2024-03-06,3458,4.452368261505169,0.1262703674551817,0.0193338999441183,0.1256566357483448,0.0261956121614321
RF,LTC,2,2023-07-01,2024-07-01,2024-03-07,3459,4.478563873666602,0.1242786264533295,0.0196017700149424,0.0659657020273254,0.0059151902783316
RF,LTC,2,2023-07-01,2024-07-01,2024-03-08,3460,4.484479063944933,0.1160245579129508,0.0125227190780731,0.0121410157677352,0.0246955267312198
RF,LTC,2,2023-07-01,2024-07-01,2024-03-09,3461,4.509174590676153,0.0981847524629451,0.0072588338042084,-0.0767110176390728,-0.0374494798884867
RF,LTC,2,2023-07-01,2024-07-01,2024-03-10,3462,4.471725110787666,0.0862840261795607,0.0037833435036276,-0.0190358314648513,0.17066488651691
RF,LTC,2,2023-07-01,2024-07-01,2024-03-11,3463,4.642389997304576,0.0669239652979989,0.0419620159012683,-0.175192991169891,-0.0621479309913315
RF,LTC,2,2023-07-01,2024-07-01,2024-03-12,3464,4.580242066313245,0.0417789149193579,0.031734802267977,-0.2160437613567518,-0.0022171690597305
RF,LTC,2,2023-07-01,2024-07-01,2024-03-13,3465,4.578024897253514,0.023776603630659,0.0279328074605705,-0.137858882612547,-0.0334953215595872
RF,LTC,2,2023-07-01,2024-07-01,2024-03-14,3466,4.544529575693927,0.0083714970636519,0.0191863877545443,-0.093657823673297,-0.0479094959812584
RF,LTC,2,2023-07-01,2024-07-01,2024-03-15,3467,4.4966200797126685,-0.0061628882966262,0.0106959191740171,-0.0740333866762812,-0.0641565066755882
RF,LTC,2,2023-07-01,2024-07-01,2024-03-16,3468,4.43246357303708,-0.0115003591821167,0.0144217239313146,0.0151651684920031,0.0202257062857347
RF,LTC,2,2023-07-01,2024-07-01,2024-03-17,3469,4.452689279322815,-0.0109661199270147,0.0035364503788137,0.0436783642693949,0.0145077268118702
RF,LTC,2,2023-07-01,2024-07-01,2024-03-18,3470,4.467197006134685,-0.0095626183211052,0.0038729653842538,0.0406253342920983,-0.1029987011781923
RF,LTC,2,2023-07-01,2024-07-01,2024-03-19,3471,4.364198304956493,0.0076865563500465,0.0004301156489953,0.1987370535801771,0.0759677096844742
RF,LTC,2,2023-07-01,2024-07-01,2024-03-20,3472,4.440166014640967,0.0134890977388302,0.0344386535397253,0.0996708194412931,0.0107057373796628
RF,LTC,2,2023-07-01,2024-07-01,2024-03-21,3473,4.45087175202063,0.01975032067672,0.0236771707125585,0.0947513411492959,-0.0282850589842427
RF,LTC,2,2023-07-01,2024-07-01,2024-03-22,3474,4.422586693036387,0.0429268890705811,0.022966860113639,0.2711342626744955,0.025042048492696
RF,LTC,2,2023-07-01,2024-07-01,2024-03-23,3475,4.447628741529083,0.0583582931823345,0.0150456023858766,0.1857703667177688,0.0487389020631265
RF,LTC,2,2023-07-01,2024-07-01,2024-03-24,3476,4.49636764359221,0.069788216371398,0.0086103387818263,0.1593378782492216,0.0114546968345736
RF,LTC,2,2023-07-01,2024-07-01,2024-03-25,3477,4.507822340426784,0.0739505933330795,0.0154178177047099,0.0910816873619095,0.0551130181098864
RF,LTC,2,2023-07-01,2024-07-01,2024-03-26,3478,4.56293535853667,0.0777947010463986,0.0141350894250245,0.1081868150786462,-0.0230985244544097
RF,LTC,2,2023-07-01,2024-07-01,2024-03-27,3479,4.53983683408226,0.0769449596895217,0.0120883846060892,0.0509527966694642,0.0057862590876656
RF,LTC,2,2023-07-01,2024-07-01,2024-03-28,3480,4.545623093169926,0.0749295363313047,0.0084407329973529,0.0435039410382183,0.1480978625409568
RF,LTC,2,2023-07-01,2024-07-01,2024-03-29,3481,4.693720955710883,0.0589930012512178,0.0366343671465035,-0.1083102140524427,-0.0603218474640305
RF,LTC,2,2023-07-01,2024-07-01,2024-03-30,3482,4.633399108246852,0.0522538279907385,0.0313231927173929,-0.0133233222919182,0.0223064135945794
RF,LTC,2,2023-07-01,2024-07-01,2024-03-31,3483,4.655705521841432,0.0422455416184117,0.0282015421578526,-0.0388476174876437,-0.0568014940527383
RF,LTC,2,2023-07-01,2024-07-01,2024-04-01,3484,4.598904027788693,0.0408985123009033,0.0177585313382865,0.0388403904724823,0.0722181458266231
RF,LTC,2,2023-07-01,2024-07-01,2024-04-02,3485,4.671122173615316,0.0244676638421958,0.0419946775658527,-0.0912890453460679,-0.0803325428635917
RF,LTC,2,2023-07-01,2024-07-01,2024-04-03,3486,4.590789630751725,0.0150005609187786,0.032075204340121,-0.0191787056790841,-0.0016625965435803
RF,LTC,2,2023-07-01,2024-07-01,2024-04-04,3487,4.589127034208144,0.0095026483496098,0.0212996990819596,0.0028474924863353,-0.0037162925497042
RF,LTC,2,2023-07-01,2024-07-01,2024-04-05,3488,4.58541074165844,-0.0041816305223916,0.0143713515942439,-0.1279338199238635,0.0346650442964939
RF,LTC,2,2023-07-01,2024-07-01,2024-04-06,3489,4.620075785954934,-0.027786632017503,0.0082173083465795,-0.2684235345077495,-0.0032178816011461
RF,LTC,2,2023-07-01,2024-07-01,2024-04-07,3490,4.616857904353788,-0.0495189881553956,0.0097799338473254,-0.2359027243724254,0.0208865139073877
RF,LTC,2,2023-07-01,2024-07-01,2024-04-08,3491,4.637744418261176,-0.0772798402740146,0.0047648460277108,-0.2800982024072773,-0.0579112899919271
RF,LTC,2,2023-07-01,2024-07-01,2024-04-09,3492,4.579833128269248,-0.0949465846104828,0.0015071199955855,-0.1987795239037231,-0.0082222031966079
RF,LTC,2,2023-07-01,2024-07-01,2024-04-10,3493,4.57161092507264,-0.110969129100674,0.0006462986807992,-0.1874929728691201,0.0203636016218391
RF,LTC,2,2023-07-01,2024-07-01,2024-04-11,3494,4.59197452669448,-0.1286404910797651,-0.002433047364462,-0.2000051717062811,-0.1344976049599031
RF,LTC,2,2023-07-01,2024-07-01,2024-04-12,3495,4.457476921734576,-0.1358187531714447,-0.0038050190153744,-0.0641420909118606,-0.1058246702873919
RF,LTC,2,2023-07-01,2024-07-01,2024-04-13,3496,4.3516522514471845,-0.1273909246829854,-0.0091739745440929,0.0920812546776135,0.0293029285341779
RF,LTC,2,2023-07-01,2024-07-01,2024-04-14,3497,4.380955179981362,-0.1202369665244686,-0.0115170543237203,0.0518320564127527,-0.0233089641274641
RF,LTC,2,2023-07-01,2024-07-01,2024-04-15,3498,4.357646215853898,-0.1057081194279252,-0.0145696749852513,0.090493437976356,0.023407388511627
RF,LTC,2,2023-07-01,2024-07-01,2024-04-16,3499,4.381053604365525,-0.092391920185519,-0.0125328418176061,0.0628674539261311,0.003064347837995
RF,LTC,2,2023-07-01,2024-07-01,2024-04-17,3500,4.38411795220352,-0.0815865238848037,-0.0142006959822129,0.0366867194146109,0.0078514027846781
RF,LTC,2,2023-07-01,2024-07-01,2024-04-18,3501,4.391969354988198,-0.0692797180525524,-0.0138054933742125,0.0364410189802129,0.0013654758345174
RF,LTC,2,2023-07-01,2024-07-01,2024-04-19,3502,4.393334830822716,-0.0488256675743983,-0.0150954572487852,0.0839119874295493,0.0503986753020821
RF,LTC,2,2023-07-01,2024-07-01,2024-04-20,3503,4.443733506124798,-0.0448993387440435,-0.0119764862473463,-0.0143149534849724,-0.0109462697306828
RF,LTC,2,2023-07-01,2024-07-01,2024-04-21,3504,4.432787236394115,-0.0391920551982929,-0.0118430929002061,-0.0025416244972253,0.015352417436139
RF,LTC,2,2023-07-01,2024-07-01,2024-04-22,3505,4.448139653830254,-0.0369151487679513,-0.0112457856657054,-0.0231103900328948,-0.0042185955385978
RF,LTC,2,2023-07-01,2024-07-01,2024-04-23,3506,4.443921058291656,-0.0416703993234168,-0.0140408566605204,-0.0682229622447101,-0.0231163866735251
RF,LTC,2,2023-07-01,2024-07-01,2024-04-24,3507,4.420804671618131,-0.0412779540375876,-0.0160875514004458,-0.0375804625442501,0.00760570235028
RF,LTC,2,2023-07-01,2024-07-01,2024-04-25,3508,4.428410373968411,-0.0422205390127494,-0.0160829563257655,-0.0448502629606402,0.0488364442838538
RF,LTC,2,2023-07-01,2024-07-01,2024-04-26,3509,4.477246818252265,-0.0469436747618985,-0.0143050833516291,-0.0713799141990945,-0.0478282656124395
RF,LTC,2,2023-07-01,2024-07-01,2024-04-27,3510,4.4294185526398255,-0.0439614484419133,-0.0143589355618563,-0.0265232585088464,0.0008270592570642
RF,LTC,2,2023-07-01,2024-07-01,2024-04-28,3511,4.43024561189689,-0.0418511117341529,-0.0128477739441648,-0.0311704796928502,-0.0052163480995304
RF,LTC,2,2023-07-01,2024-07-01,2024-04-29,3512,4.425029263797359,-0.0403436422011722,-0.0171856750408948,-0.0332051433414664,-0.0493311677504131
RF,LTC,2,2023-07-01,2024-07-01,2024-04-30,3513,4.375698096046946,-0.0311157582020005,-0.0198588902857801,0.0165006827429667,0.0075261130269348
RF,LTC,2,2023-07-01,2024-07-01,2024-05-01,3514,4.383224209073881,-0.021444124336436,-0.0185989597388167,0.0190504504941788,0.0003359019338899
RF,LTC,2,2023-07-01,2024-07-01,2024-05-02,3515,4.383560111007771,-0.0092542917668563,-0.0193814177095004,0.0359576290288305,0.0223067930453995
RF,LTC,2,2023-07-01,2024-07-01,2024-05-03,3516,4.405866904053171,-0.0096192656726818,-0.0179185263494965,-0.0210076760755919,-0.0029716099221914
RF,LTC,2,2023-07-01,2024-07-01,2024-05-04,3517,4.402895294130979,-0.0069580599729395,-0.0177387976177906,-0.0041922523375728,-0.0038201619269395
RF,LTC,2,2023-07-01,2024-07-01,2024-05-05,3518,4.39907513220404,-0.0038303765923979,-0.0168172737541225,8.859487272161459e-05,-0.0072510117481465
RF,LTC,2,2023-07-01,2024-07-01,2024-05-06,3519,4.391824120455893,-0.0017633544026027,-0.0177136499246055,-0.0023088302931988,0.00037465833402
RF,LTC,2,2023-07-01,2024-07-01,2024-05-07,3520,4.392198778789913,-0.0049941690914483,-0.0166791997192569,-0.0261586634331472,0.0100758807781469
RF,LTC,2,2023-07-01,2024-07-01,2024-05-08,3521,4.40227465956806,-0.0022551774868118,-0.0160239592596522,0.0109420069726517,0.0172430804685417
RF,LTC,2,2023-07-01,2024-07-01,2024-05-09,3522,4.419517740036602,-0.0028668829871003,-0.0153603073637578,-0.0072324585315577,-0.034658512059023
RF,LTC,2,2023-07-01,2024-07-01,2024-05-10,3523,4.384859227977579,0.0076509711713335,-0.0155384974864277,0.04816330121304,0.0138438138158276
RF,LTC,2,2023-07-01,2024-07-01,2024-05-11,3524,4.398703041793406,0.0140995940104611,-0.0135176049085194,0.0305245818297263,0.0004606852833548
RF,LTC,2,2023-07-01,2024-07-01,2024-05-12,3525,4.399163727076761,0.015515104968534,-0.0149183426743901,0.0102496231288844,-0.009648436914067
RF,LTC,2,2023-07-01,2024-07-01,2024-05-13,3526,4.389515290162694,0.0260050848998627,-0.0149328610652213,0.0946272278773312,-0.0234751748059283
RF,LTC,2,2023-07-01,2024-07-01,2024-05-14,3527,4.366040115356766,0.0414017021405674,-0.0160344838178031,0.113716275742659,0.0471765511839459
RF,LTC,2,2023-07-01,2024-07-01,2024-05-15,3528,4.413216666540712,0.0439637393767462,-0.0131002425235715,0.0378097950606131,-0.0009313850356678
RF,LTC,2,2023-07-01,2024-07-01,2024-05-16,3529,4.412285281505044,0.045596268602269,-0.011760366121818,0.0352435149847965,0.0207372476855747
RF,LTC,2,2023-07-01,2024-07-01,2024-05-17,3530,4.433022529190619,0.0423828155372394,-0.0095984995677158,0.0094122983487023,-0.0037949055674859
RF,LTC,2,2023-07-01,2024-07-01,2024-05-18,3531,4.429227623623133,0.0394846688694929,-0.0117297489242996,0.0131984057304102,-0.019814273417487
RF,LTC,2,2023-07-01,2024-07-01,2024-05-19,3532,4.409413350205646,0.0380740676225883,-0.0133964920489576,0.0202113721101877,0.0747291678343797
RF,LTC,2,2023-07-01,2024-07-01,2024-05-20,3533,4.484142518040025,0.0321268495673336,0.0160658551979808,-0.0389981238688061,-0.0043861269406004
RF,LTC,2,2023-07-01,2024-07-01,2024-05-21,3534,4.479756391099425,0.0208514946272808,0.0109799903388492,-0.0561107163492557,-0.0287299294981
RF,LTC,2,2023-07-01,2024-07-01,2024-05-22,3535,4.451026461601325,0.0137356909353432,0.0084837509834725,-0.0264014265316561,-0.0034976651114844
RF,LTC,2,2023-07-01,2024-07-01,2024-05-23,3536,4.4475287964898405,0.0095392358888393,0.004389860462192,-0.0117321596665798,-0.0050939689505193
RF,LTC,2,2023-07-01,2024-07-01,2024-05-24,3537,4.442434827539321,0.0032324629747355,-0.0015800162179908,-0.0207246329812909,-8.798185778147172e-06
RF,LTC,2,2023-07-01,2024-07-01,2024-05-25,3538,4.442426029353543,-0.0020213408386426,-0.0006559603778351,-0.0183699689974927,-0.0128013070377095
RF,LTC,2,2023-07-01,2024-07-01,2024-05-26,3539,4.429624722315833,-0.0052081937808461,-0.0054766950490573,-0.01013665291633,0.0155196718553858
RF,LTC,2,2023-07-01,2024-07-01,2024-05-27,3540,4.445144394171219,-0.0116633847845903,-0.0058976010439923,-0.0287361067444269,-0.02149871942105
RF,LTC,2,2023-07-01,2024-07-01,2024-05-28,3541,4.423645674750169,-0.0104083931318221,-0.0088909904428543,0.0030609811944346,0.0009793603194996
RF,LTC,2,2023-07-01,2024-07-01,2024-05-29,3542,4.424625035069669,-0.0045765671829007,-0.008844051816556,0.0228748210452023,0.0111716017535918
RF,LTC,2,2023-07-01,2024-07-01,2024-05-30,3543,4.435796636823261,-0.0049813982401678,-0.0100968461427869,-0.0028259470529796,-0.0140864422652304
RF,LTC,2,2023-07-01,2024-07-01,2024-05-31,3544,4.42171019455803,-0.0093369840073638,-0.0116283629584516,-0.0385756228477287,0.0023458657980199
RF,LTC,2,2023-07-01,2024-07-01,2024-06-01,3545,4.42405606035605,-0.0150904865906484,-0.0120020206468066,-0.0421031474242079,-0.0045679909565468
RF,LTC,2,2023-07-01,2024-07-01,2024-06-02,3546,4.419488069399503,-0.0187726049586061,-0.0144204288935958,-0.0311066425538859,-0.003079781972711
RF,LTC,2,2023-07-01,2024-07-01,2024-06-03,3547,4.416408287426792,-0.0238202594882137,-0.0128631007321182,-0.0393649809396956,0.0102983685178115
RF,LTC,2,2023-07-01,2024-07-01,2024-06-04,3548,4.426706655944604,-0.0356403537302449,-0.0146700709711816,-0.0792462087985308,0.0207932001702673
RF,LTC,2,2023-07-01,2024-07-01,2024-06-05,3549,4.447499856114871,-0.0482265499299598,-0.0117988639972705,-0.0847909409180873,-0.0145291663445901
RF,LTC,2,2023-07-01,2024-07-01,2024-06-06,3550,4.432970689770281,-0.054295993988612,-0.0129269909225277,-0.0617112907611199,-0.0498361180599795
RF,LTC,2,2023-07-01,2024-07-01,2024-06-07,3551,4.383134571710301,-0.0562812570956374,-0.0126391156662245,-0.0323100279006363,-0.0011816587784592
RF,LTC,2,2023-07-01,2024-07-01,2024-06-08,3552,4.381952912931842,-0.0518871914768732,-0.0141031658259432,-0.0100217364476211,0.0064285139137751
RF,LTC,2,2023-07-01,2024-07-01,2024-06-09,3553,4.388381426845617,-0.0485769351206109,-0.0150487184630207,-0.0201249522073556,-0.0113381203585207
RF,LTC,2,2023-07-01,2024-07-01,2024-06-10,3554,4.377043306487097,-0.0484766926025912,-0.0156512067909455,-0.0381056741145569,-0.0295828593410236
RF,LTC,2,2023-07-01,2024-07-01,2024-06-11,3555,4.347460447146073,-0.0495428187959303,-0.0164438919177327,-0.062268791964529,0.0152484680507107
RF,LTC,2,2023-07-01,2024-07-01,2024-06-12,3556,4.362708915196784,-0.0521886821098869,-0.0153625904744342,-0.0626584360103716,0.0085504838123773
RF,LTC,2,2023-07-01,2024-07-01,2024-06-13,3557,4.371259399009161,-0.0545599745702327,-0.0149413722353153,-0.0576620028731476,-0.0204348551994959
RF,LTC,2,2023-07-01,2024-07-01,2024-06-14,3558,4.350824543809665,-0.0542010826504313,-0.0164227395170774,-0.0452150727789497,0.0211066326745559
RF,LTC,2,2023-07-01,2024-07-01,2024-06-15,3559,4.371931176484221,-0.0570520839431498,-0.0145755200826365,-0.060471225978989,-0.0036747018459593
RF,LTC,2,2023-07-01,2024-07-01,2024-06-16,3560,4.368256474638262,-0.0619039034337394,-0.0141167292197897,-0.0726033256346037,-0.029318842265722
RF,LTC,2,2023-07-01,2024-07-01,2024-06-17,3561,4.33893763237254,-0.0676864769605396,-0.016488084294506,-0.0948833893212608,-0.0537459771909958
RF,LTC,2,2023-07-01,2024-07-01,2024-06-18,3562,4.285191655181544,-0.0637155536824192,-0.0179189140026441,-0.0173860563556562,0.0148588240048681
RF,LTC,2,2023-07-01,2024-07-01,2024-06-19,3563,4.300050479186412,-0.0618429307340422,-0.0166278483756874,-0.0378834074285006,0.0135469169496014
RF,LTC,2,2023-07-01,2024-07-01,2024-06-20,3564,4.3135973961360135,-0.0565436770197989,-0.0175140671456235,-0.0214470185002344,-0.0079879251052981
RF,LTC,2,2023-07-01,2024-07-01,2024-06-21,3565,4.305609471030715,-0.0504280250534243,-0.0169229446476924,-0.018372521759062,0.0058504794745166
RF,LTC,2,2023-07-01,2024-07-01,2024-06-22,3566,4.311459950505232,-0.0410613632874934,-0.0172194260203193,0.0050119201058524,-0.0158068015015739
RF,LTC,2,2023-07-01,2024-07-01,2024-06-23,3567,4.295653149003658,-0.0278979185778167,-0.0197090830560313,0.025561330057962,-0.0515989059523791
RF,LTC,2,2023-07-01,2024-07-01,2024-06-24,3568,4.244054243051279,-0.01101789565989,-0.0213775004668516,0.0645982592875089,0.0237513557746087
RF,LTC,2,2023-07-01,2024-07-01,2024-06-25,3569,4.267805598825888,0.0050605807886512,-0.020980715160675,0.0611354370361247,-0.0056385270679761
RF,LTC,3,2024-07-01,2025-07-01,2024-07-01,3575,4.308652502338788,-0.0562096256198376,-0.0187996540846376,-0.136277542553052,0.0202885335232245
RF,LTC,3,2024-07-01,2025-07-01,2024-07-02,3576,4.328941035862012,-0.072991628956796,-0.017018666239266,-0.1496907785008572,-0.0512330937043685
RF,LTC,3,2024-07-01,2025-07-01,2024-07-03,3577,4.277707942157644,-0.0761465728975565,-0.022721619519159,-0.0739389058765658,-0.0984755562575818
RF,LTC,3,2024-07-01,2025-07-01,2024-07-04,3578,4.179232385900062,-0.0708058196019738,-0.0263084388380909,0.0319463434337317,-0.0539180978025282
RF,LTC,3,2024-07-01,2025-07-01,2024-07-05,3579,4.125314288097534,-0.0567084805678117,-0.0307511929153582,0.1127802871632637,0.0556710163874196
RF,LTC,3,2024-07-01,2025-07-01,2024-07-06,3580,4.180985304484953,-0.0445439605854378,-0.0163363723372474,0.0653827814027385,-0.0528472964738053
RF,LTC,3,2024-07-01,2025-07-01,2024-07-07,3581,4.128138008011148,-0.027121161191423,-0.023592346264631,0.1198836634950408,0.0442369517745877
RF,LTC,3,2024-07-01,2025-07-01,2024-07-08,3582,4.172374959785736,-0.0079049896688889,-0.016580029280705,0.1106024330359689,0.0068752975754193
RF,LTC,3,2024-07-01,2025-07-01,2024-07-09,3583,4.179250257361155,0.0125874647642856,-0.0164885840978844,0.1139649247934135,0.0245187789199228
RF,LTC,3,2024-07-01,2025-07-01,2024-07-10,3584,4.203769036281078,0.0247260539451774,-0.0162377791001605,0.0648151828638807,0.0074096930527156
RF,LTC,3,2024-07-01,2025-07-01,2024-07-11,3585,4.211178729333794,0.0354768425339919,-0.0162773318834607,0.0600592044304777,0.0269158459270038
RF,LTC,3,2024-07-01,2025-07-01,2024-07-12,3586,4.2380945752607975,0.0454630973884508,-0.0184986592964444,0.0586015850878984,0.0082735106268945
RF,LTC,3,2024-07-01,2025-07-01,2024-07-13,3587,4.246368085887692,0.0515605470639854,-0.0152048004248243,0.0450976153525175,0.0016535856184969
RF,LTC,3,2024-07-01,2025-07-01,2024-07-14,3588,4.248021671506189,0.0581542942569974,-0.0180092264640071,0.0558883473857294,0.0349557213155158
RF,LTC,3,2024-07-01,2025-07-01,2024-07-15,3589,4.282977392821705,0.0508450770657731,-0.015889486944597,-0.0159697445000954,0.010237789332864
RF,LTC,3,2024-07-01,2025-07-01,2024-07-16,3590,4.293215182154569,0.0453852491114847,-0.0156786691939065,-0.0037129041124339,-0.0246309630096099
RF,LTC,3,2024-07-01,2025-07-01,2024-07-17,3591,4.268584219144959,0.0402825722696178,-0.0175567013105691,-0.0024242013487434,0.0026537146193126
RF,LTC,3,2024-07-01,2025-07-01,2024-07-18,3592,4.271237933764271,0.0290404840730822,-0.0180315692044903,-0.039238586558711,0.0254582265844245
RF,LTC,3,2024-07-01,2025-07-01,2024-07-19,3593,4.296696160348696,0.0201899350692453,-0.0187325770243307,-0.0293356069724799,-0.0052304591084864
RF,LTC,3,2024-07-01,2025-07-01,2024-07-20,3594,4.2914657012402095,0.0129235255128543,-0.0188795164829222,-0.0236870433108071,0.0124443176517088
RF,LTC,3,2024-07-01,2025-07-01,2024-07-21,3595,4.303910018891918,0.0033546747847497,-0.0175151769161489,-0.0394227500137036,-0.036902370570309
RF,LTC,3,2024-07-01,2025-07-01,2024-07-22,3596,4.267007648321609,0.0082848518628733,-0.0188673688267116,0.0336663123131959,0.0224946297205255
RF,LTC,3,2024-07-01,2025-07-01,2024-07-23,3597,4.289502278042135,0.0040530285121151,-0.0181984732718957,-0.017217917810429,-0.0233422602459194
RF,LTC,3,2024-07-01,2025-07-01,2024-07-24,3598,4.266160017796215,0.0007655729647666,-0.0194880698879087,-0.0149481539916749,-0.0341606705906549
RF,LTC,3,2024-07-01,2025-07-01,2024-07-25,3599,4.23199934720556,0.0015512688093277,-0.0204784521501701,0.0102790349942676,0.0353612061706556
RF,LTC,3,2024-07-01,2025-07-01,2024-07-26,3600,4.267360553376216,-0.0103521635157752,-0.0175687016224638,-0.0931099176643632,0.0004181045531863
RF,LTC,3,2024-07-01,2025-07-01,2024-07-27,3601,4.267778657929402,-0.0238661373991782,-0.0173500749285381,-0.0994988443463524,-0.0032913890511876
RF,LTC,3,2024-07-01,2025-07-01,2024-07-28,3602,4.264487268878215,-0.0406426415902716,-0.0164555841091175,-0.1309841432103713,0.0361866917565905
RF,LTC,3,2024-07-01,2025-07-01,2024-07-29,3603,4.300673960634805,-0.0648497020839871,-0.0156753064593491,-0.2715191732365953,-0.0283896004030994
RF,LTC,3,2024-07-01,2025-07-01,2024-07-30,3604,4.272284360231706,-0.081950133212306,-0.0166242999792889,-0.2073108883525112,-0.0210724964271653
RF,LTC,3,2024-07-01,2025-07-01,2024-07-31,3605,4.25121186380454,-0.0995345596804275,-0.0170524781547209,-0.2261475428037327,-0.0089334816047124
RF,LTC,3,2024-07-01,2025-07-01,2024-08-01,3606,4.242278382199828,-0.1053155366178311,-0.0205017970878391,-0.1277464186143388,-0.0680277464879752
RF,LTC,3,2024-07-01,2025-07-01,2024-08-02,3607,4.174250635711853,-0.1054501999715755,-0.0248318767044114,-0.0676009839889593,-0.0059708221288028
RF,LTC,3,2024-07-01,2025-07-01,2024-08-03,3608,4.16827981358305,-0.1029891742590898,-0.027450092861939,-0.0545435862994159,-0.0347766879152064
RF,LTC,3,2024-07-01,2025-07-01,2024-08-04,3609,4.133503125667843,-0.0987662801855586,-0.0278481411717344,-0.0440541663960907,-0.1043483382696335
RF,LTC,3,2024-07-01,2025-07-01,2024-08-05,3610,4.02915478739821,-0.0885545615979612,-0.0332414505342157,0.0893441531811563,0.0358186844809846
RF,LTC,3,2024-07-01,2025-07-01,2024-08-06,3611,4.0649734718791946,-0.0747979409742125,-0.0276248322527706,0.0847014030906967,-0.0399091508783868
RF,LTC,3,2024-07-01,2025-07-01,2024-08-07,3612,4.025064321000808,-0.0542449303705394,-0.0290966643497586,0.1340894500162246,0.0894676425846814
RF,LTC,3,2024-07-01,2025-07-01,2024-08-08,3613,4.114531963585489,-0.0399805111092046,-0.0027945508826793,0.0641066279042181,-0.0078823118625956
RF,LTC,3,2024-07-01,2025-07-01,2024-08-09,3614,4.106649651722893,-0.0212972431235964,-0.0076311493045009,0.0915827083291667,0.0070865755607405
RF,LTC,3,2024-07-01,2025-07-01,2024-08-10,3615,4.113736227283634,-0.0008873992697999,-0.0079454703903225,0.0996292786580745,-0.0242872680118813
RF,LTC,3,2024-07-01,2025-07-01,2024-08-11,3616,4.089448959271753,0.0181543035913014,-0.0127183982988543,0.1059974907573382,0.0290499813076134
RF,LTC,3,2024-07-01,2025-07-01,2024-08-12,3617,4.118498940579366,0.0324591725694851,-0.0167287040034326,0.0767176243912421,0.0311759343905251
RF,LTC,3,2024-07-01,2025-07-01,2024-08-13,3618,4.149674874969891,0.0355173466393292,-0.0148903213765296,0.0166803936119679,0.009478896047141
RF,LTC,3,2024-07-01,2025-07-01,2024-08-14,3619,4.159153771017032,0.0356671270214725,-0.0172840903994647,0.0041173017119664,0.0194848204726749
RF,LTC,3,2024-07-01,2025-07-01,2024-08-15,3620,4.178638591489707,0.0307754945376261,-0.0182080131420381,-0.0224094067402873,0.0195937685623528
RF,LTC,3,2024-07-01,2025-07-01,2024-08-16,3621,4.19823236005206,0.0287539539539594,-0.0183195790337014,-0.0055391508000717,0.0151331458896484
RF,LTC,3,2024-07-01,2025-07-01,2024-08-17,3622,4.2133655059417086,0.0249213839778041,-0.016692043029249,-0.0149814143158044,-0.0179190559126176
RF,LTC,3,2024-07-01,2025-07-01,2024-08-18,3623,4.195446450029091,0.0190696370758827,-0.0179149626617845,-0.0234165049693064,-0.0002298850584825
RF,LTC,3,2024-07-01,2025-07-01,2024-08-19,3624,4.195216564970608,0.0086791420130438,-0.0170038736500535,-0.0493085276033404,-0.0288612963887491
RF,LTC,3,2024-07-01,2025-07-01,2024-08-20,3625,4.166355268581859,-0.0017209804439852,-0.0208593673390974,-0.0643230723616561,-0.0030841958528604
RF,LTC,3,2024-07-01,2025-07-01,2024-08-21,3626,4.163271072728999,-0.0075841734610735,-0.0204175047386131,-0.0393346974817747,-0.0070418879795788
RF,LTC,3,2024-07-01,2025-07-01,2024-08-22,3627,4.15622918474942,-0.0099625155480778,-0.0213862301087428,-0.0213237705002349,0.0364640245025684
RF,LTC,3,2024-07-01,2025-07-01,2024-08-23,3628,4.192693209251988,-0.0121527672742338,-0.0173775645161129,-0.0186825502292666,0.0056908823739156
RF,LTC,3,2024-07-01,2025-07-01,2024-08-24,3629,4.198384091625904,-0.0147220323141032,-0.0150850409162244,-0.0230921501270442,-0.0263541465661196
RF,LTC,3,2024-07-01,2025-07-01,2024-08-25,3630,4.172029945059784,-0.0160601266438975,-0.0186541783068096,-0.0205753143899425,-0.0261219076925165
RF,LTC,3,2024-07-01,2025-07-01,2024-08-26,3631,4.145908037367268,-0.0078539319818773,-0.0187397507837808,0.03322178586785,-0.0438758411470647
RF,LTC,3,2024-07-01,2025-07-01,2024-08-27,3632,4.102032196220203,0.0037870521948066,-0.0241441237984804,0.0634333696289113,0.0219041790270209
RF,LTC,3,2024-07-01,2025-07-01,2024-08-28,3633,4.123936375247224,0.0140634217030424,-0.0215852580388344,0.0570039193110503,0.010969039001961
RF,LTC,3,2024-07-01,2025-07-01,2024-08-29,3634,4.134905414249185,0.0236433141626735,-0.021079223374897,0.0559997663560807,0.0391052447735367
RF,LTC,3,2024-07-01,2025-07-01,2024-08-30,3635,4.174010659022722,0.0172462275439588,-0.0147709891770298,-0.0308440834437488,0.0012812824761381
RF,LTC,3,2024-07-01,2025-07-01,2024-08-31,3636,4.17529194149886,0.0079152677619553,-0.0158523172051498,-0.0467624124480714,-0.0238373108290179
RF,LTC,3,2024-07-01,2025-07-01,2024-09-01,3637,4.151454630669842,-6.197442767863492e-05,-0.0155382181595598,-0.0422960990231588,0.027675192565276
RF,LTC,3,2024-07-01,2025-07-01,2024-09-02,3638,4.179129823235118,-0.0108507280533292,-0.0137311388405051,-0.0614000520227717,-0.0136642573860035
RF,LTC,3,2024-07-01,2025-07-01,2024-09-03,3639,4.165465565849114,-0.0181007361019078,-0.0179172254426396,-0.0456734280619244,0.0154747287091598
RF,LTC,3,2024-07-01,2025-07-01,2024-09-04,3640,4.180940294558274,-0.0253388208532019,-0.0154305758443431,-0.0507916163960082,0.0099648860469914
RF,LTC,3,2024-07-01,2025-07-01,2024-09-05,3641,4.190905180605266,-0.0315100221045598,-0.0172064833645684,-0.0502319021033983,-0.0477386050262929
RF,LTC,3,2024-07-01,2025-07-01,2024-09-06,3642,4.143166575578973,-0.0223726769855314,-0.021879886796837,0.0309050223145073,-0.0146370465281844
RF,LTC,3,2024-07-01,2025-07-01,2024-09-07,3643,4.128529529050788,-0.0082284722627239,-0.0225379140165293,0.0607497994252277,-0.0193709974041054
RF,LTC,3,2024-07-01,2025-07-01,2024-09-08,3644,4.109158531646683,0.0001528949808813,-0.0243622096429196,0.0393062948082372,0.0085712395656631
RF,LTC,3,2024-07-01,2025-07-01,2024-09-09,3645,4.117729771212346,0.0044476582803092,-0.0247870052026875,0.0188101096667079,0.0020623665748438
RF,LTC,3,2024-07-01,2025-07-01,2024-09-10,3646,4.11979213778719,0.0112461897003326,-0.0256788628487913,0.0350702888679297,0.010356540375076
RF,LTC,3,2024-07-01,2025-07-01,2024-09-11,3647,4.130148678162266,0.0181274810924758,-0.0245408494440395,0.0405599824141376,0.0105246003396013
RF,LTC,3,2024-07-01,2025-07-01,2024-09-12,3648,4.140673278501867,0.024110189248212,-0.0222589351102282,0.040529817422529,0.0333983193916127
RF,LTC,3,2024-07-01,2025-07-01,2024-09-13,3649,4.17407159789348,0.0230201849072084,-0.0210571089348505,0.0045921219128075,0.0152077305825359
RF,LTC,3,2024-07-01,2025-07-01,2024-09-14,3650,4.189279328476016,0.0233795487368952,-0.0201489547255659,0.0145595731297039,-0.0408145020210959
RF,LTC,3,2024-07-01,2025-07-01,2024-09-15,3651,4.14846482645492,0.0357172270536141,-0.0217083692358845,0.079804775344102,-0.011924945575866
RF,LTC,3,2024-07-01,2025-07-01,2024-09-16,3652,4.136539880879054,0.0440813598596401,-0.0226710758271037,0.0685243462295988,0.0183225457760656
RF,LTC,3,2024-07-01,2025-07-01,2024-09-17,3653,4.15486242665512,0.0473391353232299,-0.0206241863420148,0.0456480671467529,0.0158462339212839
RF,LTC,3,2024-07-01,2025-07-01,2024-09-18,3654,4.170708660576404,0.0464880416091348,-0.0197056983134115,0.027817171546264,0.0104944353479927
RF,LTC,3,2024-07-01,2025-07-01,2024-09-19,3655,4.181203095924396,0.048659048065744,-0.0199581023641978,0.0458979208772145,-0.0025393761181087
RF,LTC,3,2024-07-01,2025-07-01,2024-09-20,3656,4.178663719806288,0.0562871850152406,-0.0198119685952492,0.0866633812899495,0.0251751817994323
RF,LTC,3,2024-07-01,2025-07-01,2024-09-21,3657,4.20383890160572,0.0561228159539384,-0.0183935197035895,0.0447130143398757,0.0244307001933021
RF,LTC,3,2024-07-01,2025-07-01,2024-09-22,3658,4.228269601799022,0.0499657874892829,-0.0177532354656879,0.0103834011764147,-0.0232053746903693
RF,LTC,3,2024-07-01,2025-07-01,2024-09-23,3659,4.205064227108653,0.0428289820590235,-0.019527674976167,-0.0030550582496706,-0.0045537333067802
RF,LTC,3,2024-07-01,2025-07-01,2024-09-24,3660,4.200510493801873,0.0316721892547491,-0.0195707036255344,-0.0506533626661642,-0.0019846616792049
RF,LTC,3,2024-07-01,2025-07-01,2024-09-25,3661,4.198525832122668,0.0190657972397136,-0.0197891237444904,-0.056117433489514,0.0285751846789432
RF,LTC,3,2024-07-01,2025-07-01,2024-09-26,3662,4.227101016801611,0.0019238766708342,-0.0165102668294001,-0.0767840620606135,0.0382260842946262
RF,LTC,3,2024-07-01,2025-07-01,2024-09-27,3663,4.265327101096237,-0.0154525727715801,-0.0109994772371369,-0.0918148946961903,-0.0167751851506414
RF,LTC,3,2024-07-01,2025-07-01,2024-09-28,3664,4.248551915945596,-0.0253934808476614,-0.0117097978678885,-0.0547821955175704,-0.0098989129701587
RF,LTC,3,2024-07-01,2025-07-01,2024-09-29,3665,4.238653002975437,-0.0303723959846351,-0.0112181389666535,-0.0329414108353987,-0.0366438341164547
RF,LTC,3,2024-07-01,2025-07-01,2024-09-30,3666,4.202009168858982,-0.0344174729086459,-0.015102477556927,-0.0311207496251721,-0.0521520377232738
RF,LTC,3,2024-07-01,2025-07-01,2024-10-01,3667,4.149857131135708,-0.0302789248093624,-0.0206186324847408,0.0344443499079272,-0.0074487325025547
RF,LTC,3,2024-07-01,2025-07-01,2024-10-02,3668,4.142408398633154,-0.026458241975753,-0.0193102079044789,0.0250152187018937,0.0079085561078438
RF,LTC,3,2024-07-01,2025-07-01,2024-10-03,3669,4.1503169547409975,-0.0235274298042558,-0.0201670551649491,0.0123653741613987,0.0231952516590494
RF,LTC,3,2024-07-01,2025-07-01,2024-10-04,3670,4.173512206400047,-0.0201174132637174,-0.0193513331090747,0.0086124802184128,0.0202575140279783
RF,LTC,3,2024-07-01,2025-07-01,2024-10-05,3671,4.193769720428025,-0.017922415513965,-0.0191389540554016,-0.00091275975862,0.0119418717120129
RF,LTC,3,2024-07-01,2025-07-01,2024-10-06,3672,4.205711592140038,-0.0224447028953296,-0.0181657263509497,-0.03507090901706,-0.0348231729062282
RF,LTC,3,2024-07-01,2025-07-01,2024-10-07,3673,4.17088841923381,-0.0146519443900396,-0.0209755649692071,0.0309027609449898,0.0134130618098256
RF,LTC,3,2024-07-01,2025-07-01,2024-10-08,3674,4.184301481043636,-0.0034155997607108,-0.0216774767226881,0.0765966892807279,-0.0168778637085882
RF,LTC,3,2024-07-01,2025-07-01,2024-10-09,3675,4.167423617335047,0.0100289542416707,-0.0224388252954894,0.0820740605144232,-0.0047412884326512
RF,LTC,3,2024-07-01,2025-07-01,2024-10-10,3676,4.162682328902396,0.0283994878401427,-0.0234161258743462,0.1242229261211962,0.0194423577160636
RF,LTC,3,2024-07-01,2025-07-01,2024-10-11,3677,4.18212468661846,0.043427211738936,-0.0229240968611057,0.1101101993468658,0.0107322740509454
RF,LTC,3,2024-07-01,2025-07-01,2024-10-12,3678,4.192856960669405,0.0589592189587726,-0.020787302749309,0.1229839840405864,-0.0222162775464269
RF,LTC,3,2024-07-01,2025-07-01,2024-10-13,3679,4.170640683122978,0.0771296603705327,-0.0227599260407545,0.1376360273321353,0.0311504970558216
RF,LTC,3,2024-07-01,2025-07-01,2024-10-14,3680,4.2017911801788,0.0787526473661186,-0.021516572508067,0.0570076996858199,0.0591069901455636
RF,LTC,3,2024-07-01,2025-07-01,2024-10-15,3681,4.260898170324364,0.0718146577470655,-0.0109899553408643,-0.013425462778402,-0.0114004924748929
RF,LTC,3,2024-07-01,2025-07-01,2024-10-16,3682,4.249497677849471,0.0653330380403884,-0.0120681418780781,0.0012296119936721,0.0374075771741218
RF,LTC,3,2024-07-01,2025-07-01,2024-10-17,3683,4.286905255023592,0.0562419135670193,-0.0070624363588666,-0.0230292457986296,0.0053296309417332
RF,LTC,3,2024-07-01,2025-07-01,2024-10-18,3684,4.292234885965326,0.0394041089885899,-0.009155942170307,-0.063270300666006,0.023606058744666
RF,LTC,3,2024-07-01,2025-07-01,2024-10-19,3685,4.315840944709992,0.0183702001618737,-0.0091769454387179,-0.0904844944131655,-0.007564234254878
RF,LTC,3,2024-07-01,2025-07-01,2024-10-20,3686,4.308276710455114,0.0065187099304058,-0.0128857894223088,-0.0444721841037543,-0.0494778305904937
RF,LTC,3,2024-07-01,2025-07-01,2024-10-21,3687,4.25879887986462,0.003518255648319,-0.018768666252012,-9.91412202768771e-05,-0.0113261723186584
RF,LTC,3,2024-07-01,2025-07-01,2024-10-22,3688,4.2474727075459615,0.0097736590186476,-0.0188671891591185,0.0562904635006855,0.0032545822971812
RF,LTC,3,2024-07-01,2025-07-01,2024-10-23,3689,4.250727289843143,0.0110917477079803,-0.0197777065850366,0.0237227915220428,0.01314871938182
RF,LTC,3,2024-07-01,2025-07-01,2024-10-24,3690,4.263876009224963,0.0048618099431578,-0.0188218638864237,-0.0268080498709917,-0.0349114239256431
RF,LTC,3,2024-07-01,2025-07-01,2024-10-25,3691,4.22896458529932,0.0067690209310731,-0.0202134795700803,0.0224827942730687,-0.0036081350024934
RF,LTC,3,2024-07-01,2025-07-01,2024-10-26,3692,4.225356450296826,0.0069663765129748,-0.0210912466078394,0.0106086819667678,0.0384480760545331
RF,LTC,3,2024-07-01,2025-07-01,2024-10-27,3693,4.263804526351359,-0.0049249616108761,-0.0156441808056447,-0.0604396193996734,-0.0051047877070162
RF,LTC,3,2024-07-01,2025-07-01,2024-10-28,3694,4.258699738644343,-0.0186188644249689,-0.017014100786762,-0.0767638687310263,0.045063432402304
RF,LTC,3,2024-07-01,2025-07-01,2024-10-29,3695,4.303763171046647,-0.0388990591380364,-0.0092912219905544,-0.1226222131326579,-0.0293130896814615
RF,LTC,3,2024-07-01,2025-07-01,2024-10-30,3696,4.274450081365186,-0.0399159959477444,-0.0141241227061135,-0.011440045742149,-0.0373821220112144
RF,LTC,3,2024-07-01,2025-07-01,2024-10-31,3697,4.237067959353971,-0.0338257361424503,-0.0153144049069217,0.0325415617098396,0.0143794202184173
RF,LTC,3,2024-07-01,2025-07-01,2024-11-01,3698,4.251447379572388,-0.0267110135481729,-0.0178715164392613,0.0363329622936499,-0.0154822473087943
RF,LTC,3,2024-07-01,2025-07-01,2024-11-02,3699,4.235965132263594,-0.013940940509082,-0.0203752289277865,0.0689578996906208,-0.0326002253119082
RF,LTC,3,2024-07-01,2025-07-01,2024-11-03,3700,4.203364906951686,0.0078584786397994,-0.0222159513217427,0.1342280717947979,-0.0214290370383691
RF,LTC,3,2024-07-01,2025-07-01,2024-11-04,3701,4.181935869913317,0.0373771975117493,-0.025470766097291,0.2015820571688191,-0.0007949119993275
RF,LTC,3,2024-07-01,2025-07-01,2024-11-05,3702,4.181140957913989,0.0598609807348955,-0.0234250987509379,0.1617662692050059,0.0818690777090473
RF,LTC,3,2024-07-01,2025-07-01,2024-11-06,3703,4.2630100356230365,0.0651163184788643,0.0015575648141491,0.0604272450735896,0.0065994854407742
RF,LTC,3,2024-07-01,2025-07-01,2024-11-07,3704,4.269609521063811,0.0760049493149503,5.222090903791803e-05,0.1379167206921403,0.0181708208022275
RF,LTC,3,2024-07-01,2025-07-01,2024-11-08,3705,4.287780341866038,0.0868303441475051,6.717839922973444e-05,0.1394534946621553,0.0171426900881765
RF,LTC,3,2024-07-01,2025-07-01,2024-11-09,3706,4.304923031954215,0.0977967334572644,-0.0034704732760037,0.2523318245227344,0.0326699467922688
RF,LTC,3,2024-07-01,2025-07-01,2024-11-10,3707,4.337592978746484,0.0981470904004533,-0.0051776515469292,0.1289643922694114,0.045924948335652
RF,LTC,3,2024-07-01,2025-07-01,2024-11-11,3708,4.383517927082136,0.0964457706833403,-0.0032647210128952,0.1071129533986301,-0.0406106999631408
RF,LTC,3,2024-07-01,2025-07-01,2024-11-12,3709,4.342907227118995,0.1000978662738942,-0.0042119482921727,0.1209358426632185,-0.0194699464223688
RF,LTC,3,2024-07-01,2025-07-01,2024-11-13,3710,4.323437280696626,0.1030245654751533,-0.0087425484893255,0.0998626321517699,0.0840889610593249
RF,LTC,3,2024-07-01,2025-07-01,2024-11-14,3711,4.407526241755951,0.1046438117482191,0.014796506068391,0.0871407312894483,0.0197075947722424
RF,LTC,3,2024-07-01,2025-07-01,2024-11-15,3712,4.427233836528194,0.10614959415848,0.0125646383302313,0.0953265041899209,0.1300210199487557
RF,LTC,3,2024-07-01,2025-07-01,2024-11-16,3713,4.557254856476949,0.1104741077996562,0.0335431165963946,0.0418086939540103,-0.090697485461054
RF,LTC,3,2024-07-01,2025-07-01,2024-11-17,3714,4.466557371015895,0.1185289229742521,0.0295116241391622,0.1076329427588635,0.0240735094648707
RF,LTC,3,2024-07-01,2025-07-01,2024-11-18,3715,4.490630880480766,0.1175211076681144,0.019342047379302,0.0351038340319993,-0.0267878106985524
RF,LTC,3,2024-07-01,2025-07-01,2024-11-19,3716,4.463843069782214,0.1177931323091936,0.0146536261280141,0.069238845681661,-0.0405431569338174
RF,LTC,3,2024-07-01,2025-07-01,2024-11-20,3717,4.423299912848396,0.1260031362190483,0.0052970527458103,0.154255690212997,0.0713670601970033
RF,LTC,3,2024-07-01,2025-07-01,2024-11-21,3718,4.494666973045399,0.1247717344916043,0.0306250996147477,0.0661364936971562,0.0278933676727151
RF,LTC,3,2024-07-01,2025-07-01,2024-11-22,3719,4.5225603407181145,0.1286767743008043,0.0238518413160328,0.1221734555833986,0.076503209712845
RF,LTC,3,2024-07-01,2025-07-01,2024-11-23,3720,4.59906355043096,0.123984071654565,0.0402466937366733,0.0324350658845533,-0.0248732366562007
RF,LTC,3,2024-07-01,2025-07-01,2024-11-24,3721,4.574190313774759,0.129549839225052,0.0369840233511526,0.212177432793708,-0.0484555992619935
RF,LTC,3,2024-07-01,2025-07-01,2024-11-25,3722,4.525734714512765,0.1469649490604601,0.0280245600520536,0.3666238002295738,0.0073472009511093
RF,LTC,3,2024-07-01,2025-07-01,2024-11-26,3723,4.533081915463875,0.1651296328714071,0.023119245739459,0.3481420212209016,0.0444736875975184
RF,LTC,3,2024-07-01,2025-07-01,2024-11-27,3724,4.577555603061393,0.1813240270128311,0.0223712609563261,0.3221286943626911,-0.0167521363188374
RF,LTC,3,2024-07-01,2025-07-01,2024-11-28,3725,4.560803466742556,0.2019826348353675,0.0191509023611861,0.3466150761006465,0.0839303295589575
RF,LTC,3,2024-07-01,2025-07-01,2024-11-29,3726,4.644733796301513,0.2147329855278101,0.0447221508465189,0.2696747603844835,-0.0132351799860002
RF,LTC,3,2024-07-01,2025-07-01,2024-11-30,3727,4.631498616315513,0.2263909781982924,0.0372279292256382,0.2652198312595883,0.1548691302529539
RF,LTC,3,2024-07-01,2025-07-01,2024-12-01,3728,4.786367746568467,0.2292544302479333,0.0545272033246771,0.1201990119359983,0.1059907681738723
RF,LTC,3,2024-07-01,2025-07-01,2024-12-02,3729,4.892358514742339,0.2080686343113047,0.0889889846092887,-0.1842538263031121,-0.0111345780575629
RF,LTC,3,2024-07-01,2025-07-01,2024-12-03,3730,4.881223936684776,0.1829701638537768,0.0816197435756738,-0.1819652280110304,0.0184603607393079
RF,LTC,3,2024-07-01,2025-07-01,2024-12-04,3731,4.899684297424084,0.1590184775681722,0.0765635269158672,-0.1329788083929282,0.007734245419118
RF,LTC,3,2024-07-01,2025-07-01,2024-12-05,3732,4.907418542843202,0.1331888303872146,0.0608440784926354,-0.1260549673863495,0.0069900138427945
RF,LTC,3,2024-07-01,2025-07-01,2024-12-06,3733,4.914408556685997,0.1091879247506542,0.0545129746099128,-0.0926707145563163,-0.0176901091108954
RF,LTC,3,2024-07-01,2025-07-01,2024-12-07,3734,4.896718447575101,0.082286619693038,0.0449181521119226,-0.1244721810344451,0.0098483109293638
RF,LTC,3,2024-07-01,2025-07-01,2024-12-08,3735,4.906566758504465,0.0569477939314291,0.0379268826203986,-0.1096278604792928,-0.1984620700652382
RF,LTC,3,2024-07-01,2025-07-01,2024-12-09,3736,4.708104688439227,0.0453660408153604,0.0231524866767854,0.063860078704665,-0.0088459797654811
RF,LTC,3,2024-07-01,2025-07-01,2024-12-10,3737,4.699258708673746,0.0428786162140024,0.0226904484643274,0.1271364412694344,0.0674467803574101
RF,LTC,3,2024-07-01,2025-07-01,2024-12-11,3738,4.766705489031156,0.0267967782756723,0.0413096455253318,-0.079577925613826,0.0146580864256966
RF,LTC,3,2024-07-01,2025-07-01,2024-12-12,3739,4.781363575456853,0.0042679446476068,0.0399506942553268,-0.1793413444550688,0.0403742666728277
RF,LTC,3,2024-07-01,2025-07-01,2024-12-13,3740,4.82173784212968,-0.0213665426845635,0.0413675167331564,-0.2030394289415413,-0.0494915755890241
RF,LTC,3,2024-07-01,2025-07-01,2024-12-14,3741,4.772246266540656,-0.0425483272248126,0.0300118670059148,-0.1525395345056512,0.0246926314845161
RF,LTC,3,2024-07-01,2025-07-01,2024-12-15,3742,4.796938898025172,-0.0679891588228462,0.0277725429738592,-0.196137678120686,-0.0249741308812803
RF,LTC,3,2024-07-01,2025-07-01,2024-12-16,3743,4.771964767143892,-0.079132516282697,0.01615398180828,-0.1034662417609171,0.0544303827992882
RF,LTC,3,2024-07-01,2025-07-01,2024-12-17,3744,4.82639514994318,-0.09481921057891,0.0213686373850668,-0.1412649153843199,-0.1392675865258503
RF,LTC,3,2024-07-01,2025-07-01,2024-12-18,3745,4.68712756341733,-0.0992062576465944,0.0081754633023067,0.0095086700052062,-0.0851053324155461
RF,LTC,3,2024-07-01,2025-07-01,2024-12-19,3746,4.602022231001784,-0.1031729546552524,-0.0019141380841221,0.0243386171088868,0.0166761821863552
RF,LTC,3,2024-07-01,2025-07-01,2024-12-20,3747,4.618698413188139,-0.1082198067276545,-0.0051090388009796,-0.0103934971666852,0.0010083188468659
RF,LTC,3,2024-07-01,2025-07-01,2024-12-21,3748,4.619706732035005,-0.1102391904615807,-0.0115405225960067,-0.0087067856709035,-0.0189055121305186
RF,LTC,3,2024-07-01,2025-07-01,2024-12-22,3749,4.600801219904486,-0.1107650827153472,-0.0151460624510511,-0.0130309896382794,0.0676973054784886
RF,LTC,3,2024-07-01,2025-07-01,2024-12-23,3750,4.668498525382975,-0.1177442234526173,-0.0016915004368624,-0.0702601151334665,0.0166317091758854
RF,LTC,3,2024-07-01,2025-07-01,2024-12-24,3751,4.68513023455886,-0.1180838298797501,-0.0024657596428199,-0.0497363027649466,0.0115059988636758
RF,LTC,3,2024-07-01,2025-07-01,2024-12-25,3752,4.696636233422536,-0.1157522783921578,-0.0074748074762905,-0.0444671245545711,-0.0702753853118656
RF,LTC,3,2024-07-01,2025-07-01,2024-12-26,3753,4.626360848110671,-0.1049762836032481,-0.0139901863405383,0.0284545731485428,-0.0180559320892168
RF,LTC,3,2024-07-01,2025-07-01,2024-12-27,3754,4.608304916021454,-0.0806018208495409,-0.0181405542733974,0.1163113507075772,0.0026950303426476
RF,LTC,3,2024-07-01,2025-07-01,2024-12-28,3755,4.610999946364101,-0.058703188867498,-0.0186199884599861,0.1000389803006118,-0.0232297160978944
RF,LTC,3,2024-07-01,2025-07-01,2024-12-29,3756,4.587770230266207,-0.0290026231228033,-0.0229102837110708,0.1612043939449137,0.0104681799833015
RF,LTC,3,2024-07-01,2025-07-01,2024-12-30,3757,4.598238410249508,-0.0042496282612489,-0.0217673419698828,0.1380541965023489,0.0371555215444052
RF,LTC,3,2024-07-01,2025-07-01,2024-12-31,3758,4.635393931793914,-0.0006222611653337,-0.0181477922983166,-0.0022390963868685,0.0167751770740514
RF,LTC,3,2024-07-01,2025-07-01,2025-01-01,3759,4.652169108867965,-0.0023012793760459,-0.0161871148436003,-0.0321233894337069,0.0026463123912483
RF,LTC,3,2024-07-01,2025-07-01,2025-01-02,3760,4.654815421259213,-0.0041899897198893,-0.0166836218227375,-0.0272425723122147,0.0698008454698175
RF,LTC,3,2024-07-01,2025-07-01,2025-01-03,3761,4.724616266729031,-0.0144547927429865,-0.0008312403303626,-0.0800645030058371,-0.0135773400643177
RF,LTC,3,2024-07-01,2025-07-01,2025-01-04,3762,4.711038926664713,-0.0219018668031605,2.2326480353643637e-05,-0.0630515942415819,0.0379356975464073
RF,LTC,3,2024-07-01,2025-07-01,2025-01-05,3763,4.748974624211121,-0.03728304017155,0.00276763182772,-0.1205527719530188,-0.0126820174592632
RF,LTC,3,2024-07-01,2025-07-01,2025-01-06,3764,4.736292606751857,-0.0554601722518501,-0.0048046722842676,-0.1466200806124273,-0.1031377713448122
RF,LTC,3,2024-07-01,2025-07-01,2025-01-07,3765,4.633154835407045,-0.0528092216517741,-0.0100228303296277,-0.0041344534187173,-0.0131091159727869
RF,LTC,3,2024-07-01,2025-07-01,2025-01-08,3766,4.620045719434258,-0.0364528889403015,-0.0124365766449939,0.1439283050917801,0.0075271295127405
RF,LTC,3,2024-07-01,2025-07-01,2025-01-09,3767,4.627572848946999,-0.0155444967052611,-0.0165024889619978,0.1951057782081564,0.0169789147761951
RF,LTC,3,2024-07-01,2025-07-01,2025-01-10,3768,4.644551763723194,0.0085432742386934,-0.016165672820808,0.275357877629947,0.0034355686999374
RF,LTC,3,2024-07-01,2025-07-01,2025-01-11,3769,4.647987332423131,0.0244576409989774,-0.0194088508706686,0.1835687623812951,-0.0195654801650295
RF,LTC,3,2024-07-01,2025-07-01,2025-01-12,3770,4.628421852258102,0.0366224821946286,-0.0193625720872682,0.119410411286406,-0.0387493261186717
RF,LTC,3,2024-07-01,2025-07-01,2025-01-13,3771,4.58967252613943,0.0564864193412644,-0.0221605219746862,0.184599553123796,0.0393478558488977
RF,LTC,3,2024-07-01,2025-07-01,2025-01-14,3772,4.629020381988328,0.0699971833635633,-0.0174069975871754,0.1492950947465088,0.1349536425377104
RF,LTC,3,2024-07-01,2025-07-01,2025-01-15,3773,4.763974024526038,0.0685084926615182,0.0080657311265084,-0.0169097978236392,0.0587046026291169
RF,LTC,3,2024-07-01,2025-07-01,2025-01-16,3774,4.822678627155155,0.0627974832606872,0.017628657162114,-0.0647223918013439,0.0972310141979857
RF,LTC,3,2024-07-01,2025-07-01,2025-01-17,3775,4.919909641353141,0.0534426760597828,0.0318734110283588,-0.1433479025168242,-0.0883535465487144
RF,LTC,3,2024-07-01,2025-07-01,2025-01-18,3776,4.8315560948044265,0.0563791497108994,0.0295500035737187,-0.0114110677660397,-0.0837238312599186
RF,LTC,3,2024-07-01,2025-07-01,2025-01-19,3777,4.747832263544508,0.0570624240736883,0.0190178884546207,0.0161060252606564,0.0264398157187182
RF,LTC,3,2024-07-01,2025-07-01,2025-01-20,3778,4.774272079263226,0.0518494425346549,0.0140635041124982,-0.0302211692431066,0.0040433974716105
RF,LTC,3,2024-07-01,2025-07-01,2025-01-21,3779,4.778315476734837,0.0394946360135124,0.0002980485725193,-0.0758368203258674,-0.0312512500324375
RF,LTC,3,2024-07-01,2025-07-01,2025-01-22,3780,4.747064226702399,0.0369663649971396,-0.0020944743296222,0.0038528960998425,0.0108920086514121
RF,LTC,3,2024-07-01,2025-07-01,2025-01-23,3781,4.757956235353811,0.0441632830653118,-0.0085923787796061,0.1088983810771955,0.0186055034825054
RF,LTC,3,2024-07-01,2025-07-01,2025-01-24,3782,4.776561738836317,0.0478639399132454,-0.0045955800132411,0.0755693710571341,0.0435832882020701
RF,LTC,3,2024-07-01,2025-07-01,2025-01-25,3783,4.820145027038387,0.03767814967249,0.0005016390998472,-0.041735168948719,-0.0562067382332225
RF,LTC,3,2024-07-01,2025-07-01,2025-01-26,3784,4.763938288805164,0.0276737522278223,-0.0030300485927153,-0.0681795794087243,-0.0198873787850448
RF,LTC,3,2024-07-01,2025-07-01,2025-01-27,3785,4.744050910020119,0.017493464082456,-0.0040406379003394,-0.0716630376872258,-0.0415722536111502
RF,LTC,3,2024-07-01,2025-07-01,2025-01-28,3786,4.702478656408969,0.0075595826274135,-0.013995146026979,-0.0829112665565157,0.0484384663932724
RF,LTC,3,2024-07-01,2025-07-01,2025-01-29,3787,4.7509171228022415,-0.0076365357613896,-0.0087045723172078,-0.1124311686553038,0.1159374936287651
RF,LTC,3,2024-07-01,2025-07-01,2025-01-30,3788,4.866854616431007,-0.0362565163169854,0.0189102635823144,-0.2449346257806492,-0.0147235065375559
RF,LTC,3,2024-07-01,2025-07-01,2025-01-31,3789,4.852131109893451,-0.0614077562623398,0.0154329515894833,-0.2153032794072249,-0.073721251803783
RF,LTC,3,2024-07-01,2025-07-01,2025-02-01,3790,4.778409858089668,-0.0751961405393562,0.0001836420689441,-0.1274530928403168,-0.0826511486932277
RF,LTC,3,2024-07-01,2025-07-01,2025-02-02,3791,4.69575870939644,-0.075947457714629,-0.0092932532633766,-0.0186521022684411,-0.0233708370635463
RF,LTC,3,2024-07-01,2025-07-01,2025-02-03,3792,4.6723878723328935,-0.0600386071787752,-0.0103468143944366,0.1157871671205148,-0.0528204824804401
RF,LTC,3,2024-07-01,2025-07-01,2025-02-04,3793,4.619567389852453,-0.0381083303406537,-0.0162437171285393,0.1653863958629893,0.0189185642944842
RF,LTC,3,2024-07-01,2025-07-01,2025-02-05,3794,4.638485954146938,-0.0150967611549068,-0.019928793420572,0.1658950456661614,-0.0165659634965802
RF,LTC,3,2024-07-01,2025-07-01,2025-02-06,3795,4.621919990650357,0.0144474207066291,-0.0201094035433603,0.2168808010948417,0.0149078398358684
RF,LTC,3,2024-07-01,2025-07-01,2025-02-07,3796,4.636827830486226,0.0402010912483818,-0.0213509922686943,0.1924993091660365,0.014128934763125
RF,LTC,3,2024-07-01,2025-07-01,2025-02-08,3797,4.650956765249351,0.0698198162486951,-0.0168326926051418,0.2456915702849711,0.0261498418786478
RF,LTC,3,2024-07-01,2025-07-01,2025-02-09,3798,4.677106607127999,0.0846627000926112,-0.0175496311388765,0.155632382878128,0.1110684323254096
RF,LTC,3,2024-07-01,2025-07-01,2025-02-10,3799,4.788175039453408,0.0824013637692919,0.0052419125333475,0.0183661554692129,-0.0032212537379656
RF,LTC,3,2024-07-01,2025-07-01,2025-02-11,3800,4.784953785715443,0.0863414506969881,0.0056500907818269,0.0786505039745693,0.0194272140976563
RF,LTC,3,2024-07-01,2025-07-01,2025-02-12,3801,4.804380999813099,0.0922127464937805,0.0029731028933715,0.1024829331826637,0.0344197919321001
RF,LTC,3,2024-07-01,2025-07-01,2025-02-13,3802,4.838800791745199,0.0884130836432595,0.0046397215616488,0.0333530762313687,-0.0094736520929368
RF,LTC,3,2024-07-01,2025-07-01,2025-02-14,3803,4.829327139652262,0.0826635330042027,-0.0020087245702715,0.0230958417528173,0.0673211958820596
RF,LTC,3,2024-07-01,2025-07-01,2025-02-15,3804,4.896648335534322,0.067381873388582,0.0190638502177536,-0.0598964835501352,-0.0639093455281951
RF,LTC,3,2024-07-01,2025-07-01,2025-02-16,3805,4.832738990006127,0.0660411941622287,0.005612352433753,0.0343482779587365,-0.0261977950835055
RF,LTC,3,2024-07-01,2025-07-01,2025-02-17,3806,4.806541194922621,0.0552613086229083,0.0010992871131999,-0.0663033214296096,0.0570630947673906
RF,LTC,3,2024-07-01,2025-07-01,2025-02-18,3807,4.863604289690012,0.036759525005471,0.0077396088827896,-0.1220298827561165,0.0432596433057508
RF,LTC,3,2024-07-01,2025-07-01,2025-02-19,3808,4.906863932995763,0.0224929148808419,0.0123571019182202,-0.0815808454884452,-0.0347100650191949
RF,LTC,3,2024-07-01,2025-07-01,2025-02-20,3809,4.872153867976568,0.015013002566711,0.0106894246956824,-0.0297771263734771,-0.0197308865714882
RF,LTC,3,2024-07-01,2025-07-01,2025-02-21,3810,4.85242298140508,0.0116966610958799,0.0006535426143754,-0.0006897715465674,-0.0156711294208928
RF,LTC,3,2024-07-01,2025-07-01,2025-02-22,3811,4.836751851984187,0.0074072784881291,-0.004641064669112,-0.0142956909354818,0.0303354159806765
RF,LTC,3,2024-07-01,2025-07-01,2025-02-23,3812,4.867087267964863,0.0021971994151339,-0.0071808970052067,-0.0190109958903592,-0.1268493944718516
RF,LTC,3,2024-07-01,2025-07-01,2025-02-24,3813,4.740237873493012,-0.0013194773015348,-0.0155936535112605,-0.0402136414323432,0.0013365334408836
RF,LTC,3,2024-07-01,2025-07-01,2025-02-25,3814,4.741574406933895,-0.0091435920225686,-0.0176674979618637,-0.0999822733090294,0.0837086805734221
RF,LTC,3,2024-07-01,2025-07-01,2025-02-26,3815,4.825283087507318,-0.0267891268572713,0.0035087982315868,-0.1738776311489784,0.0170936540957731
RF,LTC,3,2024-07-01,2025-07-01,2025-02-27,3816,4.842376741603091,-0.0484013557257378,0.0046187608819562,-0.2037901374667008,0.0093564682554214
RF,LTC,3,2024-07-01,2025-07-01,2025-02-28,3817,4.851733209858512,-0.0714741006433907,0.0058551827167664,-0.2123370517615885,-0.0292770488098073
RF,LTC,3,2024-07-01,2025-07-01,2025-03-01,3818,4.822456161048705,-0.0921607335307097,-0.0020596321719596,-0.1950094750193836,0.0256201110257991
RF,LTC,3,2024-07-01,2025-07-01,2025-03-02,3819,4.848076272074504,-0.1216070819966415,-0.0024232417343004,-0.2997829520761659,-0.1480520400138356
RF,LTC,3,2024-07-01,2025-07-01,2025-03-03,3820,4.700024232060668,-0.1446549160287507,-0.0130896860665771,-0.2277229036181491,-0.0584320984358024
RF,LTC,3,2024-07-01,2025-07-01,2025-03-04,3821,4.641592133624866,-0.1583174620374663,-0.0223550736596791,-0.1380924144013411,0.0098133227334731
RF,LTC,3,2024-07-01,2025-07-01,2025-03-05,3822,4.651405456358339,-0.1689383341972803,-0.0201514803909061,-0.1351795555947186,-0.0128188522219492
RF,LTC,3,2024-07-01,2025-07-01,2025-03-06,3823,4.63858660413639,-0.180072472956442,-0.0267044927284144,-0.160903232450889,0.0008095539605337
RF,LTC,3,2024-07-01,2025-07-01,2025-03-07,3824,4.639396158096924,-0.1832138996987362,-0.0209909300098948,-0.1248740475385004,-0.0119494720676023
RF,LTC,3,2024-07-01,2025-07-01,2025-03-08,3825,4.627446686029321,-0.1810392438495336,-0.0233221637783318,-0.0997997566860009,-0.0791533660309831
RF,LTC,3,2024-07-01,2025-07-01,2025-03-09,3826,4.548293319998338,-0.1745861791259972,-0.0290597702296363,-0.044609413057536,-0.0759919915558189
RF,LTC,3,2024-07-01,2025-07-01,2025-03-10,3827,4.472301328442519,-0.1573326317896404,-0.031568359073797,0.0534318166386107,0.0311983907810056
RF,LTC,3,2024-07-01,2025-07-01,2025-03-11,3828,4.503499719223525,-0.1457258647282282,-0.0249957531951086,-0.0027716373475694,0.0127261815400956
RF,LTC,3,2024-07-01,2025-07-01,2025-03-12,3829,4.5162259007636205,-0.1271822043064228,-0.0242802036527478,0.0276053924165422,-0.0385425290781196
RF,LTC,3,2024-07-01,2025-07-01,2025-03-13,3830,4.477683371685501,-0.1050817609828014,-0.0258897859645628,0.0579504732808455,0.0368387388729223
RF,LTC,3,2024-07-01,2025-07-01,2025-03-14,3831,4.514522110558423,-0.0928208533211192,-0.0224729306652402,-0.0043952103675666,0.0131248187848971
RF,LTC,3,2024-07-01,2025-07-01,2025-03-15,3832,4.52764692934332,-0.0817221096095952,-0.0211315624026707,-0.013961250204109,-0.0239630224025182
RF,LTC,3,2024-07-01,2025-07-01,2025-03-16,3833,4.503683906940802,-0.0671140440068223,-0.0240542007767409,0.0117295209563161,0.0220492381403278
RF,LTC,3,2024-07-01,2025-07-01,2025-03-17,3834,4.52573314508113,-0.0526588243804742,-0.0257592316594012,0.0140929382142251,-0.0250050632051745
RF,LTC,3,2024-07-01,2025-07-01,2025-03-18,3835,4.500728081875955,-0.0339033698412309,-0.0284422181971433,0.0473377139019239,0.0431032113042073
RF,LTC,3,2024-07-01,2025-07-01,2025-03-19,3836,4.543831293180163,-0.0280145036200352,-0.0229528108949733,-0.0183891137178218,-0.0081974482138162
RF,LTC,3,2024-07-01,2025-07-01,2025-03-20,3837,4.5356338449663465,-0.020505050108448,-0.02397808817009,-0.00493423395503,-0.0255069447754898
RF,LTC,3,2024-07-01,2025-07-01,2025-03-21,3838,4.510126900190857,-0.0206379554351618,-0.0245112284557107,-0.0396701842513591,0.0035587789483546
RF,LTC,3,2024-07-01,2025-07-01,2025-03-22,3839,4.513685679139211,-0.0253214218235804,-0.026500165440053,-0.0657688588363614,0.001727748757907
RF,LTC,3,2024-07-01,2025-07-01,2025-03-23,3840,4.515413427897118,-0.0294267671823584,-0.0273647341200324,-0.0610257676383438,0.0244126553982368
RF,LTC,3,2024-07-01,2025-07-01,2025-03-24,3841,4.539826083295355,-0.0431707733165431,-0.0256591417904854,-0.1205819343855978,0.0082397124825241
RF,LTC,3,2024-07-01,2025-07-01,2025-03-25,3842,4.548065795777879,-0.0546964476705058,-0.0262872639862885,-0.11144654309836,-0.0226236163155384
RF,LTC,3,2024-07-01,2025-07-01,2025-03-26,3843,4.525442179462341,-0.0661877029216038,-0.0282086102827377,-0.1216677442059257,0.0052574315489755
RF,LTC,3,2024-07-01,2025-07-01,2025-03-27,3844,4.5306996110113165,-0.074632276468157,-0.0276416097580647,-0.1079501993855638,-0.060242895071819
RF,LTC,3,2024-07-01,2025-07-01,2025-03-28,3845,4.4704567159394974,-0.0688684675641875,-0.0304746839487221,-0.0346793291659324,-0.0225398956366476
RF,LTC,3,2024-07-01,2025-07-01,2025-03-29,3846,4.44791682030285,-0.0635122520141013,-0.0305487281149504,-0.0325586994655857,0.0064708399559245
RF,LTC,3,2024-07-01,2025-07-01,2025-03-30,3847,4.454387660258774,-0.0700102396932269,-0.030819559219448,-0.1997890376330566,-0.035143511349017
RF,LTC,3,2024-07-01,2025-07-01,2025-03-31,3848,4.419244148909757,-0.0730663075244733,-0.0308162856420964,-0.1570550375619692,0.017375103769762
RF,LTC,3,2024-07-01,2025-07-01,2025-04-01,3849,4.436619252679519,-0.08336297000855,-0.0289525250888637,-0.2011624832716538,-0.0328448174231041
RF,LTC,3,2024-07-01,2025-07-01,2025-04-02,3850,4.403774435256415,-0.0817431782195994,-0.0305198403862437,-0.072885607951858,0.0189749763693374
RF,LTC,3,2024-07-01,2025-07-01,2025-04-03,3851,4.422749411625753,-0.0868060561249706,-0.0300648515678945,-0.1224097542828817,0.0130279751478123
RF,LTC,3,2024-07-01,2025-07-01,2025-04-04,3852,4.435777386773565,-0.0921568915207897,-0.0291390554499711,-0.1022293517275017,-0.0204192659363009
RF,LTC,3,2024-07-01,2025-07-01,2025-04-05,3853,4.415358120837264,-0.0907285394051129,-0.0306520233251875,-0.0510255592147332,-0.1607594982115463
RF,LTC,3,2024-07-01,2025-07-01,2025-04-06,3854,4.254598622625718,-0.0794860700680475,-0.0343917992224853,0.0993403247189093,0.0075904887220703
RF,LTC,3,2024-07-01,2025-07-01,2025-04-07,3855,4.262189111347788,-0.0671427399566289,-0.0336142581803188,0.0826084321438545,-0.0267323419399225
RF,LTC,3,2024-07-01,2025-07-01,2025-04-08,3856,4.2354567694078655,-0.0537834289386642,-0.0337758268246663,0.0874251980292681,0.0954320578966916
RF,LTC,3,2024-07-01,2025-07-01,2025-04-09,3857,4.330888827304557,-0.0492394896223773,-0.0111902385939931,-0.0226211515529719,-0.0305491699616862
RF,LTC,3,2024-07-01,2025-07-01,2025-04-10,3858,4.300339657342871,-0.0404443125717755,-0.0151515967653724,0.0155498891266052,0.0332083777031924
RF,LTC,3,2024-07-01,2025-07-01,2025-04-11,3859,4.333548035046063,-0.0316273512999254,-0.0147881218226085,-0.0029718123973436,0.0307845265764674
RF,LTC,3,2024-07-01,2025-07-01,2025-04-12,3860,4.364332561622531,-0.025746384522689,-0.015277943856557,-0.0319319830572597,-0.0103936142779037
RF,LTC,3,2024-07-01,2025-07-01,2025-04-13,3861,4.353938947344627,-0.0161682738936823,-0.0154369848286359,-0.0004585499933185,-0.0091414038529844
RF,LTC,3,2024-07-01,2025-07-01,2025-04-14,3862,4.344797543491643,-0.0060263902803114,-0.0166677589264532,0.0125172451801303,-0.0219155760545088
RF,LTC,3,2024-07-01,2025-07-01,2025-04-15,3863,4.322881967437134,0.0124376330776874,-0.0221698010705455,0.1008658850200987,-0.0146142916855485
RF,LTC,3,2024-07-01,2025-07-01,2025-04-16,3864,4.308267675751585,0.0319046981677271,-0.0269978147290072,0.1132819228116313,0.0076218707178909
RF,LTC,3,2024-07-01,2025-07-01,2025-04-17,3865,4.315889546469476,0.0508356833294376,-0.0243484608361879,0.1188681426554794,0.0146866761792434
RF,LTC,3,2024-07-01,2025-07-01,2025-04-18,3866,4.33057622264872,0.0689999951224518,-0.0212684018975766,0.1275782482334246,0.0018243559165513
RF,LTC,3,2024-07-01,2025-07-01,2025-04-19,3867,4.332400578565271,0.086513788287486,-0.0204437166723347,0.1347342429592268,0.0210798187860374
RF,LTC,3,2024-07-01,2025-07-01,2025-04-20,3868,4.3534803973513085,0.0948958534505912,-0.0166011286092171,0.0954411913349764,0.0038343913204643
RF,LTC,3,2024-07-01,2025-07-01,2025-04-21,3869,4.357314788671773,0.1015946457396266,-0.0184633865520245,0.0939052487322378,0.0664330637854595
RF,LTC,3,2024-07-01,2025-07-01,2025-04-22,3870,4.4237478524572325,0.0996653225814316,0.004243030834702,0.0244368798419234,-0.0021982538940159
RF,LTC,3,2024-07-01,2025-07-01,2025-04-23,3871,4.4215495985632165,0.0914700093583933,0.0066116412120089,0.0034582883313927,0.0132080905617391
RF,LTC,3,2024-07-01,2025-07-01,2025-04-24,3872,4.434757689124956,0.0890143735162993,0.003303464182344,0.0530427840565126,0.0233967817571887
RF,LTC,3,2024-07-01,2025-07-01,2025-04-25,3873,4.458154470882144,0.0817335494286988,-0.0023311735338357,0.0191759279482628,0.0089803506423535
RF,LTC,3,2024-07-01,2025-07-01,2025-04-26,3874,4.467134821524498,0.0705698366448048,-0.0094472968121709,-0.0050020398394874,-0.0182132328382129
RF,LTC,3,2024-07-01,2025-07-01,2025-04-27,3875,4.448921588686285,0.0602501313771348,-0.0086636233387384,-0.0059887125599233,0.0022984487177257
RF,LTC,3,2024-07-01,2025-07-01,2025-04-28,3876,4.451220037404011,0.0465811613537949,-0.0097171065381867,-0.0279309229623558,-0.0030353051048548
RF,LTC,3,2024-07-01,2025-07-01,2025-04-29,3877,4.448184732299156,0.0461459195668352,-0.011993961261678,0.0720972318096677,-0.0231768454045466
RF,LTC,3,2024-07-01,2025-07-01,2025-04-30,3878,4.425007886894609,0.049108658774112,-0.0161219841825888,0.0686580714977598,0.062792586286859
RF,LTC,3,2024-07-01,2025-07-01,2025-05-01,3879,4.487800473181468,0.0494563832702912,0.0082636174648968,0.0629320242944446,-0.010470074351061
RF,LTC,3,2024-07-01,2025-07-01,2025-05-02,3880,4.477330398830407,0.0566942259617953,0.0072541050766346,0.1322351730950863,-0.0151976171453966
RF,LTC,3,2024-07-01,2025-07-01,2025-05-03,3881,4.4621327816850105,0.071566573560645,-0.0004442403576548,0.1941472635935168,-0.0191999055586489
RF,LTC,3,2024-07-01,2025-07-01,2025-05-04,3882,4.442932876126362,0.0842601843620762,-0.0041939584276697,0.1619767320910492,-0.0196437616847067
RF,LTC,3,2024-07-01,2025-07-01,2025-05-05,3883,4.423289114441655,0.1047002043394664,-0.0117608836008593,0.2204251072766005,0.0969928496671688
RF,LTC,3,2024-07-01,2025-07-01,2025-05-06,3884,4.520281964108824,0.1131643347283137,0.0225420221392179,0.1198637155123094,-0.0266160057164546
RF,LTC,3,2024-07-01,2025-07-01,2025-05-07,3885,4.493665958392369,0.1199329438303919,0.0169767425446019,0.1226824389687362,0.0570665390835438
RF,LTC,3,2024-07-01,2025-07-01,2025-05-08,3886,4.550732497475913,0.1172571705643878,0.0174530938500263,0.0458839824797934,0.0588330744495806
RF,LTC,3,2024-07-01,2025-07-01,2025-05-09,3887,4.6095655719254935,0.1086490008311935,0.0309387810797003,-0.0096507943610077,0.0467144733530338
RF,LTC,3,2024-07-01,2025-07-01,2025-05-10,3888,4.656280045278527,0.0890656651292642,0.0298068644399731,-0.0889037587953511,-0.0513704370611165
RF,LTC,3,2024-07-01,2025-07-01,2025-05-11,3889,4.604909608217411,0.0827634063466247,0.0277998942436315,0.0119790618961399,0.0388046135008446
RF,LTC,3,2024-07-01,2025-07-01,2025-05-12,3890,4.643714221718255,0.0671253369327136,0.0226133311845209,-0.0552439086140807,-0.0035685420971223
RF,LTC,3,2024-07-01,2025-07-01,2025-05-13,3891,4.640145679621133,0.0454728169260283,0.0166968161465957,-0.0926120257601033,-0.0237972822600278
RF,LTC,3,2024-07-01,2025-07-01,2025-05-14,3892,4.616348397361105,0.0320757577802277,0.0146300270467491,-0.0389547656347488,-0.0197319174053989
RF,LTC,3,2024-07-01,2025-07-01,2025-05-15,3893,4.596616479955706,0.0269442217484394,0.0105337663862344,0.0113729094935557,0.0032982976087794
RF,LTC,3,2024-07-01,2025-07-01,2025-05-16,3894,4.599914777564486,0.0150468963372318,0.0041631587935683,-0.0445623259041685,-0.0325384910813095
RF,LTC,3,2024-07-01,2025-07-01,2025-05-17,3895,4.567376286483176,0.0095038309921315,0.0056885611270117,-0.0063054367443076,0.0495123836303745
RF,LTC,3,2024-07-01,2025-07-01,2025-05-18,3896,4.616888670113551,-0.0039058212576721,0.0079282535209117,-0.0561120811904514,-0.0284183570093761
RF,LTC,3,2024-07-01,2025-07-01,2025-05-19,3897,4.588470313104175,-0.0133353942814435,0.0084097838632187,-0.0344964124344944,-0.0409366592431448
RF,LTC,3,2024-07-01,2025-07-01,2025-05-20,3898,4.54753365386103,-0.0144146019162629,0.0069913341676045,0.016447544079682,0.0298599778653265
RF,LTC,3,2024-07-01,2025-07-01,2025-05-21,3899,4.577393631726356,-0.0207798799192673,0.0042404797425649,-0.020311513448048,0.0305957577229056
RF,LTC,3,2024-07-01,2025-07-01,2025-05-22,3900,4.607989389449262,-0.0348781234622608,0.0054583448360625,-0.0744354470637107,-0.0526369377889448
RF,LTC,3,2024-07-01,2025-07-01,2025-05-23,3901,4.555352451660317,-0.0458154074163559,0.0022758681858407,-0.1049489799363021,0.0057183980785513
RF,LTC,3,2024-07-01,2025-07-01,2025-05-24,3902,4.561070849738869,-0.0553422492019359,0.0005992410768889,-0.0936938803608615,-0.0002942608157692
RF,LTC,3,2024-07-01,2025-07-01,2025-05-25,3903,4.560776588923099,-0.06242274748843,-0.0014035489114414,-0.0790238831486576,-0.0068026882534191
RF,LTC,3,2024-07-01,2025-07-01,2025-05-26,3904,4.55397390066968,-0.0656502848043976,-0.0024500288865432,-0.0581716627655728,0.0100072972710316
RF,LTC,3,2024-07-01,2025-07-01,2025-05-27,3905,4.563981197940712,-0.0704181942688046,-0.0026902896146417,-0.0690500294020628,-0.0068990796624035
RF,LTC,3,2024-07-01,2025-07-01,2025-05-28,3906,4.557082118278308,-0.0759349546048122,-0.0037754114640262,-0.0787799579068941,-0.023528175892757
RF,LTC,3,2024-07-01,2025-07-01,2025-05-29,3907,4.533553942385551,-0.0828781014703112,-0.0087256164671419,-0.1057646878637115,-0.0831504706615362
RF,LTC,3,2024-07-01,2025-07-01,2025-05-30,3908,4.450403471724015,-0.0773791222120001,-0.017587113690438,0.0183935014977372,0.0169734976539919
RF,LTC,3,2024-07-01,2025-07-01,2025-05-31,3909,4.467376969378007,-0.0704714478858026,-0.0141889940539231,0.0142156080240694,0.0143757363964347
RF,LTC,3,2024-07-01,2025-07-01,2025-06-01,3910,4.481752705774442,-0.0665045633157443,-0.0143835768633996,-0.012884120757838,0.0140495321296656
RF,LTC,3,2024-07-01,2025-07-01,2025-06-02,3911,4.495802237904107,-0.0575061433605403,-0.0158033577280711,0.0124285502839525,-0.0008710693654583
RF,LTC,3,2024-07-01,2025-07-01,2025-06-03,3912,4.494931168538649,-0.0439565533985888,-0.0154928631301167,0.0405350788744254,-0.0166290081672348
RF,LTC,3,2024-07-01,2025-07-01,2025-06-04,3913,4.478302160371414,-0.0310940487181925,-0.0204715118917171,0.03886544598903,-0.0505129058495743
RF,LTC,3,2024-07-01,2025-07-01,2025-06-05,3914,4.42778925452184,-0.0217275556435554,-0.0241737214897073,0.0318036623380475,0.0410077186999124
RF,LTC,3,2024-07-01,2025-07-01,2025-06-06,3915,4.468796973221752,-0.0196229548452402,-0.0210488197005082,-0.0081594603659755,0.0127956041803241
RF,LTC,3,2024-07-01,2025-07-01,2025-06-07,3916,4.481592577402076,-0.0218984140839202,-0.0209956117435918,-0.0359552405496064,-0.0127239923854727
RF,LTC,3,2024-07-01,2025-07-01,2025-06-08,3917,4.468868585016604,-0.0198451462834485,-0.0227573885878431,-0.0107189748693237,0.0393622031714562
RF,LTC,3,2024-07-01,2025-07-01,2025-06-09,3918,4.50823078818806,-0.0231377722444321,-0.0203258055568648,-0.0440908312683543,0.0272354592250145
RF,LTC,3,2024-07-01,2025-07-01,2025-06-10,3919,4.5354662474130745,-0.0356606209639904,-0.0207869575622507,-0.1005260991757088,-0.0182986410526302
RF,LTC,3,2024-07-01,2025-07-01,2025-06-11,3920,4.517167606360444,-0.0427822299870745,-0.0198464737507574,-0.0737345976997518,-0.0575746895005568
RF,LTC,3,2024-07-01,2025-07-01,2025-06-12,3921,4.459592916859887,-0.0401503978302884,-0.02725947853408,-0.0154379159282855,0.0010445959958893
RF,LTC,3,2024-07-01,2025-07-01,2025-06-13,3922,4.460637512855777,-0.0422490673906983,-0.0274702504279674,-0.0430536950537323,-0.0150001760033067
RF,LTC,3,2024-07-01,2025-07-01,2025-06-14,3923,4.44563733685247,-0.0469371174473129,-0.0290418362485959,-0.0621604527241723,0.0125122732948099
RF,LTC,3,2024-07-01,2025-07-01,2025-06-15,3924,4.45814961014728,-0.0532822930033276,-0.0268306515038645,-0.0743988842650491,0.0059903467724256
RF,LTC,3,2024-07-01,2025-07-01,2025-06-16,3925,4.4641399569197056,-0.0505867327559155,-0.0252905656792441,-0.0200510101081423,-0.0291998086823399
RF,LTC,3,2024-07-01,2025-07-01,2025-06-17,3926,4.434940148237366,-0.0428245742994324,-0.0288398646180799,0.0053960058666362,0.0084928604233267
RF,LTC,3,2024-07-01,2025-07-01,2025-06-18,3927,4.443433008660692,-0.0369912898607918,-0.0272582374182914,-0.0047252078683204,0.0007219922709094
RF,LTC,3,2024-07-01,2025-07-01,2025-06-19,3928,4.444155000931602,-0.0322930990111309,-0.0280291735004135,-0.0099499580227577,-0.0265711831295574
RF,LTC,3,2024-07-01,2025-07-01,2025-06-20,3929,4.417583817802044,-0.0216054646528665,-0.0293431893899581,0.0230945069788406,-0.0341069336737467
RF,LTC,3,2024-07-01,2025-07-01,2025-06-21,3930,4.383476884128298,-0.0030966378175412,-0.0299791499080876,0.0744058796146385,0.0002738417539331
RF,LTC,3,2024-07-01,2025-07-01,2025-06-22,3931,4.383750725882231,0.0174078956009227,-0.0290855594403785,0.0934856876597525,0.0603382209293323
RF,LTC,3,2024-07-01,2025-07-01,2025-06-23,3932,4.444088946811563,0.0214642773980173,-0.0174983530621149,0.0100662654233607,-0.0037527927075613
RF,LTC,3,2024-07-01,2025-07-01,2025-06-24,3933,4.440336154104002,0.0186744341936675,-0.0194468401594906,-0.0185497038124333,-0.0016283533116299
RF,LTC,3,2024-07-01,2025-07-01,2025-06-25,3934,4.438707800792372,0.0226811060979095,-0.0183259281289626,0.0307005493918559,-0.0045027578835279
RF,LTC,4,2025-07-01,2026-07-01,2025-07-01,3940,4.4217864502915685,0.0302566332008193,-0.0143420963209196,0.0519715037092094,0.0476218998926594
RF,LTC,4,2025-07-01,2026-07-01,2025-07-02,3941,4.469408350184228,0.0351363704528484,-0.0105557051721146,0.0381371968672104,0.0192805666936646
RF,LTC,4,2025-07-01,2026-07-01,2025-07-03,3942,4.4886889168778925,0.0413669851036146,-0.0084894593941024,0.0630887333828829,-0.0242869395739964
RF,LTC,4,2025-07-01,2026-07-01,2025-07-04,3943,4.464401977303896,0.050715893589218,-0.0066017944622884,0.0815405112957066,0.0074240892595591
RF,LTC,4,2025-07-01,2026-07-01,2025-07-05,3944,4.471826066563455,0.0551094391033606,-0.0078806209292066,0.0583927671051798,-0.0013889051662472
RF,LTC,4,2025-07-01,2026-07-01,2025-07-06,3945,4.470437161397208,0.0624077407399266,-0.0095310928120238,0.0797283387558653,-0.0150610472938366
RF,LTC,4,2025-07-01,2026-07-01,2025-07-07,3946,4.455376114103371,0.073668717833268,-0.0103536205391949,0.1043958270226479,0.0183818398974064
RF,LTC,4,2025-07-01,2026-07-01,2025-07-08,3947,4.473757954000778,0.0815772373750887,-0.0081497677392365,0.0939616675046206,0.0337875930506603
RF,LTC,4,2025-07-01,2026-07-01,2025-07-09,3948,4.507545547051438,0.0850711536266244,-0.0039985541502691,0.0723387565244673,0.0442321032093371
RF,LTC,4,2025-07-01,2026-07-01,2025-07-10,3949,4.551777650260775,0.087991373117874,-8.13272454846583e-05,0.0693975733789189,-0.0058351616611727
RF,LTC,4,2025-07-01,2026-07-01,2025-07-11,3950,4.545942488599603,0.0906922174366551,0.0007619824240982,0.0757926942632707,-0.0157236549309676
RF,LTC,4,2025-07-01,2026-07-01,2025-07-12,3951,4.530218833668635,0.099075241412077,-0.0017839556222854,0.2010978893259833,0.0199466664844383
RF,LTC,4,2025-07-01,2026-07-01,2025-07-13,3952,4.550165500153073,0.1082581648253695,-0.0039646437647882,0.2108501175491381,0.0096064409729459
RF,LTC,4,2025-07-01,2026-07-01,2025-07-14,3953,4.559771941126019,0.1173272680450363,-0.0050258467753003,0.1925360847002375,0.0079476803793792
RF,LTC,4,2025-07-01,2026-07-01,2025-07-15,3954,4.567719621505399,0.1295535246829802,-0.0065418437851565,0.2174629003755388,0.012164682070507
RF,LTC,4,2025-07-01,2026-07-01,2025-07-16,3955,4.579884303575906,0.1324596129860502,-0.0053167894271007,0.1403238615282784,0.0412909200637887
RF,LTC,4,2025-07-01,2026-07-01,2025-07-17,3956,4.621175223639694,0.130693101628422,0.002899723610162,0.1001074954190395,0.000559959223179
RF,LTC,4,2025-07-01,2026-07-01,2025-07-18,3957,4.621735182862873,0.1304996019006488,0.003158925174271,0.1128449936667141,0.109581540131745
RF,LTC,4,2025-07-01,2026-07-01,2025-07-19,3958,4.7313167229946185,0.1268367305734887,0.0314906018601154,0.0047567025937604,0.0296988947075931
RF,LTC,4,2025-07-01,2026-07-01,2025-07-20,3959,4.761015617702212,0.1190267105857554,0.0308181776256035,-0.0177912774518507,-0.0087075918759547
RF,LTC,4,2025-07-01,2026-07-01,2025-07-21,3960,4.752308025826257,0.1014377505627424,0.0329184267323316,-0.0646884096274984,0.0328744960546805
RF,LTC,4,2025-07-01,2026-07-01,2025-07-22,3961,4.785182521880937,0.0784123104403899,0.0363001268083217,-0.0981343195513613,-0.0649743567767533
RF,LTC,4,2025-07-01,2026-07-01,2025-07-23,3962,4.720208165104184,0.0653895695573254,0.0357931426234359,-0.0148827523302417,0.0010745539545498
RF,LTC,4,2025-07-01,2026-07-01,2025-07-24,3963,4.721282719058734,0.046500870470945,0.0329913159205081,-0.0557366784074258,0.0132974574708537
RF,LTC,4,2025-07-01,2026-07-01,2025-07-25,3964,4.734580176529588,0.0264857966524347,0.034935928690235,-0.0650858068333049,0.0014932490587913
RF,LTC,4,2025-07-01,2026-07-01,2025-07-26,3965,4.736073425588379,0.00623199999103,0.0366287580833794,-0.0704003364734413,0.0071509146619819
RF,LTC,4,2025-07-01,2026-07-01,2025-07-27,3966,4.743224340250361,-0.005609790813418,0.0315593356287728,-0.0384828245887565,-0.0556047240516024
RF,LTC,4,2025-07-01,2026-07-01,2025-07-28,3967,4.687619616198758,0.0029849601745297,0.0315536320893225,0.1098657400944649,-0.0005714138691823
RF,LTC,4,2025-07-01,2026-07-01,2025-07-29,3968,4.687048202329576,0.0126231923658419,0.0284163189912541,0.1026828018606424,0.0182772104443662
RF,LTC,4,2025-07-01,2026-07-01,2025-07-30,3969,4.705325412773942,0.0191718205848019,0.0277835429711709,0.0762752680338554,-0.0397793721226342
RF,LTC,4,2025-07-01,2026-07-01,2025-07-31,3970,4.665546040651308,0.0350971187775739,0.0214006674091919,0.1444066164962052,0.0039483290449746
RF,LTC,4,2025-07-01,2026-07-01,2025-08-01,3971,4.669494369696283,0.0521063895654272,0.0104571144391489,0.1497464111467614,-0.0038212805813451
RF,LTC,4,2025-07-01,2026-07-01,2025-08-02,3972,4.665673089114938,0.0650382416025863,0.0074112943153266,0.1253307742330864,0.0390684265466667
RF,LTC,4,2025-07-01,2026-07-01,2025-08-03,3973,4.704741515661604,0.0735494445407152,0.0078264206114117,0.113876936385636,0.092743840631619
RF,LTC,4,2025-07-01,2026-07-01,2025-08-04,3974,4.797485356293223,0.0649888083991996,0.0191770134587015,-0.0075824551050391,-0.0077543521030047
RF,LTC,4,2025-07-01,2026-07-01,2025-08-05,3975,4.789731004190219,0.067301798797188,0.0132752094213694,0.0813641348645877,-0.0081303233824208
RF,LTC,4,2025-07-01,2026-07-01,2025-08-06,3976,4.781600680807798,0.0712129210541157,0.0054476482898232,0.0934213256710148,0.0283519763397155
RF,LTC,4,2025-07-01,2026-07-01,2025-08-07,3977,4.809952657147513,0.0625568388023021,0.0069264956701721,-0.011689526962912,0.0092881236955308
RF,LTC,4,2025-07-01,2026-07-01,2025-08-08,3978,4.819240780843044,0.0501003637562513,-0.0022306994972577,-0.0397214069377414,-0.0282369174950201
RF,LTC,4,2025-07-01,2026-07-01,2025-08-09,3979,4.791003863348024,0.0439895217610359,-0.0044855485719494,0.0043474857870142,0.0276145886992162
RF,LTC,4,2025-07-01,2026-07-01,2025-08-10,3980,4.81861845204724,0.0333653470997781,-0.0071457770188701,-0.0240957568010102,-0.0287155508590561
RF,LTC,4,2025-07-01,2026-07-01,2025-08-11,3981,4.789902901188184,0.0240550033633883,-0.0156251563067441,-0.0217346143294117,0.0811922378666221
RF,LTC,4,2025-07-01,2026-07-01,2025-08-12,3982,4.871095139054806,-0.0007535109252909,0.0001037495731727,-0.1482695568493008,0.0039268674240062
RF,LTC,4,2025-07-01,2026-07-01,2025-08-13,3983,4.875022006478813,-0.02078936263438,0.0024405344008491,-0.1212033542595927,-0.0767588762942113
RF,LTC,4,2025-07-01,2026-07-01,2025-08-14,3984,4.798263130184601,-0.0333424097738612,-0.0041180836986171,-0.0564520436487541,-0.0187437562792984
RF,LTC,4,2025-07-01,2026-07-01,2025-08-15,3985,4.779519373905303,-0.0309210808688167,-0.0090617520946315,0.0309777107450939,0.0158319752297355
RF,LTC,4,2025-07-01,2026-07-01,2025-08-16,3986,4.795351349135038,-0.0311106577444144,-0.0119389281985132,0.0032951285063393,-0.0008286538888082
RF,LTC,4,2025-07-01,2026-07-01,2025-08-17,3987,4.79452269524623,-0.0339953732289082,-0.014194632456698,-0.0221792136081866,-0.0263544083874576
RF,LTC,4,2025-07-01,2026-07-01,2025-08-18,3988,4.7681682868587725,-0.0396050160857992,-0.0177448616372016,-0.0727508202529172,-0.045342704653267
RF,LTC,4,2025-07-01,2026-07-01,2025-08-19,3989,4.722825582205505,-0.0352343811842841,-0.0209609693211302,0.0089745659389341,0.0309930700137144
RF,LTC,4,2025-07-01,2026-07-01,2025-08-20,3990,4.75381865221922,-0.0374976164775953,-0.020089401029203,-0.0340785950757256,-0.0120075656833726
RF,LTC,4,2025-07-01,2026-07-01,2025-08-21,3991,4.741811086535847,-0.0354946960924804,-0.0209924708284628,-0.0077360634672523,0.0686859981145495
RF,LTC,4,2025-07-01,2026-07-01,2025-08-22,3992,4.810497084650397,-0.0493732652939575,-0.0054808528823184,-0.1107986212546636,-0.0118506070090189
RF,LTC,4,2025-07-01,2026-07-01,2025-08-23,3993,4.798646477641378,-0.0596481376647144,-0.0079212735611177,-0.0908267915346963,-0.0263029960033343
RF,LTC,4,2025-07-01,2026-07-01,2025-08-24,3994,4.7723434816380434,-0.0679312475907574,-0.009661546209053,-0.0818357455868845,-0.0769260150321882
RF,LTC,4,2025-07-01,2026-07-01,2025-08-25,3995,4.695417466605855,-0.0685626857354222,-0.0181022369990372,-0.0082613656655814,0.0363826815385843
RF,LTC,4,2025-07-01,2026-07-01,2025-08-26,3996,4.73180014814444,-0.0669180188564313,-0.0132249328849805,-0.0162119675209098,-0.0120600910009454
RF,LTC,4,2025-07-01,2026-07-01,2025-08-27,3997,4.719740057143494,-0.0604669514207918,-0.0125547333996957,0.007231434055642,0.0143349659251006
RF,LTC,4,2025-07-01,2026-07-01,2025-08-28,3998,4.734075023068595,-0.0584390349990302,-0.0115302510240598,-0.0237014077346948,-0.0343765596728617
RF,LTC,4,2025-07-01,2026-07-01,2025-08-29,3999,4.699698463395733,-0.0494500985710066,-0.017782748406836,0.0197182386912961,0.0081212227109483
RF,LTC,4,2025-07-01,2026-07-01,2025-08-30,4000,4.7078196861066814,-0.0413195110832376,-0.019752639637038,0.0121633628798223,-0.0173119500555225
RF,LTC,4,2025-07-01,2026-07-01,2025-08-31,4001,4.690507736051159,-0.0259044456057546,-0.0222781695248989,0.054623864497544,-0.003351635110885
RF,LTC,4,2025-07-01,2026-07-01,2025-09-01,4002,4.687156100940274,-0.0148810173837059,-0.02154475060581,0.0376962223016601,0.028432079683256
RF,LTC,4,2025-07-01,2026-07-01,2025-09-02,4003,4.71558818062353,-0.0112961621997031,-0.0200099735062764,0.0024008217883952,0.0113833105756064
RF,LTC,4,2025-07-01,2026-07-01,2025-09-03,4004,4.726971491199136,-0.0026461737811374,-0.0193225996980298,0.0400587082135626,-0.0165978758652363
RF,LTC,4,2025-07-01,2026-07-01,2025-09-04,4005,4.7103736153339,0.0061705027076026,-0.0206942163953261,0.0420526791240183,0.0090430867531292
RF,LTC,4,2025-07-01,2026-07-01,2025-09-05,4006,4.719416702087029,0.0157751941695076,-0.0191941600949203,0.05257796198768,0.0005663468994745
RF,LTC,4,2025-07-01,2026-07-01,2025-09-06,4007,4.719983048986504,0.0262294859631753,-0.0226006996043453,0.0615825204935989,0.0251485515621991
RF,LTC,4,2025-07-01,2026-07-01,2025-09-07,4008,4.745131600548703,0.0240878987524268,-0.0184111470237238,0.0015615654415492,-0.020279277306769
RF,LTC,4,2025-07-01,2026-07-01,2025-09-08,4009,4.724852323241934,0.0237421581385488,-0.0209842383578849,0.0094171745587363,-0.0068633208300088
RF,LTC,4,2025-07-01,2026-07-01,2025-09-09,4010,4.717989002411925,0.0265192554498963,-0.0216026847130546,0.0272491836879833,0.0490411970007738
RF,LTC,4,2025-07-01,2026-07-01,2025-09-10,4011,4.767030199412699,0.0246570637323451,-0.014912566684927,-0.0045971596054839,-0.0146039049547805
RF,LTC,4,2025-07-01,2026-07-01,2025-09-11,4012,4.752426294457918,0.0268208866213424,-0.0163152464790911,0.0204835708690653,0.0195683696167909
RF,LTC,4,2025-07-01,2026-07-01,2025-09-12,4013,4.771994664074709,0.0181086923443922,-0.0136579371285813,-0.0346781976533305,0.0095709054053934
RF,LTC,4,2025-07-01,2026-07-01,2025-09-13,4014,4.781565569480103,0.0075109962412129,-0.0152273887188561,-0.0456552726276004,-0.0348724034898504
RF,LTC,4,2025-07-01,2026-07-01,2025-09-14,4015,4.746693165990252,0.0046506552959559,-0.0195305706254954,-0.0095041901351962,-0.0124236681895819
RF,LTC,4,2025-07-01,2026-07-01,2025-09-15,4016,4.73426949780067,-0.0031637257146126,-0.0214813126905447,-0.0725419315234221,0.0109686882992381
RF,LTC,4,2025-07-01,2026-07-01,2025-09-16,4017,4.745238186099908,-0.0137875630610553,-0.0198961878930223,-0.0803103095783548,0.0171948537073065
RF,LTC,4,2025-07-01,2026-07-01,2025-09-17,4018,4.762433039807215,-0.0288917331173426,-0.0189600727001957,-0.102626874387715,0.0104768255197686
RF,LTC,4,2025-07-01,2026-07-01,2025-09-18,4019,4.772909865326984,-0.0496224779343918,-0.0183996338675231,-0.146325781065709,-0.0355933989056049
RF,LTC,4,2025-07-01,2026-07-01,2025-09-19,4020,4.737316466421379,-0.0584589940855515,-0.0205427072064124,-0.086744141392737,-0.0014061695688765
RF,LTC,4,2025-07-01,2026-07-01,2025-09-20,4021,4.735910296852502,-0.0666293577184768,-0.0217394237709395,-0.086263231315363,0.0012786790025538
RF,LTC,4,2025-07-01,2026-07-01,2025-09-21,4022,4.737188975855056,-0.0702062406185168,-0.0230255830920803,-0.0657862859708497,-0.0754614095778078
RF,LTC,4,2025-07-01,2026-07-01,2025-09-22,4023,4.661727566277248,-0.0657039026827348,-0.0273233768536264,0.0095917196575188,0.0032003102443054
RF,LTC,4,2025-07-01,2026-07-01,2025-09-23,4024,4.664927876521554,-0.0595267950137179,-0.025527360412195,0.0069478991489519,-0.0051217111020536
RF,LTC,4,2025-07-01,2026-07-01,2025-09-24,4025,4.6598061654195,-0.0433810165865367,-0.0236301310564088,0.0862150462439261,-0.0332220811582253
RF,LTC,4,2025-07-01,2026-07-01,2025-09-25,4026,4.626584084261275,-0.0184976355317205,-0.0252731534471929,0.1578911556428277,0.023988240767367
RF,LTC,4,2025-07-01,2026-07-01,2025-09-26,4027,4.650572325028642,0.0045852424617676,-0.0224295752597144,0.1412656441297048,-0.0009252594915025
RF,LTC,4,2025-07-01,2026-07-01,2025-09-27,4028,4.649647065537139,0.0281992840636773,-0.0221693136968515,0.141483310511278,0.0217556243470671
RF,LTC,4,2025-07-01,2026-07-01,2025-09-28,4029,4.671402689884206,0.0447564045376323,-0.0202193705324451,0.1065183547683439,-8.340394943928686e-05
RF,LTC,4,2025-07-01,2026-07-01,2025-09-29,4030,4.671319285934767,0.0593786652334991,-0.02158191136972,0.1021926192451871,0.0005564897357386
RF,LTC,4,2025-07-01,2026-07-01,2025-09-30,4031,4.671875775670506,0.0702281660816082,-0.0224493620753984,0.0909323714711778,0.0741454359929205
RF,LTC,4,2025-07-01,2026-07-01,2025-10-01,4032,4.746021211663426,0.07409260997228,-0.0078232999698414,0.0300428350082633,0.0384540282406762
RF,LTC,4,2025-07-01,2026-07-01,2025-10-02,4033,4.784475239904102,0.0786564010289909,-0.0019798262853375,0.051282462933007,0.0073627292542441
RF,LTC,4,2025-07-01,2026-07-01,2025-10-03,4034,4.791837969158347,0.0659251852033682,0.0006107998727716,-0.2209771696745655,-0.0007075931099294
RF,LTC,4,2025-07-01,2026-07-01,2025-10-04,4035,4.791130376048417,0.0501771998737368,-0.0031563582732918,-0.2540297589794367,-0.0132093313958669
RF,LTC,4,2025-07-01,2026-07-01,2025-10-05,4036,4.77792104465255,0.0366867951446314,-0.0120672376839201,-0.1852218694092897,-0.004409139472596
RF,LTC,4,2025-07-01,2026-07-01,2025-10-06,4037,4.773511905179954,0.0229933695321227,-0.0141607354642355,-0.1726461665806935,-0.0107037580382707
RF,LTC,4,2025-07-01,2026-07-01,2025-10-07,4038,4.762808147141683,0.0093894992249605,-0.0178173101923838,-0.1843342353124191,0.013255899530006
RF,LTC,4,2025-07-01,2026-07-01,2025-10-08,4039,4.7760640466716895,-0.0090268704505191,-0.0146028568375501,-0.2179727366464057,0.0596936561654199
RF,LTC,4,2025-07-01,2026-07-01,2025-10-09,4040,4.8357577028371095,-0.037380325989238,-0.0078990405816856,-0.3162691287322872,-0.2648969033533284
RF,LTC,4,2025-07-01,2026-07-01,2025-10-10,4041,4.570860799483781,-0.0547374570820773,-0.0126663332742586,-0.0697642005756202,-0.0337601824148006
RF,LTC,4,2025-07-01,2026-07-01,2025-10-11,4042,4.5371006170689805,-0.0705555088433609,-0.016592502440415,-0.0185513148094429,0.0555985581742799
RF,LTC,4,2025-07-01,2026-07-01,2025-10-12,4043,4.59269917524326,-0.0861549849582168,-0.0081605335945074,-0.057051998929924,0.0081665633560001
RF,LTC,4,2025-07-01,2026-07-01,2025-10-13,4044,4.600865738599261,-0.1001705319562589,-0.0113563438013618,-0.0563578881896011,-0.0223918267699962
RF,LTC,4,2025-07-01,2026-07-01,2025-10-14,4045,4.578473911829264,-0.1133557849429367,-0.0139512623925114,-0.0492073672371287,-0.0203826018039805
RF,LTC,4,2025-07-01,2026-07-01,2025-10-15,4046,4.558091310025284,-0.1240518458737049,-0.0153014138032276,-0.0371622384120167,-0.0386027359204614
RF,LTC,4,2025-07-01,2026-07-01,2025-10-16,4047,4.519488574104822,-0.1258329791464989,-0.0217953641019873,0.024271006213608,-0.0183919751966614
RF,LTC,4,2025-07-01,2026-07-01,2025-10-17,4048,4.501096598908161,-0.1187001866554791,-0.0245877371494173,0.067549138081099,0.0174527033513767
RF,LTC,4,2025-07-01,2026-07-01,2025-10-18,4049,4.5185493022595375,-0.1087656571773214,-0.0226596261503804,0.0560372385827445,0.0170978740537988
RF,LTC,4,2025-07-01,2026-07-01,2025-10-19,4050,4.535647176313336,-0.0931515398252686,-0.0216913228461942,0.0691322320371732,0.008860674096323
RF,LTC,4,2025-07-01,2026-07-01,2025-10-20,4051,4.544507850409659,-0.0779383522760932,-0.0211701933050868,0.0544344866298125,-0.0152413058175238
RF,LTC,4,2025-07-01,2026-07-01,2025-10-21,4052,4.529266544592136,-0.0647161983288207,-0.0238084340706008,0.0425974524705017,-0.0083374729788685
RF,LTC,4,2025-07-01,2026-07-01,2025-10-22,4053,4.520929071613267,-0.046620893776514,-0.0244072313002409,0.0697250242676092,0.0228305087051632
RF,LTC,4,2025-07-01,2026-07-01,2025-10-23,4054,4.54375958031843,-0.0411190178828375,-0.0242438548611831,-0.0070414879917137,0.0248861566708296
RF,LTC,4,2025-07-01,2026-07-01,2025-10-24,4055,4.56864573698926,-0.0360263304942654,-0.0236269409124947,-0.0095796476898648,0.0059408038530222
RF,LTC,4,2025-07-01,2026-07-01,2025-10-25,4056,4.574586540842282,-0.0243274018337347,-0.0242207301135423,0.0445048486557677,0.0301928675082274
RF,LTC,4,2025-07-01,2026-07-01,2025-10-26,4057,4.60477940835051,-0.0207016053801734,-0.0230274673745859,-0.0045121216122083,-0.0058370713110376
RF,LTC,4,2025-07-01,2026-07-01,2025-10-27,4058,4.598942337039472,-0.030285610970111,-0.0257665327285557,-0.1284790739056367,-0.0270783399768346
RF,LTC,4,2025-07-01,2026-07-01,2025-10-28,4059,4.571863997062637,-0.0382044561765075,-0.0277356566660172,-0.1235386865494367,0.018790098818239
RF,LTC,4,2025-07-01,2026-07-01,2025-10-29,4060,4.590654095880876,-0.0455310627680924,-0.0258920726367195,-0.0957997677204351,-0.0539360035541598
RF,LTC,4,2025-07-01,2026-07-01,2025-10-30,4061,4.5367180923267165,-0.0472939756798149,-0.0299171579078694,-0.0708097105895975,0.0223479969726785
RF,LTC,4,2025-07-01,2026-07-01,2025-10-31,4062,4.559066089299395,-0.0414013005315281,-0.0277439032555453,0.0638050872328221,0.0600253001986548
RF,LTC,4,2025-07-01,2026-07-01,2025-11-01,4063,4.61909138949805,-0.0399196452578243,-0.0199516179093394,0.0457786313329009,-0.0188241027597486
RF,LTC,4,2025-07-01,2026-07-01,2025-11-02,4064,4.600267286738301,-0.0316622678337799,-0.0205986413634564,0.1017323240306282,-0.1298040236044659
RF,LTC,4,2025-07-01,2026-07-01,2025-11-03,4065,4.470463263133835,-0.013684838248305,-0.0250889220141897,0.1758544747265276,-0.0221379526206346
RF,LTC,4,2025-07-01,2026-07-01,2025-11-04,4066,4.448325310513201,0.0033372341936583,-0.0279637583355146,0.1534977579045886,0.0465290176472406
RF,LTC,4,2025-07-01,2026-07-01,2025-11-05,4067,4.494854328160441,0.0141627020969048,-0.0217902356078036,0.0854240314410601,-0.0289459464233221
RF,LTC,4,2025-07-01,2026-07-01,2025-11-06,4068,4.465908381737119,0.0273075263250124,-0.0237384254134685,0.1066617954637534,0.1569627947950982
RF,LTC,4,2025-07-01,2026-07-01,2025-11-07,4069,4.622871176532217,0.0295316757482648,-0.0041751329016425,-0.04287388965722,0.0419988442987335
RF,LTC,4,2025-07-01,2026-07-01,2025-11-08,4070,4.664870020830951,0.0329697721329065,-0.0054695707392776,-0.0421761294134288,0.0371295899379786
RF,LTC,4,2025-07-01,2026-07-01,2025-11-09,4071,4.7019996107689295,0.0234531363912431,-0.0002125099750258,-0.138740551950109,-0.0556818729085666
RF,LTC,4,2025-07-01,2026-07-01,2025-11-10,4072,4.646317737860363,0.0113918887886983,-0.0028625720754584,-0.1328238621438,-0.0444946694425736
RF,LTC,4,2025-07-01,2026-07-01,2025-11-11,4073,4.601823068417789,0.0089476339815552,-0.0101049761644577,-0.0410794197660449,-0.0215447088162878
RF,LTC,4,2025-07-01,2026-07-01,2025-11-12,4074,4.580278359601501,0.0041221959540731,-0.0172713450320401,-0.0490568801678179,-0.0077081824006288
RF,LTC,4,2025-07-01,2026-07-01,2025-11-13,4075,4.572570177200872,-0.0078960957212368,-0.0182215490010832,-0.1035756063460118,0.0074271096741247
RF,LTC,4,2025-07-01,2026-07-01,2025-11-14,4076,4.579997286874997,-0.0271290198910261,-0.0192159602289324,-0.165957975918217,0.0426966045425247
RF,LTC,4,2025-07-01,2026-07-01,2025-11-15,4077,4.622693891417522,-0.0523437847962631,-0.0160304484228851,-0.2138472840596419,-0.0594348325987015
RF,LTC,4,2025-07-01,2026-07-01,2025-11-16,4078,4.56325905881882,-0.0671361360523707,-0.019018323135945,-0.1446891013495372,-0.0497651831022576
RF,LTC,4,2025-07-01,2026-07-01,2025-11-17,4079,4.513493875716563,-0.0701008029963716,-0.0227506535412195,-0.0652416634083339,0.0472497729351815
RF,LTC,4,2025-07-01,2026-07-01,2025-11-18,4080,4.560743648651744,-0.0789705673411198,-0.0166767251376915,-0.1147782954123357,-0.0295221692180609
RF,LTC,4,2025-07-01,2026-07-01,2025-11-19,4081,4.531221479433683,-0.0800864126693472,-0.0209999547149123,-0.0668030787335789,-0.0622269085788227
RF,LTC,4,2025-07-01,2026-07-01,2025-11-20,4082,4.468994570854861,-0.0734504438856999,-0.0229278285995858,-0.0073804841920273,-0.0549552598980804
RF,LTC,4,2025-07-01,2026-07-01,2025-11-21,4083,4.41403931095678,-0.06486371004888,-0.0274131086691154,0.0204847601974575,-0.0051927035989001
RF,LTC,4,2025-07-01,2026-07-01,2025-11-22,4084,4.40884660735788,-0.0552764627518413,-0.027369510275924,0.0228355715631058,0.0097233501114031
RF,LTC,4,2025-07-01,2026-07-01,2025-11-23,4085,4.418569957469283,-0.0499341028486997,-0.0256207385454293,-0.0050964364170305,0.0296822548389457
RF,LTC,4,2025-07-01,2026-07-01,2025-11-24,4086,4.448252212308229,-0.0574614166749407,-0.020604647607667,-0.0968282594896194,-0.0022868590688203
RF,LTC,4,2025-07-01,2026-07-01,2025-11-25,4087,4.445965353239409,-0.0544625791486632,-0.0213129469694053,-0.0293860606732918,0.0184530474606958
RF,LTC,4,2025-07-01,2026-07-01,2025-11-26,4088,4.464418400700104,-0.0499025241640138,-0.0161898215248299,-0.0101477561851384,-0.0028043140372711
RF,LTC,4,2025-07-01,2026-07-01,2025-11-27,4089,4.461614086662833,-0.0488493312380056,-0.0181272521907535,-0.0359721212565009,-0.0270900155085955
RF,LTC,4,2025-07-01,2026-07-01,2025-11-28,4090,4.434524071154238,-0.0484765432611169,-0.020629386381776,-0.0463830877378805,-0.0028418922332518
RF,LTC,4,2025-07-01,2026-07-01,2025-11-29,4091,4.431682178920986,-0.0456908855203668,-0.0213190170623254,-0.0286065497763736,-0.0182086578687332
RF,LTC,4,2025-07-01,2026-07-01,2025-11-30,4092,4.413473521052253,-0.0404879777062339,-0.0231594125501018,-0.0138026573832563,-0.0620495682336432
RF,LTC,4,2025-07-01,2026-07-01,2025-12-01,4093,4.351423952818609,-0.0225963034264458,-0.0272505716725202,0.0782477815088018,0.0651553397475073
RF,LTC,4,2025-07-01,2026-07-01,2025-12-02,4094,4.416579292566117,-0.0113147362933236,-0.0099867485266329,0.0389534941376554,0.0376913519488493
RF,LTC,4,2025-07-01,2026-07-01,2025-12-03,4095,4.454270644514966,-0.0086867324570851,-0.0090019838353144,-0.0174379439111893,-0.0286286791086336
RF,LTC,4,2025-07-01,2026-07-01,2025-12-04,4096,4.425641965406332,-0.0059576873154902,-0.0106978218165573,-0.007404353463583,-0.0375009819899752
RF,LTC,4,2025-07-01,2026-07-01,2025-12-05,4097,4.388140983416357,-0.0005750451686443,-0.0138280068867171,0.0176658559597102,0.014934645728255
RF,LTC,4,2025-07-01,2026-07-01,2025-12-06,4098,4.403075629144612,0.0014704025255021,-0.0190626002486163,-0.0017835796834626,-0.0034047654756159
RF,LTC,4,2025-07-01,2026-07-01,2025-12-07,4099,4.399670863668996,-0.0021038275519673,-0.0173192895874,-0.0304971275238603,0.0300008706584149
RF,LTC,4,2025-07-01,2026-07-01,2025-12-08,4100,4.429671734327411,-0.0133604666394369,-0.0155691911123793,-0.0782109080460831,0.0258610523763609
RF,LTC,4,2025-07-01,2026-07-01,2025-12-09,4101,4.455532786703772,-0.0243057691791763,-0.0161174285893361,-0.0853404280246588,-0.0187000860999955
RF,LTC,4,2025-07-01,2026-07-01,2025-12-10,4102,4.436832700603777,-0.0379890816837482,-0.0165811739218719,-0.1070791130612507,-0.0185950886610273
RF,LTC,4,2025-07-01,2026-07-01,2025-12-11,4103,4.418237611942749,-0.0510546141411909,-0.0158859698215022,-0.1103108505596521,-0.0124307725666819
RF,LTC,4,2025-07-01,2026-07-01,2025-12-12,4104,4.405806839376067,-0.0534998803095359,-0.0161443411376091,-0.055483423015211,-0.0045147899149178
RF,LTC,4,2025-07-01,2026-07-01,2025-12-13,4105,4.40129204946115,-0.0540151892128593,-0.0156118519985097,-0.0465239491016697,-0.0321183133160136
RF,LTC,4,2025-07-01,2026-07-01,2025-12-14,4106,4.369173736145136,-0.0510298394582244,-0.0150701756356319,-0.029063400019015,-0.0177129098638078
RF,LTC,4,2025-07-01,2026-07-01,2025-12-15,4107,4.351460826281328,-0.0442566015436751,-0.0147365982927231,-0.0077163423575266,0.0187315323977852
RF,LTC,4,2025-07-01,2026-07-01,2025-12-16,4108,4.370192358679113,-0.041610386388224,-0.0118090871879063,-0.0272970322807362,-0.0404387711365874
RF,LTC,4,2025-07-01,2026-07-01,2025-12-17,4109,4.329753587542526,-0.0355835494185523,-0.0143439564057798,-0.0024142546547762,-0.0218268261594287
RF,LTC,4,2025-07-01,2026-07-01,2025-12-18,4110,4.307926761383097,-0.0262976893703266,-0.0133700131424512,0.0185537983164181,0.0423966549777592
RF,LTC,4,2025-07-01,2026-07-01,2025-12-19,4111,4.350323416360856,-0.021747033652292,-0.0082697205172861,-0.0086920582712579,0.0044446839986234
RF,LTC,4,2025-07-01,2026-07-01,2025-12-20,4112,4.35476810035948,-0.0122199744711437,-0.0081981900594379,0.0296382650524336,-0.0146577642333589
RF,LTC,4,2025-07-01,2026-07-01,2025-12-21,4113,4.340110336126121,-0.0043514718002004,-0.0087504652936074,0.0246832011950441,0.0036341477976806
RF,LTC,4,2025-07-01,2026-07-01,2025-12-22,4114,4.3437444839238015,0.0014253618383799,-0.008555736695563,0.0165028090778136,-0.0008491575254243
RF,LTC,4,2025-07-01,2026-07-01,2025-12-23,4115,4.342895326398377,0.0079306390620415,-0.0106462022676281,0.0235305873580315,-0.0155559935106275
RF,LTC,4,2025-07-01,2026-07-01,2025-12-24,4116,4.32733933288775,0.0114013385831732,-0.0107709717179728,0.0135697636365792,-0.0008587731882343
RF,LTC,4,2025-07-01,2026-07-01,2025-12-25,4117,4.326480559699515,0.0206281312587703,-0.0103231109250146,0.0535918045707557,0.0151507983900831
RF,LTC,4,2025-07-01,2026-07-01,2025-12-26,4118,4.341631358089598,0.0296109391826773,-0.0091229470345955,0.0629304456939419,0.0427750073223149
RF,LTC,4,2025-07-01,2026-07-01,2025-12-27,4119,4.384406365411913,0.0325716183905351,-0.0042215600518808,0.0229562421928157,-0.0196128280907483
RF,LTC,4,2025-07-01,2026-07-01,2025-12-28,4120,4.364793537321165,0.0387543878984271,-0.0046800021069715,0.043548151528256,-0.0045462443195498
RF,LTC,4,2025-07-01,2026-07-01,2025-12-29,4121,4.360247293001615,0.0477412501762346,-0.0042897008091532,0.0655027626294852,0.0061786207547935
RF,LTC,4,2025-07-01,2026-07-01,2025-12-30,4122,4.366425913756409,0.0551162743161848,-0.0067897062117796,0.0637573538761611,-0.0255168172320798
RF,LTC,4,2025-07-01,2026-07-01,2025-12-31,4123,4.340909096524329,0.0602798189042941,-0.0097304719512739,0.0612707943237298,0.0391632677459421
RF,LTC,4,2025-07-01,2026-07-01,2026-01-01,4124,4.380072364270271,0.0572267172542488,-0.0035098935503454,0.0174256852186944,0.0244894395132693
RF,LTC,4,2025-07-01,2026-07-01,2026-01-02,4125,4.40456180378354,0.0500924343727859,-0.0008294576666619,-0.0055629913394543,0.0028008038211888
RF,LTC,4,2025-07-01,2026-07-01,2026-01-03,4126,4.407362607604729,0.0411227183228879,-0.0007862208252065,-0.0114201490381926,0.0009790812446919
RF,LTC,4,2025-07-01,2026-07-01,2026-01-04,4127,4.408341688849421,0.0265154166460357,-0.0044921490633701,-0.0428318773761802,0.0174083667816793
RF,LTC,4,2025-07-01,2026-07-01,2026-01-05,4128,4.4257500556311005,0.0051462073772503,-0.0037809143640807,-0.0943561878199998,0.0044332120014694
RF,LTC,4,2025-07-01,2026-07-01,2026-01-06,4129,4.43018326763257,-0.0106635580852962,-0.005527248690193,-0.0718870268596534,-0.0280033767845111
RF,LTC,4,2025-07-01,2026-07-01,2026-01-07,4130,4.402179890848059,-0.0218443535981416,-0.0072041548715295,-0.0617391374858877,-0.0046818413590932
RF,LTC,4,2025-07-01,2026-07-01,2026-01-08,4131,4.3974980494889655,-0.0356009944839312,-0.0060680903290227,-0.1191522260743322,0.0015007629551204
RF,LTC,4,2025-07-01,2026-07-01,2026-01-09,4132,4.398998812444086,-0.0436945977385736,-0.0065448327349168,-0.077988568241099,-0.0030563538775494
RF,LTC,4,2025-07-01,2026-07-01,2026-01-10,4133,4.3959424585665365,-0.0516857029184132,-0.0061485125421631,-0.0806036665140617,-0.0304326470932956
RF,LTC,4,2025-07-01,2026-07-01,2026-01-11,4134,4.365509811473241,-0.0579764570990493,-0.0076116806679361,-0.0852779113200297,-0.0341159436621403
RF,LTC,4,2025-07-01,2026-07-01,2026-01-12,4135,4.331393867811101,-0.0627797202289315,-0.009364726647624,-0.0726548598691287,0.0269023729618158
RF,LTC,4,2025-07-01,2026-07-01,2026-01-13,4136,4.358296240772916,-0.0770179159412522,-0.0071767345998932,-0.1526719029748466,-0.0178554874107454
RF,LTC,4,2025-07-01,2026-07-01,2026-01-14,4137,4.340440753362171,-0.0855512385335508,-0.0104528159737246,-0.1147734819201122,-0.0620949299475377
RF,LTC,4,2025-07-01,2026-07-01,2026-01-15,4138,4.278345823414633,-0.0901388663745743,-0.0116255910530382,-0.0569917152618968,0.0426644207883537
RF,LTC,4,2025-07-01,2026-07-01,2026-01-16,4139,4.321010244202987,-0.0992884826593538,-0.0074042857368226,-0.1009100901194841,-0.0056714521505121
RF,LTC,4,2025-07-01,2026-07-01,2026-01-17,4140,4.315338792052475,-0.1055094557846079,-0.0088824288129626,-0.0941314015736471,-0.0351068918992636
RF,LTC,4,2025-07-01,2026-07-01,2026-01-18,4141,4.280231900153211,-0.1082608138905154,-0.0081354079051276,-0.0729630695932508,-0.0214928922112394
RF,LTC,4,2025-07-01,2026-07-01,2026-01-19,4142,4.258739007941972,-0.0990684980154998,-0.0100911359801391,-0.0139812977141895,-0.053114670143902
RF,LTC,4,2025-07-01,2026-07-01,2026-01-20,4143,4.20562433779807,-0.0837296809738674,-0.0156103184956619,0.0423639660002281,0.0200429336439889
RF,LTC,4,2025-07-01,2026-07-01,2026-01-21,4144,4.225667271442059,-0.0713967880018202,-0.0121041423080925,0.0139800439682149,-0.0043131632893222
RF,LTC,4,2025-07-01,2026-07-01,2026-01-22,4145,4.221354108152736,-0.0662601065673733,-0.0129743815634685,-0.0301265208880714,-0.0012539540692335
RF,LTC,4,2025-07-01,2026-07-01,2026-01-23,4146,4.220100154083503,-0.0625231562865336,-0.0129357718109753,-0.0403560465712464,0.0011072363953248
RF,LTC,4,2025-07-01,2026-07-01,2026-01-24,4147,4.221207390478828,-0.0662312604388963,-0.0124024368356871,-0.1363546403595767,-0.0139385599188672
RF,LTC,4,2025-07-01,2026-07-01,2026-01-25,4148,4.20726883055996,-0.0713153644120545,-0.0131609577892313,-0.138547885734833,0.0374888796678218
RF,LTC,4,2025-07-01,2026-07-01,2026-01-26,4149,4.244757710227782,-0.0823282886765675,-0.0090402753865614,-0.1505509316469879,0.0032305935705156
RF,LTC,4,2025-07-01,2026-07-01,2026-01-27,4150,4.247988303798298,-0.0962019405393048,-0.0085766242872048,-0.1659412736776016,-0.0083409883880243
RF,LTC,4,2025-07-01,2026-07-01,2026-01-28,4151,4.239647315410274,-0.1097029537726275,-0.0086040046286582,-0.165606749740224,-0.0484197281456086
RF,LTC,4,2025-07-01,2026-07-01,2026-01-29,4152,4.191227587264665,-0.1198941812418326,-0.0122860009779237,-0.265541707865963,-0.0114834797524085
RF,LTC,4,2025-07-01,2026-07-01,2026-01-30,4153,4.179744107512256,-0.1243852626770927,-0.0129750810361206,-0.1713034009314329,-0.0948913573930054
RF,LTC,4,2025-07-01,2026-07-01,2026-01-31,4154,4.084852750119251,-0.1230115843201078,-0.0176805905032225,-0.0734590637872232,-0.0161318052941235
RF,LTC,4,2025-07-01,2026-07-01,2026-02-01,4155,4.068720944825127,-0.1201585896872519,-0.018571585388623,-0.0696863271677146,0.0254858337556669
RF,LTC,4,2025-07-01,2026-07-01,2026-02-02,4156,4.094206778580794,-0.1199428615382434,-0.0150119953517484,-0.0978925255700668,-0.0121597484600979
RF,LTC,4,2025-07-01,2026-07-01,2026-02-03,4157,4.082047030120696,-0.1199286985635668,-0.016654373221223,-0.1056225082552462,-0.0080064644506467
RF,LTC,4,2025-07-01,2026-07-01,2026-02-04,4158,4.07404056567005,-0.1210187108422795,-0.0148058001900281,-0.1182495189571088,-0.1483546862713476
RF,LTC,4,2025-07-01,2026-07-01,2026-02-05,4159,3.925685879398702,-0.114184012622573,-0.0203718729168782,0.0464567519056036,0.0827548271821214
RF,LTC,4,2025-07-01,2026-07-01,2026-02-06,4160,4.008440706580823,-0.1056556988211792,-0.0040660254583883,0.0003552117138614,0.0029529797512042
RF,LTC,4,2025-07-01,2026-07-01,2026-02-07,4161,4.011393686332028,-0.0929677067996626,-0.0044649187297003,0.0141469503055571,-0.0123590686746148
RF,LTC,4,2025-07-01,2026-07-01,2026-02-08,4162,3.9990346176574127,-0.0806926725715437,-0.0032973820996845,0.0089927402000893,-0.0027203646466853
RF,LTC,4,2025-07-01,2026-07-01,2026-02-09,4163,3.996314253010728,-0.0671061398318753,-0.0064505106698895,0.0117856004813003,-0.0198897311452772
RF,LTC,4,2025-07-01,2026-07-01,2026-02-10,4164,3.97642452186545,-0.0548175072980696,-0.0091000370775465,0.010656370833082,-0.0206334751525094
RF,LTC,4,2025-07-01,2026-07-01,2026-02-11,4165,3.9557910467129407,-0.0419417373054109,-0.0089869886832948,0.0199611743726753,0.0163515845913648
RF,LTC,4,2025-07-01,2026-07-01,2026-02-12,4166,3.9721426313043056,-0.0335012721108527,-0.0085923824989387,-0.0082562730555313,0.0366532869903792
RF,LTC,4,2025-07-01,2026-07-01,2026-02-13,4167,4.008795918294685,-0.0236471014804529,-0.0070754706484341,0.0023569363585922,0.0167447183428999
RF,LTC,4,2025-07-01,2026-07-01,2026-02-14,4168,4.025540636637585,-0.0178876888637247,-0.0066355086090208,-0.0191929610523757,-0.0175132787800826
RF,LTC,4,2025-07-01,2026-07-01,2026-02-15,4169,4.008027357857502,-0.0155185001974498,-0.0060439384571311,-0.028958382249641,7.24956345257155e-05
RF,LTC,4,2025-07-01,2026-07-01,2026-02-16,4170,4.008099853492028,-0.0212750380971336,-0.0068058119072577,-0.0712754946015237,-0.0210189607934956
RF,LTC,4,2025-07-01,2026-07-01,2026-02-17,4171,3.987080892698532,-0.0236623340861181,-0.0056415442144935,-0.052059168731787,-0.0113286716129161
RF,LTC,4,2025-07-01,2026-07-01,2026-02-18,4172,3.975752221085616,-0.0155938454808821,-0.0085738878782926,0.0616188556954218,-0.0118658628368417
RF,LTC,4,2025-07-01,2026-07-01,2026-02-19,4173,3.9638863582487742,-0.0070499563072674,-0.0082507474564267,0.0546507787825829,0.0472664964045028
RF,LTC,4,2025-07-01,2026-07-01,2026-02-20,4174,4.011152854653277,-0.0076572114453359,-0.0038935722650357,-0.0124115220673819,-0.004805179068068
RF,LTC,4,2025-07-01,2026-07-01,2026-02-21,4175,4.006347675585209,-0.0075895721677343,-0.0045383535766094,-0.010210367667367,-0.0272786999773479
RF,LTC,4,2025-07-01,2026-07-01,2026-02-22,4176,3.979068975607861,-0.0053566636553896,-0.0046470646167624,-0.0041413782399848,-0.0422446167173569
RF,LTC,4,2025-07-01,2026-07-01,2026-02-23,4177,3.936824358890504,0.0074381067043058,-0.0067367854665545,0.0621207365518072,-0.0018026349237589
RF,LTC,4,2025-07-01,2026-07-01,2026-02-24,4178,3.935021723966745,0.0204580691547322,-0.0077861095538322,0.0682323856477644,0.1023493528142927
RF,LTC,4,2025-07-01,2026-07-01,2026-02-25,4179,4.037371076781038,0.0286177176612834,0.0118825148923456,0.0020352049828709,-0.0188339397496806
RF,LTC,4,2025-07-01,2026-07-01,2026-02-26,4180,4.018537137031357,0.0327420466544254,0.0076744672978251,-0.0026679608395792,-0.019795804445462
RF,LTC,4,2025-07-01,2026-07-01,2026-02-27,4181,3.998741332585895,0.0323551879393884,0.0058650529205109,-0.013266954577717,-0.0026040246680532
RF,LTC,4,2025-07-01,2026-07-01,2026-02-28,4182,3.996137307917842,0.030425173780507,0.0056844755857612,-0.0152710902317276,-0.0212097105499657
RF,LTC,4,2025-07-01,2026-07-01,2026-03-01,4183,3.974927597367876,0.0277180451296676,-0.0008711181068725,-0.0115179219374521,0.0240174980744352
RF,LTC,4,2025-07-01,2026-07-01,2026-03-02,4184,3.998945095442312,0.0248503114550127,0.0039031537038313,-0.0151523869839302,0.0043090141721982
RF,LTC,4,2025-07-01,2026-07-01,2026-03-03,4185,4.00325410961451,0.0211753501036322,0.0063322750723381,-0.0170641313056547,0.0361521721493991
RF,LTC,4,2025-07-01,2026-07-01,2026-03-04,4186,4.039406281763909,0.0153834476559673,0.0057505048380555,-0.0367605374944322,-0.0235371055721307
RF,LTC,4,2025-07-01,2026-07-01,2026-03-05,4187,4.015869176191778,0.0128175507572976,0.0054782110704673,-0.0162934694709044,-0.0303947981835999
RF,LTC,4,2025-07-01,2026-07-01,2026-03-06,4188,3.985474378008178,0.0178846163622585,0.00440691185154,0.0274058467507747,-0.0046081603220637
RF,LTC,4,2025-07-01,2026-07-01,2026-03-07,4189,3.980866217686114,0.0217006288549814,0.002699439465755,0.0264813245766388,-0.0174565422556902
RF,LTC,4,2025-07-01,2026-07-01,2026-03-08,4190,3.963409675430424,0.0320381226619979,0.0028608014174839,0.0652549674366103,0.020383033027957
RF,LTC,4,2025-07-01,2026-07-01,2026-03-09,4191,3.983792708458381,0.043388088815357,0.0038294504456827,0.0890505150342013,0.0023972698504737
RF,LTC,4,2025-07-01,2026-07-01,2026-03-10,4192,3.986189978308855,0.0517191188672598,0.0048055085411912,0.0758839972965166,0.0164557659606217
RF,LTC,4,2025-07-01,2026-07-01,2026-03-11,4193,4.0026457442694765,0.049516879230123,0.0042755290389629,0.0236605274165562,-0.003070037548603
RF,LTC,4,2025-07-01,2026-07-01,2026-03-12,4194,3.9995757067208735,0.0461146226514097,0.0041181560013163,0.0169396855751258,0.0133045180380793
RF,LTC,4,2025-07-01,2026-07-01,2026-03-13,4195,4.012880224758953,0.0423109507821335,0.0045957278939335,0.0156151433157187,-0.0055326824961996
RF,LTC,4,2025-07-01,2026-07-01,2026-03-14,4196,4.007347542262753,0.0350473202697925,0.0036957080487247,-0.0060815869190919,0.0213171006042811
RF,LTC,4,2025-07-01,2026-07-01,2026-03-15,4197,4.028664642867034,0.0203910654200432,0.0047317381163949,-0.0491779496943678,0.0441785806255481
RF,LTC,4,2025-07-01,2026-07-01,2026-03-16,4198,4.072843223492582,0.0085126626291316,0.0073136878009107,-0.0534956671162349,-0.010769247887211
RF,LTC,4,2025-07-01,2026-07-01,2026-03-17,4199,4.062073975605371,0.0011107247417001,0.0075440385703243,-0.0299102830238879,-0.0357677039193387
RF,LTC,4,2025-07-01,2026-07-01,2026-03-18,4200,4.026306271686033,0.0017216535490689,0.00472158663171,0.010085026764349,-0.0097908793900334
RF,LTC,4,2025-07-01,2026-07-01,2026-03-19,4201,4.016515392295999,-0.0022320627214273,0.0034477821280485,-0.0170675376812394,0.0119799757786722
RF,LTC,4,2025-07-01,2026-07-01,2026-03-20,4202,4.028495368074672,-0.0109147059021799,0.003066700049259,-0.0453892801194451,-0.0272294127310104
RF,LTC,4,2025-07-01,2026-07-01,2026-03-21,4203,4.001265955343661,-0.0136913767460278,0.0041397920292817,-0.0152372931765012,-0.0217792621709946
RF,LTC,4,2025-07-01,2026-07-01,2026-03-22,4204,3.9794866931726665,-0.0142655098805324,0.0026949922291117,-0.0036439946574935,0.0398608632036809
RF,LTC,4,2025-07-01,2026-07-01,2026-03-23,4205,4.019347556376347,-0.0224241938703988,0.0047646938511398,-0.0453313807273612,0.0128161362051359
RF,LTC,4,2025-07-01,2026-07-01,2026-03-24,4206,4.032163692581483,-0.0287236005710318,0.0067433541660506,-0.0447010302383983,0.0042276058688983
RF,LTC,4,2025-07-01,2026-07-01,2026-03-25,4207,4.036391298450382,-0.0354789884342117,0.0064794310474783,-0.0510090119738779,-0.0369434438356219
RF,LTC,4,2025-07-01,2026-07-01,2026-03-26,4208,3.99944785461476,-0.0404580284900055,0.0033822556192182,-0.0432132688943096,-0.0163417666595333
RF,LTC,4,2025-07-01,2026-07-01,2026-03-27,4209,3.9831060879552265,-0.037880548346568,0.0021533384446074,-0.0088963915095172,0.0029225742119334
RF,LTC,4,2025-07-01,2026-07-01,2026-03-28,4210,3.98602866216716,-0.0339134488313321,0.0014781878128814,-0.0049545797520247,-0.0101859636519869
RF,LTC,4,2025-07-01,2026-07-01,2026-03-29,4211,3.975842698515173,-0.0257180221110622,0.0019469778990484,0.0152597211785141,-0.0018265228661866
RF,LTC,4,2025-07-01,2026-07-01,2026-03-30,4212,3.974016175648986,-0.0199962713550281,0.0014962532806039,0.0064684525938858,0.0134464866940988
RF,LTC,4,2025-07-01,2026-07-01,2026-03-31,4213,3.987462662343085,-0.0117047285803217,0.0029777919284892,0.0272508086821856,-0.0020803758665812
RF,LTC,4,2025-07-01,2026-07-01,2026-04-01,4214,3.985382286476504,-0.0086229446694368,0.0031777885261369,0.0030170221271603,-0.0291477007560536
RF,LTC,4,2025-07-01,2026-07-01,2026-04-02,4215,3.95623458572045,0.001498050710051,0.0019128192588543,0.0420116812944839,0.017975110725259
RF,LTC,4,2025-07-01,2026-07-01,2026-04-03,4216,3.974209696445709,0.0087515153862116,0.0036855923428157,0.0325196827088696,0.0068643859694259
RF,LTC,4,2025-07-01,2026-07-01,2026-04-04,4217,3.981074082415135,0.0142937677231715,0.0034548425366287,0.0275684896696364,0.0100283372785519
RF,LTC,4,2025-07-01,2026-07-01,2026-04-05,4218,3.991102419693687,0.010794825849151,0.0030159447800894,-0.0116105204187411,-0.0106177914508149
RF,LTC,4,2025-07-01,2026-07-01,2026-04-06,4219,3.980484628242872,0.0138928037219878,0.0025380622979759,0.0204716643107611,0.0342288427823986
RF,LTC,4,2025-07-01,2026-07-01,2026-04-07,4220,4.014713471025271,0.0092920963287257,0.0045438841973564,-0.0199766974119257,-0.0263141624216065
RF,LTC,4,2025-07-01,2026-07-01,2026-04-08,4221,3.988399308603664,0.0129451587232649,0.0037860874326395,0.0213470531066621,0.0098469584112699
RF,LTC,4,2025-07-01,2026-07-01,2026-04-09,4222,3.998246267014934,0.0183811789079153,0.0037511792189207,0.0336743039103679,0.0084831121396447
RF,LTC,4,2025-07-01,2026-07-01,2026-04-10,4223,4.006729379154579,0.0219593595661002,0.0029698544839024,0.027100402604983,0.0019131929301927
RF,LTC,4,2025-07-01,2026-07-01,2026-04-11,4224,4.008642572084772,0.0213703522194723,0.001957204870475,0.0118658906877131,-0.0291506728098256
RF,LTC,4,2025-07-01,2026-07-01,2026-04-12,4225,3.979491899274946,0.0208846149456372,0.0017602991701755,0.0108268946583689,0.0214643932786873
RF,LTC,4,2025-07-01,2026-07-01,2026-04-13,4226,4.000956292553633,0.019515646678176,0.0036976873954668,0.007040360501465,-0.0062195189402882
RF,LTC,4,2025-07-01,2026-07-01,2026-04-14,4227,3.994736773613345,0.0211345559109208,0.0026948929321197,0.0225318956015248,0.0150095880969813
RF,LTC,4,2025-07-01,2026-07-01,2026-04-15,4228,4.009746361710326,0.019436853008306,0.0034208588615474,0.0078711026508733,0.0221742092149757
RF,LTC,4,2025-07-01,2026-07-01,2026-04-16,4229,4.031920570925302,0.0162150907308635,0.0054839220275987,-0.0023874620486568,0.0019092108342597
RF,LTC,4,2025-07-01,2026-07-01,2026-04-17,4230,4.033829781759562,0.0136410839977694,0.0044973331326246,0.0007563475110794,-0.0133213189870771
RF,LTC,4,2025-07-01,2026-07-01,2026-04-18,4231,4.020508462772485,0.012132091228433,0.0029409372645261,0.0056986484460024,-0.0301896688391698
RF,LTC,4,2025-07-01,2026-07-01,2026-04-19,4232,3.990318793933315,0.0176674265195408,0.0023348052857753,0.0405095380188669,0.0176778591217834
RF,LTC,4,2025-07-01,2026-07-01,2026-04-20,4233,4.007996653055098,0.0158907725665056,0.0026186152515537,0.0092854758669362,0.0092720161597714
RF,LTC,4,2025-07-01,2026-07-01,2026-04-21,4234,4.01726866921487,0.0131459628326755,0.0029424684348687,0.0030429110774043,0.0003487951463299
RF,LTC,4,2025-07-01,2026-07-01,2026-04-22,4235,4.0176174643612,0.0086928145883451,0.0030453986128608,-0.0047811083241384,0.0119156445154455
RF,LTC,4,2025-07-01,2026-07-01,2026-04-23,4236,4.029533108876645,0.0015313602011008,0.0040189584807968,-0.0191119478841539,0.005053020393996
RF,LTC,4,2025-07-01,2026-07-01,2026-04-24,4237,4.034586129270641,-0.0046714981649333,0.0038599924678878,-0.0200966463072544,-0.0083790180521541
RF,LTC,4,2025-07-01,2026-07-01,2026-04-25,4238,4.026207111218487,-0.0079894853757176,0.0025818905820749,-0.0122479493714822,0.0046212207336946
RF,LTC,4,2025-07-01,2026-07-01,2026-04-26,4239,4.030828331952182,-0.0121610023356,0.0025858012241937,-0.0182978688897357,-0.0135462030301471
RF,LTC,4,2025-07-01,2026-07-01,2026-04-27,4240,4.017282128922035,-0.0139177945752759,0.002069104706694,-0.0108866890325529,0.0030294513702395
RF,LTC,4,2025-07-01,2026-07-01,2026-04-28,4241,4.020311580292274,-0.0097938572911182,0.0017583928306879,0.0117466969088724,-0.0074752242552129
RF,LTC,4,2025-07-01,2026-07-01,2026-04-29,4242,4.012836356037061,-0.0024867595332702,0.0022489825987448,0.0246434809038369,-0.0024151950445698
RF,LTC,4,2025-07-01,2026-07-01,2026-04-30,4243,4.010421160992491,0.0037300033701299,0.0020529744335753,0.022607357027697,0.0040683219708954
RF,LTC,4,2025-07-01,2026-07-01,2026-05-01,4244,4.014489482963387,0.0129036840580409,0.0023777313830062,0.0499654365441522,-0.0005303211163818
RF,LTC,4,2025-07-01,2026-07-01,2026-05-02,4245,4.013959161847005,0.0213746827307241,0.0024337762929814,0.0466373455977828,-0.0014286987845588
RF,LTC,4,2025-07-01,2026-07-01,2026-05-03,4246,4.012530463062446,0.0335231244505935,0.0024284838101624,0.0881564140840058,-0.0061350231729644
RF,LTC,4,2025-07-01,2026-07-01,2026-05-04,4247,4.006395439889482,0.0420497454412123,0.0022944172942481,0.0631807406263167,0.0256628373116649
RF,LTC,4,2025-07-01,2026-07-01,2026-05-05,4248,4.032058277201147,0.0422986777081924,0.0040917941616215,0.0284997595832523,0.0054215597397515
RF,LTC,4,2025-07-01,2026-07-01,2026-05-06,4249,4.037479836940898,0.0376540674363576,0.0035832758362751,0.0049826565043886,-0.0044513189207098
RF,LTC,4,2025-07-01,2026-07-01,2026-05-07,4250,4.033028518020188,0.0376937783378288,0.0031605059951359,0.0301531117929805,0.0314264014873506
RF,LTC,4,2025-07-01,2026-07-01,2026-05-08,4251,4.064454919507539,0.0304540718835957,0.0050661868648124,-0.0127858125252746,-0.0038584120627511
RF,LTC,4,2025-07-01,2026-07-01,2026-05-09,4252,4.060596507444788,0.0193103182052887,0.0042792087106001,-0.0320696315825967,0.0400903697016641
RF,LTC,4,2025-07-01,2026-07-01,2026-05-10,4253,4.100686877146452,0.0003135953919652,0.0066232109955802,-0.1012979560427891,-0.0311106966306535
RF,LTC,4,2025-07-01,2026-07-01,2026-05-11,4254,4.069576180515798,-0.0149549024806221,0.0066090271293677,-0.0748666593544902,-0.0090181437313994
RF,LTC,4,2025-07-01,2026-07-01,2026-05-12,4255,4.060558036784399,-0.0280360769213219,0.0054530533038736,-0.0644524322063451,-0.0180955433391121
RF,LTC,4,2025-07-01,2026-07-01,2026-05-13,4256,4.042462493445287,-0.0385146616109581,0.0025752465432359,-0.0552071503790867,0.020719136367882
RF,LTC,4,2025-07-01,2026-07-01,2026-05-14,4257,4.063181629813169,-0.050043275522051,0.0041299686422811,-0.0717624645081023,-0.0115125228309045
RF,LTC,4,2025-07-01,2026-07-01,2026-05-15,4258,4.051669106982264,-0.0622592735973626,0.0033960226343221,-0.0885368946967957,-0.0231422311200732
RF,LTC,4,2025-07-01,2026-07-01,2026-05-16,4259,4.028526875862191,-0.0654049620774941,0.0028959388793877,-0.0500446829031711,-0.0291379547585282
RF,LTC,4,2025-07-01,2026-07-01,2026-05-17,4260,3.999388921103663,-0.0657594695786323,0.0016102779637674,-0.0335400452925176,-0.0046793999423546
RF,LTC,4,2025-07-01,2026-07-01,2026-05-18,4261,3.994709521161308,-0.0640052086517166,0.0017115978063883,-0.0309173366718824,0.0013960834167456
RF,LTC,4,2025-07-01,2026-07-01,2026-05-19,4262,3.996105604578054,-0.0645828691488872,0.0014503909295977,-0.0475597987555356,-0.0088502615118537
RF,LTC,4,2025-07-01,2026-07-01,2026-05-20,4263,3.9872553430662,-0.0621908012021164,0.0021692729389579,-0.0375008315347593,0.0041638222388664
RF,LTC,4,2025-07-01,2026-07-01,2026-05-21,4264,3.9914191653050666,-0.0618724116069109,0.0019139902845588,-0.0481370785899506,-0.0282869530195979
RF,LTC,4,2025-07-01,2026-07-01,2026-05-22,4265,3.9631322122854686,-0.0551512439042887,0.0011500672519681,-0.0151537711765707,0.0153499806735513
RF,LTC,4,2025-07-01,2026-07-01,2026-05-23,4266,3.97848219295902,-0.0491333412989405,0.0020305311055811,-0.0205961606261384,-0.0126333171478747
RF,LTC,4,2025-07-01,2026-07-01,2026-05-24,4267,3.965848875811145,-0.0424704125562196,0.0021832896436631,-0.0145329006709276,-0.0020566913217194
RF,LTC,4,2025-07-01,2026-07-01,2026-05-25,4268,3.9637921844894257,-0.0416740452602764,0.0015626759626904,-0.0374605687206384,-0.0152463786669074
RF,LTC,4,2025-07-01,2026-07-01,2026-05-26,4269,3.9485458058225182,-0.0428206589005033,0.0010472287723567,-0.1003764974837198,0.0012087057089225
RF,LTC,4,2025-07-01,2026-07-01,2026-05-27,4270,3.9497545115314407,-0.0466010029362684,0.000656180084957,-0.0965572907508054,-0.0064724248163248
RF,LTC,4,2025-07-01,2026-07-01,2026-05-28,4271,3.943282086715116,-0.053721294298608,0.0010041063932824,-0.1243729975816179,0.0046963543937819
RF,LTC,4,2025-07-01,2026-07-01,2026-05-29,4272,3.947978441108898,-0.0672413549027952,0.0003807421362872,-0.1811765040196506,0.0099075912239836
RF,LTC,4,2025-07-01,2026-07-01,2026-05-30,4273,3.9578860323328815,-0.0883105859223927,0.0010259378599038,-0.2361289289246393,-0.0065700571926639
RF,LTC,4,2025-07-01,2026-07-01,2026-05-31,4274,3.9513159751402176,-0.1050677297709428,0.0012986425915711,-0.1938922568217087,-0.0249843593714302
RF,LTC,4,2025-07-01,2026-07-01,2026-06-01,4275,3.9263316157687873,-0.1163029869904561,0.0002602004844033,-0.1636443422259064,-0.0781623074299888
RF,LTC,4,2025-07-01,2026-07-01,2026-06-02,4276,3.8481693083387984,-0.1232060430351578,-0.0049289212182062,-0.0868220271312703,0.0050279124418368
RF,LTC,4,2025-07-01,2026-07-01,2026-06-03,4277,3.8531972207806353,-0.1318773811883602,-0.0091104728650212,-0.1222488387095319,-0.0342881316471372
RF,LTC,4,2025-07-01,2026-07-01,2026-06-04,4278,3.818909089133498,-0.1324491757472738,-0.0100502081148344,-0.0692067583566879,-0.0521071520442508
RF,LTC,4,2025-07-01,2026-07-01,2026-06-05,4279,3.766801937089247,-0.1251872466158183,-0.0104982419075457,-0.0045297566197799,-0.0450448336810049
RF,LTC,4,2025-07-01,2026-07-01,2026-06-06,4280,3.721757103408242,-0.107409006086673,-0.0123834158788461,0.0689160460498197,0.0356666149102666
RF,LTC,4,2025-07-01,2026-07-01,2026-06-07,4281,3.757423718318509,-0.0874436374355598,-0.0128586007002129,0.057180547353429,0.005263555224372
RF,LTC,4,2025-07-01,2026-07-01,2026-06-08,4282,3.762687273542881,-0.0645531088452977,-0.0099545741221407,0.0616751740528882,-0.0013399923353527
RF,LTC,4,2025-07-01,2026-07-01,2026-06-09,4283,3.761347281207528,-0.0417831858810542,-0.0096170935511107,0.059289780321504,-0.0303988991364247
RF,LTC,4,2025-07-01,2026-07-01,2026-06-10,4284,3.730948382071104,-0.0196381385123336,-0.008936155906454,0.0726068342206893,0.0187539487057066
RF,LTC,4,2025-07-01,2026-07-01,2026-06-11,4285,3.74970233077681,-0.0067613605347247,-0.0092998899939983,0.0300052346999351,0.0125698496926571
RF,LTC,4,2025-07-01,2026-07-01,2026-06-12,4286,3.762272180469467,0.0040875832351758,-0.0087921768819253,0.0232531788735408,0.0284009689885946
RF,LTC,4,2025-07-01,2026-07-01,2026-06-13,4287,3.790673149458062,0.0109484843518989,-0.0060209436015075,0.0046070238958115,0.023931116213876
RF,LTC,4,2025-07-01,2026-07-01,2026-06-14,4288,3.814604265671938,0.012476711179691,-0.0045666294767167,-0.0204699972108493,0.0097581819238312
RF,LTC,4,2025-07-01,2026-07-01,2026-06-15,4289,3.824362447595769,0.011455549089089,-0.0043446718404571,-0.0279622608937457,-0.003725386066737
RF,LTC,4,2025-07-01,2026-07-01,2026-06-16,4290,3.820637061529032,-0.0008445312341511,-0.0066214566517002,-0.0797866900352559,-0.0170818452372394
RF,LTC,4,2025-07-01,2026-07-01,2026-06-17,4291,3.8035552162917927,-0.0131042639411118,-0.0064395282315728,-0.0894130613981287,-0.0238476508150475
RF,LTC,4,2025-07-01,2026-07-01,2026-06-18,4292,3.779707565476745,-0.0209779373756746,-0.0070823081858208,-0.0697263580061973,0.0058177938662629
RF,LTC,4,2025-07-01,2026-07-01,2026-06-19,4293,3.785525359343008,-0.0258928674681864,-0.0076792710637081,-0.0515263955741023,0.0097548140108654
RF,LTC,4,2025-07-01,2026-07-01,2026-06-20,4294,3.7952801733538735,-0.0313153193000199,-0.0080083717070817,-0.0544647500186727,-0.0011459048927848
RF,LTC,4,2025-07-01,2026-07-01,2026-06-21,4295,3.7941342684610886,-0.0344925268570595,-0.0066405967769811,-0.0455107429576355,0.0022659182409348
RF,LTC,4,2025-07-01,2026-07-01,2026-06-22,4296,3.796400186702024,-0.0349829121221532,-0.0051207078120299,-0.0333997360528051,-0.0555498152082472
RF,LTC,4,2025-07-01,2026-07-01,2026-06-23,4297,3.740850371493776,-0.030362887792783,-0.0073868221726364,-0.0061056313867453,-0.0267082166001122
RF,LTC,4,2025-07-01,2026-07-01,2026-06-24,4298,3.714142154893664,-0.018488781943438,-0.0072525524309863,0.0390135851448278,-0.0041609474231161
RF,LTC,4,2025-07-01,2026-07-01,2026-06-25,4299,3.709981207470548,-0.0026584712926482,-0.005459456878698,0.0625554714360121,0.0240177562983578
