date,close,logprice
2017-11-09,0.03205300122499466,-3.440364458034081
2017-11-10,0.027118999511003494,-3.6075207077776255
2017-11-11,0.02743699960410595,-3.5958628259766194
2017-11-12,0.023977000266313553,-3.7306602303554612
2017-11-13,0.025807999074459076,-3.657070793461844
2017-11-14,0.02622999995946884,-3.640851486648576
2017-11-15,0.026444999501109123,-3.632688193329419
2017-11-16,0.027580000460147858,-3.5906643899328676
2017-11-17,0.025772999972105026,-3.658427847740441
2017-11-18,0.0263689998537302,-3.635566206763956
2017-11-19,0.028084000572562218,-3.5725552394396467
2017-11-20,0.02958099916577339,-3.52062304384625
2017-11-21,0.02833000011742115,-3.5638339609949483
2017-11-22,0.02854900062084198,-3.556133348016714
2017-11-23,0.02744399942457676,-3.5956077351206712
2017-11-24,0.02838199958205223,-3.5620001522955955
2017-11-25,0.03044700063765049,-3.4917677909043805
2017-11-26,0.03633200004696846,-3.3150563820494128
2017-11-27,0.050592999905347824,-2.9839420540503703
2017-11-28,0.11974400281906128,-2.122399124788112
2017-11-29,0.08971799910068512,-2.411083871176171
2017-11-30,0.11988300085067749,-2.1212390047258727
2017-12-01,0.1313520073890686,-2.0298744802184636
2017-12-02,0.13235099613666534,-2.0222978238041787
2017-12-03,0.13180699944496155,-2.026416551761151
2017-12-04,0.13586999475955963,-1.9960567713154234
2017-12-05,0.12748800218105316,-2.0597330193521493
2017-12-06,0.11783900111913681,-2.1384359834494253
2017-12-07,0.10550100356340408,-2.249034813661931
2017-12-08,0.11546500027179718,-2.1587878228923434
2017-12-09,0.11960899829864502,-2.123527203684993
2017-12-10,0.11028099805116653,-2.2047236427118304
2017-12-11,0.12138299643993378,-2.108804472440397
2017-12-12,0.1338910013437271,-2.0107292328470763
2017-12-13,0.1342809945344925,-2.0078207004746407
2017-12-14,0.24075299501419067,-1.4239837880315809
2017-12-15,0.21346700191497803,-1.5442730160340201
2017-12-16,0.4046649932861328,-0.9046957312466032
2017-12-17,0.5130109786987305,-0.6674580330681809
2017-12-18,0.5181980133056641,-0.6573978446984815
2017-12-19,0.5312730073928833,-0.6324792516476136
2017-12-20,0.4861510097980499,-0.7212359835959533
2017-12-21,0.477851003408432,-0.7384563034323874
2017-12-22,0.407150000333786,-0.8985736102491858
2017-12-23,0.41402700543403625,-0.8818240767672445
2017-12-24,0.39002901315689087,-0.9415341499154688
2017-12-25,0.416363000869751,-0.8761978009687996
2017-12-26,0.42846500873565674,-0.847546204172103
2017-12-27,0.41417598724365234,-0.8814643055214504
2017-12-28,0.4077009856700897,-0.8972212515241155
2017-12-29,0.5292990207672119,-0.6362017501724062
2017-12-30,0.6392430067062378,-0.4474706047123119
2017-12-31,0.719694972038269,-0.32892780668387683
2018-01-01,0.7286570072174072,-0.31655215533638564
2018-01-02,0.7825869917869568,-0.24515019113421022
2018-01-03,1.0796600580215454,0.07664623049729702
2018-01-04,1.1141200065612793,0.10806486152110753
2018-01-05,0.9995589852333069,-0.00044111204230637516
2018-01-06,1.02715003490448,0.026788010738254653
2018-01-07,1.0085200071334839,0.008483916721530194
2018-01-08,0.8990020155906677,-0.10647000247669229
2018-01-09,0.8147429823875427,-0.20488257451108108
2018-01-10,0.7931209802627563,-0.23177950875295558
2018-01-11,0.6884120106697083,-0.37336776757192724
2018-01-12,0.8975080251693726,-0.1081332169667856
2018-01-13,0.8841239809989929,-0.12315797617974446
2018-01-14,0.802262008190155,-0.22032003096439168
2018-01-15,0.7785869836807251,-0.2502745615402755
2018-01-16,0.626492977142334,-0.4676177143779027
2018-01-17,0.6291019916534424,-0.4634618865338121
2018-01-18,0.6598430275917053,-0.4157533092316309
2018-01-19,0.6504979729652405,-0.43001709715243297
2018-01-20,0.7075099945068359,-0.3460035230530937
2018-01-21,0.6131629943847656,-0.4891244821669526
2018-01-22,0.5704579949378967,-0.5613157408957196
2018-01-23,0.5630699992179871,-0.5743513260347067
2018-01-24,0.6222079992294312,-0.474480838237644
2018-01-25,0.6374949812889099,-0.4502088744685285
2018-01-26,0.6233819723129272,-0.47259583039728514
2018-01-27,0.616832971572876,-0.48315700230427944
2018-01-28,0.6702859997749329,-0.4000507923424934
2018-01-29,0.6232039928436279,-0.47288137744415293
2018-01-30,0.5319129824638367,-0.6312753698162996
2018-01-31,0.5193150043487549,-0.6552446351374566
2018-02-01,0.421671986579895,-0.8635275501732043
2018-02-02,0.39053401350975037,-0.9402402110378478
2018-02-03,0.438836008310318,-0.8236294930765903
2018-02-04,0.3793030083179474,-0.9694198990823863
2018-02-05,0.3273710012435913,-1.1166611908341557
2018-02-06,0.36975300312042236,-0.9949200553946715
2018-02-07,0.34044700860977173,-1.077495793669024
2018-02-08,0.35658401250839233,-1.0311854076809797
2018-02-09,0.3916020095348358,-0.937509236738244
2018-02-10,0.4058719873428345,-0.9017174712098114
2018-02-11,0.36976900696754456,-0.9948767737968114
2018-02-12,0.38431501388549805,-0.9562927140363104
2018-02-13,0.3733139932155609,-0.9853354085898646
2018-02-14,0.3969079852104187,-0.9240508004476078
2018-02-15,0.40936800837516785,-0.8931407515166806
2018-02-16,0.4038099944591522,-0.9068108223964466
2018-02-17,0.41988301277160645,-0.8677791475244627
2018-02-18,0.3856180012226105,-0.9529080336667994
2018-02-19,0.3914720118045807,-0.9378412557502577
2018-02-20,0.37877899408340454,-0.9708023730531241
2018-02-21,0.36444100737571716,-1.009390585965903
2018-02-22,0.3378709852695465,-1.0850911567512103
2018-02-23,0.3452579975128174,-1.0634633225502592
2018-02-24,0.3229660093784332,-1.130208195419477
2018-02-25,0.34403300285339355,-1.067017687683238
2018-02-26,0.3383350074291229,-1.0837187281202274
2018-02-27,0.33553600311279297,-1.0920260165162976
2018-02-28,0.31258100271224976,-1.1628916347152471
2018-03-01,0.30439698696136475,-1.1894225513308327
2018-03-02,0.293503999710083,-1.2258640121745312
2018-03-03,0.297105997800827,-1.2136663088990123
2018-03-04,0.3007870018482208,-1.2013528997808702
2018-03-05,0.2976219952106476,-1.2119310701163803
2018-03-06,0.2853569984436035,-1.2540142564771364
2018-03-07,0.2472810000181198,-1.397229937094471
2018-03-08,0.22174300253391266,-1.5062362139434942
2018-03-09,0.2222069948911667,-1.5041459221138314
2018-03-10,0.2098730057477951,-1.5612526657246573
2018-03-11,0.22349800169467926,-1.498352805931888
2018-03-12,0.22372199594974518,-1.4973510874265612
2018-03-13,0.22302600741386414,-1.5004668891479265
2018-03-14,0.19956199824810028,-1.6116303227697382
2018-03-15,0.18570899963378906,-1.6835743485032821
2018-03-16,0.17887799441814423,-1.7210513009625128
2018-03-17,0.15476299822330475,-1.8658603759638448
2018-03-18,0.15615500509738922,-1.8569061426294413
2018-03-19,0.19764800369739532,-1.6212675894807087
2018-03-20,0.20494699478149414,-1.5850038953181487
2018-03-21,0.2131890058517456,-1.5455761553195912
2018-03-22,0.20348100364208221,-1.5921826266528576
2018-03-23,0.18925899267196655,-1.6646388703722723
2018-03-24,0.1892009973526001,-1.6649453509585908
2018-03-25,0.18460500240325928,-1.6895368586713408
2018-03-26,0.1678059995174408,-1.7849467316105923
2018-03-27,0.15492600202560425,-1.8648076823439783
2018-03-28,0.16005800664424896,-1.832218987924054
2018-03-29,0.14688199758529663,-1.9181257520846773
2018-03-30,0.14720900356769562,-1.9159019090164862
2018-03-31,0.15591900050640106,-1.8584186341009594
2018-04-01,0.1507679969072342,-1.8920130680311469
2018-04-02,0.15638500452041626,-1.8554343344930855
2018-04-03,0.17244699597358704,-1.757665359446071
2018-04-04,0.1553560048341751,-1.8620359903067503
2018-04-05,0.14875799417495728,-1.9054344936478125
2018-04-06,0.14445100724697113,-1.9348148791141337
2018-04-07,0.1487939953804016,-1.9051925110237082
2018-04-08,0.1565990000963211,-1.8540668805267826
2018-04-09,0.15310600399971008,-1.8766247608907645
2018-04-10,0.15634700655937195,-1.855677341028298
2018-04-11,0.16602900624275208,-1.7955927694880998
2018-04-12,0.21223300695419312,-1.5500705184601138
2018-04-13,0.200532004237175,-1.6067814228432213
2018-04-14,0.20085300505161285,-1.6051819566178078
2018-04-15,0.2213899940252304,-1.5078294538335353
2018-04-16,0.2566460072994232,-1.3600575470833032
2018-04-17,0.2437240034341812,-1.4117188273696892
2018-04-18,0.26034098863601685,-1.3457630124707503
2018-04-19,0.2723580002784729,-1.300637900594087
2018-04-20,0.3012470006942749,-1.1998247504284127
2018-04-21,0.29058000445365906,-1.235876338012153
2018-04-22,0.2855350077152252,-1.2533906384356495
2018-04-23,0.2884730100631714,-1.2431537500509577
2018-04-24,0.31287500262260437,-1.1619515208479236
2018-04-25,0.27165400981903076,-1.3032260451179138
2018-04-26,0.2942950129508972,-1.2231725693470497
2018-04-27,0.2884890139102936,-1.2430982737926901
2018-04-28,0.3578740060329437,-1.0275742929817737
2018-04-29,0.36505699157714844,-1.0077017962811747
2018-04-30,0.34331798553466797,-1.0690981897519538
2018-05-01,0.35869300365448,-1.0252883993609667
2018-05-02,0.3724200129508972,-0.9877329945535436
2018-05-03,0.3697090148925781,-0.9950390289912177
2018-05-04,0.360181987285614,-1.0211458550264745
2018-05-05,0.36633801460266113,-1.004198834613092
2018-05-06,0.35002100467681885,-1.049762112937068
2018-05-07,0.3351759910583496,-1.0930995386603675
2018-05-08,0.3283520042896271,-1.1136690622382273
2018-05-09,0.32359299063682556,-1.1282687546108072
2018-05-10,0.29708901047706604,-1.2137234865041049
2018-05-11,0.2601270079612732,-1.3465852750813196
2018-05-12,0.27093198895454407,-1.3058874528663518
2018-05-13,0.28589001297950745,-1.2521481121300138
2018-05-14,0.27343401312828064,-1.296694954499513
2018-05-15,0.26015499234199524,-1.3464777011858833
2018-05-16,0.2563750147819519,-1.3611140049320536
2018-05-17,0.2436639964580536,-1.4119650664089929
2018-05-18,0.24554400146007538,-1.4042791157911003
2018-05-19,0.24327099323272705,-1.4135792585249085
2018-05-20,0.2561360001564026,-1.3620467249552748
2018-05-21,0.24884000420570374,-1.3909451424340815
2018-05-22,0.22440800070762634,-1.4942894521918757
2018-05-23,0.20287300646305084,-1.5951750796254787
2018-05-24,0.2089889943599701,-1.5654736869685733
2018-05-25,0.200654998421669,-1.606168271432372
2018-05-26,0.19656699895858765,-1.6267519441657141
2018-05-27,0.1935569941997528,-1.6421832662137976
2018-05-28,0.17478300631046295,-1.7442100383901986
2018-05-29,0.20318999886512756,-1.593613782672492
2018-05-30,0.21114300191402435,-1.5552196408744838
2018-05-31,0.22521400451660156,-1.4907041976314772
2018-06-01,0.22250699996948242,-1.502796717333715
2018-06-02,0.227742001414299,-1.4795418634838235
2018-06-03,0.2281540036201477,-1.477734423570067
2018-06-04,0.2140119969844818,-1.5417232048564777
2018-06-05,0.2204670011997223,-1.5120072497176051
2018-06-06,0.215720996260643,-1.5337693902192924
2018-06-07,0.21111899614334106,-1.555333341708656
2018-06-08,0.20535799860954285,-1.5830004882325057
2018-06-09,0.20209099352359772,-1.599037220020818
2018-06-10,0.1768680065870285,-1.732351550096892
2018-06-11,0.1812800019979477,-1.7077124706811055
2018-06-12,0.16658499836921692,-1.792249599106781
2018-06-13,0.16040800511837006,-1.8300346775732885
2018-06-14,0.17237499356269836,-1.758082980213424
2018-06-15,0.16274699568748474,-1.8155584577413535
2018-06-16,0.16296200454235077,-1.814238206314801
2018-06-17,0.16137999296188354,-1.8239934901738513
2018-06-18,0.1641169935464859,-1.807175730205687
2018-06-19,0.1671849936246872,-1.7886543334079237
2018-06-20,0.16198499500751495,-1.8202515714499674
2018-06-21,0.1585559993982315,-1.8416474395573625
2018-06-22,0.13983899354934692,-1.9672635642593717
2018-06-23,0.1378680020570755,-1.981458558402293
2018-06-24,0.1327030062675476,-2.019641683284554
2018-06-25,0.13526900112628937,-2.00048988220423
2018-06-26,0.12609900534152985,-2.070687923897013
2018-06-27,0.12744399905204773,-2.0600782339915793
2018-06-28,0.11931999772787094,-2.1259463383779047
2018-06-29,0.12571999430656433,-2.0736981123394056
2018-06-30,0.13767099380493164,-1.9828885431861067
2018-07-01,0.14220799505710602,-1.9504645391632267
2018-07-02,0.15827800333499908,-1.8434022773094596
2018-07-03,0.15065500140190125,-1.8927628151390976
2018-07-04,0.15095999836921692,-1.890740388724592
2018-07-05,0.14892099797725677,-1.904339328568053
2018-07-06,0.1460839956998825,-1.9235735096899922
2018-07-07,0.15037299692630768,-1.8946364252993202
2018-07-08,0.14538900554180145,-1.9283423319975317
2018-07-09,0.13997100293636322,-1.966319999708652
2018-07-10,0.12879200279712677,-2.0495565573239722
2018-07-11,0.13148300349712372,-2.0288776866903877
2018-07-12,0.12718099355697632,-2.062144060962537
2018-07-13,0.13788700103759766,-1.981320762312728
2018-07-14,0.1370919942855835,-1.9871030873676645
2018-07-15,0.14226199686527252,-1.950084873044841
2018-07-16,0.1561180055141449,-1.8571431120898825
2018-07-17,0.170864999294281,-1.7668815120924244
2018-07-18,0.17937800288200378,-1.7182599518027812
2018-07-19,0.180868998169899,-1.7099822767792392
2018-07-20,0.1621749997138977,-1.8190792816471757
2018-07-21,0.16363699734210968,-1.8101047352575244
2018-07-22,0.17027699947357178,-1.770328759309858
2018-07-23,0.16402800381183624,-1.8077181107846847
2018-07-24,0.1731719970703125,-1.753469975657986
2018-07-25,0.17273099720478058,-1.7560198240939298
2018-07-26,0.16476500034332275,-1.803235060619368
2018-07-27,0.16553999483585358,-1.7985424527206497
2018-07-28,0.1633799970149994,-1.8116765213387078
2018-07-29,0.16331300139427185,-1.8120866655535697
2018-07-30,0.15408700704574585,-1.8702378552935488
2018-07-31,0.1432970017194748,-1.942835867468962
2018-08-01,0.14090099930763245,-1.9596977677844667
2018-08-02,0.13194100558757782,-2.0254003836644037
2018-08-03,0.13025499880313873,-2.0382612205581205
2018-08-04,0.1275469958782196,-2.0592703871748594
2018-08-05,0.13172100484371185,-2.0270691928687574
2018-08-06,0.1305530071258545,-2.0359759498176846
2018-08-07,0.12537799775600433,-2.0764221226688013
2018-08-08,0.11375200003385544,-2.173734638590439
2018-08-09,0.12350700050592422,-2.091457440262101
2018-08-10,0.11635500192642212,-2.1511093998147737
2018-08-11,0.11243899911642075,-2.1853444344738127
2018-08-12,0.11297000199556351,-2.180632964578756
2018-08-13,0.10290999710559845,-2.2739004872596986
2018-08-14,0.09466200321912766,-2.35744259247222
2018-08-15,0.09504000097513199,-2.353457413107575
2018-08-16,0.09533099830150604,-2.3504002504712065
2018-08-17,0.10988699644804001,-2.208302746247008
2018-08-18,0.09978500008583069,-2.3047374067020323
2018-08-19,0.10243699699640274,-2.2785073328364263
2018-08-20,0.09376399964094162,-2.36697429577678
2018-08-21,0.09500300139188766,-2.353846794281846
2018-08-22,0.09014900028705597,-2.4062914188335007
2018-08-23,0.0924530029296875,-2.381054840014136
2018-08-24,0.09407699853181839,-2.3636416987015174
2018-08-25,0.09428200125694275,-2.3614649744005987
2018-08-26,0.0933379977941513,-2.371527989363867
2018-08-27,0.10026399791240692,-2.2999485924938794
2018-08-28,0.10548000037670135,-2.249233913925745
2018-08-29,0.1054690033197403,-2.2493381766316913
2018-08-30,0.10056000202894211,-2.297000694523712
2018-08-31,0.10219600051641464,-2.2808627358685514
2018-09-01,0.10682699829339981,-2.23654459139345
2018-09-02,0.10443200170993805,-2.2592191207155774
2018-09-03,0.10360699892044067,-2.2671503942915248
2018-09-04,0.10526499897241592,-2.2512743085214963
2018-09-05,0.08756899833679199,-2.4353282439422004
2018-09-06,0.08866599947214127,-2.4228787836471453
2018-09-07,0.08398299664258957,-2.477140921550256
2018-09-08,0.07823500037193298,-2.548038156474068
2018-09-09,0.07664299756288528,-2.568597033833805
2018-09-10,0.07350800186395645,-2.6103610097917676
2018-09-11,0.07051300257444382,-2.65195815248966
2018-09-12,0.06674499809741974,-2.706875919379652
2018-09-13,0.06982900202274323,-2.6617058537522635
2018-09-14,0.06824800372123718,-2.6846070948505254
2018-09-15,0.06932199746370316,-2.6689929994358694
2018-09-16,0.0699630007147789,-2.659788737887945
2018-09-17,0.06389900296926498,-2.7504515207052744
2018-09-18,0.06943000108003616,-2.667436212661199
2018-09-19,0.07235000282526016,-2.6262397868547462
2018-09-20,0.08149299770593643,-2.50723818014503
2018-09-21,0.08760599792003632,-2.434905813976907
2018-09-22,0.08319299668073654,-2.486592109208225
2018-09-23,0.08975400030612946,-2.410682680950997
2018-09-24,0.08275400102138519,-2.4918829151822193
2018-09-25,0.08102799952030182,-2.5129605109507303
2018-09-26,0.079475998878479,-2.5323002038027367
2018-09-27,0.08600100129842758,-2.453396339791437
2018-09-28,0.08403199911117554,-2.4765576108790204
2018-09-29,0.08460599929094315,-2.4697501012796814
2018-09-30,0.08519499748945236,-2.4628125617831857
2018-10-01,0.08446899801492691,-2.471370699335971
2018-10-02,0.08252499997615814,-2.494654001531785
2018-10-03,0.0807889997959137,-2.5159144638628153
2018-10-04,0.08130399882793427,-2.509560077562515
2018-10-05,0.08299099653959274,-2.489023152496017
2018-10-06,0.08130300045013428,-2.5095723572036674
2018-10-07,0.08465799689292908,-2.469135704777248
2018-10-08,0.08660700172185898,-2.446374615390363
2018-10-09,0.0863569974899292,-2.4492654413099015
2018-10-10,0.0846790000796318,-2.4688876410087164
2018-10-11,0.07093899697065353,-2.6459349688590676
2018-10-12,0.07321400195360184,-2.61436859278808
2018-10-13,0.07310300320386887,-2.61588582957005
2018-10-14,0.07129299640655518,-2.640957183503524
2018-10-15,0.07478900253772736,-2.593084429707618
2018-10-16,0.07581400126218796,-2.5794722901697207
2018-10-17,0.07740800082683563,-2.5586651338729935
2018-10-18,0.07513099908828735,-2.588522034562409
2018-10-19,0.07583600282669067,-2.5791821277686147
2018-10-20,0.07634200155735016,-2.572532013023303
2018-10-21,0.075873002409935,-2.578694357330463
2018-10-22,0.07577600330114365,-2.579973615596151
2018-10-23,0.07474300265312195,-2.5936996810847095
2018-10-24,0.07432100176811218,-2.5993617054485565
2018-10-25,0.07385899871587753,-2.605597426163589
2018-10-26,0.07371299713850021,-2.607576143387937
2018-10-27,0.07288599759340286,-2.6188587353247104
2018-10-28,0.07316599786281586,-2.6150244760039163
2018-10-29,0.06962700188159943,-2.664602828809079
2018-10-30,0.06964699923992157,-2.6643156631026508
2018-10-31,0.06970500200986862,-2.6634831989431627
2018-11-01,0.07086700201034546,-2.6469503697167354
2018-11-02,0.07258400321006775,-2.6230107228892545
2018-11-03,0.07147900015115738,-2.6383515766013117
2018-11-04,0.07622899860143661,-2.5740133296098033
2018-11-05,0.07614800333976746,-2.5750764200796965
2018-11-06,0.0809520035982132,-2.513898848105954
2018-11-07,0.0785439983010292,-2.544096323297256
2018-11-08,0.07649300247430801,-2.570556013257445
2018-11-09,0.0742259994149208,-2.60064079375579
2018-11-10,0.0752210021018982,-2.5873248037487326
2018-11-11,0.07648099958896637,-2.5707129403849884
2018-11-12,0.07600100338459015,-2.5770087363541396
2018-11-13,0.07360299676656723,-2.6090695371391637
2018-11-14,0.06482400000095367,-2.7360793738090012
2018-11-15,0.06354299932718277,-2.756038447490543
2018-11-16,0.06115100160241127,-2.7944090375487347
2018-11-17,0.060674998909235,-2.8022235453466457
2018-11-18,0.06191600114107132,-2.781976632841161
2018-11-19,0.05258199945092201,-2.945381433569588
2018-11-20,0.044776998460292816,-3.106060698635694
2018-11-21,0.04777999967336655,-3.04114814392067
2018-11-22,0.04425499960780144,-3.11778692842354
2018-11-23,0.04341199994087219,-3.137019379760384
2018-11-24,0.038458000868558884,-3.258188519669133
2018-11-25,0.03772500157356262,-3.2774322326168237
2018-11-26,0.03580600023269653,-3.329639795354242
2018-11-27,0.0364609993994236,-3.311512099261882
2018-11-28,0.042020998895168304,-3.1695858119494886
2018-11-29,0.0418660007417202,-3.17328121959328
2018-11-30,0.03891599923372269,-3.2463498215595026
2018-12-01,0.041467998176813126,-3.1828332774873878
2018-12-02,0.0416719987988472,-3.177925867363225
2018-12-03,0.03867100179195404,-3.2526652675191774
2018-12-04,0.03769899904727936,-3.2781217353506853
2018-12-05,0.034251000732183456,-3.3740394962428426
2018-12-06,0.03079799935221672,-3.480305547209207
2018-12-07,0.029864000156521797,-3.511101532128701
2018-12-08,0.030678000301122665,-3.48420948384063
2018-12-09,0.031693000346422195,-3.4516594317419855
2018-12-10,0.030202999711036682,-3.4998140313540076
2018-12-11,0.029550999402999878,-3.521637714957442
2018-12-12,0.030609000474214554,-3.4864611801282086
2018-12-13,0.029190000146627426,-3.533929089092906
2018-12-14,0.02835799939930439,-3.562846122849351
2018-12-15,0.02827399969100952,-3.5658126354657282
2018-12-16,0.029102999716997147,-3.5369140270590624
2018-12-17,0.03282399848103523,-3.4165953701182943
2018-12-18,0.034735001623630524,-3.3600074080939364
2018-12-19,0.03454500064253807,-3.365492438441348
2018-12-20,0.03940099850296974,-3.233964120284402
2018-12-21,0.04079600051045418,-3.199171229081507
2018-12-22,0.04200899973511696,-3.169871404245775
2018-12-23,0.04422999918460846,-3.1183520055371616
2018-12-24,0.045715998858213425,-3.085306957922431
2018-12-25,0.04151099920272827,-3.1817968458330563
2018-12-26,0.0411980003118515,-3.1893655599246813
2018-12-27,0.03694399818778038,-3.29835207542315
2018-12-28,0.04186199977993965,-3.173376790053787
2018-12-29,0.04150800034403801,-3.1818690909506304
2018-12-30,0.04328000172972679,-3.140064604477951
2018-12-31,0.04106299951672554,-3.1926478180204176
2019-01-01,0.04254699870944023,-3.1571459620688334
2019-01-02,0.04525800049304962,-3.09537581798839
2019-01-03,0.04268199950456619,-3.1539780048979162
2019-01-04,0.04381199926137924,-3.127847543379506
2019-01-05,0.044700998812913895,-3.1077594328043383
2019-01-06,0.049261000007390976,-3.0106225858991498
2019-01-07,0.047995999455451965,-3.0366376162256907
2019-01-08,0.04852500185370445,-3.0256761117260447
2019-01-09,0.05216899886727333,-2.95326685194846
2019-01-10,0.04452899843454361,-3.111614651827285
2019-01-11,0.04414699971675873,-3.120230310826628
2019-01-12,0.04370399937033653,-3.130315662296177
2019-01-13,0.040240999311208725,-3.2128689197214535
2019-01-14,0.04405900090932846,-3.12222561354982
2019-01-15,0.042810000479221344,-3.1509835476311374
2019-01-16,0.044776998460292816,-3.106060698635694
2019-01-17,0.04531800001859665,-3.0940509740124122
2019-01-18,0.04431600123643875,-3.1164094654232066
2019-01-19,0.04574999958276749,-3.084563496380443
2019-01-20,0.043476998805999756,-3.13552324381246
2019-01-21,0.04293699935078621,-3.148021369020124
2019-01-22,0.043577998876571655,-3.1332028689097644
2019-01-23,0.042899999767541885,-3.14888345846677
2019-01-24,0.04302699863910675,-3.1459274849917547
2019-01-25,0.04269099980592728,-3.1537671583429843
2019-01-26,0.04264900088310242,-3.1547514312718907
2019-01-27,0.04116800054907799,-3.1900940101052537
2019-01-28,0.03877200186252594,-3.250056894313864
2019-01-29,0.03825100138783455,-3.2635855389781785
2019-01-30,0.03965599834918976,-3.2275130598921242
2019-01-31,0.038373999297618866,-3.260375150349798
2019-02-01,0.03867800161242485,-3.2524842743536073
2019-02-02,0.03931700065732002,-3.2360982669453184
2019-02-03,0.03802900016307831,-3.2694062481296666
2019-02-04,0.03785699978470802,-3.273939381330233
2019-02-05,0.03789599984884262,-3.2729097173494286
2019-02-06,0.0366629995405674,-3.3059872193893973
2019-02-07,0.036396000534296036,-3.313296385807617
2019-02-08,0.04075099900364876,-3.2002749241688
2019-02-09,0.041058000177145004,-3.192769573469215
2019-02-10,0.042830001562833786,-3.1505164508656267
2019-02-11,0.04173300042748451,-3.176463085993273
2019-02-12,0.04175100103020668,-3.176031851201293
2019-02-13,0.04111799970269203,-3.1913093043809995
2019-02-14,0.040539998561143875,-3.2054661734505414
2019-02-15,0.0406000018119812,-3.2039871677443723
2019-02-16,0.041025999933481216,-3.193549268543573
2019-02-17,0.04145200178027153,-3.1832191047123835
2019-02-18,0.045605000108480453,-3.0877379169713186
2019-02-19,0.04615800082683563,-3.0756849673641247
2019-02-20,0.047550998628139496,-3.045952488567957
2019-02-21,0.04496899992227554,-3.101781917222089
2019-02-22,0.04616300016641617,-3.075576663954681
2019-02-23,0.04859299957752228,-3.0242758000654466
2019-02-24,0.0424560010433197,-3.159287008882403
2019-02-25,0.04404300078749657,-3.122588831676529
2019-02-26,0.04330400004982948,-3.13951026833677
2019-02-27,0.04326999932527542,-3.140295740338701
2019-02-28,0.043122999370098114,-3.143698796124743
2019-03-01,0.043278999626636505,-3.140087758698185
2019-03-02,0.042837999761104584,-3.150329725409904
2019-03-03,0.04231199994683266,-3.162684546475013
2019-03-04,0.04060199856758118,-3.203937987783508
2019-03-05,0.04321200028061867,-3.1416370380333998
2019-03-06,0.04284299910068512,-3.1502130288341723
2019-03-07,0.04294399917125702,-3.147858356931146
2019-03-08,0.042663998901844025,-3.1543998314234756
2019-03-09,0.04672800004482269,-3.0634117212849032
2019-03-10,0.04569799825549126,-3.0857007838905135
2019-03-11,0.04763299971818924,-3.0442294865558326
2019-03-12,0.04739699885249138,-3.0491963676338907
2019-03-13,0.04659000039100647,-3.066369344760934
2019-03-14,0.048055000603199005,-3.0354090781546263
2019-03-15,0.05007699877023697,-2.9941934826954166
2019-03-16,0.051621001213788986,-2.963826689029534
2019-03-17,0.050207000225782394,-2.9916008152775118
2019-03-18,0.05045200139284134,-2.9867328621499336
2019-03-19,0.05259399861097336,-2.9451532605962005
2019-03-20,0.05389099940657616,-2.920791801902029
2019-03-21,0.05290000140666962,-2.939351913526776
2019-03-22,0.05806199833750725,-2.8462439024883373
2019-03-23,0.0637810006737709,-2.752299928063114
2019-03-24,0.06170399859547615,-2.785406543112721
2019-03-25,0.05902500078082085,-2.829794182781914
2019-03-26,0.062369998544454575,-2.7746709117813744
2019-03-27,0.0675949975848198,-2.6942212988959295
2019-03-28,0.06582800298929214,-2.7207099538383535
2019-03-29,0.07128900289535522,-2.6410132005494424
2019-03-30,0.07173900306224823,-2.63472070351417
2019-03-31,0.0697460025548935,-2.662895170963956
2019-04-01,0.07232999801635742,-2.626516325545842
2019-04-02,0.08546700328588486,-2.459624904009091
2019-04-03,0.09072300046682358,-2.399944365620794
2019-04-04,0.08737000077962875,-2.4376032957488336
2019-04-05,0.0912259966135025,-2.3944153719344006
2019-04-06,0.09028899669647217,-2.4047396787360933
2019-04-07,0.09048400074243546,-2.4025822312813907
2019-04-08,0.087008997797966,-2.441743742710213
2019-04-09,0.08374900370836258,-2.4799310043672707
2019-04-10,0.08996400237083435,-2.408345662320067
2019-04-11,0.08338499814271927,-2.484286864182154
2019-04-12,0.08346299827098846,-2.483351879817606
2019-04-13,0.08373100310564041,-2.4801459625958246
2019-04-14,0.08464299887418747,-2.4693128805665916
2019-04-15,0.08230700343847275,-2.497299078461862
2019-04-16,0.08378300070762634,-2.4795251475896487
2019-04-17,0.08307400345802307,-2.488023460503791
2019-04-18,0.08177500218153,-2.503783678880466
2019-04-19,0.0794999971985817,-2.5319982925598175
2019-04-20,0.07650599628686905,-2.570386158386531
2019-04-21,0.07410600036382675,-2.6022587733886597
2019-04-22,0.0780399963259697,-2.5505338103060375
2019-04-23,0.07452400028705597,-2.59663405397217
2019-04-24,0.07264500111341476,-2.6221706991320435
2019-04-25,0.06924399733543396,-2.6701188187484766
2019-04-26,0.06921900063753128,-2.67047987836065
2019-04-27,0.0701960027217865,-2.6564639108566808
2019-04-28,0.06859099864959717,-2.6795939678801908
2019-04-29,0.06463100016117096,-2.739061104642623
2019-04-30,0.07034599781036377,-2.6543293867292332
2019-05-01,0.06901399791240692,-2.6734459266641153
2019-05-02,0.06857900321483612,-2.679768866686469
2019-05-03,0.06985799968242645,-2.66129067324519
2019-05-04,0.066880002617836,-2.704855271063407
2019-05-05,0.06614600121974945,-2.715890840441111
2019-05-06,0.06678000092506409,-2.7063516306142166
2019-05-07,0.06403599679470062,-2.7483099038209375
2019-05-08,0.06460600346326828,-2.739447939643642
2019-05-09,0.06169100105762482,-2.7856172086653928
2019-05-10,0.06342799961566925,-2.757849880714139
2019-05-11,0.07517100125551224,-2.587989743999704
2019-05-12,0.07008600234985352,-2.6580321860523792
2019-05-13,0.07307200133800507,-2.6163100042287173
2019-05-14,0.08450499922037125,-2.4709445839977757
2019-05-15,0.09395100176334381,-2.3649818904509963
2019-05-16,0.08816099911928177,-2.428590600619045
2019-05-17,0.08325999975204468,-2.4857870401933924
2019-05-18,0.0791039988398552,-2.5369918512530365
2019-05-19,0.08699599653482437,-2.4418931782274598
2019-05-20,0.08484800159931183,-2.466893839738223
2019-05-21,0.0846169963479042,-2.469620130090659
2019-05-22,0.07795500010251999,-2.551623540538505
2019-05-23,0.08068999648094177,-2.5171406707337964
2019-05-24,0.08086899667978287,-2.514924758532513
2019-05-25,0.08050200343132019,-2.519473207521712
2019-05-26,0.08601400256156921,-2.4532451754990827
2019-05-27,0.09169500321149826,-2.3892873918096385
2019-05-28,0.09281499683856964,-2.3771470483825827
2019-05-29,0.09086699783802032,-2.3983584038087593
2019-05-30,0.08450999855995178,-2.4708854254657204
2019-05-31,0.08944100141525269,-2.414176073134756
2019-06-01,0.09053300321102142,-2.402040818389643
2019-06-02,0.09657800197601318,-2.3374042865120406
2019-06-03,0.08870799839496613,-2.422405220169806
2019-06-04,0.08248600363731384,-2.495126652915224
2019-06-05,0.08343800157308578,-2.4836514190428107
2019-06-06,0.08347199857234955,-2.4832440498054456
2019-06-07,0.08580700308084488,-2.455654654830164
2019-06-08,0.0842130035161972,-2.4744059335985273
2019-06-09,0.07947000116109848,-2.532375672419523
2019-06-10,0.08553700149059296,-2.45880623068376
2019-06-11,0.0879649966955185,-2.4308163084569956
2019-06-12,0.09652499854564667,-2.3379532518989525
2019-06-13,0.08973900228738785,-2.4108497963099227
2019-06-14,0.09061899781227112,-2.4010913990376785
2019-06-15,0.09168300032615662,-2.3894183004805503
2019-06-16,0.0923210009932518,-2.382483633633254
2019-06-17,0.09355700016021729,-2.369184401052778
2019-06-18,0.08914799988269806,-2.4174573703402786
2019-06-19,0.08997900038957596,-2.4081789648820306
2019-06-20,0.08738499879837036,-2.4374316495147954
2019-06-21,0.08956199884414673,-2.412824169008601
2019-06-22,0.09436699748039246,-2.3605638699179887
2019-06-23,0.09664399921894073,-2.3367211630055467
2019-06-24,0.09771899878978729,-2.3256592783492676
2019-06-25,0.09635700285434723,-2.3396952053478035
2019-06-26,0.09681999683380127,-2.334901727172497
2019-06-27,0.08644899725914001,-2.4482006660046647
2019-06-28,0.08929499983787537,-2.415809785524281
2019-06-29,0.09042199701070786,-2.4032677114194243
2019-06-30,0.08209799975156784,-2.499841626382453
2019-07-01,0.08382199704647064,-2.479059811351821
2019-07-02,0.08107700198888779,-2.5123559340453623
2019-07-03,0.08299800008535385,-2.4889387668330194
2019-07-04,0.07777400314807892,-2.553948053405888
2019-07-05,0.07653199881315231,-2.570046340467243
2019-07-06,0.07733500003814697,-2.559608643998765
2019-07-07,0.07996399700641632,-2.526178783025284
2019-07-08,0.08047600090503693,-2.5197962644091
2019-07-09,0.0779929980635643,-2.551136224737813
2019-07-10,0.07193999737501144,-2.6319228772032415
2019-07-11,0.06519900262355804,-2.7303111073512256
2019-07-12,0.06975399702787399,-2.6627805548634087
2019-07-13,0.06677000224590302,-2.7065013674759513
2019-07-14,0.059429001063108444,-2.8229729383750137
2019-07-15,0.059537000954151154,-2.8211572949326786
2019-07-16,0.05205199867486954,-2.955512085525447
2019-07-17,0.0552389994263649,-2.8960860638135477
2019-07-18,0.058772001415491104,-2.8340897038839907
2019-07-19,0.059787001460790634,-2.816967008529565
2019-07-20,0.0629580020904541,-2.7652874083743617
2019-07-21,0.0612029992043972,-2.793559084056844
2019-07-22,0.05946600064635277,-2.822350547460228
2019-07-23,0.05581200122833252,-2.8857663569437824
2019-07-24,0.059046000242233276,-2.8294384737347835
2019-07-25,0.058664001524448395,-2.835929002204542
2019-07-26,0.06288400292396545,-2.7664634731551057
2019-07-27,0.05987099930644035,-2.8155630429124128
2019-07-28,0.059473998844623566,-2.822216056148355
2019-07-29,0.06039299815893173,-2.8068821052821322
2019-07-30,0.05994400009512901,-2.8143444843331626
2019-07-31,0.060152001678943634,-2.8108805589947274
2019-08-01,0.05887199938297272,-2.832389693838667
2019-08-02,0.05741199851036072,-2.857501964219483
2019-08-03,0.0577629990875721,-2.851406862484242
2019-08-04,0.05627100169658661,-2.87757594408554
2019-08-05,0.05668000131845474,-2.8703338408982826
2019-08-06,0.05336900055408478,-2.9305252155479105
2019-08-07,0.051906000822782516,-2.9583208727044497
2019-08-08,0.05197000131011009,-2.9570886247528185
2019-08-09,0.047641001641750336,-3.044061509490407
2019-08-10,0.05198099836707115,-2.9568770431992744
2019-08-11,0.05498100072145462,-2.900767594856398
2019-08-12,0.05293799936771393,-2.9386338734580124
2019-08-13,0.05256099998950958,-2.945780879311167
2019-08-14,0.04699999839067459,-3.0576077115130453
2019-08-15,0.04751899838447571,-3.046625681917654
2019-08-16,0.04684099927544594,-3.0609964066747612
2019-08-17,0.04739300161600113,-3.0492807064137804
2019-08-18,0.05073099955916405,-2.9812181240856446
2019-08-19,0.05029800161719322,-2.989789931946125
2019-08-20,0.049194999039173126,-3.011963306195395
2019-08-21,0.047113001346588135,-3.0552062789684404
2019-08-22,0.04941000044345856,-3.0076024371494015
2019-08-23,0.049789998680353165,-2.9999411448323006
2019-08-24,0.05017700046300888,-2.99219851537834
2019-08-25,0.04943900182843208,-3.0070156555908807
2019-08-26,0.04969700053334236,-3.0018106991425793
2019-08-27,0.04983900114893913,-2.998957445856673
2019-08-28,0.04582500085234642,-3.0829254666563375
2019-08-29,0.044697001576423645,-3.1078488584397106
2019-08-30,0.0448249988257885,-3.104989285686401
2019-08-31,0.04498999938368797,-3.101315049827923
2019-09-01,0.04454300180077553,-3.111300223807025
2019-09-02,0.04536199942231178,-3.0930805415589626
2019-09-03,0.04677100107073784,-3.0624919033524356
2019-09-04,0.045517001301050186,-3.089669367848729
2019-09-05,0.044436998665332794,-3.1136828532751095
2019-09-06,0.04441500082612038,-3.114178010160442
2019-09-07,0.04619799926877022,-3.0748187877029447
2019-09-08,0.04671899974346161,-3.0636043502919192
2019-09-09,0.04693099856376648,-3.059076871674361
2019-09-10,0.046509999781847,-3.0680879404365853
2019-09-11,0.04498999938368797,-3.101315049827923
2019-09-12,0.045451998710632324,-3.0910984832940525
2019-09-13,0.04575299844145775,-3.084497949704245
2019-09-14,0.04652399942278862,-3.0677869829120894
2019-09-15,0.04679900035262108,-3.061893436273393
2019-09-16,0.04707099869847298,-3.056098206490729
2019-09-17,0.049008000642061234,-3.0157717157905664
2019-09-18,0.05329199880361557,-2.9319690753337784
2019-09-19,0.05250399932265282,-2.9468659347115835
2019-09-20,0.05234000086784363,-2.94999436529925
2019-09-21,0.05192200094461441,-2.958012668334026
2019-09-22,0.04911100119352341,-3.013672212384089
2019-09-23,0.04626400023698807,-3.0733911530037044
2019-09-24,0.03757299855351448,-3.281469610137279
2019-09-25,0.039395999163389206,-3.2340910119106137
2019-09-26,0.03822899982333183,-3.2641608937051982
2019-09-27,0.039531998336315155,-3.2306448505527103
2019-09-28,0.03882699832320213,-3.2486394412602766
2019-09-29,0.0374860018491745,-3.283787699715609
2019-09-30,0.038885001093149185,-3.2471466787228693
2019-10-01,0.03850699961185455,-3.25691524611337
2019-10-02,0.039445001631975174,-3.232847941061649
2019-10-03,0.03836100175976753,-3.2607139146111273
2019-10-04,0.039666999131441116,-3.2272356931089394
2019-10-05,0.039730001240968704,-3.2256486779205757
2019-10-06,0.03932400047779083,-3.2359202473273516
2019-10-07,0.0416719987988472,-3.177925867363225
2019-10-08,0.04144100099802017,-3.183484525965016
2019-10-09,0.042628999799489975,-3.155220510842685
2019-10-10,0.04166100174188614,-3.1781897977858313
2019-10-11,0.040623001754283905,-3.2034208271288422
2019-10-12,0.04054199904203415,-3.2054168288130183
2019-10-13,0.04132499918341637,-3.186287655035089
2019-10-14,0.04178899899125099,-3.175122156117382
2019-10-15,0.03976599872112274,-3.224743035306316
2019-10-16,0.03874099999666214,-3.250856808309537
2019-10-17,0.03952400013804436,-3.230847193156749
2019-10-18,0.03807299956679344,-3.2682499208643145
2019-10-19,0.03922500088810921,-3.2384409577216338
2019-10-20,0.03952899947762489,-3.230720712451108
2019-10-21,0.0392800010740757,-3.2370397681517864
2019-10-22,0.038816001266241074,-3.248922713598871
2019-10-23,0.03640900179743767,-3.312939232786164
2019-10-24,0.03768499940633774,-3.2784931574399816
2019-10-25,0.04124600067734718,-3.1882011241781516
2019-10-26,0.040546998381614685,-3.2052935238087463
2019-10-27,0.04233499988913536,-3.1621411145066434
2019-10-28,0.0423629991710186,-3.161479958795437
2019-10-29,0.04344400018453598,-3.1362825223166726
2019-10-30,0.0419670008122921,-3.1708716644642383
2019-10-31,0.04163600131869316,-3.1787900696569693
2019-11-01,0.04234499856829643,-3.161904962419027
2019-11-02,0.04259900003671646,-3.15592449929883
2019-11-03,0.041930001229047775,-3.1717536884875708
2019-11-04,0.04323599860072136,-3.1410818297919207
2019-11-05,0.0443280003964901,-3.116138738472627
2019-11-06,0.04495599865913391,-3.1020710751523044
2019-11-07,0.043637000024318695,-3.1318498640942782
2019-11-08,0.04229699820280075,-3.1630391599207974
2019-11-09,0.042445000261068344,-3.1595461526414614
2019-11-10,0.04395800083875656,-3.1245206273061927
2019-11-11,0.0431939996778965,-3.1420536897240514
2019-11-12,0.04376700147986412,-3.1288751364119425
2019-11-13,0.04349200055003166,-3.135178253199902
2019-11-14,0.043118998408317566,-3.143791580658647
2019-11-15,0.043974000960588455,-3.124156706965905
2019-11-16,0.044172000139951706,-3.1196641716289175
2019-11-17,0.04542100057005882,-3.091780713263816
2019-11-18,0.04380200058221817,-3.128075787249717
2019-11-19,0.042541999369859695,-3.1572634705528713
2019-11-20,0.04117799922823906,-3.1898511645696543
2019-11-21,0.038405999541282654,-3.259541593538114
2019-11-22,0.03714799880981445,-3.2928453771073967
2019-11-23,0.038343001157045364,-3.261183266988268
2019-11-24,0.03558799996972084,-3.3357467774504412
2019-11-25,0.03604799881577492,-3.3229039281435884
2019-11-26,0.03699300065636635,-3.2970265556826464
2019-11-27,0.039048999547958374,-3.2429380227952262
2019-11-28,0.03919000178575516,-3.239333621203995
2019-11-29,0.041423000395298004,-3.183918987316209
2019-11-30,0.040424998849630356,-3.2083069019758534
2019-12-01,0.03958699852228165,-3.2292545347749635
2019-12-02,0.03805600106716156,-3.268696491810283
2019-12-03,0.03791699931025505,-3.272355736839954
2019-12-04,0.037404999136924744,-3.285950916731563
2019-12-05,0.03787099942564964,-3.273569646456816
2019-12-06,0.0383169986307621,-3.2618616527788356
2019-12-07,0.038757000118494034,-3.250443891278505
2019-12-08,0.038947999477386475,-3.245527869283865
2019-12-09,0.03748299926519394,-3.283867801729442
2019-12-10,0.03660599887371063,-3.3075431483522566
2019-12-11,0.0366550013422966,-3.306205397686847
2019-12-12,0.036722999066114426,-3.304352042651188
2019-12-13,0.03710800036787987,-3.2939226892773505
2019-12-14,0.03642699867486954,-3.3124450574420647
2019-12-15,0.036653000861406326,-3.306259975108974
2019-12-16,0.034269001334905624,-3.373514084608481
2019-12-17,0.03180000185966492,-3.4482889307159788
2019-12-18,0.03446200117468834,-3.367897977174748
2019-12-19,0.033250998705625534,-3.4036704760719387
2019-12-20,0.03400399908423424,-3.3812771411581437
2019-12-21,0.03326199948787689,-3.403339690130831
2019-12-22,0.03446599841117859,-3.3677819942209775
2019-12-23,0.03319999948143959,-3.405205418678984
2019-12-24,0.0341619998216629,-3.3766413689866033
2019-12-25,0.03372799977660179,-3.3894269326867636
2019-12-26,0.03428100049495697,-3.3731639997112204
2019-12-27,0.03310000151395798,-3.408221950860209
2019-12-28,0.03363199904561043,-3.3922773126650223
2019-12-29,0.03428399935364723,-3.373076524798399
2019-12-30,0.033594001084566116,-3.393407767102808
2019-12-31,0.03284500166773796,-3.415955701861695
2020-01-01,0.03345799818634987,-3.3974644122798203
2020-01-02,0.03275100141763687,-3.4188217397305953
2020-01-03,0.03418000042438507,-3.376114588878511
2020-01-04,0.034595001488924026,-3.364046072992658
2020-01-05,0.034720998257398605,-3.360410637950123
2020-01-06,0.037271998822689056,-3.2895129360546496
2020-01-07,0.037046998739242554,-3.2955679362096393
2020-01-08,0.036435000598430634,-3.3122254114352825
2020-01-09,0.03635900095105171,-3.314313486644085
2020-01-10,0.03687399998307228,-3.300248583793007
2020-01-11,0.03682500123977661,-3.3015782829667333
2020-01-12,0.037689998745918274,-3.278360504976687
2020-01-13,0.036965999752283096,-3.297756714422858
2020-01-14,0.04165999963879585,-3.178213851819598
2020-01-15,0.04255300015211105,-3.1570049175856125
2020-01-16,0.041391000151634216,-3.184691809424672
2020-01-17,0.04497800022363663,-3.1015817926737097
2020-01-18,0.04485100135207176,-3.1044093640360053
2020-01-19,0.041978999972343445,-3.1705857863992697
2020-01-20,0.043873000890016556,-3.126456161994473
2020-01-21,0.04598899930715561,-3.079353056589503
2020-01-22,0.04565399885177612,-3.086664077710261
2020-01-23,0.043333999812603,-3.1388177370221015
2020-01-24,0.04500399902462959,-3.101003925946283
2020-01-25,0.043248001486063004,-3.1408042550866186
2020-01-26,0.04458099976181984,-3.1104475250349672
2020-01-27,0.047912001609802246,-3.038389250420831
2020-01-28,0.05285700038075447,-2.940165117902053
2020-01-29,0.05351400002837181,-2.9278119765398363
2020-01-30,0.0560699999332428,-2.8811543700371605
2020-01-31,0.05379299819469452,-2.9226119653640317
2020-02-01,0.056092001497745514,-2.880762052416144
2020-02-02,0.055768001824617386,-2.8865550180800406
2020-02-03,0.05697900056838989,-2.8650724901085005
2020-02-04,0.05599600076675415,-2.882475005676542
2020-02-05,0.059230998158454895,-2.8263102565905385
2020-02-06,0.05975700169801712,-2.8174689118055234
2020-02-07,0.059790000319480896,-2.816916850745941
2020-02-08,0.05994400009512901,-2.8143444843331626
2020-02-09,0.0618089996278286,-2.7837063000750195
2020-02-10,0.06039400026202202,-2.8068655123854893
2020-02-11,0.06322800368070602,-2.761007979753761
2020-02-12,0.06837300211191177,-2.6827772382367376
2020-02-13,0.0685809999704361,-2.6797397509741074
2020-02-14,0.07057999819517136,-2.6510084863064023
2020-02-15,0.06386300176382065,-2.7510150874162447
2020-02-16,0.06265400350093842,-2.770127697033089
2020-02-17,0.06004200130701065,-2.81271093987749
2020-02-18,0.06259699910879135,-2.771037939584369
2020-02-19,0.05764500051736832,-2.853451757322143
2020-02-20,0.0582600012421608,-2.84283950612986
2020-02-21,0.058639999479055405,-2.8363382302875166
2020-02-22,0.05833600088953972,-2.8415358652373293
2020-02-23,0.06151000037789345,-2.7885555096182504
2020-02-24,0.058959998190402985,-2.830896061793
2020-02-25,0.05636399984359741,-2.8759246249241452
2020-02-26,0.0494530014693737,-3.0067325257003277
2020-02-27,0.049685001373291016,-3.002052174658859
2020-02-28,0.04861599951982498,-3.023802594025976
2020-02-29,0.047540999948978424,-3.0461627834265683
2020-03-01,0.04593199864029884,-3.0805932666706757
2020-03-02,0.04895300045609474,-3.016894615539019
2020-03-03,0.048760998994112015,-3.0208244865946923
2020-03-04,0.049003999680280685,-3.015853358074564
2020-03-05,0.05105699971318245,-2.9748126289190826
2020-03-06,0.051447998732328415,-2.9671837147894364
2020-03-07,0.048944998532533646,-3.01705809025069
2020-03-08,0.04329099878668785,-3.139810545798841
2020-03-09,0.041482001543045044,-3.1824956435775085
2020-03-10,0.04149499908089638,-3.18218236308147
2020-03-11,0.03964899852871895,-3.2276895890079316
2020-03-12,0.02396100014448166,-3.731327764348908
2020-03-13,0.028436999768018723,-3.5600641730008498
2020-03-14,0.026009000837802887,-3.6493126147998844
2020-03-15,0.02711999975144863,-3.607483825074816
2020-03-16,0.02412099950015545,-3.724672469335132
2020-03-17,0.02524299919605255,-3.679206421266582
2020-03-18,0.025335999205708504,-3.6755290010961104
2020-03-19,0.03045099973678589,-3.4916364532868376
2020-03-20,0.029368000105023384,-3.5278496292114876
2020-03-21,0.029413999989628792,-3.5262845278566095
2020-03-22,0.02708899974822998,-3.608627546851053
2020-03-23,0.029082000255584717,-3.537635844102427
2020-03-24,0.030162999406456947,-3.501139290970975
2020-03-25,0.029438000172376633,-3.52546891635616
2020-03-26,0.030727000907063484,-3.482613502556444
2020-03-27,0.029301000759005547,-3.5301336079449457
2020-03-28,0.029771000146865845,-3.5142205087221425
2020-03-29,0.028248999267816544,-3.566697246165224
2020-03-30,0.02987300045788288,-3.5108002012504644
2020-03-31,0.030553000047802925,-3.488292396948547
2020-04-01,0.030855000019073486,-3.478456466590942
2020-04-02,0.03198400139808655,-3.442519457512033
2020-04-03,0.032294999808073044,-3.432842865440632
2020-04-04,0.03250499814748764,-3.426361412317319
2020-04-05,0.032003000378608704,-3.441925618746254
2020-04-06,0.03561599925160408,-3.334960324901916
2020-04-07,0.03513700142502785,-3.348500532105855
2020-04-08,0.03631399944424629,-3.315551952437779
2020-04-09,0.036198001354932785,-3.3187513728643077
2020-04-10,0.0332150012254715,-3.404753660969811
2020-04-11,0.03335399925708771,-3.400577596056309
2020-04-12,0.03380599990487099,-3.3871169802681194
2020-04-13,0.03310700133442879,-3.4080104982888573
2020-04-14,0.0329740010201931,-3.412035875903832
2020-04-15,0.031863000243902206,-3.446309809319909
2020-04-16,0.034407999366521835,-3.369466201911483
2020-04-17,0.03457299992442131,-3.364682250554397
2020-04-18,0.036552999168634415,-3.3089920395554233
2020-04-19,0.035815998911857605,-3.329360588424934
2020-04-20,0.03417700156569481,-3.3762023299614983
2020-04-21,0.034699998795986176,-3.361015626727129
2020-04-22,0.03655900061130524,-3.3088278683468015
2020-04-23,0.04060500115156174,-3.2038640388876662
2020-04-24,0.041868001222610474,-3.1732334377879505
2020-04-25,0.04240800067782402,-3.1604182393132323
2020-04-26,0.045878998935222626,-3.081747806156424
2020-04-27,0.04660100117325783,-3.066133253676649
2020-04-28,0.04719499871134758,-3.05346735151008
2020-04-29,0.051695000380277634,-2.9623942065873026
2020-04-30,0.047846000641584396,-3.0397677457343844
2020-05-01,0.051259998232126236,-2.970844592534581
2020-05-02,0.0510139986872673,-2.9756551998576053
2020-05-03,0.04892899841070175,-3.0173850437311676
2020-05-04,0.04966399818658829,-3.00247499093499
2020-05-05,0.04935799911618233,-3.0086554367507508
2020-05-06,0.04976699873805046,-3.0004031905610447
2020-05-07,0.05110599845647812,-2.973853402037911
2020-05-08,0.052303001284599304,-2.9507015236189686
2020-05-09,0.051736000925302505,-2.9616013969527653
2020-05-10,0.04767699912190437,-3.0433061960852363
2020-05-11,0.04810800030827522,-3.034306789125784
2020-05-12,0.05042099952697754,-2.987347533401055
2020-05-13,0.051472000777721405,-2.966717293375865
2020-05-14,0.0508899986743927,-2.9780888644298793
2020-05-15,0.0504629984498024,-2.9865149152238724
2020-05-16,0.05093200132250786,-2.9772638433048
2020-05-17,0.051343001425266266,-2.9692266435170267
2020-05-18,0.05425199866294861,-2.914115445526869
2020-05-19,0.05644899979233742,-2.8744177070139907
2020-05-20,0.05687500163912773,-2.866899372891195
2020-05-21,0.05224600061774254,-2.951791934267897
2020-05-22,0.05583300068974495,-2.885390174198486
2020-05-23,0.05532199889421463,-2.8945846395373116
2020-05-24,0.05264100059866905,-2.9442599838123527
2020-05-25,0.05401099845767021,-2.9185675780147875
2020-05-26,0.05342999845743179,-2.929382921883283
2020-05-27,0.05518300086259842,-2.897100328514795
2020-05-28,0.06455899775028229,-2.740175779455038
2020-05-29,0.06465999782085419,-2.7386125403864563
2020-05-30,0.07695800065994263,-2.564495451912994
2020-05-31,0.07435200363397598,-2.59894465776422
2020-06-01,0.08116800338029861,-2.5112341565120984
2020-06-02,0.07845599949359894,-2.5452173273467045
2020-06-03,0.08543899655342102,-2.4599526482982426
2020-06-04,0.08900000154972076,-2.4191188918374045
2020-06-05,0.08544199913740158,-2.4599175059002394
2020-06-06,0.08602599799633026,-2.4531057261298477
2020-06-07,0.08665399998426437,-2.4458321013439783
2020-06-08,0.08642999827861786,-2.4484204611340794
2020-06-09,0.08340699970722198,-2.484023043796117
2020-06-10,0.08353099972009659,-2.482537461890198
2020-06-11,0.0753600001335144,-2.5854786469423416
2020-06-12,0.0795539990067482,-2.5313192551067534
2020-06-13,0.07902800291776657,-2.537953022010311
2020-06-14,0.07674799859523773,-2.567227969789853
2020-06-15,0.07838699966669083,-2.54609718595345
2020-06-16,0.0790729969739914,-2.537383840822711
2020-06-17,0.0834449976682663,-2.4835675747301313
2020-06-18,0.08217400312423706,-2.4989162906373252
2020-06-19,0.07960300147533417,-2.53070347986613
2020-06-20,0.07933899760246277,-2.534025498177142
2020-06-21,0.0784749984741211,-2.5449751956982603
2020-06-22,0.08360999822616577,-2.481592170035746
2020-06-23,0.08295000344514847,-2.4895172208128518
2020-06-24,0.0825830027461052,-2.493951397522569
2020-06-25,0.08169099688529968,-2.504811480430696
2020-06-26,0.08056099712848663,-2.518740653184594
2020-06-27,0.07767900079488754,-2.5551703181754184
2020-06-28,0.08039200305938721,-2.5208405721796137
2020-06-29,0.08387000113725662,-2.478487284426062
2020-06-30,0.08311600238084793,-2.4875180278996227
2020-07-01,0.09595400094985962,-2.343886359118886
2020-07-02,0.09432599693536758,-2.3609984440345007
2020-07-03,0.0965379998087883,-2.3378185677464005
2020-07-04,0.09995199739933014,-2.303065234250111
2020-07-05,0.09821099787950516,-2.3206370751930097
2020-07-06,0.10522100329399109,-2.2516923475225874
2020-07-07,0.11755400151014328,-2.1408574636554607
2020-07-08,0.1299079954624176,-2.0409288062958546
2020-07-09,0.1242929995059967,-2.0851136013917975
2020-07-10,0.11831600219011307,-2.1343962492664392
2020-07-11,0.12521399557590485,-2.077731040813662
2020-07-12,0.12678299844264984,-2.065278327651336
2020-07-13,0.12415599822998047,-2.086216453817452
2020-07-14,0.13196299970149994,-2.0252337009803045
2020-07-15,0.13036899268627167,-2.0373864439134164
2020-07-16,0.12592199444770813,-2.072092655431903
2020-07-17,0.12248600274324417,-2.0997585188463614
2020-07-18,0.12247700244188309,-2.099832001790109
2020-07-19,0.12371200323104858,-2.0897989692787684
2020-07-20,0.11792399734258652,-2.1377149523488144
2020-07-21,0.1229650005698204,-2.095855512314086
2020-07-22,0.12392199784517288,-2.0881029609475363
2020-07-23,0.1237730011343956,-2.0893060270519164
2020-07-24,0.12188799679279327,-2.1046527149986796
2020-07-25,0.14357799291610718,-1.9408768867857524
2020-07-26,0.14810800552368164,-1.9098135043166167
2020-07-27,0.13877099752426147,-1.9749302042971626
2020-07-28,0.14859800040721893,-1.9065106029988461
2020-07-29,0.1398790031671524,-1.9669774931552741
2020-07-30,0.14058800041675568,-1.9619216487899889
2020-07-31,0.13879799842834473,-1.9747356515584769
2020-08-01,0.14357300102710724,-1.940911655176639
2020-08-02,0.13350500166416168,-2.0136163361945014
2020-08-03,0.13733500242233276,-1.9853320648138988
2020-08-04,0.14301800727844238,-1.9447847316260474
2020-08-05,0.14269499480724335,-1.9470458300462077
2020-08-06,0.14404800534248352,-1.9376086645277995
2020-08-07,0.13915500044822693,-1.9721668559877301
2020-08-08,0.1457809954881668,-1.9256498143494594
2020-08-09,0.14524400234222412,-1.9293401760666866
2020-08-10,0.1438550055027008,-1.9389493929080046
2020-08-11,0.13743600249290466,-1.9845969066398992
2020-08-12,0.13739800453186035,-1.9848734223571336
2020-08-13,0.14124499261379242,-1.9572593601057948
2020-08-14,0.13833799958229065,-1.9780553160682834
2020-08-15,0.1383029967546463,-1.9783083720382564
2020-08-16,0.13847100734710693,-1.9770943085018884
2020-08-17,0.1409199982881546,-1.95956293765674
2020-08-18,0.13742700219154358,-1.984662396001588
2020-08-19,0.12927499413490295,-2.045813406069004
2020-08-20,0.13364200294017792,-2.012590674025993
2020-08-21,0.12375999987125397,-2.0894110737576144
2020-08-22,0.12527599930763245,-2.077235981256311
2020-08-23,0.12159500271081924,-2.1070594064226706
2020-08-24,0.12448800355195999,-2.0835459247323795
2020-08-25,0.11329200118780136,-2.1777867119593335
2020-08-26,0.1152850016951561,-2.160347940869513
2020-08-27,0.10682400315999985,-2.2365726290191086
2020-08-28,0.1094530001282692,-2.2122600444408413
2020-08-29,0.11671199649572372,-2.14804594723753
2020-08-30,0.11743699759244919,-2.141853279902124
2020-08-31,0.12268800288438797,-2.0981107080490142
2020-09-01,0.1254110038280487,-2.0761589048081577
2020-09-02,0.11561299860477448,-2.157506884387309
2020-09-03,0.09615399688482285,-2.341804238546398
2020-09-04,0.10244499891996384,-2.27842922032557
2020-09-05,0.08992300182580948,-2.4088015100998215
2020-09-06,0.09306000173091888,-2.3745108139656037
2020-09-07,0.09333299845457077,-2.3715815524741757
2020-09-08,0.09101100265979767,-2.3967748714246873
2020-09-09,0.09334900230169296,-2.371410096767717
2020-09-10,0.09715600311756134,-2.331437312812873
2020-09-11,0.09698899835348129,-2.333157725947455
2020-09-12,0.09759800136089325,-2.3268982636324647
2020-09-13,0.09485600143671036,-2.3553953116801423
2020-09-14,0.09676899760961533,-2.335428608625778
2020-09-15,0.09349600225687027,-2.369836600212599
2020-09-16,0.09165000170469284,-2.389778286096392
2020-09-17,0.09421700239181519,-2.3621546212045135
2020-09-18,0.09108100086450577,-2.3960060489964508
2020-09-19,0.09165699779987335,-2.389701954093765
2020-09-20,0.08943299949169159,-2.41426554308037
2020-09-21,0.08042799681425095,-2.520392944328687
2020-09-22,0.08175399899482727,-2.504040553033272
2020-09-23,0.07676299661397934,-2.5670325698607614
2020-09-24,0.08281700313091278,-2.491121886850104
2020-09-25,0.09684500098228455,-2.334643506545082
2020-09-26,0.09556400030851364,-2.3479590956540175
2020-09-27,0.10128699988126755,-2.2897972088230083
2020-09-28,0.10066699981689453,-2.2959372408415035
2020-09-29,0.10118100047111511,-2.2908442821348642
2020-09-30,0.10106199979782104,-2.2920210910911125
2020-10-01,0.09786500036716461,-2.324166297275904
2020-10-02,0.09292100369930267,-2.376005569380813
2020-10-03,0.09341300278902054,-2.3707247272804732
2020-10-04,0.09634800255298615,-2.339788615494038
2020-10-05,0.09754399955272675,-2.327451725309522
2020-10-06,0.09280800074338913,-2.377222427999063
2020-10-07,0.09380000084638596,-2.366590413946654
2020-10-08,0.09615200012922287,-2.341825004987706
2020-10-09,0.10192500054836273,-2.283518024896759
2020-10-10,0.10502500087022781,-2.2535568536407804
2020-10-11,0.10653799772262573,-2.2392535713377515
2020-10-12,0.11003399640321732,-2.206965902727305
2020-10-13,0.10885199904441833,-2.2177661263400537
2020-10-14,0.10729700326919556,-2.2321545582611635
2020-10-15,0.10663499683141708,-2.238343520646868
2020-10-16,0.10406400263309479,-2.2627491591941986
2020-10-17,0.10610400140285492,-2.243335520568577
2020-10-18,0.10738799721002579,-2.2313068609737323
2020-10-19,0.10867699980735779,-2.219375100552572
2020-10-20,0.1024940013885498,-2.2779510051547525
2020-10-21,0.10618700087070465,-2.242553580013491
2020-10-22,0.11057200282812119,-2.20208836092523
2020-10-23,0.10808300226926804,-2.2248558075029363
2020-10-24,0.10807500034570694,-2.224929845229673
2020-10-25,0.10635100305080414,-2.241010305779013
2020-10-26,0.10309699922800064,-2.272084993833807
2020-10-27,0.10282699763774872,-2.27470733750514
2020-10-28,0.0989769995212555,-2.31286778390802
2020-10-29,0.09537599980831146,-2.3499283065143857
2020-10-30,0.0933689996600151,-2.371195898263143
2020-10-31,0.09305600076913834,-2.37455380824581
2020-11-01,0.09819699823856354,-2.3207796319243243
2020-11-02,0.0921429991722107,-2.3844135698390287
2020-11-03,0.09343399852514267,-2.370499990077705
2020-11-04,0.09536900371313095,-2.3500016619895434
2020-11-05,0.09699399769306183,-2.3331061818463374
2020-11-06,0.10910499840974808,-2.2154445722544716
2020-11-07,0.10137899965047836,-2.288889313312732
2020-11-08,0.10662099719047546,-2.238474814878722
2020-11-09,0.10532499849796295,-2.2507044853780305
2020-11-10,0.10580500215291977,-2.246157481347406
2020-11-11,0.10596500337123871,-2.2446463962589567
2020-11-12,0.10452499985694885,-2.2583290031080914
2020-11-13,0.10639099776744843,-2.240634313102798
2020-11-14,0.10420200228691101,-2.2614239340422038
2020-11-15,0.10053099691867828,-2.2972891719853266
2020-11-16,0.10400799661874771,-2.2632874922318105
2020-11-17,0.1096000000834465,-2.2109179037068487
2020-11-18,0.10640300065279007,-2.2405215008482844
2020-11-19,0.10586600005626678,-2.245581134994822
2020-11-20,0.11822599917650223,-2.135157239005549
2020-11-21,0.1329450011253357,-2.0178197616589952
2020-11-22,0.14475999772548676,-1.9326780959989003
2020-11-23,0.15351000428199768,-1.8739895396030941
2020-11-24,0.1663230061531067,-1.7938235610820932
2020-11-25,0.1551620066165924,-1.8632855039302394
2020-11-26,0.13828100264072418,-1.9784674131542757
2020-11-27,0.1410280019044876,-1.9587968132540707
2020-11-28,0.16479100286960602,-1.803077257234913
2020-11-29,0.16663900017738342,-1.7919254819431027
2020-11-30,0.1713079959154129,-1.7642921968931449
2020-12-01,0.15598300099372864,-1.8580082456589617
2020-12-02,0.1585569977760315,-1.841641142888296
2020-12-03,0.16421200335025787,-1.8065969826243162
2020-12-04,0.14824099838733673,-1.9089159620888514
2020-12-05,0.1596679985523224,-1.8346586286103084
2020-12-06,0.1588670015335083,-1.8396878951394737
2020-12-07,0.1541299968957901,-1.8699588969637144
2020-12-08,0.1409280002117157,-1.95950615581968
2020-12-09,0.1481650024652481,-1.9094287447149472
2020-12-10,0.14199399948120117,-1.9519704794483754
2020-12-11,0.13944900035858154,-1.9700563333919767
2020-12-12,0.14445999264717102,-1.934752677258157
2020-12-13,0.15396399796009064,-1.871036483379121
2020-12-14,0.15799200534820557,-1.845210846297336
2020-12-15,0.15430499613285065,-1.8688241407927586
2020-12-16,0.1675889939069748,-1.7862407619032448
2020-12-17,0.16348299384117126,-1.8110463072584229
2020-12-18,0.16498799622058868,-1.8018825579062294
2020-12-19,0.1647139936685562,-1.803544680814288
2020-12-20,0.1619880050420761,-1.820232989441215
2020-12-21,0.15265600383281708,-1.8795682298651044
2020-12-22,0.15617899596691132,-1.8567525194600938
2020-12-23,0.13639399409294128,-1.9922075661188705
2020-12-24,0.15288299322128296,-1.8780824003479912
2020-12-25,0.15756399929523468,-1.8479235585204632
2020-12-26,0.15782399475574493,-1.846274824108815
2020-12-27,0.15442200005054474,-1.8680661641678284
2020-12-28,0.17673499882221222,-1.733103850100312
2020-12-29,0.19216400384902954,-1.6494060848505157
2020-12-30,0.18403999507427216,-1.6926021804593112
2020-12-31,0.18139700591564178,-1.707067246863768
2021-01-01,0.17534999549388885,-1.740971328093761
2021-01-02,0.17742300033569336,-1.7292185651111796
2021-01-03,0.20499500632286072,-1.5847696595411034
2021-01-04,0.2247619926929474,-1.4927132469074136
2021-01-05,0.25831401348114014,-1.3535793276181702
2021-01-06,0.3318980038166046,-1.1029275746864533
2021-01-07,0.2999800145626068,-1.2040394246696657
2021-01-08,0.3055970072746277,-1.1854880146872395
2021-01-09,0.33297300338745117,-1.099693863196672
2021-01-10,0.3048950135707855,-1.1877877794319742
2021-01-11,0.2754659950733185,-1.289291087868173
2021-01-12,0.2870030105113983,-1.2482625736907775
2021-01-13,0.3136090040206909,-1.1596082791173876
2021-01-14,0.3103959858417511,-1.1699064229675487
2021-01-15,0.3025299906730652,-1.195574863704679
2021-01-16,0.35244399309158325,-1.0428635541999205
2021-01-17,0.3798519968986511,-0.9679735839751147
2021-01-18,0.3714280128479004,-0.9904002079000451
2021-01-19,0.3691369891166687,-0.99658745961708
2021-01-20,0.37539398670196533,-0.9797791733331831
2021-01-21,0.3102090060710907,-1.1705089955499626
2021-01-22,0.34957700967788696,-1.0510313991540992
2021-01-23,0.345643013715744,-1.0623487888138063
2021-01-24,0.35388100147247314,-1.0387945763933562
2021-01-25,0.34388598799705505,-1.0674451067849986
2021-01-26,0.34423398971557617,-1.0664336501801595
2021-01-27,0.3130800127983093,-1.1612964891667816
2021-01-28,0.34612900018692017,-1.060943740499158
2021-01-29,0.348131000995636,-1.0551764304006566
2021-01-30,0.362619012594223,-1.014402547964788
2021-01-31,0.344897985458374,-1.0645066000005172
2021-02-01,0.4020330011844635,-0.9112211012338554
2021-02-02,0.4262470006942749,-0.8527362869035365
2021-02-03,0.4413999915122986,-0.8178038043885484
2021-02-04,0.44105100631713867,-0.8185947496403797
2021-02-05,0.5378739833831787,-0.6201309778866446
2021-02-06,0.6278859972953796,-0.4653966619621829
2021-02-07,0.663237988948822,-0.41062139551564225
2021-02-08,0.6825109720230103,-0.3819766758280525
2021-02-09,0.7035160064697266,-0.3516646500643177
2021-02-10,0.9303179979324341,-0.07222881802000833
2021-02-11,0.9277409911155701,-0.07500268955414412
2021-02-12,0.925586998462677,-0.0773271498060384
2021-02-13,0.905718982219696,-0.09902619520355478
2021-02-14,0.8484190106391907,-0.1643806489057043
2021-02-15,0.8610119819641113,-0.14964685831661345
2021-02-16,0.8709509968757629,-0.13816956447494463
2021-02-17,0.8909199833869934,-0.11550066094587741
2021-02-18,0.9141190052032471,-0.08979451337424053
2021-02-19,0.9276490211486816,-0.07510182770445842
2021-02-20,1.1229579448699951,0.11596622614144948
2021-02-21,1.1005200147628784,0.09578280879117318
2021-02-22,1.0991510152816772,0.09453807752067128
2021-02-23,0.954708993434906,-0.04634870385397815
2021-02-24,1.05165696144104,0.0503669788587509
2021-02-25,1.0791159868240356,0.0761421752384588
2021-02-26,1.2411049604415894,0.21600207995591392
2021-02-27,1.3248599767684937,0.2813067759433109
2021-02-28,1.3080589771270752,0.26854434156519746
2021-03-01,1.2923879623413086,0.25649164073518826
2021-03-02,1.2255820035934448,0.20341583614429762
2021-03-03,1.2165930271148682,0.19605435143552635
2021-03-04,1.1148680448532104,0.1087360524855803
2021-03-05,1.1685229539871216,0.1557405187808327
2021-03-06,1.131011962890625,0.12311277434650161
2021-03-07,1.1333669424057007,0.12519279757815685
2021-03-08,1.1180529594421387,0.11158874341612661
2021-03-09,1.195160984992981,0.17828089178545709
2021-03-10,1.1350029706954956,0.1266352682828003
2021-03-11,1.1247899532318115,0.11759630998584071
2021-03-12,1.0391440391540527,0.03839733499555263
2021-03-13,1.1033140420913696,0.09831841605867336
2021-03-14,1.0591540336608887,0.057470508035438725
2021-03-15,1.033539056777954,0.03298889021223502
2021-03-16,1.2429529428482056,0.2174899540872585
2021-03-17,1.3786729574203491,0.32112141145339335
2021-03-18,1.2390060424804688,0.21430947953621807
2021-03-19,1.3021700382232666,0.2640321329729609
2021-03-20,1.2065409421920776,0.1877575401877262
2021-03-21,1.18913996219635,0.17323032499142593
2021-03-22,1.1098740100860596,0.10424650445515446
2021-03-23,1.1215519905090332,0.11471343191435615
2021-03-24,1.0750019550323486,0.07232248021271533
2021-03-25,1.1015739440917969,0.09674001536735218
2021-03-26,1.2139689922332764,0.19389515049337921
2021-03-27,1.1765769720077515,0.1626093516161607
2021-03-28,1.1911239624023438,0.17489736757855806
2021-03-29,1.2025409936904907,0.18443681280381763
2021-03-30,1.2133170366287231,0.19335796154038476
2021-03-31,1.1932640075683594,0.17669241584050627
2021-04-01,1.189244031906128,0.17331783794989042
2021-04-02,1.1965090036392212,0.1794081533185227
2021-04-03,1.1732770204544067,0.15980070585924713
2021-04-04,1.1914199590682983,0.17514583868946604
2021-04-05,1.2143000364303589,0.19416780907875483
2021-04-06,1.2553540468215942,0.22741764181967025
2021-04-07,1.1751489639282227,0.16139491737174805
2021-04-08,1.2194360494613647,0.19838849733273425
2021-04-09,1.2035399675369263,0.18526718710953266
2021-04-10,1.2187579870224,0.19783229676272293
2021-04-11,1.2667349576950073,0.2364426905806672
2021-04-12,1.3161269426345825,0.27469328921959313
2021-04-13,1.4117859601974487,0.34485554131826157
2021-04-14,1.4554200172424316,0.3752945306100964
2021-04-15,1.4815880060195923,0.3931144895878588
2021-04-16,1.4169490337371826,0.34850599233916474
2021-04-17,1.3848689794540405,0.3256055354922977
2021-04-18,1.275501012802124,0.24333905264263136
2021-04-19,1.1979589462280273,0.1806192305151139
2021-04-20,1.2659339904785156,0.23581018214029428
2021-04-21,1.2067350149154663,0.18791837776059925
2021-04-22,1.147017002105713,0.1371646611461021
2021-04-23,1.155701994895935,0.14470794713425325
2021-04-24,1.101354956626892,0.09654120053900735
2021-04-25,1.0882500410079956,0.08457093913278292
2021-04-26,1.2340190410614014,0.21027635572184897
2021-04-27,1.306926965713501,0.26767855374910204
2021-04-28,1.3356659412384033,0.2894299998650141
2021-04-29,1.3080140352249146,0.26850998327171494
2021-04-30,1.3524490594863892,0.3019170670634934
2021-05-01,1.3530709743499756,0.30237680483424534
2021-05-02,1.3268120288848877,0.28277909413715807
2021-05-03,1.362030029296875,0.30897625542617363
2021-05-04,1.274111032485962,0.24224870601014029
2021-05-05,1.4755289554595947,0.3890165393761095
2021-05-06,1.650123953819275,0.5008504086176917
2021-05-07,1.65345299243927,0.5028658239090575
2021-05-08,1.619554042816162,0.48215082913494384
2021-05-09,1.7705620527267456,0.5712970400927554
2021-05-10,1.6446959972381592,0.4975555630284099
2021-05-11,1.7640769481658936,0.5676275780424502
2021-05-12,1.5527750253677368,0.44004366913161086
2021-05-13,1.9336680173873901,0.6594187263437877
2021-05-14,2.004796028137207,0.6955423239811316
2021-05-15,2.1740269660949707,0.7765811925296201
2021-05-16,2.309113025665283,0.8368634792242715
2021-05-17,2.032226085662842,0.7091317861563595
2021-05-18,2.003662109375,0.694976560910368
2021-05-19,1.4825210571289062,0.39374405558577186
2021-05-20,1.8104690313339233,0.5935859450421506
2021-05-21,1.5522769689559937,0.4397228652179082
2021-05-22,1.463621973991394,0.3809141677092666
2021-05-23,1.325435996055603,0.2817414589387844
2021-05-24,1.5494849681854248,0.4379225971243441
2021-05-25,1.5553690195083618,0.44171282905819836
2021-05-26,1.7827019691467285,0.5781301735617791
2021-05-27,1.6459599733352661,0.49832378442291164
2021-05-28,1.5119869709014893,0.4134246605915689
2021-05-29,1.4062319993972778,0.3409137864600646
2021-05-30,1.577278971672058,0.4557011925718274
2021-05-31,1.742777943611145,0.5554803594610433
2021-06-01,1.7347530126571655,0.5508650474480757
2021-06-02,1.7528239488601685,0.5612281724076095
2021-06-03,1.8404710292816162,0.6100215330347678
2021-06-04,1.710908055305481,0.5370242560643276
2021-06-05,1.6590089797973633,0.5062204239708514
2021-06-06,1.6782480478286743,0.51775042061762
2021-06-07,1.5641059875488281,0.4473144068019957
2021-06-08,1.5880299806594849,0.46249424215522
2021-06-09,1.6248259544372559,0.4854007050838661
2021-06-10,1.5318570137023926,0.4264807338701624
2021-06-11,1.436378002166748,0.3621246686930313
2021-06-12,1.4802199602127075,0.3921906984982462
2021-06-13,1.5583590269088745,0.4436333617925797
2021-06-14,1.5751099586486816,0.45432508485567763
2021-06-15,1.597756028175354,0.468600162456395
2021-06-16,1.4825730323791504,0.3937791136639849
2021-06-17,1.482193946838379,0.3935233866233812
2021-06-18,1.415395975112915,0.3474093330161902
2021-06-19,1.390570044517517,0.32971376704238836
2021-06-20,1.4291880130767822,0.35710645997604146
2021-06-21,1.1774799823760986,0.16337654665870824
2021-06-22,1.1532540321350098,0.14258753977312297
2021-06-23,1.2528959512710571,0.22545763277804215
2021-06-24,1.3560869693756104,0.3046033241692104
2021-06-25,1.256477952003479,0.22831253069553048
2021-06-26,1.250440001487732,0.22349549056651075
2021-06-27,1.3352019786834717,0.28908257530228093
2021-06-28,1.3247519731521606,0.28122525184209596
2021-06-29,1.3684370517730713,0.31366925046701577
2021-06-30,1.383471965789795,0.3245962567867727
2021-07-01,1.3356109857559204,0.28938885438740725
2021-07-02,1.3943970203399658,0.33246207834529073
2021-07-03,1.4068360328674316,0.3413432346444022
2021-07-04,1.458184003829956,0.37719182852475464
2021-07-05,1.4048980474472046,0.33996473605829153
2021-07-06,1.4180530309677124,0.3492848258363813
2021-07-07,1.4031180143356323,0.33869691328887774
2021-07-08,1.3301459550857544,0.2852886768785768
2021-07-09,1.3494739532470703,0.2997148522500626
2021-07-10,1.3360849618911743,0.2897436673223476
2021-07-11,1.3481450080871582,0.2987295794695345
2021-07-12,1.3150990009307861,0.2739119486748131
2021-07-13,1.2650829553604126,0.23513769738939244
2021-07-14,1.2622580528259277,0.23290222247583464
2021-07-15,1.2231919765472412,0.2014638162155528
2021-07-16,1.1737149953842163,0.16017392820677784
2021-07-17,1.172302007675171,0.15896934368922375
2021-07-18,1.183698058128357,0.16864348546640234
2021-07-19,1.121116042137146,0.11432465535801146
2021-07-20,1.0562909841537476,0.054763700502163434
2021-07-21,1.168097972869873,0.1553767617699715
2021-07-22,1.1861610412597656,0.1707220765681514
2021-07-23,1.206307053565979,0.1875636708455692
2021-07-24,1.2334970235824585,0.20985324399892205
2021-07-25,1.2285009622573853,0.20579469625708488
2021-07-26,1.2584929466247559,0.22991493098853755
2021-07-27,1.2784459590911865,0.2456452458617573
2021-07-28,1.2835040092468262,0.24959384500694226
2021-07-29,1.2840839624404907,0.2500455944386444
2021-07-30,1.3089519739151,0.26922679711421105
2021-07-31,1.3223450183868408,0.27940668951788666
2021-08-01,1.3177299499511719,0.27591052127121063
2021-08-02,1.3100680112838745,0.27007905287601003
2021-08-03,1.3650259971618652,0.3111734739953871
2021-08-04,1.3765640258789062,0.3195905580523357
2021-08-05,1.386144995689392,0.32652650979050774
2021-08-06,1.401785969734192,0.337747116283958
2021-08-07,1.4706770181655884,0.38572285134224765
2021-08-08,1.4278299808502197,0.3561557957998078
2021-08-09,1.4776400327682495,0.3904462426383786
2021-08-10,1.6725660562515259,0.5143590077569264
2021-08-11,1.7980380058288574,0.5866960736618771
2021-08-12,1.8238780498504639,0.6009650307823874
2021-08-13,2.1360790729522705,0.7589719395851671
2021-08-14,2.1916871070861816,0.7846716157793828
2021-08-15,2.1691529750823975,0.7743367572887867
2021-08-16,2.0794169902801514,0.7320875612892215
2021-08-17,1.9266010522842407,0.6557573375284272
2021-08-18,2.108560085296631,0.7460052905006742
2021-08-19,2.4281399250030518,0.8871255012743877
2021-08-20,2.4577019214630127,0.8992267350607465
2021-08-21,2.4354350566864014,0.8901254086190158
2021-08-22,2.7137250900268555,0.9983222629980304
2021-08-23,2.917386054992676,1.070688028714998
2021-08-24,2.7210910320281982,1.0010329145991532
2021-08-25,2.7381319999694824,1.0072759360655639
2021-08-26,2.5355279445648193,0.9304018775153415
2021-08-27,2.944196939468384,1.0798360938291043
2021-08-28,2.847490072250366,1.046437929853883
2021-08-29,2.8559861183166504,1.0494171839321398
2021-08-30,2.7331600189208984,1.0054584558798774
2021-08-31,2.772475004196167,1.019740424582688
2021-09-01,2.870767116546631,1.0545792820517992
2021-09-02,2.963438034057617,1.0863500923114764
2021-09-03,2.9682390689849854,1.0879688709106383
2021-09-04,2.8328070640563965,1.0412681154782188
2021-09-05,2.9108240604400635,1.0684362233766755
2021-09-06,2.831897020339966,1.0409468122960222
2021-09-07,2.502490997314453,0.9172866347240256
2021-09-08,2.4749889373779297,0.9062359262643732
2021-09-09,2.5176661014556885,0.9233323221652369
2021-09-10,2.385910987854004,0.8695810169672661
2021-09-11,2.6339499950408936,0.9684846187220878
2021-09-12,2.5817270278930664,0.9484585656477589
2021-09-13,2.400662899017334,0.8757449071394031
2021-09-14,2.3956379890441895,0.873649579123557
2021-09-15,2.5016350746154785,0.9169445479360357
2021-09-16,2.420969009399414,0.8841678771302548
2021-09-17,2.346419095993042,0.852890377069843
2021-09-18,2.3699779510498047,0.8628806517492505
2021-09-19,2.282299041748047,0.8251832865652075
2021-09-20,2.0639889240264893,0.724640481338682
2021-09-21,1.9870280027389526,0.6866400564441808
2021-09-22,2.2661819458007812,0.8180964532044952
2021-09-23,2.3309409618377686,0.8462720323359515
2021-09-24,2.281269073486328,0.82473189929402
2021-09-25,2.3015410900115967,0.8335789376945808
2021-09-26,2.2084949016571045,0.7923112435424313
2021-09-27,2.1359050273895264,0.7588904572768286
2021-09-28,2.0391390323638916,0.7125276758120527
2021-09-29,2.065687894821167,0.7254632919192953
2021-09-30,2.1144518852233887,0.7487956229887945
2021-10-01,2.258126974105835,0.8145356971428386
2021-10-02,2.2514588832855225,0.8115783986720289
2021-10-03,2.252872943878174,0.8122062656646769
2021-10-04,2.189234972000122,0.783552154945396
2021-10-05,2.233124017715454,0.8034015099255066
2021-10-06,2.2121551036834717,0.7939672004077613
2021-10-07,2.2769949436187744,0.8228565664461877
2021-10-08,2.237175941467285,0.8052143300487588
2021-10-09,2.2666149139404297,0.8182874911681908
2021-10-10,2.197213888168335,0.7871901433148567
2021-10-11,2.173388957977295,0.7762876811042589
2021-10-12,2.119189977645874,0.7510339296543632
2021-10-13,2.1890530586242676,0.7834690569972086
2021-10-14,2.170362949371338,0.7748944113411561
2021-10-15,2.214651107788086,0.7950948776766017
2021-10-16,2.177712917327881,0.7782752055970874
2021-10-17,2.1569631099700928,0.7687012647897888
2021-10-18,2.128262996673584,0.7553061525053468
2021-10-19,2.112962007522583,0.7480907581232807
2021-10-20,2.1859500408172607,0.7820505353382281
2021-10-21,2.1365909576416016,0.7592115483956368
2021-10-22,2.1541988849639893,0.7674189073241441
2021-10-23,2.1668150424957275,0.773258367040629
2021-10-24,2.1234350204467773,0.7530350700895608
2021-10-25,2.144066095352173,0.7627040707894316
2021-10-26,2.138777017593384,0.7602341785668665
2021-10-27,1.9132369756698608,0.6487965592470438
2021-10-28,1.9882190227508545,0.6872392745757346
2021-10-29,2.0121870040893555,0.6992221922968389
2021-10-30,1.9574220180511475,0.6716283105675223
2021-10-31,1.9650260210037231,0.6755054874746274
2021-11-01,1.9500019550323486,0.6678303751558444
2021-11-02,1.9713770151138306,0.6787322910120286
2021-11-03,2.0637009143829346,0.7245009312972317
2021-11-04,1.9848819971084595,0.6855594650715687
2021-11-05,1.9862060546875,0.68622631386003
2021-11-06,2.0066089630126953,0.6964462142654192
2021-11-07,2.021872043609619,0.7040238365037071
2021-11-08,2.1244189739227295,0.7534983409528505
2021-11-09,2.2734830379486084,0.8213130334891446
2021-11-10,2.101802110671997,0.7427951246699972
2021-11-11,2.085524082183838,0.7350201820270974
2021-11-12,2.0457661151885986,0.7157723477931293
2021-11-13,2.0531039237976074,0.7193527572123256
2021-11-14,2.0408530235290527,0.7133678692450348
2021-11-15,2.015587091445923,0.7009105134804815
2021-11-16,1.8772350549697876,0.6297999788367417
2021-11-17,1.875540018081665,0.6288966275991131
2021-11-18,1.7883310317993164,0.5812828004422327
2021-11-19,1.8647929430007935,0.6231500244126409
2021-11-20,1.9217360019683838,0.6532289452181738
2021-11-21,1.8397630453109741,0.6096367836057772
2021-11-22,1.7765549421310425,0.5746760631783298
2021-11-23,1.7505029439926147,0.5599031432121486
2021-11-24,1.6864229440689087,0.5226096846263085
2021-11-25,1.6513450145721436,0.5015901161964914
2021-11-26,1.5284199714660645,0.4242345034157733
2021-11-27,1.5461180210113525,0.4357472868448834
2021-11-28,1.5928549766540527,0.4655279889017614
2021-11-29,1.6025079488754272,0.4715698700970643
2021-11-30,1.5549030303955078,0.44141318381246814
2021-12-01,1.547713041305542,0.43677838415005343
2021-12-02,1.715366005897522,0.5396264723657701
2021-12-03,1.5565550327301025,0.4424750669915509
2021-12-04,1.420706033706665,0.35115395488248724
2021-12-05,1.3781050443649292,0.32070939926881703
2021-12-06,1.425392985343933,0.3544475548892483
2021-12-07,1.3819409608840942,0.323489004378026
2021-12-08,1.3970739841461182,0.3343800381754067
2021-12-09,1.2904399633407593,0.25498321708021443
2021-12-10,1.2116889953613281,0.19201525023120503
2021-12-11,1.354248046875,0.30324635333589084
2021-12-12,1.3472820520401,0.298089268262967
2021-12-13,1.2253479957580566,0.20322488182396928
2021-12-14,1.2228349447250366,0.20117188825545132
2021-12-15,1.3118469715118408,0.2714360461520128
2021-12-16,1.2405339479446411,0.2155418901151633
2021-12-17,1.2198920249938965,0.1987623507250824
2021-12-18,1.2425340414047241,0.21715287612217413
2021-12-19,1.2446609735488892,0.21886318243096237
2021-12-20,1.2382400035858154,0.21369101943590887
2021-12-21,1.2808589935302734,0.24753094154772645
2021-12-22,1.3280409574508667,0.2837048920326201
2021-12-23,1.4746910333633423,0.3884484989438991
2021-12-24,1.3923670053482056,0.3310051804292022
2021-12-25,1.4534950256347656,0.3739710186750348
2021-12-26,1.4560450315475464,0.3757238775569029
2021-12-27,1.5129129886627197,0.41403692400691283
2021-12-28,1.4022639989852905,0.3380880725872067
2021-12-29,1.330814003944397,0.2857907880587251
2021-12-30,1.360414981842041,0.30778978691152187
2021-12-31,1.310209035873413,0.2701866938522402
2022-01-01,1.3769750595092773,0.31988910738879167
2022-01-02,1.3775839805603027,0.3203312261105808
2022-01-03,1.3216370344161987,0.2788711458013075
2022-01-04,1.3116580247879028,0.27129200470781417
2022-01-05,1.236001968383789,0.21188195157774958
2022-01-06,1.2797820568084717,0.2466897953158826
2022-01-07,1.2115470170974731,0.1918980695164191
2022-01-08,1.1875120401382446,0.1718603959390442
2022-01-09,1.17385995388031,0.16029742458019364
2022-01-10,1.128051996231079,0.12049224796301973
2022-01-11,1.1851099729537964,0.16983557446147185
2022-01-12,1.3045350313186646,0.26584667944539636
2022-01-13,1.2331609725952148,0.20958076926602962
2022-01-14,1.2909259796142578,0.2553597745230426
2022-01-15,1.2962629795074463,0.25948549363196766
2022-01-16,1.407251000404358,0.34163815625487676
2022-01-17,1.5941309928894043,0.4663287557176373
2022-01-18,1.4655410051345825,0.38222446108073443
2022-01-19,1.34175705909729,0.29397999317315837
2022-01-20,1.2580549716949463,0.22956685501426882
2022-01-21,1.1232329607009888,0.11621109921228757
2022-01-22,1.066715955734253,0.0645847285708534
2022-01-23,1.122370958328247,0.11544337485290627
2022-01-24,1.0665980577468872,0.06447419820660256
2022-01-25,1.0435739755630493,0.042651336793425906
2022-01-26,1.0790469646453857,0.07607821141345991
2022-01-27,1.0435329675674438,0.04261204029666926
2022-01-28,1.0506060123443604,0.04936715229344159
2022-01-29,1.0595699548721313,0.05786312285344849
2022-01-30,1.0374729633331299,0.03678791334521616
2022-01-31,1.0523029565811157,0.050981054397778044
2022-02-01,1.0886240005493164,0.0849145139449773
2022-02-02,1.028905987739563,0.028496089937133637
2022-02-03,1.0564440488815308,0.054908597733153264
2022-02-04,1.1356240510940552,0.1271823245875908
2022-02-05,1.1273449659347534,0.1198652804434686
2022-02-06,1.1445469856262207,0.13500891297648437
2022-02-07,1.1973069906234741,0.18007486038015494
2022-02-08,1.1787199974060059,0.1644291017516791
2022-02-09,1.1948100328445435,0.17798720441574364
2022-02-10,1.1524779796600342,0.14191438912047977
2022-02-11,1.080346941947937,0.07728223209317601
2022-02-12,1.0581990480422974,0.056568451886561066
2022-02-13,1.0458190441131592,0.04480035269708325
2022-02-14,1.050266981124878,0.049044399586848295
2022-02-15,1.1075860261917114,0.10218289594013184
2022-02-16,1.0849809646606445,0.08156244274695164
2022-02-17,1.0198949575424194,0.019699639191537343
2022-02-18,0.9971129894256592,-0.002891186027690724
2022-02-19,0.9977030158042908,-0.002299626310613086
2022-02-20,0.9329019784927368,-0.06945514421916764
2022-02-21,0.8582360148429871,-0.15287614174594708
2022-02-22,0.8890169858932495,-0.11763893690920094
2022-02-23,0.8691689968109131,-0.14021769988428606
2022-02-24,0.8534250259399414,-0.15849758367585176
2022-02-25,0.8980270028114319,-0.10755514118611396
2022-02-26,0.8879179954528809,-0.11887588771722848
2022-02-27,0.858335018157959,-0.15276079165186024
2022-02-28,0.9598280191421509,-0.04100115729587293
2022-03-01,0.9623460173606873,-0.03838120758159936
2022-03-02,0.9386619925498962,-0.06329982991252102
2022-03-03,0.902658998966217,-0.10241042815244204
2022-03-04,0.8428890109062195,-0.17091998930865063
2022-03-05,0.8656719923019409,-0.14424920394411073
2022-03-06,0.8237519860267639,-0.19388578221019118
2022-03-07,0.7973790168762207,-0.2264251588077236
2022-03-08,0.8012499809265137,-0.22158229455192066
2022-03-09,0.8492929935455322,-0.1633510479116667
2022-03-10,0.8063160181045532,-0.21527953130400204
2022-03-11,0.7901250123977661,-0.2355641024987823
2022-03-12,0.7906739711761475,-0.23486956915690563
2022-03-13,0.7909950017929077,-0.2344636300803287
2022-03-14,0.8039169907569885,-0.21825926046046504
2022-03-15,0.8000059723854065,-0.22313608586031822
2022-03-16,0.8383740186691284,-0.17629095507834835
2022-03-17,0.8367840051651001,-0.17818930014060716
2022-03-18,0.8534330129623413,-0.1584882249333929
2022-03-19,0.9010990262031555,-0.1041401204173974
2022-03-20,0.8770920038223267,-0.13114338467526582
2022-03-21,0.916782021522522,-0.0868855432460943
2022-03-22,0.9764400124549866,-0.023841961730064625
2022-03-23,1.1074819564819336,0.10208893068880011
2022-03-24,1.130010962486267,0.12222733399247236
2022-03-25,1.0978879928588867,0.0933883277372166
2022-03-26,1.1505939960479736,0.1402783273280824
2022-03-27,1.1821479797363281,0.16733310551012204
2022-03-28,1.1701840162277222,0.15716101526975967
2022-03-29,1.1911120414733887,0.17488735939386452
2022-03-30,1.1903849840164185,0.1742767707836108
2022-03-31,1.1418509483337402,0.1326505846190408
2022-04-01,1.1654249429702759,0.15308577842406812
2022-04-02,1.1560070514678955,0.14497187011730425
2022-04-03,1.1859409809112549,0.17053653619334017
2022-04-04,1.2129449844360352,0.19305127397541938
2022-04-05,1.170801043510437,0.15768816711503683
2022-04-06,1.052770972251892,0.05142570925961188
2022-04-07,1.0918940305709839,0.08791383101220933
2022-04-08,1.0263259410858154,0.025985377668726196
2022-04-09,1.0450149774551392,0.04403121780702127
2022-04-10,1.0308849811553955,0.030417638341457325
2022-04-11,0.92044997215271,-0.08289262834356177
2022-04-12,0.955145001411438,-0.045892116088334114
2022-04-13,0.9746959805488586,-0.025629671430322954
2022-04-14,0.9324120283126831,-0.06998047152549114
2022-04-15,0.9547169804573059,-0.046340337965476416
2022-04-16,0.9526399970054626,-0.04851820429813471
2022-04-17,0.9174659848213196,-0.08613977350489004
2022-04-18,0.9367300271987915,-0.0653601629140359
2022-04-19,0.9533330202102661,-0.04779099228717222
2022-04-20,0.9373409748077393,-0.06470816239758088
2022-04-21,0.9104740023612976,-0.09378993336732079
2022-04-22,0.9071540236473083,-0.0974430266940088
2022-04-23,0.8885030150413513,-0.1182172379870532
2022-04-24,0.8863499760627747,-0.12064339952886
2022-04-25,0.8986949920654297,-0.10681157675413236
2022-04-26,0.8276450037956238,-0.1891709559091485
2022-04-27,0.840595006942749,-0.1736452963017704
2022-04-28,0.8439499735832214,-0.16966205914855575
2022-04-29,0.8050429821014404,-0.21685960907414517
2022-04-30,0.756659984588623,-0.2788412881539371
2022-05-01,0.7903439998626709,-0.23528698543466092
2022-05-02,0.7815290093421936,-0.2465030097299565
2022-05-03,0.7711449861526489,-0.2598788736132666
2022-05-04,0.8969420194625854,-0.10876405729276838
2022-05-05,0.7911520004272461,-0.23426516731469013
2022-05-06,0.7833589911460876,-0.24416420639388411
2022-05-07,0.7618820071220398,-0.271963581581952
2022-05-08,0.73956298828125,-0.3016958236077118
2022-05-09,0.6100879907608032,-0.494152085068542
2022-05-10,0.6289629936218262,-0.46368285768205747
2022-05-11,0.5127999782562256,-0.6678694157777338
2022-05-12,0.47374600172042847,-0.7470839622613714
2022-05-13,0.5288770198822021,-0.6369993507439003
2022-05-14,0.5393580198287964,-0.617375698838048
2022-05-15,0.5975000262260437,-0.5150009512835121
2022-05-16,0.5567160248756409,-0.5856999987289001
2022-05-17,0.5780770182609558,-0.5480481696002685
2022-05-18,0.5056149959564209,-0.6819797768653966
2022-05-19,0.5333210229873657,-0.6286317415874545
2022-05-20,0.5179070234298706,-0.657959544281298
2022-05-21,0.5283139944076538,-0.6380644856536148
2022-05-22,0.5426179766654968,-0.6113497487025424
2022-05-23,0.5126050114631653,-0.6682496885428647
2022-05-24,0.5212240219116211,-0.6515753451703233
2022-05-25,0.5138769745826721,-0.665771391236479
2022-05-26,0.48088300228118896,-0.7321312769643046
2022-05-27,0.4555070102214813,-0.7863441722326452
2022-05-28,0.4647639989852905,-0.7662255312951415
2022-05-29,0.48112601041793823,-0.7316260672652058
2022-05-30,0.5700730085372925,-0.5619908412025993
2022-05-31,0.6252539753913879,-0.46959735116163365
2022-06-01,0.5527499914169312,-0.5928494747725215
2022-06-02,0.5877950191497803,-0.5313769987491456
2022-06-03,0.5596579909324646,-0.5804294123025094
2022-06-04,0.5660690069198608,-0.5690392878575253
2022-06-05,0.5670899748802185,-0.567237301987889
2022-06-06,0.6093279719352722,-0.49539861446817796
2022-06-07,0.6154450178146362,-0.4854096666497006
2022-06-08,0.6416140198707581,-0.44376837124906043
2022-06-09,0.6329200267791748,-0.45741120482083475
2022-06-10,0.5742160081863403,-0.5547496325713883
2022-06-11,0.5527769923210144,-0.592800627653481
2022-06-12,0.4968610107898712,-0.6994449483550477
2022-06-13,0.4631330072879791,-0.7697409933906075
2022-06-14,0.48438599705696106,-0.7248731755307805
2022-06-15,0.5332959890365601,-0.6286786824303776
2022-06-16,0.47502198815345764,-0.7443941851694996
2022-06-17,0.48739200830459595,-0.7186865345102003
2022-06-18,0.45618200302124023,-0.7848634196661706
2022-06-19,0.48436400294303894,-0.7249185827337242
2022-06-20,0.49226099252700806,-0.7087462305248182
2022-06-21,0.479203999042511,-0.7356288869684088
2022-06-22,0.4585680067539215,-0.7796466738485652
2022-06-23,0.4802919924259186,-0.7333610424763248
2022-06-24,0.4992240071296692,-0.6947003718779973
2022-06-25,0.49894601106643677,-0.6952573833396768
2022-06-26,0.48965299129486084,-0.7140583197869993
2022-06-27,0.4857900142669678,-0.7219788178600575
2022-06-28,0.46967101097106934,-0.7557228060333744
2022-06-29,0.46550899744033813,-0.7646238539011366
2022-06-30,0.4588490128517151,-0.7790340710723438
2022-07-01,0.44808900356292725,-0.8027633976319098
2022-07-02,0.45635101199150085,-0.7844930024441904
2022-07-03,0.4555869996547699,-0.7861685823755569
2022-07-04,0.4696440100669861,-0.75578029665896
2022-07-05,0.45763200521469116,-0.7816898998966679
2022-07-06,0.4621790051460266,-0.771803005916457
2022-07-07,0.4778119921684265,-0.7385379456853735
2022-07-08,0.46731099486351013,-0.7607603010622622
2022-07-09,0.4787600040435791,-0.7365558425310256
2022-07-10,0.4632200002670288,-0.769553175186109
2022-07-11,0.4355199933052063,-0.8312145748909906
2022-07-12,0.417928010225296,-0.8724460856310927
2022-07-13,0.43810799717903137,-0.8252898300969086
2022-07-14,0.4410249888896942,-0.8186537409916769
2022-07-15,0.4424560070037842,-0.8154142386770569
2022-07-16,0.45723000168800354,-0.7825687287244651
2022-07-17,0.4473530054092407,-0.8044072747608687
2022-07-18,0.4925430119037628,-0.7081734883686223
2022-07-19,0.5157679915428162,-0.6620982434069022
2022-07-20,0.49104300141334534,-0.7112235757692063
2022-07-21,0.5000979900360107,-0.6929512196895095
2022-07-22,0.4839459955692291,-0.7257819578933691
2022-07-23,0.5173680186271667,-0.6590008228391868
2022-07-24,0.5138139724731445,-0.6658940002947509
2022-07-25,0.4762499928474426,-0.7418123675597196
2022-07-26,0.4676069915294647,-0.7601270975510399
2022-07-27,0.5105530023574829,-0.672260822364284
2022-07-28,0.5133280158042908,-0.666840231119035
2022-07-29,0.5233349800109863,-0.647533522795035
2022-07-30,0.5255759954452515,-0.6432604836209418
2022-07-31,0.5170199871063232,-0.6596737454408557
2022-08-01,0.5141230225563049,-0.6652926986703
2022-08-02,0.4968329966068268,-0.6995013322777509
2022-08-03,0.5009880065917969,-0.6911731171223424
2022-08-04,0.4996680021286011,-0.6938113968455482
2022-08-05,0.517503023147583,-0.658739912028598
2022-08-06,0.5112559795379639,-0.6708848757757445
2022-08-07,0.5274699926376343,-0.6396633012449912
2022-08-08,0.5365960001945496,-0.6225097949979889
2022-08-09,0.5140519738197327,-0.6654309022580858
2022-08-10,0.5370929837226868,-0.6215840454167323
2022-08-11,0.5312579870223999,-0.6325075244614201
2022-08-12,0.5407530069351196,-0.6147926534892197
2022-08-13,0.5598130226135254,-0.5801524391961477
2022-08-14,0.570343017578125,-0.561517313928877
2022-08-15,0.5511710047721863,-0.5957101644903631
2022-08-16,0.5579149723052979,-0.5835487075929302
2022-08-17,0.5370380282402039,-0.6216863708908482
2022-08-18,0.5126330256462097,-0.6681950394135163
2022-08-19,0.450980007648468,-0.7963322694011105
2022-08-20,0.45138800144195557,-0.7954279957185793
2022-08-21,0.4635460078716278,-0.7688496370433999
2022-08-22,0.46144598722457886,-0.7733902693218436
2022-08-23,0.4652070105075836,-0.7652727885724505
2022-08-24,0.4581089913845062,-0.7806481507236517
2022-08-25,0.4649989902973175,-0.7657200448007565
2022-08-26,0.43086299300193787,-0.8419651210795133
2022-08-27,0.44970300793647766,-0.7991678964653863
2022-08-28,0.43004900217056274,-0.8438561182511173
2022-08-29,0.4507029950618744,-0.7969467039517807
2022-08-30,0.4521690011024475,-0.7936992727873352
2022-08-31,0.4466649889945984,-0.8059464306945858
2022-09-01,0.4574809968471527,-0.7820199320753581
2022-09-02,0.45455899834632874,-0.7884275644462497
2022-09-03,0.48038700222969055,-0.7331632452836928
2022-09-04,0.5030840039253235,-0.6869981170105641
2022-09-05,0.4991210103034973,-0.6949067070121218
2022-09-06,0.4630660116672516,-0.7698856612632208
2022-09-07,0.4792819917201996,-0.7354661455645439
2022-09-08,0.4792740046977997,-0.7354828102610874
2022-09-09,0.5029199719429016,-0.6873242230455507
2022-09-10,0.5124220252037048,-0.6686067254889326
2022-09-11,0.5097519755363464,-0.6738309940346479
2022-09-12,0.5015460252761841,-0.6900599005645472
2022-09-13,0.4688810110092163,-0.7574062505946186
2022-09-14,0.4813759922981262,-0.7311066254664285
2022-09-15,0.4656440019607544,-0.7643338811008576
2022-09-16,0.47412601113319397,-0.7462821463453582
2022-09-17,0.4871560037136078,-0.7191708710286504
2022-09-18,0.4471859931945801,-0.8047806787530073
2022-09-19,0.4535039961338043,-0.7907511977043483
2022-09-20,0.44189900159835815,-0.8166739261864017
2022-09-21,0.4411590099334717,-0.8183499017812915
2022-09-22,0.4589659869670868,-0.778779174135536
2022-09-23,0.4618209898471832,-0.7725779308487065
2022-09-24,0.45159998536109924,-0.7949584791222656
2022-09-25,0.4461880028247833,-0.8070148847840326
2022-09-26,0.4467569887638092,-0.805740481497395
2022-09-27,0.44189000129699707,-0.8166942937205798
2022-09-28,0.4372900128364563,-0.8271586590667839
2022-09-29,0.4381699860095978,-0.8251483479831067
2022-09-30,0.43441399931907654,-0.833757284088229
2022-10-01,0.4302929937839508,-0.8432889214361841
2022-10-02,0.41963300108909607,-0.8683747566272637
2022-10-03,0.42799800634384155,-0.8486367414863257
2022-10-04,0.43576499819755554,-0.8306521759028376
2022-10-05,0.4312730133533478,-0.8410139477627729
2022-10-06,0.4286870062351227,-0.8470282155293598
2022-10-07,0.4243200123310089,-0.8572673623640589
2022-10-08,0.4217360019683838,-0.8633757484604367
2022-10-09,0.4230720102787018,-0.8602128773590552
2022-10-10,0.4018009901046753,-0.911798362431429
2022-10-11,0.3905400037765503,-0.9402248724997132
2022-10-12,0.3813000023365021,-0.9641688059908926
2022-10-13,0.3776380121707916,-0.9738191819522672
2022-10-14,0.36685100197792053,-1.0027995025244585
2022-10-15,0.36374399065971375,-1.011304981156024
2022-10-16,0.37028101086616516,-0.9934930727820859
2022-10-17,0.3723450005054474,-0.9879344337843027
2022-10-18,0.3618200123310089,-1.016608394308516
2022-10-19,0.3500320017337799,-1.0497306951533822
2022-10-20,0.340254008769989,-1.0780628556831144
2022-10-21,0.3490769863128662,-1.0524627899520167
2022-10-22,0.351408988237381,-1.0458045251914887
2022-10-23,0.3620989918708801,-1.0158376463323953
2022-10-24,0.35785698890686035,-1.027621844718968
2022-10-25,0.4019879996776581,-0.9113330423567966
2022-10-26,0.4034920036792755,-0.9075986088680659
2022-10-27,0.3886969983577728,-0.9449551634131722
2022-10-28,0.40450701117515564,-0.905086209691516
2022-10-29,0.4197779893875122,-0.8680293041576084
2022-10-30,0.406046986579895,-0.9012863955843089
2022-10-31,0.4063360095024109,-0.9005748520485533
2022-11-01,0.40140199661254883,-0.9127918685103249
2022-11-02,0.3860760033130646,-0.951721029124744
2022-11-03,0.3894200026988983,-0.943096819364103
2022-11-04,0.4215250015258789,-0.8638761876981914
2022-11-05,0.4267350137233734,-0.8515920351512215
2022-11-06,0.4030050039291382,-0.9088063004149273
2022-11-07,0.40425899624824524,-0.905699526602485
2022-11-08,0.37183400988578796,-0.9893077342747304
2022-11-09,0.3178369998931885,-1.1462166065676973
2022-11-10,0.36897701025009155,-0.997020939727793
2022-11-11,0.3546670079231262,-1.0365759355598543
2022-11-12,0.3391439914703369,-1.0813305081841473
2022-11-13,0.3301270008087158,-1.1082778476222352
2022-11-14,0.33184900879859924,-1.103075206290553
2022-11-15,0.3370090126991272,-1.0876456050730634
2022-11-16,0.3323819935321808,-1.1014703885506387
2022-11-17,0.32485899329185486,-1.1243640575941225
2022-11-18,0.3262209892272949,-1.1201802462076957
2022-11-19,0.3285120129585266,-1.1131818725981713
2022-11-20,0.3123070001602173,-1.1637686000861087
2022-11-21,0.3045479953289032,-1.1889265841251717
2022-11-22,0.31192201375961304,-1.165002078315513
2022-11-23,0.3183169960975647,-1.1447075496459749
2022-11-24,0.31645798683166504,-1.1505647892369562
2022-11-25,0.31498900055885315,-1.1552175596269652
2022-11-26,0.3137899935245514,-1.1590313272587165
2022-11-27,0.3124539852142334,-1.1632980679620841
2022-11-28,0.3066999912261963,-1.1818852364690515
2022-11-29,0.3093720078468323,-1.1732108173121514
2022-11-30,0.3188830018043518,-1.1429310089758091
2022-12-01,0.31448400020599365,-1.1568220778845828
2022-12-02,0.31940698623657227,-1.14128917043927
2022-12-03,0.3196539878845215,-1.1405161560627042
2022-12-04,0.3227500021457672,-1.1308772426069973
2022-12-05,0.31951698660850525,-1.1409448403540174
2022-12-06,0.3184640109539032,-1.144245805789539
2022-12-07,0.3103199899196625,-1.170151288334112
2022-12-08,0.31484299898147583,-1.1556811803388347
2022-12-09,0.3116770088672638,-1.1657878553807932
2022-12-10,0.31260600686073303,-1.162811645374094
2022-12-11,0.30771100521087646,-1.178594231252533
2022-12-12,0.3069489896297455,-1.1810737027584686
2022-12-13,0.3128649890422821,-1.1619835264107978
2022-12-14,0.308133989572525,-1.1772205595275214
2022-12-15,0.3002009987831116,-1.2033030327293108
2022-12-16,0.2640700042247772,-1.3315410434684178
2022-12-17,0.2669000029563904,-1.320881211494887
2022-12-18,0.26633501052856445,-1.3230003245499913
2022-12-19,0.2529439926147461,-1.3745871878254952
2022-12-20,0.2590070068836212,-1.3509001640438263
2022-12-21,0.2531540095806122,-1.3737572419375041
2022-12-22,0.2565230131149292,-1.3605368986495758
2022-12-23,0.259429007768631,-1.3492721869500839
2022-12-24,0.25936800241470337,-1.3495073670032118
2022-12-25,0.2592700123786926,-1.34988524149132
2022-12-26,0.265296995639801,-1.3269053422908004
2022-12-27,0.2603699862957001,-1.345651635291819
2022-12-28,0.2483779937028885,-1.3928035250257198
2022-12-29,0.24413999915122986,-1.4100134512170548
2022-12-30,0.2455569952726364,-1.4042261987225115
2022-12-31,0.2464659959077835,-1.4005312426508092
2023-01-01,0.24977099895477295,-1.3872107850889999
2023-01-02,0.2538279891014099,-1.371098449634859
2023-01-03,0.2527959942817688,-1.37517246223937
2023-01-04,0.2676770091056824,-1.317974215200837
2023-01-05,0.26910200715065,-1.3126647625232841
2023-01-06,0.27865201234817505,-1.2777915432156184
2023-01-07,0.2771050035953522,-1.2833587702738765
2023-01-08,0.29521799087524414,-1.220041243413536
2023-01-09,0.31710198521614075,-1.1485318369208801
2023-01-10,0.3224959969520569,-1.131664555375108
2023-01-11,0.32274898886680603,-1.130880382128438
2023-01-12,0.3297579884529114,-1.1093962618922197
2023-01-13,0.34577101469039917,-1.061978530268684
2023-01-14,0.35255199670791626,-1.042557159216855
2023-01-15,0.3503679931163788,-1.0487712679379548
2023-01-16,0.3500399887561798,-1.0497078774360367
2023-01-17,0.3457610011100769,-1.0620074908376647
2023-01-18,0.3268350064754486,-1.118299802775194
2023-01-19,0.3390989899635315,-1.081463208434952
2023-01-20,0.3645859956741333,-1.0089928275846052
2023-01-21,0.3690260052680969,-0.9968881624435623
2023-01-22,0.37659400701522827,-0.9765875762812746
2023-01-23,0.3755039870738983,-0.9794861897946426
2023-01-24,0.3592970073223114,-1.023605914086577
2023-01-25,0.3734099864959717,-0.9850783034652196
2023-01-26,0.38005900382995605,-0.9674287650786204
2023-01-27,0.3889789879322052,-0.9442299524210299
2023-01-28,0.38235101103782654,-0.9614162152222814
2023-01-29,0.39631301164627075,-0.925550946505478
2023-01-30,0.37251099944114685,-0.987488712897421
2023-01-31,0.3909260034561157,-0.9392369863795622
2023-02-01,0.3972429931163788,-0.9232071121944302
2023-02-02,0.39756301045417786,-0.922401840584365
2023-02-03,0.40433600544929504,-0.9055090500323331
2023-02-04,0.399726003408432,-0.9169759580669289
2023-02-05,0.3924719989299774,-0.9352900846103046
2023-02-06,0.38242098689079285,-0.9612332172742625
2023-02-07,0.39921000599861145,-0.918267669732171
2023-02-08,0.3940330147743225,-0.9313205793512531
2023-02-09,0.36253100633621216,-1.014645273624708
2023-02-10,0.3586350083351135,-1.0254500975479146
2023-02-11,0.36920198798179626,-0.996411391801858
2023-02-12,0.36429598927497864,-1.0097885844298735
2023-02-13,0.35962700843811035,-1.0226878723137562
2023-02-14,0.3864409923553467,-0.9507760943945389
2023-02-15,0.4181149899959564,-0.8719987886051541
2023-02-16,0.38790199160575867,-0.9470025702215832
2023-02-17,0.4039430022239685,-0.9064814945782532
2023-02-18,0.40633100271224976,-0.9005871739222997
2023-02-19,0.4001069962978363,-0.916023276898835
2023-02-20,0.40400299429893494,-0.9063329894174259
2023-02-21,0.3924170136451721,-0.9354301943175736
2023-02-22,0.38892099261283875,-0.9443790598151021
2023-02-23,0.3830229938030243,-0.959660255564354
2023-02-24,0.3658190071582794,-1.0056165838550994
2023-02-25,0.3623639941215515,-1.0151060637184741
2023-02-26,0.3689729869365692,-0.9970318437552684
2023-02-27,0.36489900946617126,-1.0081346500784394
2023-02-28,0.3524540066719055,-1.042835142769256
2023-03-01,0.36035600304603577,-1.020662838818752
2023-03-02,0.3502059876918793,-1.0492337613557101
2023-03-03,0.34273698925971985,-1.0707919211151453
2023-03-04,0.33649900555610657,-1.0891600851584626
2023-03-05,0.3371019959449768,-1.0873697358312115
2023-03-06,0.3308210074901581,-1.10617781273966
2023-03-07,0.33048298954963684,-1.1072000898511591
2023-03-08,0.3175770044326782,-1.1470349564096902
2023-03-09,0.30967798829078674,-1.1722222688240445
2023-03-10,0.3153420090675354,-1.1540974860776805
2023-03-11,0.307327002286911,-1.1798429442399636
2023-03-12,0.33153900504112244,-1.104009814012052
2023-03-13,0.34458500146865845,-1.0654144803025636
2023-03-14,0.3443079888820648,-1.0662187056478762
2023-03-15,0.3246369957923889,-1.1250476569137242
2023-03-16,0.3253830075263977,-1.122752305823793
2023-03-17,0.35052400827407837,-1.0483260776376893
2023-03-18,0.33771100640296936,-1.0855647598713034
2023-03-19,0.3460099995136261,-1.06128760401362
2023-03-20,0.33259499073028564,-1.100829773279945
2023-03-21,0.37123599648475647,-0.9909173094830211
2023-03-22,0.36061298847198486,-1.0199499498045057
2023-03-23,0.37204501032829285,-0.9887404365221928
2023-03-24,0.3600830137729645,-1.021420680300858
2023-03-25,0.3519960045814514,-1.0441354540693355
2023-03-26,0.3562450110912323,-1.0321365514517686
2023-03-27,0.34551000595092773,-1.0627336754096066
2023-03-28,0.3683539927005768,-0.9987108664914639
2023-03-29,0.38158899545669556,-0.9634111777255671
2023-03-30,0.376459002494812,-0.9769461287872939
2023-03-31,0.39892300963401794,-0.9189868390218555
2023-04-01,0.38538798689842224,-0.9535046939640109
2023-04-02,0.38175299763679504,-0.9629814825585076
2023-04-03,0.3871389925479889,-0.9489714965618959
2023-04-04,0.3896830081939697,-0.9424216698617017
2023-04-05,0.3923639953136444,-0.9355653105627505
2023-04-06,0.3832100033760071,-0.9591721283827148
2023-04-07,0.3836430013179779,-0.9580428428864417
2023-04-08,0.38563498854637146,-0.9528639824307223
2023-04-09,0.3896929919719696,-0.9423960499349955
2023-04-10,0.39698898792266846,-0.9238467369097128
2023-04-11,0.40145599842071533,-0.9126573445756266
2023-04-12,0.40656301379203796,-0.9000163465293614
2023-04-13,0.4257589876651764,-0.8538818494679664
2023-04-14,0.4383299946784973,-0.824783239770437
2023-04-15,0.4532800018787384,-0.7912452387551672
2023-04-16,0.45175498723983765,-0.7946153097481861
2023-04-17,0.4341669976711273,-0.8343260316327029
2023-04-18,0.4437519907951355,-0.812489451903678
2023-04-19,0.4157930016517639,-0.8775677347442069
2023-04-20,0.40073099732398987,-0.9144649063984179
2023-04-21,0.38293901085853577,-0.9598795430598537
2023-04-22,0.3961530029773712,-0.9259547711947927
2023-04-23,0.3889999985694885,-0.9441759390410982
2023-04-24,0.3839159905910492,-0.9573315248315186
2023-04-25,0.3949190080165863,-0.9290745781011883
2023-04-26,0.4014979898929596,-0.9125527521011045
2023-04-27,0.40984299778938293,-0.8919811248420665
2023-04-28,0.4049319922924042,-0.9040361462414529
2023-04-29,0.40278398990631104,-0.9093548659328491
2023-04-30,0.39735400676727295,-0.9229276909239428
2023-05-01,0.3868570029735565,-0.9497001555951228
2023-05-02,0.391772985458374,-0.9370727256743326
2023-05-03,0.3939419984817505,-0.9315515924962022
2023-05-04,0.3874480128288269,-0.9481735996307894
2023-05-05,0.39468398690223694,-0.929669867437227
2023-05-06,0.3801189959049225,-0.9672709281638139
2023-05-07,0.37690600752830505,-0.9757594395197992
2023-05-08,0.3658280074596405,-1.0055919810037743
2023-05-09,0.36380600929260254,-1.0111344949130356
2023-05-10,0.369937002658844,-0.9944225509244767
2023-05-11,0.36003899574279785,-1.0215429318905604
2023-05-12,0.3704630136489868,-0.9930016674370254
2023-05-13,0.36503100395202637,-1.0077729866727225
2023-05-14,0.3707610070705414,-0.9921976097452094
2023-05-15,0.3674820065498352,-1.001080923297068
2023-05-16,0.3678300082683563,-1.0001343815909882
2023-05-17,0.3754250109195709,-0.9796965323299013
2023-05-18,0.372078001499176,-0.9886517652396752
2023-05-19,0.36821499466896057,-0.9990882867620691
2023-05-20,0.3663569986820221,-1.004147014745286
2023-05-21,0.3603630065917969,-1.0206434039331234
2023-05-22,0.3679969906806946,-0.9996805183447546
2023-05-23,0.37048399448394775,-0.9929450349525529
2023-05-24,0.36423400044441223,-1.0099587595265498
2023-05-25,0.35841599106788635,-1.0260609809417613
2023-05-26,0.3628840148448944,-1.0136720141077693
2023-05-27,0.3667739927768707,-1.0030094441210051
2023-05-28,0.3829990029335022,-0.9597228931116625
2023-05-29,0.3791379928588867,-0.9698550429140316
2023-05-30,0.3779340088367462,-0.9730356784003437
2023-05-31,0.3744029998779297,-0.9824225219163296
2023-06-01,0.3647240102291107,-1.0086143477735294
2023-06-02,0.37830400466918945,-0.972057161437806
2023-06-03,0.37602800130844116,-0.9780916668001087
2023-06-04,0.3776929974555969,-0.9736735893995939
2023-06-05,0.3520149886608124,-1.0440815228678406
2023-06-06,0.3537150025367737,-1.0392637676770948
2023-06-07,0.3222779929637909,-1.1323407737089202
2023-06-08,0.32315701246261597,-1.1296169671756597
2023-06-09,0.295401006937027,-1.2194215001668116
2023-06-10,0.2761940062046051,-1.2866517391670875
2023-06-11,0.2726300060749054,-1.2996396921350108
2023-06-12,0.27504798769950867,-1.2908096958135604
2023-06-13,0.27498599886894226,-1.2910350958155332
2023-06-14,0.2632260024547577,-1.3347422908896176
2023-06-15,0.26195698976516724,-1.339574949898617
2023-06-16,0.2631849944591522,-1.3348980930895291
2023-06-17,0.2669279873371124,-1.320776367308158
2023-06-18,0.26096299290657043,-1.343376671342542
2023-06-19,0.263047993183136,-1.3354187798664083
2023-06-20,0.27032899856567383,-1.308115548562258
2023-06-21,0.28700000047683716,-1.2482730615610624
2023-06-22,0.2903130054473877,-1.2367956089295955
2023-06-23,0.29648199677467346,-1.2157687815289062
2023-06-24,0.290012001991272,-1.2378329706812017
2023-06-25,0.2923249900341034,-1.2298891160475938
2023-06-26,0.28035399317741394,-1.2717022129704163
2023-06-27,0.28652000427246094,-1.249946922324324
2023-06-28,0.2671689987182617,-1.3198738668118042
2023-06-29,0.2755639851093292,-1.2889354265046618
2023-06-30,0.2869560122489929,-1.2484263423942799
2023-07-01,0.2923400104045868,-1.2298377349302858
2023-07-02,0.29205501079559326,-1.2308131013220203
2023-07-03,0.29631099104881287,-1.2163457307645307
2023-07-04,0.29261499643325806,-1.2288975393743424
2023-07-05,0.2844710052013397,-1.2571239455432108
2023-07-06,0.27970001101493835,-1.274037639392964
2023-07-07,0.2845250070095062,-1.2569341311783655
2023-07-08,0.29065099358558655,-1.2356320663455695
2023-07-09,0.2845909893512726,-1.2567022545750581
2023-07-10,0.2879909873008728,-1.2448260934300532
2023-07-11,0.29281800985336304,-1.2282039897245531
2023-07-12,0.2887580096721649,-1.2421662784064755
2023-07-13,0.3576579988002777,-1.0281780597951902
2023-07-14,0.3288010060787201,-1.1123025559546715
2023-07-15,0.32636499404907227,-1.1197389102678958
2023-07-16,0.3148840069770813,-1.1555509397892778
2023-07-17,0.31248900294303894,-1.1631860010071593
2023-07-18,0.3073990046977997,-1.179608685690952
2023-07-19,0.323513001203537,-1.1285159766569777
2023-07-20,0.31609299778938293,-1.1517188118901895
2023-07-21,0.313291996717453,-1.160619626458945
2023-07-22,0.3097720146179199,-1.1719186887855788
2023-07-23,0.31716299057006836,-1.1483394714066402
2023-07-24,0.305308997631073,-1.1864309082341349
2023-07-25,0.30401700735092163,-1.1906716339074968
2023-07-26,0.30664101243019104,-1.1820775562253876
2023-07-27,0.30752500891685486,-1.1791988652317442
2023-07-28,0.3102009892463684,-1.1705348391849242
2023-07-29,0.3127650022506714,-1.1623031619584971
2023-07-30,0.31563299894332886,-1.1531751360868614
2023-07-31,0.30748799443244934,-1.1793192349938424
2023-08-01,0.3099510073661804,-1.1713410347469577
2023-08-02,0.2993890047073364,-1.2060115320953613
2023-08-03,0.29257598519325256,-1.2290308676083315
2023-08-04,0.2933880090713501,-1.2262592829858818
2023-08-05,0.293628990650177,-1.2254382451199308
2023-08-06,0.2920820116996765,-1.2307206541630056
2023-08-07,0.2902959883213043,-1.2368542271262506
2023-08-08,0.2977449893951416,-1.2115178991162276
2023-08-09,0.3011400103569031,-1.2001799716949209
2023-08-10,0.2961300015449524,-1.2169567266670884
2023-08-11,0.2934499979019165,-1.2260480191275074
2023-08-12,0.29183700680732727,-1.2315598284284839
2023-08-13,0.28953099250793457,-1.2394929324039854
2023-08-14,0.29061099886894226,-1.2357696797358362
2023-08-15,0.2818169891834259,-1.2664973932460037
2023-08-16,0.2745319902896881,-1.2926874846053924
2023-08-17,0.2559579908847809,-1.3627419460744665
2023-08-18,0.2638919949531555,-1.332215369570085
2023-08-19,0.26837798953056335,-1.3153588834672618
2023-08-20,0.27070900797843933,-1.3067108063051207
2023-08-21,0.2631790041923523,-1.3349208540185271
2023-08-22,0.2583659887313843,-1.3533781382932615
2023-08-23,0.2679649889469147,-1.3168989452629818
2023-08-24,0.26588401198387146,-1.324695110469195
2023-08-25,0.2610799968242645,-1.3429284173789608
2023-08-26,0.26095300912857056,-1.343414929521874
2023-08-27,0.26344600319862366,-1.3339068534473373
2023-08-28,0.2674340009689331,-1.318882468437565
2023-08-29,0.27244898676872253,-1.3003038869222407
2023-08-30,0.2656539976596832,-1.3255605776018273
2023-08-31,0.2553730010986328,-1.3650300531931134
2023-09-01,0.25518500804901123,-1.365766475126564
2023-09-02,0.2562299966812134,-1.361679813308345
2023-09-03,0.2557930052280426,-1.3633867349022661
2023-09-04,0.25614601373672485,-1.3620076309404472
2023-09-05,0.25761398673057556,-1.3562929899115839
2023-09-06,0.25766700506210327,-1.3560872057566886
2023-09-07,0.2577199935913086,-1.3558815795785721
2023-09-08,0.2543700039386749,-1.368965363514077
2023-09-09,0.25349199771881104,-1.3724230236333306
2023-09-10,0.2490520030260086,-1.390093556829021
2023-09-11,0.24187299609184265,-1.4193425001240174
2023-09-12,0.24586999416351318,-1.4029523617541344
2023-09-13,0.24888400733470917,-1.390768325048945
2023-09-14,0.2511810064315796,-1.381581458586028
2023-09-15,0.2506429851055145,-1.383725722476493
2023-09-16,0.250436007976532,-1.3845518482714738
2023-09-17,0.24731600284576416,-1.397088396294587
2023-09-18,0.25174298882484436,-1.379346597523633
2023-09-19,0.25525999069213867,-1.3654726818918308
2023-09-20,0.2516300082206726,-1.3797954917103774
2023-09-21,0.24545499682426453,-1.4046416608761076
2023-09-22,0.2449219971895218,-1.4068154979489844
2023-09-23,0.2461329996585846,-1.4018832401291623
2023-09-24,0.243026003241539,-1.4145868321422268
2023-09-25,0.24588100612163544,-1.4029075750302937
2023-09-26,0.2453950047492981,-1.4048861024573354
2023-09-27,0.24479100108146667,-1.4073504893077684
2023-09-28,0.24911999702453613,-1.389820582840347
2023-09-29,0.24953599274158478,-1.388152114709653
2023-09-30,0.2540470063686371,-1.3702359646424591
2023-10-01,0.2658950090408325,-1.3246537509701255
2023-10-02,0.2595129907131195,-1.3489485170776612
2023-10-03,0.261027991771698,-1.343127629242692
2023-10-04,0.25931501388549805,-1.3497116865113679
2023-10-05,0.2601490020751953,-1.346500727212454
2023-10-06,0.2648720145225525,-1.3285085337264637
2023-10-07,0.2587350010871887,-1.3519509028954961
2023-10-08,0.25662899017333984,-1.3601238551098909
2023-10-09,0.25164198875427246,-1.3797478811392583
2023-10-10,0.24914099276065826,-1.389736306781956
2023-10-11,0.24800099432468414,-1.394322523451466
2023-10-12,0.2459219992160797,-1.4027408696865105
2023-10-13,0.24614599347114563,-1.4018304496881913
2023-10-14,0.2470110058784485,-1.3983223851345055
2023-10-15,0.24735599756240845,-1.3969266943316765
2023-10-16,0.25156301259994507,-1.3800617737069527
2023-10-17,0.24711500108242035,-1.397901459281414
2023-10-18,0.2434529960155487,-1.4128313899368585
2023-10-19,0.24692299962043762,-1.3986787333833095
2023-10-20,0.25113800168037415,-1.3817526834475844
2023-10-21,0.25858500599861145,-1.3525307957692534
2023-10-22,0.2635729908943176,-1.3334249440680743
2023-10-23,0.2799539864063263,-1.2731300235803624
2023-10-24,0.27899301052093506,-1.2765685493708656
2023-10-25,0.28055599331855774,-1.2709819542667395
2023-10-26,0.2872920036315918,-1.247256146201526
2023-10-27,0.289467990398407,-1.2397105566542388
2023-10-28,0.29124999046325684,-1.2335733068464099
2023-10-29,0.2952829897403717,-1.2198210952087951
2023-10-30,0.30273398756980896,-1.1949007878904854
2023-10-31,0.2931070029735565,-1.2272175387716104
2023-11-01,0.3074589967727661,-1.179413544455046
2023-11-02,0.32314199209213257,-1.1296634483566
2023-11-03,0.32902100682258606,-1.1116336797305455
2023-11-04,0.32854199409484863,-1.113090613322614
2023-11-05,0.34286999702453613,-1.0704039210826317
2023-11-06,0.36340799927711487,-1.0122291109422599
2023-11-07,0.3515709936618805,-1.0453436146917905
2023-11-08,0.35835000872612,-1.0262450921913788
2023-11-09,0.3683350086212158,-0.9987624054158434
2023-11-10,0.38620999455451965,-0.9513740301032169
2023-11-11,0.38456401228904724,-0.9556450219969197
2023-11-12,0.38338300585746765,-0.9587207741900368
2023-11-13,0.35841500759124756,-1.0260637248985396
2023-11-14,0.3578700125217438,-1.0275854520305299
2023-11-15,0.37929201126098633,-0.9694488923045351
2023-11-16,0.37176600098609924,-0.9894906522383776
2023-11-17,0.36660900712013245,-1.0034593745381124
2023-11-18,0.3776940107345581,-0.9736709065921053
2023-11-19,0.38452500104904175,-0.9557464699161135
2023-11-20,0.38068199157714844,-0.9657909201610488
2023-11-21,0.3586310148239136,-1.0254612329176969
2023-11-22,0.3806599974632263,-0.9658486973866448
2023-11-23,0.38667500019073486,-0.9501707315646644
2023-11-24,0.3862130045890808,-0.9513662363566182
2023-11-25,0.3948110044002533,-0.9293480984570269
2023-11-26,0.3881849944591522,-0.9462732631438486
2023-11-27,0.37835898995399475,-0.9719118251776934
2023-11-28,0.3856239914894104,-0.9528924995883735
2023-11-29,0.38177600502967834,-0.9629212166280454
2023-11-30,0.3758949935436249,-0.9784454470864258
2023-12-01,0.3842020034790039,-0.9565868139840156
2023-12-02,0.39779800176620483,-0.9218109357870363
2023-12-03,0.39515501260757446,-0.9284771540830661
2023-12-04,0.406810998916626,-0.8994065775217532
2023-12-05,0.4256579875946045,-0.8541191011882879
2023-12-06,0.4424059987068176,-0.8155272694020672
2023-12-07,0.4564320147037506,-0.7843155173023914
2023-12-08,0.5459210276603699,-0.6052809516829846
2023-12-09,0.5785999894142151,-0.5471439047356174
2023-12-10,0.5941550135612488,-0.5206150280737611
2023-12-11,0.5510209798812866,-0.5959823945445009
2023-12-12,0.5764070153236389,-0.5509412440015519
2023-12-13,0.6652439832687378,-0.4076014134813035
2023-12-14,0.6434779763221741,-0.44086747736120485
2023-12-15,0.6014080047607422,-0.5084816983055432
2023-12-16,0.60760897397995,-0.49822373881733334
2023-12-17,0.5803139805793762,-0.5441859760899533
2023-12-18,0.6010329723358154,-0.5091054834962192
2023-12-19,0.5766000151634216,-0.5506064674798445
2023-12-20,0.5893290042877197,-0.5287706701452715
2023-12-21,0.6365990042686462,-0.4516153282751004
2023-12-22,0.6242160201072693,-0.4712587844519389
2023-12-23,0.6145480275154114,-0.4868681959668297
2023-12-24,0.5939549803733826,-0.5209517531089471
2023-12-25,0.6257209777832031,-0.46885072963683966
2023-12-26,0.6087989807128906,-0.4962671466921555
2023-12-27,0.6335350275039673,-0.45643998871481545
2023-12-28,0.6174219846725464,-0.482202559072913
2023-12-29,0.608493983745575,-0.49676825362795973
2023-12-30,0.601963996887207,-0.5075576412969606
2023-12-31,0.5942050218582153,-0.5205308645281932
2024-01-01,0.6231099963188171,-0.47303221668018236
2024-01-02,0.605666995048523,-0.5014249570717411
2024-01-03,0.5572860240936279,-0.5846766626080067
2024-01-04,0.5705670118331909,-0.5611246549949216
2024-01-05,0.5412420034408569,-0.6138887740177981
2024-01-06,0.5231029987335205,-0.6479768960020059
2024-01-07,0.4941740036010742,-0.7048675898037786
2024-01-08,0.5409359931945801,-0.614454319159881
2024-01-09,0.5115270018577576,-0.6703549054280422
2024-01-10,0.5666469931602478,-0.5680187561611252
2024-01-11,0.5821790099143982,-0.5409773013703552
2024-01-12,0.5473330020904541,-0.602697882832111
2024-01-13,0.5493360161781311,-0.5990449733733422
2024-01-14,0.5259810090065002,-0.6424901714465919
2024-01-15,0.5281609892845154,-0.638354137801692
2024-01-16,0.5356760025024414,-0.6242257736219666
2024-01-17,0.5270289778709412,-0.6404997454801012
2024-01-18,0.5018740296363831,-0.6894061277596764
2024-01-19,0.503150999546051,-0.686864956028099
2024-01-20,0.5150049924850464,-0.6635786842196677
2024-01-21,0.5031049847602844,-0.6869564134435406
2024-01-22,0.4785020053386688,-0.7370948772124996
2024-01-23,0.4767490029335022,-0.7407651258860668
2024-01-24,0.47629600763320923,-0.7417157532528428
2024-01-25,0.46647900342941284,-0.7625422684334647
2024-01-26,0.48529401421546936,-0.7230003568414093
2024-01-27,0.48632100224494934,-0.7208863746683426
2024-01-28,0.4897190034389496,-0.7139235147393899
2024-01-29,0.5252749919891357,-0.6438333592578249
2024-01-30,0.5141649842262268,-0.6652110840454705
2024-01-31,0.49825599789619446,-0.6966412820365613
2024-02-01,0.5070229768753052,-0.6791989571371606
2024-02-02,0.5139579772949219,-0.6656137731047557
2024-02-03,0.5128610134124756,-0.6677503995397803
2024-02-04,0.49425598978996277,-0.7047016980570191
2024-02-05,0.49333998560905457,-0.7065567166403207
2024-02-06,0.4984630048274994,-0.6962259053181169
2024-02-07,0.5017729997634888,-0.6896074532661065
2024-02-08,0.5292689800262451,-0.6362585074916381
2024-02-09,0.5407919883728027,-0.6147205687625202
2024-02-10,0.5514119863510132,-0.5952730425964029
2024-02-11,0.5414100289344788,-0.6135783778979992
2024-02-12,0.560030996799469,-0.5797631453571527
2024-02-13,0.5449960231781006,-0.606976781266432
2024-02-14,0.5773019790649414,-0.5493897887816113
2024-02-15,0.6083629727363586,-0.4969835805142049
2024-02-16,0.5988720059394836,-0.5127073832662242
2024-02-17,0.6083459854125977,-0.4970115039114123
2024-02-18,0.6187340021133423,-0.4800798206038436
2024-02-19,0.6310629844665527,-0.4603496045180956
2024-02-20,0.6221650242805481,-0.47454990908390665
2024-02-21,0.5984579920768738,-0.5133989451243522
2024-02-22,0.5859019756317139,-0.534602780476482
2024-02-23,0.5832419991493225,-0.5391530858783767
2024-02-24,0.5966960191726685,-0.5163474758813013
2024-02-25,0.5913789868354797,-0.5252982034167206
2024-02-26,0.6197360157966614,-0.47846167258658323
2024-02-27,0.6242160201072693,-0.4712587844519389
2024-02-28,0.6310589909553528,-0.46035593276731035
2024-02-29,0.655646026134491,-0.4221342299786256
2024-03-01,0.7190809845924377,-0.32978129256577904
2024-03-02,0.7409279942512512,-0.29985183215772326
2024-03-03,0.7282379865646362,-0.3171273795853717
2024-03-04,0.7712939977645874,-0.25968565804499355
2024-03-05,0.6934900283813477,-0.3660184180164972
2024-03-06,0.7338209748268127,-0.30949018362262365
2024-03-07,0.7447419762611389,-0.2947174611814063
2024-03-08,0.7248539924621582,-0.3217850341164604
2024-03-09,0.7437130212783813,-0.2961000426479137
2024-03-10,0.7172269821166992,-0.3323629164910386
2024-03-11,0.7741900086402893,-0.2559379463206127
2024-03-12,0.7480549812316895,-0.2902787993885296
2024-03-13,0.7645800113677979,-0.2684286006618651
2024-03-14,0.7504739761352539,-0.28705030387924013
2024-03-15,0.7264410257339478,-0.3195979751319169
2024-03-16,0.6595349907875061,-0.4162202516931622
2024-03-17,0.681098997592926,-0.3840476124832297
2024-03-18,0.6612579822540283,-0.4136112244208189
2024-03-19,0.5869140028953552,-0.5328769726202511
2024-03-20,0.6394810080528259,-0.4470983565233526
2024-03-21,0.6318680047988892,-0.45907475981445395
2024-03-22,0.6132630109786987,-0.4889613796337098
2024-03-23,0.6258620023727417,-0.46862537567729984
2024-03-24,0.6461570262908936,-0.43671272998371147
2024-03-25,0.656948983669281,-0.420148913939751
2024-03-26,0.6650339961051941,-0.40791711767026806
2024-03-27,0.6484829783439636,-0.43311952330494496
2024-03-28,0.6507940292358398,-0.42956207817866443
2024-03-29,0.6644030213356018,-0.40886635378855396
2024-03-30,0.6443660259246826,-0.4394883510979086
2024-03-31,0.650426983833313,-0.43012623355054264
2024-04-01,0.6216840147972107,-0.4753233301216743
2024-04-02,0.5809869766235352,-0.5430269378314814
2024-04-03,0.5712779760360718,-0.5598793646055759
2024-04-04,0.582955002784729,-0.5396452777977718
2024-04-05,0.5748339891433716,-0.553673994404118
2024-04-06,0.5843380093574524,-0.5372756804379518
2024-04-07,0.5894740223884583,-0.5285246271708502
2024-04-08,0.6141589879989624,-0.48750144624462144
2024-04-09,0.5918930172920227,-0.5244293744626253
2024-04-10,0.5862550139427185,-0.534000406690684
2024-04-11,0.5861909985542297,-0.5341096064113877
2024-04-12,0.5035750269889832,-0.686022567022887
2024-04-13,0.4479080140590668,-0.8031673934103835
2024-04-14,0.46891099214553833,-0.7573423107524545
2024-04-15,0.46079498529434204,-0.7748020522674363
2024-04-16,0.45860499143600464,-0.7795660245442875
2024-04-17,0.4442949891090393,-0.8112665472739401
2024-04-18,0.45814400911331177,-0.7805717139124138
2024-04-19,0.46878400444984436,-0.7576131615022854
2024-04-20,0.5059080123901367,-0.6814004199165303
2024-04-21,0.4992919862270355,-0.6945642116203277
2024-04-22,0.516884982585907,-0.6599349000443078
2024-04-23,0.5001959800720215,-0.6927552972122129
2024-04-24,0.4749099910259247,-0.7446299854804833
2024-04-25,0.47102001309394836,-0.7528546952230956
2024-04-26,0.46272900700569153,-0.7706136942935311
2024-04-27,0.46703198552131653,-0.7613575321783389
2024-04-28,0.46047401428222656,-0.7754988542335283
2024-04-29,0.4573650062084198,-0.7822735062047024
2024-04-30,0.44081199169158936,-0.8191368171314563
2024-05-01,0.44986599683761597,-0.7988055253697687
2024-05-02,0.4582819938659668,-0.7802705772068877
2024-05-03,0.46754398941993713,-0.7602618396641454
2024-05-04,0.463577002286911,-0.7687827755483121
2024-05-05,0.4583339989185333,-0.7801571053647386
2024-05-06,0.4542880058288574,-0.789023907998591
2024-05-07,0.4418730139732361,-0.8167327368857034
2024-05-08,0.45255300402641296,-0.7928503867320649
2024-05-09,0.4635010063648224,-0.7689467227491941
2024-05-10,0.4482499957084656,-0.8024041760708701
2024-05-11,0.4388760030269623,-0.8235383590459393
2024-05-12,0.4376530051231384,-0.8263289083286046
2024-05-13,0.43654000759124756,-0.828875252481625
2024-05-14,0.42806899547576904,-0.8484708920097326
2024-05-15,0.45298799872398376,-0.7918896467330837
2024-05-16,0.4596950113773346,-0.7771920281380506
2024-05-17,0.4819999933242798,-0.7298111787815788
2024-05-18,0.48240798711776733,-0.7289650766627631
2024-05-19,0.467602014541626,-0.7601377411351082
2024-05-20,0.5017579793930054,-0.6896373883070699
2024-05-21,0.4947740137577057,-0.703654158521807
2024-05-22,0.48312699794769287,-0.7274757241815908
2024-05-23,0.46533000469207764,-0.7650084375940344
2024-05-24,0.4594939947128296,-0.7776294064495354
2024-05-25,0.4620720148086548,-0.7720345238386227
2024-05-26,0.4583750069141388,-0.7800676375066247
2024-05-27,0.46796301007270813,-0.7593660244943611
2024-05-28,0.45699000358581543,-0.7830937623188228
2024-05-29,0.45099499821662903,-0.7962990299697185
2024-05-30,0.44658100605010986,-0.8061344705966998
2024-05-31,0.44746100902557373,-0.8041658757324333
2024-06-01,0.44997501373291016,-0.7985632227973211
2024-06-02,0.4464940130710602,-0.8063292873309322
2024-06-03,0.45703598856925964,-0.7829931415840128
2024-06-04,0.46148499846458435,-0.773305731603133
2024-06-05,0.46117499470710754,-0.7739777099514658
2024-06-06,0.4581019878387451,-0.7806634387870346
2024-06-07,0.44964298605918884,-0.7993013754107059
2024-06-08,0.43657100200653076,-0.8288042548307982
2024-06-09,0.44410601258277893,-0.8116919779719037
2024-06-10,0.44046100974082947,-0.8199333511651702
2024-06-11,0.4218910038471222,-0.863008283029828
2024-06-12,0.4377959966659546,-0.8260022381426874
2024-06-13,0.4211849868297577,-0.8646831431615661
2024-06-14,0.41168299317359924,-0.8875016598435773
2024-06-15,0.41369500756263733,-0.8826262733597959
2024-06-16,0.41637900471687317,-0.8761593644614137
2024-06-17,0.40175798535346985,-0.9119053981377303
2024-06-18,0.3835799992084503,-0.958207077039031
2024-06-19,0.3837909996509552,-0.9576571463063446
2024-06-20,0.38424399495124817,-0.9564775246588793
2024-06-21,0.37605199217796326,-0.978027868082584
2024-06-22,0.38481199741363525,-0.9550003823667561
2024-06-23,0.3803029954433441,-0.9667869875516114
2024-06-24,0.3777649998664856,-0.9734829701689763
2024-06-25,0.3918589949607849,-0.936853210634351
2024-06-26,0.38475000858306885,-0.9551614839549776
2024-06-27,0.3907009959220886,-0.9398127278532358
2024-06-28,0.38542601466178894,-0.953406024860127
2024-06-29,0.38396498560905457,-0.9572039138616146
2024-06-30,0.392192006111145,-0.9360037476021514
2024-07-01,0.40290701389312744,-0.9090494784153209
2024-07-02,0.4177750051021576,-0.8728122566799983
2024-07-03,0.4067380130290985,-0.8995860034362381
2024-07-04,0.36285901069641113,-1.0137409204495822
2024-07-05,0.3498849868774414,-1.0501507874240164
2024-07-06,0.37122100591659546,-0.9909576904562345
2024-07-07,0.34661799669265747,-1.0595319795268061
2024-07-08,0.3690069913864136,-0.9969396882744499
2024-07-09,0.375328004360199,-0.9799549570260063
2024-07-10,0.38883501291275024,-0.9446001566625141
2024-07-11,0.39581701159477234,-0.9268032664574279
2024-07-12,0.4165239930152893,-0.8758112127552117
2024-07-13,0.441415011882782,-0.8177697760350947
2024-07-14,0.43234801292419434,-0.8385244295751704
2024-07-15,0.44558200240135193,-0.8083739807687836
2024-07-16,0.43818899989128113,-0.8251049550767926
2024-07-17,0.4367479979991913,-0.828398913838371
2024-07-18,0.42390599846839905,-0.8582435500551137
2024-07-19,0.43903398513793945,-0.8231784540105433
2024-07-20,0.43763700127601624,-0.8263654764306211
2024-07-21,0.44607698917388916,-0.8072637203933247
2024-07-22,0.42654699087142944,-0.8520327402263893
2024-07-23,0.41009700298309326,-0.891361554625718
2024-07-24,0.4068470001220703,-0.8993180852915771
2024-07-25,0.3946709930896759,-0.9297027900459178
2024-07-26,0.41774699091911316,-0.8728793145987326
2024-07-27,0.41819798946380615,-0.8718002995940763
2024-07-28,0.40738698840141296,-0.8979917138403265
2024-07-29,0.404013991355896,-0.9063057695516138
2024-07-30,0.40167999267578125,-0.9120995454896513
2024-07-31,0.38877299427986145,-0.9447596679649869
2024-08-01,0.3927060067653656,-0.9346940214485268
2024-08-02,0.36382201313972473,-1.0110905058234694
2024-08-03,0.364095002412796,-1.0103404497592838
2024-08-04,0.3439379930496216,-1.0672938906189484
2024-08-05,0.31315499544143677,-1.1610570179059956
2024-08-06,0.3307819962501526,-1.106295742192308
2024-08-07,0.3236980140209198,-1.1279442533146047
2024-08-08,0.35181400179862976,-1.0446526470197872
2024-08-09,0.3485470116138458,-1.053982160852527
2024-08-10,0.3462890088558197,-1.0604815668709218
2024-08-11,0.32832199335098267,-1.1137604650919206
2024-08-12,0.33897700905799866,-1.081822993789469
2024-08-13,0.3401539921760559,-1.0783568457435324
2024-08-14,0.3354550004005432,-1.0922674585392729
2024-08-15,0.3253529965877533,-1.1228445427323885
2024-08-16,0.3304719924926758,-1.1072333661173523
2024-08-17,0.3368859887123108,-1.0880107182967123
2024-08-18,0.33483099937438965,-1.09412935392909
2024-08-19,0.3367530107498169,-1.0884055231234142
2024-08-20,0.34368500113487244,-1.0680297354883155
2024-08-21,0.3690589964389801,-0.9967987657729108
2024-08-22,0.3765360116958618,-0.9767415877216374
2024-08-23,0.39153599739074707,-0.9376778204199484
2024-08-24,0.39400699734687805,-0.9313866100782561
2024-08-25,0.3849790096282959,-0.954566466626631
2024-08-26,0.36695700883865356,-1.0025105799182512
2024-08-27,0.35051101446151733,-1.0483631480040507
2024-08-28,0.35019201040267944,-1.0492736737747625
2024-08-29,0.35704100131988525,-1.0299046541616794
2024-08-30,0.34715399146080017,-1.0579868180503071
2024-08-31,0.3453519940376282,-1.0631911095022544
2024-09-01,0.33173999190330505,-1.1034037738109899
2024-09-02,0.3359679877758026,-1.090739398034612
2024-09-03,0.3185510039329529,-1.143972678853572
2024-09-04,0.32352399826049805,-1.1284819846071528
2024-09-05,0.32506200671195984,-1.1237393249675214
2024-09-06,0.31471800804138184,-1.1560782536656193
2024-09-07,0.3250730037689209,-1.1237054948959675
2024-09-08,0.33865898847579956,-1.0827616115922558
2024-09-09,0.34340599179267883,-1.0688418822356933
2024-09-10,0.3434770107269287,-1.0686350961185747
2024-09-11,0.3530539870262146,-1.0411342959913097
2024-09-12,0.3562929928302765,-1.0320018730518725
2024-09-13,0.36090001463890076,-1.0191543267711873
2024-09-14,0.35447999835014343,-1.037103356745204
2024-09-15,0.3385230004787445,-1.083163240699648
2024-09-16,0.3303059935569763,-1.1077358009523381
2024-09-17,0.33391299843788147,-1.0968748036561309
2024-09-18,0.3429360091686249,-1.0702114114116854
2024-09-19,0.35094499588012695,-1.0471257746903047
2024-09-20,0.3521139919757843,-1.0438003149688706
2024-09-21,0.3585759997367859,-1.0256146477229584
2024-09-22,0.3517720103263855,-1.0447720111673697
2024-09-23,0.3637309968471527,-1.011340704205711
2024-09-24,0.38773301243782043,-0.9474382884904357
2024-09-25,0.38108301162719727,-0.9647380493008559
2024-09-26,0.40188199281692505,-0.9115967836640658
2024-09-27,0.4023280143737793,-0.9104875669206857
2024-09-28,0.40105199813842773,-0.9136641889139981
2024-09-29,0.39759698510169983,-0.9223163869706709
2024-09-30,0.3732140064239502,-0.985603280102405
2024-10-01,0.3524410128593445,-1.0428720101387292
2024-10-02,0.3440049886703491,-1.0670991197652016
2024-10-03,0.34523698687553406,-1.0635241792914807
2024-10-04,0.3513979911804199,-1.0458358198635225
2024-10-05,0.35071998834609985,-1.0477671278910434
2024-10-06,0.357230007648468,-1.0293754255338308
2024-10-07,0.3514670133590698,-1.0456394174863206
2024-10-08,0.3445169925689697,-1.065611864435821
2024-10-09,0.3397020101547241,-1.0796864863920586
2024-10-10,0.3388899862766266,-1.0820797485288176
2024-10-11,0.35118499398231506,-1.046442145974824
2024-10-12,0.3532150089740753,-1.0406783168911014
2024-10-13,0.34803399443626404,-1.0554551188168693
2024-10-14,0.36388900876045227,-1.0109063788310215
2024-10-15,0.3585270047187805,-1.0257512948092966
2024-10-16,0.352524995803833,-1.042633749162019
2024-10-17,0.34303200244903564,-1.0699315345678337
2024-10-18,0.3507100045681,-1.047795594817469
2024-10-19,0.35166099667549133,-1.045087645067715
2024-10-20,0.3648410141468048,-1.008293597971146
2024-10-21,0.36095601320266724,-1.0189991751572394
2024-10-22,0.36381998658180237,-1.011096076029486
2024-10-23,0.34861400723457336,-1.0537899653076743
2024-10-24,0.34630998969078064,-1.0604209810629392
2024-10-25,0.3244119882583618,-1.125741002249963
2024-10-26,0.3333500027656555,-1.0985622816215164
2024-10-27,0.33987200260162354,-1.0791861951882922
2024-10-28,0.3437960147857666,-1.0677067777650089
2024-10-29,0.35565099120140076,-1.0338053907928575
2024-10-30,0.35526400804519653,-1.0348940812687566
2024-10-31,0.34184500575065613,-1.0733978442049754
2024-11-01,0.3570899963378906,-1.0297674383896631
2024-11-02,0.3477709889411926,-1.0562110935910662
2024-11-03,0.3342849910259247,-1.095761383285705
2024-11-04,0.3260189890861511,-1.1207996505812958
2024-11-05,0.33392399549484253,-1.0968418702994527
2024-11-06,0.36332300305366516,-1.0124630247936428
2024-11-07,0.40501299500465393,-0.9038361259591121
2024-11-08,0.4438149929046631,-0.8123474860334047
2024-11-09,0.4936800003051758,-0.7058677443511605
2024-11-10,0.5903090238571167,-0.5271091099522577
2024-11-11,0.6138079762458801,-0.4880731420196106
2024-11-12,0.5739179849624634,-0.5552687762120238
2024-11-13,0.5787749886512756,-0.5468414975785408
2024-11-14,0.5801159739494324,-0.5445272403447974
2024-11-15,0.6740599870681763,-0.3944361704454048
2024-11-16,0.7387340068817139,-0.3028173593872508
2024-11-17,0.7023249864578247,-0.353359038409572
2024-11-18,0.7345799803733826,-0.30845639838640676
2024-11-19,0.7396420240402222,-0.3015889611263261
2024-11-20,0.8003450036048889,-0.2227123897715968
2024-11-21,0.8204740285873413,-0.19787302210672142
2024-11-22,1.010422945022583,0.010369000646839677
2024-11-23,1.066236972808838,0.06413560198483569
2024-11-24,1.0231059789657593,0.022843077855732398
2024-11-25,0.9456890225410461,-0.055841492788381485
2024-11-26,0.9612320065498352,-0.03953947714129485
2024-11-27,1.0133459568023682,0.013257684043186297
2024-11-28,1.0335079431533813,0.03295878579315201
2024-11-29,1.0768580436706543,0.07404758231018525
2024-11-30,1.0789419412612915,0.07598087691476098
2024-12-01,1.1552519798278809,0.14431848453251864
2024-12-02,1.2017760276794434,0.18380048570546892
2024-12-03,1.198125958442688,0.18075863476961718
2024-12-04,1.1873199939727783,0.17169866141371654
2024-12-05,1.1847120523452759,0.16949975125786232
2024-12-06,1.2311069965362549,0.20791376181364143
2024-12-07,1.214195966720581,0.1940821019499751
2024-12-08,1.1962909698486328,0.17922591176585834
2024-12-09,1.0075490474700928,0.0075206960062031356
2024-12-10,1.0201610326766968,0.01996049000843819
2024-12-11,1.0888899564743042,0.08515878877541172
2024-12-12,1.1250159740447998,0.11779723470650963
2024-12-13,1.1196019649505615,0.11297323370456801
2024-12-14,1.0605119466781616,0.05875176009650074
2024-12-15,1.1017080545425415,0.09686175234972064
2024-12-16,1.0788559913635254,0.0759012124600759
2024-12-17,1.0515249967575073,0.050241488353099245
2024-12-18,0.9684200286865234,-0.03208937188662769
2024-12-19,0.8855019807815552,-0.12160058485429144
2024-12-20,0.9510110020637512,-0.050229647561761896
2024-12-21,0.9046940207481384,-0.10015849107127718
2024-12-22,0.8829759955406189,-0.12445726386591095
2024-12-23,0.9242460131645203,-0.07877699476461518
2024-12-24,0.936460018157959,-0.0656484508465624
2024-12-25,0.916858971118927,-0.0868016123165841
2024-12-26,0.8597850203514099,-0.1510728973194455
2024-12-27,0.8747680187225342,-0.1337965492353908
2024-12-28,0.8878170251846313,-0.11898960994175507
2024-12-29,0.8586400151252747,-0.1524055191934827
2024-12-30,0.8600170016288757,-0.15080312059409237
2024-12-31,0.8437650203704834,-0.16988123503327687
2025-01-01,0.9175919890403748,-0.08600244354469479
2025-01-02,0.9613450169563293,-0.0394219157585855
2025-01-03,1.0903760194778442,0.08652260874991587
2025-01-04,1.0714000463485718,0.06896624772454256
2025-01-05,1.0934669971466064,0.08935337974334384
2025-01-06,1.0941239595413208,0.08995400611954633
2025-01-07,0.9920099973678589,-0.008022093756253644
2025-01-08,0.9480310082435608,-0.053368068144366614
2025-01-09,0.9059900045394897,-0.09872700551713587
2025-01-10,0.9314529895782471,-0.07100955765551344
2025-01-11,0.9945240020751953,-0.005491046162663073
2025-01-12,0.9685549736022949,-0.03195003615350739
2025-01-13,0.9447420239448547,-0.05684337929163835
2025-01-14,0.9949089884757996,-0.0051040148756195045
2025-01-15,1.0791540145874023,0.07617741435436716
2025-01-16,1.0900989770889282,0.08626849678729945
2025-01-17,1.1351219415664673,0.12674008266586617
2025-01-18,1.10207200050354,0.09719204480651446
2025-01-19,0.991191029548645,-0.008847998800322733
2025-01-20,1.0086439847946167,0.008606839460370498
2025-01-21,1.004654049873352,0.004643253268904066
2025-01-22,0.9816439747810364,-0.018526587504698985
2025-01-23,0.9874939918518066,-0.012584866426071078
2025-01-24,0.9714940190315247,-0.02892016661022757
2025-01-25,0.9772719740867615,-0.02299028892691422
2025-01-26,0.9548559784889221,-0.046194757739059296
2025-01-27,0.9329429864883423,-0.06941118773148326
2025-01-28,0.9161149859428406,-0.08761339168101688
2025-01-29,0.9411270022392273,-0.060677183318587395
2025-01-30,0.9610139727592468,-0.03976633030563523
2025-01-31,0.9422289729118347,-0.05950696291107925
2025-02-01,0.8979439735412598,-0.10764760289214877
2025-02-02,0.8017399907112122,-0.2209709247883774
2025-02-03,0.8115590214729309,-0.20879816334396692
2025-02-04,0.7463430166244507,-0.292569976650018
2025-02-05,0.7332090139389038,-0.3103244691220212
2025-02-06,0.7050619721412659,-0.3494695762866999
2025-02-07,0.7070930004119873,-0.3465930794281679
2025-02-08,0.7018489837646484,-0.35403702094094475
2025-02-09,0.6827009916305542,-0.3816983020460612
2025-02-10,0.7106930017471313,-0.34151472618365475
2025-02-11,0.7793989777565002,-0.2492321976558835
2025-02-12,0.7992240190505981,-0.22411399823228692
2025-02-13,0.8107420206069946,-0.2098053758326649
2025-02-14,0.8005070090293884,-0.22250999076934802
2025-02-15,0.7811099886894226,-0.24703930846989824
2025-02-16,0.772005021572113,-0.25876422435142643
2025-02-17,0.8080250024795532,-0.21316227727697354
2025-02-18,0.7523630261421204,-0.28453632398798334
2025-02-19,0.7729430198669434,-0.257549946091025
2025-02-20,0.8044739961624146,-0.21756663605231602
2025-02-21,0.7613710165023804,-0.272634501817661
2025-02-22,0.7744519710540771,-0.2555996338898233
2025-02-23,0.7700409889221191,-0.26131153318481115
2025-02-24,0.6822019815444946,-0.382429504363149
2025-02-25,0.6825820207595825,-0.3818725822065746
2025-02-26,0.6450380086898804,-0.4384460357211979
2025-02-27,0.6455850005149841,-0.4375983956993582
2025-02-28,0.6330509781837463,-0.4572043258251465
2025-03-01,0.6592649817466736,-0.41662972856642355
2025-03-02,1.1295030117034912,0.12177772332651941
2025-03-03,0.8552640080451965,-0.15634507636911207
2025-03-04,0.941277027130127,-0.060517786197802896
2025-03-05,0.9753559827804565,-0.02495276407686724
2025-03-06,0.9075520038604736,-0.0970044099555255
2025-03-07,0.8167999982833862,-0.20236101423331418
2025-03-08,0.8046919703483582,-0.21729572032104508
2025-03-09,0.7201489806175232,-0.32829717085217663
2025-03-10,0.6725969910621643,-0.396608953277761
2025-03-11,0.722586989402771,-0.3249174656856467
2025-03-12,0.7354440093040466,-0.3072808678695861
2025-03-13,0.7022889852523804,-0.3534102997613417
2025-03-14,0.738315999507904,-0.303383362411063
2025-03-15,0.7482889890670776,-0.2899660266010679
2025-03-16,0.7057639956474304,-0.34847438115968365
2025-03-17,0.7180920243263245,-0.331157550561266
2025-03-18,0.702081024646759,-0.3537064618919419
2025-03-19,0.7441999912261963,-0.2954454748591927
2025-03-20,0.7175170183181763,-0.3319586127192996
2025-03-21,0.7051169872283936,-0.3493915506052216
2025-03-22,0.7009410262107849,-0.35533152357383835
2025-03-23,0.7095080018043518,-0.3431835043563461
2025-03-24,0.7309949994087219,-0.31334866000989897
2025-03-25,0.745199978351593,-0.2941026693051697
2025-03-26,0.7280619740486145,-0.3173691052210775
2025-03-27,0.737671971321106,-0.3042560364983844
2025-03-28,0.705551028251648,-0.3487761811034135
2025-03-29,0.6739220023155212,-0.39464089833379457
2025-03-30,0.6607080101966858,-0.4144432762167236
2025-03-31,0.6614469885826111,-0.41332543683547457
2025-04-01,0.6776549816131592,-0.3891169972401762
2025-04-02,0.641638994216919,-0.44372944775402107
2025-04-03,0.6500589847564697,-0.4306921744304192
2025-04-04,0.6604490280151367,-0.41483532981425336
2025-04-05,0.6546710133552551,-0.42362243921319015
2025-04-06,0.5727930068969727,-0.5572308720398139
2025-04-07,0.5854309797286987,-0.5354069855084402
2025-04-08,0.5578879714012146,-0.5835971048556203
2025-04-09,0.631676971912384,-0.4593771358936306
2025-04-10,0.609387993812561,-0.4953001142777739
2025-04-11,0.6241670250892639,-0.47133727801722575
2025-04-12,0.6588519811630249,-0.4172563809937654
2025-04-13,0.6380749940872192,-0.4492994569540361
2025-04-14,0.6348739862442017,-0.4543287466421538
2025-04-15,0.6091629862785339,-0.49566941772138945
2025-04-16,0.610418975353241,-0.49360971274336746
2025-04-17,0.6163049936294556,-0.4840133184515106
2025-04-18,0.6274449825286865,-0.4660992890651935
2025-04-19,0.6279540061950684,-0.4652883537388962
2025-04-20,0.6197819709777832,-0.47838752250302946
2025-04-21,0.6239399909973145,-0.47170108351070883
2025-04-22,0.680404007434845,-0.3850685286558397
2025-04-23,0.6975659728050232,-0.360158185092764
2025-04-24,0.72182697057724,-0.3259698217507764
2025-04-25,0.7141410112380981,-0.33667484141083986
2025-04-26,0.7075210213661194,-0.3459879377278818
2025-04-27,0.7039750218391418,-0.35101240379566495
2025-04-28,0.7054799795150757,-0.34887688581683407
2025-04-29,0.6963300108909607,-0.3619315774440384
2025-04-30,0.6819300055503845,-0.38282825756340655
2025-05-01,0.7054340243339539,-0.3489420282436761
2025-05-02,0.6980419754981995,-0.3594760412110058
2025-05-03,0.701026976108551,-0.3552089103647899
2025-05-04,0.676692008972168,-0.39053904463270367
2025-05-05,0.6629760265350342,-0.4110164485223762
2025-05-06,0.6783819794654846,-0.38804475814516004
2025-05-07,0.6711859703063965,-0.3987090264516566
2025-05-08,0.7666040062904358,-0.2657848999986783
2025-05-09,0.7777109742164612,-0.25140032226280984
2025-05-10,0.8412730097770691,-0.17283904650772325
2025-05-11,0.8049889802932739,-0.2169266907339483
2025-05-12,0.8176379799842834,-0.20133560759755958
2025-05-13,0.8315600156784058,-0.18445180534901515
2025-05-14,0.7995200157165527,-0.22374371172875696
2025-05-15,0.7612429857254028,-0.2728026741543031
2025-05-16,0.7592679858207703,-0.2754004864059777
2025-05-17,0.7423850297927856,-0.29788726232446544
2025-05-18,0.7606260180473328,-0.2736134768059639
2025-05-19,0.7430629730224609,-0.29697448277855015
2025-05-20,0.7457290291786194,-0.2933929764270251
2025-05-21,0.7707189917564392,-0.2604314442850669
2025-05-22,0.8081380128860474,-0.21302242701978552
2025-05-23,0.7463799715042114,-0.2925204632706942
2025-05-24,0.7471920251846313,-0.2914330650572342
2025-05-25,0.7599830031394958,-0.2744592102419818
2025-05-26,0.7595549821853638,-0.2750225669590706
2025-05-27,0.7586830258369446,-0.2761712095825354
2025-05-28,0.7468940019607544,-0.2918320022300808
2025-05-29,0.7223420143127441,-0.32525654821737543
2025-05-30,0.6893270015716553,-0.3720395174050381
2025-05-31,0.6860740184783936,-0.3767697584203428
2025-06-01,0.6849740147590637,-0.37837437609775026
2025-06-02,0.6896770000457764,-0.3715319068669601
2025-06-03,0.6846140027046204,-0.37890009924682083
2025-06-04,0.6658899784088135,-0.40663081967273595
2025-06-05,0.6275740265846252,-0.4658936442813991
2025-06-06,0.6564059853553772,-0.42097580135046575
2025-06-07,0.6650099754333496,-0.407953237787138
2025-06-08,0.6698989868164062,-0.4006283439091153
2025-06-09,0.7050520181655884,-0.3494836942597802
2025-06-10,0.7159140110015869,-0.3341952156001362
2025-06-11,0.6981580257415771,-0.3593098039333351
2025-06-12,0.6638389825820923,-0.40971565502394613
2025-06-13,0.6421359777450562,-0.44295519437812786
2025-06-14,0.6249489784240723,-0.4700852670994988
2025-06-15,0.633849024772644,-0.45594448417609695
2025-06-16,0.6316310167312622,-0.4594498896188587
2025-06-17,0.6104490160942078,-0.49356050063987505
2025-06-18,0.6034489870071411,-0.5050937705887234
2025-06-19,0.6021249890327454,-0.5072902322460013
2025-06-20,0.5772640109062195,-0.5494555592253372
2025-06-21,0.5543149709701538,-0.5900222141349752
2025-06-22,0.5409830212593079,-0.614367384622029
2025-06-23,0.5832750201225281,-0.5390964712338087
2025-06-24,0.5873690247535706,-0.5321019944075457
2025-06-25,0.5670809745788574,-0.5672531731427014
2025-06-26,0.5540210008621216,-0.5905526852599714
2025-06-27,0.5587639808654785,-0.5820281116842125
2025-06-28,0.5656970143318176,-0.5696966544765153
2025-06-29,0.5780860185623169,-0.5480326003404415
2025-06-30,0.5721210241317749,-0.558404729332412
2025-07-01,0.5421580076217651,-0.6121977930507967
2025-07-02,0.5841010212898254,-0.5376813294528523
2025-07-03,0.5990880131721497,-0.5123467581509267
2025-07-04,0.5728909969329834,-0.5570598125924933
2025-07-05,0.5759080052375793,-0.5518073441709483
2025-07-06,0.5860130190849304,-0.5344132727834334
2025-07-07,0.5802379846572876,-0.5443169412246024
2025-07-08,0.5884739756584167,-0.5302225747406293
2025-07-09,0.6234890222549438,-0.47242412066508993
2025-07-10,0.6766480207443237,-0.39060405154433536
2025-07-11,0.7105259895324707,-0.3417497528986848
2025-07-12,0.7082970142364502,-0.3448917616254161
2025-07-13,0.7372530102729797,-0.30482414818490794
2025-07-14,0.7343360185623169,-0.30878856416509737
2025-07-15,0.7468230128288269,-0.29192705253917967
2025-07-16,0.7645490169525146,-0.2684691393145404
2025-07-17,0.8237850069999695,-0.19384569695159032
2025-07-18,0.8158569931983948,-0.20351619281004718
2025-07-19,0.8303400278091431,-0.18591999002497142
2025-07-20,0.8587449789047241,-0.15228328244407002
2025-07-21,0.8904250264167786,-0.11605637247871169
2025-07-22,0.902944028377533,-0.10209471156428057
2025-07-23,0.8162310123443604,-0.20305786072103874
2025-07-24,0.8055779933929443,-0.21619525499044442
2025-07-25,0.816074013710022,-0.203250225055298
2025-07-26,0.81980299949646,-0.1986912121036873
2025-07-27,0.8320080041885376,-0.183913217788289
2025-07-28,0.7908909916877747,-0.2345951314726055
2025-07-29,0.7824680209159851,-0.24530222524193832
2025-07-30,0.7634389996528625,-0.26992205318932966
2025-07-31,0.7400599718093872,-0.3010240530820686
2025-08-01,0.7156670093536377,-0.33454029093557053
2025-08-02,0.6976699829101562,-0.36000909188039415
2025-08-03,0.7269759774208069,-0.3188618454322438
2025-08-04,0.7548080086708069,-0.28129185522234723
2025-08-05,0.726036012172699,-0.32015566184389355
2025-08-06,0.7417939901351929,-0.29868371569147867
2025-08-07,0.7863950133323669,-0.24029605130310153
2025-08-08,0.7911810278892517,-0.2342284778675391
2025-08-09,0.804036021232605,-0.21811120827865832
2025-08-10,0.8022879958152771,-0.22028763854899863
2025-08-11,0.7739769816398621,-0.2562131453180195
2025-08-12,0.8412039875984192,-0.17292109479580836
2025-08-13,0.9059240221977234,-0.09879983716457816
2025-08-14,0.9253829717636108,-0.07754760362557554
2025-08-15,0.943835973739624,-0.05780288456582299
2025-08-16,0.9212819933891296,-0.08198910784374078
2025-08-17,0.9618890285491943,-0.03885618990879061
2025-08-18,0.9232550263404846,-0.07984978108287631
2025-08-19,0.8450390100479126,-0.16837248695339338
2025-08-20,0.8808220028877258,-0.12689971331378033
2025-08-21,0.8510209918022156,-0.1613184834953491
2025-08-22,0.9299209713935852,-0.07265567344172986
2025-08-23,0.9131330251693726,-0.09087370782927999
2025-08-24,0.9096069931983948,-0.09474264836252987
2025-08-25,0.8376330137252808,-0.17717520553530688
2025-08-26,0.8666830062866211,-0.14308199041075687
2025-08-27,0.8501560091972351,-0.1623354061071813
2025-08-28,0.8577499985694885,-0.1534425989113267
2025-08-29,0.8271369934082031,-0.1897849466393334
2025-08-30,0.8224049806594849,-0.19552232805020178
2025-08-31,0.8113610148429871,-0.20904217614372975
2025-09-01,0.8001859784126282,-0.2229111053160889
2025-09-02,0.8345810174942017,-0.1808254555187596
2025-09-03,0.8365300297737122,-0.1784928598885507
2025-09-04,0.8098869919776917,-0.21086055712584967
2025-09-05,0.8310689926147461,-0.1850424639691716
2025-09-06,0.8184509873390198,-0.20034176504022572
2025-09-07,0.8350589871406555,-0.18025291334417853
2025-09-08,0.8650529980659485,-0.14496450448675036
2025-09-09,0.8650320172309875,-0.1449887585953941
2025-09-10,0.8846880197525024,-0.12252021617767768
2025-09-11,0.8942080140113831,-0.1118168530088374
2025-09-12,0.9170870184898376,-0.08655291647343696
2025-09-13,0.929843008518219,-0.07273951512944292
2025-09-14,0.8889909982681274,-0.11766816920214385
2025-09-15,0.8635079860687256,-0.1467521329509379
2025-09-16,0.8806899785995483,-0.12704961213912153
2025-09-17,0.9130920171737671,-0.0909186179522512
2025-09-18,0.9253559708595276,-0.0775767821374265
2025-09-19,0.8909350037574768,-0.11548380169460037
2025-09-20,0.8939329981803894,-0.11212445272416968
2025-09-21,0.8852750062942505,-0.12185694066894716
2025-09-22,0.8257520198822021,-0.19146076859591046
2025-09-23,0.8076189756393433,-0.21366489648548315
2025-09-24,0.81318598985672,-0.20679542578668586
2025-09-25,0.7627890110015869,-0.270773811492853
2025-09-26,0.7921929955482483,-0.23295023560537578
2025-09-27,0.7817010283470154,-0.24628292823028117
2025-09-28,0.8081660270690918,-0.2129877625230637
2025-09-29,0.8067970275878906,-0.2146831571083085
2025-09-30,0.8072029948234558,-0.21418009981154332
2025-10-01,0.8500400185585022,-0.16247184994897285
2025-10-02,0.8703200221061707,-0.13889429346926116
2025-10-03,0.8663150072097778,-0.14350668689570212
2025-10-04,0.8399220108985901,-0.17444623562340947
2025-10-05,0.8373519778251648,-0.17751077379910732
2025-10-06,0.8718159794807434,-0.13717691004926158
2025-10-07,0.8209019899368286,-0.19735155553921305
2025-10-08,0.838916003704071,-0.17564469230139657
2025-10-09,0.8156459927558899,-0.20377485055753256
2025-10-10,0.6348350048065186,-0.45439014880275924
2025-10-11,0.6321799755096436,-0.45858115399893346
2025-10-12,0.7015050053596497,-0.3545272442410575
2025-10-13,0.7292580008506775,-0.31572769895314373
2025-10-14,0.6996920108795166,-0.3571150252181284
2025-10-15,0.66880202293396,-0.4022671924943896
2025-10-16,0.6449440121650696,-0.4385917687988029
2025-10-17,0.6248430013656616,-0.47025485861613264
2025-10-18,0.634460985660553,-0.4549794820388205
2025-10-19,0.652550995349884,-0.4268659890462114
2025-10-20,0.6632509827613831,-0.41060180422941434
2025-10-21,0.6429139971733093,-0.4417443161422596
2025-10-22,0.6239719986915588,-0.4716497855113052
2025-10-23,0.6428449749946594,-0.44185168024425736
2025-10-24,0.6558910012245178,-0.4217606605135391
2025-10-25,0.6546630263328552,-0.4236346393426574
2025-10-26,0.6810629963874817,-0.3841004714025239
2025-10-27,0.6673650145530701,-0.40441813454670256
2025-10-28,0.6462730169296265,-0.4365332376550508
2025-10-29,0.6401649713516235,-0.4460293681079029
2025-10-30,0.6011229753494263,-0.5089557474924132
2025-10-31,0.6091650128364563,-0.49566609093595265
2025-11-01,0.612201988697052,-0.490693004032697
2025-11-02,0.61080402135849,-0.49297912190280013
2025-11-03,0.5523139834403992,-0.5936385838360274
2025-11-04,0.5214959979057312,-0.6510536787687794
2025-11-05,0.5461450219154358,-0.6048707306010379
2025-11-06,0.5309820175170898,-0.6330271236298559
2025-11-07,0.5760110020637512,-0.5516285176635403
2025-11-08,0.5684229731559753,-0.5648894663416473
2025-11-09,0.5786349773406982,-0.5470834365895642
2025-11-10,0.5929700136184692,-0.5226114485168244
2025-11-11,0.5565279722213745,-0.5860378449810164
2025-11-12,0.545261025428772,-0.6064906532359299
2025-11-13,0.5311149954795837,-0.6327767171951113
2025-11-14,0.49842000007629395,-0.6963121837500302
2025-11-15,0.5034000277519226,-0.6863701411519548
2025-11-16,0.48484501242637634,-0.7239260011229441
2025-11-17,0.46553200483322144,-0.7645744309587919
2025-11-18,0.4749799966812134,-0.7444825880843187
2025-11-19,0.46323901414871216,-0.7695121288335123
2025-11-20,0.4323990046977997,-0.8384064950287069
2025-11-21,0.4091469943523407,-0.8936807881133515
2025-11-22,0.40460801124572754,-0.9048365540349091
2025-11-23,0.4085490107536316,-0.8951433945137167
2025-11-24,0.42784199118614197,-0.8490013310354892
2025-11-25,0.4216170012950897,-0.8636579569155519
2025-11-26,0.4356220066547394,-0.8309803688717559
2025-11-27,0.4336850047111511,-0.8354368039952962
2025-11-28,0.42023101449012756,-0.8669506844179492
2025-11-29,0.4153830111026764,-0.8785542660589897
2025-11-30,0.41588500142097473,-0.877346495829035
2025-12-01,0.38571399450302124,-0.9526591310374821
2025-12-02,0.4339640140533447,-0.8347936652473078
2025-12-03,0.4508090019226074,-0.796711528243468
2025-12-04,0.43945398926734924,-0.8222222561486535
2025-12-05,0.41627100110054016,-0.8764187858658072
2025-12-06,0.4139310121536255,-0.8820559563524452
2025-12-07,0.4168109893798828,-0.8751224228159838
2025-12-08,0.43219199776649475,-0.8388853501976146
2025-12-09,0.47000500559806824,-0.75501193412609
2025-12-10,0.453900009393692,-0.7898783488242073
2025-12-11,0.42534399032592773,-0.8548570484341765
2025-12-12,0.40913501381874084,-0.8937100702764227
2025-12-13,0.4110569953918457,-0.8890233991810476
2025-12-14,0.39658400416374207,-0.9248673961259976
2025-12-15,0.38809099793434143,-0.9465154360982907
2025-12-16,0.3857269883155823,-0.9526254439172702
2025-12-17,0.36650198698043823,-1.0037513361682493
2025-12-18,0.3514249920845032,-1.0457589842883082
2025-12-19,0.3766300082206726,-0.9764919839880297
2025-12-20,0.37309500575065613,-0.9859221846643528
2025-12-21,0.3658910095691681,-1.0054197779908225
2025-12-22,0.3708069920539856,-0.9920735887962002
2025-12-23,0.36285200715065,-1.0137602216468609
2025-12-24,0.35641199350357056,-1.0316679321459385
2025-12-25,0.3432160019874573,-1.069395286617701
2025-12-26,0.3495819866657257,-1.0510171620839481
2025-12-27,0.3695420026779175,-0.9954908706891864
2025-12-28,0.3685019910335541,-0.9983091642912119
2025-12-29,0.3529149889945984,-1.0415280754295955
2025-12-30,0.35111701488494873,-1.0466357353330216
2025-12-31,0.332830011844635,-1.1001233942794195
2026-01-01,0.35621199011802673,-1.0322292474970687
2026-01-02,0.39375799894332886,-0.9320187742719283
2026-01-03,0.3893750011920929,-0.9432123863788647
2026-01-04,0.4000909924507141,-0.9160632766172782
2026-01-05,0.4218739867210388,-0.8630486192046537
2026-01-06,0.41962599754333496,-0.8683914464590622
2026-01-07,0.40189000964164734,-0.9115768356571732
2026-01-08,0.39564499258995056,-0.9272379531678977
2026-01-09,0.3907029926776886,-0.939807617166244
2026-01-10,0.38791799545288086,-0.9469613136223941
2026-01-11,0.3902849853038788,-0.9408780751643444
2026-01-12,0.385904997587204,-0.9521640600502672
2026-01-13,0.4214189946651459,-0.8641277034851734
2026-01-14,0.41454699635505676,-0.8805689300014431
2026-01-15,0.3934819996356964,-0.9327199564258806
2026-01-16,0.3955340087413788,-0.9275185062389801
2026-01-17,0.39667001366615295,-0.9246505437664388
2026-01-18,0.3756929934024811,-0.978982976023865
2026-01-19,0.3701249957084656,-0.9939145041552063
2026-01-20,0.3504279851913452,-1.0486000566953964
2026-01-21,0.3656969964504242,-1.0059501670122273
2026-01-22,0.35889700055122375,-1.0247198382019664
2026-01-23,0.3600989878177643,-1.0213763191677914
2026-01-24,0.3581629991531372,-1.0267670913042288
2026-01-25,0.33870500326156616,-1.0826257473113117
2026-01-26,0.3519980013370514,-1.0441297814199004
2026-01-27,0.36030399799346924,-1.020807164999147
2026-01-28,0.35787901282310486,-1.027560302708511
2026-01-29,0.3340100049972534,-1.0965843313724841
2026-01-30,0.32035499811172485,-1.1383255289844019
2026-01-31,0.2934960126876831,-1.2258912251974672
2026-02-01,0.2860319912433624,-1.2516516169235932
2026-02-02,0.2989000082015991,-1.207646182252971
2026-02-03,0.2907879948616028,-1.235160817319365
2026-02-04,0.28630098700523376,-1.2507116194329666
2026-02-05,0.24488499760627747,-1.4069665761643135
2026-02-06,0.2762340009212494,-1.2865069430445222
2026-02-07,0.272365003824234,-1.3006121864395213
2026-02-08,0.2702629864215851,-1.3083597702534782
2026-02-09,0.2697080075740814,-1.310415358605794
2026-02-10,0.26166999340057373,-1.34067113631589
2026-02-11,0.2555519938468933,-1.3643293916190902
2026-02-12,0.26422399282455444,-1.3309580779037953
2026-02-13,0.2726919949054718,-1.2994123445102241
2026-02-14,0.2952660024166107,-1.219878625825192
2026-02-15,0.2817800045013428,-1.2666286383823355
2026-02-16,0.2854909896850586,-1.2535448101562163
2026-02-17,0.28096699714660645,-1.2695180644227786
2026-02-18,0.2735860049724579,-1.296139245958475
2026-02-19,0.27254700660705566,-1.2999441784451824
2026-02-20,0.2849070131778717,-1.2555924215023042
2026-02-21,0.280021995306015,-1.2728871242338042
2026-02-22,0.2713859975337982,-1.3042131263766228
2026-02-23,0.2622550129890442,-1.3384379165822513
2026-02-24,0.258758008480072,-1.3518619842338984
2026-02-25,0.296671986579895,-1.2151281727930618
2026-02-26,0.2869729995727539,-1.2483671457918566
2026-02-27,0.27761998772621155,-1.281502051045925
2026-02-28,0.2816149890422821,-1.2672144279817124
2026-03-01,0.27358001470565796,-1.296161141568161
2026-03-02,0.27684101462364197,-1.284311891996978
2026-03-03,0.26288801431655884,-1.3360271385611162
2026-03-04,0.2761020064353943,-1.2869848930119687
2026-03-05,0.26899099349975586,-1.31307738135436
2026-03-06,0.25903698801994324,-1.3507844165912917
2026-03-07,0.2546730041503906,-1.3677748933860698
2026-03-08,0.24924999475479126,-1.3892988911841564
2026-03-09,0.2549940049648285,-1.366515244041923
2026-03-10,0.2620120048522949,-1.3393649562238192
2026-03-11,0.26253700256347656,-1.337363244738111
2026-03-12,0.26319798827171326,-1.3348487229047399
2026-03-13,0.2656939923763275,-1.3254100370240145
2026-03-14,0.2634440064430237,-1.3339144328493506
2026-03-15,0.26984700560569763,-1.30990012649305
2026-03-16,0.29038000106811523,-1.2365648652482593
2026-03-17,0.2890630066394806,-1.241110598578185
2026-03-18,0.2741909921169281,-1.2939303639000077
2026-03-19,0.2673560082912445,-1.3191741443361085
2026-03-20,0.26611900329589844,-1.3238116894337473
2026-03-21,0.25776898860931396,-1.3556914881514237
2026-03-22,0.25059500336647034,-1.3839171754002308
2026-03-23,0.2616010010242462,-1.340934832861131
2026-03-24,0.26618900895118713,-1.3235486625617798
2026-03-25,0.2703070044517517,-1.308196912414504
2026-03-26,0.2547740042209625,-1.3673783847394962
2026-03-27,0.2460239976644516,-1.4023261963261
2026-03-28,0.2456589937210083,-1.4038109091060365
2026-03-29,0.2395620048046112,-1.4289430029257382
2026-03-30,0.24319399893283844,-1.4138958046352001
2026-03-31,0.24156300723552704,-1.4206249403918807
2026-04-01,0.2480580061674118,-1.3940926643301836
2026-04-02,0.23935799300670624,-1.4297949690627858
2026-04-03,0.24616800248622894,-1.4017410392091931
2026-04-04,0.2479490041732788,-1.3945321822951124
2026-04-05,0.2504270076751709,-1.3845877874447838
2026-04-06,0.24608999490737915,-1.4020579769935089
2026-04-07,0.2637920081615448,-1.3325943342239959
2026-04-08,0.25071099400520325,-1.38345442154765
2026-04-09,0.25381800532341003,-1.3711377832575442
2026-04-10,0.25425899028778076,-1.369401884648016
2026-04-11,0.24966299533843994,-1.3876432891606119
2026-04-12,0.23627200722694397,-1.4427715646633288
2026-04-13,0.24857300519943237,-1.3920186930926537
2026-04-14,0.23966699838638306,-1.4285048258423287
2026-04-15,0.24590599536895752,-1.402805948727574
2026-04-16,0.25924399495124817,-1.349985595298926
2026-04-17,0.25886300206184387,-1.3514563067939434
2026-04-18,0.24950799345970154,-1.3882643263891312
2026-04-19,0.24252399802207947,-1.416654612585116
2026-04-20,0.24828800559043884,-1.393165893754654
2026-04-21,0.2496500015258789,-1.3876953359234463
2026-04-22,0.24855999648571014,-1.392071028035943
2026-04-23,0.2500090003013611,-1.386258360562474
2026-04-24,0.25044798851013184,-1.3845040107135316
2026-04-25,0.2502700090408325,-1.3852149077760112
2026-04-26,0.2523280084133148,-1.377025417156805
2026-04-27,0.2481510043144226,-1.3937178297498547
2026-04-28,0.24680499732494354,-1.3991567386755797
2026-04-29,0.2445169985294342,-1.4084704488460986
2026-04-30,0.24617999792099,-1.4016923117450681
2026-05-01,0.24811899662017822,-1.393846822815035
2026-05-02,0.25008198618888855,-1.385966470126464
2026-05-03,0.24943499267101288,-1.3885569481565028
2026-05-04,0.24989399313926697,-1.3867184784878803
2026-05-05,0.2621380090713501,-1.338884161725545
2026-05-06,0.2667129933834076,-1.321582129883014
2026-05-07,0.26262301206588745,-1.3370356893234414
2026-05-08,0.2732599973678589,-1.2973315657041642
2026-05-09,0.2707889974117279,-1.3064153687113562
2026-05-10,0.2825010120868683,-1.2640731457936756
2026-05-11,0.2805339992046356,-1.2710603520789494
2026-05-12,0.2709139883518219,-1.3059538946357205
2026-05-13,0.26465898752212524,-1.3293131212240674
2026-05-14,0.2701590061187744,-1.308744581773102
2026-05-15,0.2614879906177521,-1.3413669215116593
2026-05-16,0.2550410032272339,-1.3663309497806133
2026-05-17,0.25187599658966064,-1.378818389605501
2026-05-18,0.25135400891304016,-1.380892939446018
2026-05-19,0.24822400510311127,-1.3934236941151836
2026-05-20,0.24900099635124207,-1.3902983811148244
2026-05-21,0.2502569854259491,-1.3852669473863832
2026-05-22,0.24242299795150757,-1.417071153249852
2026-05-23,0.2458759993314743,-1.4029279378928692
2026-05-24,0.24212899804115295,-1.4182846450891748
2026-05-25,0.2434609979391098,-1.412798522023177
2026-05-26,0.23980100452899933,-1.4279458473691429
2026-05-27,0.237062007188797,-1.4394335383591317
2026-05-28,0.23441599309444427,-1.4506579936817314
2026-05-29,0.23259900510311127,-1.4584393161934306
2026-05-30,0.23544199764728546,-1.4462906903524908
2026-05-31,0.23528699576854706,-1.446949251378085
2026-06-01,0.23055200278759003,-1.4672788333682818
2026-06-02,0.2125519961118698,-1.5485686329635207
2026-06-03,0.2004529982805252,-1.6071754822577933
2026-06-04,0.1796489953994751,-1.7167503574255805
2026-06-05,0.15662899613380432,-1.8538753520686886
2026-06-06,0.15725600719451904,-1.8498801825762778
2026-06-07,0.16497400403022766,-1.801967368826025
2026-06-08,0.17033499479293823,-1.769988223328136
2026-06-09,0.1652670055627823,-1.8001928974495107
2026-06-10,0.16076700389385223,-1.8277991429587008
2026-06-11,0.17033599317073822,-1.7699823620846766
2026-06-12,0.1698399931192398,-1.7728985021003272
2026-06-13,0.171751007437706,-1.7617094821751582
2026-06-14,0.1827850043773651,-1.699444656273554
2026-06-15,0.17855800688266754,-1.7228417620229293
2026-06-16,0.17214800417423248,-1.7594006827923585
2026-06-17,0.16659100353717804,-1.7922135510845503
2026-06-18,0.16342799365520477,-1.8113827914305007
2026-06-19,0.16209399700164795,-1.819578883611934
2026-06-20,0.1630759984254837,-1.8135389388261016
2026-06-21,0.15663400292396545,-1.8538433866583042
2026-06-22,0.15842199325561523,-1.8424929629293663
2026-06-23,0.15136200189590454,-1.8880809477095806
2026-06-24,0.1475130021572113,-1.913838956868883
2026-06-25,0.1434289962053299,-1.9419151661992158
2026-06-26,0.14820599555969238,-1.9091521110700975
2026-06-27,0.14509999752044678,-1.9303321361805768
2026-06-28,0.143668994307518,-1.9402432760012853
2026-06-29,0.1455869972705841,-1.9269814516677062
2026-06-30,0.14416199922561646,-1.9368176171160476
2026-07-01,0.15403999388217926,-1.8705430097512226
2026-07-02,0.16129299998283386,-1.8245326922952527
2026-07-03,0.17991900444030762,-1.7152485046928307
2026-07-04,0.19203099608421326,-1.6500984820454465
2026-07-05,0.18936599791049957,-1.6640736396345057
2026-07-06,0.18403199315071106,-1.6926456606687177
2026-07-07,0.17489999532699585,-1.7435409236757293
