date,close,logprice
2010-07-18,0.8677542209625244,-0.14184675999102386
2010-07-19,0.8824567198753357,-0.12504553401149504
2010-07-20,0.8764241933822632,-0.1319050662307763
2010-07-21,0.8943743705749512,-0.1116308324313326
2010-07-22,0.8958967924118042,-0.1099300596821403
2010-07-25,0.90203857421875,-0.10309799462466168
2010-07-26,0.9013068675994873,-0.10390949378888086
2010-07-27,0.8926180005073547,-0.1135965606141525
2010-07-28,0.9019572138786316,-0.10318819476893074
2010-07-29,0.9044044613838196,-0.1004786056141298
2010-08-01,0.9128252267837524,-0.09121084411178401
2010-08-02,0.9131585955619812,-0.09084570529965104
2010-08-03,0.9129085540771484,-0.09111956323137595
2010-08-04,0.9165903329849243,-0.08709465356438276
2010-08-05,0.9151642918586731,-0.08865167588059078
2010-08-08,0.9181893467903137,-0.08535164951017318
2010-08-09,0.9160025715827942,-0.08773610690715039
2010-08-10,0.9134088158607483,-0.09057172658004013
2010-08-11,0.8942144513130188,-0.11180965414865689
2010-08-12,0.8975855112075806,-0.10804688604676844
2010-08-15,0.8938946723937988,-0.11216732686380546
2010-08-16,0.8959770798683167,-0.10984044683850414
2010-08-17,0.9053869843482971,-0.09939281966534351
2010-08-18,0.898391842842102,-0.10714895524950006
2010-08-19,0.8914245367050171,-0.11493449281641234
2010-08-22,0.8880206346511841,-0.11876029904014511
2010-08-23,0.89007568359375,-0.11644878212566914
2010-08-24,0.8835482597351074,-0.123809365358095
2010-08-25,0.8847208619117737,-0.12248309399567063
2010-08-26,0.8848774433135986,-0.1223061256952702
2010-08-29,0.9026899933815002,-0.10237609194884083
2010-08-30,0.8918219804763794,-0.11448873977653384
2010-08-31,0.893255889415741,-0.11288218885575096
2010-09-01,0.9098353385925293,-0.0944916424456689
2010-09-02,0.9100009202957153,-0.09430966815777982
2010-09-05,0.9157509207725525,-0.088010871839086
2010-09-06,0.9167582988739014,-0.08691141957764593
2010-09-07,0.9105809926986694,-0.09367242968095749
2010-09-08,0.9182736277580261,-0.08525986332233317
2010-09-09,0.9230201244354248,-0.08010424142832222
2010-09-12,0.9291952848434448,-0.07343635252466749
2010-09-13,0.9337940216064453,-0.06849939868635016
2010-09-14,0.9400263428688049,-0.06184737978224575
2010-09-15,0.9389671087265015,-0.0629748283676648
2010-09-16,0.936154305934906,-0.06597495932386672
2010-09-19,0.9376465678215027,-0.06438219434763767
2010-09-20,0.9464319944381714,-0.05505616042470755
2010-09-21,0.9535616040229797,-0.047551247719325
2010-09-22,0.9530163407325745,-0.048123228851038966
2010-09-23,0.9498479962348938,-0.051453311152819946
2010-09-26,0.9608917236328125,-0.039893546877008836
2010-09-27,0.9599692821502686,-0.040853992792331296
2010-09-28,0.967117965221405,-0.033434800047304876
2010-09-29,0.9693679809570312,-0.031110985869779263
2010-09-30,0.9644131064414978,-0.036235542512907594
2010-10-03,0.9717229008674622,-0.028684596577204343
2010-10-04,0.9670243859291077,-0.033531565719505496
2010-10-05,0.9718172550201416,-0.02858750143618784
2010-10-06,0.9764671921730042,-0.023814126594882655
2010-10-07,0.9825113415718079,-0.017643391720810146
2010-10-10,0.9895111918449402,-0.010544203397174656
2010-10-11,0.9842519164085388,-0.01587340208521611
2010-10-12,0.9866798520088196,-0.01340965689897948
2010-10-13,0.9913750290870667,-0.00866238123852856
2010-10-14,0.9933445453643799,-0.006677700934920407
2010-10-17,0.9890217781066895,-0.011038927271545847
2010-10-18,0.9896091222763062,-0.010445239801331444
2010-10-19,0.970779538154602,-0.02965588265445509
2010-10-20,0.9858044385910034,-0.01429728219411081
2010-10-21,0.9788566827774048,-0.02137003861079584
2010-10-24,0.9836710691452026,-0.016463717137652118
2010-10-25,0.9900990128517151,-0.009950327872935849
2010-10-26,0.9863878488540649,-0.013705645887860897
2010-10-27,0.9727626442909241,-0.02761516870190342
2010-10-28,0.9727626442909241,-0.02761516870190342
2010-11-01,0.9866798520088196,-0.01340965689897948
2010-11-02,0.9886307716369629,-0.011434352114875465
2010-11-03,0.9990009665489197,-0.0009995328176154634
2010-11-04,1.00393545627594,0.003927732625317787
2010-11-05,1.015702724456787,0.015580712303707459
2010-11-08,1.0164254903793335,0.016292051231779462
2010-11-09,1.010396957397461,0.010343280764437112
2010-11-10,1.0048130750656128,0.00480152925224224
2010-11-11,1.0046011209487915,0.004590568149222494
2010-11-12,0.9964129328727722,-0.0035935160790161627
2010-11-15,0.9890217781066895,-0.011038927271545847
2010-11-16,0.9835742712020874,-0.01656212676781677
2010-11-17,0.9759905934333801,-0.024302330491124305
2010-11-18,0.9817396402359009,-0.01842913792407856
2010-11-19,0.9905893802642822,-0.00945517939396244
2010-11-22,0.9901970624923706,-0.009851302639329198
2010-11-23,0.9865824580192566,-0.013508370576473973
2010-11-24,0.9746588468551636,-0.02566776987518023
2010-11-25,0.985027551651001,-0.0150856669819451
2010-11-26,0.977325975894928,-0.022935032746807464
2010-11-29,0.9659969210624695,-0.03459463208063074
2010-11-30,0.9607070684432983,-0.04008573599665648
2010-12-01,0.959784984588623,-0.041045993993114926
2010-12-02,0.966183602809906,-0.034401397809080095
2010-12-03,0.9769441485404968,-0.023325794857444605
2010-12-06,0.9919650554656982,-0.008067398662788779
2010-12-07,0.9886307716369629,-0.011434352114875465
2010-12-08,0.9829941987991333,-0.017152060379207263
2010-12-09,0.9792401790618896,-0.02097833552719251
2010-12-10,0.9843488335609436,-0.015774939100799804
2010-12-13,0.9841550588607788,-0.015971814201262317
2010-12-14,0.9950248599052429,-0.004987557306270064
2010-12-15,0.9974067807197571,-0.002596587497638265
2010-12-16,0.9871668219566345,-0.012916234624475602
2010-12-17,0.9894132614135742,-0.010643176787780503
2010-12-20,0.9881423115730286,-0.01192855155336908
2010-12-21,0.9928514957427979,-0.007174177235854714
2010-12-22,0.9966115355491638,-0.0033942182979846813
2010-12-23,0.9994003772735596,-0.0005998025720440626
2010-12-24,1.0042983293533325,0.0042891179221278605
2010-12-27,1.0003300905227661,0.0003300360548753966
2010-12-28,1.0058034658432007,0.005786690607019138
2010-12-29,1.0095809698104858,0.00953536339032207
2010-12-30,1.0173975229263306,0.017247918693843383
2010-12-31,1.0157749652862549,0.015651833763581688
2011-01-03,1.021440029144287,0.02121342493174636
2011-01-04,1.016911268234253,0.01676986471948999
2011-01-05,1.0072014331817627,0.0071756266836070235
2011-01-06,0.9998999834060669,-0.00010002159592616078
2011-01-07,0.9930486679077148,-0.006975605153356431
2011-01-10,0.9952229857444763,-0.004788460655748945
2011-01-11,0.9947279095649719,-0.005286036943571609
2011-01-12,0.982221782207489,-0.017938148665568435
2011-01-13,0.9958176016807556,-0.004191169010653916
2011-01-14,0.9982032775878906,-0.0017983384538314909
2011-01-17,0.9908838868141174,-0.00915791921195849
2011-01-18,0.9929500818252563,-0.007074886265746587
2011-01-19,0.9977052807807922,-0.0022973561220954357
2011-01-20,0.9969095587730408,-0.0030952265020654543
2011-01-21,0.9859015941619873,-0.014198732441309309
2011-01-24,0.9896091222763062,-0.010445239801331444
2011-01-25,0.9976056814193726,-0.0023971895449445496
2011-01-26,0.9952229857444763,-0.004788460655748945
2011-01-27,0.999300479888916,-0.0006997648894351328
2011-01-28,0.9900990128517151,-0.009950327872935849
2011-01-31,0.9873617887496948,-0.012718752762083963
2011-02-01,0.9974067807197571,-0.002596587497638265
2011-02-02,1.0110814571380615,0.01102050765129381
2011-02-03,1.0116031169891357,0.01153631705560032
2011-02-04,1.0146104097366333,0.014504706039307305
2011-02-07,1.0125967264175415,0.012518047699879522
2011-02-08,1.0133970975875854,0.01330815002121678
2011-02-09,1.0147957801818848,0.014687390458708281
2011-02-10,1.0107953548431396,0.010737500996154331
2011-02-11,1.0014019012451172,0.001400919499000281
2011-02-14,1.0015925168991089,0.0015912501887320456
2011-02-15,1.00210440158844,0.002102190436974269
2011-02-16,0.997307300567627,-0.002696331268583521
2011-02-17,1.0030291080474854,0.003024529543229611
2011-02-18,1.0121968984603882,0.012123115636248362
2011-02-21,1.01449716091156,0.014393081769772246
2011-02-22,1.0087255239486694,0.008687676564077823
2011-02-23,1.000400185585022,0.00040010553212737384
2011-02-24,1.0027776956558228,0.0027738449882514973
2011-02-25,1.0108054876327515,0.010747525516721401
2011-02-28,1.01449716091156,0.014393081769772246
2011-03-01,1.0187968015670776,0.018622324706259734
2011-03-02,1.0136024951934814,0.01351081173593098
2011-03-03,1.0160949230194092,0.015966772960860437
2011-03-04,1.0128017663955688,0.01272051647770803
2011-03-07,1.0147030353546143,0.014595993679734994
2011-03-08,1.012248158454895,0.012173756669298572
2011-03-09,1.0092039108276367,0.009161812953274513
2011-03-10,1.0096625089645386,0.009616125472709996
2011-03-11,1.0019036531448364,0.0019018434934568995
2011-03-14,1.0101009607315063,0.01005028697769153
2011-03-15,1.0088882446289062,0.008848976693095416
2011-03-16,0.9940357208251953,-0.005982136527403082
2011-03-17,0.9797198176383972,-0.020488648563803783
2011-03-18,0.9841550588607788,-0.015971814201262317
2011-03-21,0.9974067807197571,-0.002596587497638265
2011-03-22,1.0058844089508057,0.005867163436490211
2011-03-23,1.0091021060943604,0.009060931587902612
2011-03-24,1.0132944583892822,0.013206862582495992
2011-03-25,1.0202000141143799,0.01999870034160364
2011-03-27,1.024233341217041,0.023944372940637622
2011-03-28,1.02421236038208,0.023923888302020847
2011-03-29,1.029198408126831,0.028780254714997303
2011-03-30,1.0319172143936157,0.03141844523084867
2011-03-31,1.0333994626998901,0.032853816936507914
2011-04-03,1.0395010709762573,0.03874085859558965
2011-04-04,1.0363982915878296,0.035751521294414446
2011-04-05,1.0319066047668457,0.031408163707133695
2011-04-06,1.0435363054275513,0.042615238906462065
2011-04-07,1.046101689338684,0.04507057825842988
2011-04-10,1.056602120399475,0.05505821255987802
2011-04-11,1.0504974126815796,0.04926377835993222
2011-04-12,1.0451068878173828,0.04411916517873197
2011-04-13,1.0498026609420776,0.04860220454620264
2011-04-17,1.0562005043029785,0.054678038759790715
2011-04-18,1.0487017631530762,0.04755298313179348
2011-04-19,1.0535964965820312,0.052209546253508335
2011-04-20,1.0681250095367432,0.06590478381620804
2011-04-21,1.0748989582061768,0.07222666479571964
2011-04-24,1.0759861469268799,0.07323758705344277
2011-04-25,1.0726046562194824,0.07008994861589156
2011-04-26,1.0794240236282349,0.07642758741965412
2011-04-27,1.0855170488357544,0.08205641618777236
2011-04-28,1.093900442123413,0.08974969631521768
2011-05-01,1.0960345268249512,0.09169869060713821
2011-05-02,1.0950024127960205,0.09075656673272191
2011-05-03,1.0853991508483887,0.08194780030706837
2011-05-04,1.075002908706665,0.07232336734960741
2011-05-05,1.0606027841567993,0.05883741079457257
2011-05-08,1.071593165397644,0.06914648072624925
2011-05-09,1.080100178718567,0.07705379490711144
2011-05-10,1.0847986936569214,0.08139443397845464
2011-05-11,1.0712946653366089,0.06886788465725802
2011-05-12,1.0666552782058716,0.0645278443985796
2011-05-15,1.0557209253311157,0.054223875102585695
2011-05-16,1.0573842525482178,0.05579817209267244
2011-05-17,1.0636035203933716,0.061662690265954424
2011-05-18,1.0630042552947998,0.06109910245132794
2011-05-19,1.066996693611145,0.06484787354362956
2011-05-22,1.0628347396850586,0.060939621314232605
2011-05-23,1.0505526065826416,0.049316317709846444
2011-05-24,1.0558992624282837,0.05439278530587486
2011-05-25,1.0536963939666748,0.05230435735942193
2011-05-26,1.0625749826431274,0.060695191225769565
2011-05-29,1.0706982612609863,0.0683110162534187
2011-05-30,1.070297122001648,0.06793629404040676
2011-05-31,1.0682048797607422,0.06597955712199416
2011-06-01,1.0634112358093262,0.0614818879616841
2011-06-02,1.0670992136001587,0.06494395168964551
2011-06-05,1.075002908706665,0.07232336734960741
2011-06-06,1.072995901107788,0.07045464361124466
2011-06-07,1.0720986127853394,0.06961804795639492
2011-06-08,1.064407229423523,0.06241805211592156
2011-06-09,1.062699317932129,0.06081219757088903
2011-06-12,1.0538963079452515,0.05249406572099945
2011-06-13,1.0607041120529175,0.05893294425687006
2011-06-14,1.069415807723999,0.06711252528596934
2011-06-15,1.0575966835021973,0.05599905423876928
2011-06-16,1.0562005043029785,0.054678038759790715
2011-06-19,1.0603779554367065,0.05862540630368977
2011-06-20,1.0595015287399292,0.05779854161326371
2011-06-21,1.0597037076950073,0.057989348008241896
2011-06-22,1.055297613143921,0.05382282491268593
2011-06-23,1.0535964965820312,0.052209546253508335
2011-06-26,1.0472848415374756,0.046200949842770185
2011-06-27,1.0460032224655151,0.04497644638895615
2011-06-28,1.0536963939666748,0.05230435735942193
2011-06-29,1.0692671537399292,0.06697351077377865
2011-06-30,1.071799874305725,0.06933936080460436
2011-07-03,1.0777952671051025,0.07491753525237788
2011-07-04,1.07449471950531,0.07185052271451359
2011-07-05,1.0691642761230469,0.06687729294277876
2011-07-06,1.0695987939834595,0.06728361926518833
2011-07-07,1.0772960186004639,0.07445421519082775
2011-07-10,1.0722020864486694,0.0697145583604137
2011-07-11,1.0642033815383911,0.06222652071538712
2011-07-12,1.0587948560714722,0.057131333096325634
2011-07-13,1.0777952671051025,0.07491753525237788
2011-07-14,1.072593092918396,0.07007916797705191
2011-07-17,1.064803957939148,0.06279070516468518
2011-07-18,1.061311960220337,0.05950584112790408
2011-07-19,1.0743907690048218,0.0717537744223173
2011-07-20,1.0770175457000732,0.07419568931367018
2011-07-21,1.0837758779525757,0.08045112698446849
2011-07-24,1.0845986604690552,0.08121002037801148
2011-07-25,1.0847046375274658,0.08130772645589633
2011-07-26,1.0959985256195068,0.09166584328724271
2011-07-27,1.10349702835083,0.09848425378019898
2011-07-28,1.1000010967254639,0.0953111768269768
2011-07-31,1.1017341613769531,0.0968854487591152
2011-08-01,1.0978032350540161,0.0933111239812101
2011-08-02,1.0748873949050903,0.07221590716757692
2011-08-03,1.0760903358459473,0.07333441346271104
2011-08-04,1.0429050922393799,0.04201017690171611
2011-08-07,1.038303017616272,0.037587666627846114
2011-08-08,1.0129249095916748,0.012842095758582762
2011-08-09,1.0383893251419067,0.03767078681267795
2011-08-10,1.012996792793274,0.012913059213433623
2011-08-11,1.0338268280029297,0.03326728430681948
2011-08-14,1.038303017616272,0.037587666627846114
2011-08-15,1.0487346649169922,0.04758435644397437
2011-08-16,1.0476031303405762,0.046504821753652774
2011-08-17,1.0539518594741821,0.0525467749529092
2011-08-18,1.0379257202148438,0.03722422169646006
2011-08-21,1.0384970903396606,0.03777456253873337
2011-08-22,1.0398037433624268,0.03903198704026982
2011-08-23,1.052398920059204,0.0510722440139607
2011-08-24,1.046331524848938,0.04529026078843356
2011-08-25,1.0441792011260986,0.0432311233187307
2011-08-28,1.0579659938812256,0.05634819103034528
2011-08-29,1.0679539442062378,0.06574461620576337
2011-08-30,1.0676004886627197,0.06541359626892132
2011-08-31,1.0689127445220947,0.06664200525231319
2011-09-01,1.0723055601119995,0.0698110594510732
2011-09-04,1.0609854459762573,0.05919814226750647
2011-09-05,1.051513671875,0.05023071833476687
2011-09-06,1.0491968393325806,0.04802495655139348
2011-09-07,1.0650761127471924,0.0630462639759735
2011-09-08,1.0607378482818604,0.05896474925514622
2011-09-11,1.0442010164260864,0.04325201539557114
2011-09-12,1.0351645946502686,0.03456044272121994
2011-09-13,1.0319278240203857,0.031428726648855
2011-09-14,1.0276963710784912,0.02731976453288776
2011-09-15,1.0325992107391357,0.032079129119846034
2011-09-18,1.0312999486923218,0.030820092589397073
2011-09-19,1.0151047706604004,0.014991829492210616
2011-09-20,1.0251994132995605,0.0248871432286068
2011-09-21,1.0061981678009033,0.0061790381639652186
2011-09-22,0.9765624403953552,-0.023716587652474155
2011-09-25,0.982607901096344,-0.01754511827000139
2011-09-26,0.9821252822875977,-0.018036400060867354
2011-09-27,0.9904912114143372,-0.009554285760899525
2011-09-28,0.9747538566589355,-0.0255702945651282
2011-09-29,0.9764671921730042,-0.023814126594882655
2011-10-02,0.9676794409751892,-0.032854402567188815
2011-10-03,0.9524716138839722,-0.048694974121977555
2011-10-04,0.9556575417518616,-0.04535565003165059
2011-10-05,0.9640412926673889,-0.03662115057176332
2011-10-06,0.9741841554641724,-0.02615492189287891
2011-10-09,0.9767532348632812,-0.023521233188319206
2011-10-10,0.9984025359153748,-0.0015987413908578729
2011-10-11,0.9956192374229431,-0.004390386233689549
2011-10-12,1.015960693359375,0.01583466076949373
2011-10-13,1.0154036283493042,0.015286196844946138
2011-10-16,1.0342117547988892,0.03363954699437844
2011-10-17,1.0170042514801025,0.016861297470765174
2011-10-18,1.0253045558929443,0.02498969615711183
2011-10-19,1.0238558053970337,0.023575701659987902
2011-10-20,1.0230493545532227,0.022787730725801952
2011-10-23,1.031991720199585,0.03149064396476838
2011-10-24,1.046725869178772,0.045667072562086006
2011-10-25,1.042872428894043,0.04197885683520985
2011-10-26,1.0399010181427002,0.03912553376107838
2011-10-27,1.0697017908096313,0.06737990945178818
2011-10-31,1.0673953294754028,0.06522140929955546
2011-11-01,1.0545074939727783,0.053073827571258274
2011-11-02,1.0307046175003052,0.030242663015943347
2011-11-03,1.0253045558929443,0.02498969615711183
2011-11-04,1.0418511629104614,0.040999095231041394
2011-11-07,1.0395983457565308,0.03883443255319989
2011-11-08,1.0362157821655273,0.03557540609276143
2011-11-09,1.0378719568252563,0.0371724214750858
2011-11-10,1.013900637626648,0.013804909861343749
2011-11-11,1.0152902603149414,0.015174542365545362
2011-11-14,1.0333033800125122,0.03276083531819161
2011-11-15,1.0205748081207275,0.02036600594188628
2011-11-16,1.01449716091156,0.014393081769772246
2011-11-17,1.0052978992462158,0.005283914748565782
2011-11-18,0.9984025359153748,-0.0015987413908578729
2011-11-21,0.9998000264167786,-0.00019999358060443875
2011-11-22,0.9852216839790344,-0.014888603255030757
2011-11-23,0.9849305152893066,-0.015184183151808077
2011-11-24,0.9699320793151855,-0.03052923126086692
2011-11-25,0.9708738327026367,-0.02955875455782972
2011-11-28,0.9828009605407715,-0.01734866098437827
2011-11-29,0.9907857179641724,-0.009256996121437914
2011-11-30,1.0018032789230347,0.0018016549676008451
2011-12-01,1.025483250617981,0.02516396550367371
2011-12-02,1.0222963094711304,0.02205138074900985
2011-12-05,1.0240026712417603,0.02371913524844506
2011-12-06,1.0256620645523071,0.02533832071240188
2011-12-07,1.0249052047729492,0.02460012516519922
2011-12-08,1.0276541709899902,0.027278700891778213
2011-12-09,1.017822027206421,0.017665076917602284
2011-12-12,1.0206997394561768,0.02048841116734065
2011-12-13,1.0041571855545044,0.004148568332641982
2011-12-14,0.9989012479782104,-0.0010993560923152571
2011-12-15,0.9902951717376709,-0.009752227021980274
2011-12-16,0.9938382506370544,-0.006180811284078077
2011-12-19,0.9964129328727722,-0.0035935160790161627
2011-12-20,0.9917683601379395,-0.008265706889948972
2011-12-21,1.007901906967163,0.007870850397108789
2011-12-22,1.0074145793914795,0.007387226521175912
2011-12-23,1.0133970975875854,0.01330815002121678
2011-12-26,1.0157955884933472,0.015672136486570683
2011-12-27,1.0160020589828491,0.015875375712159048
2011-12-28,1.0147957801818848,0.014687390458708281
2011-12-29,1.0078917741775513,0.007860796997590097
2011-12-30,1.0140959024429321,0.013997479042828541
2012-01-02,1.0208040475845337,0.02059059871076804
2012-01-03,1.0253992080688477,0.02508200805279751
2012-01-04,1.0370001792907715,0.03633210214107975
2012-01-05,1.0341261625289917,0.0335567826943777
2012-01-06,1.0257041454315186,0.025379347886401848
2012-01-09,1.01980459690094,0.01961103727823912
2012-01-10,1.0253992080688477,0.02508200805279751
2012-01-11,1.0298025608062744,0.02936709532935085
2012-01-12,1.03152334690094,0.031036687205105325
2012-01-13,1.0336664915084839,0.03311218199693136
2012-01-16,1.0281190872192383,0.02773100392210268
2012-01-17,1.032002329826355,0.03150092464049996
2012-01-18,1.0379796028137207,0.03727613408214674
2012-01-19,1.041894555091858,0.04104074348114012
2012-01-20,1.041590690612793,0.0407490548485032
2012-01-23,1.0468025207519531,0.045740299725934436
2012-01-24,1.052897572517395,0.051545956357351895
2012-01-25,1.047998309135437,0.04688197247716432
2012-01-26,1.0592883825302124,0.05759734544057849
2012-01-27,1.061582326889038,0.05976055627957665
2012-01-30,1.0637166500091553,0.06176904907123847
2012-01-31,1.05860435962677,0.05695139872797054
2012-02-01,1.060805320739746,0.059028356217185655
2012-02-02,1.071799874305725,0.06933936080460436
2012-02-03,1.0705033540725708,0.06812896222585017
2012-02-06,1.0751993656158447,0.07250610077154862
2012-02-07,1.0722020864486694,0.0697145583604137
2012-02-08,1.0797970294952393,0.07677308782145441
2012-02-09,1.0787951946258545,0.07584485790371223
2012-02-10,1.0769131183624268,0.0740987248760765
2012-02-13,1.0709046125411987,0.06850372357873588
2012-02-14,1.0705033540725708,0.06812896222585017
2012-02-15,1.0704002380371094,0.06803263277325718
2012-02-16,1.0687299966812134,0.06647102453808619
2012-02-17,1.0750607252120972,0.07237714855359968
2012-02-20,1.0803452730178833,0.077280687282636
2012-02-21,1.0722020864486694,0.0697145583604137
2012-02-22,1.066996693611145,0.06484787354362956
2012-02-23,1.0624960660934448,0.06062091930929335
2012-02-24,1.0728002786636353,0.07027231273887298
2012-02-27,1.0695186853408813,0.06720872048717369
2012-02-28,1.0759166479110718,0.07317299397238076
2012-02-29,1.0799602270126343,0.07692421361785015
2012-03-01,1.0741138458251953,0.07149599216832678
2012-03-02,1.0807772874832153,0.07768049290123678
2012-03-05,1.072259545326233,0.0697681465214009
2012-03-06,1.0677030086517334,0.06550962007932708
2012-03-07,1.056602120399475,0.05505821255987802
2012-03-08,1.0568814277648926,0.0553225225113665
2012-03-09,1.0644639730453491,0.062471360763033515
2012-03-12,1.0563342571258545,0.05480466656776509
2012-03-13,1.0532968044281006,0.05192505898895799
2012-03-14,1.0542962551116943,0.052873487580510234
2012-03-15,1.0440047979354858,0.043064085173532114
2012-03-16,1.0521000623703003,0.05078822611382585
2012-03-19,1.0601980686187744,0.05845574785586898
2012-03-20,1.059984564781189,0.05825434649077549
2012-03-21,1.0485148429870605,0.04737472766122042
2012-03-22,1.0459047555923462,0.0448823056578394
2012-03-23,1.0401498079299927,0.03936474886617137
2012-03-25,1.048866629600525,0.047710180816844215
2012-03-26,1.052698016166687,0.05135640775421277
2012-03-27,1.0443209409713745,0.04336685694176138
2012-03-28,1.039198637008667,0.03844987479589741
2012-03-29,1.0374951362609863,0.03680928517050988
2012-04-01,1.0426006317138672,0.04171819925410886
2012-04-02,1.0429269075393677,0.04203109450197433
2012-04-03,1.0309809446334839,0.030510722452269188
2012-04-04,1.0280978679656982,0.027710364802784763
2012-04-05,1.0295162200927734,0.02908900267268958
2012-04-08,1.0287959575653076,0.028389145221829944
2012-04-09,1.0310128927230835,0.030541710022671555
2012-04-10,1.0233948230743408,0.023125358820598463
2012-04-11,1.032002329826355,0.03150092464049996
2012-04-12,1.0438958406448364,0.04295971498585651
2012-04-15,1.0343722105026245,0.033794682784608523
2012-04-16,1.035400390625,0.034788202755247
2012-04-17,1.040680170059204,0.039874509054467704
2012-04-18,1.0372260808944702,0.036549919848750376
2012-04-19,1.0346397161483765,0.03405326577661236
2012-04-22,1.0384000539779663,0.037681118949549924
2012-04-23,1.0310978889465332,0.030624146159714614
2012-04-24,1.0333994626998901,0.032853816936507914
2012-04-25,1.0362050533294678,0.03556505217634068
2012-04-26,1.0366991758346558,0.03604179635737419
2012-04-29,1.0456314086914062,0.04462092179351607
2012-04-30,1.0421985387802124,0.04133246143884944
2012-05-01,1.033698558807373,0.03314320438350681
2012-05-02,1.0307791233062744,0.030314946686706163
2012-05-03,1.0267994403839111,0.02644662500487423
2012-05-06,1.0124019384384155,0.012325664383181768
2012-05-07,1.0215651988983154,0.021335959864566732
2012-05-08,1.0102949142456055,0.010242282533708113
2012-05-09,1.0054596662521362,0.005444816300344174
2012-05-10,1.0060261487960815,0.006008064178786736
2012-05-13,1.002466082572937,0.002463046781292979
2012-05-14,0.9974067807197571,-0.002596587497638265
2012-05-15,0.9946290850639343,-0.0053853901530616175
2012-05-16,0.9931473135948181,-0.006876273880810249
2012-05-17,0.9895111918449402,-0.010544203397174656
2012-05-20,0.9838646650314331,-0.016266926925924397
2012-05-21,0.9917683601379395,-0.008265706889948972
2012-05-22,0.9772304892539978,-0.023032739456957548
2012-05-23,0.9728572964668274,-0.02751787099848748
2012-05-24,0.9764671921730042,-0.023814126594882655
2012-05-27,0.9819324612617493,-0.018232749712094428
2012-05-28,0.9821252822875977,-0.018036400060867354
2012-05-29,0.9827043414115906,-0.017446975783288007
2012-05-30,0.9704968333244324,-0.02994713931045898
2012-05-31,0.9721007347106934,-0.028295843357957377
2012-06-03,0.9644131064414978,-0.036235542512907594
2012-06-04,0.9748489260673523,-0.02547276761314144
2012-06-05,0.9776126742362976,-0.022641726004515837
2012-06-06,0.9908838868141174,-0.00915791921195849
2012-06-07,0.9909821152687073,-0.009058791970694906
2012-06-10,0.9986019730567932,-0.0013990050946347428
2012-06-11,0.987751841545105,-0.012323785308568288
2012-06-12,0.995322048664093,-0.004688927193319228
2012-06-13,0.994925856590271,-0.005087060589675959
2012-06-14,1.0015223026275635,0.001521145099508295
2012-06-17,1.011439323425293,0.011374389099044828
2012-06-18,1.0112961530685425,0.011232827971894633
2012-06-19,1.0181951522827148,0.01803160140887864
2012-06-20,1.0196278095245361,0.019437668083663588
2012-06-21,1.0044395923614502,0.0044297664425978255
2012-06-24,1.0035022497177124,0.0034961311229061215
2012-06-25,1.0014019012451172,0.001400919499000281
2012-06-26,1.0050050020217896,0.004992518634762178
2012-06-27,1.007678508758545,0.007649179053420414
2012-06-28,1.0033713579177856,0.0033656876314830876
2012-07-01,1.0239187479019165,0.023637175717081967
2012-07-02,1.0238033533096313,0.023524470392136718
2012-07-03,1.0289971828460693,0.028584719089242958
2012-07-04,1.0268627405166626,0.026508271105542797
2012-07-05,1.0280767679214478,0.027689841211176385
2012-07-08,1.0195966958999634,0.019407152929993746
2012-07-09,1.0206893682479858,0.020478250235108898
2012-07-10,1.0188279151916504,0.01865286381811804
2012-07-11,1.0249682664871216,0.02466165258635609
2012-07-12,1.0136950016021729,0.013602072548812983
2012-07-15,1.023499608039856,0.023227743158563206
2012-07-16,1.024075984954834,0.02379072792178622
2012-07-17,1.0315978527069092,0.031108913505737384
2012-07-18,1.0360976457595825,0.03546139205947778
2012-07-19,1.0424375534057617,0.041561772086873415
2012-07-22,1.0339871644973755,0.033422362563711686
2012-07-23,1.0272952318191528,0.026929359760559008
2012-07-24,1.0215965509414673,0.021366649596455824
2012-07-25,1.0304604768753052,0.030005767265274996
2012-07-26,1.0395010709762573,0.03874085859558965
2012-07-29,1.0464081764221191,0.04536351554932798
2012-07-30,1.0498688220977783,0.048665225029413464
2012-07-31,1.0485037565231323,0.0473641541127255
2012-08-01,1.0469998121261597,0.04592875244823057
2012-08-02,1.0458828210830688,0.044861333634176256
2012-08-05,1.0558992624282837,0.05439278530587486
2012-08-06,1.0563008785247803,0.05477306754670013
2012-08-07,1.0536963939666748,0.05230435735942193
2012-08-08,1.0557990074157715,0.05429783328169677
2012-08-09,1.0573954582214355,0.05580876957775404
2012-08-12,1.0552864074707031,0.05381220636056156
2012-08-13,1.0514030456542969,0.050125506159807175
2012-08-14,1.0487127304077148,0.04756344101188579
2012-08-15,1.0496042966842651,0.04841323283904294
2012-08-16,1.052398920059204,0.0510722440139607
2012-08-19,1.0437215566635132,0.0427927457107845
2012-08-20,1.0452051162719727,0.04421314966953523
2012-08-21,1.0469011068344116,0.04583447359202742
2012-08-22,1.0509058237075806,0.04965248151225532
2012-08-23,1.0432424545288086,0.042333607804666606
2012-08-26,1.0404852628707886,0.03968720324407765
2012-08-27,1.0366023778915405,0.03594842070440986
2012-08-28,1.0374951362609863,0.03680928517050988
2012-08-29,1.034104824066162,0.033536148187914304
2012-08-30,1.0280978679656982,0.027710364802784763
2012-09-02,1.0278126001358032,0.027432854827373048
2012-09-03,1.024096965789795,0.02381121528829894
2012-09-04,1.0212000608444214,0.020978465966487805
2012-09-05,1.019295334815979,0.01911154033095569
2012-09-06,1.028594970703125,0.028193764888359594
2012-09-09,1.0362157821655273,0.03557540609276143
2012-09-10,1.0333994626998901,0.032853816936507914
2012-09-11,1.0430465936660767,0.04214584775916687
2012-09-12,1.0466053485870361,0.04555192538342057
2012-09-13,1.0535187721252441,0.05213577292181012
2012-09-16,1.0538629293441772,0.05246239360163544
2012-09-17,1.0475921630859375,0.0464943527967272
2012-09-18,1.0455001592636108,0.04449539221902248
2012-09-19,1.047219157218933,0.04613822919998028
2012-09-20,1.043514609336853,0.04259444775992554
2012-09-23,1.043558120727539,0.04263614385423558
2012-09-24,1.042589783668518,0.0417077944054493
2012-09-25,1.0363768339157104,0.035730817001067915
2012-09-26,1.0372798442840576,0.03660175232504934
2012-09-27,1.0437650680541992,0.04283443353783654
2012-09-30,1.0355397462844849,0.03492278478126651
2012-10-01,1.0360976457595825,0.03546139205947778
2012-10-02,1.0259777307510376,0.025646041592006598
2012-10-03,1.0232168436050415,0.022951432840750272
2012-10-04,1.0242648124694824,0.023975099111795985
2012-10-07,1.0170457363128662,0.01690208784761765
2012-10-08,1.0213565826416016,0.021131726634176725
2012-10-09,1.018755316734314,0.01858160443962529
2012-10-10,1.0222022533416748,0.02195937175352049
2012-10-11,1.0255358219146729,0.025215229090061027
2012-10-14,1.0226308107376099,0.022378533013906975
2012-10-15,1.0269049406051636,0.026549366394844325
2012-10-16,1.0308959484100342,0.03042827696409808
2012-10-17,1.0379042625427246,0.03720354787220842
2012-10-18,1.0374951362609863,0.03680928517050988
2012-10-21,1.0305771827697754,0.030119016913139313
2012-10-22,1.0336772203445435,0.033122561341206
2012-10-23,1.0269049406051636,0.026549366394844325
2012-10-24,1.0345969200134277,0.03401190159988464
2012-10-25,1.0351431369781494,0.03453971375248539
2012-10-29,1.0353038311004639,0.03469494025682445
2012-10-30,1.033976435661316,0.03341198633072689
2012-10-31,1.0366023778915405,0.03594842070440986
2012-11-01,1.0376026630401611,0.03691292055512381
2012-11-02,1.0413628816604614,0.0405303183809484
2012-11-05,1.034297227859497,0.03372218918870598
2012-11-06,1.0380982160568237,0.03739040074609735
2012-11-07,1.043068289756775,0.04216664823460706
2012-11-08,1.0403987169265747,0.03960402134147854
2012-11-09,1.0401065349578857,0.039323145366428544
2012-11-12,1.0395010709762573,0.03874085859558965
2012-11-13,1.0426549911499023,0.04177033620600239
2012-11-14,1.0443973541259766,0.04344002444818434
2012-11-15,1.036591649055481,0.035938070649450975
2012-11-16,1.0339871644973755,0.033422362563711686
2012-11-19,1.0360440015792847,0.03540961550223448
2012-11-20,1.0402363538742065,0.03944795067346347
2012-11-21,1.0390042066574097,0.03826276086482261
2012-11-22,1.038303017616272,0.037587666627846114
2012-11-23,1.038022756576538,0.03731770798752157
2012-11-26,1.0459047555923462,0.0448823056578394
2012-11-27,1.0471972227096558,0.046117283499317936
2012-11-28,1.0443973541259766,0.04344002444818434
2012-11-29,1.0475043058395386,0.04641048339237898
2012-11-30,1.0429377555847168,0.04204149598730653
2012-12-03,1.0426006317138672,0.04171819925410886
2012-12-05,1.0474933385849,0.0464000134477774
2012-12-06,1.044801115989685,0.04382654767660024
2012-12-07,1.0473946332931519,0.04630577901314785
2012-12-10,1.048185110092163,0.04706020206862765
2012-12-11,1.0488007068634033,0.0476473274406226
2012-12-12,1.0536963939666748,0.05230435735942193
2012-12-13,1.0546298027038574,0.05318980743791648
2012-12-14,1.0531748533248901,0.05180927190689795
2012-12-17,1.0555315017700195,0.05404443321380638
2012-12-18,1.0547966957092285,0.05334804286905843
2012-12-19,1.0519893169403076,0.05068295926424817
2012-12-20,1.0476799011230469,0.04657810138351875
2012-12-21,1.0480971336364746,0.04697626637151117
2012-12-24,1.0396956205368042,0.03892799775554385
2012-12-25,1.0367958545684814,0.03613504831359127
2012-12-26,1.0373982191085815,0.0367158662463763
2012-12-27,1.0365809202194214,0.035927720487367344
2012-12-28,1.0369787216186523,0.03631140986488495
2012-12-31,1.039198637008667,0.03844987479589741
2013-01-01,1.0399010181427002,0.03912553376107838
2013-01-02,1.0391662120819092,0.038418672452598904
2013-01-03,1.0492959022521973,0.048119369953667605
2013-01-04,1.045303463935852,0.04430723937084818
2013-01-07,1.049538254737854,0.048350310055272794
2013-01-08,1.051171064376831,0.04990484209160584
2013-01-09,1.0513699054718018,0.050093985702517566
2013-01-10,1.0506078004837036,0.049368854299522404
2013-01-11,1.0580331087112427,0.05641162662439385
2013-01-14,1.0537852048873901,0.05238863892165829
2013-01-15,1.056423544883728,0.054889189041511736
2013-01-16,1.0570825338363647,0.05551278693945686
2013-01-17,1.0558435916900635,0.05434006038425428
2013-01-18,1.0546075105667114,0.05316866980963106
2013-01-21,1.0507181882858276,0.04947391919931952
2013-01-22,1.0516021251678467,0.050314834761473574
2013-01-23,1.0562896728515625,0.05476245908003765
2013-01-24,1.0536853075027466,0.05229383580661487
2013-01-25,1.0446046590805054,0.04363849716759652
2013-01-28,1.0413520336151123,0.040519901165159855
2013-01-29,1.0422312021255493,0.041363801756729754
2013-01-30,1.0469011068344116,0.04583447359202742
2013-01-31,1.0418837070465088,0.04103033158123088
2013-02-01,1.0432206392288208,0.04231269653136984
2013-02-04,1.0426006317138672,0.04171819925410886
2013-02-05,1.0441029071807861,0.04315805469927267
2013-02-06,1.0390042066574097,0.03826276086482261
2013-02-07,1.032002329826355,0.03150092464049996
2013-02-08,1.0282670259475708,0.027874886170324943
2013-02-11,1.032279372215271,0.031769339935084365
2013-02-12,1.026356816291809,0.02601546045271706
2013-02-13,1.0338696241378784,0.03330867929486091
2013-02-14,1.0360976457595825,0.03546139205947778
2013-02-15,1.0350574254989624,0.03445690875205256
2013-02-18,1.0299403667449951,0.029500904201402812
2013-02-19,1.0318958759307861,0.03139776655318121
2013-02-20,1.034896731376648,0.03430164529164837
2013-02-21,1.0248421430587769,0.02453859395818586
2013-02-22,1.0294420719146729,0.0290169777284054
2013-02-25,1.029823660850525,0.029387584526885203
2013-02-26,1.027031421661377,0.02667252605908405
2013-02-27,1.0233948230743408,0.023125358820598463
2013-02-28,1.0232272148132324,0.022961568674318106
2013-03-01,1.0218993425369263,0.021662996262618726
2013-03-04,1.0196278095245361,0.019437668083663588
2013-03-05,1.0203874111175537,0.020182370005920366
2013-03-06,1.0266835689544678,0.02633377144919405
2013-03-07,1.023352861404419,0.023084355554542794
2013-03-08,1.0270631313323975,0.02670340065633841
2013-03-11,1.0217949151992798,0.02156080158516923
2013-03-12,1.0278971195220947,0.027515083738907497
2013-03-13,1.0328978300094604,0.032368279156388374
2013-03-14,1.0300040245056152,0.02956270952091606
2013-03-15,1.038022756576538,0.03731770798752157
2013-03-18,1.0353895425796509,0.0347777255502198
2013-03-19,1.0393929481506348,0.03863683903064284
2013-03-20,1.0361191034317017,0.03548210193177109
2013-03-21,1.0378073453903198,0.037110165774131974
2013-03-22,1.0440047979354858,0.043064085173532114
2013-03-25,1.0448774099349976,0.04389956746830494
2013-03-26,1.0462440252304077,0.04520663215330213
2013-03-27,1.0473617315292358,0.04627436556147276
2013-03-28,1.0448665618896484,0.043889185291832146
2013-03-29,1.0418294668197632,0.04097827045550769
2013-03-31,1.0412328243255615,0.040405419117308175
2013-04-01,1.0437977313995361,0.04286572681950272
2013-04-02,1.045718789100647,0.044704485425646
2013-04-03,1.045478343963623,0.04447452610303428
2013-04-04,1.0423941612243652,0.04152014553150374
2013-04-07,1.0351645946502686,0.03456044272121994
2013-04-08,1.042024850845337,0.04116579222657391
2013-04-09,1.04889976978302,0.04774177650119459
2013-04-10,1.0537852048873901,0.05238863892165829
2013-04-11,1.0546187162399292,0.053179295197344774
2013-04-14,1.0514030456542969,0.050125506159807175
2013-04-15,1.0338054895401,0.03324664382577331
2013-04-16,1.0384970903396606,0.03777456253873337
2013-04-17,1.0303012132644653,0.02985119955187178
2013-04-18,1.0298025608062744,0.02936709532935085
2013-04-21,1.0273902416229248,0.02702184087756474
2013-04-22,1.0265675783157349,0.026220789032006066
2013-04-23,1.0261040925979614,0.02576919637623184
2013-04-24,1.0278971195220947,0.027515083738907497
2013-04-25,1.0293891429901123,0.028965561250756305
2013-04-28,1.0284150838851929,0.028018863634970536
2013-04-29,1.0344042778015137,0.033825684005932354
2013-04-30,1.037075400352478,0.036404636683675794
2013-05-01,1.028573751449585,0.028173135317909402
2013-05-02,1.0255674123764038,0.025246032475483383
2013-05-05,1.0302480459213257,0.029799594531594364
2013-05-06,1.0244851112365723,0.02419015587923239
2013-05-07,1.0178323984146118,0.01767526647439589
2013-05-08,1.0191705226898193,0.01898908340987843
2013-05-09,1.00764799118042,0.007618893560595051
2013-05-12,0.998502254486084,-0.0014988682559228124
2013-05-13,0.9971083998680115,-0.0028957888843969583
2013-05-14,0.9908838868141174,-0.00915791921195849
2013-05-15,0.9898049831390381,-0.010247341986179671
2013-05-16,0.982607901096344,-0.01754511827000139
2013-05-19,0.9767532348632812,-0.023521233188319206
2013-05-20,0.9813542366027832,-0.01882178714235222
2013-05-21,0.9819324612617493,-0.018232749712094428
2013-05-22,0.9663702845573425,-0.0342082008697994
2013-05-23,0.9684291481971741,-0.03207995503501163
2013-05-26,0.9637624621391296,-0.03691042330453856
2013-05-27,0.9629273414611816,-0.03777732022659378
2013-05-28,0.9574875831604004,-0.04344252599011507
2013-05-29,0.9636695981025696,-0.03700678367806091
2013-05-30,0.9669309854507446,-0.033628155826824276
2013-06-02,0.9622787237167358,-0.03845113668782208
2013-06-03,0.975324273109436,-0.024985275474803992
2013-06-04,0.9645061492919922,-0.03613907102993599
2013-06-05,0.9514747858047485,-0.04974209201402336
2013-06-06,0.9561508893966675,-0.044839544288293856
2013-06-09,0.9417969584465027,-0.05996557068893756
2013-06-10,0.9458053708076477,-0.05571847020141804
2013-06-11,0.9460737705230713,-0.05543473144521453
2013-06-12,0.9480469822883606,-0.053351218579232744
2013-06-13,0.9637624621391296,-0.03691042330453856
2013-06-16,0.9575792551040649,-0.04334678839819097
2013-06-17,0.9544716477394104,-0.046597340040203404
2013-06-18,0.9485865831375122,-0.052782209495404374
2013-06-19,0.9280742406845093,-0.07464354865820708
2013-06-20,0.9203019142150879,-0.08305349514917294
2013-06-23,0.923616886138916,-0.07945791871211116
2013-06-24,0.9261832237243652,-0.07668319811576087
2013-06-25,0.9263548254966736,-0.07649793684906644
2013-06-26,0.9288501143455505,-0.07380789404030069
2013-06-27,0.9281604290008545,-0.07455068505877677
2013-06-30,0.9129085540771484,-0.09111956323137595
2013-07-01,0.9244707822799683,-0.07853383246186618
2013-07-02,0.9144947528839111,-0.08938354885612873
2013-07-03,0.9092562198638916,-0.09512835448526934
2013-07-04,0.9141603708267212,-0.0897492624962582
2013-07-07,0.9062075018882751,-0.09848696838094265
2013-07-08,0.913993239402771,-0.08993210427003544
2013-07-09,0.916506290435791,-0.0871863481844245
2013-07-10,0.9275577664375305,-0.07520020456663393
2013-07-11,0.9175995588302612,-0.08599419395364223
2013-07-14,0.907803475856781,-0.09672736008763401
2013-07-15,0.9091735482215881,-0.09521928089200922
2013-07-16,0.9241290092468262,-0.07890359668947534
2013-07-17,0.9231905937194824,-0.07991957205893144
2013-07-18,0.9180207252502441,-0.08553531209117209
2013-07-21,0.9219139218330383,-0.0813034200517386
2013-07-22,0.9258401393890381,-0.07705369488819351
2013-07-23,0.9289363026618958,-0.07371510800675235
2013-07-24,0.9129918813705444,-0.09102829068240653
2013-07-25,0.9239583015441895,-0.07908833655768986
2013-07-28,0.9255831241607666,-0.07733133559303125
2013-07-29,0.9194557070732117,-0.08397340676335395
2013-07-30,0.9072763323783875,-0.09730820891953962
2013-07-31,0.895014762878418,-0.1109150660070988
2013-08-01,0.8942144513130188,-0.11180965414865689
2013-08-04,0.8905512690544128,-0.11591460457515594
2013-08-05,0.8914245367050171,-0.11493449281641234
2013-08-06,0.898876428604126,-0.10660970823616844
2013-08-07,0.9002520442008972,-0.10508050575215123
2013-08-08,0.9107467532157898,-0.09349040805640381
2013-08-11,0.9185266494750977,-0.08498436062145914
2013-08-12,0.911577045917511,-0.09257916192158383
2013-08-13,0.9099181294441223,-0.09440065116239418
2013-08-14,0.9144947528839111,-0.08938354885612873
2013-08-15,0.9133254289627075,-0.09066302272597378
2013-08-18,0.9199631810188293,-0.08342163037160515
2013-08-19,0.911577045917511,-0.09257916192158383
2013-08-20,0.9062075018882751,-0.09848696838094265
2013-08-21,0.8969575762748718,-0.1087467131645644
2013-08-22,0.9018758535385132,-0.10327840304999975
2013-08-25,0.9028530120849609,-0.102195516129367
2013-08-26,0.9013881087303162,-0.10381936081358488
2013-08-27,0.8946143984794617,-0.1113624932331188
2013-08-28,0.894694447517395,-0.1112730184192365
2013-08-29,0.8926180005073547,-0.1135965606141525
2013-09-01,0.8938946723937988,-0.11216732686380546
2013-09-02,0.900009036064148,-0.10535047563695198
2013-09-03,0.9056330323219299,-0.09912109657793217
2013-09-04,0.9171788096427917,-0.08645283157666475
2013-09-05,0.9119095206260681,-0.09221450366926494
2013-09-08,0.9196248054504395,-0.08378951228287547
2013-09-09,0.9231905937194824,-0.07991957205893144
2013-09-10,0.930059552192688,-0.07250666026917038
2013-09-11,0.9335324764251709,-0.0687795266481827
2013-09-12,0.926268994808197,-0.07659059536678306
2013-09-15,0.9323139786720276,-0.07008563404307133
2013-09-16,0.9322270750999451,-0.07017885116153556
2013-09-17,0.935366153717041,-0.06681721809842961
2013-09-18,0.9497578740119934,-0.05154819633335089
2013-09-19,0.9445546865463257,-0.05704169372060311
2013-09-22,0.9402031302452087,-0.0616593310579249
2013-09-23,0.9423294067382812,-0.05940037685078404
2013-09-24,0.9384384155273438,-0.06353804521805044
2013-09-25,0.9365926384925842,-0.06550684208358824
2013-09-26,0.9359790086746216,-0.06616222938570342
2013-09-29,0.9301460981369019,-0.0724136104020646
2013-09-30,0.93205326795578,-0.07036531147080828
2013-10-01,0.9391434788703918,-0.06278701179757187
2013-10-02,0.9387027025222778,-0.06325646063803234
2013-10-03,0.9402031302452087,-0.0616593310579249
2013-10-06,0.9442870616912842,-0.057325068288199464
2013-10-08,0.944822371006012,-0.05675833634584582
2013-10-09,0.945000946521759,-0.05656934987856889
2013-10-10,0.9455639123916626,-0.055973796772957184
2013-10-13,0.9447330832481384,-0.05685284297462876
2013-10-14,0.9512032270431519,-0.05002754100918374
2013-10-15,0.9537435173988342,-0.04736049336716294
2013-10-16,0.9543806314468384,-0.04669270236198537
2013-10-17,0.9617233872413635,-0.03902840891390879
2013-10-20,0.9660902619361877,-0.034498010277419965
2013-10-21,0.9653441309928894,-0.03527062878638527
2013-10-22,0.9701203107833862,-0.030335183440558553
2013-10-23,0.9641342163085938,-0.03652476552709887
2013-10-24,0.9621860980987549,-0.03854739785820305
2013-10-28,0.9599692821502686,-0.040853992792331296
2013-10-29,0.954562783241272,-0.04650186192786366
2013-10-30,0.9478673338890076,-0.053540729675127526
2013-10-31,0.9470324516296387,-0.05442191855885923
2013-11-01,0.9462528228759766,-0.05524549101064662
2013-11-04,0.9466111660003662,-0.05486686567805388
2013-11-05,0.9512032270431519,-0.05002754100918374
2013-11-06,0.9500284790992737,-0.05126331683764632
2013-11-07,0.9527438879013062,-0.04840915446647672
2013-11-08,0.9456264972686768,-0.05590761107667053
2013-11-11,0.9369437098503113,-0.06513207341454523
2013-11-12,0.9364173412322998,-0.0656940244933926
2013-11-13,0.9304922223091125,-0.07204156154936733
2013-11-14,0.9365926384925842,-0.06550684208358824
2013-11-15,0.931011974811554,-0.07148313947677488
2013-11-18,0.9370315074920654,-0.0650383713836903
2013-11-19,0.9370315074920654,-0.0650383713836903
2013-11-20,0.9440196752548218,-0.057608270622881534
2013-11-21,0.9328358173370361,-0.06952606646330751
2013-11-22,0.9226794838905334,-0.08047335950931693
2013-11-25,0.9165903329849243,-0.08709465356438276
2013-11-26,0.9192866086959839,-0.08415733506723241
2013-11-27,0.9123255610466003,-0.09175837777636314
2013-11-28,0.9084302186965942,-0.09603720345573134
2013-11-29,0.9084302186965942,-0.09603720345573134
2013-12-02,0.9123255610466003,-0.09175837777636314
2013-12-03,0.9116601347923279,-0.09248801758144695
2013-12-04,0.9133254289627075,-0.09066302272597378
2013-12-05,0.9031791687011719,-0.10183433029533087
2013-12-06,0.9067004919052124,-0.0979431018077058
2013-12-09,0.9105809926986694,-0.09367242968095749
2013-12-10,0.909008264541626,-0.09540109294101026
2013-12-11,0.9146620631217957,-0.08920061184724343
2013-12-12,0.9048135876655579,-0.10002633697915013
2013-12-13,0.8925384283065796,-0.11368570932912615
2013-12-16,0.8952551484107971,-0.11064651931220328
2013-12-17,0.894134521484375,-0.11189904366928495
2013-12-18,0.8921402096748352,-0.1141319730203906
2013-12-19,0.8847991228103638,-0.12239463961333326
2013-12-20,0.8863754868507385,-0.12061461809766906
2013-12-23,0.8922198414802551,-0.11404271770959025
2013-12-24,0.8930166363716125,-0.11315006852372456
2013-12-25,0.8926976919174194,-0.11350728630770267
2013-12-26,0.891742467880249,-0.11457790122652385
2013-12-27,0.8886518478393555,-0.11804974240019044
2013-12-30,0.8855043053627014,-0.1215979597013889
2013-12-31,0.8919811248779297,-0.11431030707676464
2014-01-01,0.8915039300918579,-0.11484543328500452
2014-01-02,0.8892050385475159,-0.11742743052542802
2014-01-03,0.8906305432319641,-0.11582559156474141
2014-01-06,0.8965393900871277,-0.1092130492701347
2014-01-07,0.8967000842094421,-0.1090338271137547
2014-01-08,0.891742467880249,-0.11457790122652385
2014-01-09,0.8890469670295715,-0.11760521355940175
2014-01-10,0.889758825302124,-0.11680483578502875
2014-01-13,0.9013068675994873,-0.10390949378888086
2014-01-14,0.9049773812294006,-0.09984532871122846
2014-01-15,0.8961375951766968,-0.10966131175184421
2014-01-16,0.8905512690544128,-0.11591460457515594
2014-01-17,0.8819897174835205,-0.12557488122525243
2014-01-20,0.8774238228797913,-0.13076513894345682
2014-01-21,0.8804367184638977,-0.1273372236299004
2014-01-22,0.8805918097496033,-0.12716108646503135
2014-01-23,0.8844861388206482,-0.12274843670842893
2014-01-24,0.8760402798652649,-0.1323432075215135
2014-01-27,0.8694896101951599,-0.13984889443094523
2014-01-28,0.8732098937034607,-0.13557932397262018
2014-01-29,0.8788118362426758,-0.12918446992028518
2014-01-30,0.8748906254768372,-0.13365639989264885
2014-01-31,0.8795848488807678,-0.12830524546037902
2014-02-03,0.87565678358078,-0.13278106438456877
2014-02-04,0.8750437498092651,-0.13348139409245277
2014-02-05,0.8914245367050171,-0.11493449281641234
2014-02-06,0.8928571343421936,-0.11332869484374639
2014-02-07,0.895014762878418,-0.1109150660070988
2014-02-10,0.894694447517395,-0.1112730184192365
2014-02-11,0.8945664167404175,-0.11141612866073743
2014-02-12,0.9021199941635132,-0.10300773654397483
2014-02-13,0.9024455547332764,-0.10264691776020243
2014-02-14,0.8982304930686951,-0.10732856981914636
2014-02-17,0.9059611558914185,-0.09875884815031906
2014-02-18,0.9039466977119446,-0.10098488303635526
2014-02-19,0.90203857421875,-0.10309799462466168
2014-02-20,0.8999280333518982,-0.10544048179736816
2014-02-21,0.9009820818901062,-0.10426990848596797
2014-02-24,0.8977466821670532,-0.10786734160312687
2014-02-25,0.9037505388259888,-0.10120190929801114
2014-02-26,0.9009820818901062,-0.10426990848596797
2014-02-27,0.8963786363601685,-0.10939237004779293
2014-02-28,0.8961697816848755,-0.1096253954702982
2014-03-03,0.8902341723442078,-0.11627073587113898
2014-03-04,0.8925384283065796,-0.11368570932912615
2014-03-05,0.8954154849052429,-0.11046743948379577
2014-03-06,0.8978192210197449,-0.1077865438417054
2014-03-07,0.9105809926986694,-0.09367242968095749
2014-03-10,0.9057971239089966,-0.09893992305937165
2014-03-11,0.9024455547332764,-0.10264691776020243
2014-03-12,0.8965393900871277,-0.1092130492701347
2014-03-13,0.8997660279273987,-0.1056205184251736
2014-03-14,0.9030161499977112,-0.10201484089926796
2014-03-17,0.9029345512390137,-0.10210520743994612
2014-03-18,0.9084302186965942,-0.09603720345573134
2014-03-19,0.9133254289627075,-0.09066302272597378
2014-03-20,0.9030161499977112,-0.10201484089926796
2014-03-21,0.9038322567939758,-0.10111149245155658
2014-03-24,0.9094216227531433,-0.09494646092959734
2014-03-25,0.9129918813705444,-0.09102829068240653
2014-03-26,0.9162543416023254,-0.0874612873452166
2014-03-27,0.9218289256095886,-0.0813956197027125
2014-03-28,0.9266981482505798,-0.0761273886103506
2014-03-30,0.9260116219520569,-0.07686849371055199
2014-03-31,0.9268699884414673,-0.07594197304565878
2014-04-01,0.9238728880882263,-0.07918078380774517
2014-04-02,0.924727201461792,-0.07825650230498557
2014-04-03,0.9232758283615112,-0.07982725016120282
2014-04-06,0.9290226101875305,-0.0736222022647578
2014-04-07,0.9266981482505798,-0.0761273886103506
2014-04-08,0.9351038336753845,-0.06709770380003872
2014-04-09,0.9378223419189453,-0.06419474885382609
2014-04-10,0.9397612810134888,-0.062129392339095604
2014-04-13,0.9385265111923218,-0.06344417488111592
2014-04-14,0.9411764740943909,-0.06062461809114455
2014-04-15,0.9343174695968628,-0.0679389952986707
2014-04-16,0.9373828172683716,-0.0646635238638234
2014-04-17,0.9330969452857971,-0.06924617647402556
2014-04-20,0.9333581924438477,-0.06896623708038506
2014-04-21,0.9337940216064453,-0.06849939868635016
2014-04-22,0.9370315074920654,-0.0650383713836903
2014-04-23,0.9288501143455505,-0.07380789404030069
2014-04-24,0.9270418286323547,-0.07575659185352547
2014-04-27,0.927385687828064,-0.07538573972088833
2014-04-28,0.925377607345581,-0.07755340061313877
2014-04-29,0.9274716973304749,-0.07529299997371344
2014-04-30,0.9283326864242554,-0.07436511213909937
2014-05-01,0.9276438355445862,-0.075107417769743
2014-05-04,0.9275577664375305,-0.07520020456663393
2014-05-05,0.9282465577125549,-0.0744578942942745
2014-05-06,0.9351038336753845,-0.06709770380003872
2014-05-07,0.9324009418487549,-0.06999236168724543
2014-05-08,0.9369437098503113,-0.06513207341454523
2014-05-11,0.9360666275024414,-0.06606862180884676
2014-05-12,0.9360666275024414,-0.06606862180884676
2014-05-13,0.9365049004554749,-0.06560052437759502
2014-05-14,0.9371192455291748,-0.06494474173620113
2014-05-15,0.9358038306236267,-0.06634940713712677
2014-05-18,0.9367681741714478,-0.06531944019262242
2014-05-19,0.9334453344345093,-0.06887287750668569
2014-05-20,0.9234462380409241,-0.07964269647768238
2014-05-21,0.923616886138916,-0.07945791871211116
2014-05-22,0.9227646589279175,-0.08038105106663014
2014-05-25,0.924043595790863,-0.07899602686162607
2014-05-26,0.9256688356399536,-0.07723873719896124
2014-05-27,0.9265264272689819,-0.07631270989775174
2014-05-28,0.922934889793396,-0.08019658890313323
2014-05-29,0.9310986995697021,-0.07138999274881284
2014-06-01,0.9299730658531189,-0.07259965470248553
2014-06-02,0.9237021803855896,-0.07936557489530136
2014-06-03,0.9261832237243652,-0.07668319811576087
2014-06-04,0.927385687828064,-0.07538573972088833
2014-06-05,0.9326618909835815,-0.06971253289870734
2014-06-08,0.9335324764251709,-0.0687795266481827
2014-06-09,0.9344047904014587,-0.06784554020742607
2014-06-10,0.9372071027755737,-0.06485099365807938
2014-06-11,0.9381743669509888,-0.06381945497989677
2014-06-12,0.9425959587097168,-0.05911755188795164
2014-06-15,0.9391434788703918,-0.06278701179757187
2014-06-16,0.9394964575767517,-0.062411230676702976
2014-06-17,0.9337068200111389,-0.06859278723368195
2014-06-18,0.9400263428688049,-0.06184737978224575
2014-06-19,0.9400263428688049,-0.06184737978224575
2014-06-22,0.9387027025222778,-0.06325646063803234
2014-06-23,0.941974401473999,-0.05977717943106364
2014-06-24,0.9366803765296936,-0.06541316856513157
2014-06-25,0.9405568242073059,-0.061283212919691
2014-06-26,0.9409107565879822,-0.06090698280181508
2014-06-29,0.9417082667350769,-0.06005974798168469
2014-06-30,0.9429514408111572,-0.05874049204236785
2014-07-01,0.9492168426513672,-0.05211801052889292
2014-07-02,0.9434852004051208,-0.05817460014168523
2014-07-03,0.935016393661499,-0.0671912165193506
2014-07-06,0.9360666275024414,-0.06606862180884676
2014-07-07,0.9372949600219727,-0.06475725436783593
2014-07-08,0.9410879015922546,-0.06071873080277603
2014-07-09,0.941974401473999,-0.05977717943106364
2014-07-10,0.9387027025222778,-0.06325646063803234
2014-07-13,0.9383503198623657,-0.06363192436745234
2014-07-14,0.9394081830978394,-0.06250519444374718
2014-07-15,0.9363296031951904,-0.06578772432553985
2014-07-16,0.9366803765296936,-0.06541316856513157
2014-07-17,0.9351038336753845,-0.06709770380003872
2014-07-20,0.9395847320556641,-0.06231727573801876
2014-07-21,0.9367681741714478,-0.06531944019262242
2014-07-22,0.9388790130615234,-0.06306865465515504
2014-07-23,0.9441087245941162,-0.057513945110519576
2014-07-24,0.9417082667350769,-0.06005974798168469
2014-07-27,0.9402031302452087,-0.0616593310579249
2014-07-28,0.9411764740943909,-0.06062461809114455
2014-07-29,0.9386146068572998,-0.06335031335499451
2014-07-30,0.9325748682022095,-0.06980584307073417
2014-07-31,0.9302325248718262,-0.07232069734241363
2014-08-03,0.9312721490859985,-0.0712037253177874
2014-08-04,0.9332711696624756,-0.06905947763815376
2014-08-05,0.9304922223091125,-0.07204156154936733
2014-08-06,0.9346667528152466,-0.06756522732539234
2014-08-07,0.9266122579574585,-0.07622007712372117
2014-08-10,0.9279019832611084,-0.07482917326015298
2014-08-11,0.9264406561851501,-0.07640528691615528
2014-08-12,0.9270418286323547,-0.07575659185352547
2014-08-13,0.9307520985603333,-0.07176231153367021
2014-08-14,0.9316191077232361,-0.07083123053047105
2014-08-17,0.9317059516906738,-0.07073801655574144
2014-08-18,0.9323139786720276,-0.07008563404307133
2014-08-19,0.9298000931739807,-0.07278566951703143
2014-08-20,0.9287638664245605,-0.07390075286021139
2014-08-21,0.93031907081604,-0.0722276647767198
2014-08-24,0.930059552192688,-0.07250666026917038
2014-08-25,0.9278159141540527,-0.07492193424202126
2014-08-26,0.9317059516906738,-0.07073801655574144
2014-08-27,0.9336196184158325,-0.06868618450324906
2014-08-28,0.9355412125587463,-0.06663008019371905
2014-08-31,0.933009922504425,-0.06933944313837068
2014-09-01,0.9335324764251709,-0.0687795266481827
2014-09-02,0.9279881119728088,-0.07473635665211843
2014-09-03,0.9339683651924133,-0.06831271157057289
2014-09-04,0.9336196184158325,-0.06868618450324906
2014-09-07,0.9363296031951904,-0.06578772432553985
2014-09-08,0.9278159141540527,-0.07492193424202126
2014-09-09,0.9207255244255066,-0.08259330622531064
2014-09-10,0.9156670570373535,-0.08810245523105191
2014-09-11,0.9099181294441223,-0.09440065116239418
2014-09-14,0.9014694094657898,-0.10372916984207639
2014-09-15,0.9036688804626465,-0.10129226836190787
2014-09-16,0.9085953235626221,-0.09585547253049961
2014-09-17,0.8958967924118042,-0.1099300596821403
2014-09-18,0.898311197757721,-0.10723872532570403
2014-09-21,0.894134521484375,-0.11189904366928495
2014-09-22,0.8877841234207153,-0.11902666980054782
2014-09-23,0.8855827450752258,-0.12150938165825284
2014-09-24,0.8859750032424927,-0.12106654181964219
2014-09-25,0.8805142045021057,-0.12724921886242227
2014-09-28,0.8735913038253784,-0.1351426284533835
2014-09-29,0.8716875910758972,-0.1373241863809496
2014-09-30,0.8737439513206482,-0.1349679081240036
2014-10-01,0.8746228218078613,-0.1339625463489486
2014-10-02,0.8795074820518494,-0.1283932076754463
2014-10-05,0.8663259148597717,-0.14349409611609498
2014-10-06,0.8769621849060059,-0.13129140623285743
2014-10-07,0.8810572624206543,-0.1266326580859234
2014-10-08,0.8839388489723206,-0.12336739410789802
2014-10-09,0.8762706518173218,-0.13208027250328258
2014-10-12,0.8678295612335205,-0.14175994162844607
2014-10-13,0.8755800724029541,-0.13286867238301042
2014-10-14,0.8709284067153931,-0.13819550216078508
2014-10-15,0.8792754411697388,-0.12865707296591872
2014-10-16,0.8771929740905762,-0.1310282719431473
2014-10-19,0.8758100867271423,-0.13260600752297155
2014-10-20,0.8778089880943298,-0.13032626243851372
2014-10-21,0.8771160244941711,-0.13111599833173274
2014-10-22,0.8767315745353699,-0.13155440582525912
2014-10-23,0.87565678358078,-0.13278106438456877
2014-10-27,0.8804367184638977,-0.1273372236299004
2014-10-28,0.8804367184638977,-0.1273372236299004
2014-10-29,0.8861320614814758,-0.12088928589360835
2014-10-30,0.8768084645271301,-0.13146670894911522
2014-10-31,0.8824567198753357,-0.12504553401149504
2014-11-03,0.8753501176834106,-0.1331313381616549
2014-11-04,0.8694896101951599,-0.13984889443094523
2014-11-05,0.8749672174453735,-0.13356885910309832
2014-11-06,0.8579272627830505,-0.15323595839893447
2014-11-07,0.8561643958091736,-0.15529287010092066
2014-11-10,0.8644536137580872,-0.14565763202700974
2014-11-11,0.8629617094993591,-0.14738495794520134
2014-11-12,0.8706251382827759,-0.13854377561646328
2014-11-13,0.8712319731712341,-0.13784700788618434
2014-11-14,0.8707236051559448,-0.13843068296498276
2014-11-17,0.8749672174453735,-0.13356885910309832
2014-11-18,0.870852530002594,-0.13828262759802867
2014-11-19,0.8709284067153931,-0.13819550216078508
2014-11-20,0.8601410388946533,-0.1506589044661896
2014-11-21,0.8623663187026978,-0.1480751348977152
2014-11-24,0.868206262588501,-0.14132596284099988
2014-11-25,0.8605111837387085,-0.1502286666239389
2014-11-26,0.8557248115539551,-0.1558064363562478
2014-11-27,0.8532422780990601,-0.15871174122272375
2014-11-28,0.8524422645568848,-0.1596497969778563
2014-12-01,0.8438106775283813,-0.16982712527338173
2014-12-02,0.8478168845176697,-0.1650906045770014
2014-12-03,0.846023678779602,-0.1672079306664169
2014-12-04,0.8401243686676025,-0.17420534016665037
2014-12-05,0.8386447429656982,-0.17596809130948077
2014-12-08,0.8309098482131958,-0.18523397591640844
2014-12-09,0.8300132751464844,-0.18631358416700772
2014-12-10,0.8300132751464844,-0.18631358416700772
2014-12-11,0.8334027528762817,-0.18223825681195638
2014-12-12,0.8248103260993958,-0.1926018268386044
2014-12-15,0.8209506869316101,-0.1972922359723824
2014-12-16,0.8216251730918884,-0.1964709817282368
2014-12-17,0.8225036859512329,-0.19540231495297627
2014-12-18,0.8125457167625427,-0.20758309957649268
2014-12-19,0.8173273205757141,-0.20171562717620337
2014-12-22,0.8149294853210449,-0.20465369056291124
2014-12-23,0.8122817277908325,-0.20790804358813894
2014-12-24,0.8109642267227173,-0.2095313359225651
2014-12-25,0.8116224408149719,-0.20872002132035866
2014-12-26,0.81089848279953,-0.20961240804147785
2014-12-29,0.8116224408149719,-0.20872002132035866
2014-12-30,0.8136696815490723,-0.2062007919600887
2014-12-31,0.818397581577301,-0.20040701941103542
2015-01-01,0.817126989364624,-0.20196076246187628
2015-01-02,0.8177952170372009,-0.20114331964145313
2015-01-05,0.8067768812179565,-0.21470812822345256
2015-01-06,0.8099789619445801,-0.21074700456088025
2015-01-07,0.8080155253410339,-0.2131740061146558
2015-01-08,0.8075587749481201,-0.2137394402206592
2015-01-09,0.8114249110221863,-0.20896342739663526
2015-01-12,0.8222332000732422,-0.19573122577479532
2015-01-13,0.8150623440742493,-0.20449067287030373
2015-01-14,0.8173941373825073,-0.20163388015256806
2015-01-15,0.8144648671150208,-0.2052239861674371
2015-01-16,0.8223684430122375,-0.19556675684109476
2015-01-19,0.8227066993713379,-0.19515552168817982
2015-01-20,0.8195378184318542,-0.19901473368506753
2015-01-21,0.8165265321731567,-0.2026958720926405
2015-01-22,0.8101101517677307,-0.21058505072472766
2015-01-23,0.801988959312439,-0.22066043765372384
2015-01-26,0.787587583065033,-0.23878069787593736
2015-01-27,0.7922046780586243,-0.2329354886632781
2015-01-28,0.7921419143676758,-0.23301471841171995
2015-01-29,0.7892659902572632,-0.2366518916830496
2015-01-30,0.7782101631164551,-0.2507586587425401
2015-02-02,0.7782101631164551,-0.2507586587425401
2015-02-03,0.7801529169082642,-0.24826533119497646
2015-02-04,0.7762769460678101,-0.2532459332061011
2015-02-05,0.7760962843894958,-0.25347868867441925
2015-02-06,0.7799704074859619,-0.24849929913876792
2015-02-09,0.7760962843894958,-0.25347868867441925
2015-02-10,0.7799095511436462,-0.24857732609463704
2015-02-11,0.7783918380737305,-0.2505252336821054
2015-02-12,0.7722604274749756,-0.2584334445553118
2015-02-13,0.7756748795509338,-0.2540218162420833
2015-02-16,0.7765783667564392,-0.252857718425335
2015-02-17,0.7756748795509338,-0.2540218162420833
2015-02-18,0.78118896484375,-0.24693820598344257
2015-02-19,0.7808229923248291,-0.24740679717948041
2015-02-20,0.7795447707176208,-0.24904515696029927
2015-02-23,0.7846214175224304,-0.2425539482016955
2015-02-24,0.7799704074859619,-0.24849929913876792
2015-02-25,0.7833307385444641,-0.24420027301395722
2015-02-26,0.7883948683738708,-0.23775621263663874
2015-02-27,0.780579149723053,-0.24771913517004912
2015-03-02,0.7785736322402954,-0.25029170998378675
2015-03-03,0.7756748795509338,-0.2540218162420833
2015-03-04,0.7820442914962769,-0.24584390129869693
2015-03-05,0.7823501825332642,-0.2454528349200261
2015-03-06,0.7785130143165588,-0.25036957067818194
2015-03-09,0.7722604274749756,-0.2584334445553118
2015-03-10,0.7685213685035706,-0.26328691092021334
2015-03-11,0.7641754746437073,-0.2689578373347463
2015-03-12,0.7605719566345215,-0.2736845542248585
2015-03-13,0.770653486251831,-0.2605164406186361
2015-03-16,0.7616146206855774,-0.27231459836049604
2015-03-17,0.7644091248512268,-0.26865212941460054
2015-03-18,0.7623113393783569,-0.27140022488096954
2015-03-19,0.7778469324111938,-0.2512255191333351
2015-03-20,0.7658140659332275,-0.26681587247478755
2015-03-23,0.7783918380737305,-0.2505252336821054
2015-03-24,0.7875256538391113,-0.23885933250931174
2015-03-25,0.7862871289253235,-0.24043324928394438
2015-03-26,0.7830240726470947,-0.24459183934247555
2015-03-27,0.783392071723938,-0.24412197814379483
2015-03-29,0.773455023765564,-0.2568877570518729
2015-03-30,0.7658140659332275,-0.26681587247478755
2015-03-31,0.7613826394081116,-0.2726192361761223
2015-04-01,0.7606876492500305,-0.2735324531432488
2015-04-02,0.7582076191902161,-0.2767980268997265
2015-04-05,0.7644091248512268,-0.26865212941460054
2015-04-06,0.759013295173645,-0.27573598504210317
2015-04-07,0.7642922401428223,-0.2688050496792237
2015-04-08,0.7684623003005981,-0.26336377341940626
2015-04-09,0.7704160213470459,-0.2608246225734327
2015-04-12,0.7669299840927124,-0.26535976718880183
2015-04-13,0.7587253451347351,-0.27611543119273463
2015-04-14,0.761440634727478,-0.2725430680213804
2015-04-15,0.7678722143173218,-0.2641319472860725
2015-04-16,0.7789375185966492,-0.24982444352116262
2015-04-19,0.7809448838233948,-0.24725070292158877
2015-04-20,0.7722604274749756,-0.2584334445553118
2015-04-21,0.77154541015625,-0.2593597493436767
2015-04-22,0.7750135660171509,-0.2548747452437335
2015-04-23,0.7777259349822998,-0.2513810855252082
2015-04-26,0.7833307385444641,-0.24420027301395722
2015-04-27,0.7867201566696167,-0.23988267617573641
2015-04-28,0.7996801733970642,-0.2235434145025095
2015-04-29,0.7994883060455322,-0.2237833733997978
2015-04-30,0.7903263568878174,-0.23530930884292744
2015-05-03,0.7830240726470947,-0.24459183934247555
2015-05-04,0.7843137383460999,-0.24294616221911228
2015-05-05,0.7935248017311096,-0.23127048338427472
2015-05-06,0.7956715226173401,-0.2285688383338018
2015-05-07,0.7901390790939331,-0.2355462995299708
2015-05-10,0.7925814390182495,-0.2324600163422331
2015-05-11,0.7899518013000488,-0.23578334639491383
2015-05-12,0.7990411520004272,-0.22434283016115716
2015-05-13,0.8112932443618774,-0.20912570654555698
2015-05-14,0.8086689114570618,-0.212365702234529
2015-05-17,0.8046994805335999,-0.2172863873707083
2015-05-18,0.7994883060455322,-0.2237833733997978
2015-05-19,0.7922046780586243,-0.2329354886632781
2015-05-20,0.7878358364105225,-0.23846554025611863
2015-05-21,0.7902015447616577,-0.23546724610716535
2015-05-24,0.78118896484375,-0.24693820598344257
2015-05-25,0.7827175855636597,-0.2449833306025341
2015-05-26,0.7744733095169067,-0.2555720812853193
2015-05-27,0.7735148668289185,-0.2568103889482683
2015-05-28,0.7658140659332275,-0.26681587247478755
2015-05-31,0.7645260095596313,-0.2684992325310094
2015-06-01,0.7614986300468445,-0.27246690566778436
2015-06-02,0.7763975262641907,-0.25309061385388437
2015-06-03,0.7774840593338013,-0.2516921376034905
2015-06-04,0.7688168287277222,-0.262902531961411
2015-06-07,0.7621369957923889,-0.2716289549503406
2015-06-08,0.7688168287277222,-0.262902531961411
2015-06-09,0.7691124677658081,-0.2625180681991281
2015-06-10,0.7731559872627258,-0.2572744561047468
2015-06-11,0.7748873829841614,-0.25503757246614356
2015-06-14,0.7730364799499512,-0.25742903881750323
2015-06-15,0.7757951617240906,-0.25386676049469825
2015-06-16,0.774713397026062,-0.25526212831443024
2015-06-17,0.7725587487220764,-0.25804722297623545
2015-06-18,0.7789981961250305,-0.24974654874304225
2015-06-21,0.7765783667564392,-0.252857718425335
2015-06-22,0.7728572487831116,-0.25766091913930206
2015-06-23,0.7742335200309753,-0.25588174542997544
2015-06-24,0.7709506154060364,-0.2601309601213215
2015-06-25,0.7733952403068542,-0.25696505407295894
2015-06-28,0.7626601457595825,-0.27094276532751843
2015-06-29,0.767283022403717,-0.2648995464557733
2015-06-30,0.7694082856178284,-0.26213351978791544
2015-07-01,0.7641754746437073,-0.2689578373347463
2015-07-02,0.7638835906982422,-0.2693398696208475
2015-07-05,0.7484470009803772,-0.28975488460283005
2015-07-06,0.7478815913200378,-0.29051061391276745
2015-07-07,0.7458233833312988,-0.2932664583750761
2015-07-08,0.742225170135498,-0.2981026180561089
2015-07-09,0.7461016178131104,-0.2928934711474021
2015-07-12,0.7425007820129395,-0.29773135508975695
2015-07-13,0.7394808530807495,-0.3018068888760804
2015-07-14,0.7446016073226929,-0.29490595890672483
2015-07-15,0.7373543977737427,-0.30468663700685544
2015-07-16,0.7415096759796143,-0.299067068292238
2015-07-19,0.7369197010993958,-0.30527634646085267
2015-07-20,0.7375501990318298,-0.3044211266007431
2015-07-21,0.7425007820129395,-0.29773135508975695
2015-07-22,0.7375174760818481,-0.30446549466675
2015-07-23,0.7356186509132385,-0.30704343187894434
2015-07-26,0.7275902032852173,-0.31801729685265157
2015-07-27,0.7275902032852173,-0.31801729685265157
2015-07-28,0.7346999049186707,-0.30829315577108907
2015-07-29,0.7298737168312073,-0.31488375044648903
2015-07-30,0.7294477820396423,-0.31546749406157254
2015-08-02,0.7299802899360657,-0.31473774529179044
2015-08-03,0.7275902032852173,-0.31801729685265157
2015-08-04,0.737626314163208,-0.3043179319921456
2015-08-05,0.7352941036224365,-0.3074847188214471
2015-08-06,0.7345379590988159,-0.30851360451458626
2015-08-09,0.7401924729347229,-0.30084502804325164
2015-08-10,0.7413997650146484,-0.29921530521369616
2015-08-11,0.7310475707054138,-0.3132767451453264
2015-08-12,0.7381163239479065,-0.3036538462768559
2015-08-13,0.7375174760818481,-0.30446549466675
2015-08-16,0.7369197010993958,-0.30527634646085267
2015-08-17,0.7370826601982117,-0.3050552354182131
2015-08-18,0.7339987754821777,-0.30924791864942486
2015-08-19,0.7354563474655151,-0.3072640915306424
2015-08-20,0.7337295413017273,-0.30961479061120617
2015-08-23,0.7258474230766296,-0.32041544729574367
2015-08-24,0.7172057628631592,-0.33239250205873544
2015-08-25,0.7105300426483154,-0.3417440485270725
2015-08-26,0.7124537229537964,-0.3390403191889754
2015-08-27,0.7174115777015686,-0.3321055755954872
2015-08-30,0.7140816450119019,-0.33675797442370825
2015-08-31,0.7109341621398926,-0.34117545242580793
2015-09-01,0.7009181976318359,-0.3553640925772914
2015-09-02,0.7047216296195984,-0.34995240574769554
2015-09-03,0.7019021511077881,-0.35396127055778315
2015-09-06,0.6935774683952332,-0.36589233905609403
2015-09-07,0.6946374177932739,-0.3643652705675418
2015-09-08,0.7037792801856995,-0.3512904944460324
2015-09-09,0.6965728402137756,-0.36158291088041933
2015-09-10,0.7071135640144348,-0.34656399795878967
2015-09-13,0.7099751830101013,-0.34252526306456355
2015-09-14,0.7160758972167969,-0.33396911593983764
2015-09-15,0.7128092050552368,-0.33854148897059844
2015-09-16,0.7199942469596863,-0.328512057337728
2015-09-17,0.7189072370529175,-0.3300229462006982
2015-09-20,0.7190106511116028,-0.3298791075855522
2015-09-21,0.7130124568939209,-0.3382563876209907
2015-09-22,0.7079144716262817,-0.3454319953733994
2015-09-23,0.6998880505561829,-0.35683488450542455
2015-09-24,0.7011638879776001,-0.3550136275784149
2015-09-27,0.7020993232727051,-0.3536803988210918
2015-09-28,0.6972042322158813,-0.36067689505079215
2015-09-29,0.7003781795501709,-0.3561348333244897
2015-09-30,0.7010164856910706,-0.35522387483310564
2015-10-01,0.7036802172660828,-0.35143126285884946
2015-10-04,0.704820990562439,-0.34981142250734154
2015-10-05,0.708817720413208,-0.3441568794208068
2015-10-06,0.7159220576286316,-0.3341839760075305
2015-10-07,0.7194762229919434,-0.32923179977207323
2015-10-08,0.7267441749572754,-0.3191807547699411
2015-10-11,0.7314754128456116,-0.3126916710545746
2015-10-12,0.7344300746917725,-0.3086604891366553
2015-10-13,0.7222824096679688,-0.32533906744357677
2015-10-14,0.7320108413696289,-0.3119599545162544
2015-10-15,0.7329228520393372,-0.31071483223988383
2015-10-18,0.726005494594574,-0.3201976958738951
2015-10-19,0.7256367206573486,-0.3207057741610706
2015-10-20,0.7267441749572754,-0.3191807547699411
2015-10-21,0.7215527892112732,-0.3263497375247163
2015-10-22,0.721188485622406,-0.32685475336222586
2015-10-26,0.7223867774009705,-0.325194580755389
2015-10-27,0.7251105904579163,-0.32143109719764273
2015-10-28,0.7192692160606384,-0.32951956010425504
2015-10-29,0.7100759744644165,-0.3423833083836298
2015-10-30,0.7090187072753906,-0.3438733673603126
2015-11-02,0.7137249112129211,-0.33725766929462525
2015-11-03,0.7159220576286316,-0.3341839760075305
2015-11-04,0.7191140651702881,-0.32973528965697796
2015-11-05,0.71387779712677,-0.33704348377432575
2015-11-06,0.714796245098114,-0.33575774879108405
2015-11-09,0.7038784027099609,-0.35114966116585394
2015-11-10,0.7051191329956055,-0.3493885074733926
2015-11-11,0.7046719789505005,-0.35002286252969955
2015-11-12,0.7071135640144348,-0.34656399795878967
2015-11-13,0.7137249112129211,-0.33725766929462525
2015-11-16,0.7105805277824402,-0.3416729982721572
2015-11-17,0.7095217704772949,-0.34316409860008573
2015-11-18,0.7113893628120422,-0.34053537205069573
2015-11-19,0.7117944359779358,-0.3399661227700667
2015-11-20,0.7191658020019531,-0.3296633470081678
2015-11-23,0.7229090332984924,-0.32447188313683006
2015-11-24,0.7189072370529175,-0.3300229462006982
2015-11-25,0.7257947325706482,-0.3204880416411195
2015-11-26,0.725584089756012,-0.32077830743923486
2015-11-27,0.7219173908233643,-0.3258445637776061
2015-11-30,0.7183908224105835,-0.33074153711669596
2015-12-01,0.7232750058174133,-0.3239657614858722
2015-12-02,0.7323324680328369,-0.31152067683278395
2015-12-03,0.7303001284599304,-0.3142996944558688
2015-12-04,0.7329766154289246,-0.3106414801570096
2015-12-07,0.7342144250869751,-0.3089541607588616
2015-12-08,0.7259001135826111,-0.32034285821992425
2015-12-09,0.7225067615509033,-0.3250285004913777
2015-12-10,0.7235366702079773,-0.323604049733399
2015-12-11,0.727219820022583,-0.3185264812337084
2015-12-14,0.7164863348007202,-0.3333961040510966
2015-12-15,0.7254788279533386,-0.320923389780701
2015-12-16,0.7203054428100586,-0.32807993080541636
2015-12-17,0.7208765745162964,-0.3272873428751341
2015-12-18,0.7128092050552368,-0.33854148897059844
2015-12-21,0.7166917324066162,-0.3331094716890727
2015-12-22,0.7199942469596863,-0.328512057337728
2015-12-23,0.7232226729393005,-0.3240381195392644
2015-12-24,0.7233796119689941,-0.3238211434817169
2015-12-25,0.727219820022583,-0.3185264812337084
2015-12-28,0.7282790541648865,-0.31707098807176387
2015-12-29,0.7257947325706482,-0.3204880416411195
2015-12-30,0.7290754914283752,-0.31597799756347034
2015-12-31,0.7284913063049316,-0.3167795871106973
2016-01-01,0.7271669507026672,-0.31859918448019453
2016-01-04,0.7287036180496216,-0.31648818924395505
2016-01-05,0.7185972929000854,-0.330454171495891
2016-01-06,0.7162810564041138,-0.33368265216668214
2016-01-07,0.708014726638794,-0.34529038516746174
2016-01-08,0.7018036246299744,-0.3541016510843557
2016-01-11,0.6942998170852661,-0.36485139867495886
2016-01-12,0.6987143754959106,-0.35851323900262516
2016-01-13,0.6987143754959106,-0.35851323900262516
2016-01-14,0.6935774683952332,-0.36589233905609403
2016-01-15,0.6996921300888062,-0.357114854844196
2016-01-18,0.6861063838005066,-0.37672258485327353
2016-01-19,0.6878998875617981,-0.3741119639015585
2016-01-20,0.6917064189910889,-0.36859366339684296
2016-01-21,0.6937218308448792,-0.36568421893342673
2016-01-22,0.7016066908836365,-0.35438230136240134
2016-01-25,0.7004027366638184,-0.3560997712910686
2016-01-26,0.6939143538475037,-0.3654067355325416
2016-01-27,0.700721800327301,-0.35564433187712047
2016-01-28,0.7016066908836365,-0.35438230136240134
2016-01-29,0.7086167335510254,-0.34444047188318494
2016-02-01,0.7068636417388916,-0.34691750051474163
2016-02-02,0.711085855960846,-0.3409621026563281
2016-02-03,0.7029876708984375,-0.35241592516532233
2016-02-04,0.7154611349105835,-0.33482800024420156
2016-02-05,0.7199423909187317,-0.3285840827860886
2016-02-08,0.7086167335510254,-0.34444047188318494
2016-02-09,0.7079144716262817,-0.3454319953733994
2016-02-10,0.7067137956619263,-0.34712951023357547
2016-02-11,0.7103786468505859,-0.341957145680213
2016-02-12,0.7124029397964478,-0.33911160096586956
2016-02-15,0.7116931080818176,-0.3401084884643956
2016-02-16,0.714796245098114,-0.33575774879108405
2016-02-17,0.7119971513748169,-0.339681368456231
2016-02-18,0.7176175117492676,-0.3318185653172615
2016-02-19,0.7150007486343384,-0.33547168924764487
2016-02-22,0.7142857313156128,-0.3364722127793553
2016-02-23,0.7234842777252197,-0.3236764640033587
2016-02-24,0.7195797562599182,-0.32908790923599096
2016-02-25,0.7194762229919434,-0.32923179977207323
2016-02-26,0.7235890030860901,-0.32353172308050165
2016-02-29,0.7128092050552368,-0.33854148897059844
2016-03-01,0.7142857313156128,-0.3364722127793553
2016-03-02,0.7181844115257263,-0.3310289023467258
2016-03-03,0.7288098335266113,-0.3163424403631294
2016-03-04,0.7357810139656067,-0.30682273989850883
2016-03-07,0.7411414980888367,-0.29956371633027273
2016-03-08,0.7458233833312988,-0.2932664583750761
2016-03-09,0.7433839440345764,-0.2965426193686686
2016-03-10,0.7471049427986145,-0.2915496180423252
2016-03-11,0.7462129592895508,-0.2927442513001187
2016-03-14,0.756315290927887,-0.2792969382524916
2016-03-15,0.7521058917045593,-0.28487815150866463
2016-03-16,0.746324360370636,-0.29259497385181016
2016-03-17,0.7547169327735901,-0.2814125235131807
2016-03-18,0.7649939060211182,-0.2678874111727963
2016-03-21,0.7597629427909851,-0.2747488117383872
2016-03-22,0.7571741938591003,-0.27816194123790866
2016-03-23,0.7620208859443665,-0.2717813142953119
2016-03-24,0.7533524632453918,-0.28322208201775617
2016-03-25,0.7526719570159912,-0.28412579415755856
2016-03-27,0.7505817413330078,-0.2869067180060644
2016-03-28,0.7556865215301514,-0.28012864285601774
2016-03-29,0.7640002965927124,-0.2691871016053354
2016-03-30,0.7661073803901672,-0.2664329357893224
2016-03-31,0.7669888138771057,-0.2652830619753316
2016-04-03,0.7668711543083191,-0.2654364782864132
2016-04-04,0.7599939703941345,-0.27444477942516043
2016-04-05,0.7546030879020691,-0.28156337935578185
2016-04-06,0.7612088322639465,-0.27284754054817967
2016-04-07,0.7513712644577026,-0.2858553892436171
2016-04-10,0.7564868927001953,-0.27907007214282903
2016-04-11,0.7594744563102722,-0.2751285897564257
2016-04-12,0.7685213685035706,-0.26328691092021334
2016-04-13,0.7662248611450195,-0.26627959991098216
2016-04-14,0.7695859670639038,-0.26190261386145697
2016-04-17,0.7640002965927124,-0.2691871016053354
2016-04-18,0.7771215438842773,-0.25215851371244613
2016-04-19,0.7796663045883179,-0.248889265467649
2016-04-20,0.7802137732505798,-0.24818732857837314
2016-04-21,0.7742934823036194,-0.25580430115863423
2016-04-24,0.7710813879966736,-0.25996134938605514
2016-04-25,0.7717240452766418,-0.2591282471642475
2016-04-26,0.7747734189033508,-0.2551846550804514
2016-04-27,0.7603984475135803,-0.2739127100406727
2016-04-28,0.7634170055389404,-0.26995086286601017
2016-05-01,0.7617306113243103,-0.27216231424719095
2016-05-02,0.7663775086402893,-0.2660803995198253
2016-05-03,0.7499625086784363,-0.2877320621299957
2016-05-04,0.7467144727706909,-0.2920723988185648
2016-05-05,0.7476076483726501,-0.29087697288504333
2016-05-08,0.737626314163208,-0.3043179319921456
2016-05-09,0.731689453125,-0.3123990994026805
2016-05-10,0.7373000383377075,-0.3047603619891003
2016-05-11,0.7357810139656067,-0.30682273989850883
2016-05-12,0.7317965626716614,-0.31225272349516037
2016-05-15,0.7274843454360962,-0.31816279846891016
2016-05-16,0.7288098335266113,-0.3163424403631294
2016-05-17,0.731368362903595,-0.3128380297348142
2016-05-18,0.7226999998092651,-0.32476108095712153
2016-05-19,0.7232226729393005,-0.3240381195392644
2016-05-22,0.7228044867515564,-0.3246165128240653
2016-05-23,0.7223867774009705,-0.325194580755389
2016-05-24,0.719062328338623,-0.3298072374819052
2016-05-25,0.7186489701271057,-0.3303822600519417
2016-05-26,0.7225955128669739,-0.32490566999314474
2016-05-29,0.7184939980506897,-0.3305979269416641
2016-05-30,0.7195797562599182,-0.32908790923599096
2016-05-31,0.7236937284469604,-0.32338700310454754
2016-06-01,0.7250054478645325,-0.3215761098597876
2016-06-02,0.7231180667877197,-0.32418276892773834
2016-06-05,0.7346999049186707,-0.30829315577108907
2016-06-06,0.7373543977737427,-0.30468663700685544
2016-06-07,0.7446016073226929,-0.29490595890672483
2016-06-08,0.7496814131736755,-0.2881069451324962
2016-06-09,0.7416747212409973,-0.2988445130086555
2016-06-12,0.7374087572097778,-0.30461291745958297
2016-06-13,0.7381163239479065,-0.3036538462768559
2016-06-14,0.7356186509132385,-0.30704343187894434
2016-06-15,0.7416197061538696,-0.29891869259989085
2016-06-16,0.7387160658836365,-0.30284164582292666
2016-06-19,0.7431076765060425,-0.2969143234911773
2016-06-20,0.7461016178131104,-0.2928934711474021
2016-06-21,0.7453786730766296,-0.2938629037272561
2016-06-22,0.7514277100563049,-0.285780268619254
2016-06-23,0.7535226941108704,-0.282996143106531
2016-06-26,0.7431076765060425,-0.2969143234911773
2016-06-27,0.7357268929481506,-0.3068962984804589
2016-06-28,0.7405213713645935,-0.30040078496881034
2016-06-29,0.7469933032989502,-0.29169905868341245
2016-06-30,0.7448789477348328,-0.2945335600668698
2016-07-03,0.7463800311088562,-0.2925203834123852
2016-07-04,0.7530120611190796,-0.2836740338881046
2016-07-05,0.7443799376487732,-0.2952037056132652
2016-07-06,0.7518796920776367,-0.2851789517704056
2016-07-07,0.7494004368782043,-0.288481809652071
2016-07-10,0.7559149861335754,-0.27982636133009253
2016-07-11,0.7538067698478699,-0.28261921722913624
2016-07-12,0.7605719566345215,-0.2736845542248585
2016-07-13,0.7596474885940552,-0.27490078410183466
2016-07-14,0.7614986300468445,-0.27246690566778436
2016-07-17,0.759013295173645,-0.27573598504210317
2016-07-18,0.7575184106826782,-0.2777074373623748
2016-07-19,0.750750720500946,-0.2866816124109381
2016-07-20,0.747160792350769,-0.2914748662082079
2016-07-21,0.7506943941116333,-0.28675664197917333
2016-07-24,0.7476076483726501,-0.29087697288504333
2016-07-25,0.7476076483726501,-0.29087697288504333
2016-07-26,0.7516536712646484,-0.28547960464609357
2016-07-27,0.7517440319061279,-0.28535939607932814
2016-07-28,0.751258373260498,-0.2860056474237877
2016-07-31,0.7587829232215881,-0.27603954615397563
2016-08-01,0.7528419494628906,-0.2838999676847637
2016-08-02,0.7599939703941345,-0.27444477942516043
2016-08-03,0.759013295173645,-0.27573598504210317
2016-08-04,0.7640002965927124,-0.2691871016053354
2016-08-07,0.7611798048019409,-0.2728856746504744
2016-08-08,0.7660487294197083,-0.2665094958344929
2016-08-09,0.7664597034454346,-0.26597315420430717
2016-08-10,0.77154541015625,-0.2593597493436767
2016-08-11,0.7695859670639038,-0.26190261386145697
2016-08-14,0.7656381726264954,-0.26704558033387304
2016-08-15,0.7676364183425903,-0.2644390715464896
2016-08-16,0.7700778245925903,-0.26126369834225877
2016-08-17,0.766400933265686,-0.26604983459960185
2016-08-18,0.7678722143173218,-0.2641319472860725
2016-08-21,0.7608034610748291,-0.27338021850416827
2016-08-22,0.7630093097686768,-0.2704850462404317
2016-08-23,0.7613826394081116,-0.2726192361761223
2016-08-24,0.7610350251197815,-0.27307589705502616
2016-08-25,0.7624857425689697,-0.27117146894558886
2016-08-28,0.7544322609901428,-0.2817897848045096
2016-08-29,0.7577479481697083,-0.2774044708410833
2016-08-30,0.7524454593658447,-0.28442676423390073
2016-08-31,0.7519927620887756,-0.285028579960564
2016-09-01,0.7552869915962219,-0.28065748064141893
2016-09-04,0.7564868927001953,-0.27907007214282903
2016-09-05,0.7593014240264893,-0.2753564473182579
2016-09-06,0.7688168287277222,-0.262902531961411
2016-09-07,0.7669299840927124,-0.26535976718880183
2016-09-08,0.7650523781776428,-0.2678109792933728
2016-09-11,0.7544892430305481,-0.2817142579593019
2016-09-12,0.7567158937454224,-0.2787674014776326
2016-09-13,0.7469375729560852,-0.2917736676814279
2016-09-14,0.7482229471206665,-0.29005428777006637
2016-09-15,0.7513148188591003,-0.28593051551151233
2016-09-18,0.7501875758171082,-0.2874320026323672
2016-09-19,0.7537499070167542,-0.2826946543016063
2016-09-20,0.7558007836341858,-0.2799774512398372
2016-09-21,0.763242244720459,-0.2701798082828936
2016-09-22,0.7649353742599487,-0.26796392681564646
2016-09-25,0.7616146206855774,-0.27231459836049604
2016-09-26,0.763382077217102,-0.2699966165244174
2016-09-27,0.7669888138771057,-0.2652830619753316
2016-09-28,0.7694082856178284,-0.26213351978791544
2016-09-29,0.7628347277641296,-0.2707138795956299
2016-10-02,0.7644091248512268,-0.26865212941460054
2016-10-03,0.7686395049095154,-0.26313320364308873
2016-10-04,0.7610929608345032,-0.2729997724251865
2016-10-05,0.7623694539070129,-0.2713239931491342
2016-10-06,0.7578054070472717,-0.27732864523270967
2016-10-09,0.7599939703941345,-0.27444477942516043
2016-10-10,0.7599939703941345,-0.27444477942516043
2016-10-11,0.7562580704689026,-0.27937259799961134
2016-10-12,0.7558007836341858,-0.2799774512398372
2016-10-13,0.7563723921775818,-0.2792214418359349
2016-10-16,0.7596474885940552,-0.27490078410183466
2016-10-17,0.7640587091445923,-0.26911064833790393
2016-10-18,0.7674597501754761,-0.26466924366406425
2016-10-19,0.7726184129714966,-0.25796999655724745
2016-10-20,0.7633005380630493,-0.2701034352610876
2016-10-23,0.7602249979972839,-0.27414083951948703
2016-10-24,0.7594167590141296,-0.27520456267086246
2016-10-25,0.7650523781776428,-0.2678109792933728
2016-10-26,0.7649939060211182,-0.2678874111727963
2016-10-27,0.759013295173645,-0.27573598504210317
2016-10-31,0.7598206996917725,-0.2746727949937995
2016-11-01,0.7607455253601074,-0.2734563721019377
2016-11-02,0.7645260095596313,-0.2684992325310094
2016-11-03,0.7653451561927795,-0.26742836234302736
2016-11-04,0.768580436706543,-0.26321005432841016
2016-11-07,0.7678722143173218,-0.2641319472860725
2016-11-08,0.7720219492912292,-0.25874229763714446
2016-11-09,0.7745933532714844,-0.2554170927910193
2016-11-10,0.7649353742599487,-0.26796392681564646
2016-11-11,0.760861337184906,-0.273304149043705
2016-11-14,0.754944920539856,-0.2811104853216497
2016-11-15,0.7571169137954712,-0.27823759388272307
2016-11-16,0.7553440928459167,-0.28058188144276597
2016-11-17,0.7494566440582275,-0.28840680959934495
2016-11-18,0.7398091554641724,-0.30136302406672383
2016-11-21,0.7323324680328369,-0.31152067683278395
2016-11-22,0.7376807332038879,-0.30424415881956873
2016-11-23,0.7410151958465576,-0.2997341466809928
2016-11-24,0.7374631762504578,-0.30453912252258536
2016-11-25,0.7416747212409973,-0.2988445130086555
2016-11-28,0.7445462346076965,-0.2949803272312964
2016-11-29,0.7494566440582275,-0.28840680959934495
2016-11-30,0.7484470009803772,-0.28975488460283005
2016-12-01,0.7388798594474792,-0.3026199430397697
2016-12-02,0.7421150207519531,-0.2982510333377584
2016-12-05,0.7443799376487732,-0.2952037056132652
2016-12-06,0.747439980506897,-0.2911012705772604
2016-12-07,0.7472166419029236,-0.2914001199615096
2016-12-08,0.748615026473999,-0.2895304109454318
2016-12-09,0.7459513545036316,-0.2930948893447111
2016-12-12,0.7448234558105469,-0.29460806075127427
2016-12-13,0.7497376203536987,-0.2880319731883062
2016-12-14,0.7494566440582275,-0.28840680959934495
2016-12-15,0.7410700917243958,-0.2996600674382885
2016-12-16,0.7368110418319702,-0.30542380795358953
2016-12-19,0.7291286587715149,-0.3159050758903892
2016-12-20,0.7251105904579163,-0.32143109719764273
2016-12-21,0.7269555330276489,-0.3188899683431407
2016-12-22,0.7235366702079773,-0.323604049733399
2016-12-23,0.7221781015396118,-0.32548349247663083
2016-12-26,0.7179266214370728,-0.33138791371215004
2016-12-27,0.7180812358856201,-0.33117257443199727
2016-12-28,0.7191140651702881,-0.32973528965697796
2016-12-29,0.7184939980506897,-0.3305979269416641
2016-12-30,0.7234842777252197,-0.3236764640033587
2017-01-02,0.7209805250167847,-0.3271431531344143
2017-01-03,0.7196833491325378,-0.32894395658076014
2017-01-04,0.7229925990104675,-0.3243562933758106
2017-01-05,0.7287036180496216,-0.31648818924395505
2017-01-06,0.7338372468948364,-0.30946800943004454
2017-01-09,0.7312079668045044,-0.3130573633811691
2017-01-10,0.7359976172447205,-0.3065283976977398
2017-01-11,0.7361602187156677,-0.30630749547158365
2017-01-12,0.7447125315666199,-0.29475699873608574
2017-01-13,0.7488393187522888,-0.28923084617982525
2017-01-16,0.7497938275337219,-0.2879570068644872
2017-01-17,0.7473283410072327,-0.29125064422702945
2017-01-18,0.7550702691078186,-0.28094446239802623
2017-01-19,0.7509198784828186,-0.2864563193503927
2017-01-20,0.7566586136817932,-0.27884309994271894
2017-01-23,0.7573462724685669,-0.27793470282940536
2017-01-24,0.7582650780677795,-0.2767222472596514
2017-01-25,0.7592437863349915,-0.27543235904104657
2017-01-26,0.7574036121368408,-0.2778589943987475
2017-01-27,0.7533524632453918,-0.28322208201775617
2017-01-30,0.7553611993789673,-0.2805592343611157
2017-01-31,0.7565441131591797,-0.27899443528041173
2017-02-01,0.7580351233482361,-0.27702555754226116
2017-02-02,0.7583800554275513,-0.27657062661029486
2017-02-03,0.7654623985290527,-0.2672751852357668
2017-02-06,0.7676010727882385,-0.26448511726197305
2017-02-07,0.764584481716156,-0.2684227538764101
2017-02-08,0.7622532248497009,-0.27147646242452494
2017-02-09,0.7631723284721375,-0.2702714167483765
2017-02-10,0.7625904083251953,-0.271034209233897
2017-02-13,0.7670122981071472,-0.2652524437054231
2017-02-14,0.7642396688461304,-0.2688738363318326
2017-02-15,0.7669299840927124,-0.26535976718880183
2017-02-16,0.7721471190452576,-0.25858017840179764
2017-02-17,0.7698229551315308,-0.2615947189726042
2017-02-20,0.7668006420135498,-0.26552843054763114
2017-02-21,0.7688758969306946,-0.2628257049048531
2017-02-22,0.7676364183425903,-0.2644390715464896
2017-02-23,0.7697044014930725,-0.2617487320054775
2017-02-24,0.7713074088096619,-0.25966827047485697
2017-02-27,0.767047643661499,-0.26520636264509984
2017-02-28,0.7676364183425903,-0.2644390715464896
2017-03-01,0.7642280459403992,-0.26888904490394566
2017-03-02,0.7657554149627686,-0.26689246184434506
2017-03-03,0.7572315335273743,-0.27808621560208413
2017-03-06,0.7594744563102722,-0.2751285897564257
2017-03-07,0.7589211463928223,-0.27585739842915413
2017-03-08,0.7594974637031555,-0.27509829638156874
2017-03-09,0.7528986930847168,-0.2838245979693564
2017-03-10,0.750750720500946,-0.2866816124109381
2017-03-13,0.7543753385543823,-0.2818652383425282
2017-03-14,0.7566586136817932,-0.27884309994271894
2017-03-15,0.7565498352050781,-0.2789868719088119
2017-03-16,0.7705941200256348,-0.2605934772037816
2017-03-17,0.7669888138771057,-0.2652830619753316
2017-03-20,0.7704753875732422,-0.26074756818026523
2017-03-21,0.7730364799499512,-0.25742903881750323
2017-03-22,0.7674126029014587,-0.2647306784458396
2017-03-23,0.7669417858123779,-0.2653443790450244
2017-03-24,0.7634170055389404,-0.26995086286601017
2017-03-26,0.7633005380630493,-0.2701034352610876
2017-03-27,0.7628929018974304,-0.2706376220353708
2017-03-28,0.7652397751808167,-0.26756606265611593
2017-03-29,0.767047643661499,-0.26520636264509984
2017-03-30,0.7655209302902222,-0.2671987222722634
2017-04-02,0.7629918456077576,-0.2705079350316471
2017-04-03,0.7605140805244446,-0.27376065262914456
2017-04-04,0.756887674331665,-0.2785404192075017
2017-04-05,0.7567788362503052,-0.27868422642102797
2017-04-06,0.7541478276252747,-0.2821668723325568
2017-04-09,0.7507225871086121,-0.28671908679319275
2017-04-10,0.7506943941116333,-0.28675664197917333
2017-04-11,0.7503620386123657,-0.2871994707728858
2017-04-12,0.7539090514183044,-0.28248353971066914
2017-04-13,0.7566013336181641,-0.2789188041384967
2017-04-16,0.7580926418304443,-0.27694968203419795
2017-04-17,0.7591862082481384,-0.2755081980156269
2017-04-18,0.7559149861335754,-0.27982636133009253
2017-04-19,0.7496252059936523,-0.28818192269790005
2017-04-20,0.751908004283905,-0.2851412972446502
2017-04-23,0.7555723190307617,-0.28027977844780644
2017-04-24,0.755972146987915,-0.2797507460898876
2017-04-25,0.7536931037902832,-0.2827700179818126
2017-04-26,0.7480326294898987,-0.29030867964638646
2017-04-27,0.746720016002655,-0.2920649753500353
2017-04-30,0.7483405470848083,-0.289897127763372
2017-05-01,0.753409206867218,-0.28314676337516187
2017-05-02,0.7543184757232666,-0.2819406185563324
2017-05-03,0.7428869009017944,-0.29721146536400644
2017-05-04,0.7412348985671997,-0.29943770180562523
2017-05-07,0.7415812015533447,-0.29897061355049637
2017-05-08,0.7388798594474792,-0.3026199430397697
2017-05-09,0.7342413067817688,-0.3089175485625069
2017-05-10,0.7361059784889221,-0.30638117810706506
2017-05-11,0.7378984093666077,-0.30394912054202905
2017-05-14,0.7392895221710205,-0.30206565915441264
2017-05-15,0.7420544624328613,-0.29833263900316453
2017-05-16,0.7421150207519531,-0.2982510333377584
2017-05-17,0.7431076765060425,-0.2969143234911773
2017-05-18,0.742225170135498,-0.2981026180561089
2017-05-21,0.7452120184898376,-0.29408651251326196
2017-05-22,0.7471049427986145,-0.2915496180423252
2017-05-23,0.747160792350769,-0.2914748662082079
2017-05-24,0.7497488260269165,-0.2880170271736289
2017-05-25,0.7456009387969971,-0.29356475649540414
2017-05-28,0.7444353699684143,-0.29512924060826007
2017-05-29,0.7438815832138062,-0.29587341916375043
2017-05-30,0.7459346652030945,-0.29311726277045186
2017-05-31,0.7426661252975464,-0.29750869555637227
2017-06-01,0.7379528880119324,-0.3038752938015624
2017-06-04,0.7428702712059021,-0.2972338508469174
2017-06-05,0.7487271428108215,-0.28938065714922956
2017-06-06,0.7509763240814209,-0.28638115357191546
2017-06-07,0.7542046904563904,-0.282091475062408
2017-06-08,0.7528306245803833,-0.28391501063992247
2017-06-11,0.7530120611190796,-0.2836740338881046
2017-06-12,0.7547739148139954,-0.2813370251548788
2017-06-13,0.7538067698478699,-0.28261921722913624
2017-06-14,0.7588980793952942,-0.27588779334989033
2017-06-15,0.7585526704788208,-0.27634304228955786
2017-06-18,0.7621369957923889,-0.2716289549503406
2017-06-19,0.7591918706893921,-0.2755007394763708
2017-06-20,0.7576102018356323,-0.2775862712088113
2017-06-21,0.7550873756408691,-0.28092180710357967
2017-06-22,0.7541478276252747,-0.2821668723325568
2017-06-25,0.7567674517631531,-0.2786992698818623
2017-06-26,0.7584375739097595,-0.2764947856111881
2017-06-27,0.7586677670478821,-0.27619132199046975
2017-06-28,0.7635919451713562,-0.2697217356783801
2017-06-29,0.7685213685035706,-0.26328691092021334
2017-07-02,0.7688285708427429,-0.26288725910978444
2017-07-03,0.7666183710098267,-0.26576616205224085
2017-07-04,0.7612088322639465,-0.27284754054817967
2017-07-05,0.7600921392440796,-0.2743156172027586
2017-07-06,0.7579776644706726,-0.27710136017143777
2017-07-09,0.7605140805244446,-0.27376065262914456
2017-07-11,0.7639011144638062,-0.26931692952267067
2017-07-12,0.7679194211959839,-0.26407047165671577
2017-07-13,0.774053692817688,-0.256114037232948
2017-07-16,0.7825216054916382,-0.24523374609706755
2017-07-17,0.7791013717651367,-0.24961411094203995
2017-07-18,0.7918283343315125,-0.23341066024272028
2017-07-19,0.7960199117660522,-0.2281310786691458
2017-07-20,0.7947861552238464,-0.2296821876511504
2017-07-23,0.7925311923027039,-0.23252341463276416
2017-07-24,0.7927699685096741,-0.23222217696931166
2017-07-25,0.7932730913162231,-0.23158773918364353
2017-07-26,0.8000128269195557,-0.22312751779330275
2017-07-27,0.7973591089248657,-0.2264501258553334
2017-07-30,0.7985944747924805,-0.22490200299392898
2017-07-31,0.7998719811439514,-0.22330358768940808
2017-08-01,0.7956082820892334,-0.22864832219069853
2017-08-02,0.7955195903778076,-0.22875980501122145
2017-08-03,0.7959882616996765,-0.22817083985493292
2017-08-06,0.7930842638015747,-0.23182580346963944
2017-08-07,0.791671633720398,-0.23360857702805346
2017-08-08,0.7898269891738892,-0.2359413585510106
2017-08-09,0.7891601324081421,-0.23678602257173642
2017-08-10,0.7866582870483398,-0.23996132174451967
2017-08-13,0.7904075980186462,-0.2352065197168405
2017-08-14,0.7853608131408691,-0.2416120322249871
2017-08-15,0.7825950980186462,-0.2451398329378798
2017-08-16,0.7932101488113403,-0.23166708764863048
2017-08-17,0.7875256538391113,-0.23885933250931174
2017-08-20,0.7927510738372803,-0.23224601099218495
2017-08-21,0.79377681016922,-0.23095295275450858
2017-08-22,0.7913270592689514,-0.2340439209843241
2017-08-23,0.79107666015625,-0.23436040041585926
2017-08-24,0.7900142073631287,-0.2357043496788198
2017-08-27,0.794060468673706,-0.23059566361501901
2017-08-28,0.7924558520317078,-0.23261848199791663
2017-08-29,0.7956715226173401,-0.2285688383338018
2017-08-30,0.7907013297080994,-0.2348349682219608
2017-08-31,0.7939658164978027,-0.23071487093154674
2017-09-03,0.796470046043396,-0.2275657573154701
2017-09-04,0.7945336103439331,-0.22999999013182196
2017-09-05,0.8006982207298279,-0.2222711560493576
2017-09-06,0.8010895252227783,-0.22178257133927554
2017-09-07,0.8058017492294312,-0.21591753542874653
2017-09-10,0.8051530122756958,-0.21672294226487368
2017-09-11,0.8023750185966492,-0.22017917617319036
2017-09-12,0.8020082116127014,-0.2206364322494596
2017-09-13,0.797957181930542,-0.22570033970054618
2017-09-14,0.8001792430877686,-0.22291952255081654
2017-09-17,0.7996801733970642,-0.2235434145025095
2017-09-18,0.7971112728118896,-0.2267609953676313
2017-09-19,0.8005764484405518,-0.2224232502426342
2017-09-20,0.8016674518585205,-0.22106140566156693
2017-09-21,0.7930591702461243,-0.2318574444359151
2017-09-24,0.7964954376220703,-0.22753387768099362
2017-09-25,0.7936822772026062,-0.2310720524749077
2017-09-26,0.7877613306045532,-0.23856011494511217
2017-09-27,0.785071074962616,-0.24198102394469867
2017-09-28,0.7846275568008423,-0.24254612372194456
2017-10-01,0.7845598459243774,-0.24263242428284543
2017-10-02,0.7827175855636597,-0.2449833306025341
2017-10-03,0.783631443977356,-0.24381646612960822
2017-10-04,0.7861697673797607,-0.24058252084242898
2017-10-05,0.7790589332580566,-0.24966858352352433
2017-10-08,0.7779377102851868,-0.25110882190981887
2017-10-09,0.7759155631065369,-0.2537115751489231
2017-10-10,0.7786524295806885,-0.25019050779819246
2017-10-11,0.7804573774337769,-0.24787514982749587
2017-10-12,0.7827788591384888,-0.24490505054630307
2017-10-15,0.7885688543319702,-0.23753555320573339
2017-10-16,0.7844183444976807,-0.24281279827139954
2017-10-17,0.7851697206497192,-0.2418553799192617
2017-10-18,0.7842522263526917,-0.24302459308504218
2017-10-19,0.7875069975852966,-0.23888302249922871
2017-10-22,0.7807010412216187,-0.24756299215418268
2017-10-23,0.78125,-0.24686007793152578
2017-10-24,0.7775444984436035,-0.2516144038415858
2017-10-25,0.770790159702301,-0.2603391088670838
2017-10-26,0.7659724950790405,-0.26660901709374385
2017-10-30,0.7668123245239258,-0.2655131952690685
2017-10-31,0.7697636485099792,-0.26167176124023706
2017-11-01,0.7659900188446045,-0.26658613955541577
2017-11-02,0.7676953673362732,-0.26436228163793474
2017-11-03,0.7713906764984131,-0.2595603197492742
2017-11-06,0.7651694416999817,-0.2676579772631487
2017-11-07,0.768994152545929,-0.26267191347688723
2017-11-08,0.7655092477798462,-0.26721398325214935
2017-11-09,0.7678722143173218,-0.2641319472860725
2017-11-10,0.7682615518569946,-0.2636250414988515
2017-11-13,0.7647013664245605,-0.268269892056922
2017-11-14,0.7614986300468445,-0.27246690566778436
2017-11-15,0.7631257772445679,-0.27033241561538635
2017-11-17,0.7587311267852783,-0.2761078110063896
2017-11-20,0.7554011344909668,-0.28050636686354374
2017-11-21,0.7555723190307617,-0.28027977844780644
2017-11-22,0.7584893703460693,-0.2764264943378001
2017-11-23,0.7613826394081116,-0.2726192361761223
2017-11-24,0.7625671029090881,-0.2710647705574814
2017-11-27,0.7611972093582153,-0.27286280967535553
2017-11-28,0.7607165575027466,-0.2734944510756967
2017-11-29,0.7605488300323486,-0.27371496154343217
2017-11-30,0.7566586136817932,-0.27884309994271894
2017-12-01,0.7563438415527344,-0.2792591893317496
2017-12-04,0.759013295173645,-0.27573598504210317
2017-12-05,0.7604100108146667,-0.27389750325901213
2017-12-06,0.7604620456695557,-0.2738290756030665
2017-12-07,0.7566872239112854,-0.27880528937915194
2017-12-08,0.7512019276618958,-0.28608078498129147
2017-12-11,0.7508071064949036,-0.28660650908428587
2017-12-12,0.7529497146606445,-0.28375683341127095
2017-12-13,0.7556580305099487,-0.28016634573477894
2017-12-14,0.7633005380630493,-0.2701034352610876
2017-12-15,0.7665008306503296,-0.26591949697831846
2017-12-18,0.7651109099388123,-0.26773447535205813
2017-12-19,0.7665772438049316,-0.26581981105111285
2017-12-20,0.7653451561927795,-0.26742836234302736
2017-12-21,0.767224133014679,-0.26497629994481253
2017-12-22,0.7707723379135132,-0.2603622305878265
2017-12-25,0.7714858651161194,-0.25943692864796486
2017-12-26,0.7725587487220764,-0.25804722297623545
2017-12-27,0.7730425000190735,-0.25742125128633525
2017-12-28,0.7774840593338013,-0.2516921376034905
2017-12-29,0.7794293165206909,-0.249193272567975
2018-01-01,0.7802137732505798,-0.24818732857837314
2018-01-02,0.7801042199134827,-0.24832775295052953
2018-01-03,0.783392071723938,-0.24412197814379483
2018-01-04,0.7828401327133179,-0.2448267766173596
2018-01-05,0.7863799333572388,-0.24031522756879722
2018-01-08,0.786101758480072,-0.2406690312175297
2018-01-09,0.7848061919212341,-0.24231848095421546
2018-01-10,0.7810669541358948,-0.24709440408981043
2018-01-11,0.7847322225570679,-0.24241273715532363
2018-01-12,0.7885813117027283,-0.2375197558884879
2018-01-15,0.7908889651298523,-0.2345976938491404
2018-01-16,0.7962924242019653,-0.22778879351262463
2018-01-17,0.797130286693573,-0.22673714216725413
2018-01-18,0.7972510457038879,-0.22658566145421258
2018-01-19,0.8005764484405518,-0.2224232502426342
2018-01-22,0.8002112507820129,-0.2228795226953172
2018-01-23,0.8008328676223755,-0.22210300833890212
2018-01-24,0.8004482388496399,-0.2225834096607915
2018-01-25,0.8048937320709229,-0.21704502012742607
2018-01-26,0.8029226064682007,-0.2194969501681925
2018-01-29,0.8116883039474487,-0.20863887464807124
2018-01-30,0.8095985651016235,-0.2112167528052206
2018-01-31,0.8101101517677307,-0.21058505072472766
2018-02-01,0.806126594543457,-0.21551448361856101
2018-02-02,0.8040524125099182,-0.2180908222389731
2018-02-05,0.7906388640403748,-0.23491397167485983
2018-02-06,0.7874636054039001,-0.23893812471043838
2018-02-07,0.7893905639648438,-0.23649406925168417
2018-02-08,0.7817386388778687,-0.24623481568504008
2018-02-09,0.7787495255470276,-0.2500658181300625
2018-02-12,0.7820197939872742,-0.24587522675298243
2018-02-13,0.7859163880348206,-0.2409048687573464
2018-02-14,0.786101758480072,-0.2406690312175297
2018-02-15,0.7928327918052673,-0.23214293480702675
2018-02-16,0.7943821549415588,-0.23019063007151158
2018-02-19,0.7912018299102783,-0.23420218584734276
2018-02-20,0.7908889651298523,-0.2345976938491404
2018-02-21,0.7880903482437134,-0.2381425405650392
2018-02-22,0.7798426151275635,-0.24866315513539275
2018-02-23,0.7839509844779968,-0.2434087803846467
2018-02-26,0.7838403582572937,-0.24354990403786667
2018-02-27,0.7849909663200378,-0.24208306913850794
2018-02-28,0.7793624997138977,-0.24927900153593371
2018-03-01,0.7765783667564392,-0.252857718425335
2018-03-02,0.776469886302948,-0.2529974184680786
2018-03-05,0.7754703164100647,-0.25428557380983097
2018-03-06,0.7766990065574646,-0.2527023826130189
2018-03-07,0.7786343097686768,-0.25021377880096246
2018-03-08,0.7827115058898926,-0.24499109802400382
2018-03-09,0.7790589332580566,-0.24966858352352433
2018-03-12,0.7862686514854431,-0.24045674916879603
2018-03-13,0.7872899770736694,-0.23915863963146003
2018-03-14,0.7857990264892578,-0.24105421073706657
2018-03-15,0.7879785895347595,-0.2382843601345546
2018-03-16,0.7789375185966492,-0.24982444352116262
2018-03-19,0.7716049551963806,-0.2592825759955739
2018-03-20,0.7708317637443542,-0.26028513448928003
2018-03-21,0.7690532803535461,-0.26259502663142126
2018-03-22,0.777478039264679,-0.25169988064639526
2018-03-23,0.7693490982055664,-0.2622104486305171
2018-03-25,0.7708614468574524,-0.2602466273298819
2018-03-26,0.7756146788597107,-0.25409942998082985
2018-03-27,0.768757700920105,-0.2629794424545367
2018-03-28,0.766007661819458,-0.26656310691629764
2018-03-29,0.768580436706543,-0.26321005432841016
2018-04-01,0.768302857875824,-0.2635712773760101
2018-04-02,0.7654623985290527,-0.2672751852357668
2018-04-03,0.768202543258667,-0.26370185240324456
2018-04-04,0.7719981074333191,-0.2587731804716105
2018-04-05,0.7668300271034241,-0.2654901096005223
2018-04-08,0.768226146697998,-0.2636711273334939
2018-04-09,0.7699592709541321,-0.26141766039815373
2018-04-10,0.7763975262641907,-0.25309061385388437
2018-04-11,0.7765181064605713,-0.2529353186220225
2018-04-12,0.7757349610328674,-0.25394436219945454
2018-04-15,0.7774477601051331,-0.25173882676146003
2018-04-16,0.7772907018661499,-0.25194086490917306
2018-04-17,0.7766990065574646,-0.2527023826130189
2018-04-18,0.778889000415802,-0.24988673310253862
2018-04-19,0.7723379135131836,-0.2583331129205861
2018-04-22,0.7659900188446045,-0.26658613955541577
2018-04-23,0.7603406310081482,-0.2739887474178619
2018-04-24,0.7606297731399536,-0.2736085399733252
2018-04-25,0.7571169137954712,-0.27823759388272307
2018-04-26,0.7556865215301514,-0.28012864285601774
2018-04-29,0.7575184106826782,-0.2777074373623748
2018-04-30,0.7532389163970947,-0.2833728154548996
2018-05-01,0.7482901811599731,-0.28996443351074674
2018-05-02,0.7486711144447327,-0.28945549143709326
2018-05-03,0.7528419494628906,-0.2838999676847637
2018-05-06,0.7524227499961853,-0.28445694544115846
2018-05-07,0.7518796920776367,-0.2851789517704056
2018-05-08,0.7449344992637634,-0.29445898491913125
2018-05-09,0.7459346652030945,-0.29311726277045186
2018-05-10,0.7526153922080994,-0.28420094898822607
2018-05-13,0.7551102638244629,-0.2808914955960029
2018-05-14,0.7525983452796936,-0.2842235994968973
2018-05-15,0.7468482851982117,-0.2918932132742482
2018-05-16,0.7517666816711426,-0.28532926690923066
2018-05-17,0.7506380081176758,-0.28683175658257537
2018-05-20,0.752428412437439,-0.2844494198580376
2018-05-21,0.7582650780677795,-0.2767222472596514
2018-05-22,0.7578915357589722,-0.2772149962447613
2018-05-23,0.7567158937454224,-0.2787674014776326
2018-05-24,0.7571971416473389,-0.2781316345519563
2018-05-27,0.7556865215301514,-0.28012864285601774
2018-05-28,0.7547739148139954,-0.2813370251548788
2018-05-29,0.7481670379638672,-0.2901290131523298
2018-05-30,0.7571169137954712,-0.27823759388272307
2018-05-31,0.7562122941017151,-0.2794331299191435
2018-06-03,0.7568819522857666,-0.2785479792031547
2018-06-04,0.7654037475585938,-0.2673518097932274
2018-06-05,0.7624624371528625,-0.2712020344643637
2018-06-06,0.7665772438049316,-0.26581981105111285
2018-06-07,0.761440634727478,-0.2725430680213804
2018-06-10,0.7601903676986694,-0.2741863932535545
2018-06-11,0.7604620456695557,-0.2738290756030665
2018-06-12,0.7575757503509521,-0.2776317461350227
2018-06-13,0.7570710182189941,-0.2782982145963356
2018-06-14,0.7465472221374512,-0.29229640594941053
2018-06-17,0.743992269039154,-0.29572463527943865
2018-06-18,0.7403568625450134,-0.30062296234503183
2018-06-19,0.738825261592865,-0.30269383850627607
2018-06-20,0.7374087572097778,-0.30461291745958297
2018-06-21,0.7378984093666077,-0.30394912054202905
2018-06-24,0.743837296962738,-0.2959329549425475
2018-06-25,0.7409602999687195,-0.2998082314118379
2018-06-26,0.7391692996025085,-0.3022282914401502
2018-06-27,0.7343222498893738,-0.3088073141673808
2018-06-28,0.7346459031105042,-0.30836666033059534
2018-07-01,0.7398638129234314,-0.3012891463106904
2018-07-02,0.7338911294937134,-0.3093945863092983
2018-07-03,0.7378440499305725,-0.3040227911689291
2018-07-04,0.7381708025932312,-0.30358004133150346
2018-07-05,0.738661527633667,-0.3029154769819121
2018-07-08,0.7436326146125793,-0.2962081636709497
2018-07-09,0.7470491528511047,-0.291624295677916
2018-07-10,0.7413997650146484,-0.29921530521369616
2018-07-11,0.7365885972976685,-0.3057257552733584
2018-07-12,0.7406858801841736,-0.30017865694441065
2018-07-15,0.7421150207519531,-0.2982510333377584
2018-07-16,0.7414712309837341,-0.29911891656042305
2018-07-17,0.7377406358718872,-0.30416295805985666
2018-07-18,0.7398912310600281,-0.30125208864129943
2018-07-19,0.7362794280052185,-0.30614557468919135
2018-07-22,0.7433009743690491,-0.29665423638258515
2018-07-23,0.7380073666572571,-0.303801472511081
2018-07-24,0.7426220178604126,-0.2975680879878677
2018-07-25,0.7459402084350586,-0.29310983154138287
2018-07-26,0.7380073666572571,-0.303801472511081
2018-07-29,0.7400829195976257,-0.3009930455511422
2018-07-30,0.7407297492027283,-0.30011943113674766
2018-07-31,0.7419498562812805,-0.29847361723406984
2018-08-01,0.7405816912651062,-0.3003193322973954
2018-08-02,0.7360084652900696,-0.3065136585665935
2018-08-05,0.7395902872085571,-0.30165891204788553
2018-08-06,0.738552451133728,-0.3030631556550157
2018-08-07,0.7424456477165222,-0.2978056127132493
2018-08-08,0.7427765130996704,-0.297360069416966
2018-08-09,0.7372456192970276,-0.3048341732548592
2018-08-12,0.7288098335266113,-0.3163424403631294
2018-08-13,0.7267969846725464,-0.31910809124067757
2018-08-14,0.7235890030860901,-0.32353172308050165
2018-08-15,0.7233691811561584,-0.3238355631416958
2018-08-16,0.7259528040885925,-0.32027027441289635
2018-08-19,0.7308178544044495,-0.3135910234624812
2018-08-20,0.7336488366127014,-0.30972478908238704
2018-08-21,0.7359814047813416,-0.3065504258151749
2018-08-22,0.7332990765571594,-0.3102016431806541
2018-08-23,0.7243227958679199,-0.32251813531198925
2018-08-26,0.7344084978103638,-0.30868986865025766
2018-08-27,0.7348618507385254,-0.3080727556145296
2018-08-28,0.7341066002845764,-0.309101028917431
2018-08-29,0.7311919331550598,-0.3130792912402255
2018-08-30,0.7261636853218079,-0.3199798276942816
2018-09-02,0.7193209528923035,-0.32944763297336827
2018-09-03,0.7208245992660522,-0.3273594455427491
2018-09-04,0.718339204788208,-0.33081339142672017
2018-09-05,0.719610869884491,-0.3290446715661335
2018-09-06,0.719062328338623,-0.3298072374819052
2018-09-09,0.7117944359779358,-0.3399661227700667
2018-09-10,0.7109847068786621,-0.34110435872293626
2018-09-11,0.7110706567764282,-0.34098347749697633
2018-09-12,0.7170617580413818,-0.3325933081429036
2018-09-13,0.7188039422035217,-0.3301666396643978
2018-09-16,0.7145919799804688,-0.33604355654499146
2018-09-17,0.7145919799804688,-0.33604355654499146
2018-09-18,0.7226007580757141,-0.32489841117460816
2018-09-19,0.7259528040885925,-0.32027027441289635
2018-09-20,0.7286505103111267,-0.3165610716511681
2018-09-23,0.7278549671173096,-0.3176534716252957
2018-09-24,0.7253209352493286,-0.32114105276719723
2018-09-25,0.7249003052711487,-0.32172114355365455
2018-09-26,0.725789487361908,-0.3204952685159618
2018-09-27,0.7205129861831665,-0.3277918398560406
2018-09-30,0.7223920226097107,-0.32518731983940624
2018-10-01,0.7228567600250244,-0.32454419536572937
2018-10-02,0.7187522649765015,-0.3302385356038879
2018-10-03,0.7096225023269653,-0.34302213720578645
2018-10-04,0.7080999612808228,-0.3451700070047905
2018-10-07,0.7052882313728333,-0.3491487208949756
2018-10-08,0.7073636651039124,-0.346210367533449
2018-10-09,0.7114905714988708,-0.34039311312278653
2018-10-10,0.7064142823219299,-0.34755341143424895
2018-10-11,0.7124537229537964,-0.3390403191889754
2018-10-14,0.710782527923584,-0.34138876386534206
2018-10-15,0.713541567325592,-0.33751458542219426
2018-10-16,0.7139134407043457,-0.33699355549820437
2018-10-17,0.7111009955406189,-0.34094081209277444
2018-10-18,0.709723174571991,-0.342880279944609
2018-10-21,0.7113286256790161,-0.34062075388118407
2018-10-22,0.7072685956954956,-0.3463447761867709
2018-10-23,0.7091192603111267,-0.34373155741205247
2018-10-24,0.7062994837760925,-0.3477159334522897
2018-10-25,0.7081149816513062,-0.34514879501213513
2018-10-29,0.709773600101471,-0.34280923289413184
2018-10-30,0.7063294053077698,-0.3476735705473357
2018-10-31,0.7099247574806213,-0.3425962899419698
2018-11-01,0.7083156108856201,-0.34486550653091647
2018-11-02,0.7205129861831665,-0.3277918398560406
2018-11-05,0.7198283672332764,-0.32874247423146014
2018-11-06,0.7212925553321838,-0.3267104607067196
2018-11-07,0.7243595123291016,-0.3224674458530489
2018-11-08,0.7275902032852173,-0.31801729685265157
2018-11-09,0.7266808152198792,-0.3192679415705873
2018-11-12,0.7226999998092651,-0.32476108095712153
2018-11-13,0.7175660133361816,-0.33189033093079856
2018-11-14,0.7231390476226807,-0.3241537549512422
2018-11-15,0.7234842777252197,-0.3236764640033587
2018-11-16,0.7271669507026672,-0.31859918448019453
2018-11-19,0.7317965626716614,-0.31225272349516037
2018-11-20,0.7295010089874268,-0.31539452789835226
2018-11-21,0.7216569185256958,-0.3262054351214757
2018-11-22,0.7262164354324341,-0.31990718815605657
2018-11-23,0.725021243095398,-0.3215543237354844
2018-11-26,0.7233796119689941,-0.3238211434817169
2018-11-27,0.7223502397537231,-0.3252451610988304
2018-11-28,0.7229612469673157,-0.3243996585817527
2018-11-29,0.7302521467208862,-0.31436539801181373
2018-11-30,0.7321876883506775,-0.311718393036279
2018-12-03,0.7373108863830566,-0.3047456488940493
2018-12-04,0.7356890439987183,-0.3069477440961959
2018-12-05,0.7345919609069824,-0.30844008915361587
2018-12-06,0.7266386151313782,-0.31932601564244173
2018-12-07,0.7231180667877197,-0.32418276892773834
2018-12-10,0.7184939980506897,-0.3305979269416641
2018-12-11,0.7190985083580017,-0.32975692319373506
2018-12-12,0.7212925553321838,-0.3267104607067196
2018-12-13,0.7221259474754333,-0.3255557128158824
2018-12-14,0.7224911451339722,-0.32505011494058833
2018-12-17,0.7175660133361816,-0.33189033093079856
2018-12-18,0.7177205085754395,-0.3316750495392493
2018-12-19,0.7188039422035217,-0.3301666396643978
2018-12-20,0.7113893628120422,-0.34053537205069573
2018-12-21,0.7115918397903442,-0.3402507906671916
2018-12-24,0.7050197124481201,-0.3495295156414483
2018-12-25,0.7052186131477356,-0.3492474346664467
2018-12-26,0.7046124339103699,-0.35010736646605567
2018-12-27,0.7074787616729736,-0.346047668752105
2018-12-28,0.7035317420959473,-0.35164228319547847
2018-12-31,0.7044734358787537,-0.3503046547009989
2019-01-01,0.7041757702827454,-0.3507272802903037
2019-01-02,0.7047911882400513,-0.34985370693541373
2019-01-03,0.6918978691101074,-0.36831692224782103
2019-01-04,0.7006235718727112,-0.3557845235196654
2019-01-07,0.7123776078224182,-0.33914716008979856
2019-01-08,0.7145919799804688,-0.33604355654499146
2019-01-09,0.7163323760032654,-0.33361100743962224
2019-01-10,0.7175660133361816,-0.33189033093079856
2019-01-11,0.7187005877494812,-0.33031043671277577
2019-01-14,0.7205129861831665,-0.3277918398560406
2019-01-15,0.7199423909187317,-0.3285840827860886
2019-01-16,0.7207674384117126,-0.3274387479429783
2019-01-17,0.7173087000846863,-0.33224898698884586
2019-01-18,0.7190313339233398,-0.3298503423451021
2019-01-21,0.716383695602417,-0.3335393678451616
2019-01-22,0.7158913612365723,-0.3342268536501893
2019-01-23,0.7122101187705994,-0.33938230047387463
2019-01-24,0.714796245098114,-0.33575774879108405
2019-01-25,0.7091192603111267,-0.34373155741205247
2019-01-28,0.7179421186447144,-0.33136632788440745
2019-01-29,0.7165992856025696,-0.33323847103814175
2019-01-30,0.7159220576286316,-0.3341839760075305
2019-01-31,0.7254682779312134,-0.3209379320366973
2019-02-01,0.7271669507026672,-0.31859918448019453
2019-02-04,0.7249003052711487,-0.32172114355365455
2019-02-05,0.7214018106460571,-0.3265590006100302
2019-02-06,0.7243752479553223,-0.3224457225857501
2019-02-07,0.7109948396682739,-0.3410901070557634
2019-02-08,0.709541916847229,-0.3431357047089371
2019-02-11,0.7101768255233765,-0.3422412899216626
2019-02-12,0.7063493728637695,-0.3476453014796473
2019-02-13,0.7104795575141907,-0.3418151038304853
2019-02-14,0.7092198729515076,-0.3435896835284515
2019-02-15,0.710328221321106,-0.34202813221604367
2019-02-18,0.7145408987998962,-0.33611504210291643
2019-02-19,0.7132158875465393,-0.33797111681594605
2019-02-20,0.7166917324066162,-0.3331094716890727
2019-02-21,0.7170000672340393,-0.3326793446111971
2019-02-22,0.710883617401123,-0.34124655118335356
2019-02-25,0.7159220576286316,-0.3341839760075305
2019-02-26,0.7174115777015686,-0.3321055755954872
2019-02-27,0.719398558139801,-0.3293397519764432
2019-02-28,0.7148473858833313,-0.3356862053880557
2019-03-01,0.7102777361869812,-0.34209920770869406
2019-03-04,0.7100305557250977,-0.3424472736402761
2019-03-05,0.7092198729515076,-0.3435896835284515
2019-03-06,0.7087423801422119,-0.34426317512006854
2019-03-07,0.7034822702407837,-0.3517126049616445
2019-03-08,0.7023458480834961,-0.3533293351863543
2019-03-11,0.7039278745651245,-0.35107937897435854
2019-03-12,0.7073386311531067,-0.3462457586554886
2019-03-13,0.7064142823219299,-0.34755341143424895
2019-03-14,0.7087172269821167,-0.3442986655989103
2019-03-15,0.706813633441925,-0.3469882497555555
2019-03-18,0.7082905769348145,-0.34490085008796645
2019-03-19,0.7099751830101013,-0.34252526306456355
2019-03-20,0.7089684009552002,-0.34394432191260654
2019-03-21,0.7135212421417236,-0.3375430707610805
2019-03-22,0.710782527923584,-0.34138876386534206
2019-03-25,0.7083156108856201,-0.34486550653091647
2019-03-26,0.7116121053695679,-0.3402223118545886
2019-03-27,0.713699460029602,-0.33729332958435343
2019-03-28,0.7084510922431946,-0.34467425223663045
2019-03-29,0.7083156108856201,-0.34486550653091647
2019-03-31,0.7113893628120422,-0.34053537205069573
2019-04-01,0.710989773273468,-0.3410972328639611
2019-04-02,0.7058408260345459,-0.3483655257831487
2019-04-03,0.7117488384246826,-0.34003018482436276
2019-04-04,0.7110353112220764,-0.3410331862460491
2019-04-07,0.7101768255233765,-0.3422412899216626
2019-04-08,0.7121593952178955,-0.3394535229371851
2019-04-09,0.7129108309745789,-0.33839892813544714
2019-04-10,0.7166917324066162,-0.3331094716890727
2019-04-11,0.7122507095336914,-0.3393253094183166
2019-04-14,0.7173087000846863,-0.33224898698884586
2019-04-15,0.7176175117492676,-0.3318185653172615
2019-04-16,0.7164915204048157,-0.3333888665294885
2019-04-17,0.7174115777015686,-0.3321055755954872
2019-04-18,0.714796245098114,-0.33575774879108405
2019-04-21,0.715103030204773,-0.3353286484807825
2019-04-22,0.7137249112129211,-0.33725766929462525
2019-04-23,0.7096678018569946,-0.3429583031474389
2019-04-24,0.7014589905738831,-0.3545928407722821
2019-04-25,0.7017790079116821,-0.3541367280619757
2019-04-28,0.7044287323951721,-0.35036811330671785
2019-04-29,0.7055171132087708,-0.34882425113190785
2019-04-30,0.705129086971283,-0.3493743908440834
2019-05-01,0.7014589905738831,-0.3545928407722821
2019-05-02,0.6995453238487244,-0.3573246923384788
2019-05-05,0.69733065366745,-0.3604955852059189
2019-05-06,0.6992518305778503,-0.3577443289873698
2019-05-07,0.7008494734764099,-0.3554621461376603
2019-05-08,0.6994963884353638,-0.3573946479558859
2019-05-09,0.6987094879150391,-0.35852023413273504
2019-05-12,0.6985093951225281,-0.35880664994962386
2019-05-13,0.6945891380310059,-0.3644347765269335
2019-05-14,0.6939143538475037,-0.3654067355325416
2019-05-15,0.6927126049995422,-0.36714007720916075
2019-05-16,0.6893223524093628,-0.3720462619224588
2019-05-19,0.690321683883667,-0.37059758150520866
2019-05-20,0.6920607089996338,-0.3680815974442416
2019-05-22,0.6877579092979431,-0.37431837899211834
2019-05-23,0.689959704875946,-0.3711220818266172
2019-05-26,0.6932889819145203,-0.36630836539346684
2019-05-27,0.6919936537742615,-0.3681784942529629
2019-05-28,0.6926167011260986,-0.3672785336370624
2019-05-29,0.691840410232544,-0.3683999710128285
2019-05-30,0.6906077861785889,-0.37018321957693073
2019-06-02,0.6929622888565063,-0.3667796985073838
2019-06-03,0.6972042322158813,-0.36067689505079215
2019-06-04,0.6991393566131592,-0.35790519093496204
2019-06-05,0.6971070170402527,-0.3608163404950401
2019-06-06,0.6975446939468384,-0.3601886899963442
2019-06-09,0.6995893716812134,-0.3572617279467811
2019-06-10,0.6961122155189514,-0.3622444024498513
2019-06-11,0.6960880160331726,-0.36227916682530936
2019-06-12,0.6930487751960754,-0.3666548995906588
2019-06-13,0.6913239359855652,-0.3691467720309354
2019-06-16,0.6878904104232788,-0.3741257409118097
2019-06-17,0.6854009628295898,-0.377751264772277
2019-06-18,0.6880418062210083,-0.37390567803878577
2019-06-19,0.688548743724823,-0.373169166333471
2019-06-20,0.6922379732131958,-0.3678254905551596
2019-06-23,0.6944299936294556,-0.3646639229780071
2019-06-24,0.696567952632904,-0.3615899275163497
2019-06-25,0.6961848735809326,-0.36214003095814024
2019-06-26,0.6986606121063232,-0.35859018812521704
2019-06-27,0.7003781795501709,-0.3561348333244897
2019-06-30,0.702331006526947,-0.3533504668174492
2019-07-01,0.6964758634567261,-0.3617221404090793
2019-07-02,0.699594259262085,-0.35725474161451776
2019-07-03,0.7031310796737671,-0.35221194697959873
2019-07-04,0.702538251876831,-0.3530554281864198
2019-07-07,0.6982752084732056,-0.35914197244804485
2019-07-08,0.6973987221717834,-0.3603979770167366
2019-07-09,0.6927126049995422,-0.36714007720916075
2019-07-10,0.6961848735809326,-0.36214003095814024
2019-07-11,0.6972576975822449,-0.3606002126183109
2019-07-14,0.7017790079116821,-0.3541367280619757
2019-07-15,0.7040022611618042,-0.35097371095168994
2019-07-16,0.701655924320221,-0.3543121314083653
2019-07-17,0.7010164856910706,-0.35522387483310564
2019-07-18,0.7067188024520874,-0.34712242565074103
2019-07-21,0.7043097019195557,-0.3505371020600596
2019-07-22,0.7031854391098022,-0.3521346394384639
2019-07-23,0.6997410655021667,-0.3570449187964665
2019-07-24,0.697934091091156,-0.35963060604895725
2019-07-25,0.6952168941497803,-0.36353140419017504
2019-07-28,0.6906220316886902,-0.3701625922925823
2019-07-29,0.6899406909942627,-0.37114964016596036
2019-07-30,0.6875215172767639,-0.3746621520740673
2019-07-31,0.6846501231193542,-0.37884734037574397
2019-08-01,0.6803507804870605,-0.3851467601613012
2019-08-04,0.6793016791343689,-0.3866899509281259
2019-08-05,0.6763520240783691,-0.39104159280208983
2019-08-06,0.6763017177581787,-0.39111597446926405
2019-08-07,0.6758126616477966,-0.39183936908610684
2019-08-08,0.6811710596084595,-0.3839418155228991
2019-08-11,0.6776812076568604,-0.38907829681453704
2019-08-12,0.6755889058113098,-0.39217051542176223
2019-08-13,0.6797772645950317,-0.38599008653500977
2019-08-14,0.6754018664360046,-0.3924474075817125
2019-08-15,0.6772773265838623,-0.38967444950076796
2019-08-18,0.6786608695983887,-0.3876337318654478
2019-08-19,0.6755843758583069,-0.39217722063576316
2019-08-20,0.6775205135345459,-0.3893154484068864
2019-08-21,0.678499698638916,-0.38787124386513644
2019-08-22,0.6755843758583069,-0.39217722063576316
2019-08-25,0.6708078384399414,-0.39927256388975463
2019-08-26,0.6769564151763916,-0.39014838749770553
2019-08-27,0.6754383444786072,-0.39239339965047576
2019-08-28,0.6739588975906372,-0.39458615273256564
2019-08-29,0.673582136631012,-0.39514533565890997
2019-09-01,0.672766387462616,-0.3963571307530055
2019-09-02,0.6712490320205688,-0.39861507521512085
2019-09-03,0.6763977408409119,-0.3909740019382868
2019-09-04,0.6799945831298828,-0.3856704468291797
2019-09-05,0.6811803579330444,-0.3839281651174818
2019-09-08,0.6846688985824585,-0.3788199173095222
2019-09-09,0.6865302920341492,-0.37610492942473633
2019-09-10,0.6858522295951843,-0.3770930832134252
2019-09-11,0.6873797178268433,-0.37486842063620546
2019-09-12,0.6863889098167419,-0.3763108879658018
2019-09-15,0.6879944801330566,-0.373974464143396
2019-09-16,0.686294674873352,-0.37644818827971094
2019-09-17,0.6866245269775391,-0.3759676762290542
2019-09-18,0.6825705766677856,-0.38188934823231957
2019-09-19,0.6792786121368408,-0.38672390843167354
2019-09-22,0.6769014596939087,-0.39022957103038375
2019-09-23,0.6775985956192017,-0.38920020822731144
2019-09-24,0.6799483299255371,-0.3857384691026436
2019-09-25,0.6755387783050537,-0.3922447164123398
2019-09-26,0.6754018664360046,-0.3924474075817125
2019-09-29,0.6760868430137634,-0.391433745193531
2019-09-30,0.6753106117248535,-0.3925825284349887
2019-10-01,0.6708707809448242,-0.39917873738910153
2019-10-02,0.6709608435630798,-0.39904449905882833
2019-10-03,0.6745316982269287,-0.39373660929115284
2019-10-06,0.6764526963233948,-0.39089275795003287
2019-10-07,0.6732510924339294,-0.3956369246642971
2019-10-08,0.6728116869926453,-0.39628979979554363
2019-10-09,0.6718172430992126,-0.3977689351205166
2019-10-10,0.6763200163841248,-0.3910889179382543
2019-10-13,0.679638683795929,-0.38619396938594563
2019-10-14,0.6775398254394531,-0.38928694501946803
2019-10-15,0.6753197908401489,-0.39256893609280813
2019-10-16,0.6756391525268555,-0.3920961434972618
2019-10-17,0.6825472712516785,-0.3819234924142962
2019-10-20,0.6847720146179199,-0.3786693214938688
2019-10-21,0.6870585680007935,-0.3753357385728576
2019-10-22,0.6861298680305481,-0.3766883571756233
2019-10-23,0.6850300431251526,-0.37829258310480596
2019-10-24,0.6816632747650146,-0.3832194750805685
2019-10-28,0.682400107383728,-0.38213912544282774
2019-10-29,0.6839599013328552,-0.37985598686040306
2019-10-30,0.6855888962745667,-0.3774771074619134
2019-10-31,0.6897883415222168,-0.37137047986574867
2019-11-01,0.6892986297607422,-0.372080676963184
2019-11-04,0.6917997598648071,-0.3684587295956263
2019-11-05,0.6890279054641724,-0.37247350738925866
2019-11-06,0.6890848875045776,-0.3723908116320921
2019-11-07,0.6877300143241882,-0.3743589391065034
2019-11-08,0.6860997080802917,-0.37673231476229285
2019-11-11,0.6858004927635193,-0.37716852042992505
2019-11-12,0.6850253343582153,-0.3782994569392723
2019-11-13,0.6843999624252319,-0.3792127918658653
2019-11-14,0.6839500665664673,-0.3798703661201773
2019-11-15,0.6788313388824463,-0.38738257862288966
2019-11-18,0.6815982460975647,-0.3833148766840086
2019-11-19,0.680522084236145,-0.3848950044618089
2019-11-20,0.6824899911880493,-0.3820074169564884
2019-11-21,0.6798997521400452,-0.38580991500333395
2019-11-22,0.6789419054985046,-0.3872197139961778
2019-11-25,0.6792001724243164,-0.38683939012119717
2019-11-26,0.677639901638031,-0.38913925066312516
2019-11-27,0.6789000034332275,-0.38728143261749115
2019-11-28,0.6767200231552124,-0.39049764676954973
2019-11-29,0.6769000291824341,-0.39023168435569233
2019-12-02,0.6764801144599915,-0.3908522265409608
2019-12-03,0.6818817257881165,-0.38289905877618224
2019-12-04,0.6848700046539307,-0.3785262329571575
2019-12-05,0.684960126876831,-0.37839465135305056
2019-12-06,0.6833000183105469,-0.3808212503981754
2019-12-09,0.683531641960144,-0.38048232987336333
2019-12-10,0.6827998757362366,-0.3815534700533201
2019-12-11,0.6811400055885315,-0.3839874057272609
2019-12-12,0.687049150466919,-0.3753494456989411
2019-12-13,0.6927126049995422,-0.36714007720916075
2019-12-16,0.6874789595603943,-0.37472405418552124
2019-12-17,0.6874316930770874,-0.37479280990173425
2019-12-18,0.6852600574493408,-0.37795686685574
2019-12-19,0.6854700446128845,-0.37765047952993386
2019-12-20,0.6893000602722168,-0.37207860165078893
2019-12-23,0.6903898119926453,-0.37049889599525665
2019-12-24,0.6925197839736938,-0.3674184724136458
2019-12-25,0.6921852231025696,-0.3679016957369164
2019-12-26,0.6924728155136108,-0.367486297267177
2019-12-27,0.6946374177932739,-0.3643652705675418
2019-12-30,0.6982996463775635,-0.3591069755350251
2019-12-31,0.7001398801803589,-0.3564751350727693
2020-01-01,0.7017002105712891,-0.35424901663659536
2020-01-02,0.7019514441490173,-0.35389104522742665
2020-01-03,0.6985191702842712,-0.35879265573077196
2020-01-06,0.694420337677002,-0.3646778279355624
2020-01-07,0.693731427192688,-0.3656703858940023
2020-01-08,0.6860399842262268,-0.3768193669107549
2020-01-09,0.6873801350593567,-0.3748678136465373
2020-01-10,0.6853210926055908,-0.3778678022187604
2020-01-13,0.6900601387023926,-0.3709765276491303
2020-01-14,0.6898902058601379,-0.3712228159939004
2020-01-15,0.6896551251411438,-0.37156362497782686
2020-01-16,0.6907795071601868,-0.36993459852284905
2020-01-17,0.6901001930236816,-0.3709184846516907
2020-01-20,0.6881791353225708,-0.37370610383108
2020-01-21,0.6876397132873535,-0.3744902507606014
2020-01-22,0.684689998626709,-0.3787890999039536
2020-01-23,0.6842987537384033,-0.37936068224644043
2020-01-24,0.6839804649353027,-0.3798259218035393
2020-01-27,0.680188775062561,-0.38538490895249866
2020-01-28,0.6761700510978699,-0.39131067969529054
2020-01-29,0.6764206886291504,-0.3909400760429252
2020-01-30,0.6752194762229919,-0.39271749099941167
2020-01-31,0.6708257794380188,-0.399245818885993
2020-02-03,0.66936194896698,-0.40143033531177935
2020-02-04,0.6690497994422913,-0.4018967829960878
2020-02-05,0.6731785535812378,-0.3957446745983193
2020-02-06,0.6751797795295715,-0.3927762835280105
2020-02-07,0.6733997464179993,-0.3954161488248815
2020-02-10,0.6672316193580627,-0.4046180379363291
2020-02-11,0.6690099835395813,-0.40195629588665976
2020-02-12,0.6720998883247375,-0.39734830616493094
2020-02-13,0.6713197827339172,-0.39850967918232705
2020-02-14,0.6721997857093811,-0.39719968248115417
2020-02-17,0.6725989580154419,-0.39660602886622237
2020-02-18,0.6711999773979187,-0.398688157503279
2020-02-19,0.6696000099182129,-0.40107474499472573
2020-02-20,0.6684000492095947,-0.4028684086379288
2020-02-21,0.6613800525665283,-0.41342663829879167
2020-02-24,0.6606900691986084,-0.4144704307863544
2020-02-25,0.6612007021903992,-0.4136978510418827
2020-02-26,0.6605198383331299,-0.4147281201443438
2020-02-27,0.6546516418457031,-0.42365202933671925
2020-02-28,0.6580203175544739,-0.418519470391166
2020-03-02,0.6516313552856445,-0.42827628296134723
2020-03-03,0.6547498106956482,-0.42350208471898804
2020-03-04,0.6582195162773132,-0.41821679192901945
2020-03-05,0.6626901030540466,-0.41144781427735677
2020-03-06,0.6615506410598755,-0.41316874346709037
2020-03-09,0.6613581776618958,-0.4134597134819756
2020-03-10,0.6597998738288879,-0.41581871141397325
2020-03-11,0.6499098539352417,-0.4309216119637563
2020-03-12,0.647939920425415,-0.4339573023210781
2020-03-13,0.6274116039276123,-0.46615248813422233
2020-03-16,0.6177682876586914,-0.4816418308952776
2020-03-17,0.6099420189857483,-0.49439137717543336
2020-03-18,0.5992200374603271,-0.5121264069838924
2020-03-19,0.5809798836708069,-0.5430391463599183
2020-03-20,0.5742902159690857,-0.5546204077029672
2020-03-23,0.5753309726715088,-0.5528097991354962
2020-03-24,0.5876600742340088,-0.5316066032948639
2020-03-25,0.597550094127655,-0.514917159146617
2020-03-26,0.5908098220825195,-0.5262611034080638
2020-03-27,0.60791015625,-0.49772817726059043
2020-03-29,0.618058443069458,-0.481172257922168
2020-03-30,0.6168993711471558,-0.483049362142723
2020-03-31,0.6136998534202576,-0.48824930843303643
2020-04-01,0.6091395616531372,-0.49570787225050356
2020-04-02,0.6063215136528015,-0.5003448830228413
2020-04-05,0.5994700789451599,-0.5117092157765283
2020-04-06,0.6117599606513977,-0.49141529456649485
2020-04-07,0.6152199506759644,-0.48577543173921495
2020-04-08,0.6235308051109314,-0.4723571083288203
2020-04-09,0.6332600712776184,-0.4568740861168832
2020-04-12,0.6335208415985107,-0.4564623806326512
2020-04-13,0.6401106119155884,-0.44611428644388973
2020-04-14,0.6434298753738403,-0.44094223166205515
2020-04-15,0.6308901309967041,-0.4606235504655505
2020-04-16,0.6358600854873657,-0.45277673121573275
2020-04-19,0.6340188980102539,-0.45567651740199716
2020-04-20,0.6345701217651367,-0.45480748293775164
2020-04-21,0.6293998956680298,-0.46298846011601685
2020-04-22,0.6298998594284058,-0.4621944255192163
2020-04-23,0.6376798748970032,-0.44991888504709027
2020-04-26,0.6397543549537659,-0.44667099669105753
2020-04-27,0.6449116468429565,-0.4386419532080332
2020-04-28,0.6502699255943298,-0.4303677321481146
2020-04-29,0.6555013060569763,-0.42235498332121213
2020-04-30,0.6495501399040222,-0.4314752481543477
2020-05-03,0.6376819014549255,-0.4499157070344511
2020-05-04,0.642611563205719,-0.4422148380556175
2020-05-05,0.6436000466346741,-0.4406777914048157
2020-05-06,0.6390756368637085,-0.4477324640606482
2020-05-07,0.6503299474716187,-0.4302754333887891
2020-05-10,0.653710126876831,-0.4250912568560477
2020-05-11,0.6484664082527161,-0.4331450757149614
2020-05-12,0.6455298662185669,-0.4376838014178908
2020-05-13,0.6454944014549255,-0.43773874192449214
2020-05-14,0.6471235156059265,-0.4352180975916744
2020-05-17,0.6425785422325134,-0.44226622496417384
2020-05-18,0.652600109577179,-0.42679072691429015
2020-05-19,0.6540094017982483,-0.4246335517899696
2020-05-20,0.65923011302948,-0.41668262025686653
2020-05-21,0.6566894054412842,-0.42054411894217353
2020-05-24,0.6545788049697876,-0.42376329603719637
2020-05-25,0.6547399163246155,-0.4235171965153294
2020-05-26,0.6646699905395508,-0.40846461632920567
2020-05-27,0.6620806455612183,-0.41236790937526163
2020-05-28,0.6633498668670654,-0.4104527253171052
2020-05-31,0.6659784913063049,-0.40649790429913196
2020-06-01,0.6786000728607178,-0.3877233192628445
2020-06-02,0.6914199590682983,-0.3690078842973052
2020-06-03,0.6929046511650085,-0.36686287776488186
2020-06-04,0.6939899921417236,-0.3652977391243764
2020-06-07,0.700239896774292,-0.3563322929727203
2020-06-08,0.7024494409561157,-0.3531818505334434
2020-06-09,0.6942998170852661,-0.36485139867495886
2020-06-10,0.6968300938606262,-0.3612136657130918
2020-06-11,0.6830880641937256,-0.3811314903969506
2020-06-14,0.6825007200241089,-0.3819916969431994
2020-06-15,0.695820152759552,-0.362664053246602
2020-06-16,0.6895315051078796,-0.3717428901053795
2020-06-17,0.6875702142715454,-0.37459132480678814
2020-06-18,0.6857205629348755,-0.37728507690334145
2020-06-21,0.6822911500930786,-0.38229880594240445
2020-06-22,0.6931601762771606,-0.3664941719006426
2020-06-23,0.6940299272537231,-0.36524019656111417
2020-06-24,0.685678243637085,-0.37734679388544934
2020-06-25,0.6888190507888794,-0.3727766683113694
2020-06-28,0.6861910820007324,-0.37659914485218904
2020-06-29,0.6871907711029053,-0.37514333811282774
2020-06-30,0.69020015001297,-0.3707736509711554
2020-07-01,0.6913239359855652,-0.3691467720309354
2020-07-02,0.6919199228286743,-0.3682850485160375
2020-07-05,0.694840133190155,-0.36407348406379314
2020-07-06,0.6976999044418335,-0.35996620499863896
2020-07-07,0.6942322850227356,-0.36494866983272506
2020-07-08,0.6989096999168396,-0.35823372976171153
2020-07-09,0.695894181728363,-0.362557667953232
2020-07-12,0.6950284838676453,-0.36380245027494196
2020-07-13,0.6940106749534607,-0.36526793681631
2020-07-14,0.6988999247550964,-0.35824771616096185
2020-07-15,0.7009181976318359,-0.3553640925772914
2020-07-16,0.6978002190589905,-0.3598224363014666
2020-07-19,0.7004998922348022,-0.3559610670454837
2020-07-20,0.7025925517082214,-0.35297814024813123
2020-07-21,0.7135599255561829,-0.33748885742641627
2020-07-22,0.7140816450119019,-0.33675797442370825
2020-07-23,0.7100104689598083,-0.342475564041668
2020-07-26,0.7098188996315002,-0.34274541242445034
2020-07-27,0.7159000635147095,-0.3342146978599158
2020-07-28,0.71602463722229,-0.33404070308514766
2020-07-29,0.7171697616577148,-0.33244269979961494
2020-07-30,0.7203676700592041,-0.32799354445083206
2020-08-02,0.7146890163421631,-0.3359077730817074
2020-08-03,0.7117944359779358,-0.3399661227700667
2020-08-04,0.7177102565765381,-0.33168933375155746
2020-08-05,0.7199097275733948,-0.328629453202846
2020-08-06,0.7230997681617737,-0.3242080744183841
2020-08-09,0.7157120108604431,-0.3344774124020938
2020-08-10,0.7158001661300659,-0.3343542485601772
2020-08-11,0.7145199775695801,-0.33614432179374504
2020-08-12,0.7164863348007202,-0.3333961040510966
2020-08-13,0.7148800492286682,-0.3356405136785166
2020-08-16,0.7192589044570923,-0.3295338964295576
2020-08-17,0.7218131422996521,-0.32598897926443227
2020-08-18,0.7257947325706482,-0.3204880416411195
2020-08-19,0.7188039422035217,-0.3301666396643978
2020-08-20,0.7206116914749146,-0.32765485616069123
2020-08-23,0.7161374688148499,-0.3338831348988123
2020-08-24,0.7168900370597839,-0.3328328154722371
2020-08-25,0.7199320793151855,-0.32859840570625903
2020-08-26,0.7245011925697327,-0.3222718711637724
2020-08-27,0.7269898653030396,-0.3188427419817706
2020-08-30,0.7373000383377075,-0.3047603619891003
2020-08-31,0.738099992275238,-0.30367597267186947
2020-09-01,0.7378494143486023,-0.3040155207998997
2020-09-02,0.7331109642982483,-0.310458204789893
2020-09-03,0.725584089756012,-0.32077830743923486
2020-09-06,0.7282207608222961,-0.3171510338665132
2020-09-07,0.7280998229980469,-0.3173171206826592
2020-09-08,0.7209399938583374,-0.32719937143206296
2020-09-09,0.727660059928894,-0.3179212904879784
2020-09-10,0.7262997627258301,-0.319792453058998
2020-09-13,0.728151798248291,-0.31724573844416704
2020-09-14,0.7286000847816467,-0.31663027804527755
2020-09-15,0.7296819686889648,-0.31514649909698295
2020-09-16,0.7295500040054321,-0.3153273677818279
2020-09-17,0.7313095927238464,-0.31291838943334394
2020-09-20,0.729341447353363,-0.3156132789142779
2020-09-21,0.7231180667877197,-0.32418276892773834
2020-09-22,0.717442512512207,-0.3320624564925007
2020-09-23,0.7069001197814941,-0.3468658963590779
2020-09-24,0.7057162523269653,-0.348542031161236
2020-09-27,0.7041906118392944,-0.35070620401819436
2020-09-28,0.7095197439193726,-0.3431669548349482
2020-09-29,0.714360237121582,-0.33636791009319955
2020-09-30,0.716650664806366,-0.3331667749549795
2020-10-01,0.7182875871658325,-0.33088525090015725
2020-10-04,0.7177205085754395,-0.3316750495392493
2020-10-05,0.7193209528923035,-0.32944763297336827
2020-10-06,0.7110099792480469,-0.34106881376677856
2020-10-07,0.713820219039917,-0.3371241424097406
2020-10-08,0.7177998423576355,-0.3315645198874402
2020-10-11,0.7224597930908203,-0.32509351024533867
2020-10-12,0.721188485622406,-0.32685475336222586
2020-10-13,0.7164401412010193,-0.3334605785380861
2020-10-14,0.7141479849815369,-0.3366650762394254
2020-10-15,0.7088397741317749,-0.34412576651990723
2020-10-18,0.7095997929573059,-0.34305413976061777
2020-10-19,0.7056167125701904,-0.348683088954706
2020-10-20,0.7049998641014099,-0.34955766893384455
2020-10-21,0.7105603218078613,-0.3417014345451502
2020-10-22,0.7126100659370422,-0.3388209002617781
2020-10-26,0.7132006287574768,-0.33799251139304004
2020-10-27,0.7117098569869995,-0.34008495485431656
2020-10-28,0.7123100757598877,-0.3392419627098525
2020-10-29,0.7055200934410095,-0.34882002695946973
2020-10-30,0.7037599682807922,-0.35131793510877696
2020-11-02,0.7008199691772461,-0.35550424493538013
2020-11-03,0.7053698301315308,-0.34903303196792057
2020-11-04,0.7196833491325378,-0.32894395658076014
2020-11-05,0.7180498242378235,-0.33121631925261125
2020-11-06,0.7262701988220215,-0.3198331587111804
2020-11-09,0.7286717891693115,-0.31653186897143976
2020-11-10,0.7282000184059143,-0.3171795179648989
2020-11-11,0.7281697988510132,-0.31722101780174994
2020-11-12,0.7284275889396667,-0.31686705576185353
2020-11-13,0.7240185737609863,-0.3229382325594851
2020-11-16,0.729080855846405,-0.3159706397543577
2020-11-17,0.7320997714996338,-0.31183847444592017
2020-11-18,0.7296000123023987,-0.31525882336017524
2020-11-19,0.7301988005638123,-0.3144384523751895
2020-11-20,0.7269100546836853,-0.31895253030810206
2020-11-23,0.7317001819610596,-0.31238443640958213
2020-11-24,0.7298204302787781,-0.314956761018681
2020-11-25,0.7366699576377869,-0.30561530576681584
2020-11-26,0.736485481262207,-0.305865756427585
2020-11-27,0.7357999682426453,-0.30679697947177215
2020-11-30,0.7400281429290771,-0.3010670625218418
2020-12-01,0.7356798052787781,-0.3069603020893121
2020-12-02,0.7380890846252441,-0.30369075079232133
2020-12-03,0.7418001294136047,-0.29867543946777164
2020-12-04,0.7438998222351074,-0.2958489007482959
2020-12-07,0.7431573867797852,-0.29684743061319857
2020-12-08,0.7417599558830261,-0.2987295977468823
2020-12-09,0.7410997152328491,-0.29962009427419045
2020-12-10,0.7434999346733093,-0.29638660094567115
2020-12-11,0.7524397969245911,-0.2844342896465261
2020-12-14,0.7551102638244629,-0.2808914955960029
2020-12-15,0.7539203763008118,-0.28246851827349684
2020-12-16,0.7555609345436096,-0.280294845930605
2020-12-17,0.7569999694824219,-0.2783920658585307
2020-12-18,0.7615299224853516,-0.2724258132818807
2020-12-21,0.7587425708770752,-0.27609272792216255
2020-12-22,0.7575200796127319,-0.27770523421035664
2020-12-23,0.7551700472831726,-0.2808123269035407
2020-12-24,0.7579599022865295,-0.27712479409712626
2020-12-25,0.7606801390647888,-0.27354232608166573
2020-12-28,0.7611914277076721,-0.27287040517416905
2020-12-29,0.758892297744751,-0.27589541185983785
2020-12-30,0.7609898447990417,-0.2731352657573988
2020-12-31,0.7689290642738342,-0.262756557848494
2021-01-01,0.7702973484992981,-0.26097867179544254
2021-01-04,0.7712300419807434,-0.25976858159397265
2021-01-05,0.7670999765396118,-0.26513813860010704
2021-01-06,0.7766000628471375,-0.2528297807585659
2021-01-07,0.781700074672699,-0.2462841482298252
2021-01-08,0.7768999934196472,-0.2524436454957746
2021-01-11,0.7716525793075562,-0.25922085705349734
2021-01-12,0.7707497477531433,-0.26039153949047733
2021-01-13,0.7776049971580505,-0.251536599470175
2021-01-14,0.774713397026062,-0.25526212831443024
2021-01-15,0.777580201625824,-0.2515684870321812
2021-01-18,0.7688876986503601,-0.2628103557059259
2021-01-19,0.7686986327171326,-0.2630562813236599
2021-01-20,0.7711800932884216,-0.2598333486636347
2021-01-21,0.7755701541900635,-0.2541568372848607
2021-01-22,0.7761022448539734,-0.25347100864591093
2021-01-25,0.7715799808502197,-0.2593149432713031
2021-01-26,0.7718997597694397,-0.258900582246173
2021-01-27,0.7753139734268188,-0.2544872046682297
2021-01-28,0.765099823474884,-0.26774896546598337
2021-01-29,0.7669699192047119,-0.26530769715225944
2021-02-01,0.761997640132904,-0.2718118202387324
2021-02-02,0.7634601593017578,-0.2698943373460501
2021-02-03,0.760820746421814,-0.27335749890375655
2021-02-04,0.7636000514030457,-0.26971111981382906
2021-02-05,0.7603002190589905,-0.2740418986260061
2021-02-08,0.7679199576377869,-0.2640697730917351
2021-02-09,0.7710998058319092,-0.25993746394988176
2021-02-10,0.7740501165390015,-0.2561186574382145
2021-02-11,0.7725348472595215,-0.25807816150658597
2021-02-12,0.7753999829292297,-0.25437627576074606
2021-02-15,0.7764095664024353,-0.2530751062762828
2021-02-16,0.7786197066307068,-0.25023253378610505
2021-02-17,0.773790180683136,-0.25645452653113776
2021-02-18,0.7758697867393494,-0.253770573472635
2021-02-19,0.7767997980117798,-0.2525726220310858
2021-02-22,0.7888488173484802,-0.23718058948943196
2021-02-23,0.7915400266647339,-0.23377483029571217
2021-02-24,0.7908827066421509,-0.23460560711224043
2021-02-25,0.7977026104927063,-0.22601941954601742
2021-02-26,0.7870000004768372,-0.23952702995884162
2021-03-01,0.7752419114112854,-0.2545801545790197
2021-03-02,0.7772001028060913,-0.2520574292013372
2021-03-03,0.7825197577476501,-0.24523610736882873
2021-03-04,0.7758102416992188,-0.253847322594965
2021-03-05,0.7715603113174438,-0.25934043613527247
2021-03-08,0.7709101438522339,-0.2601834571494335
2021-03-09,0.7656674981117249,-0.2670072790517796
2021-03-10,0.7717835903167725,-0.259051091679186
2021-03-11,0.773200273513794,-0.2572171779054036
2021-03-12,0.7787615656852722,-0.2500503573884824
2021-03-15,0.7762998938560486,-0.2532163723010945
2021-03-16,0.7750135660171509,-0.2548747452437335
2021-03-17,0.77455735206604,-0.25546357142647647
2021-03-18,0.7813000679016113,-0.24679599307094185
2021-03-19,0.7753699421882629,-0.25441501876250794
2021-03-22,0.7722502946853638,-0.25844656559029927
2021-03-23,0.7745501399040222,-0.25547288280358266
2021-03-24,0.7604701519012451,-0.27381841604611523
2021-03-25,0.7591003179550171,-0.27562133910162173
2021-03-26,0.7594000697135925,-0.27522653938355374
2021-03-28,0.7637377381324768,-0.26953082344357293
2021-03-29,0.7641170620918274,-0.26903427891972337
2021-03-30,0.7608798146247864,-0.27327986444069047
2021-03-31,0.7594098448753357,-0.2752136672503797
2021-04-01,0.7619001269340515,-0.27193979890120307
2021-04-04,0.7620998620986938,-0.2716776792591778
2021-04-05,0.7658727169036865,-0.26673928897071236
2021-04-06,0.7666947841644287,-0.265666491408436
2021-04-07,0.7613884806632996,-0.2726115643006697
2021-04-08,0.7659003138542175,-0.266703256281822
2021-04-11,0.7626002430915833,-0.27102131279189623
2021-04-12,0.7627707123756409,-0.27079780088594796
2021-04-13,0.7647499442100525,-0.2682063689030033
2021-04-14,0.772509753704071,-0.2581106441358085
2021-04-15,0.7751697301864624,-0.2546732669150452
2021-04-18,0.7714025974273682,-0.25954486605349164
2021-04-19,0.7767002582550049,-0.25270077105368755
2021-04-20,0.7723796963691711,-0.25827901519329866
2021-04-21,0.7754402756690979,-0.25432431329761834
2021-04-22,0.7705348134040833,-0.2606704423691151
2021-04-25,0.7743114233016968,-0.2557811306288067
2021-04-26,0.7799704074859619,-0.24849929913876792
2021-04-27,0.7770001888275146,-0.25231468559326475
2021-04-28,0.7801297307014465,-0.24829505171626132
2021-04-29,0.777762234210968,-0.25133441306649884
2021-05-02,0.7722997665405273,-0.25838250569813725
2021-05-03,0.7758914828300476,-0.2537426102915386
2021-05-04,0.7713799476623535,-0.2595742282796697
2021-05-05,0.7751199007034302,-0.2547375510101672
2021-05-06,0.7787312865257263,-0.2500892393127323
2021-05-09,0.7858793139457703,-0.2409520429403658
2021-05-10,0.7838999032974243,-0.24347394114832502
2021-05-11,0.7838096022605896,-0.24358914238505214
2021-05-12,0.7732301950454712,-0.2571784803599409
2021-05-13,0.7726202011108398,-0.25796768217120125
2021-05-16,0.7778711318969727,-0.25119440875885796
2021-05-17,0.7773698568344116,-0.2518390356476186
2021-05-18,0.7789981961250305,-0.24974654874304225
2021-05-19,0.772030234336853,-0.2587315660754632
2021-05-20,0.7770001888275146,-0.25231468559326475
2021-05-23,0.7730000615119934,-0.2574761508190476
2021-05-24,0.7750802040100098,-0.25478876593823796
2021-05-25,0.7753139734268188,-0.2544872046682297
2021-05-26,0.7739902138710022,-0.25619604904985716
2021-05-27,0.774250328540802,-0.2558600357946534
2021-05-30,0.7710099816322327,-0.2600539591573025
2021-05-31,0.7743498086929321,-0.25573155827502114
2021-06-01,0.7755900025367737,-0.2541312456699327
2021-06-02,0.7744301557540894,-0.25562780297979043
2021-06-03,0.7665772438049316,-0.26581981105111285
2021-06-06,0.7744001746177673,-0.25566651753197583
2021-06-07,0.7756296992301941,-0.2540800644047852
2021-06-08,0.7736998200416565,-0.256571310021228
2021-06-09,0.7729498147964478,-0.2575411551459451
2021-06-10,0.7747998237609863,-0.2551505749132014
2021-06-13,0.7708911895751953,-0.2602080443340838
2021-06-14,0.7712002992630005,-0.25980714763738
2021-06-15,0.7686217427253723,-0.26315631251176175
2021-06-16,0.7616726756095886,-0.2722383751501003
2021-06-17,0.7556899189949036,-0.2801241470009003
2021-06-20,0.7503997683525085,-0.2871491899888524
2021-06-21,0.7534897923469543,-0.2830398079921466
2021-06-22,0.7554810047149658,-0.28040064025257805
2021-06-23,0.7574437856674194,-0.27780595469237673
2021-06-24,0.7582076191902161,-0.2767980268997265
2021-06-27,0.7594998478889465,-0.2750951572242143
2021-06-28,0.756840169429779,-0.2786031846538762
2021-06-29,0.7513599991798401,-0.28587038231408196
2021-06-30,0.7497701644897461,-0.2879885667633694
2021-07-01,0.7465806603431702,-0.29225161647609493
2021-07-04,0.7518599033355713,-0.2852052711439553
2021-07-05,0.7543002963066101,-0.28196471929933575
2021-07-06,0.7494998574256897,-0.2883491516654004
2021-07-07,0.7484413981437683,-0.2897623705805585
2021-07-08,0.7433286309242249,-0.2966170293270005
2021-07-11,0.749007523059845,-0.28900625137671476
2021-07-12,0.7480998039245605,-0.29021888220171277
2021-07-13,0.7441999316215515,-0.29544555495143654
2021-07-14,0.7480382323265076,-0.2903011895778985
2021-07-15,0.7423000931739807,-0.29800167933799065
2021-07-18,0.7390999794006348,-0.30232207706217346
2021-07-19,0.7339202165603638,-0.3093549530597906
2021-07-20,0.7338911294937134,-0.3093945863092983
2021-07-21,0.7352616786956787,-0.3075288176950199
2021-07-22,0.7380498647689819,-0.3037438892265962
2021-07-25,0.7368219494819641,-0.3054090041997941
2021-07-26,0.738825261592865,-0.30269383850627607
2021-07-27,0.7366374135017395,-0.30565948410555244
2021-07-28,0.7377101182937622,-0.30420432518518187
2021-07-29,0.739609956741333,-0.3016323172269916
2021-08-01,0.7342305779457092,-0.30893216080829977
2021-08-02,0.7360599637031555,-0.30644369114919273
2021-08-03,0.7396799921989441,-0.3015376292887499
2021-08-04,0.7382999658584595,-0.30340507916047016
2021-08-05,0.7402998805046082,-0.30069993094791825
2021-08-08,0.7337833642959595,-0.30954143794214134
2021-08-09,0.733100175857544,-0.31047292087055706
2021-08-10,0.7343798875808716,-0.3087288262424886
2021-08-11,0.7374087572097778,-0.30461291745958297
2021-08-12,0.734149694442749,-0.3090423277787541
2021-08-15,0.736572265625,-0.30574792756028263
2021-08-16,0.7341066002845764,-0.309101028917431
2021-08-17,0.7255598902702332,-0.3208116597269667
2021-08-18,0.7230997681617737,-0.3242080744183841
2021-08-19,0.714620053768158,-0.33600427085885126
2021-08-22,0.7139797210693359,-0.3369007189095684
2021-08-23,0.7209597229957581,-0.3271720059541573
2021-08-24,0.724879801273346,-0.3217494292194759
2021-08-25,0.727660059928894,-0.3179212904879784
2021-08-26,0.7238398790359497,-0.323185072608799
2021-08-29,0.731598436832428,-0.31252349911009836
2021-08-30,0.7291233539581299,-0.3159123514687374
2021-08-31,0.7317901849746704,-0.31226143865605027
2021-09-01,0.7368001937866211,-0.3054385310299167
2021-09-02,0.7399300932884216,-0.3011995657755141
2021-09-05,0.7445018887519836,-0.29503988992108504
2021-09-06,0.7436713576316833,-0.2961560653509885
2021-09-07,0.7386598587036133,-0.30291773638202524
2021-09-08,0.7363770008087158,-0.30601306203826883
2021-09-09,0.7370826601982117,-0.3050552354182131
2021-09-12,0.7368110418319702,-0.30542380795358953
2021-09-13,0.7365902066230774,-0.3057235704395763
2021-09-14,0.7317097783088684,-0.3123713213590228
2021-09-15,0.7341200709342957,-0.3090826793669376
2021-09-16,0.7291499972343445,-0.31587581061554854
2021-09-19,0.7264010310173035,-0.31965303234404613
2021-09-20,0.7259702086448669,-0.3202462999237222
2021-09-21,0.7227997779846191,-0.3246230274242946
2021-09-22,0.7233999967575073,-0.32379296394643514
2021-09-23,0.7299802899360657,-0.31473774529179044
2021-09-26,0.7266121506690979,-0.31936243669640707
2021-09-27,0.7280601263046265,-0.31737164311812277
2021-09-28,0.7244277596473694,-0.32237323282448577
2021-09-29,0.7179998159408569,-0.33128596628372714
2021-09-30,0.7231180667877197,-0.32418276892773834
2021-10-03,0.7275214195251465,-0.3181118377236662
2021-10-04,0.7289697527885437,-0.31612303920800955
2021-10-05,0.7290754914283752,-0.31597799756347034
2021-10-06,0.728141188621521,-0.3172603091752848
2021-10-07,0.7316797971725464,-0.31241229628029943
2021-10-10,0.729490339756012,-0.3154091533879745
2021-10-11,0.7348402738571167,-0.30810211786562686
2021-10-12,0.7335088849067688,-0.30991556844346646
2021-10-13,0.7386069893836975,-0.3029893135923401
2021-10-14,0.741379976272583,-0.2992419966251251
2021-10-17,0.7424786686897278,-0.2977611377553727
2021-10-18,0.7417000532150269,-0.29881035849225385
2021-10-19,0.7477194666862488,-0.2907274158915521
2021-10-20,0.7515299320220947,-0.2856442408789033
2021-10-21,0.7463700175285339,-0.2925337996977594
2021-10-24,0.7469096779823303,-0.29181101416881555
2021-10-25,0.7491798400878906,-0.28877621735954956
2021-10-26,0.7512978315353394,-0.28595312589451055
2021-10-27,0.7500750422477722,-0.2875820211267187
2021-10-28,0.7531600594520569,-0.28347751141709043
2021-11-01,0.7518287897109985,-0.2852466542104385
2021-11-02,0.7520498633384705,-0.28495264959960626
2021-11-03,0.7438998222351074,-0.2958489007482959
2021-11-04,0.746900200843811,-0.29182370271593755
2021-11-05,0.740932822227478,-0.29984531605827164
2021-11-08,0.7395902872085571,-0.30165891204788553
2021-11-09,0.7414799928665161,-0.2991070997418505
2021-11-10,0.7376197576522827,-0.3043268206935637
2021-11-11,0.7334120869636536,-0.3100475427558008
2021-11-12,0.7291999459266663,-0.31580731033195675
2021-11-15,0.7332506775856018,-0.3102676470396278
2021-11-16,0.734489917755127,-0.3085790101402562
2021-11-17,0.7301614880561829,-0.31448955278914664
2021-11-18,0.7268604040145874,-0.319020836372268
2021-11-19,0.7279000878334045,-0.317591482191076
2021-11-22,0.7231698036193848,-0.32411122462076364
2021-11-23,0.7228044867515564,-0.3246165128240653
2021-11-24,0.7222198247909546,-0.3254257199603543
2021-11-25,0.7202001214027405,-0.32822615919928355
2021-11-26,0.7173703908920288,-0.33216298753744444
2021-11-29,0.7142806053161621,-0.33647938920416565
2021-11-30,0.714580237865448,-0.33605998859548114
2021-12-01,0.7124998569488525,-0.33897556761289194
2021-12-02,0.7107598185539246,-0.3414207141898859
2021-12-03,0.70878005027771,-0.34421002585809074
2021-12-06,0.7017898559570312,-0.3541212702591866
2021-12-07,0.7049203515052795,-0.3496704591404598
2021-12-08,0.712259829044342,-0.33931250570728216
2021-12-09,0.7170000672340393,-0.3326793446111971
2021-12-10,0.7146124243736267,-0.3360149470709413
2021-12-13,0.7166095972061157,-0.33322408150473876
2021-12-14,0.7133176326751709,-0.3378284701450311
2021-12-15,0.7106002569198608,-0.34164523384185486
2021-12-16,0.7166501879692078,-0.33316744032423157
2021-12-17,0.717560887336731,-0.3318974745491759
2021-12-20,0.7116981744766235,-0.34010136969829385
2021-12-21,0.7109498381614685,-0.3411534027767884
2021-12-22,0.7147799134254456,-0.33578059706338037
2021-12-23,0.72139972448349,-0.32656189243197015
2021-12-24,0.7233200073242188,-0.3239035443395235
2021-12-27,0.7231285572052002,-0.32416826183426395
2021-12-28,0.7236999869346619,-0.3233783551635831
2021-12-29,0.7233999967575073,-0.32379296394643514
2021-12-30,0.7258790135383606,-0.320371926063452
2021-12-31,0.7249801754951477,-0.3216109686459441
2022-01-03,0.7268181443214417,-0.31907897810271596
2022-01-04,0.7197999358177185,-0.3287819725040369
2022-01-05,0.7238802313804626,-0.3231293265509345
2022-01-06,0.7220800518989563,-0.3256192710292015
2022-01-07,0.7162600159645081,-0.33371202715636034
2022-01-10,0.7179111242294312,-0.3314095000058507
2022-01-11,0.71809983253479,-0.33114667707186646
2022-01-12,0.7209799885749817,-0.32714389717948056
2022-01-13,0.7282207608222961,-0.3171510338665132
2022-01-14,0.7282260060310364,-0.31714383111958194
2022-01-17,0.7216517329216003,-0.3262126208389455
2022-01-18,0.7210798263549805,-0.32700543166074875
2022-01-19,0.7187501788139343,-0.33024143808600354
2022-01-20,0.721700131893158,-0.3261455561504858
2022-01-21,0.7217090129852295,-0.32613325043369973
2022-01-24,0.7187884449958801,-0.33018819961112567
2022-01-25,0.715449869632721,-0.3348437458465864
2022-01-26,0.7158800363540649,-0.334242673050586
2022-01-27,0.7122999429702759,-0.33925618806202434
2022-01-28,0.7035500407218933,-0.351616273867278
2022-01-31,0.6997998356819153,-0.35696093385578576
2022-02-01,0.7068301439285278,-0.34696489099025996
2022-02-02,0.7133991122245789,-0.33771425048680137
2022-02-03,0.7120797634124756,-0.3395653465800338
2022-02-04,0.7145000696182251,-0.3361721841759355
2022-02-07,0.7080298066139221,-0.3452690864374082
2022-02-08,0.7129998207092285,-0.3382741100275803
2022-02-09,0.7145919799804688,-0.33604355654499146
2022-02-10,0.7177411317825317,-0.3316463156371876
2022-02-11,0.7161697745323181,-0.333838024860273
2022-02-14,0.7144796252250671,-0.3362007981488745
2022-02-15,0.7132098078727722,-0.33797964116290174
2022-02-16,0.7149087190628052,-0.335600410084508
2022-02-17,0.7194502949714661,-0.3292678377770115
2022-02-18,0.71893310546875,-0.32998696388044985
2022-02-21,0.7171697616577148,-0.33244269979961494
2022-02-22,0.718450129032135,-0.3306589857090045
2022-02-23,0.7226895689964294,-0.32477551417714884
2022-02-24,0.7227997779846191,-0.3246230274242946
2022-02-25,0.7160200476646423,-0.33404711288184763
2022-02-28,0.7186489701271057,-0.3303822600519417
2022-03-01,0.7262001037597656,-0.3199296771214855
2022-03-02,0.7261425852775574,-0.3200088849870567
2022-03-03,0.729341447353363,-0.3156132789142779
2022-03-04,0.7336999773979187,-0.3096550840678061
2022-03-07,0.7394808530807495,-0.3018068888760804
2022-03-08,0.7328498363494873,-0.31081445981582195
2022-03-09,0.7267916798591614,-0.3191153901602612
2022-03-10,0.731689989566803,-0.3123983662479192
2022-03-11,0.7365999817848206,-0.30571029969989827
2022-03-14,0.72965008020401,-0.3151902019471795
2022-03-15,0.71986985206604,-0.32868484433066697
2022-03-16,0.7191000580787659,-0.329754768107782
2022-03-17,0.7288799285888672,-0.31624626755032437
2022-03-18,0.738099992275238,-0.30367597267186947
2022-03-21,0.7409987449645996,-0.29975634739247825
2022-03-22,0.7395793199539185,-0.3016737409824252
2022-03-23,0.7462301850318909,-0.2927211673489392
2022-03-24,0.7499175071716309,-0.2877920689389982
2022-03-25,0.7514277100563049,-0.285780268619254
2022-03-27,0.7518231272697449,-0.2852541857956275
2022-03-28,0.7499501705169678,-0.2877485139696793
2022-03-29,0.7514672875404358,-0.2857276002901914
2022-03-30,0.7503001093864441,-0.2872820066401886
2022-03-31,0.7491927742958069,-0.2887589530185006
2022-04-03,0.7486487030982971,-0.2894854267203569
2022-04-04,0.7543901801109314,-0.28184556456768917
2022-04-05,0.7585699558258057,-0.2763202552759231
2022-04-06,0.7505084872245789,-0.28700431921229896
2022-04-07,0.7478480935096741,-0.2905554051751314
2022-04-10,0.7446514964103699,-0.29483896010367305
2022-04-11,0.7415317296981812,-0.2990373270881367
2022-04-12,0.7454997897148132,-0.29370042685006886
2022-04-13,0.7451497912406921,-0.29417001874480303
2022-04-14,0.7410151958465576,-0.2997341466809928
2022-04-17,0.7393824458122253,-0.3019399738863624
2022-04-18,0.7357593774795532,-0.3068521464797767
2022-04-19,0.7393988370895386,-0.30191780525668954
2022-04-20,0.7446997761726379,-0.2947741268260256
2022-04-21,0.7361114025115967,-0.30637380959920124
2022-04-24,0.7236937284469604,-0.32338700310454754
2022-04-25,0.717849850654602,-0.3314948534538663
2022-04-26,0.714600145816803,-0.3360321293391079
2022-04-27,0.7125704288482666,-0.33887652421808523
2022-04-28,0.710883617401123,-0.34124655118335356
2022-05-01,0.7065390348434448,-0.3473768273669291
2022-05-02,0.7050997614860535,-0.3494159805268725
2022-05-03,0.7103786468505859,-0.341957145680213
2022-05-04,0.7252898812294006,-0.3211838678621627
2022-05-05,0.712100088596344,-0.33953680357847243
2022-05-08,0.7046997547149658,-0.3499834467193701
2022-05-09,0.6957392692565918,-0.3627803019698281
2022-05-10,0.693600058555603,-0.3658597690930821
2022-05-11,0.692750096321106,-0.3670859561974047
2022-05-12,0.6871907711029053,-0.37514333811282774
2022-05-15,0.6946181058883667,-0.36439307237157176
2022-05-16,0.6972820162773132,-0.36056533559784437
2022-05-17,0.7032843232154846,-0.35199402624009435
2022-05-18,0.695900022983551,-0.36254927410424453
2022-05-19,0.7041500210762024,-0.3507638474066681
2022-05-22,0.7062894701957703,-0.34773011108024615
2022-05-23,0.7088980674743652,-0.3440435322154929
2022-05-24,0.7103200554847717,-0.3420396281457085
2022-05-25,0.708939790725708,-0.3439846774584224
2022-05-26,0.7098793983459473,-0.3426601848594531
2022-05-29,0.7162810564041138,-0.33368265216668214
2022-05-30,0.7195202112197876,-0.3291706624032624
2022-05-31,0.7182618379592896,-0.33092109958882104
2022-06-01,0.7173600792884827,-0.33217736181018853
2022-06-02,0.726900041103363,-0.31896630594544484
2022-06-05,0.7204922437667847,-0.3278206286708931
2022-06-06,0.7188607454299927,-0.3300876181415224
2022-06-07,0.7220602631568909,-0.3256466765961819
2022-06-08,0.7186489701271057,-0.3303822600519417
2022-06-09,0.7098188996315002,-0.34274541242445034
2022-06-12,0.7018282413482666,-0.3540665753370869
2022-06-13,0.6941600441932678,-0.36505273383252224
2022-06-14,0.6889899373054504,-0.37252861285676875
2022-06-15,0.7016903758049011,-0.35426303235892326
2022-06-16,0.704049825668335,-0.350906150231467
2022-06-19,0.6953000426292419,-0.363411810566593
2022-06-20,0.6969500780105591,-0.3610414948748912
2022-06-21,0.6961801052093506,-0.3621468802708631
2022-06-22,0.6905218958854675,-0.3703075964466012
2022-06-23,0.6903502941131592,-0.3705561375852157
2022-06-26,0.6943383812904358,-0.3647958561942397
2022-06-27,0.6922522783279419,-0.36780482574407747
2022-06-28,0.6904398798942566,-0.37042637741903045
2022-06-29,0.6880465745925903,-0.37389874771127407
2022-06-30,0.6897598505020142,-0.37141178472247116
2022-07-03,0.6815796494483948,-0.3833421609426983
2022-07-04,0.6873797178268433,-0.37486842063620546
2022-07-05,0.6793201565742493,-0.38666275065885913
2022-07-06,0.6786000728607178,-0.3877233192628445
2022-07-07,0.6849000453948975,-0.37848237049868055
2022-07-10,0.6845798492431641,-0.37894998767045757
2022-07-11,0.6743316054344177,-0.3940332928667762
2022-07-12,0.674700140953064,-0.3934869224365753
2022-07-13,0.6732302308082581,-0.39566791154144565
2022-07-14,0.6754885315895081,-0.39231909938772574
2022-07-17,0.6814774870872498,-0.3834920627459286
2022-07-18,0.6810198426246643,-0.38416383577596114
2022-07-19,0.6897978782653809,-0.3713566543533922
2022-07-20,0.6887384057044983,-0.3728937524795732
2022-07-21,0.692290186882019,-0.36775006605986527
2022-07-24,0.6904694437980652,-0.3703835593957093
2022-07-25,0.6951202750205994,-0.36367039080648494
2022-07-26,0.6947387456893921,-0.36421940957041077
2022-07-27,0.6994900107383728,-0.3574037655527328
2022-07-28,0.7000839710235596,-0.3565549925281054
2022-07-31,0.6971215605735779,-0.3607954780144408
2022-08-01,0.7023902535438538,-0.3532661126916508
2022-08-02,0.6890298128128052,-0.37247073921981627
2022-08-03,0.693899929523468,-0.3654275226424727
2022-08-04,0.6959198713302612,-0.36252075267443507
2022-08-07,0.6902502179145813,-0.37070111246807474
2022-08-08,0.6987700462341309,-0.3584335662171772
2022-08-09,0.6957005858421326,-0.3628359039627241
2022-08-10,0.7078142762184143,-0.34557354142618285
2022-08-11,0.7102898359298706,-0.34208217262620005
2022-08-14,0.7116677761077881,-0.3401440830550769
2022-08-15,0.7020002603530884,-0.3538215040830494
2022-08-16,0.7019400596618652,-0.3539072636988989
2022-08-17,0.693040132522583,-0.36666737018102913
2022-08-18,0.691119909286499,-0.3694419401873061
2022-08-21,0.6877105832099915,-0.3743871934916552
2022-08-22,0.6878700256347656,-0.3741553751242502
2022-08-23,0.6923002004623413,-0.3677356017382667
2022-08-24,0.6907985806465149,-0.3699069873635557
2022-08-25,0.6963981986045837,-0.36183365781662996
2022-08-28,0.6866905689239502,-0.3758714973598942
2022-08-29,0.6907508373260498,-0.3699761029809386
2022-08-30,0.6857398152351379,-0.377257001283265
2022-08-31,0.6828502416610718,-0.3814797089570972
2022-09-01,0.6795302033424377,-0.38635359701537136
2022-09-04,0.6790295243263245,-0.38709067029758876
2022-09-05,0.6813998818397522,-0.3836059471633396
2022-09-06,0.6730109453201294,-0.3959936859924971
2022-09-07,0.6751401424407959,-0.3928349912285222
2022-09-08,0.6765899658203125,-0.3906898530435886
2022-09-11,0.6846998333930969,-0.3787747361834729
2022-09-12,0.689398467540741,-0.371935847790237
2022-09-13,0.6743001937866211,-0.3940798758523182
2022-09-14,0.6751797795295715,-0.3927762835280105
2022-09-15,0.6687299013137817,-0.4023750353337875
2022-09-18,0.6726998686790466,-0.3964560091653327
2022-09-19,0.6733698844909668,-0.3954604948308383
2022-09-20,0.6694202423095703,-0.40134325117963743
2022-09-21,0.661010205745697,-0.4139859993923113
2022-09-22,0.66454017162323,-0.4086599487460484
2022-09-25,0.653069794178009,-0.42607127306192083
2022-09-26,0.6476000547409058,-0.43448197264977584
2022-09-27,0.6438001394271851,-0.4403669435483551
2022-09-28,0.6504995822906494,-0.43001462316560274
2022-09-29,0.6512998938560486,-0.4287850764022364
2022-10-02,0.6420958042144775,-0.44301775867712134
2022-10-03,0.6501798629760742,-0.4305062420993501
2022-10-04,0.6514102220535278,-0.42861569382602754
2022-10-05,0.651269793510437,-0.4288312932701842
2022-10-06,0.6414409279823303,-0.44403818337170947
2022-10-09,0.6369832158088684,-0.4510119725657935
2022-10-10,0.6294810771942139,-0.46285948600639626
2022-10-11,0.6266409754753113,-0.4673815092485848
2022-10-12,0.6277306079864502,-0.46564417272154857
2022-10-13,0.630099892616272,-0.4618769124574524
2022-10-16,0.6223937273025513,-0.4741823844101432
2022-10-17,0.6298815608024597,-0.4622234759967888
2022-10-18,0.6316401362419128,-0.45943545168820643
2022-10-19,0.6263701915740967,-0.46781372232465435
2022-10-20,0.6274706721305847,-0.4660583467089381
2022-10-23,0.6371902227401733,-0.4506870451628774
2022-10-24,0.6329598426818848,-0.45734829853140924
2022-10-25,0.6385700106620789,-0.4485239608719986
2022-10-26,0.6493498086929321,-0.43178371103926033
2022-10-27,0.6450905799865723,-0.43836453795859903
2022-10-31,0.6401310563087463,-0.4460823481096406
2022-11-01,0.6409898996353149,-0.4447415793848096
2022-11-02,0.6396700143814087,-0.4468028381261604
2022-11-03,0.6338501572608948,-0.455942697493157
2022-11-04,0.6288517117500305,-0.4638598024603475
2022-11-07,0.6439315676689148,-0.4401628199075969
2022-11-08,0.6474796533584595,-0.4346679092867877
2022-11-09,0.65091872215271,-0.4293704953319596
2022-11-10,0.6434178352355957,-0.44096094426984195
2022-11-11,0.6606900691986084,-0.4144704307863544
2022-11-14,0.6698821187019348,-0.4006535243126944
2022-11-15,0.669189989566803,-0.4016872687876837
2022-11-16,0.6769499778747559,-0.39015789672473755
2022-11-17,0.6739497780799866,-0.39459968408052026
2022-11-18,0.6689200401306152,-0.40209074747607076
2022-11-21,0.6682080030441284,-0.403155772112156
2022-11-22,0.6607800126075745,-0.41433430449739295
2022-11-23,0.66498202085495,-0.4079952750001164
2022-11-24,0.6743502020835876,-0.39400571534764983
2022-11-25,0.6765598058700562,-0.39073443044498546
2022-11-28,0.6711905002593994,-0.39870227729729896
2022-11-29,0.665198802947998,-0.4076693312019679
2022-11-30,0.668408989906311,-0.40285503246159415
2022-12-01,0.6799598932266235,-0.38572146310048866
2022-12-02,0.6811015009880066,-0.3840439369669115
2022-12-05,0.6813009977340698,-0.3837510767472977
2022-12-06,0.6707807779312134,-0.39931290488311355
2022-12-07,0.6698821187019348,-0.4006535243126944
2022-12-08,0.6726998686790466,-0.3964560091653327
2022-12-09,0.6776500344276428,-0.38912429771565266
2022-12-12,0.6781408190727234,-0.3884003148605529
2022-12-13,0.6754000186920166,-0.39245014335519396
2022-12-14,0.6842299699783325,-0.37946120444803794
2022-12-15,0.6857798099517822,-0.37719867952698655
2022-12-16,0.6705918908119202,-0.39959453745986595
2022-12-19,0.6687487363815308,-0.40234687029665056
2022-12-20,0.6707807779312134,-0.39931290488311355
2022-12-21,0.6688498258590698,-0.40219571959929606
2022-12-22,0.6716818809509277,-0.3979704419861629
2022-12-23,0.6678001284599304,-0.4037663591097227
2022-12-26,0.6712490320205688,-0.39861507521512085
2022-12-27,0.674458920955658,-0.39384450814575783
2022-12-28,0.6729927659034729,-0.39602069842419546
2022-12-29,0.6747100949287415,-0.393472169360879
2022-12-30,0.6766000390052795,-0.39067496498658066
2023-01-02,0.6823097467422485,-0.38227155013564923
2023-01-03,0.6805600523948669,-0.384839213326638
2023-01-04,0.6727999448776245,-0.3963072522532111
2023-01-05,0.6829108595848083,-0.38139094098190585
2023-01-06,0.6755697727203369,-0.39219883643435416
2023-01-09,0.689398467540741,-0.371935847790237
2023-01-10,0.6909699440002441,-0.36965895254216385
2023-01-11,0.6895001530647278,-0.3717883597550013
2023-01-12,0.6910998225212097,-0.3694710046910582
2023-01-13,0.6967815160751343,-0.3612833806683423
2023-01-16,0.6973500847816467,-0.36046772060054744
2023-01-17,0.6966398358345032,-0.36148673658925623
2023-01-18,0.6988413333892822,-0.3583315533740471
2023-01-19,0.6944000720977783,-0.3647070118085563
2023-01-20,0.691399872303009,-0.36903693618799266
2023-01-23,0.6982703804969788,-0.35914888661721334
2023-01-24,0.702928364276886,-0.3525002923965123
2023-01-25,0.7046719789505005,-0.35002286252969955
2023-01-26,0.7108199596405029,-0.3413361025662025
2023-01-27,0.7113898396492004,-0.3405347017609454
2023-01-30,0.7107977271080017,-0.3413673803600992
2023-01-31,0.7058099508285522,-0.348409269188394
2023-02-01,0.7051399946212769,-0.3493589219521726
2023-02-02,0.7145000696182251,-0.3361721841759355
2023-02-03,0.7074687480926514,-0.346061822747576
2023-02-06,0.6920798420906067,-0.3680539512764315
2023-02-07,0.6887801885604858,-0.3728330885347461
2023-02-08,0.6964598298072815,-0.36174516178691146
2023-02-09,0.6930001974105835,-0.36672499492851757
2023-02-10,0.6939384341239929,-0.36537203404734037
2023-02-13,0.6913477778434753,-0.3691122853806712
2023-02-14,0.6970000863075256,-0.36096974439446783
2023-02-15,0.6987583041191101,-0.3584503703342716
2023-02-16,0.690689742565155,-0.3700645537790749
2023-02-17,0.6862400770187378,-0.37652774598062566
2023-02-20,0.686940610408783,-0.3755074382276373
2023-02-21,0.6909002065658569,-0.3697598845066004
2023-02-22,0.686190128326416,-0.3766005346618268
2023-02-23,0.6812916994094849,-0.38376472473558443
2023-02-24,0.6810133457183838,-0.3841733757876674
2023-02-27,0.6735684871673584,-0.3951655998571561
2023-02-28,0.6743001937866211,-0.3940798758523182
2023-03-01,0.6730788350105286,-0.3958928165089771
2023-03-02,0.6759798526763916,-0.3915920071164616
2023-03-03,0.6735000014305115,-0.3952672810077221
2023-03-06,0.6754611730575562,-0.39235960205316406
2023-03-07,0.6733099818229675,-0.3955494583173167
2023-03-08,0.6591001749038696,-0.4168797455557699
2023-03-09,0.6594000458717346,-0.4164248787786389
2023-03-10,0.6591001749038696,-0.4168797455557699
2023-03-13,0.6634203791618347,-0.4103464336738509
2023-03-14,0.6659198999404907,-0.40658588603443113
2023-03-15,0.6689097881317139,-0.4021060737884088
2023-03-16,0.6618300080299377,-0.4127465414734247
2023-03-17,0.6663401126861572,-0.40595505908530866
2023-03-20,0.6713212132453918,-0.398507548290333
2023-03-21,0.6716899871826172,-0.3979583735010593
2023-03-22,0.667789876461029,-0.40378171112473293
2023-03-23,0.6699314713478088,-0.4005798533986764
2023-03-24,0.6681597828865051,-0.4032279381103967
2023-03-26,0.665530800819397,-0.4071703599949741
2023-03-27,0.6660095453262329,-0.4064512762227836
2023-03-28,0.6706907749176025,-0.39944709038045745
2023-03-29,0.6682482361793518,-0.4030955634288415
2023-03-30,0.6716818809509277,-0.3979704419861629
2023-04-02,0.6658897995948792,-0.406631088206524
2023-04-03,0.6788502335548401,-0.3873547448910653
2023-04-04,0.6758081316947937,-0.39184607208006084
2023-04-05,0.6716683506965637,-0.397990586032065
2023-04-06,0.6676012873649597,-0.40406415884856356
2023-04-09,0.6673500537872314,-0.40444055246374583
2023-04-10,0.6648299694061279,-0.4082239561228589
2023-04-11,0.6654002070426941,-0.40736660424257304
2023-04-12,0.6699000597000122,-0.40062674235012213
2023-04-13,0.6783998608589172,-0.3880183996062967
2023-04-16,0.6705199480056763,-0.39970182576234836
2023-04-17,0.6700401306152344,-0.4004176719501972
2023-04-18,0.6735698580741882,-0.39516356456978613
2023-04-19,0.6705514192581177,-0.39965489126920295
2023-04-20,0.6743178963661194,-0.39405362293516016
2023-04-23,0.6693485379219055,-0.40145037107784864
2023-04-24,0.6703805327415466,-0.3999097685092319
2023-04-25,0.663640022277832,-0.410015411637831
2023-04-26,0.6608380675315857,-0.4142464501846819
2023-04-27,0.6630398035049438,-0.41092025514592617
2023-04-30,0.6612401008605957,-0.41363826626482914
2023-05-01,0.6622801423072815,-0.4120666368679515
2023-05-02,0.6673001646995544,-0.4045153122577491
2023-05-03,0.6641517877578735,-0.40924455960889855
2023-05-04,0.6696098446846008,-0.4010600575783297
2023-05-07,0.6747683882713318,-0.3933857754785722
2023-05-08,0.6780994534492493,-0.38846131529583716
2023-05-09,0.6766906976699829,-0.3905409824470094
2023-05-10,0.6781914234161377,-0.38832569546885437
2023-05-11,0.669989824295044,-0.40049275433179576
2023-05-14,0.6646903157234192,-0.4084340374353208
2023-05-15,0.6703001260757446,-0.4000297175297083
2023-05-16,0.6657789945602417,-0.4067975035124612
2023-05-17,0.6655617952346802,-0.407123790108881
2023-05-18,0.6629980802536011,-0.4109831843455631
2023-05-21,0.666100025177002,-0.4063154317653731
2023-05-22,0.6649687886238098,-0.4080151738280223
2023-05-23,0.6613581776618958,-0.4134597134819756
2023-05-24,0.6545102000236511,-0.42386810930189817
2023-05-25,0.6498485803604126,-0.4310158965219599
2023-05-28,0.6526989340782166,-0.426639306438336
2023-05-29,0.6528502106666565,-0.42640756244045447
2023-05-30,0.6517800092697144,-0.42804818308627046
2023-05-31,0.6506401300430298,-0.4297985852542321
2023-06-01,0.657799482345581,-0.4188551321755274
2023-06-04,0.6599997878074646,-0.415515765465559
2023-06-05,0.6613494157791138,-0.4134729618867259
2023-06-06,0.6679089665412903,-0.40360339236493065
2023-06-07,0.665860116481781,-0.4066756658148944
2023-06-08,0.671259880065918,-0.39859891436098915
2023-06-11,0.6744998693466187,-0.39378379703839467
2023-06-12,0.6753101944923401,-0.3925831462731139
2023-06-13,0.6769289374351501,-0.3901889784401989
2023-06-14,0.6796895265579224,-0.38611916366701793
2023-06-15,0.688029944896698,-0.37392291743680545
2023-06-18,0.6875999569892883,-0.3745480680253815
2023-06-19,0.6851379871368408,-0.37813501993076093
2023-06-20,0.6788820624351501,-0.38730785953611
2023-06-21,0.6798702478408813,-0.3858533110176141
2023-06-22,0.6760699152946472,-0.39145878329508704
2023-06-25,0.6680517792701721,-0.4033895945720335
2023-06-26,0.6674498319625854,-0.4042910496407308
2023-06-27,0.668140172958374,-0.40325728770072894
2023-06-28,0.6600616574287415,-0.4154220279784967
2023-06-29,0.6619710922241211,-0.4125333913337392
2023-07-02,0.6658321619033813,-0.4067176493554728
2023-07-03,0.6674097180366516,-0.4043511517330385
2023-07-04,0.6692701578140259,-0.40156747702925794
2023-07-05,0.6656903028488159,-0.40693072733028346
2023-07-06,0.6628398895263672,-0.41122181188767637
2023-07-09,0.6688382029533386,-0.40221309720226645
2023-07-10,0.667900025844574,-0.40361677855527284
2023-07-11,0.6693798899650574,-0.4014035325368802
2023-07-12,0.6792786121368408,-0.38672390843167354
2023-07-13,0.6888617873191833,-0.3727146270473327
2023-07-16,0.6837793588638306,-0.3801199881584974
2023-07-17,0.6810500025749207,-0.3841195503079764
2023-07-18,0.6814821362495422,-0.383485240588892
2023-07-19,0.6769999265670776,-0.3900841145379955
2023-07-20,0.6778190732002258,-0.3888748803405047
2023-07-23,0.6725800037384033,-0.39663420991510695
2023-07-24,0.6733009219169617,-0.3955629141804481
2023-07-25,0.6787599325180054,-0.38748777429703846
2023-07-26,0.6759999394416809,-0.39156229252248925
2023-07-27,0.6711859703063965,-0.3987090264516566
2023-07-30,0.6660805344581604,-0.4063446931424469
2023-07-31,0.6716818809509277,-0.3979704419861629
2023-08-01,0.6617608070373535,-0.4128511070111415
2023-08-02,0.6544999480247498,-0.4238837730443326
2023-08-03,0.6561206579208374,-0.4214105771936779
2023-08-06,0.657371461391449,-0.41950603002463505
2023-08-07,0.6572591066360474,-0.4196769598027913
2023-08-08,0.6531601548194885,-0.4259329197165654
2023-08-09,0.6536802053451538,-0.42513702976861256
2023-08-10,0.6512498259544373,-0.42886195316306097
2023-08-13,0.6495404839515686,-0.4314901138646784
2023-08-14,0.6488400101661682,-0.43256911013200283
2023-08-15,0.6457903981208801,-0.4372802889616195
2023-08-16,0.6414697170257568,-0.4439933025477123
2023-08-17,0.6406888961791992,-0.4452112812518182
2023-08-20,0.6414697170257568,-0.4439933025477123
2023-08-21,0.6414080262184143,-0.44408947820858874
2023-08-22,0.6427999138832092,-0.4419217790901494
2023-08-23,0.6480587720870972,-0.4337738890773735
2023-08-24,0.6413956880569458,-0.44410871445078476
2023-08-27,0.6416714191436768,-0.44367891449811175
2023-08-28,0.6428180932998657,-0.44189349787978033
2023-08-29,0.647659957408905,-0.434389477448071
2023-08-30,0.6478782296180725,-0.4340525175445831
2023-08-31,0.6488408446311951,-0.4325678240453294
2023-09-03,0.6452862024307251,-0.43806133590425794
2023-09-04,0.6458100080490112,-0.4372499236442366
2023-09-05,0.6375396251678467,-0.45013884675519594
2023-09-06,0.6383001804351807,-0.4489466040393246
2023-09-07,0.6377400159835815,-0.4498245771457427
2023-09-10,0.6397993564605713,-0.4466006573119091
2023-09-11,0.643200159072876,-0.4412993138026163
2023-09-12,0.6428180932998657,-0.44189349787978033
2023-09-13,0.6421617865562439,-0.4429150030581574
2023-09-14,0.6432398557662964,-0.44123759822633585
2023-09-17,0.6440501809120178,-0.4399786352426061
2023-09-18,0.643960177898407,-0.4401183903511604
2023-09-19,0.646600067615509,-0.4360273091199638
2023-09-20,0.6436100006103516,-0.4406623254352966
2023-09-21,0.6409598588943481,-0.44478844665206785
2023-09-24,0.6440999507904053,-0.4399013618298457
2023-09-25,0.6422001123428345,-0.4428553223923967
2023-09-26,0.6393861770629883,-0.44724666119660583
2023-09-27,0.634759783744812,-0.45450864497566873
2023-09-28,0.6427974700927734,-0.4419255808876114
2023-10-01,0.6437202095985413,-0.4404911044267551
2023-10-02,0.6362699270248413,-0.45213239211890444
2023-10-03,0.6308901309967041,-0.4606235504655505
2023-10-04,0.6329101920127869,-0.45742674366047076
2023-10-05,0.6371049880981445,-0.45082082051011396
2023-10-08,0.6371999979019165,-0.45067170423890446
2023-10-09,0.6420900225639343,-0.4430267630601673
2023-10-10,0.643347442150116,-0.441070355188503
2023-10-11,0.6418097615242004,-0.44346334081749506
2023-10-12,0.6316800117492676,-0.45937232357704416
2023-10-15,0.6312999725341797,-0.45997413711532237
2023-10-16,0.6337798237800598,-0.45605366596496516
2023-10-17,0.6362699270248413,-0.45213239211890444
2023-10-18,0.6332400441169739,-0.4569057121079159
2023-10-19,0.6326999664306641,-0.4577589558865718
2023-10-22,0.6320393085479736,-0.45880368969985863
2023-10-23,0.6336702108383179,-0.45622663206070274
2023-10-24,0.6360999345779419,-0.4523995981460838
2023-10-25,0.6296999454498291,-0.4625118501162685
2023-10-26,0.6335999369621277,-0.4563375379735173
2023-10-30,0.6338903307914734,-0.4558793193318209
2023-10-31,0.637100100517273,-0.45082849208655845
2023-11-01,0.6339948177337646,-0.45571449849982465
2023-11-02,0.642259955406189,-0.4427621422852056
2023-11-03,0.6427900195121765,-0.4419371718227399
2023-11-06,0.6516865491867065,-0.4281915854352784
2023-11-07,0.6489419341087341,-0.4324120360669411
2023-11-08,0.6430099010467529,-0.44159515665661014
2023-11-09,0.6405698657035828,-0.44539708365099
2023-11-10,0.6361699104309082,-0.4522895965559159
2023-11-13,0.6364598870277405,-0.4518338841367509
2023-11-14,0.6381002068519592,-0.44925994393932667
2023-11-15,0.6499837636947632,-0.4308078953355665
2023-11-16,0.6511502265930176,-0.4290149005795157
2023-11-17,0.6470816731452942,-0.43528275883860895
2023-11-20,0.6513597369194031,-0.42869319812185863
2023-11-21,0.6564001441001892,-0.42098470023516316
2023-11-22,0.6559097170829773,-0.42173212590733017
2023-11-23,0.6542789936065674,-0.4242214227623303
2023-11-24,0.6560100317001343,-0.42157919792915843
2023-11-27,0.658129870891571,-0.4183529949565053
2023-11-28,0.661250114440918,-0.41362312274209206
2023-11-29,0.6658999919891357,-0.4066157818956915
2023-11-30,0.6619009971618652,-0.4126392853440191
2023-12-01,0.6606799960136414,-0.41448567736296826
2023-12-04,0.6682884097099304,-0.4030354475603926
2023-12-05,0.6617100238800049,-0.41292784940120747
2023-12-06,0.6554699540138245,-0.4224028135736559
2023-12-07,0.6551401019096375,-0.4229061701741347
2023-12-08,0.6594479084014893,-0.41635229644703564
2023-12-11,0.6579799652099609,-0.4185807961295478
2023-12-12,0.6565001010894775,-0.4208324312568494
2023-12-13,0.6564600467681885,-0.4208934450223728
2023-12-14,0.6665000319480896,-0.40571509142925694
2023-12-15,0.6702682375907898,-0.40007729210453064
2023-12-18,0.6698910593986511,-0.40064017773006
2023-12-19,0.6703715920448303,-0.3999231053468936
2023-12-20,0.6762998700141907,-0.39111870660266496
2023-12-21,0.6739816665649414,-0.3945523693820058
2023-12-22,0.6796802878379822,-0.3861327563183222
2023-12-25,0.6808788776397705,-0.3843708482113203
2023-12-26,0.6806008219718933,-0.3847793091994972
2023-12-27,0.6823800802230835,-0.38216847399408577
2023-12-28,0.6854700446128845,-0.37765047952993386
2023-12-29,0.6826302409172058,-0.38180194094587555
2024-01-01,0.6820491552352905,-0.38265354861090256
2024-01-02,0.6810504198074341,-0.38411893767691546
2024-01-03,0.6765698194503784,-0.3907196298225838
2024-01-04,0.6736002564430237,-0.39511843534889113
2024-01-05,0.6706593036651611,-0.39949401512135796
2024-01-08,0.6716412901878357,-0.39803087534125786
2024-01-09,0.6720001101493835,-0.3974967745462278
2024-01-10,0.6684702038764954,-0.4027634550468034
2024-01-11,0.6703999042510986,-0.3998808726378142
2024-01-12,0.6698498129844666,-0.40070175144934833
2024-01-15,0.6689097881317139,-0.4021060737884088
2024-01-16,0.6650399565696716,-0.40790815506414285
2024-01-17,0.6588900089263916,-0.41719866443974607
2024-01-18,0.6551997661590576,-0.4228151033434363
2024-01-19,0.6582845449447632,-0.41811800200589155
2024-01-22,0.6595479249954224,-0.41620064078354924
2024-01-23,0.6570599675178528,-0.41997998990200314
2024-01-24,0.6586300730705261,-0.41759324796494607
2024-01-25,0.6576697826385498,-0.4190523237191141
2024-01-26,0.6585879921913147,-0.41765714153023414
2024-01-29,0.6578601002693176,-0.4187629838347553
2024-01-30,0.6614194512367249,-0.41336706967921644
2024-01-31,0.659480094909668,-0.41630348937325407
2024-02-01,0.656150758266449,-0.42136470201077664
2024-02-02,0.6574898362159729,-0.41932597327635424
2024-02-05,0.6505080461502075,-0.43000161192819997
2024-02-06,0.6480293273925781,-0.4338193253321095
2024-02-07,0.6529674530029297,-0.4262279932098488
2024-02-08,0.6521880626678467,-0.42742231897159816
2024-02-09,0.6497599482536316,-0.43115229468335536
2024-02-12,0.6525583267211914,-0.4268547541692805
2024-02-13,0.6528898477554321,-0.4263468503737117
2024-02-14,0.6453399062156677,-0.4379781146140425
2024-02-15,0.6498798131942749,-0.430967835967119
2024-02-16,0.6525498628616333,-0.4268677245262605
2024-02-19,0.6537913680076599,-0.4249669875817849
2024-02-20,0.6530783176422119,-0.4260582217637933
2024-02-21,0.6553500890731812,-0.42258569899962956
2024-02-22,0.6553199887275696,-0.42263163023148825
2024-02-23,0.6559101939201355,-0.4217313989216301
2024-02-26,0.6565384864807129,-0.4207739632245925
2024-02-27,0.6539598107337952,-0.42470938089053517
2024-02-28,0.6543898582458496,-0.4240519916042639
2024-02-29,0.6494700312614441,-0.4315985851809126
2024-03-01,0.6498401165008545,-0.43102892096324136
2024-03-04,0.6527883410453796,-0.42650233540995974
2024-03-05,0.6507620811462402,-0.4296111703220629
2024-03-06,0.6503900289535522,-0.4301830515032714
2024-03-07,0.6566298604011536,-0.4206347976396085
2024-03-08,0.6621301770210266,-0.4122931003509178
2024-03-11,0.6624314785003662,-0.4118381551495669
2024-03-12,0.6615506410598755,-0.41316874346709037
2024-03-13,0.6607297658920288,-0.4144103489071845
2024-03-14,0.6627599000930786,-0.41134249602479234
2024-03-15,0.6579297780990601,-0.41865707356602155
2024-03-18,0.6557978987693787,-0.4219026186490329
2024-03-19,0.655750572681427,-0.421974786912734
2024-03-20,0.6526401042938232,-0.4267294436099117
2024-03-21,0.6597799062728882,-0.4158489749210418
2024-03-22,0.657418966293335,-0.41943376770676843
2024-03-25,0.6515804529190063,-0.42835440129382946
2024-03-26,0.6538896560668945,-0.42481666337028345
2024-03-27,0.6538982391357422,-0.4248035372832792
2024-03-28,0.6521999835968018,-0.42740404077748323
2024-03-29,0.6516780853271484,-0.42820457314314475
2024-03-31,0.6533001661300659,-0.42571858284177744
2024-04-01,0.6487903594970703,-0.432645635266252
2024-04-02,0.651439905166626,-0.42857012739826567
2024-04-03,0.6568998694419861,-0.4202236778324187
2024-04-04,0.6587702035903931,-0.4173805100099327
2024-04-07,0.6570215821266174,-0.42003841152927074
2024-04-08,0.6604998111724854,-0.4147584409055127
2024-04-09,0.662850022315979,-0.41120652507056854
2024-04-10,0.6507201194763184,-0.42967565321689827
2024-04-11,0.6540607213973999,-0.4245550856614832
2024-04-14,0.6475803256034851,-0.4345124381165503
2024-04-15,0.644250214099884,-0.4396680971254896
2024-04-16,0.6412801146507263,-0.44428892118157093
2024-04-17,0.6439813375473022,-0.4400855322614981
2024-04-18,0.6424699425697327,-0.44243524529970774
2024-04-21,0.6425991654396057,-0.4422341310257699
2024-04-22,0.6452862024307251,-0.43806133590425794
2024-04-23,0.6488901376724243,-0.4324918560027611
2024-04-24,0.6496999263763428,-0.43124467441512443
2024-04-25,0.6523199677467346,-0.42722008935512645
2024-04-28,0.6541398763656616,-0.42443407215867074
2024-04-29,0.6561899185180664,-0.42130502200188596
2024-04-30,0.6478001475334167,-0.43417304449961647
2024-05-01,0.653190016746521,-0.4258872016117453
2024-05-02,0.6571398973464966,-0.41985834960834717
2024-05-05,0.6609079837799072,-0.41414065641542136
2024-05-06,0.6623920202255249,-0.4118977227446329
2024-05-07,0.6589199900627136,-0.41715316298452837
2024-05-08,0.657680094242096,-0.4190366448435121
2024-05-09,0.6620998978614807,-0.41233883131583926
2024-05-12,0.6601008772850037,-0.415362611269959
2024-05-13,0.6612882018089294,-0.41356552536656954
2024-05-14,0.6626027226448059,-0.4115796800924777
2024-05-15,0.6701065301895142,-0.4003185789534736
2024-05-16,0.6683151721954346,-0.40299540205120793
2024-05-19,0.6700705885887146,-0.4003722160441306
2024-05-20,0.6672093272209167,-0.40465144838765743
2024-05-21,0.6667097806930542,-0.4054004391596646
2024-05-22,0.6619185209274292,-0.41261281079016104
2024-05-23,0.6601487994194031,-0.41529001570676205
2024-05-26,0.6624007821083069,-0.41188449519272186
2024-05-27,0.6655617952346802,-0.407123790108881
2024-05-28,0.6647999286651611,-0.40826914274361026
2024-05-29,0.6613699793815613,-0.41344186896932494
2024-05-30,0.6630301475524902,-0.4109348184085144
2024-06-02,0.6656903028488159,-0.40693072733028346
2024-06-03,0.669008195400238,-0.4019589687043709
2024-06-04,0.6646201014518738,-0.408539677578817
2024-06-05,0.6657789945602417,-0.4067975035124612
2024-06-06,0.6669601202011108,-0.4050250246574269
2024-06-09,0.6582714915275574,-0.4181378316475393
2024-06-10,0.6608948111534119,-0.4141605877191624
2024-06-11,0.6607699394226074,-0.4143495489986723
2024-06-12,0.6662899851799011,-0.40603029002352625
2024-06-13,0.6633102893829346,-0.4105123901588601
2024-06-16,0.6612882018089294,-0.41356552536656954
2024-06-17,0.6622077822685242,-0.41217590179590846
2024-06-18,0.6661200523376465,-0.40628536592117204
2024-06-19,0.6675300002098083,-0.4041709455831455
2024-06-20,0.6660698652267456,-0.4063607112007946
2024-06-23,0.6635000109672546,-0.4102264086804784
2024-06-24,0.6654599905014038,-0.4072767624111617
2024-06-25,0.6644800901412964,-0.40875036344280363
2024-06-26,0.6644783020019531,-0.4087530544816711
2024-06-27,0.6650599241256714,-0.4078781309189023
2024-06-30,0.6674007773399353,-0.40436454793684035
2024-07-01,0.6654599905014038,-0.4072767624111617
2024-07-02,0.6668298244476318,-0.40522040137985044
2024-07-03,0.6710900068283081,-0.3988520126629672
2024-07-04,0.6725085377693176,-0.3967404720189724
2024-07-07,0.6746591329574585,-0.393547703870269
2024-07-08,0.6743202209472656,-0.3940501756335951
2024-07-09,0.6741496920585632,-0.3943030976869042
2024-07-10,0.6751797795295715,-0.3927762835280105
2024-07-11,0.6768500804901123,-0.3903054774316634
2024-07-14,0.6771998405456543,-0.3897888641844156
2024-07-15,0.6763300895690918,-0.391074023938804
2024-07-16,0.6731998324394226,-0.3957130655671472
2024-07-17,0.6730697751045227,-0.39590627699311376
2024-07-18,0.6705500483512878,-0.3996569357182815
2024-07-21,0.6696308851242065,-0.4010286361331195
2024-07-22,0.6640105843544006,-0.40945718933997627
2024-07-23,0.6612094640731812,-0.41368459965739457
2024-07-24,0.6574798822402954,-0.4193411127514889
2024-07-25,0.6542999744415283,-0.4241893561687582
2024-07-28,0.6554999947547913,-0.42235698378022657
2024-07-29,0.6551405787467957,-0.4229054423344203
2024-07-30,0.6541501879692078,-0.4244183086765081
2024-07-31,0.6547001004219055,-0.4235780101489636
2024-08-01,0.6494898200035095,-0.43156811658398453
2024-08-04,0.6497219204902649,-0.4312108222616036
2024-08-05,0.6515498757362366,-0.4284013301114665
2024-08-06,0.6515001654624939,-0.4284776284456749
2024-08-07,0.6515973806381226,-0.42832842215471084
2024-08-08,0.659200131893158,-0.416728100306255
2024-08-11,0.6569784283638,-0.4201040945771982
2024-08-12,0.6585316061973572,-0.4177427616881317
2024-08-13,0.6638598442077637,-0.40968422978615554
2024-08-14,0.6600006818771362,-0.41551441081502344
2024-08-15,0.6612488627433777,-0.41362501566989296
2024-08-18,0.6672983765602112,-0.4045179919240127
2024-08-19,0.6735321879386902,-0.3952194922340924
2024-08-20,0.6747274398803711,-0.39344646242568093
2024-08-21,0.6749701499938965,-0.3930868113187034
2024-08-22,0.6708199381828308,-0.39925452648310494
2024-08-25,0.6787806153297424,-0.3874573032930284
2024-08-26,0.6772910952568054,-0.3896541202612529
2024-08-27,0.6787898540496826,-0.38744369262581263
2024-08-28,0.6783100962638855,-0.38815072648234183
2024-08-29,0.67958003282547,-0.38628027039074814
2024-09-01,0.6768001914024353,-0.3903791878851468
2024-09-02,0.6787299513816833,-0.3875319457294484
2024-09-03,0.6714000701904297,-0.3983900898928215
2024-09-04,0.6716187596321106,-0.39806442142301657
2024-09-05,0.6740502119064331,-0.3944506724671991
2024-09-08,0.6670802235603333,-0.4048449650960972
2024-09-09,0.6657878756523132,-0.40678416420180347
2024-09-10,0.6653298139572144,-0.40747240043629307
2024-09-11,0.6676998138427734,-0.4039165869220469
2024-09-12,0.6726899147033691,-0.3964708063279106
2024-09-15,0.6713797450065613,-0.3984203631865364
2024-09-16,0.6751897931098938,-0.39276145265426254
2024-09-17,0.6762696504592896,-0.3911633912631556
2024-09-18,0.676369845867157,-0.3910152432779418
2024-09-19,0.6809576749801636,-0.3842551260413882
2024-09-22,0.6809993982315063,-0.3841938564871908
2024-09-23,0.6834102272987366,-0.38065997409431707
2024-09-24,0.6905400156974792,-0.3702813560415031
2024-09-25,0.6821599006652832,-0.38249119016626837
2024-09-26,0.689280092716217,-0.372107569942488
2024-09-29,0.6918787360191345,-0.36834457568682727
2024-09-30,0.6915801763534546,-0.36877618904034976
2024-10-01,0.6879992485046387,-0.37396753333915933
2024-10-02,0.6887099742889404,-0.3729350337587483
2024-10-03,0.6850300431251526,-0.37829258310480596
2024-10-06,0.6800592541694641,-0.38557534612381583
2024-10-07,0.6755999326705933,-0.39215419370718074
2024-10-08,0.6739597916603088,-0.39458482613968027
2024-10-09,0.6717401146888733,-0.39788374735384174
2024-10-10,0.6740997433662415,-0.3943771918285848
2024-10-13,0.6731105446815491,-0.39584570624127674
2024-10-14,0.6725999116897583,-0.3966046109727973
2024-10-15,0.6682080030441284,-0.403155772112156
2024-10-16,0.6664889454841614,-0.4057317254211596
2024-10-17,0.6699718832969666,-0.40051953270609825
2024-10-20,0.6716818809509277,-0.3979704419861629
2024-10-21,0.6653094291687012,-0.4075030395274218
2024-10-22,0.6685997843742371,-0.4025696274995754
2024-10-23,0.663599967956543,-0.41007576895315595
2024-10-24,0.663702130317688,-0.4099218290754452
2024-10-28,0.6603406071662903,-0.4149995056166703
2024-10-29,0.6582671999931335,-0.4181443510676695
2024-10-30,0.6563001871109009,-0.42113699240284974
2024-10-31,0.6572798490524292,-0.41964540133692185
2024-11-01,0.657680094242096,-0.4190366448435121
2024-11-04,0.6591914296150208,-0.4167413016621972
2024-11-05,0.6584101915359497,-0.4179271504924971
2024-11-06,0.6641499996185303,-0.40924725197799755
2024-11-07,0.6567001342773438,-0.42052778131234575
2024-11-08,0.6676815152168274,-0.4039439927656797
2024-11-11,0.65845787525177,-0.4178547306092244
2024-11-12,0.6577605605125427,-0.41891430367934585
2024-11-13,0.6529401540756226,-0.4262698015692812
2024-11-14,0.6492705345153809,-0.4319058008834004
2024-11-15,0.6455498337745667,-0.437652869855724
2024-11-18,0.6463413834571838,-0.43642745741989225
2024-11-19,0.650590181350708,-0.42987535674027716
2024-11-20,0.6541501879692078,-0.4244183086765081
2024-11-21,0.6513999700546265,-0.4286314321107964
2024-11-22,0.6510289311408997,-0.42920119668439244
2024-11-25,0.6539880037307739,-0.4246662706124777
2024-11-26,0.646379828453064,-0.43636797824443313
2024-11-27,0.6475173830986023,-0.43460963928447677
2024-11-28,0.6497219204902649,-0.4312108222616036
2024-11-29,0.6507400274276733,-0.429645059961463
2024-12-02,0.6502415537834167,-0.43041136392125534
2024-12-03,0.6475300192832947,-0.4345901246556384
2024-12-04,0.6485504508018494,-0.4330154821038002
2024-12-05,0.6432936787605286,-0.4411539268834301
2024-12-06,0.6449898481369019,-0.4385207016328618
2024-12-09,0.639991819858551,-0.4462998841811172
2024-12-10,0.643790602684021,-0.4403817568626363
2024-12-11,0.6376001834869385,-0.45004386372866617
2024-12-12,0.6383902430534363,-0.4488055164009308
2024-12-13,0.6375001668930054,-0.4502007401566405
2024-12-16,0.6367115378379822,-0.4514385708134953
2024-12-17,0.6376400589942932,-0.4499813256969457
2024-12-18,0.6341153979301453,-0.4555243254450624
2024-12-19,0.6206199526786804,-0.47703637685837974
2024-12-20,0.6233997941017151,-0.47256724193173466
2024-12-23,0.6252892017364502,-0.4695410134905866
2024-12-24,0.6244925856590271,-0.47081582193049415
2024-12-25,0.6239081621170044,-0.4717520975387178
2024-12-26,0.6244574785232544,-0.4708720405685146
2024-12-27,0.6223007440567017,-0.47433179175172324
2024-12-30,0.6225099563598633,-0.4739956566187887
2024-12-31,0.621999979019165,-0.4748152199742041
2025-01-02,0.6194201707839966,-0.47897144693613675
2025-01-03,0.6200800538063049,-0.4779066902357186
2025-01-06,0.6220104694366455,-0.47479835449289925
2025-01-07,0.623910129070282,-0.47174894491098107
2025-01-08,0.6234919428825378,-0.4724194363472444
2025-01-09,0.6211604475975037,-0.4761658606981388
2025-01-10,0.6189700961112976,-0.4796983174624102
2025-01-13,0.6154982447624207,-0.48532318508806277
2025-01-14,0.6192100048065186,-0.4793107992038864
2025-01-15,0.619160532951355,-0.4793906975116732
2025-01-16,0.6235401034355164,-0.4723421960659787
2025-01-17,0.6210300922393799,-0.4763757405103283
2025-01-20,0.6195403337478638,-0.4787774730946714
2025-01-21,0.6281000375747681,-0.4650558296988965
2025-01-22,0.6262015104293823,-0.4680830580368763
2025-01-23,0.6275002360343933,-0.46601123182584125
2025-01-24,0.6283262372016907,-0.46469576141011965
2025-01-27,0.6292909979820251,-0.46316149336321955
2025-01-28,0.6263799667358398,-0.46779811640087376
2025-01-29,0.6254573464393616,-0.4692721425443992
2025-01-30,0.6239782571792603,-0.47163975548379083
2025-01-31,0.6215001940727234,-0.47561905576637836
2025-02-03,0.614420473575592,-0.4870757748269292
2025-02-04,0.6217397451400757,-0.4752336899769418
2025-02-05,0.6251093745231628,-0.4698286453192553
2025-02-06,0.6285473704338074,-0.46434388317342984
2025-02-07,0.6281801462173462,-0.4649282966155601
2025-02-10,0.6258898973464966,-0.4685808061843104
2025-02-11,0.6271283030509949,-0.4666041292177099
2025-02-12,0.629830002784729,-0.46230533285870834
2025-02-13,0.6282985806465149,-0.46473977861364363
2025-02-14,0.6316919922828674,-0.45935335761363516
2025-02-17,0.6356511116027832,-0.45310543282204546
2025-02-18,0.6356107592582703,-0.45316891674373216
2025-02-19,0.6353119015693665,-0.4536392171068049
2025-02-20,0.6341274976730347,-0.45550524433223816
2025-02-21,0.6404098868370056,-0.4456468594450127
2025-02-24,0.6370319724082947,-0.4509354325058303
2025-02-25,0.6338099837303162,-0.4560060796715391
2025-02-26,0.6352877020835876,-0.45367730854916355
2025-02-27,0.6310780644416809,-0.46032570865456757
2025-02-28,0.623219907283783,-0.4728558412840163
2025-03-03,0.6220685243606567,-0.47470502452857577
2025-03-04,0.6215812563896179,-0.47548863419669074
2025-03-05,0.6269985437393188,-0.46681106093673197
2025-03-06,0.6338099837303162,-0.4560060796715391
2025-03-07,0.6332280039787292,-0.4569247258339441
2025-03-10,0.6303898096084595,-0.46141690553032216
2025-03-11,0.6279513835906982,-0.4652925301751014
2025-03-12,0.6295286417007446,-0.4627839274053155
2025-03-13,0.6327592134475708,-0.45766531870270666
2025-03-14,0.6287410259246826,-0.4640358305532552
2025-03-17,0.6326191425323486,-0.45788670847934115
2025-03-18,0.638198733329773,-0.44910554989431495
2025-03-19,0.6361202001571655,-0.45236773954131565
2025-03-20,0.6364116668701172,-0.4519096500810816
2025-03-21,0.6303898096084595,-0.46141690553032216
2025-03-24,0.6288319230079651,-0.4638912710133607
2025-03-25,0.6285908222198486,-0.4642747550754809
2025-03-26,0.6309000849723816,-0.4606077729209924
2025-03-27,0.6287015080451965,-0.4640986849238233
2025-03-28,0.6301594376564026,-0.46178241596971437
2025-03-30,0.6282907128334045,-0.4647523011031337
2025-03-31,0.6241885423660278,-0.47130280502358995
2025-04-01,0.6289584636688232,-0.46369005996480206
2025-04-02,0.6264698505401611,-0.46765462944300207
2025-04-03,0.6323510408401489,-0.4583105946700802
2025-04-06,0.5987701416015625,-0.5128774914047461
2025-04-07,0.5997613072395325,-0.5112235241853099
2025-04-08,0.595528781414032,-0.5183055598450026
2025-04-09,0.6133614778518677,-0.48880083029807025
2025-04-10,0.6223394870758057,-0.47426953597989874
2025-04-13,0.6301316618919373,-0.46182649430126776
2025-04-14,0.631991446018219,-0.4588794197081747
2025-04-15,0.6337898373603821,-0.456037866312087
2025-04-16,0.6372998952865601,-0.4505149409698261
2025-04-21,0.6421988606452942,-0.4428572714714082
2025-04-22,0.6376200914382935,-0.45001264096386534
2025-04-23,0.6365291476249695,-0.4517250684354181
2025-04-24,0.6403483152389526,-0.4457430081138256
2025-04-27,0.63840651512146,-0.4487800275078546
2025-04-28,0.6428800821304321,-0.441797069601668
2025-04-29,0.6386919617652893,-0.44833300379942675
2025-04-30,0.6413093209266663,-0.44424337850807805
2025-05-01,0.6386797428131104,-0.44835213519577055
2025-05-04,0.644558310508728,-0.4391899866710192
2025-05-05,0.6461409330368042,-0.43673763639786156
2025-05-06,0.6506688594818115,-0.4297544305776446
2025-05-07,0.6434799432754517,-0.44086442061280984
2025-05-08,0.6392595171928406,-0.4474447768609075
2025-05-11,0.642091691493988,-0.44302416384848964
2025-05-12,0.6371780633926392,-0.45070612810407557
2025-05-13,0.6472617387771606,-0.4350045241269096
2025-05-14,0.6428800821304321,-0.441797069601668
2025-05-15,0.640578031539917,-0.44538433596377625
2025-05-18,0.6410001516342163,-0.4447255855026552
2025-05-19,0.6455819606781006,-0.43760310436520067
2025-05-20,0.6425999999046326,-0.4422328324487877
2025-05-21,0.6433101892471313,-0.4411282616619672
2025-05-22,0.6409804821014404,-0.44475627166477
2025-05-25,0.6501189470291138,-0.4305999374046697
2025-05-26,0.6481007933616638,-0.4337090494145704
2025-05-27,0.6447120904922485,-0.4389514331695499
2025-05-28,0.6425207257270813,-0.4423562047920558
2025-05-29,0.6445998549461365,-0.4391255346300888
2025-06-01,0.644321620464325,-0.4395572668828929
2025-06-02,0.6498401165008545,-0.43102892096324136
2025-06-03,0.646608829498291,-0.43601375851294016
2025-06-04,0.6490682363510132,-0.4322174270483802
2025-06-05,0.6510501503944397,-0.4291686038045239
2025-06-08,0.6500217914581299,-0.4307493913342154
2025-06-09,0.6518101692199707,-0.4280019109514241
2025-06-10,0.6527202129364014,-0.4266067056323261
2025-06-11,0.6509501338005066,-0.429322239092233
2025-06-12,0.6527999043464661,-0.4264846218603356
2025-06-15,0.6499997973442078,-0.43078322787064477
2025-06-16,0.6511001586914062,-0.42909179501118844
2025-06-17,0.6479797959327698,-0.43389576223203713
2025-06-18,0.6507408618927002,-0.42964377762987643
2025-06-19,0.6488786935806274,-0.43250949256718085
2025-06-22,0.6446704864501953,-0.4390159664474329
2025-06-23,0.6477800011634827,-0.43420414465186247
2025-06-24,0.6495999097824097,-0.431398629016437
2025-06-25,0.6523114442825317,-0.42723315582604604
2025-06-26,0.654630184173584,-0.4236848071110603
2025-06-29,0.6533215045928955,-0.4256859208045411
2025-06-30,0.6578081846237183,-0.41884190288482653
2025-07-01,0.6583105325698853,-0.4180785249858582
2025-07-02,0.6582901477813721,-0.4181094907734641
2025-07-03,0.6577298641204834,-0.41896097280211575
2025-07-06,0.6551792025566101,-0.4228464890767854
2025-07-07,0.6506096124649048,-0.42984549028273455
2025-07-08,0.6524518728256226,-0.42701790062720385
2025-07-09,0.6535905003547668,-0.42527426988290046
2025-07-10,0.6594000458717346,-0.4164248787786389
2025-07-13,0.6578081846237183,-0.41884190288482653
2025-07-14,0.6544716358184814,-0.42392703174699997
2025-07-15,0.651898980140686,-0.4278656674942139
2025-07-16,0.6525000333786011,-0.4269440886303457
2025-07-17,0.649819016456604,-0.4310613910836249
2025-07-20,0.6512112617492676,-0.42892117060233037
2025-07-21,0.6528096795082092,-0.42646964776415214
2025-07-22,0.6554712057113647,-0.4224009039569946
2025-07-23,0.6603999137878418,-0.41490969748153633
2025-07-24,0.6597176194190979,-0.4159433848803236
2025-07-27,0.6572980284690857,-0.419617743155587
2025-07-28,0.6524008512496948,-0.4270961034389271
2025-07-29,0.651321530342102,-0.42875185648791053
2025-07-30,0.6447120904922485,-0.4389514331695499
2025-07-31,0.6429089903831482,-0.4417521038240939
2025-08-03,0.6469100117683411,-0.4355480795202818
2025-08-04,0.6474796533584595,-0.4346679092867877
2025-08-05,0.6472994685173035,-0.4349462345073213
2025-08-06,0.6500217914581299,-0.4307493913342154
2025-08-07,0.6525711417198181,-0.42683511627290777
2025-08-10,0.6517715454101562,-0.42806116893179047
2025-08-11,0.6514403223991394,-0.4285694869211065
2025-08-12,0.6529802083969116,-0.4262084588986978
2025-08-13,0.6551706194877625,-0.42285958950035685
2025-08-14,0.6497514843940735,-0.4311653209012794
2025-08-17,0.651296079158783,-0.42879093347126573
2025-08-18,0.6494801044464111,-0.4315830754477976
2025-08-19,0.6454598307609558,-0.43779230028173716
2025-08-20,0.6436100006103516,-0.4406623254352966
2025-08-21,0.6425496339797974,-0.44231121386606864
2025-08-24,0.6484898924827576,-0.4331088613413071
2025-08-25,0.6481099724769592,-0.43369488641648785
2025-08-26,0.6495801210403442,-0.43142909244967564
2025-08-27,0.6511399745941162,-0.4290306451484178
2025-08-28,0.6532399654388428,-0.42581073568088457
2025-08-31,0.6543598771095276,-0.42409780805872777
2025-09-01,0.6556801199913025,-0.42208223092877833
2025-09-02,0.6518301367759705,-0.4279712774156098
2025-09-03,0.6544399857521057,-0.4239753926383853
2025-09-04,0.6521999835968018,-0.42740404077748323
2025-09-07,0.655450165271759,-0.4224330041882872
2025-09-08,0.6598090529441833,-0.41580479954188854
2025-09-09,0.6584700345993042,-0.4178362643781672
2025-09-10,0.6619316339492798,-0.41259300035798685
2025-09-11,0.6668000221252441,-0.4052650949242687
2025-09-14,0.6648998260498047,-0.40811888719234424
2025-09-15,0.6673001646995544,-0.4045153122577491
2025-09-16,0.6688998937606812,-0.40212086568469546
2025-09-17,0.6652501225471497,-0.4075921849121801
2025-09-18,0.6617901921272278,-0.4128067035995652
2025-09-21,0.6589308381080627,-0.4171366997473888
2025-09-22,0.660199761390686,-0.41521282098285217
2025-09-23,0.6597799062728882,-0.4158489749210418
2025-09-24,0.6586921215057373,-0.4174990440784367
2025-09-25,0.6537314653396606,-0.4250586153017962
2025-09-28,0.6553998589515686,-0.42250975792713685
2025-09-29,0.6581978797912598,-0.4182496637007235
2025-09-30,0.6610700488090515,-0.413895470752784
2025-10-01,0.6615498065948486,-0.41317000484528477
2025-10-02,0.6598090529441833,-0.41580479954188854
2025-10-05,0.6593101024627686,-0.4165612899668278
2025-10-06,0.6616500020027161,-0.4130185607362275
2025-10-07,0.6580505967140198,-0.4184734559109082
2025-10-08,0.6584500670433044,-0.41786658900602636
2025-10-09,0.6561291813850403,-0.42139758658175674
2025-10-12,0.6498401165008545,-0.43102892096324136
2025-10-13,0.651159942150116,-0.42899998008310597
2025-10-14,0.6491301655769348,-0.43212201909551773
2025-10-15,0.6508001685142517,-0.4295526447032809
2025-10-16,0.64823979139328,-0.43349460263448264
2025-10-19,0.6501701474189758,-0.43052118508703946
2025-10-20,0.6516313552856445,-0.42827628296134723
2025-10-21,0.6491904854774475,-0.432029099213966
2025-10-22,0.6489999890327454,-0.43232257917674466
2025-10-23,0.6514798402786255,-0.4285088264437723
2025-10-27,0.653398334980011,-0.42556832805837275
2025-10-28,0.6558598279953003,-0.42180818970662826
2025-10-29,0.6585099697113037,-0.4177756178810586
2025-10-30,0.657680094242096,-0.4190366448435121
2025-10-31,0.6559299826622009,-0.42170122948114463
2025-11-03,0.6545702219009399,-0.4237764084769135
2025-11-04,0.6541078090667725,-0.4244830954426447
2025-11-05,0.6485601663589478,-0.43300050179761806
2025-11-06,0.6509907841682434,-0.42925979329736014
2025-11-07,0.6483898758888245,-0.43326310323260747
2025-11-10,0.650239884853363,-0.4304139305554327
2025-11-11,0.653488039970398,-0.42543104758434336
2025-11-12,0.6529499292373657,-0.42625483068946785
2025-11-13,0.6536400318145752,-0.42519848912562297
2025-11-14,0.6529000401496887,-0.42633123929515887
2025-11-17,0.6533001661300659,-0.42571858284177744
2025-11-18,0.6492701172828674,-0.4319064435009617
2025-11-19,0.6509018540382385,-0.42939640998530104
2025-11-20,0.649000883102417,-0.4323212015664659
2025-11-21,0.6449499130249023,-0.4385826194265676
2025-11-24,0.6462398767471313,-0.43658451789010994
2025-11-25,0.6465799808502197,-0.43605837481002724
2025-11-26,0.6470301151275635,-0.4353624397722427
2025-11-27,0.6524859666824341,-0.42696564701666845
2025-11-28,0.653579831123352,-0.42529059404687225
2025-12-01,0.6551298499107361,-0.42292181885612934
2025-12-02,0.6544001698493958,-0.4240362341438233
2025-12-03,0.6573700904846191,-0.41950811546390315
2025-12-04,0.6605019569396973,-0.41475519220855606
2025-12-05,0.660641610622406,-0.41454377887444493
2025-12-08,0.6635400652885437,-0.4101660422725335
2025-12-09,0.6627300977706909,-0.41138746403276033
2025-12-10,0.6640987992286682,-0.40932434655535666
2025-12-11,0.6674498319625854,-0.4042910496407308
2025-12-12,0.6665000319480896,-0.40571509142925694
2025-12-15,0.6647300720214844,-0.4083742274633307
2025-12-16,0.6641799807548523,-0.4092021108808755
2025-12-17,0.6634001135826111,-0.41037698125634003
2025-12-18,0.6601501107215881,-0.4152880293350776
2025-12-19,0.6613800525665283,-0.41342663829879167
2025-12-22,0.6610198020935059,-0.41397148179777543
2025-12-23,0.6658400893211365,-0.40670574339625803
2025-12-24,0.6701900959014893,-0.40019388161341224
2025-12-26,0.6705604195594788,-0.3996414691203549
2025-12-29,0.6714099645614624,-0.3983753530785636
2025-12-30,0.6695501804351807,-0.40114916455335947
2025-12-31,0.6697999835014343,-0.4007761432541109
2026-01-02,0.6678299903869629,-0.4037216432462271
2026-01-05,0.6683902144432068,-0.40288312263855475
2026-01-06,0.6713401079177856,-0.398479403184643
2026-01-07,0.6737000942230225,-0.39497023115651164
2026-01-08,0.672210156917572,-0.3971842538416265
2026-01-09,0.6701065301895142,-0.4003185789534736
2026-01-12,0.6685801148414612,-0.40259904692592013
2026-01-13,0.6707807779312134,-0.39931290488311355
2026-01-14,0.6683598756790161,-0.40292851446522465
2026-01-15,0.6682798862457275,-0.40304820181205153
2026-01-16,0.6704210042953491,-0.3998493993155864
2026-01-19,0.6687598824501038,-0.4023302033856246
2026-01-20,0.6709878444671631,-0.3990042577227359
2026-01-21,0.6731699109077454,-0.39575751328565845
2026-01-22,0.6754794120788574,-0.392332600093932
2026-01-23,0.6840506792068481,-0.37972327169662073
2026-01-26,0.691399872303009,-0.36903693618799266
2026-01-27,0.691472053527832,-0.3689325429704571
2026-01-28,0.6995800137519836,-0.3572751043532796
2026-01-29,0.7039799094200134,-0.3510054609869669
2026-01-30,0.7047300934791565,-0.3499403956030137
2026-02-02,0.6946277618408203,-0.36437917137293924
2026-02-03,0.6955500841140747,-0.3630522585448206
2026-02-04,0.7022520899772644,-0.3534628368864926
2026-02-05,0.699440062046051,-0.3574751754013232
2026-02-06,0.6916399002075195,-0.36868983422940665
2026-02-09,0.7033699154853821,-0.3518723299942818
2026-02-10,0.7083597779273987,-0.3448031534440461
2026-02-11,0.7074797749519348,-0.34604623651372496
2026-02-12,0.7125298380851746,-0.33893348970191095
2026-02-13,0.7087101936340332,-0.3443085897022277
2026-02-16,0.7070400714874268,-0.34666793649167493
2026-02-17,0.7072985768318176,-0.3463023870561467
2026-02-18,0.708320140838623,-0.3448591111635859
2026-02-19,0.704379141330719,-0.3504385147651402
2026-02-20,0.7056102752685547,-0.3486922119401524
2026-02-23,0.7111399173736572,-0.3408860789843473
2026-02-24,0.706070065498352,-0.3480408034976345
2026-02-25,0.7060999870300293,-0.3479984268282976
2026-02-26,0.7120498418807983,-0.33960736737866115
2026-02-27,0.71017986536026,-0.3422370095364564
2026-03-02,0.7058109045028687,-0.34840791801210214
2026-03-03,0.710580050945282,-0.34167366932533066
2026-03-04,0.7040701508522034,-0.3508772816915574
2026-03-05,0.7075998783111572,-0.3458764886705787
2026-03-06,0.7011299729347229,-0.35506199838546065
2026-03-09,0.6966199278831482,-0.3615153141049138
2026-03-10,0.7068586349487305,-0.34692458364591067
2026-03-11,0.712100088596344,-0.33953680357847243
2026-03-12,0.7129209637641907,-0.3383847149727875
2026-03-13,0.7075298428535461,-0.34597546964259956
2026-03-16,0.7005700469017029,-0.35586092262727925
2026-03-17,0.706848680973053,-0.3469386657342829
2026-03-18,0.710909903049469,-0.3412095758448521
2026-03-19,0.7029501795768738,-0.35246925799445117
2026-03-20,0.708109974861145,-0.3451558656263594
2026-03-23,0.7007802128791809,-0.3555609748054027
2026-03-24,0.7006098031997681,-0.3558041757391864
2026-03-25,0.6996901631355286,-0.3571176660177932
2026-03-26,0.6942901611328125,-0.3648653062396183
2026-03-27,0.6887398958206177,-0.3728915889375156
2026-03-29,0.6850901246070862,-0.37820488060485435
2026-03-30,0.6845901012420654,-0.37893501217541703
2026-03-31,0.692051112651825,-0.3680954638785266
2026-04-01,0.6923999190330505,-0.36759157261675846
2026-04-02,0.6911499500274658,-0.3693984743752302
2026-04-05,0.6885501742362976,-0.373167088760893
2026-04-06,0.6916901469230652,-0.36861718820299816
2026-04-07,0.707679033279419,-0.3457646309050231
2026-04-08,0.703937828540802,-0.3510652384556206
2026-04-09,0.7075698375701904,-0.3459189439897311
2026-04-12,0.7019898295402527,-0.3538363628956735
2026-04-13,0.7099298238754272,-0.3425891534438066
2026-04-14,0.7129300832748413,-0.3383719232991134
2026-04-15,0.7175799012184143,-0.3318709769653345
2026-04-16,0.7159000635147095,-0.3342146978599158
2026-04-19,0.7134998440742493,-0.33757306060171094
2026-04-20,0.7174198627471924,-0.3320940271370546
2026-04-21,0.7156198024749756,-0.3346062551829724
2026-04-22,0.7158001661300659,-0.3343542485601772
2026-04-23,0.7129616141319275,-0.33832769713923233
2026-04-26,0.7143500447273254,-0.3363821780583514
2026-04-27,0.7190897464752197,-0.32976910780552376
2026-04-28,0.7187212109565735,-0.3302817419940617
2026-04-29,0.7131141424179077,-0.3381137838378368
2026-04-30,0.720079779624939,-0.32839326807582303
2026-05-03,0.7212925553321838,-0.3267104607067196
2026-05-04,0.7167482376098633,-0.3330306330847945
2026-05-05,0.7203900218009949,-0.32796251669103754
2026-05-06,0.7235099673271179,-0.3236409564649027
2026-05-07,0.7208600044250488,-0.3273103291702595
2026-05-10,0.7236999869346619,-0.3233783551635831
2026-05-11,0.7246218919754028,-0.32210528848044273
2026-05-12,0.7237801551818848,-0.32326758577204223
2026-05-13,0.7254998683929443,-0.32089438805977955
2026-05-14,0.7214298844337463,-0.3265200857625279
2026-05-17,0.7130200862884521,-0.3382456874520951
2026-05-18,0.7172901630401611,-0.3322748298150221
2026-05-19,0.7106598019599915,-0.341561441942134
2026-05-20,0.7150007486343384,-0.33547168924764487
2026-05-21,0.7148299813270569,-0.33571055291802915
2026-05-24,0.7157202363014221,-0.33446591979949886
2026-05-25,0.717029869556427,-0.3326377801757172
2026-05-26,0.717079758644104,-0.3325682051771033
2026-05-27,0.7133201360702515,-0.33782496064158823
2026-05-28,0.7164201736450195,-0.3334884494418918
2026-05-31,0.7180498242378235,-0.33121631925261125
2026-06-01,0.7164298892021179,-0.3334748882782356
2026-06-02,0.7174115777015686,-0.3321055755954872
2026-06-03,0.7134499549865723,-0.337642984698172
2026-06-04,0.7132158875465393,-0.33797111681594605
2026-06-07,0.7043498158454895,-0.3504801487289831
2026-06-08,0.704049825668335,-0.350906150231467
2026-06-09,0.7023113369941711,-0.3533784732816825
2026-06-10,0.6994200348854065,-0.3575038089447201
2026-06-11,0.7047901749610901,-0.34985514463739764
2026-06-14,0.7075197696685791,-0.3459897068606845
2026-06-15,0.7073001265525818,-0.34630019601672263
2026-06-16,0.7065500020980835,-0.34736130498390555
2026-06-17,0.7018499374389648,-0.3540356621391362
2026-06-18,0.7013099789619446,-0.3548052943063067
2026-06-21,0.7002899646759033,-0.356260794459178
2026-06-22,0.6994621157646179,-0.35744364536452927
2026-06-23,0.6915600895881653,-0.3688052342005339
2026-06-24,0.6900001764297485,-0.37106342569557693
2026-06-25,0.6900501847267151,-0.3709909525476455
2026-06-28,0.6896218657493591,-0.3716118522621371
2026-06-29,0.6882398128509521,-0.373617936593189
2026-06-30,0.6912999749183655,-0.36918143231275624
2026-07-01,0.6892097592353821,-0.37220961419155724
2026-07-02,0.6916002035140991,-0.3687472309074302
2026-07-05,0.6937001347541809,-0.36571549433663925
2026-07-06,0.6955297589302063,-0.3630814807120046
2026-07-07,0.6922600269317627,-0.3677936324830404
2026-07-08,0.6936299204826355,-0.36581671649547637
2026-07-09,0.6944401264190674,-0.3646493315637838
2026-07-12,0.6942197680473328,-0.36496669994816977
2026-07-13,0.6918213367462158,-0.3684275405924183
2026-07-14,0.6976497769355774,-0.36003805438083564
2026-07-15,0.7008101344108582,-0.355518278261809
2026-07-17,0.6987631916999817,-0.3584433756928493
