date,close,logprice
2014-09-17,457.3340148925781,6.125414009906504
2014-09-18,424.44000244140625,6.050770658757454
2014-09-19,394.7959899902344,5.978369150441467
2014-09-20,408.90399169921875,6.013480389365547
2014-09-21,398.8210144042969,5.9885127307924195
2014-09-22,402.1520080566406,5.996830146640211
2014-09-23,435.7909851074219,6.0771627364485195
2014-09-24,423.2049865722656,6.047856663490421
2014-09-25,411.5740051269531,6.019988846297253
2014-09-26,404.42498779296875,6.002466275032086
2014-09-27,399.5199890136719,5.990263799032644
2014-09-28,377.1809997558594,5.9327251776874705
2014-09-29,375.4670104980469,5.928170612479337
2014-09-30,386.9440002441406,5.958279980347884
2014-10-01,383.614990234375,5.949639420020467
2014-10-02,375.0719909667969,5.927117983456852
2014-10-03,359.5119934082031,5.88474753796263
2014-10-04,328.8659973144531,5.7956503647993936
2014-10-05,320.510009765625,5.769913507591044
2014-10-06,330.0790100097656,5.799332050075126
2014-10-07,336.18701171875,5.8176675876248956
2014-10-08,352.94000244140625,5.866298077732428
2014-10-09,365.0260009765625,5.899968586597586
2014-10-10,361.56201171875,5.8904335669117165
2014-10-11,362.29901123046875,5.892469868751485
2014-10-12,378.54901123046875,5.936345552554011
2014-10-13,390.41400146484375,5.967207718303724
2014-10-14,400.8699951171875,5.993637173039062
2014-10-15,394.77301025390625,5.978310942137121
2014-10-16,382.5559997558594,5.946875047140966
2014-10-17,383.75799560546875,5.950012134138342
2014-10-18,391.4419860839844,5.969837320757043
2014-10-19,389.5459899902344,5.9649819327699225
2014-10-20,382.8450012207031,5.947630210717207
2014-10-21,386.4750061035156,5.95706719867518
2014-10-22,383.1579895019531,5.948447409350787
2014-10-23,358.4169921875,5.881697091214343
2014-10-24,358.3450012207031,5.881496212909686
2014-10-25,347.27099609375,5.850105443719471
2014-10-26,354.7040100097656,5.8712836670716495
2014-10-27,352.989013671875,5.86643693370641
2014-10-28,357.6180114746094,5.879465409689255
2014-10-29,335.59100341796875,5.815893166778328
2014-10-30,345.30499267578125,5.84442806324242
2014-10-31,338.3210144042969,5.823995191517201
2014-11-01,325.7489929199219,5.786127124426644
2014-11-02,325.8919982910156,5.786566032891023
2014-11-03,327.5539855957031,5.791652883004034
2014-11-04,330.49200439453125,5.800582466546849
2014-11-05,339.4859924316406,5.827432686741492
2014-11-06,349.2900085449219,5.8559025471807225
2014-11-07,342.4150085449219,5.836023476674112
2014-11-08,345.4880065917969,5.844957929412145
2014-11-09,363.2640075683594,5.895129863491791
2014-11-10,366.92401123046875,5.905154772748026
2014-11-11,367.69500732421875,5.907253810092167
2014-11-12,423.5610046386719,6.048697552451668
2014-11-13,420.7349853515625,6.042003146995227
2014-11-14,397.8179931640625,5.985994597081371
2014-11-15,376.13299560546875,5.929942792565325
2014-11-16,387.8819885253906,5.960701140074206
2014-11-17,387.4079895019531,5.959478374151958
2014-11-18,375.197998046875,5.927453881421872
2014-11-19,380.55499267578125,5.941630694258875
2014-11-20,357.8399963378906,5.880085948890663
2014-11-21,350.8479919433594,5.860353058276929
2014-11-22,352.9200134277344,5.866241440401433
2014-11-23,367.572998046875,5.906921933068899
2014-11-24,376.9010009765625,5.931982556084269
2014-11-25,375.3479919433594,5.927853574180162
2014-11-26,368.3699951171875,5.909087854585346
2014-11-27,369.6700134277344,5.912610752097725
2014-11-28,376.4469909667969,5.930777243082613
2014-11-29,375.4909973144531,5.928234495722248
2014-11-30,378.0469970703125,5.935018518764988
2014-12-01,379.2449951171875,5.938182421351023
2014-12-02,381.31500244140625,5.943625811595421
2014-12-03,375.010009765625,5.9269527183225
2014-12-04,369.60400390625,5.912432172788533
2014-12-05,376.85400390625,5.931857854901341
2014-12-06,374.7850036621094,5.926352537989902
2014-12-07,375.0950012207031,5.927179330474657
2014-12-08,361.90899658203125,5.89139278956447
2014-12-09,352.218994140625,5.8642531245926754
2014-12-10,346.364990234375,5.847493104127893
2014-12-11,350.5060119628906,5.8593778588607535
2014-12-12,352.5419921875,5.865169741930343
2014-12-13,347.3760070800781,5.85040778717348
2014-12-14,351.6319885253906,5.862585141551417
2014-12-15,345.3450012207031,5.844543920899178
2014-12-16,327.06201171875,5.790149791201826
2014-12-17,319.7760009765625,5.767620753733274
2014-12-18,311.39599609375,5.741065401557924
2014-12-19,317.8429870605469,5.761557509462897
2014-12-20,329.95599365234375,5.798959292999626
2014-12-21,320.8429870605469,5.770951866580515
2014-12-22,331.885986328125,5.804791495261844
2014-12-23,334.5719909667969,5.812852076043541
2014-12-24,322.53399658203125,5.776208546438213
2014-12-25,319.00799560546875,5.765216167064679
2014-12-26,327.92401123046875,5.792781908465951
2014-12-27,315.8630065917969,5.755308596144776
2014-12-28,317.239013671875,5.759655476118983
2014-12-29,312.6700134277344,5.745148364207484
2014-12-30,310.73699951171875,5.7389468936724555
2014-12-31,320.1929931640625,5.768923917637559
2015-01-01,314.2489929199219,5.750185642755347
2015-01-02,315.0320129394531,5.752674262041036
2015-01-03,281.0820007324219,5.638646444316388
2015-01-04,264.19500732421875,5.576687494575144
2015-01-05,274.4739990234375,5.614856535237154
2015-01-06,286.1889953613281,5.656652415514222
2015-01-07,294.3370056152344,5.684725388466968
2015-01-08,283.3489990234375,5.6466793499587355
2015-01-09,290.4079895019531,5.671286794631259
2015-01-10,274.7959899902344,5.6160289677753275
2015-01-11,265.6600036621094,5.582217309489305
2015-01-12,267.7959899902344,5.590225459247406
2015-01-13,225.86099243164062,5.41991973229827
2015-01-14,178.10299682617188,5.182362016802965
2015-01-15,209.843994140625,5.346364369596994
2015-01-16,208.0970001220703,5.338004317736194
2015-01-17,199.25999450683594,5.294610477048889
2015-01-18,210.33900451660156,5.34872053634607
2015-01-19,214.86099243164062,5.369991272196549
2015-01-20,211.31500244140625,5.3533499227708035
2015-01-21,226.89700317382812,5.4244961840027965
2015-01-22,233.406005859375,5.452779451566701
2015-01-23,232.87899780273438,5.450518995935899
2015-01-24,247.8470001220703,5.5128116207906315
2015-01-25,253.71800231933594,5.536223423170676
2015-01-26,273.4729919433594,5.611202867235901
2015-01-27,263.4750061035156,5.573958509985445
2015-01-28,233.9149932861328,5.454957772801801
2015-01-29,233.51300048828125,5.453237752168409
2015-01-30,226.4250030517578,5.42241377773902
2015-01-31,217.46400451660156,5.382033340357291
2015-02-01,226.9720001220703,5.4248266623936106
2015-02-02,238.22900390625,5.473232412339312
2015-02-03,227.26800537109375,5.426129961474903
2015-02-04,226.85299682617188,5.424302216629599
2015-02-05,217.11099243164062,5.380408708636249
2015-02-06,222.26600646972656,5.403874891911946
2015-02-07,227.75399780273438,5.428266089455752
2015-02-08,223.41200256347656,5.4090176119755595
2015-02-09,220.11000061035156,5.3941274241669515
2015-02-10,219.83900451660156,5.392895480805945
2015-02-11,219.18499755859375,5.389916110936878
2015-02-12,221.76400756835938,5.40161378748489
2015-02-13,235.427001953125,5.461400894930642
2015-02-14,257.3210144042969,5.550324388724897
2015-02-15,234.8249969482422,5.4588405428846976
2015-02-16,233.84300231933594,5.454649959924024
2015-02-17,243.61000061035156,5.495568588401742
2015-02-18,236.3260040283203,5.465212224809015
2015-02-19,240.2830047607422,5.481817415150742
2015-02-20,243.7790069580078,5.49626210570232
2015-02-21,244.53399658203125,5.499354344574303
2015-02-22,235.9770050048828,5.463734363858386
2015-02-23,238.89199829101562,5.476011559802706
2015-02-24,238.73500061035156,5.4753541527186025
2015-02-25,237.47000122070312,5.470041304847163
2015-02-26,236.42599487304688,5.46563524087854
2015-02-27,253.8280029296875,5.536656883826208
2015-02-28,254.26300048828125,5.538369166318709
2015-03-01,260.2019958496094,5.561458236493297
2015-03-02,275.6700134277344,5.619204546890353
2015-03-03,281.7019958496094,5.6408497598753655
2015-03-04,273.0920104980469,5.609808773192873
2015-03-05,276.1780090332031,5.621045618084892
2015-03-06,272.7229919433594,5.608456598521007
2015-03-07,276.260986328125,5.621346021554751
2015-03-08,274.35400390625,5.614419257552855
2015-03-09,289.60699462890625,5.668524812944013
2015-03-10,291.760009765625,5.675931579971857
2015-03-11,296.3789978027344,5.6916390332958064
2015-03-12,294.35400390625,5.6847831379170035
2015-03-13,285.3370056152344,5.6536709575376625
2015-03-14,281.885009765625,5.641499220990066
2015-03-15,286.39300537109375,5.657365012201291
2015-03-16,290.5929870605469,5.671923618224707
2015-03-17,285.5050048828125,5.654259559179934
2015-03-18,256.29901123046875,5.546344775502532
2015-03-19,260.9280090332031,5.564244541816311
2015-03-20,261.7489929199219,5.567386002254885
2015-03-21,260.0249938964844,5.560777756766393
2015-03-22,267.9599914550781,5.59083768375127
2015-03-23,266.739990234375,5.586274364583222
2015-03-24,245.59500122070312,5.503683842729956
2015-03-25,246.19700622558594,5.50613205374785
2015-03-26,248.53199768066406,5.515571600549872
2015-03-27,247.0290069580078,5.509505766809738
2015-03-28,252.79800415039062,5.532590767266816
2015-03-29,242.71299743652344,5.491879664807161
2015-03-30,247.5260009765625,5.511515630941671
2015-03-31,244.2239990234375,5.498085832947077
2015-04-01,247.27200317382812,5.510488958146248
2015-04-02,253.0050048828125,5.53340927067736
2015-04-03,254.32200622558594,5.538601205158983
2015-04-04,253.69700622558594,5.536140666084629
2015-04-05,260.5979919433594,5.562978959148238
2015-04-06,255.49200439453125,5.5431911151992255
2015-04-07,253.17999267578125,5.534100669279782
2015-04-08,245.02200317382812,5.501348015384919
2015-04-09,243.67599487304688,5.49583945300163
2015-04-10,236.07200622558594,5.46413686961404
2015-04-11,236.552001953125,5.4661680651701765
2015-04-12,236.1529998779297,5.464479899534486
2015-04-13,224.58700561523438,5.414263184954923
2015-04-14,219.15899658203125,5.3897974781875275
2015-04-15,223.83299255371094,5.410900204823633
2015-04-16,228.572998046875,5.431855625604063
2015-04-17,222.8820037841797,5.406642500408256
2015-04-18,223.3560028076172,5.4087669236743405
2015-04-19,222.60000610351562,5.405376466260652
2015-04-20,224.62600708007812,5.414436828477437
2015-04-21,235.2689971923828,5.460729528413978
2015-04-22,234.17599487304688,5.456072947503152
2015-04-23,236.46200561523438,5.46578754223624
2015-04-24,231.26800537109375,5.4435772344257085
2015-04-25,226.38999938964844,5.422259173046196
2015-04-26,219.42999267578125,5.391033241669394
2015-04-27,229.28599548339844,5.434970112915396
2015-04-28,225.85499572753906,5.419893181526285
2015-04-29,225.80799865722656,5.419685074725124
2015-04-30,236.14500427246094,5.464446041227234
2015-05-01,232.07899475097656,5.447077808327451
2015-05-02,234.92999267578125,5.459287566254781
2015-05-03,240.35800170898438,5.4821294856892155
2015-05-04,239.01800537109375,5.476538885374603
2015-05-05,236.12100219726562,5.464344394803875
2015-05-06,229.78199768066406,5.437131023271421
2015-05-07,237.33399963378906,5.469468430185666
2015-05-08,243.86300659179688,5.496606619227758
2015-05-09,241.83200073242188,5.488243273230565
2015-05-10,240.29600524902344,5.481871518588527
2015-05-11,242.1580047607422,5.489590425336697
2015-05-12,241.11199951171875,5.485261553802313
2015-05-13,236.3769989013672,5.465427983426704
2015-05-14,236.9290008544922,5.4677605218001215
2015-05-15,237.60499572753906,5.470609613056757
2015-05-16,236.1529998779297,5.464479899534486
2015-05-17,236.802001953125,5.467224357168054
2015-05-18,233.1280059814453,5.4515876846053315
2015-05-19,231.94700622558594,5.446508924132719
2015-05-20,234.01800537109375,5.455398058427822
2015-05-21,235.343994140625,5.461048248679921
2015-05-22,240.34800720214844,5.482087903072597
2015-05-23,238.8719940185547,5.475927818571493
2015-05-24,240.9530029296875,5.484601905883499
2015-05-25,237.11000061035156,5.468524171053014
2015-05-26,237.11599731445312,5.468549461543743
2015-05-27,237.2830047607422,5.469253541663885
2015-05-28,237.4080047607422,5.4697802000601135
2015-05-29,237.0959930419922,5.468465093063487
2015-05-30,233.34500122070312,5.45251805035666
2015-05-31,230.19000244140625,5.438905065463731
2015-06-01,222.92599487304688,5.4068398548260435
2015-06-02,225.80299377441406,5.419662910150317
2015-06-03,225.87399291992188,5.419977290329888
2015-06-04,224.32400512695312,5.4130914582114125
2015-06-05,224.95199584960938,5.415887027662178
2015-06-06,225.61900329589844,5.418847750544015
2015-06-07,222.88099670410156,5.406637981953036
2015-06-08,228.48899841308594,5.431488062186473
2015-06-09,229.04800415039062,5.433931606696842
2015-06-10,228.80299377441406,5.432861344098423
2015-06-11,229.7050018310547,5.436795884952331
2015-06-12,229.98199462890625,5.438001021636679
2015-06-13,232.40199279785156,5.44846859980266
2015-06-14,233.54299926757812,5.453366211194109
2015-06-15,236.822998046875,5.46731301842438
2015-06-16,250.89500427246094,5.525034541944416
2015-06-17,249.28399658203125,5.518592795055595
2015-06-18,249.0070037841797,5.5174810237164404
2015-06-19,244.6060028076172,5.499648764274985
2015-06-20,245.21200561523438,5.502123165405169
2015-06-21,243.94400024414062,5.49693869175625
2015-06-22,246.99000549316406,5.509347872218875
2015-06-23,244.29600524902344,5.498380626304474
2015-06-24,240.51499938964844,5.482782455125569
2015-06-25,242.7989959716797,5.492233923969543
2015-06-26,243.593994140625,5.495502880936677
2015-06-27,250.99000549316406,5.525413119586662
2015-06-28,249.01100158691406,5.51749707856864
2015-06-29,257.0639953613281,5.549325063085625
2015-06-30,263.0719909667969,5.572427724632343
2015-07-01,258.6210021972656,5.555363678033292
2015-07-02,255.41200256347656,5.542877937652684
2015-07-03,256.33599853515625,5.546489078189813
2015-07-04,260.885986328125,5.564083477891072
2015-07-05,271.9129943847656,5.605482141540109
2015-07-06,269.0299987792969,5.594822893009627
2015-07-07,266.2070007324219,5.584274204384633
2015-07-08,270.7850036621094,5.601325161595214
2015-07-09,269.2279968261719,5.595558592460159
2015-07-10,284.8940124511719,5.652117224965614
2015-07-11,293.114990234375,5.680564990163314
2015-07-12,310.86700439453125,5.7393651821129765
2015-07-13,292.0539855957031,5.676938667356744
2015-07-14,287.4639892578125,5.661097597636938
2015-07-15,285.8290100097656,5.6553937649273305
2015-07-16,278.0889892578125,5.627941167711814
2015-07-17,279.47198486328125,5.632902054524192
2015-07-18,274.9010009765625,5.616411036403431
2015-07-19,273.614013671875,5.611718403997665
2015-07-20,278.9809875488281,5.631143634513111
2015-07-21,275.8330078125,5.61979563844646
2015-07-22,277.22198486328125,5.624818574644436
2015-07-23,276.04901123046875,5.620578426874223
2015-07-24,288.27801513671875,5.663925344840081
2015-07-25,288.6969909667969,5.665377663915566
2015-07-26,292.6860046386719,5.679100377859334
2015-07-27,293.6239929199219,5.682300013155985
2015-07-28,294.427001953125,5.685031101239606
2015-07-29,289.5899963378906,5.668466116882791
2015-07-30,287.72198486328125,5.661994683568719
2015-07-31,284.6499938964844,5.651260333954914
2015-08-01,281.60101318359375,5.6404912222305175
2015-08-02,282.614013671875,5.6440820573857025
2015-08-03,281.22698974609375,5.6391621359355515
2015-08-04,285.2179870605469,5.65325375478616
2015-08-05,281.8819885253906,5.641488502944336
2015-08-06,278.5769958496094,5.629694487403942
2015-08-07,279.5849914550781,5.633306330289
2015-08-08,260.99700927734375,5.5645089485495465
2015-08-09,265.0830078125,5.580043013966049
2015-08-10,264.4700012207031,5.5777278279312075
2015-08-11,270.385986328125,5.599850517116214
2015-08-12,266.3760070800781,5.584908871097052
2015-08-13,264.0799865722656,5.576252036697714
2015-08-14,265.67999267578125,5.58229254950067
2015-08-15,261.5509948730469,5.566629273567929
2015-08-16,258.5069885253906,5.554922728497518
2015-08-17,257.97601318359375,5.552866608442825
2015-08-18,211.07899475097656,5.352232446118398
2015-08-19,226.6840057373047,5.4235570024762545
2015-08-20,235.35000610351562,5.461073793780933
2015-08-21,232.56900024414062,5.449186956241965
2015-08-22,230.38999938964844,5.43977352245282
2015-08-23,228.16900634765625,5.430086610270739
2015-08-24,210.4949951171875,5.349461876674399
2015-08-25,221.60899353027344,5.4009145385724935
2015-08-26,225.83099365234375,5.419786903821055
2015-08-27,224.7689971923828,5.415073195663413
2015-08-28,231.39599609375,5.444130511644234
2015-08-29,229.77999877929688,5.437122324112733
2015-08-30,228.76100158691406,5.432677797368157
2015-08-31,230.05599975585938,5.438322756486821
2015-09-01,228.12100219726562,5.429876199568472
2015-09-02,229.28399658203125,5.434961394938198
2015-09-03,227.18299865722656,5.425755854193347
2015-09-04,230.29800415039062,5.439374140485963
2015-09-05,235.0189971923828,5.459666349993376
2015-09-06,239.83999633789062,5.479972019085319
2015-09-07,239.8470001220703,5.480001220561414
2015-09-08,243.60699462890625,5.495556249006874
2015-09-09,238.16799926757812,5.472976303931413
2015-09-10,238.4770050048828,5.474272890606297
2015-09-11,240.10699462890625,5.481084634951589
2015-09-12,235.22900390625,5.460559524349621
2015-09-13,230.51199340820312,5.440302893222788
2015-09-14,230.6439971923828,5.44087538405225
2015-09-15,230.3040008544922,5.439400179035673
2015-09-16,229.09100341796875,5.434119319452115
2015-09-17,229.80999755859375,5.437252869945229
2015-09-18,232.97500610351562,5.450931177869876
2015-09-19,231.4929962158203,5.444549619141287
2015-09-20,231.21200561523438,5.443335062851574
2015-09-21,227.0850067138672,5.425324426297388
2015-09-22,230.6179962158203,5.440762645621763
2015-09-23,230.2830047607422,5.439309008014743
2015-09-24,234.5290069580078,5.457579277285559
2015-09-25,235.1439971923828,5.460198080497214
2015-09-26,234.33999633789062,5.456773036612676
2015-09-27,232.7570037841797,5.449995007150967
2015-09-28,239.14199829101562,5.477057510611977
2015-09-29,236.68699645996094,5.466738578213058
2015-09-30,236.05999755859375,5.464085999658611
2015-10-01,237.5489959716797,5.470373901026144
2015-10-02,237.29299926757812,5.469295661394982
2015-10-03,238.72999572753906,5.475333188321836
2015-10-04,238.25900268554688,5.473358328538342
2015-10-05,240.38299560546875,5.482233466405013
2015-10-06,246.06300354003906,5.505587615092674
2015-10-07,242.968994140625,5.492933839070354
2015-10-08,242.3040008544922,5.490193139673332
2015-10-09,243.93099975585938,5.496885397415346
2015-10-10,244.9409942626953,5.5010173417940775
2015-10-11,247.0500030517578,5.5095907576445535
2015-10-12,245.30799865722656,5.502514558385604
2015-10-13,249.50799560546875,5.519490961192999
2015-10-14,251.98899841308594,5.529385429467496
2015-10-15,254.32000732421875,5.538593345401771
2015-10-16,262.8689880371094,5.571655763717058
2015-10-17,270.6400146484375,5.600789578597627
2015-10-18,261.64300537109375,5.566980999692282
2015-10-19,263.43701171875,5.57381429469505
2015-10-20,269.4630126953125,5.596431136756971
2015-10-21,266.2720031738281,5.584518354637516
2015-10-22,274.02301025390625,5.613212081890884
2015-10-23,276.4960021972656,5.622196362258462
2015-10-24,281.65399169921875,5.6406793377921085
2015-10-25,283.67999267578125,5.647846816507303
2015-10-26,285.29998779296875,5.653541215432804
2015-10-27,293.7879943847656,5.682858399680773
2015-10-28,304.6180114746094,5.719058570277565
2015-10-29,313.8550109863281,5.748931130818425
2015-10-30,328.0150146484375,5.793059383703626
2015-10-31,314.1659851074219,5.749921461232356
2015-11-01,325.4309997558594,5.785150456860329
2015-11-02,361.1889953613281,5.889401354194232
2015-11-03,403.4169921875,5.999970747061098
2015-11-04,411.56298828125,6.019962078345401
2015-11-05,386.35400390625,5.956754057743131
2015-11-06,374.4700012207031,5.9255116961992895
2015-11-07,386.48199462890625,5.957085281247391
2015-11-08,373.3680114746094,5.922564559185637
2015-11-09,380.2569885253906,5.9408473097355134
2015-11-10,336.8190002441406,5.819545694803506
2015-11-11,311.0840148925781,5.7400630200459455
2015-11-12,338.1520080566406,5.823495522363928
2015-11-13,336.75299072265625,5.819349696387357
2015-11-14,332.906005859375,5.807860185449708
2015-11-15,320.1659851074219,5.768839564774327
2015-11-16,330.7510070800781,5.801365847828157
2015-11-17,335.093994140625,5.814411071994247
2015-11-18,334.5899963378906,5.81290589072949
2015-11-19,326.14898681640625,5.787354291741515
2015-11-20,322.0220031738281,5.774619876047802
2015-11-21,326.927001953125,5.789736910359119
2015-11-22,324.5360107421875,5.782396502998459
2015-11-23,323.0459899902344,5.77779469695773
2015-11-24,320.0459899902344,5.768464704186709
2015-11-25,328.20599365234375,5.793641440684071
2015-11-26,352.6839904785156,5.865572444883509
2015-11-27,358.0419921875,5.880650276135119
2015-11-28,357.3810119628906,5.878802473062407
2015-11-29,371.29400634765625,5.916994218708701
2015-11-30,377.3210144042969,5.933096322223647
2015-12-01,362.4880065917969,5.8929913884833915
2015-12-02,359.18701171875,5.883843176862129
2015-12-03,361.0459899902344,5.889005346313519
2015-12-04,363.1830139160156,5.894906877781108
2015-12-05,388.9490051269531,5.963448242806481
2015-12-06,388.7829895019531,5.963021320348184
2015-12-07,395.5360107421875,5.980241834244059
2015-12-08,415.56298828125,6.029634199150704
2015-12-09,417.56298828125,6.034435403045887
2015-12-10,415.47900390625,6.029432080903791
2015-12-11,451.93798828125,6.113544976352233
2015-12-12,434.99700927734375,6.0753391558405525
2015-12-13,433.7550048828125,6.072479869829226
2015-12-14,444.1820068359375,6.096234403741966
2015-12-15,465.3210144042969,6.142727520960581
2015-12-16,454.9339904785156,6.120152332555034
2015-12-17,456.0780029296875,6.122663853941786
2015-12-18,463.6159973144531,6.139056617588229
2015-12-19,462.3219909667969,6.136261598469355
2015-12-20,442.68499755859375,6.092858450658318
2015-12-21,438.6390075683594,6.083676768573535
2015-12-22,436.5719909667969,6.078953289439554
2015-12-23,442.4010009765625,6.092216712810815
2015-12-24,454.9849853515625,6.1202644191791284
2015-12-25,455.65301513671875,6.121731588141176
2015-12-26,417.27398681640625,6.033743048765928
2015-12-27,422.822998046875,6.046953647140389
2015-12-28,422.27899169921875,6.045666213364591
2015-12-29,432.9830017089844,6.070698470208782
2015-12-30,426.6199951171875,6.055893675818328
2015-12-31,430.5669860839844,6.06510291242292
2016-01-01,434.3340148925781,6.073813857663282
2016-01-02,433.43798828125,6.0717487370406
2016-01-03,430.010986328125,6.063810757961513
2016-01-04,433.09100341796875,6.070947875476472
2016-01-05,431.9599914550781,6.068332971582816
2016-01-06,429.1050109863281,6.0617016698279835
2016-01-07,458.0480041503906,6.126973991177171
2016-01-08,453.2300109863281,6.116399747143052
2016-01-09,447.6109924316406,6.103924534741307
2016-01-10,447.9909973144531,6.104773136932834
2016-01-11,448.4280090332031,6.105748153638808
2016-01-12,435.69000244140625,6.076930986891362
2016-01-13,432.3710021972656,6.06928402106776
2016-01-14,430.3059997558594,6.0644965829401425
2016-01-15,364.33099365234375,5.898062777673565
2016-01-16,387.5360107421875,5.959808775423169
2016-01-17,382.29901123046875,5.946203054328289
2016-01-18,387.1679992675781,5.958858705467326
2016-01-19,380.14898681640625,5.940563246450339
2016-01-20,420.2300109863281,6.040802206580048
2016-01-21,410.2619934082031,6.016795963932166
2016-01-22,382.49200439453125,5.946707749504399
2016-01-23,387.4909973144531,5.959692615786622
2016-01-24,402.97100830078125,5.998864619658604
2016-01-25,391.72601318359375,5.970562649453638
2016-01-26,392.15301513671875,5.971652108362303
2016-01-27,394.97198486328125,5.978814837989112
2016-01-28,380.28900146484375,5.940931493834551
2016-01-29,379.4739990234375,5.938786080716276
2016-01-30,378.2550048828125,5.935568584260538
2016-01-31,368.7669982910156,5.910165003651974
2016-02-01,373.0559997558594,5.92172854176865
2016-02-02,374.447998046875,5.925452936298056
2016-02-03,369.9490051269531,5.913365172158465
2016-02-04,389.593994140625,5.96510515619942
2016-02-05,386.54901123046875,5.957258667828841
2016-02-06,376.5220031738281,5.930976486897068
2016-02-07,376.6199951171875,5.93123670859267
2016-02-08,373.4469909667969,5.922776069378184
2016-02-09,376.02899169921875,5.929666246000441
2016-02-10,381.64898681640625,5.9445013034955245
2016-02-11,379.65399169921875,5.939260289759688
2016-02-12,384.26300048828125,5.95132721525764
2016-02-13,391.8599853515625,5.970904595760806
2016-02-14,407.2300109863281,6.00937816337105
2016-02-15,400.18499755859375,5.991926934087129
2016-02-16,407.4880065917969,6.010011500571225
2016-02-17,416.3219909667969,6.031458977611891
2016-02-18,422.37298583984375,6.045888776369266
2016-02-19,420.7850036621094,6.042122023103361
2016-02-20,437.16400146484375,6.0803084140853745
2016-02-21,438.7980041503906,6.084039179964091
2016-02-22,437.74798583984375,6.081643369989971
2016-02-23,420.7359924316406,6.042005540613318
2016-02-24,424.9549865722656,6.051983249367528
2016-02-25,424.54400634765625,6.05101566668621
2016-02-26,432.1520080566406,6.068777396853687
2016-02-27,432.5190124511719,6.069626284830422
2016-02-28,433.5039978027344,6.071901018329709
2016-02-29,437.6969909667969,6.081526869525737
2016-03-01,435.12298583984375,6.075628717197807
2016-03-02,423.989013671875,6.04970754374502
2016-03-03,421.6510009765625,6.044177959969125
2016-03-04,410.9389953613281,6.018444773701654
2016-03-05,400.57000732421875,5.992888551043491
2016-03-06,407.7070007324219,6.010548780961623
2016-03-07,414.3210144042969,6.026641070472112
2016-03-08,413.97198486328125,6.025798302123272
2016-03-09,414.8599853515625,6.027941078608648
2016-03-10,417.1310119628906,6.033400349824469
2016-03-11,421.69000244140625,6.044270452720488
2016-03-12,411.6239929199219,6.020110294097536
2016-03-13,414.06500244140625,6.026022972228454
2016-03-14,416.43798828125,6.031737562841954
2016-03-15,416.8299865722656,6.032678432602375
2016-03-16,417.010986328125,6.033112567562361
2016-03-17,420.6210021972656,6.04173219591939
2016-03-18,409.5480041503906,6.015054122675144
2016-03-19,410.4440002441406,6.017239501180168
2016-03-20,413.7550048828125,6.025274023011616
2016-03-21,413.3070068359375,6.024190674763618
2016-03-22,418.0889892578125,6.035694302827539
2016-03-23,418.0409851074219,6.035579478214345
2016-03-24,416.3940124511719,6.031631957317478
2016-03-25,417.177001953125,6.033510596854376
2016-03-26,417.94500732421875,6.035349862444479
2016-03-27,426.7650146484375,6.056233544766075
2016-03-28,424.2309875488281,6.050278088846925
2016-03-29,416.5159912109375,6.031924855133812
2016-03-30,414.8160095214844,6.027835071371145
2016-03-31,416.72900390625,6.03243613981287
2016-04-01,417.9599914550781,6.035385713721556
2016-04-02,420.87298583984375,6.04233109182047
2016-04-03,420.90399169921875,6.042404759455049
2016-04-04,421.4440002441406,6.043686910357203
2016-04-05,424.0299987792969,6.0498042045671285
2016-04-06,423.4129943847656,6.048348048793743
2016-04-07,422.7449951171875,6.04676914883738
2016-04-08,420.3489990234375,6.0410853162853515
2016-04-09,419.4110107421875,6.038851371681111
2016-04-10,421.5639953613281,6.043971593583516
2016-04-11,422.4830017089844,6.046149213346417
2016-04-12,425.19000244140625,6.052536133588842
2016-04-13,423.7340087890625,6.049105920611644
2016-04-14,424.2820129394531,6.050398358991654
2016-04-15,429.7130126953125,6.063117573532366
2016-04-16,430.5719909667969,6.065114536290719
2016-04-17,427.39898681640625,6.057717972307615
2016-04-18,428.59100341796875,6.060503092193806
2016-04-19,435.5090026855469,6.076515468146739
2016-04-20,441.3890075683594,6.089926589951956
2016-04-21,449.42498779296875,6.107968960771037
2016-04-22,445.73699951171875,6.099729090892734
2016-04-23,450.2820129394531,6.109874081893802
2016-04-24,458.55499267578125,6.1280802249094375
2016-04-25,461.4259948730469,6.134321683279337
2016-04-26,466.0889892578125,6.144376579966887
2016-04-27,444.68701171875,6.097370690251243
2016-04-28,449.010986328125,6.107047355879711
2016-04-29,455.09698486328125,6.120510549782634
2016-04-30,448.3179931640625,6.105502786791511
2016-05-01,451.875,6.113405592913029
2016-05-02,444.66900634765625,6.097330199445018
2016-05-03,450.3039855957031,6.109922878247044
2016-05-04,446.72198486328125,6.1019364433173156
2016-05-05,447.97601318359375,6.104739688980654
2016-05-06,459.6029968261719,6.130363066462855
2016-05-07,458.5360107421875,6.128038828944314
2016-05-08,458.5480041503906,6.128064984472071
2016-05-09,460.4830017089844,6.132275942329999
2016-05-10,450.8949890136719,6.111234472066709
2016-05-11,452.7279968261719,6.115291496634288
2016-05-12,454.7659912109375,6.1197829816198475
2016-05-13,455.6700134277344,6.121768892786148
2016-05-14,455.6709899902344,6.1217710359191715
2016-05-15,457.5679931640625,6.125925492610717
2016-05-16,454.1629943847656,6.118456152078285
2016-05-17,453.7829895019531,6.117619087072779
2016-05-18,454.6189880371094,6.119459679215557
2016-05-19,438.7149963378906,6.083849991170988
2016-05-20,442.6759948730469,6.092838113901619
2016-05-21,443.18798828125,6.093994032812304
2016-05-22,439.322998046875,6.085234901186387
2016-05-23,444.1549987792969,6.096173597862039
2016-05-24,445.9809875488281,6.100276322297144
2016-05-25,449.5989990234375,6.108356072205645
2016-05-26,453.3840026855469,6.116739454445999
2016-05-27,473.4639892578125,6.1600758574801855
2016-05-28,530.0399780273438,6.272952433941721
2016-05-29,526.2329711914062,6.265744025691859
2016-05-30,533.864013671875,6.280141150484661
2016-05-31,531.385986328125,6.27548866174751
2016-06-01,536.9199829101562,6.285849075790031
2016-06-02,537.9719848632812,6.287806486061122
2016-06-03,569.1939697265625,6.344221271863306
2016-06-04,572.7269897460938,6.350409145487009
2016-06-05,574.9769897460938,6.354330022163735
2016-06-06,585.5369873046875,6.372529353211047
2016-06-07,576.5969848632812,6.357143556025318
2016-06-08,581.64501953125,6.365860329570309
2016-06-09,574.6300048828125,6.353726363912804
2016-06-10,577.469970703125,6.3586564422614975
2016-06-11,606.7269897460938,6.4080789201069415
2016-06-12,672.7839965820312,6.5114243220827825
2016-06-13,704.3759765625,6.5573122712172145
2016-06-14,685.5590209960938,6.530234594488014
2016-06-15,694.468994140625,6.543147516331876
2016-06-16,766.3079833984375,6.641584156033062
2016-06-17,748.9089965820312,6.6186174762450305
2016-06-18,756.2269897460938,6.628341582100123
2016-06-19,763.781005859375,6.63828110653166
2016-06-20,737.2260131835938,6.60289451164028
2016-06-21,666.6519775390625,6.502268136939821
2016-06-22,596.1160278320312,6.390435325688653
2016-06-23,623.9769897460938,6.436113492282612
2016-06-24,665.2990112304688,6.500236580545728
2016-06-25,665.1229858398438,6.499971964668902
2016-06-26,629.3670043945312,6.444714559351663
2016-06-27,655.2750244140625,6.485055032110003
2016-06-28,647.0009765625,6.472347803869932
2016-06-29,639.8900146484375,6.461296309473635
2016-06-30,673.3369750976562,6.51224591027339
2016-07-01,676.2960205078125,6.516630880352156
2016-07-02,703.7020263671875,6.556355008557937
2016-07-03,658.6640014648438,6.490213543272474
2016-07-04,683.6619873046875,6.527463624872833
2016-07-05,670.6270141601562,6.508213116787955
2016-07-06,677.3309936523438,6.518160065770867
2016-07-07,640.56201171875,6.462345934322001
2016-07-08,666.5230102539062,6.502074663034685
2016-07-09,650.9600219726562,6.478448230142636
2016-07-10,649.3599853515625,6.475987239894651
2016-07-11,647.6589965820312,6.473364317996948
2016-07-12,664.551025390625,6.499111662851066
2016-07-13,654.468017578125,6.483822718729148
2016-07-14,658.0780029296875,6.489323469785203
2016-07-15,663.2550048828125,6.497159538986834
2016-07-16,660.7670288085938,6.493401325091156
2016-07-17,679.458984375,6.521296870290342
2016-07-18,673.1060180664062,6.511902847797388
2016-07-19,672.864013671875,6.511543249304951
2016-07-20,665.6849975585938,6.5008165820129085
2016-07-21,665.0120239257812,6.499805121583794
2016-07-22,650.6190185546875,6.477924245943209
2016-07-23,655.5560302734375,6.4854837767032505
2016-07-24,661.2849731445312,6.4941848712174375
2016-07-25,654.0969848632812,6.483255635360581
2016-07-26,651.7839965820312,6.479713213450968
2016-07-27,654.3519897460938,6.483645417294748
2016-07-28,655.0349731445312,6.484688628323625
2016-07-29,656.9920043945312,6.487671848539219
2016-07-30,655.0469970703125,6.48470698431364
2016-07-31,624.6810302734375,6.4372411679002175
2016-08-01,606.27197265625,6.4073286851516125
2016-08-02,547.4650268554688,6.305298581760822
2016-08-03,566.35498046875,6.3392210555848365
2016-08-04,578.2890014648438,6.360073746247093
2016-08-05,575.0430297851562,6.354444872406363
2016-08-06,587.7780151367188,6.3763493513403295
2016-08-07,592.6900024414062,6.384671500828695
2016-08-08,591.0540161132812,6.381907411052382
2016-08-09,587.801025390625,6.376388498438255
2016-08-10,592.10302734375,6.38368065241733
2016-08-11,589.1199951171875,6.3786298897563976
2016-08-12,587.5590209960938,6.375976702242365
2016-08-13,585.5880126953125,6.372616492313461
2016-08-14,570.4730224609375,6.346465880648434
2016-08-15,567.239990234375,6.3407824773771075
2016-08-16,577.4390258789062,6.358602853928014
2016-08-17,573.2160034179688,6.351262614995485
2016-08-18,574.3179931640625,6.353183237980298
2016-08-19,575.6300048828125,6.3554651016650405
2016-08-20,581.697021484375,6.3659497305398025
2016-08-21,581.3079833984375,6.365280708310637
2016-08-22,586.7529907226562,6.374603931816832
2016-08-23,583.4149780273438,6.368898730788226
2016-08-24,580.1820068359375,6.363341859203556
2016-08-25,577.760986328125,6.359160264686588
2016-08-26,579.6510009765625,6.3624261999786516
2016-08-27,569.947021484375,6.34554341174471
2016-08-28,573.9119873046875,6.3524760523411805
2016-08-29,574.1069946289062,6.35281578074143
2016-08-30,577.5029907226562,6.358713621123069
2016-08-31,575.4719848632812,6.35519054733027
2016-09-01,572.302978515625,6.349668533867047
2016-09-02,575.5369873046875,6.355303495957166
2016-09-03,598.2119750976562,6.393945164547228
2016-09-04,608.6339721679688,6.4112170560955315
2016-09-05,606.5900268554688,6.407853154063388
2016-09-06,610.4359741210938,6.414173413556522
2016-09-07,614.5440063476562,6.420880539700984
2016-09-08,626.3159790039062,6.439855002544413
2016-09-09,622.8610229492188,6.43432341677399
2016-09-10,623.5089721679688,6.435363155021317
2016-09-11,606.718994140625,6.408065741761016
2016-09-12,608.2429809570312,6.410574441863438
2016-09-13,609.2410278320312,6.412213965818349
2016-09-14,610.6840209960938,6.414579674823889
2016-09-15,607.155029296875,6.408784160915862
2016-09-16,606.9730224609375,6.408484346020658
2016-09-17,605.9840087890625,6.406853597584281
2016-09-18,609.8740234375,6.413252416884463
2016-09-19,609.2269897460938,6.412190923628098
2016-09-20,608.31201171875,6.410687927504791
2016-09-21,597.1489868164062,6.392166641414355
2016-09-22,596.2979736328125,6.390740497888862
2016-09-23,602.8419799804688,6.4016551059672695
2016-09-24,602.625,6.401295112725786
2016-09-25,600.8259887695312,6.398305356454336
2016-09-26,608.0430297851562,6.410245652134854
2016-09-27,606.166015625,6.407153901727563
2016-09-28,604.72802734375,6.4047788153761545
2016-09-29,605.6929931640625,6.406373245757636
2016-09-30,609.7349853515625,6.413024412523167
2016-10-01,613.9829711914062,6.419967193546591
2016-10-02,610.8920288085938,6.41492023129525
2016-10-03,612.1329956054688,6.41694957198409
2016-10-04,610.2039794921875,6.413793293880752
2016-10-05,612.510986328125,6.417566879120264
2016-10-06,613.02099609375,6.418399186726074
2016-10-07,617.1209716796875,6.425065068997969
2016-10-08,619.1079711914062,6.428279685892801
2016-10-09,616.7520141601562,6.424467021168473
2016-10-10,618.9940185546875,6.428095609559859
2016-10-11,641.072021484375,6.463141808618927
2016-10-12,636.1920166015625,6.455500430669134
2016-10-13,636.7860107421875,6.456433666233262
2016-10-14,640.3779907226562,6.462058612516127
2016-10-15,638.64599609375,6.459350304141254
2016-10-16,641.6309814453125,6.464013343175315
2016-10-17,639.1929931640625,6.4602064325084765
2016-10-18,637.9600219726562,6.458275619896612
2016-10-19,630.52001953125,6.446544906734758
2016-10-20,630.8569946289062,6.447079203938353
2016-10-21,632.8280029296875,6.450198667891667
2016-10-22,657.2940063476562,6.488131416633184
2016-10-23,657.0709838867188,6.487792055093984
2016-10-24,653.760986328125,6.482741820328751
2016-10-25,657.5880126953125,6.488578614706164
2016-10-26,678.3040161132812,6.5195955887855765
2016-10-27,688.31298828125,6.534243659313815
2016-10-28,689.6510009765625,6.536185673947377
2016-10-29,714.47900390625,6.571553611222618
2016-10-30,701.864013671875,6.553739672542952
2016-10-31,700.9719848632812,6.552467921704291
2016-11-01,729.7930297851562,6.592760973100552
2016-11-02,740.8289794921875,6.607769801751752
2016-11-03,688.7000122070312,6.534805780275397
2016-11-04,703.2349853515625,6.555691096770999
2016-11-05,703.4180297851562,6.555951352047399
2016-11-06,711.52197265625,6.567406299212234
2016-11-07,703.1309814453125,6.555543192301045
2016-11-08,709.8480224609375,6.565050894250857
2016-11-09,723.2730102539062,6.583786758426418
2016-11-10,715.5339965820312,6.573029112308026
2016-11-11,716.4110107421875,6.574254039613655
2016-11-12,705.0540161132812,6.5582744184776125
2016-11-13,702.031005859375,6.553977570941286
2016-11-14,705.02099609375,6.558227584062065
2016-11-15,711.6190185546875,6.567542681902617
2016-11-16,744.197998046875,6.612307125834831
2016-11-17,740.9769897460938,6.607969571839701
2016-11-18,751.5850219726562,6.6221843391510875
2016-11-19,751.6160278320312,6.62222559226142
2016-11-20,731.0260009765625,6.5944490281686
2016-11-21,739.2479858398438,6.605633434129407
2016-11-22,751.3469848632812,6.621867575504718
2016-11-23,744.593994140625,6.612839095519202
2016-11-24,740.2890014648438,6.607040652476394
2016-11-25,741.6489868164062,6.60887606764775
2016-11-26,735.3820190429688,6.600390117987573
2016-11-27,732.0349731445312,6.5958282903398535
2016-11-28,735.81298828125,6.600975994432861
2016-11-29,735.60400390625,6.600691935763544
2016-11-30,745.6909790039062,6.614311277123627
2016-12-01,756.7739868164062,6.629064644547031
2016-12-02,777.9439697265625,6.6566545032386255
2016-12-03,771.155029296875,6.647889428962368
2016-12-04,773.8720092773438,6.6514064972250395
2016-12-05,758.7000122070312,6.631606458433434
2016-12-06,764.2239990234375,6.638860938633071
2016-12-07,768.1320190429688,6.6439616181701275
2016-12-08,770.8099975585938,6.647441906822721
2016-12-09,772.7940063476562,6.6500125271069175
2016-12-10,774.6500244140625,6.65241134595855
2016-12-11,769.7310180664062,6.646041126632289
2016-12-12,780.0869750976562,6.659405420002702
2016-12-13,780.5560302734375,6.660006525045035
2016-12-14,781.4810180664062,6.6611908604640595
2016-12-15,778.0880126953125,6.656839644637759
2016-12-16,784.906982421875,6.665565217031376
2016-12-17,790.8289794921875,6.6730817364168615
2016-12-18,790.530029296875,6.672703643653343
2016-12-19,792.7139892578125,6.6754624872940695
2016-12-20,800.8759765625,6.685706099327882
2016-12-21,834.281005859375,6.726570283089326
2016-12-22,864.5399780273438,6.7621975481574665
2016-12-23,921.9840087890625,6.826527879359614
2016-12-24,898.822021484375,6.80108504099498
2016-12-25,896.1829833984375,6.798144614667245
2016-12-26,907.6099853515625,6.810814754775049
2016-12-27,933.197998046875,6.838617394888732
2016-12-28,975.9210205078125,6.883381661527914
2016-12-29,973.4970092773438,6.880894752673322
2016-12-30,961.2379760742188,6.868222012106217
2016-12-31,963.7429809570312,6.870824641797354
2017-01-01,998.3250122070312,6.906078886828705
2017-01-02,1021.75,6.929272122444386
2017-01-03,1043.8399658203125,6.950661467248412
2017-01-04,1154.72998046875,7.051621812480415
2017-01-05,1013.3800048828125,6.92104656212169
2017-01-06,902.2009887695312,6.8048373209275095
2017-01-07,908.5850219726562,6.811888468457595
2017-01-08,911.198974609375,6.8147612868133915
2017-01-09,902.8280029296875,6.805532062328628
2017-01-10,907.6790161132812,6.810890809619977
2017-01-11,777.7570190429688,6.656414160543155
2017-01-12,804.833984375,6.690636025560049
2017-01-13,823.9840087890625,6.714151122911767
2017-01-14,818.4119873046875,6.707365861774389
2017-01-15,821.7979736328125,6.711494590679432
2017-01-16,831.5339965820312,6.723272183644481
2017-01-17,907.93798828125,6.811176081424656
2017-01-18,886.6179809570312,6.78741420290502
2017-01-19,899.072998046875,6.80136423033741
2017-01-20,895.0260009765625,6.796852769223333
2017-01-21,921.7890014648438,6.826316348630114
2017-01-22,924.6729736328125,6.829440132983131
2017-01-23,921.0120239257812,6.8254730914640955
2017-01-24,892.68701171875,6.7942360286437715
2017-01-25,901.5419921875,6.804106621910732
2017-01-26,917.5859985351562,6.821746306909682
2017-01-27,919.75,6.824101893984884
2017-01-28,921.5900268554688,6.8261004683286775
2017-01-29,919.4959716796875,6.823825663044771
2017-01-30,920.3820190429688,6.824788821945791
2017-01-31,970.4030151367188,6.877711464732102
2017-02-01,989.0230102539062,6.896717597533966
2017-02-02,1011.7999877929688,6.919486189793168
2017-02-03,1029.9100341796875,6.937226731952231
2017-02-04,1042.9000244140625,6.94976059653695
2017-02-05,1027.3399658203125,6.934728183213479
2017-02-06,1038.1500244140625,6.945195585472875
2017-02-07,1061.3499755859375,6.967296938687614
2017-02-08,1063.0699462890625,6.968916177013539
2017-02-09,994.3829956054688,6.902122439894891
2017-02-10,988.6740112304688,6.896364662758549
2017-02-11,1004.4500122070312,6.912195419161109
2017-02-12,999.1810302734375,6.906935973716658
2017-02-13,990.6420288085938,6.898353246882411
2017-02-14,1004.5499877929688,6.912294946872428
2017-02-15,1007.47998046875,6.915207423120935
2017-02-16,1027.43994140625,6.9348254934759215
2017-02-17,1046.2099609375,6.952929351955514
2017-02-18,1054.4200439453125,6.960746173379122
2017-02-19,1047.8699951171875,6.954514806725394
2017-02-20,1079.97998046875,6.984697783343451
2017-02-21,1115.300048828125,7.016878749780751
2017-02-22,1117.43994140625,7.018795581335425
2017-02-23,1166.719970703125,7.061951646939784
2017-02-24,1173.6800537109375,7.067899436594234
2017-02-25,1143.8399658203125,7.042146272137013
2017-02-26,1165.199951171875,7.060647983179919
2017-02-27,1179.969970703125,7.0732442685792165
2017-02-28,1179.969970703125,7.0732442685792165
2017-03-01,1222.5,7.108653221349027
2017-03-02,1251.010009765625,7.131706511846271
2017-03-03,1274.989990234375,7.15069360676514
2017-03-04,1255.1500244140625,7.135010385787171
2017-03-05,1267.1199951171875,7.144501883900692
2017-03-06,1272.8299560546875,7.148998012301843
2017-03-07,1223.5400390625,7.109503607367707
2017-03-08,1150.0,7.047517221357296
2017-03-09,1188.489990234375,7.080438864580832
2017-03-10,1116.719970703125,7.018151069969748
2017-03-11,1175.8299560546875,7.0697295228120876
2017-03-12,1221.3800048828125,7.107736650000713
2017-03-13,1231.9200439453125,7.11632924259237
2017-03-14,1240.0,7.122866658599083
2017-03-15,1249.6099853515625,7.1305867698918135
2017-03-16,1187.81005859375,7.0798666038012925
2017-03-17,1100.22998046875,7.003274510087125
2017-03-18,973.8179931640625,6.881224420846395
2017-03-19,1036.739990234375,6.9438364441335345
2017-03-20,1054.22998046875,6.96056590308782
2017-03-21,1120.5400390625,7.021566025813186
2017-03-22,1049.1400146484375,6.9557260738920865
2017-03-23,1038.5899658203125,6.945619270108313
2017-03-24,937.52001953125,6.8432381117832355
2017-03-25,972.7789916992188,6.8801569152747835
2017-03-26,966.7249755859375,6.873914045058963
2017-03-27,1045.77001953125,6.9525087538457395
2017-03-28,1047.1500244140625,6.9538274903992905
2017-03-29,1039.969970703125,6.946947117394629
2017-03-30,1026.4300537109375,6.933842093573201
2017-03-31,1071.7900390625,6.9770854633643635
2017-04-01,1080.5,6.985179175946941
2017-04-02,1102.1700439453125,7.005036282659646
2017-04-03,1143.81005859375,7.042120125457018
2017-04-04,1133.25,7.032844889820959
2017-04-05,1124.780029296875,7.025342766006244
2017-04-06,1182.6800537109375,7.075538374069566
2017-04-07,1176.9000244140625,7.070639162627998
2017-04-08,1175.949951171875,7.069831569025615
2017-04-09,1187.8699951171875,7.079917062214964
2017-04-10,1187.1300048828125,7.079293912523746
2017-04-11,1205.010009765625,7.094243152749693
2017-04-12,1200.3699951171875,7.090385117516715
2017-04-13,1169.280029296875,7.06414347880507
2017-04-14,1167.5400390625,7.062654283655217
2017-04-15,1172.52001953125,7.06691057440175
2017-04-16,1182.93994140625,7.075758094647592
2017-04-17,1193.9100341796875,7.084988942855507
2017-04-18,1211.6700439453125,7.099754888595746
2017-04-19,1210.2900390625,7.098615311571469
2017-04-20,1229.0799560546875,7.1140211652649095
2017-04-21,1222.050048828125,7.1082850953806735
2017-04-22,1231.7099609375,7.116158695060553
2017-04-23,1207.2099609375,7.096067158693206
2017-04-24,1250.1500244140625,7.131018842625829
2017-04-25,1265.489990234375,7.143214670222071
2017-04-26,1281.0799560546875,7.155458716853398
2017-04-27,1317.72998046875,7.183665823412553
2017-04-28,1316.47998046875,7.182716772188574
2017-04-29,1321.7900390625,7.186742187119396
2017-04-30,1347.8900146484375,7.20629569663639
2017-05-01,1421.5999755859375,7.25953825966679
2017-05-02,1452.8199462890625,7.281261737301969
2017-05-03,1490.0899658203125,7.3065917768618975
2017-05-04,1537.6700439453125,7.338023591253208
2017-05-05,1555.449951171875,7.349520140424279
2017-05-06,1578.800048828125,7.364420374716057
2017-05-07,1596.7099609375,7.3757005167789425
2017-05-08,1723.3499755859375,7.452025335800853
2017-05-09,1755.3599853515625,7.470429234724205
2017-05-10,1787.1300048828125,7.48836626286737
2017-05-11,1848.5699462890625,7.522167617146354
2017-05-12,1724.239990234375,7.452541647007831
2017-05-13,1804.9100341796875,7.498266026965069
2017-05-14,1808.9100341796875,7.500479751809064
2017-05-15,1738.4300537109375,7.460737716937592
2017-05-16,1734.449951171875,7.458445611091144
2017-05-17,1839.0899658203125,7.517026144462816
2017-05-18,1888.6500244140625,7.543617580042546
2017-05-19,1987.7099609375,7.594738481672169
2017-05-20,2084.72998046875,7.642394620075922
2017-05-21,2041.199951171875,7.621293125268532
2017-05-22,2173.39990234375,7.684047995696271
2017-05-23,2320.419921875,7.749503449089875
2017-05-24,2443.639892578125,7.801243965973066
2017-05-25,2304.97998046875,7.742827270130016
2017-05-26,2202.419921875,7.697311999317363
2017-05-27,2038.8699951171875,7.620151009403544
2017-05-28,2155.800048828125,7.675917185997182
2017-05-29,2255.610107421875,7.7211757729576895
2017-05-30,2175.469970703125,7.684999998665386
2017-05-31,2286.409912109375,7.734738142413483
2017-06-01,2407.8798828125,7.7865019226315875
2017-06-02,2488.550048828125,7.819455510143029
2017-06-03,2515.35009765625,7.830167276685347
2017-06-04,2511.81005859375,7.828758911112098
2017-06-05,2686.81005859375,7.896109917093365
2017-06-06,2863.199951171875,7.959695142398126
2017-06-07,2732.159912109375,7.912847751960626
2017-06-08,2805.6201171875,7.939379869169344
2017-06-09,2823.81005859375,7.945842336646335
2017-06-10,2947.7099609375,7.9887838634411175
2017-06-11,2958.110107421875,7.9923058661823845
2017-06-12,2659.6298828125,7.885942250294814
2017-06-13,2717.02001953125,7.9072909776477305
2017-06-14,2506.3701171875,7.826590816963771
2017-06-15,2464.580078125,7.809776718263125
2017-06-16,2518.56005859375,7.831442611871293
2017-06-17,2655.8798828125,7.8845312847289595
2017-06-18,2548.2900390625,7.843177840301225
2017-06-19,2589.60009765625,7.859258740322974
2017-06-20,2721.7900390625,7.909045045431998
2017-06-21,2689.10009765625,7.896961880438904
2017-06-22,2705.409912109375,7.903008718472354
2017-06-23,2744.909912109375,7.917503534501391
2017-06-24,2608.719970703125,7.866614947334502
2017-06-25,2589.409912109375,7.859185295573262
2017-06-26,2478.449951171875,7.8153886240640364
2017-06-27,2552.449951171875,7.844808942078466
2017-06-28,2574.7900390625,7.853523271545259
2017-06-29,2539.320068359375,7.839651634555027
2017-06-30,2480.840087890625,7.816352526915042
2017-07-01,2434.550048828125,7.7975172335663485
2017-07-02,2506.469970703125,7.8266306560625205
2017-07-03,2564.06005859375,7.849347241554742
2017-07-04,2601.639892578125,7.863897253098984
2017-07-05,2601.989990234375,7.864031812114388
2017-07-06,2608.56005859375,7.866553646385147
2017-07-07,2518.659912109375,7.831482258150876
2017-07-08,2571.340087890625,7.852182476966185
2017-07-09,2518.43994140625,7.831394917931439
2017-07-10,2372.56005859375,7.771724844639441
2017-07-11,2337.7900390625,7.756961334347799
2017-07-12,2398.840087890625,7.782740602798299
2017-07-13,2357.89990234375,7.76552662996038
2017-07-14,2233.340087890625,7.7112535411350125
2017-07-15,1998.8599853515625,7.600332289701929
2017-07-16,1929.8199462890625,7.565181985468748
2017-07-17,2228.409912109375,7.7090435662203145
2017-07-18,2318.8798828125,7.748839538937955
2017-07-19,2273.429931640625,7.72904495319067
2017-07-20,2817.60009765625,7.943640772401315
2017-07-21,2667.760009765625,7.888994451627439
2017-07-22,2810.1201171875,7.940982507744264
2017-07-23,2730.39990234375,7.912203361826217
2017-07-24,2754.860107421875,7.921121942592475
2017-07-25,2576.47998046875,7.854179397689092
2017-07-26,2529.449951171875,7.835757147480453
2017-07-27,2671.780029296875,7.890500206902757
2017-07-28,2809.010009765625,7.940587390560204
2017-07-29,2726.449951171875,7.9107556577596645
2017-07-30,2757.179931640625,7.921963672456292
2017-07-31,2875.340087890625,7.963926237675787
2017-08-01,2718.260009765625,7.9077472523011805
2017-08-02,2710.669921875,7.904951086967872
2017-08-03,2804.72998046875,7.93906254967565
2017-08-04,2895.889892578125,7.971047732264205
2017-08-05,3252.909912109375,8.087305232302405
2017-08-06,3213.93994140625,8.075252859566001
2017-08-07,3378.93994140625,8.12531731248301
2017-08-08,3419.93994140625,8.13737826891013
2017-08-09,3342.469970703125,8.114465324852906
2017-08-10,3381.280029296875,8.126009623678275
2017-08-11,3650.6201171875,8.20265232726586
2017-08-12,3884.7099609375,8.264803603885497
2017-08-13,4073.260009765625,8.31219894301959
2017-08-14,4325.1298828125,8.37219744962316
2017-08-15,4181.93017578125,8.338528183479333
2017-08-16,4376.6298828125,8.384034274057047
2017-08-17,4331.68994140625,8.373713031553395
2017-08-18,4160.6201171875,8.333419408777592
2017-08-19,4193.7001953125,8.341338724718026
2017-08-20,4087.659912109375,8.315727936668848
2017-08-21,4001.739990234375,8.294484543076612
2017-08-22,4100.52001953125,8.318869078681656
2017-08-23,4151.52001953125,8.331229815930914
2017-08-24,4334.68017578125,8.374403109279879
2017-08-25,4371.60009765625,8.382884376141307
2017-08-26,4352.39990234375,8.378482673639523
2017-08-27,4382.8798828125,8.385461294798583
2017-08-28,4382.66015625,8.385411160622807
2017-08-29,4579.02001953125,8.429240284678823
2017-08-30,4565.2998046875,8.426239465502924
2017-08-31,4703.39013671875,8.45603883336707
2017-09-01,4892.009765625,8.495358493048938
2017-09-02,4578.77001953125,8.429185686353463
2017-09-03,4582.9599609375,8.43010034804013
2017-09-04,4236.31005859375,8.351447900122327
2017-09-05,4376.52978515625,8.384011402851664
2017-09-06,4597.1201171875,8.433185324937885
2017-09-07,4599.8798828125,8.433785469704185
2017-09-08,4228.75,8.349661720094918
2017-09-09,4226.06005859375,8.34902540976308
2017-09-10,4122.93994140625,8.324321765879061
2017-09-11,4161.27001953125,8.333575599819387
2017-09-12,4130.81005859375,8.326228806817463
2017-09-13,3882.590087890625,8.264257758331397
2017-09-14,3154.949951171875,8.056727911512525
2017-09-15,3637.52001953125,8.199057415115806
2017-09-16,3625.0400390625,8.195620612486398
2017-09-17,3582.8798828125,8.183922192548895
2017-09-18,4065.199951171875,8.310218209252364
2017-09-19,3924.969970703125,8.275113979410968
2017-09-20,3905.949951171875,8.27025629803448
2017-09-21,3631.0400390625,8.197274398360562
2017-09-22,3630.699951171875,8.197180732685027
2017-09-23,3792.39990234375,8.24075431729329
2017-09-24,3682.840087890625,8.211439496520795
2017-09-25,3926.070068359375,8.275394221941378
2017-09-26,3892.35009765625,8.26676839240944
2017-09-27,4200.669921875,8.34299929676019
2017-09-28,4174.72998046875,8.33680495985659
2017-09-29,4163.06982421875,8.334008019626681
2017-09-30,4338.7099609375,8.375332338885071
2017-10-01,4403.740234375,8.390209512082736
2017-10-02,4409.31982421875,8.39147572167444
2017-10-03,4317.47998046875,8.370427173175978
2017-10-04,4229.35986328125,8.349805928030772
2017-10-05,4328.41015625,8.37295558411605
2017-10-06,4370.81005859375,8.38270363901035
2017-10-07,4426.89013671875,8.395452615780595
2017-10-08,4610.47998046875,8.436087247809212
2017-10-09,4772.02001953125,8.470524978416728
2017-10-10,4781.990234375,8.472612105852864
2017-10-11,4826.47998046875,8.481872698443903
2017-10-12,5446.91015625,8.60280378307654
2017-10-13,5647.2099609375,8.638916889951625
2017-10-14,5831.7900390625,8.67107927150793
2017-10-15,5678.18994140625,8.644387788640762
2017-10-16,5725.58984375,8.65270085259125
2017-10-17,5605.509765625,8.631505279742697
2017-10-18,5590.68994140625,8.628857982755944
2017-10-19,5708.52001953125,8.649715078079007
2017-10-20,6011.4501953125,8.70142129547879
2017-10-21,6031.60009765625,8.70476761068241
2017-10-22,6008.419921875,8.700917084788964
2017-10-23,5930.31982421875,8.687833423795224
2017-10-24,5526.64013671875,8.617335339657197
2017-10-25,5750.7998046875,8.65709422058577
2017-10-26,5904.830078125,8.683525952286013
2017-10-27,5780.89990234375,8.662314641994628
2017-10-28,5753.08984375,8.65749235359343
2017-10-29,6153.85009765625,8.724833197063417
2017-10-30,6130.52978515625,8.72103645018054
2017-10-31,6468.39990234375,8.774684046606353
2017-11-01,6767.31005859375,8.81985895439251
2017-11-02,7078.5,8.864817299834552
2017-11-03,7207.759765625,8.882913469879398
2017-11-04,7379.9501953125,8.906522168969104
2017-11-05,7407.41015625,8.910236150619525
2017-11-06,7022.759765625,8.856911548771306
2017-11-07,7144.3798828125,8.874081296228326
2017-11-08,7459.68994140625,8.917269129519873
2017-11-09,7143.580078125,8.873969341170989
2017-11-10,6618.14013671875,8.797569663343308
2017-11-11,6357.60009765625,8.757406241986523
2017-11-12,5950.06982421875,8.691158233633635
2017-11-13,6559.490234375,8.788668170744156
2017-11-14,6635.75,8.800226977303511
2017-11-15,7315.5400390625,8.897756136985182
2017-11-16,7871.68994140625,8.971028050431768
2017-11-17,7708.990234375,8.950142489676127
2017-11-18,7790.14990234375,8.96061538159926
2017-11-19,8036.490234375,8.991747728849495
2017-11-20,8200.6396484375,9.011967436117054
2017-11-21,8071.259765625,8.996064853867155
2017-11-22,8253.5498046875,9.01839866614117
2017-11-23,8038.77001953125,8.992031367824607
2017-11-24,8253.6904296875,9.018415704119416
2017-11-25,8790.919921875,9.081474640706631
2017-11-26,9330.5498046875,9.141049220796212
2017-11-27,9818.349609375,9.192008323005707
2017-11-28,10058.7998046875,9.21620313282748
2017-11-29,9888.6103515625,9.199138904285443
2017-11-30,10233.599609375,9.23343166502875
2017-12-01,10975.599609375,9.303429870562601
2017-12-02,11074.599609375,9.312409441607443
2017-12-03,11323.2001953125,9.334609014570399
2017-12-04,11657.2001953125,9.363679310600322
2017-12-05,11916.7001953125,9.385696073042743
2017-12-06,14291.5,9.567420233924551
2017-12-07,17899.69921875,9.792539188265879
2017-12-08,16569.400390625,9.715312923321989
2017-12-09,15178.2001953125,9.627615479711666
2017-12-10,15455.400390625,9.64571376109735
2017-12-11,16936.80078125,9.737244094482097
2017-12-12,17415.400390625,9.765110173671324
2017-12-13,16408.19921875,9.705536441240552
2017-12-14,16564.0,9.714986944665458
2017-12-15,17706.900390625,9.781709695166834
2017-12-16,19497.400390625,9.878036422363548
2017-12-17,19140.80078125,9.859577502232593
2017-12-18,19114.19921875,9.858186752433209
2017-12-19,17776.69921875,9.785643846093997
2017-12-20,16624.599609375,9.718638781587423
2017-12-21,15802.900390625,9.667948771195224
2017-12-22,13831.7998046875,9.534725553913065
2017-12-23,14699.2001953125,9.59554836280449
2017-12-24,13925.7998046875,9.5414984997484
2017-12-25,14026.599609375,9.548710778031603
2017-12-26,16099.7998046875,9.686562116403787
2017-12-27,15838.5,9.670198963914679
2017-12-28,14606.5,9.589221914101325
2017-12-29,14656.2001953125,9.592618746435283
2017-12-30,12952.2001953125,9.469020951948371
2017-12-31,14156.400390625,9.557922125229323
2018-01-01,13657.2001953125,9.522022148376909
2018-01-02,14982.099609375,9.61461140808905
2018-01-03,15201.0,9.62911649414402
2018-01-04,15599.2001953125,9.654974922392052
2018-01-05,17429.5,9.765919451929346
2018-01-06,17527.0,9.771497828073176
2018-01-07,16477.599609375,9.709757138083843
2018-01-08,15170.099609375,9.627081638528997
2018-01-09,14595.400390625,9.58846171632234
2018-01-10,14973.2998046875,9.614023880957864
2018-01-11,13405.7998046875,9.503442713544242
2018-01-12,13980.599609375,9.545425905381263
2018-01-13,14360.2001953125,9.572215783682788
2018-01-14,13772.0,9.530392824458414
2018-01-15,13819.7998046875,9.533857611304112
2018-01-16,11490.5,9.34927588599696
2018-01-17,11188.599609375,9.322650646859199
2018-01-18,11474.900390625,9.347917354335515
2018-01-19,11607.400390625,9.359398138390532
2018-01-20,12899.2001953125,9.46492058806429
2018-01-21,11600.099609375,9.358768964072674
2018-01-22,10931.400390625,9.29939469653391
2018-01-23,10868.400390625,9.293614811110256
2018-01-24,11359.400390625,9.337800908366692
2018-01-25,11259.400390625,9.328958648999139
2018-01-26,11171.400390625,9.321112254896583
2018-01-27,11440.7001953125,9.344932468944744
2018-01-28,11786.2998046875,9.374693102431156
2018-01-29,11296.400390625,9.332239404450549
2018-01-30,10106.2998046875,9.220914251420881
2018-01-31,10221.099609375,9.232209451842198
2018-02-01,9170.5400390625,9.12375145545347
2018-02-02,8830.75,9.085995227703346
2018-02-03,9174.91015625,9.124227880640495
2018-02-04,8277.009765625,9.02123704273549
2018-02-05,6955.27001953125,8.847254927404242
2018-02-06,7754.0,8.955964118230874
2018-02-07,7621.2998046875,8.93870221217689
2018-02-08,8265.58984375,9.019856374163592
2018-02-09,8736.98046875,9.075319924831478
2018-02-10,8621.900390625,9.06206080230889
2018-02-11,8129.97021484375,9.003312538924291
2018-02-12,8926.5703125,9.096787536549419
2018-02-13,8598.3095703125,9.059320901329269
2018-02-14,9494.6298828125,9.158481642266786
2018-02-15,10166.400390625,9.226843482498335
2018-02-16,10233.900390625,9.233461056136607
2018-02-17,11112.7001953125,9.315843894986095
2018-02-18,10551.7998046875,9.264051721954807
2018-02-19,11225.2998046875,9.325925420911915
2018-02-20,11403.7001953125,9.341693160254554
2018-02-21,10690.400390625,9.277101458006642
2018-02-22,10005.0,9.210840247017833
2018-02-23,10301.099609375,9.240005926711225
2018-02-24,9813.0703125,9.191470481420811
2018-02-25,9664.73046875,9.176238503902304
2018-02-26,10366.7001953125,9.246354043768504
2018-02-27,10725.599609375,9.280388649867477
2018-02-28,10397.900390625,9.249359179231012
2018-03-01,10951.0,9.301186055275759
2018-03-02,11086.400390625,9.313474446107728
2018-03-03,11489.7001953125,9.349206277840285
2018-03-04,11512.599609375,9.351197332806262
2018-03-05,11573.2998046875,9.356455983041569
2018-03-06,10779.900390625,9.285438604218534
2018-03-07,9965.5703125,9.206891462569693
2018-03-08,9395.009765625,9.147933951296201
2018-03-09,9337.5498046875,9.141799163262188
2018-03-10,8866.0,9.089979015305
2018-03-11,9578.6298828125,9.167289842241223
2018-03-12,9205.1201171875,9.127515142706157
2018-03-13,9194.849609375,9.126398781208636
2018-03-14,8269.8095703125,9.020366761188232
2018-03-15,8300.8603515625,9.024114445227452
2018-03-16,8338.349609375,9.028620587206118
2018-03-17,7916.8798828125,8.976752452997792
2018-03-18,8223.6796875,9.014773038432056
2018-03-19,8630.650390625,9.063075145157223
2018-03-20,8913.4697265625,9.095318864028096
2018-03-21,8929.2802734375,9.097091074142911
2018-03-22,8728.4697265625,9.074345344415175
2018-03-23,8879.6201171875,9.091514055475141
2018-03-24,8668.1201171875,9.067407220103785
2018-03-25,8495.7802734375,9.04732488079294
2018-03-26,8209.400390625,9.013035165750736
2018-03-27,7833.0400390625,8.96610596894137
2018-03-28,7954.47998046875,8.981490568486674
2018-03-29,7165.7001953125,8.877061059885671
2018-03-30,6890.52001953125,8.837901835692483
2018-03-31,6973.52978515625,8.84987680098146
2018-04-01,6844.22998046875,8.831161237672049
2018-04-02,7083.7998046875,8.865565738295533
2018-04-03,7456.10986328125,8.916789091139012
2018-04-04,6853.83984375,8.832564335331957
2018-04-05,6811.47021484375,8.826363266421652
2018-04-06,6636.31982421875,8.800312845480313
2018-04-07,6911.08984375,8.840882624115416
2018-04-08,7023.52001953125,8.857019798630859
2018-04-09,6770.72998046875,8.820364185864404
2018-04-10,6834.759765625,8.82977660086296
2018-04-11,6968.31982421875,8.84912941647711
2018-04-12,7889.25,8.973256352287493
2018-04-13,7895.9599609375,8.974106510297206
2018-04-14,7986.240234375,8.985475369110985
2018-04-15,8329.1103515625,9.027511928924593
2018-04-16,8058.669921875,8.994503799783153
2018-04-17,7902.08984375,8.974882540654866
2018-04-18,8163.419921875,9.007418468229812
2018-04-19,8294.3095703125,9.02332496471944
2018-04-20,8845.830078125,9.087701449349929
2018-04-21,8895.580078125,9.093309811928068
2018-04-22,8802.4599609375,9.082786502417614
2018-04-23,8930.8798828125,9.097270200126696
2018-04-24,9697.5,9.179623399314123
2018-04-25,8845.740234375,9.087691292676618
2018-04-26,9281.509765625,9.135779502808935
2018-04-27,8987.0498046875,9.103539909502091
2018-04-28,9348.48046875,9.14296909236423
2018-04-29,9419.080078125,9.150492706551727
2018-04-30,9240.5498046875,9.131356665537323
2018-05-01,9119.009765625,9.118116498842731
2018-05-02,9235.919921875,9.130855500219715
2018-05-03,9743.8603515625,9.18439265811078
2018-05-04,9700.759765625,9.179959487777218
2018-05-05,9858.150390625,9.196053842842302
2018-05-06,9654.7998046875,9.17521045976287
2018-05-07,9373.009765625,9.14558953663488
2018-05-08,9234.8203125,9.13073643521611
2018-05-09,9325.1796875,9.14047351376336
2018-05-10,9043.9404296875,9.109850246654307
2018-05-11,8441.490234375,9.040914140057609
2018-05-12,8504.8896484375,9.04839652984132
2018-05-13,8723.9404296875,9.07382629897261
2018-05-14,8716.7900390625,9.073006334345735
2018-05-15,8510.3798828125,9.04904186014954
2018-05-16,8368.830078125,9.032269378101693
2018-05-17,8094.31982421875,8.998917838396052
2018-05-18,8250.9697265625,9.018086015034772
2018-05-19,8247.1796875,9.017626564822017
2018-05-20,8513.25,9.049379052303559
2018-05-21,8418.990234375,9.038245175386285
2018-05-22,8041.77978515625,8.992405703988071
2018-05-23,7557.81982421875,8.930338044543346
2018-05-24,7587.33984375,8.934236327237235
2018-05-25,7480.14013671875,8.920006805648475
2018-05-26,7355.8798828125,8.903255256446315
2018-05-27,7368.22021484375,8.904931465496615
2018-05-28,7135.990234375,8.872906305757647
2018-05-29,7472.58984375,8.918996917337738
2018-05-30,7406.52001953125,8.910115974986287
2018-05-31,7494.169921875,8.921880653486085
2018-06-01,7541.4501953125,8.92816977610409
2018-06-02,7643.4501953125,8.941604376466762
2018-06-03,7720.25,8.951602025914179
2018-06-04,7514.47021484375,8.924585802675264
2018-06-05,7633.759765625,8.940335763806218
2018-06-06,7653.97998046875,8.942981050417654
2018-06-07,7678.240234375,8.946145663736932
2018-06-08,7624.919921875,8.939177099371285
2018-06-09,7531.97998046875,8.92691323184318
2018-06-10,6786.02001953125,8.822619895462319
2018-06-11,6906.919921875,8.840279075258191
2018-06-12,6582.35986328125,8.792148601858809
2018-06-13,6349.89990234375,8.756194328352061
2018-06-14,6675.35009765625,8.806176930980124
2018-06-15,6456.580078125,8.772855056924111
2018-06-16,6550.16015625,8.787244779666246
2018-06-17,6499.27001953125,8.779445144889586
2018-06-18,6734.81982421875,8.815046336329047
2018-06-19,6769.93994140625,8.820247494582812
2018-06-20,6776.5498046875,8.821223373047228
2018-06-21,6729.740234375,8.814291823732626
2018-06-22,6083.68994140625,8.71336668912955
2018-06-23,6162.47998046875,8.726234569740193
2018-06-24,6173.22998046875,8.727977477567197
2018-06-25,6249.18017578125,8.740205562251665
2018-06-26,6093.669921875,8.715005793634171
2018-06-27,6157.1298828125,8.72536601983448
2018-06-28,5903.43994140625,8.683290500907805
2018-06-29,6218.2998046875,8.735251805070307
2018-06-30,6404.0,8.764678074116606
2018-07-01,6385.81982421875,8.761835158692351
2018-07-02,6614.18017578125,8.796971134746329
2018-07-03,6529.58984375,8.78409940923346
2018-07-04,6597.5498046875,8.794453617373238
2018-07-05,6639.14013671875,8.80073773660284
2018-07-06,6673.5,8.805899738914206
2018-07-07,6856.93017578125,8.833015124321806
2018-07-08,6773.8798828125,8.820829301129049
2018-07-09,6741.75,8.816074814121619
2018-07-10,6329.9501953125,8.753047647068168
2018-07-11,6394.7099609375,8.763226358948062
2018-07-12,6228.81005859375,8.736940591707468
2018-07-13,6238.0498046875,8.738422881215309
2018-07-14,6276.1201171875,8.744507252800986
2018-07-15,6359.64013671875,8.757727072456404
2018-07-16,6741.75,8.816074814121619
2018-07-17,7321.0400390625,8.898507678701828
2018-07-18,7370.77978515625,8.90527878489932
2018-07-19,7466.85986328125,8.918229823386877
2018-07-20,7354.1298828125,8.903017323224496
2018-07-21,7419.2900390625,8.911838649516557
2018-07-22,7418.490234375,8.911730843001898
2018-07-23,7711.10986328125,8.950417407336348
2018-07-24,8424.26953125,9.038872048939426
2018-07-25,8181.39013671875,9.009617358522206
2018-07-26,7951.580078125,8.981125939865231
2018-07-27,8165.009765625,9.007613201438755
2018-07-28,8192.150390625,9.01093170534137
2018-07-29,8218.4599609375,9.014138117813516
2018-07-30,8180.47998046875,9.009506105194264
2018-07-31,7780.43994140625,8.959368163312266
2018-08-01,7624.91015625,8.93917581861931
2018-08-02,7567.14990234375,8.931571776508052
2018-08-03,7434.39013671875,8.913871829533806
2018-08-04,7032.85009765625,8.858347321941277
2018-08-05,7068.47998046875,8.863400740085314
2018-08-06,6951.7998046875,8.846755869736505
2018-08-07,6753.1201171875,8.817759916650102
2018-08-08,6305.7998046875,8.749225092802382
2018-08-09,6568.22998046875,8.789999665815946
2018-08-10,6184.7099609375,8.729835389779984
2018-08-11,6295.72998046875,8.747626901704347
2018-08-12,6322.68994140625,8.751900020229083
2018-08-13,6297.56982421875,8.747919095774469
2018-08-14,6199.7099609375,8.73225778944499
2018-08-15,6308.52001953125,8.749656382784533
2018-08-16,6334.72998046875,8.753802468400702
2018-08-17,6580.6298828125,8.791885746609038
2018-08-18,6423.759765625,8.767758858542685
2018-08-19,6506.06982421875,8.780490839256485
2018-08-20,6308.52978515625,8.749657930789043
2018-08-21,6488.759765625,8.777826692148976
2018-08-22,6376.7099609375,8.760407563226282
2018-08-23,6534.8798828125,8.784909245294523
2018-08-24,6719.9599609375,8.81283747530562
2018-08-25,6763.18994140625,8.81924994255779
2018-08-26,6707.259765625,8.810945765873809
2018-08-27,6884.64013671875,8.83704814207253
2018-08-28,7096.27978515625,8.867325951785446
2018-08-29,7047.16015625,8.860379999938361
2018-08-30,6978.22998046875,8.850550579138378
2018-08-31,7037.580078125,8.859019651157631
2018-09-01,7193.25,8.88089836527617
2018-09-02,7272.72021484375,8.891885670398192
2018-09-03,7260.06005859375,8.890143380318198
2018-09-04,7361.66015625,8.904040750994909
2018-09-05,6792.830078125,8.823622934617436
2018-09-06,6529.169921875,8.784035096560178
2018-09-07,6467.06982421875,8.77447839839136
2018-09-08,6225.97998046875,8.73648613552397
2018-09-09,6300.85986328125,8.748441389301345
2018-09-10,6329.7001953125,8.753008151506709
2018-09-11,6321.2001953125,8.751664373432957
2018-09-12,6351.7998046875,8.75649348553602
2018-09-13,6517.31005859375,8.782217002090885
2018-09-14,6512.7099609375,8.781510925225236
2018-09-15,6543.2001953125,8.786181651270455
2018-09-16,6517.18017578125,8.782197072993517
2018-09-17,6281.2001953125,8.745316355105572
2018-09-18,6371.2998046875,8.759558778721992
2018-09-19,6398.5400390625,8.763825124428205
2018-09-20,6519.669921875,8.78257902815989
2018-09-21,6734.9501953125,8.815065693911777
2018-09-22,6721.97998046875,8.813138030070077
2018-09-23,6710.6298828125,8.811448097812239
2018-09-24,6595.41015625,8.794129255219088
2018-09-25,6446.47021484375,8.771288006479363
2018-09-26,6495.0,8.7787879291047
2018-09-27,6676.75,8.806386621191947
2018-09-28,6644.1298828125,8.801489019430203
2018-09-29,6601.9599609375,8.795121847707911
2018-09-30,6625.56005859375,8.798690184427587
2018-10-01,6589.6201171875,8.793250980491672
2018-10-02,6556.10009765625,8.788151207846044
2018-10-03,6502.58984375,8.779955814028586
2018-10-04,6576.68994140625,8.791286849329556
2018-10-05,6622.47998046875,8.798225198184879
2018-10-06,6588.31005859375,8.793052154336033
2018-10-07,6602.9501953125,8.795271827429868
2018-10-08,6652.22998046875,8.802707412846383
2018-10-09,6642.64013671875,8.801264774395811
2018-10-10,6585.52978515625,8.792630064267875
2018-10-11,6256.240234375,8.741334682123252
2018-10-12,6274.580078125,8.744261841940036
2018-10-13,6285.990234375,8.746078663804763
2018-10-14,6290.93017578125,8.746864220443301
2018-10-15,6596.5400390625,8.794300554048835
2018-10-16,6596.10986328125,8.794235339587058
2018-10-17,6544.43017578125,8.786369612029965
2018-10-18,6476.7099609375,8.775967938334276
2018-10-19,6465.41015625,8.77422173176897
2018-10-20,6489.18994140625,8.77789298548361
2018-10-21,6482.35009765625,8.77683839298907
2018-10-22,6487.16015625,8.77758014170897
2018-10-23,6475.740234375,8.775818201944684
2018-10-24,6495.83984375,8.778917226942449
2018-10-25,6476.2900390625,8.775903100555361
2018-10-26,6474.75,8.775665275783743
2018-10-27,6480.3798828125,8.776534411518826
2018-10-28,6486.39013671875,8.777461435647057
2018-10-29,6332.6298828125,8.753470892176743
2018-10-30,6334.27001953125,8.753729856365387
2018-10-31,6317.60986328125,8.751096229420796
2018-11-01,6377.77978515625,8.760575319717143
2018-11-02,6388.43994140625,8.762245376939406
2018-11-03,6361.259765625,8.757981713075768
2018-11-04,6376.1298828125,8.760316590841699
2018-11-05,6419.66015625,8.76712046011934
2018-11-06,6461.009765625,8.773540895029706
2018-11-07,6530.14013671875,8.78418368248718
2018-11-08,6453.72021484375,8.772412021012766
2018-11-09,6385.6201171875,8.761803884688451
2018-11-10,6409.22021484375,8.765492891164161
2018-11-11,6411.27001953125,8.765812661261482
2018-11-12,6371.27001953125,8.759554103816276
2018-11-13,6359.490234375,8.757703501294008
2018-11-14,5738.35009765625,8.654927008562272
2018-11-15,5648.02978515625,8.639062052734996
2018-11-16,5575.5498046875,8.626146211140608
2018-11-17,5554.330078125,8.622333096803908
2018-11-18,5623.5400390625,8.63471664477294
2018-11-19,4871.490234375,8.491155172219026
2018-11-20,4451.8701171875,8.401079537932915
2018-11-21,4602.169921875,8.434283193398011
2018-11-22,4365.93994140625,8.381588781038694
2018-11-23,4347.10986328125,8.377266504026052
2018-11-24,3880.760009765625,8.263786292241145
2018-11-25,4009.969970703125,8.296539031669862
2018-11-26,3779.1298828125,8.237249072383769
2018-11-27,3820.719970703125,8.24819415784768
2018-11-28,4257.419921875,8.356418603640051
2018-11-29,4278.8466796875,8.361438784900255
2018-11-30,4017.2685546875,8.298357486664697
2018-12-01,4214.671875,8.346327020430634
2018-12-02,4139.8779296875,8.328421580801923
2018-12-03,3894.130859375,8.267225790753988
2018-12-04,3956.893798828125,8.283214602215079
2018-12-05,3753.994873046875,8.230575851414802
2018-12-06,3521.101806640625,8.166529232863894
2018-12-07,3419.937255859375,8.137377483648407
2018-12-08,3476.11474609375,8.15367049679951
2018-12-09,3614.234375,8.192635321013958
2018-12-10,3502.656005859375,8.161276818506702
2018-12-11,3424.588134765625,8.138736490842224
2018-12-12,3486.9501953125,8.156782763611934
2018-12-13,3313.67724609375,8.105813802203787
2018-12-14,3242.48486328125,8.084095247954954
2018-12-15,3236.76171875,8.082328639462055
2018-12-16,3252.839111328125,8.087283466697555
2018-12-17,3545.86474609375,8.173537343237145
2018-12-18,3696.05908203125,8.215022418031875
2018-12-19,3745.95068359375,8.22843071783295
2018-12-20,4134.44140625,8.327107509154676
2018-12-21,3896.543701171875,8.267845208714595
2018-12-22,4014.1826171875,8.297589023385564
2018-12-23,3998.980224609375,8.293794663750663
2018-12-24,4078.59912109375,8.31350885576608
2018-12-25,3815.49072265625,8.246824565238395
2018-12-26,3857.297607421875,8.257722115569058
2018-12-27,3654.83349609375,8.203805816041905
2018-12-28,3923.918701171875,8.274846102114834
2018-12-29,3820.40869140625,8.248112683157013
2018-12-30,3865.95263671875,8.259963408456485
2018-12-31,3742.700439453125,8.22756267249573
2019-01-01,3843.52001953125,8.25414389744773
2019-01-02,3943.409423828125,8.279800964101621
2019-01-03,3836.7412109375,8.25237864229543
2019-01-04,3857.717529296875,8.25783097391035
2019-01-05,3845.194580078125,8.254579486661417
2019-01-06,4076.632568359375,8.313026575716323
2019-01-07,4025.248291015625,8.300341875158937
2019-01-08,4030.847900390625,8.301732029929621
2019-01-09,4035.29638671875,8.302835031963998
2019-01-10,3678.924560546875,8.210375749471016
2019-01-11,3687.365478515625,8.212667519580107
2019-01-12,3661.301025390625,8.20557383464862
2019-01-13,3552.953125,8.175534402857725
2019-01-14,3706.05224609375,8.217722504450668
2019-01-15,3630.67529296875,8.197173941078121
2019-01-16,3655.0068359375,8.203853242479667
2019-01-17,3678.56396484375,8.210277728059996
2019-01-18,3657.83935546875,8.204627912040264
2019-01-19,3728.568359375,8.223779621099002
2019-01-20,3601.013671875,8.188970660330087
2019-01-21,3576.032470703125,8.182009216426431
2019-01-22,3604.5771484375,8.189959746982904
2019-01-23,3585.123046875,8.184548075143455
2019-01-24,3600.865478515625,8.188929506248964
2019-01-25,3599.765869140625,8.18862408597942
2019-01-26,3602.46044921875,8.189372349109385
2019-01-27,3583.9658203125,8.184225237306181
2019-01-28,3470.450439453125,8.152039674157033
2019-01-29,3448.116943359375,8.145583547495962
2019-01-30,3486.181640625,8.156562330466915
2019-01-31,3457.792724609375,8.148385723616572
2019-02-01,3487.9453125,8.157068106150223
2019-02-02,3521.060791015625,8.166517584275997
2019-02-03,3464.013427734375,8.150183146041549
2019-02-04,3459.154052734375,8.148779344729007
2019-02-05,3466.357421875,8.150859587253965
2019-02-06,3413.767822265625,8.135571893503872
2019-02-07,3399.4716796875,8.13137531020303
2019-02-08,3666.7802734375,8.207069246297186
2019-02-09,3671.20361328125,8.208274847303622
2019-02-10,3690.188232421875,8.213432747229973
2019-02-11,3648.4306640625,8.202052399067991
2019-02-12,3653.528564453125,8.2034487095812
2019-02-13,3632.070556640625,8.19755816592033
2019-02-14,3616.880859375,8.19336729233716
2019-02-15,3620.810791015625,8.194453255159749
2019-02-16,3629.78759765625,8.196929412504586
2019-02-17,3673.836181640625,8.208991676223711
2019-02-18,3915.71435546875,8.2727530580555
2019-02-19,3947.094482421875,8.280735013157411
2019-02-20,3999.820556640625,8.294004778255907
2019-02-21,3954.1181640625,8.282512887973578
2019-02-22,4005.526611328125,8.29543033933005
2019-02-23,4142.52685546875,8.329061232193101
2019-02-24,3810.427490234375,8.245496663987808
2019-02-25,3882.6962890625,8.264285111133786
2019-02-26,3854.35791015625,8.256959711853975
2019-02-27,3851.04736328125,8.256100432695717
2019-02-28,3854.785400390625,8.257070616585564
2019-03-01,3859.583740234375,8.25831461732628
2019-03-02,3864.4150390625,8.259565601329836
2019-03-03,3847.17578125,8.255094594780923
2019-03-04,3761.55712890625,8.232588280684025
2019-03-05,3896.375,8.26780191269718
2019-03-06,3903.942626953125,8.269742251460121
2019-03-07,3911.484375,8.27167221648594
2019-03-08,3901.131591796875,8.26902194177465
2019-03-09,3963.313720703125,8.284835752485497
2019-03-10,3951.599853515625,8.281875802100682
2019-03-11,3905.227294921875,8.270071266705836
2019-03-12,3909.15625,8.271076836853911
2019-03-13,3906.71728515625,8.270452731330211
2019-03-14,3924.369140625,8.274960888795114
2019-03-15,3960.9111328125,8.284229361826812
2019-03-16,4048.725830078125,8.306157500743268
2019-03-17,4025.22900390625,8.300337083614618
2019-03-18,4032.50732421875,8.302143626294987
2019-03-19,4071.190185546875,8.311690664568946
2019-03-20,4087.476318359375,8.315683021515179
2019-03-21,4029.326904296875,8.30135461972484
2019-03-22,4023.96826171875,8.30002382450164
2019-03-23,4035.826416015625,8.302966371632738
2019-03-24,4022.168212890625,8.299576392653115
2019-03-25,3963.070556640625,8.284774396877678
2019-03-26,3985.080810546875,8.29031286970048
2019-03-27,4087.066162109375,8.31558267186226
2019-03-28,4069.107177734375,8.311178887722226
2019-03-29,4098.37451171875,8.318345713524732
2019-03-30,4106.66015625,8.32036536308941
2019-03-31,4105.404296875,8.320059505922321
2019-04-01,4158.18310546875,8.332833504357634
2019-04-02,4879.8779296875,8.492875484126028
2019-04-03,4973.02197265625,8.511782977095537
2019-04-04,4922.798828125,8.501632515247653
2019-04-05,5036.68115234375,8.524502642638964
2019-04-06,5059.8173828125,8.529085671276977
2019-04-07,5198.89697265625,8.556201761425724
2019-04-08,5289.77099609375,8.573530233951933
2019-04-09,5204.95849609375,8.557367007164013
2019-04-10,5324.5517578125,8.580083810097928
2019-04-11,5064.48779296875,8.530008284810737
2019-04-12,5089.5390625,8.534942547978375
2019-04-13,5096.58642578125,8.536326266334056
2019-04-14,5167.72216796875,8.550187283949347
2019-04-15,5067.1083984375,8.5305255982681
2019-04-16,5235.5595703125,8.563229007814348
2019-04-17,5251.93798828125,8.566352428095032
2019-04-18,5298.3857421875,8.57515747620148
2019-04-19,5303.8125,8.576181180562115
2019-04-20,5337.88623046875,8.582585016599229
2019-04-21,5314.53125,8.57820009309559
2019-04-22,5399.365234375,8.594036676453104
2019-04-23,5572.3623046875,8.625574355163346
2019-04-24,5464.86669921875,8.6060950085874
2019-04-25,5210.515625,8.558434098180506
2019-04-26,5279.34814453125,8.571557911603664
2019-04-27,5268.291015625,8.569461303483356
2019-04-28,5285.13916015625,8.572654229113072
2019-04-29,5247.3525390625,8.56547895012081
2019-04-30,5350.7265625,8.584987636744009
2019-05-01,5402.697265625,8.594653601481204
2019-05-02,5505.28369140625,8.61346358123611
2019-05-03,5768.28955078125,8.660130877216144
2019-05-04,5831.16748046875,8.670972513236146
2019-05-05,5795.70849609375,8.664873008196103
2019-05-06,5746.80712890625,8.656399697635942
2019-05-07,5829.50146484375,8.670686763654514
2019-05-08,5982.45751953125,8.69658671896856
2019-05-09,6174.52880859375,8.728187852284098
2019-05-10,6378.84912109375,8.760742971523566
2019-05-11,7204.771484375,8.882498791674578
2019-05-12,6972.37158203125,8.849710701552365
2019-05-13,7814.9150390625,8.963789371275368
2019-05-14,7994.416015625,8.986498578901047
2019-05-15,8205.16796875,9.012519474825927
2019-05-16,7884.9091796875,8.972705981218883
2019-05-17,7343.8955078125,8.901624703960065
2019-05-18,7271.2080078125,8.891677720109447
2019-05-19,8197.689453125,9.011607619537443
2019-05-20,7978.30908203125,8.984481773508747
2019-05-21,7963.32763671875,8.982602236295953
2019-05-22,7680.06640625,8.94638347275147
2019-05-23,7881.8466796875,8.972317505610352
2019-05-24,7987.37158203125,8.985617021189569
2019-05-25,8052.5439453125,8.993743338540664
2019-05-26,8673.2158203125,9.067994914534022
2019-05-27,8805.7783203125,9.08316341228915
2019-05-28,8719.9619140625,9.073370149240104
2019-05-29,8659.4873046875,9.066410797111958
2019-05-30,8319.47265625,9.026354149144229
2019-05-31,8574.501953125,9.056548189079138
2019-06-01,8564.0166015625,9.055324588236711
2019-06-02,8742.9580078125,9.076003856219854
2019-06-03,8208.9951171875,9.012985797535993
2019-06-04,7707.77099609375,8.949984319193291
2019-06-05,7824.2314453125,8.964980792733227
2019-06-06,7822.0234375,8.964698551667402
2019-06-07,8043.951171875,8.99267568074421
2019-06-08,7954.1279296875,8.981446309330462
2019-06-09,7688.0771484375,8.947425985516206
2019-06-10,8000.32958984375,8.987238018543797
2019-06-11,7927.71435546875,8.978120045525813
2019-06-12,8145.857421875,9.005264785216365
2019-06-13,8230.923828125,9.01565353866242
2019-06-14,8693.8330078125,9.07036920361323
2019-06-15,8838.375,9.086858315204662
2019-06-16,8994.48828125,9.104367255522355
2019-06-17,9320.3525390625,9.139955733043916
2019-06-18,9081.7626953125,9.11402358219436
2019-06-19,9273.521484375,9.134918466075998
2019-06-20,9527.16015625,9.16190196234012
2019-06-21,10144.556640625,9.224692549050138
2019-06-22,10701.69140625,9.278157083307873
2019-06-23,10855.37109375,9.292415268162872
2019-06-24,11011.1025390625,9.306659364490764
2019-06-25,11790.9169921875,9.375084767622074
2019-06-26,13016.2314453125,9.473952430341313
2019-06-27,11182.806640625,9.322132756404326
2019-06-28,12407.33203125,9.426042869691138
2019-06-29,11959.37109375,9.389270441987414
2019-06-30,10817.1552734375,9.288888604102238
2019-07-01,10583.134765625,9.267016953173565
2019-07-02,10801.677734375,9.287456746822869
2019-07-03,11961.26953125,9.389429169969137
2019-07-04,11215.4375,9.325046456447552
2019-07-05,10978.4599609375,9.303690446659656
2019-07-06,11208.55078125,9.324432228605463
2019-07-07,11450.8466796875,9.345818952072763
2019-07-08,12285.9580078125,9.416212263828767
2019-07-09,12573.8125,9.439371557109224
2019-07-10,12156.5126953125,9.405620329464538
2019-07-11,11358.662109375,9.337735913277408
2019-07-12,11815.986328125,9.377208667145974
2019-07-13,11392.37890625,9.340699893829846
2019-07-14,10256.05859375,9.23562389226328
2019-07-15,10895.08984375,9.296067493673311
2019-07-16,9477.6416015625,9.156690788092646
2019-07-17,9693.802734375,9.179242066948737
2019-07-18,10666.482421875,9.274861620015356
2019-07-19,10530.732421875,9.262053158442752
2019-07-20,10767.1396484375,9.284254149773169
2019-07-21,10599.10546875,9.268524886798579
2019-07-22,10343.1064453125,9.244075532856558
2019-07-23,9900.767578125,9.200367566261082
2019-07-24,9811.92578125,9.191353841270073
2019-07-25,9911.841796875,9.201485462414352
2019-07-26,9870.3037109375,9.197285903072395
2019-07-27,9477.677734375,9.156694600511932
2019-07-28,9552.8603515625,9.164595901882254
2019-07-29,9519.1455078125,9.161060366174237
2019-07-30,9607.423828125,9.1702913940313
2019-07-31,10085.6279296875,9.218866712177077
2019-08-01,10399.6689453125,9.249529252441318
2019-08-02,10518.1748046875,9.260859973585962
2019-08-03,10821.7265625,9.289311111065876
2019-08-04,10970.1845703125,9.302936378133435
2019-08-05,11805.6533203125,9.376333790666154
2019-08-06,11478.1689453125,9.348202157614915
2019-08-07,11941.96875,9.38781426028891
2019-08-08,11966.4072265625,9.389858605341695
2019-08-09,11862.9365234375,9.381174240844924
2019-08-10,11354.0244140625,9.337327533989281
2019-08-11,11523.5791015625,9.352150571896535
2019-08-12,11382.6162109375,9.339842576771359
2019-08-13,10895.830078125,9.296135433381954
2019-08-14,10051.7041015625,9.21549746145768
2019-08-15,10311.5458984375,9.2410195074234
2019-08-16,10374.3388671875,9.247090619423883
2019-08-17,10231.744140625,9.233250337143154
2019-08-18,10345.810546875,9.244336938669043
2019-08-19,10916.0537109375,9.297989802202483
2019-08-20,10763.232421875,9.283891199556365
2019-08-21,10138.0498046875,9.224050931694078
2019-08-22,10131.0556640625,9.223360803467811
2019-08-23,10407.96484375,9.250326642376297
2019-08-24,10159.9609375,9.22620987639083
2019-08-25,10138.517578125,9.224097071006394
2019-08-26,10370.8203125,9.246751402482642
2019-08-27,10185.5,9.228720419257613
2019-08-28,9754.4228515625,9.185476086936095
2019-08-29,9510.2001953125,9.160120206349674
2019-08-30,9598.173828125,9.169328133123644
2019-08-31,9630.6640625,9.17270746009902
2019-09-01,9757.970703125,9.185839738027045
2019-09-02,10346.7607421875,9.244428777938307
2019-09-03,10623.5400390625,9.270827576263025
2019-09-04,10594.4931640625,9.268089632282322
2019-09-05,10575.533203125,9.266298423742668
2019-09-06,10353.302734375,9.245060852560949
2019-09-07,10517.2548828125,9.2607725095418
2019-09-08,10441.2763671875,9.253522111357242
2019-09-09,10334.974609375,9.243289015351845
2019-09-10,10115.9755859375,9.221871194376257
2019-09-11,10178.3720703125,9.228020362809213
2019-09-12,10410.126953125,9.250534356839648
2019-09-13,10360.546875,9.245760301582443
2019-09-14,10358.048828125,9.245519161022253
2019-09-15,10347.712890625,9.244520797523348
2019-09-16,10276.7939453125,9.237643617342576
2019-09-17,10241.2724609375,9.234181154636824
2019-09-18,10198.248046875,9.229971224409612
2019-09-19,10266.4150390625,9.236633170810977
2019-09-20,10181.6416015625,9.228341534624791
2019-09-21,10019.716796875,9.212310110454498
2019-09-22,10070.392578125,9.21735496987079
2019-09-23,9729.32421875,9.182899719402176
2019-09-24,8620.56640625,9.061906069880708
2019-09-25,8486.9931640625,9.046290054509532
2019-09-26,8118.9677734375,9.001958303577256
2019-09-27,8251.845703125,9.018192175897692
2019-09-28,8245.9150390625,9.017473209922777
2019-09-29,8104.185546875,9.000135941381496
2019-09-30,8293.8681640625,9.023271745341496
2019-10-01,8343.2763671875,9.029211267990194
2019-10-02,8393.0419921875,9.035158307309619
2019-10-03,8259.9921875,9.019178920691331
2019-10-04,8205.939453125,9.012613494608471
2019-10-05,8151.50048828125,9.005957298280492
2019-10-06,7988.15576171875,8.985715193809634
2019-10-07,8245.623046875,9.017437798769977
2019-10-08,8228.783203125,9.015393433788377
2019-10-09,8595.740234375,9.059022037945038
2019-10-10,8586.4736328125,9.057943410646768
2019-10-11,8321.7568359375,9.026628669690071
2019-10-12,8336.5556640625,9.028405420128404
2019-10-13,8321.005859375,9.026538423067349
2019-10-14,8374.6865234375,9.032968925955432
2019-10-15,8205.369140625,9.01254399222882
2019-10-16,8047.52685546875,8.993120100286841
2019-10-17,8103.9111328125,9.00010208002591
2019-10-18,7973.20751953125,8.98384213994896
2019-10-19,7988.560546875,8.985765865693457
2019-10-20,8222.078125,9.01457826935868
2019-10-21,8243.720703125,9.017207062630652
2019-10-22,8078.203125,8.996924741264012
2019-10-23,7514.671875,8.924612638559182
2019-10-24,7493.48876953125,8.921789758389226
2019-10-25,8660.7001953125,9.066550852250158
2019-10-26,9244.97265625,9.131835186137025
2019-10-27,9551.71484375,9.164475982145525
2019-10-28,9256.1484375,9.13304330563991
2019-10-29,9427.6875,9.151406117558443
2019-10-30,9205.7265625,9.127581021839612
2019-10-31,9199.5849609375,9.126913649077936
2019-11-01,9261.1044921875,9.133578596141655
2019-11-02,9324.7177734375,9.140423978470894
2019-11-03,9235.3544921875,9.130794277623481
2019-11-04,9412.6123046875,9.149805803477873
2019-11-05,9342.52734375,9.142332088168308
2019-11-06,9360.8798828125,9.14429456962747
2019-11-07,9267.5615234375,9.134275573625727
2019-11-08,8804.880859375,9.083061489819455
2019-11-09,8813.58203125,9.084049223271167
2019-11-10,9055.5263671875,9.111130498632171
2019-11-11,8757.7880859375,9.077698650441231
2019-11-12,8815.662109375,9.084285203681679
2019-11-13,8808.2626953125,9.08344550258453
2019-11-14,8708.0947265625,9.072008300403047
2019-11-15,8491.9921875,9.04687890283921
2019-11-16,8550.7607421875,9.053775533667148
2019-11-17,8577.9755859375,9.056953218947513
2019-11-18,8309.2861328125,9.025128979564116
2019-11-19,8206.1455078125,9.01263860472556
2019-11-20,8027.26806640625,8.99059953316462
2019-11-21,7642.75,8.941512765038933
2019-11-22,7296.57763671875,8.895160700319645
2019-11-23,7397.796875,8.90893751527039
2019-11-24,7047.9169921875,8.860487390047725
2019-11-25,7146.1337890625,8.874326760639065
2019-11-26,7218.37109375,8.88438459614911
2019-11-27,7531.66357421875,8.926871222584412
2019-11-28,7463.10595703125,8.917726954676489
2019-11-29,7761.24365234375,8.956897864813572
2019-11-30,7569.6298828125,8.931899452609064
2019-12-01,7424.29248046875,8.912512670304874
2019-12-02,7321.98828125,8.89863719319406
2019-12-03,7320.1455078125,8.898385484874252
2019-12-04,7252.03466796875,8.889037352333357
2019-12-05,7448.3076171875,8.915742120089432
2019-12-06,7546.99658203125,8.928904959393716
2019-12-07,7556.23779296875,8.93012869887379
2019-12-08,7564.34521484375,8.931201067928312
2019-12-09,7400.8994140625,8.909356814247456
2019-12-10,7278.11962890625,8.89262781509476
2019-12-11,7217.42724609375,8.88425383127759
2019-12-12,7243.13427734375,8.887809302936054
2019-12-13,7269.6845703125,8.891468181733808
2019-12-14,7124.673828125,8.871319225580212
2019-12-15,7152.3017578125,8.875189508051166
2019-12-16,6932.48046875,8.84397296014013
2019-12-17,6640.51513671875,8.80094482029238
2019-12-18,7276.802734375,8.892446859882225
2019-12-19,7202.84423828125,8.882231260093734
2019-12-20,7218.81640625,8.884446285796091
2019-12-21,7191.15869140625,8.880607590917162
2019-12-22,7511.5888671875,8.92420228925024
2019-12-23,7355.62841796875,8.903221070305962
2019-12-24,7322.5322265625,8.89871147972498
2019-12-25,7275.15576171875,8.892220502356023
2019-12-26,7238.966796875,8.887233767582112
2019-12-27,7290.08837890625,8.894270948235972
2019-12-28,7317.990234375,8.898091011111877
2019-12-29,7422.65283203125,8.912291796797273
2019-12-30,7292.9951171875,8.894669593463579
2019-12-31,7193.59912109375,8.880946898640339
2020-01-01,7200.17431640625,8.881860515323053
2020-01-02,6985.47021484375,8.85158758722686
2020-01-03,7344.88427734375,8.901759333186892
2020-01-04,7410.65673828125,8.910674343010788
2020-01-05,7411.3173828125,8.910763486943477
2020-01-06,7769.21923828125,8.957924954179138
2020-01-07,8163.6923828125,9.007451843505542
2020-01-08,8079.86279296875,8.997130170302738
2020-01-09,7879.0712890625,8.97196531918832
2020-01-10,8166.55419921875,9.007802336245646
2020-01-11,8037.53759765625,8.991878046314872
2020-01-12,8192.494140625,9.01097366536063
2020-01-13,8144.1943359375,9.005060600973367
2020-01-14,8827.7646484375,9.085657107351734
2020-01-15,8807.0107421875,9.083303358537599
2020-01-16,8723.7861328125,9.073808612212739
2020-01-17,8929.0380859375,9.09706395092838
2020-01-18,8942.80859375,9.098604979204243
2020-01-19,8706.2451171875,9.071795876688045
2020-01-20,8657.642578125,9.066197744881945
2020-01-21,8745.89453125,9.076339672816001
2020-01-22,8680.8759765625,9.068877721521234
2020-01-23,8406.515625,9.036762353798037
2020-01-24,8445.4345703125,9.041381286806333
2020-01-25,8367.84765625,9.032151980623924
2020-01-26,8596.830078125,9.059148818726696
2020-01-27,8909.8193359375,9.094909243709058
2020-01-28,9358.58984375,9.144049900402607
2020-01-29,9316.6298828125,9.139556241729792
2020-01-30,9508.9931640625,9.159993278647873
2020-01-31,9350.529296875,9.143188229971932
2020-02-01,9392.875,9.147706702123575
2020-02-02,9344.365234375,9.142528791887049
2020-02-03,9293.521484375,9.137072821809333
2020-02-04,9180.962890625,9.124887368160255
2020-02-05,9613.423828125,9.170915716153008
2020-02-06,9729.8017578125,9.182948800646951
2020-02-07,9795.943359375,9.189723636039723
2020-02-08,9865.119140625,9.196760495487183
2020-02-09,10116.673828125,9.221940215706434
2020-02-10,9856.611328125,9.195897709836478
2020-02-11,10208.236328125,9.230950156582749
2020-02-12,10326.0546875,9.2424255615228
2020-02-13,10214.3798828125,9.231551798880616
2020-02-14,10312.1162109375,9.241074814041317
2020-02-15,9889.4248046875,9.199221263642075
2020-02-16,9934.43359375,9.203762142162931
2020-02-17,9690.142578125,9.178864418721352
2020-02-18,10141.99609375,9.224440111199103
2020-02-19,9633.38671875,9.172990127155813
2020-02-20,9608.4755859375,9.170400861487483
2020-02-21,9686.44140625,9.178482393497195
2020-02-22,9663.181640625,9.17607823536222
2020-02-23,9924.515625,9.202763300838011
2020-02-24,9650.1748046875,9.174731308644356
2020-02-25,9341.705078125,9.142244071105903
2020-02-26,8820.5224609375,9.084836383180415
2020-02-27,8784.494140625,9.080743416791966
2020-02-28,8672.455078125,9.06790719902363
2020-02-29,8599.5087890625,9.059460363059458
2020-03-01,8562.4541015625,9.055142122154654
2020-03-02,8869.669921875,9.090392861744805
2020-03-03,8787.7861328125,9.08111809693305
2020-03-04,8755.24609375,9.077408353262653
2020-03-05,9078.7626953125,9.113693195274074
2020-03-06,9122.5458984375,9.11850419964215
2020-03-07,8909.9541015625,9.0949243691118
2020-03-08,8108.1162109375,9.000620840342572
2020-03-09,7923.64453125,8.977606547050728
2020-03-10,7909.7294921875,8.975848861970544
2020-03-11,7911.43017578125,8.976063850458871
2020-03-12,4970.7880859375,8.511333675119097
2020-03-13,5563.70703125,8.624019897316643
2020-03-14,5200.3662109375,8.55648432727007
2020-03-15,5392.31494140625,8.592730059900916
2020-03-16,5014.47998046875,8.520085002191797
2020-03-17,5225.62939453125,8.561330527861989
2020-03-18,5238.4384765625,8.563778732248057
2020-03-19,6191.19287109375,8.730883056497671
2020-03-20,6198.7783203125,8.732107506506358
2020-03-21,6185.06640625,8.729893021430229
2020-03-22,5830.2548828125,8.670815997567699
2020-03-23,6416.31494140625,8.766599235219163
2020-03-24,6734.8037109375,8.815043943792803
2020-03-25,6681.06298828125,8.807032383853082
2020-03-26,6716.4404296875,8.8123135952145
2020-03-27,6469.79833984375,8.774900218515187
2020-03-28,6242.19384765625,8.739086977724398
2020-03-29,5922.04296875,8.686436764418733
2020-03-30,6429.841796875,8.76870521302152
2020-03-31,6438.64453125,8.770073320431134
2020-04-01,6606.7763671875,8.79585112359681
2020-04-02,6793.62451171875,8.82373987956277
2020-04-03,6733.38720703125,8.814833595733424
2020-04-04,6867.52734375,8.834559399577811
2020-04-05,6791.12939453125,8.823372538758106
2020-04-06,7271.78125,8.891756554271755
2020-04-07,7176.41455078125,8.878555171130996
2020-04-08,7334.0986328125,8.900289797247206
2020-04-09,7302.08935546875,8.895915799263244
2020-04-10,6865.4931640625,8.83426315306726
2020-04-11,6859.0830078125,8.83332903945445
2020-04-12,6971.091796875,8.849527133793757
2020-04-13,6845.03759765625,8.83127923042569
2020-04-14,6842.427734375,8.83089787956933
2020-04-15,6642.10986328125,8.801184942492647
2020-04-16,7116.80419921875,8.870214055219082
2020-04-17,7096.1845703125,8.867312534123599
2020-04-18,7257.6650390625,8.889813436124205
2020-04-19,7189.4248046875,8.880366448166921
2020-04-20,6881.95849609375,8.836658555547864
2020-04-21,6880.3232421875,8.836420912699818
2020-04-22,7117.20751953125,8.870270725161552
2020-04-23,7429.724609375,8.913244072337813
2020-04-24,7550.90087890625,8.929422156834239
2020-04-25,7569.93603515625,8.931939896614587
2020-04-26,7679.8671875,8.946357532697917
2020-04-27,7795.60107421875,8.961314888745944
2020-04-28,7807.05859375,8.962783551375846
2020-04-29,8801.0380859375,9.082624957820135
2020-04-30,8658.5537109375,9.066302979634212
2020-05-01,8864.7666015625,9.089839890080782
2020-05-02,8988.5966796875,9.103712017359816
2020-05-03,8897.46875,9.093522105155646
2020-05-04,8912.654296875,9.095227376985035
2020-05-05,9003.0703125,9.10532094397468
2020-05-06,9268.76171875,9.134405070214505
2020-05-07,9951.5185546875,9.205480437069168
2020-05-08,9842.666015625,9.194481889896878
2020-05-09,9593.896484375,9.168882392382683
2020-05-10,8756.4306640625,9.077543642456337
2020-05-11,8601.7958984375,9.05972628584032
2020-05-12,8804.4775390625,9.083015682322845
2020-05-13,9269.9873046875,9.134537289053839
2020-05-14,9733.7216796875,9.183351597390367
2020-05-15,9328.197265625,9.140797056053735
2020-05-16,9377.013671875,9.14601661944085
2020-05-17,9670.7392578125,9.176860034109836
2020-05-18,9726.5751953125,9.18261712918136
2020-05-19,9729.0380859375,9.182870309649386
2020-05-20,9522.9814453125,9.161463255784346
2020-05-21,9081.76171875,9.114023474664293
2020-05-22,9182.5771484375,9.125063179339715
2020-05-23,9209.287109375,9.127967722276855
2020-05-24,8790.3681640625,9.081411874223312
2020-05-25,8906.9345703125,9.09458541753226
2020-05-26,8835.052734375,9.08648235353904
2020-05-27,9181.017578125,9.124893324761734
2020-05-28,9525.7509765625,9.161754039570708
2020-05-29,9439.1240234375,9.152618460706522
2020-05-30,9700.4140625,9.179923850436086
2020-05-31,9461.05859375,9.15493955787309
2020-06-01,10167.2685546875,9.226928874275428
2020-06-02,9529.8037109375,9.162179399472592
2020-06-03,9656.7177734375,9.175409094463488
2020-06-04,9800.63671875,9.19020263384914
2020-06-05,9665.533203125,9.176321558576475
2020-06-06,9653.6796875,9.17509443641787
2020-06-07,9758.8525390625,9.185930104776507
2020-06-08,9771.4892578125,9.187224165130889
2020-06-09,9795.7001953125,9.189698812796912
2020-06-10,9870.0947265625,9.197264729804218
2020-06-11,9321.78125,9.140109010662934
2020-06-12,9480.84375,9.157028594453077
2020-06-13,9475.27734375,9.156441300630416
2020-06-14,9386.7880859375,9.147058456811846
2020-06-15,9450.7021484375,9.153844319149533
2020-06-16,9538.0244140625,9.163041658517558
2020-06-17,9480.2548828125,9.156966481260262
2020-06-18,9411.8408203125,9.14972383728525
2020-06-19,9288.0185546875,9.136480521081104
2020-06-20,9332.3408203125,9.141241154153857
2020-06-21,9303.6298828125,9.13815991297006
2020-06-22,9648.7177734375,9.174580312285691
2020-06-23,9629.658203125,9.17260301123653
2020-06-24,9313.6103515625,9.13923208796275
2020-06-25,9264.8134765625,9.133979006467428
2020-06-26,9162.91796875,9.122919962480525
2020-06-27,9045.390625,9.110010583740431
2020-06-28,9143.58203125,9.1208074948116
2020-06-29,9190.8544921875,9.125964191678824
2020-06-30,9137.9931640625,9.120196074044857
2020-07-01,9228.3251953125,9.130032858736934
2020-07-02,9123.41015625,9.118598933818923
2020-07-03,9087.3037109375,9.114633521711657
2020-07-04,9132.48828125,9.119593475476718
2020-07-05,9073.9423828125,9.113162110502682
2020-07-06,9375.474609375,9.14585247455721
2020-07-07,9252.27734375,9.132624999528716
2020-07-08,9428.3330078125,9.151474584583337
2020-07-09,9277.9677734375,9.135397811867145
2020-07-10,9278.8076171875,9.135488327997551
2020-07-11,9240.3466796875,9.131334683378592
2020-07-12,9276.5,9.135239599466932
2020-07-13,9243.6142578125,9.131688241598077
2020-07-14,9243.2138671875,9.131644925284174
2020-07-15,9192.8369140625,9.126179863476057
2020-07-16,9132.2275390625,9.119564924012781
2020-07-17,9151.392578125,9.121661341019786
2020-07-18,9159.0400390625,9.122496652947369
2020-07-19,9185.8173828125,9.125415984741744
2020-07-20,9164.2314453125,9.123063299181185
2020-07-21,9374.8876953125,9.145789871600194
2020-07-22,9525.36328125,9.16171333903138
2020-07-23,9581.072265625,9.167544792219756
2020-07-24,9536.892578125,9.162922985818822
2020-07-25,9677.11328125,9.177518921048861
2020-07-26,9905.1669921875,9.20081181837342
2020-07-27,10990.873046875,9.304820484358483
2020-07-28,10912.8232421875,9.29769382098636
2020-07-29,11100.4677734375,9.314742528163613
2020-07-30,11111.2138671875,9.31571013563812
2020-07-31,11323.466796875,9.334632559011848
2020-08-01,11759.5927734375,9.372424592743995
2020-08-02,11053.6142578125,9.310512735621169
2020-08-03,11246.3486328125,9.32779878897741
2020-08-04,11205.892578125,9.324195041975855
2020-08-05,11747.0224609375,9.371355079879391
2020-08-06,11779.7734375,9.374139224210777
2020-08-07,11601.47265625,9.35888732216159
2020-08-08,11754.0458984375,9.371952792085636
2020-08-09,11675.7392578125,9.36526840025947
2020-08-10,11878.111328125,9.38245260116406
2020-08-11,11410.525390625,9.342291488301273
2020-08-12,11584.9345703125,9.357460789057045
2020-08-13,11784.1376953125,9.37450964301246
2020-08-14,11768.87109375,9.373213281784285
2020-08-15,11865.6982421875,9.381407016037409
2020-08-16,11892.8037109375,9.38368876600326
2020-08-17,12254.40234375,9.413640526413145
2020-08-18,11991.2333984375,9.391931111658145
2020-08-19,11758.283203125,9.37231322466678
2020-08-20,11878.3720703125,9.382474552408539
2020-08-21,11592.4892578125,9.358112689615414
2020-08-22,11681.8251953125,9.365789510895807
2020-08-23,11664.84765625,9.364335124468834
2020-08-24,11774.595703125,9.37369958310407
2020-08-25,11366.134765625,9.338393578695538
2020-08-26,11488.36328125,9.349089913459503
2020-08-27,11323.3974609375,9.334626435785541
2020-08-28,11542.5,9.353791154381144
2020-08-29,11506.865234375,9.35069911313369
2020-08-30,11711.505859375,9.368327044342363
2020-08-31,11680.8203125,9.36570348615064
2020-09-01,11970.478515625,9.39019877399568
2020-09-02,11414.0341796875,9.342598945632865
2020-09-03,10245.296875,9.234574037803183
2020-09-04,10511.8134765625,9.260254996708758
2020-09-05,10169.5673828125,9.22715494957464
2020-09-06,10280.3515625,9.237989737111164
2020-09-07,10369.5634765625,9.2466302055027
2020-09-08,10131.5166015625,9.22340629991259
2020-09-09,10242.34765625,9.234286135622348
2020-09-10,10363.138671875,9.246010430535872
2020-09-11,10400.9150390625,9.249649065784293
2020-09-12,10442.1708984375,9.253607780283371
2020-09-13,10323.755859375,9.242202912687425
2020-09-14,10680.837890625,9.276206563615188
2020-09-15,10796.951171875,9.287019074358012
2020-09-16,10974.9052734375,9.303366606784255
2020-09-17,10948.990234375,9.301002514953673
2020-09-18,10944.5859375,9.300600178039884
2020-09-19,11094.3466796875,9.314190949422722
2020-09-20,10938.271484375,9.30002306389263
2020-09-21,10462.259765625,9.255529753064579
2020-09-22,10538.4599609375,9.262786697656653
2020-09-23,10246.1865234375,9.234660868846184
2020-09-24,10760.06640625,9.283597005281305
2020-09-25,10692.716796875,9.277318115497573
2020-09-26,10750.7236328125,9.28272834597051
2020-09-27,10775.26953125,9.28500892916025
2020-09-28,10709.65234375,9.278900702013901
2020-09-29,10844.640625,9.291426285321418
2020-09-30,10784.4912109375,9.285864382090377
2020-10-01,10619.4521484375,9.270442706689156
2020-10-02,10575.974609375,9.26634016131088
2020-10-03,10549.3291015625,9.26381754461318
2020-10-04,10669.5830078125,9.275152262727298
2020-10-05,10793.33984375,9.286684541752031
2020-10-06,10604.40625,9.269024877689779
2020-10-07,10668.96875,9.275094690140401
2020-10-08,10915.685546875,9.297956074787715
2020-10-09,11064.4580078125,9.311493268710905
2020-10-10,11296.361328125,9.332235946484632
2020-10-11,11384.181640625,9.339980095424634
2020-10-12,11555.36328125,9.354904961526262
2020-10-13,11425.8994140625,9.343637935995396
2020-10-14,11429.5068359375,9.34395360939586
2020-10-15,11495.349609375,9.349697850773497
2020-10-16,11322.123046875,9.334513882482701
2020-10-17,11358.1015625,9.337686562332598
2020-10-18,11483.359375,9.348654255550514
2020-10-19,11742.037109375,9.370930597015578
2020-10-20,11916.3349609375,9.385665423620827
2020-10-21,12823.689453125,9.459049477926696
2020-10-22,12965.8916015625,9.470077465493492
2020-10-23,12931.5390625,9.467424495038115
2020-10-24,13108.0625,9.480982777887899
2020-10-25,13031.173828125,9.475099752640388
2020-10-26,13075.248046875,9.478476259833482
2020-10-27,13654.21875,9.521803818796135
2020-10-28,13271.28515625,9.493357969377678
2020-10-29,13437.8828125,9.505833072836326
2020-10-30,13546.5224609375,9.513885148419634
2020-10-31,13780.9951171875,9.531045756560264
2020-11-01,13737.109375,9.52785616336674
2020-11-02,13550.4892578125,9.514177933243623
2020-11-03,13950.30078125,9.543256348396996
2020-11-04,14133.70703125,9.556317793092715
2020-11-05,15579.8486328125,9.65373360389696
2020-11-06,15565.880859375,9.652836673588912
2020-11-07,14833.75390625,9.604660532314615
2020-11-08,15479.5673828125,9.64727619990646
2020-11-09,15332.3154296875,9.63771799957916
2020-11-10,15290.90234375,9.635013312469544
2020-11-11,15701.33984375,9.661501328061359
2020-11-12,16276.34375,9.697468028952622
2020-11-13,16317.80859375,9.700012342158338
2020-11-14,16068.138671875,9.684593625755287
2020-11-15,15955.587890625,9.677564384829193
2020-11-16,16716.111328125,9.724128283519606
2020-11-17,17645.40625,9.778230759363744
2020-11-18,17804.005859375,9.787178759240106
2020-11-19,17817.08984375,9.787913379256988
2020-11-20,18621.314453125,9.832062141955182
2020-11-21,18642.232421875,9.833184846190361
2020-11-22,18370.001953125,9.818474284530614
2020-11-23,18364.12109375,9.818154099430904
2020-11-24,19107.46484375,9.857834367196466
2020-11-25,18732.12109375,9.837995034821828
2020-11-26,17150.623046875,9.749789781198043
2020-11-27,17108.40234375,9.747324986942015
2020-11-28,17717.4140625,9.782303280242282
2020-11-29,18177.484375,9.807938984944693
2020-11-30,19625.8359375,9.884602137284846
2020-12-01,18802.998046875,9.841771606682418
2020-12-02,19201.091796875,9.862722420819725
2020-12-03,19445.3984375,9.875365736865907
2020-12-04,18699.765625,9.836266269341674
2020-12-05,19154.23046875,9.86027888241755
2020-12-06,19345.12109375,9.870195526807448
2020-12-07,19191.630859375,9.86222957024613
2020-12-08,18321.14453125,9.815811110689886
2020-12-09,18553.916015625,9.828436151719465
2020-12-10,18264.9921875,9.81274151149866
2020-12-11,18058.904296875,9.801394154968508
2020-12-12,18803.65625,9.841806611291966
2020-12-13,19142.3828125,9.859660151119252
2020-12-14,19246.64453125,9.86509201445723
2020-12-15,19417.076171875,9.873908172934433
2020-12-16,21310.59765625,9.966959770511211
2020-12-17,22805.162109375,10.034742197621961
2020-12-18,23137.9609375,10.049229878347285
2020-12-19,23869.83203125,10.080370682494125
2020-12-20,23477.294921875,10.063789059548508
2020-12-21,22803.08203125,10.034650982616181
2020-12-22,23783.029296875,10.076727550561959
2020-12-23,23241.345703125,10.05368811389895
2020-12-24,23735.94921875,10.074746022549343
2020-12-25,24664.791015625,10.113132040719922
2020-12-26,26437.037109375,10.182521226770104
2020-12-27,26272.294921875,10.17627023789998
2020-12-28,27084.80859375,10.206728281194222
2020-12-29,27362.4375,10.216926457680497
2020-12-30,28840.953125,10.269551639569848
2020-12-31,29001.720703125,10.275110441798901
2021-01-01,29374.15234375,10.287870394647127
2021-01-02,32127.267578125,10.377460405795935
2021-01-03,32782.0234375,10.397635578199328
2021-01-04,31971.9140625,10.372613110843512
2021-01-05,33992.4296875,10.433893122556716
2021-01-06,36824.36328125,10.513914950787596
2021-01-07,39371.04296875,10.580785875046123
2021-01-08,40797.609375,10.616378764925573
2021-01-09,40254.546875,10.602978242305058
2021-01-10,38356.44140625,10.554677756348193
2021-01-11,35566.65625,10.479163855744467
2021-01-12,33922.9609375,10.431847377885637
2021-01-13,37316.359375,10.527187098621894
2021-01-14,39187.328125,10.576108711400746
2021-01-15,36825.3671875,10.513942212428438
2021-01-16,36178.140625,10.496210365284819
2021-01-17,35791.27734375,10.48545949308548
2021-01-18,36630.07421875,10.508624881944709
2021-01-19,36069.8046875,10.493211359064516
2021-01-20,35547.75,10.478632142089177
2021-01-21,30825.69921875,10.336104011270818
2021-01-22,33005.76171875,10.40443742274612
2021-01-23,32067.642578125,10.37560278135185
2021-01-24,32289.37890625,10.382493628703594
2021-01-25,32366.392578125,10.384875897340384
2021-01-26,32569.849609375,10.391142280801068
2021-01-27,30432.546875,10.32326793557666
2021-01-28,33466.09765625,10.418288195123829
2021-01-29,34316.38671875,10.443378265971647
2021-01-30,34269.5234375,10.442011708658745
2021-01-31,33114.359375,10.407722285269173
2021-02-01,33537.17578125,10.420409827337169
2021-02-02,35510.2890625,10.477577766216589
2021-02-03,37472.08984375,10.531351664018128
2021-02-04,36926.06640625,10.516672987314305
2021-02-05,38144.30859375,10.549131840622739
2021-02-06,39266.01171875,10.57811458190387
2021-02-07,38903.44140625,10.568837993720464
2021-02-08,46196.46484375,10.740658555608588
2021-02-09,46481.10546875,10.74680117499404
2021-02-10,44918.18359375,10.712597971564412
2021-02-11,47909.33203125,10.777065587622806
2021-02-12,47504.8515625,10.768587122964881
2021-02-13,47105.515625,10.76014537771306
2021-02-14,48717.2890625,10.793789257619299
2021-02-15,47945.05859375,10.777811021690487
2021-02-16,49199.87109375,10.803646282431236
2021-02-17,52149.0078125,10.861860434600757
2021-02-18,51679.796875,10.852822208011453
2021-02-19,55888.1328125,10.931107343448385
2021-02-20,56099.51953125,10.934882526968764
2021-02-21,57539.9453125,10.960234686679296
2021-02-22,54207.3203125,10.900571239424043
2021-02-23,48824.42578125,10.795985994923033
2021-02-24,49705.33203125,10.813867490661154
2021-02-25,47093.8515625,10.759897731409103
2021-02-26,46339.76171875,10.743755655952215
2021-02-27,46188.453125,10.740485113472225
2021-02-28,45137.76953125,10.717474636905465
2021-03-01,49631.2421875,10.812375797232603
2021-03-02,48378.98828125,10.786820872024112
2021-03-03,50538.2421875,10.830485599718013
2021-03-04,48561.16796875,10.790579477518886
2021-03-05,48927.3046875,10.798090897695422
2021-03-06,48912.3828125,10.797785870655844
2021-03-07,51206.69140625,10.843625494016525
2021-03-08,52246.5234375,10.863728630532028
2021-03-09,54824.1171875,10.911885470785263
2021-03-10,56008.55078125,10.933259650583292
2021-03-11,57805.12109375,10.96483265097359
2021-03-12,57332.08984375,10.956615778120474
2021-03-13,61243.0859375,11.022606239382187
2021-03-14,59302.31640625,10.990403646722898
2021-03-15,55907.19921875,10.931448438306075
2021-03-16,56804.90234375,10.947377909853685
2021-03-17,58870.89453125,10.983102096934042
2021-03-18,57858.921875,10.96576294501743
2021-03-19,58346.65234375,10.974157264068008
2021-03-20,58313.64453125,10.973591384942633
2021-03-21,57523.421875,10.959947480802787
2021-03-22,54529.14453125,10.906490599758355
2021-03-23,54738.9453125,10.910330715191298
2021-03-24,52774.265625,10.87377895741364
2021-03-25,51704.16015625,10.853293524498085
2021-03-26,55137.3125,10.917581943817977
2021-03-27,55973.51171875,10.9326338527928
2021-03-28,55950.74609375,10.932227048660097
2021-03-29,57750.19921875,10.963882078053414
2021-03-30,58917.69140625,10.983896687973399
2021-03-31,58918.83203125,10.983916047420992
2021-04-01,59095.80859375,10.98691528029968
2021-04-02,59384.3125,10.991785371143768
2021-04-03,57603.890625,10.9613453899758
2021-04-04,58758.5546875,10.981192033108178
2021-04-05,59057.87890625,10.986273240434391
2021-04-06,58192.359375,10.97150934288477
2021-04-07,56048.9375,10.933980472031605
2021-04-08,58323.953125,10.973768147735832
2021-04-09,58245.00390625,10.972413597899717
2021-04-10,59793.234375,10.998647795996382
2021-04-11,60204.96484375,11.005510100383786
2021-04-12,59893.453125,11.000322481385641
2021-04-13,63503.45703125,11.05884962483591
2021-04-14,63109.6953125,11.052629686686739
2021-04-15,63314.01171875,11.055861937803716
2021-04-16,61572.7890625,11.027975315929147
2021-04-17,60683.8203125,11.013432389827742
2021-04-18,56216.18359375,10.936959958729622
2021-04-19,55724.265625,10.928170979611826
2021-04-20,56473.03125,10.941518480170792
2021-04-21,53906.08984375,10.894998734628965
2021-04-22,51762.2734375,10.854416850882158
2021-04-23,51093.65234375,10.841415548196952
2021-04-24,50050.8671875,10.820795111016842
2021-04-25,49004.25390625,10.799662387737875
2021-04-26,54021.75390625,10.89714209453983
2021-04-27,55033.1171875,10.915690413688484
2021-04-28,54824.703125,10.911896158314748
2021-04-29,53555.109375,10.888466484489614
2021-04-30,57750.17578125,10.963881672210576
2021-05-01,57828.05078125,10.965229244570889
2021-05-02,56631.078125,10.944313196980664
2021-05-03,57200.29296875,10.954314299186066
2021-05-04,53333.5390625,10.88432066296229
2021-05-05,57424.0078125,10.958217749436766
2021-05-06,56396.515625,10.940162655879124
2021-05-07,57356.40234375,10.95703975266056
2021-05-08,58803.77734375,10.98196137236335
2021-05-09,58232.31640625,10.972195744329321
2021-05-10,55859.796875,10.930600203169606
2021-05-11,56704.57421875,10.945610160513896
2021-05-12,49150.53515625,10.802643013740859
2021-05-13,49716.19140625,10.814085941850951
2021-05-14,49880.53515625,10.817386128610718
2021-05-15,46760.1875,10.752787425415434
2021-05-16,46456.05859375,10.746262168325199
2021-05-17,43537.51171875,10.681378183838733
2021-05-18,42909.40234375,10.666846249754105
2021-05-19,37002.44140625,10.518739173402219
2021-05-20,40782.73828125,10.61601418952618
2021-05-21,37304.69140625,10.526874372689386
2021-05-22,37536.6328125,10.53307261012663
2021-05-23,34770.58203125,10.456526964328297
2021-05-24,38705.98046875,10.56374940115494
2021-05-25,38402.22265625,10.555870618573916
2021-05-26,39294.19921875,10.578832184386684
2021-05-27,38436.96875,10.556775003315149
2021-05-28,35697.60546875,10.482838891813707
2021-05-29,34616.06640625,10.452073200271554
2021-05-30,35678.12890625,10.48229314435054
2021-05-31,37332.85546875,10.527629061583006
2021-06-01,36684.92578125,10.510121208009888
2021-06-02,37575.1796875,10.534098996712203
2021-06-03,39208.765625,10.576655613663572
2021-06-04,36894.40625,10.515815226396446
2021-06-05,35551.95703125,10.47875048382167
2021-06-06,35862.37890625,10.487444083671859
2021-06-07,33560.70703125,10.421111228036516
2021-06-08,33472.6328125,10.418483452973058
2021-06-09,37345.12109375,10.527957555355197
2021-06-10,36702.59765625,10.510602812362068
2021-06-11,37334.3984375,10.527670390778054
2021-06-12,35552.515625,10.478766195737649
2021-06-13,39097.859375,10.573822997032305
2021-06-14,40218.4765625,10.602081784998626
2021-06-15,40406.26953125,10.606740238326154
2021-06-16,38347.0625,10.55443320673001
2021-06-17,38053.50390625,10.546748445942342
2021-06-18,35787.24609375,10.485346854550604
2021-06-19,35615.87109375,10.48054663473331
2021-06-20,35698.296875,10.482858260047102
2021-06-21,31676.693359375,10.363336464198424
2021-06-22,32505.66015625,10.389169511807816
2021-06-23,33723.02734375,10.42593618696343
2021-06-24,34662.4375,10.453411886821074
2021-06-25,31637.779296875,10.36210723284681
2021-06-26,32186.27734375,10.379295471247733
2021-06-27,34649.64453125,10.453042745727043
2021-06-28,34434.3359375,10.446809483271288
2021-06-29,35867.77734375,10.487594604395428
2021-06-30,35040.8359375,10.464269401429576
2021-07-01,33572.1171875,10.4214511558287
2021-07-02,33897.046875,10.43108317674214
2021-07-03,34668.546875,10.453588124763485
2021-07-04,35287.78125,10.471292042774403
2021-07-05,33746.00390625,10.426617286512736
2021-07-06,34235.1953125,10.441009496592198
2021-07-07,33855.328125,10.429851669941897
2021-07-08,32877.37109375,10.400539891403932
2021-07-09,33798.01171875,10.428157254851806
2021-07-10,33520.51953125,10.419913053618211
2021-07-11,34240.1875,10.441155306292087
2021-07-12,33155.84765625,10.408974379944256
2021-07-13,32702.025390625,10.395192293518456
2021-07-14,32822.34765625,10.398864893354887
2021-07-15,31780.73046875,10.366615424998043
2021-07-16,31421.5390625,10.355248894139557
2021-07-17,31533.068359375,10.358792063356903
2021-07-18,31796.810546875,10.367121266470079
2021-07-19,30817.83203125,10.335848763481367
2021-07-20,29807.34765625,10.302510207747156
2021-07-21,32110.693359375,10.376944380104089
2021-07-22,32313.10546875,10.383228168986257
2021-07-23,33581.55078125,10.421732111258162
2021-07-24,34292.4453125,10.442680355614833
2021-07-25,35350.1875,10.47305897541249
2021-07-26,37337.53515625,10.527754404104103
2021-07-27,39406.94140625,10.58169725759214
2021-07-28,39995.90625,10.596532384108594
2021-07-29,40008.421875,10.596845257809191
2021-07-30,42235.546875,10.65101748846181
2021-07-31,41626.1953125,10.636484943086659
2021-08-01,39974.89453125,10.596006899330945
2021-08-02,39201.9453125,10.576481649866135
2021-08-03,38152.98046875,10.549359158661003
2021-08-04,39747.50390625,10.59030232329948
2021-08-05,40869.5546875,10.618140680670727
2021-08-06,42816.5,10.664678821297143
2021-08-07,44555.80078125,10.704497632755919
2021-08-08,43798.1171875,10.687346108853829
2021-08-09,46365.40234375,10.744308820943898
2021-08-10,45585.03125,10.727334679551289
2021-08-11,45593.63671875,10.727523440123631
2021-08-12,44428.2890625,10.70163168657943
2021-08-13,47793.3203125,10.774641166298348
2021-08-14,47096.9453125,10.759963422540375
2021-08-15,47047.00390625,10.75890246405395
2021-08-16,46004.484375,10.736494157132784
2021-08-17,44695.359375,10.707624958098197
2021-08-18,44801.1875,10.709989924748209
2021-08-19,46717.578125,10.751875778080558
2021-08-20,49339.17578125,10.806473685064411
2021-08-21,48905.4921875,10.797644983828944
2021-08-22,49321.65234375,10.806118459226209
2021-08-23,49546.1484375,10.81065980590949
2021-08-24,47706.1171875,10.77281491157854
2021-08-25,48960.7890625,10.798775033528969
2021-08-26,46942.21875,10.756672736076593
2021-08-27,49058.66796875,10.800772166378861
2021-08-28,48902.40234375,10.797581801940288
2021-08-29,48829.83203125,10.79609671718188
2021-08-30,47054.984375,10.759072077234604
2021-08-31,47166.6875,10.761443149093335
2021-09-01,48847.02734375,10.796448802881352
2021-09-02,49327.72265625,10.806241527669524
2021-09-03,50025.375,10.820285655675711
2021-09-04,49944.625,10.818670170678978
2021-09-05,51753.41015625,10.85424560569565
2021-09-06,52633.53515625,10.871108746075873
2021-09-07,46811.12890625,10.753876250778573
2021-09-08,46091.390625,10.738381457205582
2021-09-09,46391.421875,10.744869847739535
2021-09-10,44883.91015625,10.71183466109507
2021-09-11,45201.45703125,10.718884600505426
2021-09-12,46063.26953125,10.737771155033665
2021-09-13,44963.07421875,10.713596858981546
2021-09-14,47092.4921875,10.759868865759456
2021-09-15,48176.34765625,10.782623467073964
2021-09-16,47783.359375,10.774432727638025
2021-09-17,47267.51953125,10.763578647928748
2021-09-18,48278.36328125,10.784738774082772
2021-09-19,47260.21875,10.763424179380207
2021-09-20,42843.80078125,10.66531624101025
2021-09-21,40693.67578125,10.613827973146925
2021-09-22,43574.5078125,10.682227575143708
2021-09-23,44895.09765625,10.712083884166931
2021-09-24,42839.75,10.665221688877057
2021-09-25,42716.59375,10.662342736138648
2021-09-26,43208.5390625,10.673793418183145
2021-09-27,42235.73046875,10.651021835353575
2021-09-28,41034.54296875,10.622169502405834
2021-09-29,41564.36328125,10.634998427220406
2021-09-30,43790.89453125,10.68718118733857
2021-10-01,48116.94140625,10.78138960626985
2021-10-02,47711.48828125,10.772927492348709
2021-10-03,48199.953125,10.783113327527845
2021-10-04,49112.90234375,10.801877056121272
2021-10-05,51514.8125,10.849624666655957
2021-10-06,55361.44921875,10.921638768033269
2021-10-07,53805.984375,10.893139973699922
2021-10-08,53967.84765625,10.89614373444409
2021-10-09,54968.22265625,10.914510527354906
2021-10-10,54771.578125,10.91092669103803
2021-10-11,57484.7890625,10.959275653745603
2021-10-12,56041.05859375,10.933839890239518
2021-10-13,57401.09765625,10.957818705056
2021-10-14,57321.5234375,10.956431459354103
2021-10-15,61593.94921875,11.028318917728683
2021-10-16,60892.1796875,11.016860033096094
2021-10-17,61553.6171875,11.027663898163635
2021-10-18,62026.078125,11.035310190512925
2021-10-19,64261.9921875,11.070723634173424
2021-10-20,65992.8359375,11.097301468715461
2021-10-21,62210.171875,11.038273800324731
2021-10-22,60692.265625,11.013571549242027
2021-10-23,61393.6171875,11.025061154130603
2021-10-24,60930.8359375,11.017494662785715
2021-10-25,63039.82421875,11.05152193611972
2021-10-26,60363.79296875,11.008144750018657
2021-10-27,58482.38671875,10.976480906154974
2021-10-28,60622.13671875,11.012415397742998
2021-10-29,62227.96484375,11.038559773248153
2021-10-30,61888.83203125,11.033095022867663
2021-10-31,61318.95703125,11.023844324218304
2021-11-01,61004.40625,11.018701374153284
2021-11-02,63226.40234375,11.054477251501758
2021-11-03,62970.046875,11.050414445884607
2021-11-04,61452.23046875,11.026015411629999
2021-11-05,61125.67578125,11.020687282442031
2021-11-06,61527.48046875,11.027239190882979
2021-11-07,63326.98828125,11.056066872422763
2021-11-08,67566.828125,11.12087243338432
2021-11-09,66971.828125,11.11202733420212
2021-11-10,64995.23046875,11.082069168781675
2021-11-11,64949.9609375,11.081372420674393
2021-11-12,64155.94140625,11.069071983155679
2021-11-13,64469.52734375,11.073947946863955
2021-11-14,65466.83984375,11.089299031502025
2021-11-15,63557.87109375,11.059706125655309
2021-11-16,60161.24609375,11.004783671403725
2021-11-17,60368.01171875,11.008214636325958
2021-11-18,56942.13671875,10.94979088592265
2021-11-19,58119.578125,10.970257858968955
2021-11-20,59697.1953125,10.997040318586995
2021-11-21,58730.4765625,10.980714062948142
2021-11-22,56289.2890625,10.938259548470693
2021-11-23,57569.07421875,10.960740796573905
2021-11-24,56280.42578125,10.938102076609267
2021-11-25,57274.6796875,10.955613914770048
2021-11-26,53569.765625,10.888740113748765
2021-11-27,54815.078125,10.911720583356187
2021-11-28,57248.45703125,10.955155969634076
2021-11-29,57806.56640625,10.9648576538523
2021-11-30,57005.42578125,10.950901731431225
2021-12-01,57229.828125,10.954830512166067
2021-12-02,56477.81640625,10.941603210057325
2021-12-03,53598.24609375,10.889271624391982
2021-12-04,49200.703125,10.803663193536819
2021-12-05,49368.84765625,10.807074890009266
2021-12-06,50582.625,10.831363416860695
2021-12-07,50700.0859375,10.833682884597561
2021-12-08,50504.796875,10.829823598376175
2021-12-09,47672.12109375,10.772102042567699
2021-12-10,47243.3046875,10.763066223146083
2021-12-11,49362.5078125,10.806946463862808
2021-12-12,50098.3359375,10.821743071700972
2021-12-13,46737.48046875,10.752301701392797
2021-12-14,46612.6328125,10.749626873772371
2021-12-15,48896.72265625,10.797465651872352
2021-12-16,47665.42578125,10.771961587673893
2021-12-17,46202.14453125,10.740781494417853
2021-12-18,46848.77734375,10.754680190074161
2021-12-19,46707.015625,10.751649659890026
2021-12-20,46880.27734375,10.755352340269017
2021-12-21,48936.61328125,10.798281133156484
2021-12-22,48628.51171875,10.791965298749995
2021-12-23,50784.5390625,10.835347238079581
2021-12-24,50822.1953125,10.836088453747138
2021-12-25,50429.859375,10.828338726548145
2021-12-26,50809.515625,10.83583893147798
2021-12-27,50640.41796875,10.832505310511287
2021-12-28,47588.85546875,10.77035388399931
2021-12-29,46444.7109375,10.746017872042968
2021-12-30,47178.125,10.761685610756102
2021-12-31,46306.4453125,10.743036437999235
2022-01-01,47686.8125,10.772410171147005
2022-01-02,47345.21875,10.765221116746984
2022-01-03,46458.1171875,10.74630648005122
2022-01-04,45897.57421875,10.73416754538736
2022-01-05,43569.00390625,10.682101256932546
2022-01-06,43160.9296875,10.672690959628957
2022-01-07,41557.90234375,10.634842970978582
2022-01-08,41733.94140625,10.639070019311179
2022-01-09,41911.6015625,10.643317954517292
2022-01-10,41821.26171875,10.64116014275109
2022-01-11,42735.85546875,10.662793553388529
2022-01-12,43949.1015625,10.690787460640442
2022-01-13,42591.5703125,10.659411632688371
2022-01-14,43099.69921875,10.671271297384193
2022-01-15,43177.3984375,10.673072453006403
2022-01-16,43113.87890625,10.671600240642002
2022-01-17,42250.55078125,10.651372668942953
2022-01-18,42375.6328125,10.654328778199565
2022-01-19,41744.328125,10.639318867756694
2022-01-20,40680.41796875,10.61350212466109
2022-01-21,36457.31640625,10.50389744174565
2022-01-22,35030.25,10.463967252906004
2022-01-23,36276.8046875,10.498933826687185
2022-01-24,36654.328125,10.509286793793883
2022-01-25,36954.00390625,10.517429280620835
2022-01-26,36852.12109375,10.51466845617127
2022-01-27,37138.234375,10.522402294062056
2022-01-28,37784.33203125,10.539649799152471
2022-01-29,38138.1796875,10.54897115089168
2022-01-30,37917.6015625,10.543170704434525
2022-01-31,38483.125,10.557975112500918
2022-02-01,38743.2734375,10.564712431003551
2022-02-02,36952.984375,10.517401691044428
2022-02-03,37154.6015625,10.52284290687642
2022-02-04,41500.875,10.633469790333868
2022-02-05,41441.1640625,10.632029966850133
2022-02-06,42412.43359375,10.655196843367712
2022-02-07,43840.28515625,10.68830842607725
2022-02-08,44118.4453125,10.694633235042588
2022-02-09,44338.796875,10.699615348724585
2022-02-10,43565.11328125,10.682011954943196
2022-02-11,42407.9375,10.655090828888024
2022-02-12,42244.46875,10.651228707055157
2022-02-13,42197.515625,10.650116626845614
2022-02-14,42586.91796875,10.659302395160246
2022-02-15,44575.203125,10.704932999647486
2022-02-16,43961.859375,10.691077704597587
2022-02-17,40538.01171875,10.609995373878483
2022-02-18,40030.9765625,10.597408847454723
2022-02-19,40122.15625,10.599683985646616
2022-02-20,38431.37890625,10.55662956390009
2022-02-21,37075.28125,10.520705752951736
2022-02-22,38286.02734375,10.552840287293243
2022-02-23,37296.5703125,10.526656652677822
2022-02-24,38332.609375,10.554056232629373
2022-02-25,39214.21875,10.576794683224678
2022-02-26,39105.1484375,10.5740094108986
2022-02-27,37709.78515625,10.537674892974174
2022-02-28,43193.234375,10.673439150277495
2022-03-01,44354.63671875,10.69997253061002
2022-03-02,43924.1171875,10.690218814674614
2022-03-03,42451.7890625,10.6561243360222
2022-03-04,39137.60546875,10.574839060456965
2022-03-05,39400.5859375,10.581535966685598
2022-03-06,38419.984375,10.55633302963324
2022-03-07,38062.0390625,10.546972714362505
2022-03-08,38737.26953125,10.564557452578466
2022-03-09,41982.92578125,10.645018285592325
2022-03-10,39437.4609375,10.582471428791795
2022-03-11,38794.97265625,10.566045946501148
2022-03-12,38904.01171875,10.568852653305816
2022-03-13,37849.6640625,10.54137738333083
2022-03-14,39666.75390625,10.588268682740365
2022-03-15,39338.78515625,10.579966210842187
2022-03-16,41143.9296875,10.624831678516387
2022-03-17,40951.37890625,10.620140761638593
2022-03-18,41801.15625,10.64067927961353
2022-03-19,42190.65234375,10.649953967045542
2022-03-20,41247.82421875,10.627353644159575
2022-03-21,41077.99609375,10.62322788227211
2022-03-22,42358.80859375,10.653931673582083
2022-03-23,42892.95703125,10.666462919672714
2022-03-24,43960.93359375,10.6910566456385
2022-03-25,44348.73046875,10.699839362046166
2022-03-26,44500.828125,10.703263077531737
2022-03-27,46820.4921875,10.75407625332412
2022-03-28,47128.00390625,10.76062266608749
2022-03-29,47465.73046875,10.76776326582668
2022-03-30,47062.6640625,10.75923527059195
2022-03-31,45538.67578125,10.726317261049367
2022-04-01,46281.64453125,10.742500715059384
2022-04-02,45868.94921875,10.733543679518714
2022-04-03,46453.56640625,10.746208520761762
2022-04-04,46622.67578125,10.749842306507894
2022-04-05,45555.9921875,10.726697445901998
2022-04-06,43206.73828125,10.673751740801423
2022-04-07,43503.84765625,10.680604665032956
2022-04-08,42287.6640625,10.652250692774018
2022-04-09,42782.13671875,10.663875928063952
2022-04-10,42207.671875,10.650357281486635
2022-04-11,39521.90234375,10.584610286931785
2022-04-12,40127.18359375,10.599809278733545
2022-04-13,41166.73046875,10.625385696229037
2022-04-14,39935.515625,10.595021322874496
2022-04-15,40553.46484375,10.610376502101625
2022-04-16,40424.484375,10.60719092926192
2022-04-17,39716.953125,10.589533406379978
2022-04-18,40826.21484375,10.617079674744364
2022-04-19,41502.75,10.633514969083599
2022-04-20,41374.37890625,10.630417101237388
2022-04-21,40527.36328125,10.609732661529069
2022-04-22,39740.3203125,10.590121576277149
2022-04-23,39486.73046875,10.58371995694957
2022-04-24,39469.29296875,10.583278255366226
2022-04-25,40458.30859375,10.608027305442322
2022-04-26,38117.4609375,10.548427748453774
2022-04-27,39241.12109375,10.577480483448294
2022-04-28,39773.828125,10.59096439016982
2022-04-29,38609.82421875,10.56126203650899
2022-04-30,37714.875,10.537809857951071
2022-05-01,38469.09375,10.557610438151473
2022-05-02,38529.328125,10.55917499975729
2022-05-03,37750.453125,10.53875275791639
2022-05-04,39698.37109375,10.589065435449381
2022-05-05,36575.140625,10.507124070720305
2022-05-06,36040.921875,10.492410290612668
2022-05-07,35501.953125,10.477342991555728
2022-05-08,34059.265625,10.435857392768732
2022-05-09,30296.953125,10.31880242951058
2022-05-10,31022.90625,10.342481121897062
2022-05-11,28936.35546875,10.272854058210543
2022-05-12,29047.751953125,10.276696373851054
2022-05-13,29283.103515625,10.284765956844339
2022-05-14,30101.265625,10.312322497195195
2022-05-15,31305.11328125,10.351536726804072
2022-05-16,29862.91796875,10.304372787978142
2022-05-17,30425.857421875,10.323048098950009
2022-05-18,28720.271484375,10.265358475916056
2022-05-19,30314.333984375,10.319375948426952
2022-05-20,29200.740234375,10.28194933842735
2022-05-21,29432.2265625,10.289845494583876
2022-05-22,30323.72265625,10.319685611119661
2022-05-23,29098.91015625,10.278456000782995
2022-05-24,29655.5859375,10.297405782550063
2022-05-25,29562.361328125,10.294257254419904
2022-05-26,29267.224609375,10.284223554875032
2022-05-27,28627.57421875,10.262125665852468
2022-05-28,28814.900390625,10.268647907006384
2022-05-29,29445.95703125,10.290311897185344
2022-05-30,31726.390625,10.364904125349263
2022-05-31,31792.310546875,10.36697973282627
2022-06-01,29799.080078125,10.302232802155435
2022-06-02,30467.48828125,10.324415436066419
2022-06-03,29704.390625,10.299050146356228
2022-06-04,29832.9140625,10.303367561725132
2022-06-05,29906.662109375,10.305836547582219
2022-06-06,31370.671875,10.353628718711185
2022-06-07,31155.478515625,10.346745384052316
2022-06-08,30214.35546875,10.316072437068884
2022-06-09,30111.998046875,10.312678977523088
2022-06-10,29083.8046875,10.27793675828529
2022-06-11,28360.810546875,10.252763560874987
2022-06-12,26762.6484375,10.194762479356166
2022-06-13,22487.388671875,10.020709927579496
2022-06-14,22206.79296875,10.00815351063844
2022-06-15,22572.83984375,10.024502685722302
2022-06-16,20381.650390625,9.922390284392199
2022-06-17,20471.482421875,9.92678809527476
2022-06-18,19017.642578125,9.853122384049872
2022-06-19,20553.271484375,9.930775403573943
2022-06-20,20599.537109375,9.93302388410652
2022-06-21,20710.59765625,9.938400812314617
2022-06-22,19987.029296875,9.902838806989985
2022-06-23,21085.876953125,9.956358756642537
2022-06-24,21231.65625,9.963248566256299
2022-06-25,21502.337890625,9.975916947302924
2022-06-26,21027.294921875,9.953576630935627
2022-06-27,20735.478515625,9.93960145009083
2022-06-28,20280.634765625,9.91742175729541
2022-06-29,20104.0234375,9.908675245035521
2022-06-30,19784.7265625,9.89266553327924
2022-07-01,19269.3671875,9.866271921611277
2022-07-02,19242.255859375,9.864863965754903
2022-07-03,19297.076171875,9.867708869731416
2022-07-04,20231.26171875,9.914984296914424
2022-07-05,20190.115234375,9.912948418788119
2022-07-06,20548.24609375,9.930530868046002
2022-07-07,21637.587890625,9.982187261434621
2022-07-08,21731.1171875,9.986500484147044
2022-07-09,21592.20703125,9.9800877429832
2022-07-10,20860.44921875,9.945610263258173
2022-07-11,19970.556640625,9.902014299863406
2022-07-12,19323.9140625,9.869098678474385
2022-07-13,20212.07421875,9.914035438419207
2022-07-14,20569.919921875,9.931585089682448
2022-07-15,20836.328125,9.944453286725341
2022-07-16,21190.31640625,9.961299583017311
2022-07-17,20779.34375,9.941714683307564
2022-07-18,22485.689453125,10.020634361537693
2022-07-19,23389.43359375,10.060039643541112
2022-07-20,23231.732421875,10.053274399904742
2022-07-21,23164.62890625,10.050381778134694
2022-07-22,22714.978515625,10.030779832369811
2022-07-23,22465.478515625,10.019735121772623
2022-07-24,22609.1640625,10.026110592562882
2022-07-25,21361.701171875,9.969354932780849
2022-07-26,21239.75390625,9.963629888954006
2022-07-27,22930.548828125,10.040225310503368
2022-07-28,23843.88671875,10.079283141395383
2022-07-29,23804.6328125,10.077635496703943
2022-07-30,23656.20703125,10.071380813237761
2022-07-31,23336.896484375,10.057790927178154
2022-08-01,23314.19921875,10.056817862469863
2022-08-02,22978.1171875,10.04229761538725
2022-08-03,22846.5078125,10.036553553679708
2022-08-04,22630.95703125,10.027074028111187
2022-08-05,23289.314453125,10.055749927199347
2022-08-06,22961.279296875,10.041564567386294
2022-08-07,23175.890625,10.050867820116338
2022-08-08,23809.486328125,10.077839365460918
2022-08-09,23164.318359375,10.050368371964542
2022-08-10,23947.642578125,10.083625167018424
2022-08-11,23957.529296875,10.084037929085792
2022-08-12,24402.818359375,10.102453911142689
2022-08-13,24424.068359375,10.103324333271548
2022-08-14,24319.333984375,10.099026950194217
2022-08-15,24136.97265625,10.091500079009762
2022-08-16,23883.291015625,10.080934372735626
2022-08-17,23335.998046875,10.057752427851762
2022-08-18,23212.73828125,10.052456470820983
2022-08-19,20877.552734375,9.946429828919296
2022-08-20,21166.060546875,9.960154260221959
2022-08-21,21534.12109375,9.977393983734515
2022-08-22,21398.908203125,9.971095181162893
2022-08-23,21528.087890625,9.977113775017555
2022-08-24,21395.01953125,9.970913441739025
2022-08-25,21600.904296875,9.980490458391982
2022-08-26,20260.01953125,9.916404741832318
2022-08-27,20041.73828125,9.905572292018391
2022-08-28,19616.814453125,9.884142357711136
2022-08-29,20297.994140625,9.91827734934112
2022-08-30,19796.80859375,9.893276021557552
2022-08-31,20049.763671875,9.905972645726346
2022-09-01,20127.140625,9.909824463089882
2022-09-02,19969.771484375,9.901974983398722
2022-09-03,19832.087890625,9.895056505463224
2022-09-04,19986.712890625,9.902822976285494
2022-09-05,19812.37109375,9.894061824289322
2022-09-06,18837.66796875,9.84361375961696
2022-09-07,19290.32421875,9.867358913366097
2022-09-08,19329.833984375,9.869404983669634
2022-09-09,21381.15234375,9.970265081337525
2022-09-10,21680.5390625,9.984170319750923
2022-09-11,21769.255859375,9.988253971713968
2022-09-12,22370.44921875,10.015496135585632
2022-09-13,20296.70703125,9.918213936662209
2022-09-14,20241.08984375,9.915469967986835
2022-09-15,19701.2109375,9.888435381745573
2022-09-16,19772.583984375,9.892051609919006
2022-09-17,20127.576171875,9.909846102634743
2022-09-18,19419.505859375,9.874033296587243
2022-09-19,19544.12890625,9.880430208610155
2022-09-20,18890.7890625,9.846429731063068
2022-09-21,18547.400390625,9.828084917547844
2022-09-22,19413.55078125,9.873726595096974
2022-09-23,19297.638671875,9.867738018800262
2022-09-24,18937.01171875,9.848873578090933
2022-09-25,18802.09765625,9.841723720053846
2022-09-26,19222.671875,9.863845688211141
2022-09-27,19110.546875,9.857995654040971
2022-09-28,19426.720703125,9.874404753198162
2022-09-29,19573.05078125,9.881908938953254
2022-09-30,19431.7890625,9.874665615461502
2022-10-01,19312.095703125,9.868486898954952
2022-10-02,19044.107421875,9.854513011018675
2022-10-03,19623.580078125,9.88448718732602
2022-10-04,20336.84375,9.920189483028798
2022-10-05,20160.716796875,9.911491276953772
2022-10-06,19955.443359375,9.901257235195176
2022-10-07,19546.849609375,9.880569407127702
2022-10-08,19416.568359375,9.873882019710539
2022-10-09,19446.42578125,9.87541856769968
2022-10-10,19141.484375,9.859613215552592
2022-10-11,19051.41796875,9.854896811839888
2022-10-12,19157.4453125,9.86044670821436
2022-10-13,19382.904296875,9.872146734736656
2022-10-14,19185.65625,9.861918208507285
2022-10-15,19067.634765625,9.855747661831694
2022-10-16,19268.09375,9.866205833318512
2022-10-17,19550.7578125,9.880769327449979
2022-10-18,19334.416015625,9.869642000100649
2022-10-19,19139.53515625,9.859511378204708
2022-10-20,19053.740234375,9.855018699045578
2022-10-21,19172.46875,9.861230609698971
2022-10-22,19208.189453125,9.863092001093024
2022-10-23,19567.0078125,9.881600152047197
2022-10-24,19345.572265625,9.870218848791929
2022-10-25,20095.857421875,9.908268974391792
2022-10-26,20770.44140625,9.94128616875074
2022-10-27,20285.8359375,9.917678184429118
2022-10-28,20595.3515625,9.932820677008536
2022-10-29,20818.4765625,9.9435961676618
2022-10-30,20635.603515625,9.934773188942176
2022-10-31,20495.7734375,9.927973970089276
2022-11-01,20485.2734375,9.927461538073482
2022-11-02,20159.50390625,9.911431114057626
2022-11-03,20209.98828125,9.913932230548413
2022-11-04,21147.23046875,9.959264228796085
2022-11-05,21282.69140625,9.965649411315797
2022-11-06,20926.486328125,9.948770924047743
2022-11-07,20602.81640625,9.933183064182517
2022-11-08,18541.271484375,9.827754417371056
2022-11-09,15880.7802734375,9.672864869200907
2022-11-10,17586.771484375,9.774902278212192
2022-11-11,17034.29296875,9.74298382461089
2022-11-12,16799.185546875,9.72908568486351
2022-11-13,16353.365234375,9.70218897987881
2022-11-14,16618.19921875,9.71825371228341
2022-11-15,16884.61328125,9.734158029462925
2022-11-16,16669.439453125,9.721332349092188
2022-11-17,16687.517578125,9.722416268512838
2022-11-18,16697.77734375,9.723030896358539
2022-11-19,16711.546875,9.723855189118218
2022-11-20,16291.83203125,9.698419158823798
2022-11-21,15787.2841796875,9.666960096236725
2022-11-22,16189.76953125,9.692134811317116
2022-11-23,16610.70703125,9.717802768302853
2022-11-24,16604.46484375,9.717426904670596
2022-11-25,16521.841796875,9.712438529775493
2022-11-26,16464.28125,9.70894854065387
2022-11-27,16444.626953125,9.707754073849289
2022-11-28,16217.322265625,9.693835225608318
2022-11-29,16444.982421875,9.707775689718664
2022-11-30,17168.56640625,9.750835456302609
2022-12-01,16967.1328125,9.73903338770724
2022-12-02,17088.66015625,9.746170373753046
2022-12-03,16908.236328125,9.735556138885249
2022-12-04,17130.486328125,9.748614981348615
2022-12-05,16974.826171875,9.73948671213146
2022-12-06,17089.50390625,9.74621974738228
2022-12-07,16848.126953125,9.731994769549843
2022-12-08,17233.474609375,9.754608969630882
2022-12-09,17133.15234375,9.748770599124994
2022-12-10,17128.724609375,9.748512134919679
2022-12-11,17104.193359375,9.74707893812229
2022-12-12,17206.4375,9.753038866034595
2022-12-13,17781.318359375,9.785903654765324
2022-12-14,17815.650390625,9.787832585407495
2022-12-15,17364.865234375,9.762204204386471
2022-12-16,16647.484375,9.72001439540497
2022-12-17,16795.091796875,9.728841967757862
2022-12-18,16757.9765625,9.726629636586503
2022-12-19,16439.6796875,9.70745318469165
2022-12-20,16906.3046875,9.735441889774123
2022-12-21,16817.53515625,9.730177380353945
2022-12-22,16830.341796875,9.730938595765025
2022-12-23,16796.953125,9.728952787336203
2022-12-24,16847.755859375,9.731972743490926
2022-12-25,16841.986328125,9.731630233816956
2022-12-26,16919.8046875,9.736240089801628
2022-12-27,16717.173828125,9.72419184293325
2022-12-28,16552.572265625,9.714296792632998
2022-12-29,16642.341796875,9.719705437458519
2022-12-30,16602.5859375,9.717313741579758
2022-12-31,16547.49609375,9.7139900759302
2023-01-01,16625.080078125,9.718667682241778
2023-01-02,16688.470703125,9.722473382926482
2023-01-03,16679.857421875,9.721957128026984
2023-01-04,16863.23828125,9.73289128198902
2023-01-05,16836.736328125,9.731318464270581
2023-01-06,16951.96875,9.738139256506134
2023-01-07,16955.078125,9.738322662334438
2023-01-08,17091.14453125,9.746315744683459
2023-01-09,17196.5546875,9.752464333870766
2023-01-10,17446.29296875,9.766882467741652
2023-01-11,17934.896484375,9.794503618239384
2023-01-12,18869.587890625,9.84530679872957
2023-01-13,19909.57421875,9.89895601153324
2023-01-14,20976.298828125,9.951148452094081
2023-01-15,20880.798828125,9.946585299316718
2023-01-16,21169.6328125,9.960323019268994
2023-01-17,21161.51953125,9.95993969488966
2023-01-18,20688.78125,9.93734686373636
2023-01-19,21086.79296875,9.956402197839259
2023-01-20,22676.552734375,10.029086750450306
2023-01-21,22777.625,10.033533973444758
2023-01-22,22720.416015625,10.031019183214326
2023-01-23,22934.431640625,10.040394625412896
2023-01-24,22636.46875,10.02731754621199
2023-01-25,23117.859375,10.048360730913313
2023-01-26,23032.77734375,10.044673582319469
2023-01-27,23078.728515625,10.046666628793634
2023-01-28,23031.08984375,10.04460031448054
2023-01-29,23774.56640625,10.076371649865585
2023-01-30,22840.138671875,10.036274735199633
2023-01-31,23139.283203125,10.049287023739147
2023-02-01,23723.76953125,10.07423275832915
2023-02-02,23471.87109375,10.063558008451782
2023-02-03,23449.322265625,10.06259687220411
2023-02-04,23331.84765625,10.057574558461246
2023-02-05,22955.666015625,10.04132007022997
2023-02-06,22760.109375,10.032764693808685
2023-02-07,23264.291015625,10.054674889523618
2023-02-08,22939.3984375,10.040611167039613
2023-02-09,21819.0390625,9.990538219118495
2023-02-10,21651.18359375,9.98281540139359
2023-02-11,21870.875,9.992911122015416
2023-02-12,21788.203125,9.98912396125247
2023-02-13,21808.1015625,9.990036811046709
2023-02-14,22220.8046875,10.008784277096845
2023-02-15,24307.841796875,10.098554284960041
2023-02-16,23623.474609375,10.069996183478477
2023-02-17,24565.6015625,10.109102432904576
2023-02-18,24641.27734375,10.11217825655339
2023-02-19,24327.642578125,10.099368537458952
2023-02-20,24829.1484375,10.119773582203267
2023-02-21,24436.353515625,10.103827200665544
2023-02-22,24188.84375,10.09364680378454
2023-02-23,23947.4921875,10.083618887022523
2023-02-24,23198.126953125,10.051826819616078
2023-02-25,23175.375,10.050845571532914
2023-02-26,23561.212890625,10.067357117366784
2023-02-27,23522.87109375,10.06572846487509
2023-02-28,23147.353515625,10.049635733999986
2023-03-01,23646.55078125,10.070972538939149
2023-03-02,23475.466796875,10.063711188729668
2023-03-03,22362.6796875,10.015148762999896
2023-03-04,22353.349609375,10.014731459477776
2023-03-05,22435.513671875,10.018400414153101
2023-03-06,22429.7578125,10.018143829974909
2023-03-07,22219.76953125,10.008737691008866
2023-03-08,21718.080078125,9.985900375947734
2023-03-09,20363.021484375,9.921475862619202
2023-03-10,20187.244140625,9.912806205736088
2023-03-11,20632.41015625,9.9346184269802
2023-03-12,22163.94921875,10.006222338825529
2023-03-13,24197.533203125,10.094005973194013
2023-03-14,24746.07421875,10.11642213799152
2023-03-15,24375.9609375,10.101352718165902
2023-03-16,25052.7890625,10.128740440135552
2023-03-17,27423.9296875,10.21917125749034
2023-03-18,26965.87890625,10.202327601575393
2023-03-19,28038.67578125,10.241340113972356
2023-03-20,27767.236328125,10.231612055295281
2023-03-21,28175.81640625,10.246219314752592
2023-03-22,27307.4375,10.214914379966567
2023-03-23,28333.97265625,10.251816810888009
2023-03-24,27493.28515625,10.221697077702453
2023-03-25,27494.70703125,10.221748793538719
2023-03-26,27994.330078125,10.23975727144219
2023-03-27,27139.888671875,10.208759831386159
2023-03-28,27268.130859375,10.213473931480072
2023-03-29,28348.44140625,10.252327330792763
2023-03-30,28033.5625,10.24115773205143
2023-03-31,28478.484375,10.256904146939885
2023-04-01,28411.03515625,10.254532910518483
2023-04-02,28199.30859375,10.247052738673508
2023-04-03,27790.220703125,10.232439464523113
2023-04-04,28168.08984375,10.24594505039775
2023-04-05,28177.984375,10.246296256102458
2023-04-06,28044.140625,10.241534998755878
2023-04-07,27925.859375,10.237308397859582
2023-04-08,27947.794921875,10.238093581799241
2023-04-09,28333.05078125,10.251784274328148
2023-04-10,29652.98046875,10.297317921085538
2023-04-11,30235.05859375,10.31675741064987
2023-04-12,30139.052734375,10.313577042833737
2023-04-13,30399.06640625,10.322167176602019
2023-04-14,30485.69921875,10.325012974564036
2023-04-15,30318.49609375,10.319513237396514
2023-04-16,30315.35546875,10.319409644274128
2023-04-17,29445.044921875,10.290280920997308
2023-04-18,30397.552734375,10.322117381995124
2023-04-19,28822.6796875,10.26891784536645
2023-04-20,28245.98828125,10.24870671874717
2023-04-21,27276.91015625,10.213795841475457
2023-04-22,27817.5,10.233420598031856
2023-04-23,27591.384765625,10.225258856804476
2023-04-24,27525.33984375,10.222862308244906
2023-04-25,28307.59765625,10.25088551601886
2023-04-26,28422.701171875,10.25494344188744
2023-04-27,29473.787109375,10.291256574749735
2023-04-28,29340.26171875,10.286715971859982
2023-04-29,29248.48828125,10.283583168632099
2023-04-30,29268.806640625,10.284277608121096
2023-05-01,28091.568359375,10.24322475191008
2023-05-02,28680.537109375,10.263974022201202
2023-05-03,29006.30859375,10.27526862302623
2023-05-04,28847.7109375,10.269785925200855
2023-05-05,29534.384765625,10.293310448836207
2023-05-06,28904.623046875,10.27175682832706
2023-05-07,28454.978515625,10.256078416007067
2023-05-08,27694.2734375,10.228980935694478
2023-05-09,27658.775390625,10.227698330580832
2023-05-10,27621.755859375,10.226358996969278
2023-05-11,27000.7890625,10.203621369096474
2023-05-12,26804.990234375,10.19634335194055
2023-05-13,26784.078125,10.195562890138293
2023-05-14,26930.638671875,10.201019901524239
2023-05-15,27192.693359375,10.210703589703963
2023-05-16,27036.650390625,10.204948646397272
2023-05-17,27398.802734375,10.218254595595742
2023-05-18,26832.208984375,10.19735827265725
2023-05-19,26890.12890625,10.19951454308742
2023-05-20,27129.5859375,10.208380143372853
2023-05-21,26753.826171875,10.194432776558315
2023-05-22,26851.27734375,10.198068672129459
2023-05-23,27225.7265625,10.211917634772885
2023-05-24,26334.818359375,10.178647234584988
2023-05-25,26476.20703125,10.184001760790126
2023-05-26,26719.291015625,10.193141093452184
2023-05-27,26868.353515625,10.198704423797032
2023-05-28,28085.646484375,10.243013923550633
2023-05-29,27745.884765625,10.2308428114433
2023-05-30,27702.349609375,10.229272512021266
2023-05-31,27219.658203125,10.211694719298
2023-06-01,26819.97265625,10.196902137306813
2023-06-02,27249.58984375,10.21279374837261
2023-06-03,27075.12890625,10.20637083293819
2023-06-04,27119.06640625,10.20799231691349
2023-06-05,25760.09765625,10.156581971214598
2023-06-06,27238.783203125,10.212397089776934
2023-06-07,26345.998046875,10.179071665656124
2023-06-08,26508.216796875,10.18521003171983
2023-06-09,26480.375,10.18415917158209
2023-06-10,25851.240234375,10.160113856904617
2023-06-11,25940.16796875,10.163547933128962
2023-06-12,25902.5,10.162094768125908
2023-06-13,25918.728515625,10.162721095081881
2023-06-14,25124.67578125,10.131605741049261
2023-06-15,25576.39453125,10.149425116459378
2023-06-16,26327.462890625,10.178367889724749
2023-06-17,26510.67578125,10.185302790517955
2023-06-18,26336.212890625,10.178700187079642
2023-06-19,26851.029296875,10.198059434281383
2023-06-20,28327.48828125,10.251587929566524
2023-06-21,30027.296875,10.309862142773344
2023-06-22,29912.28125,10.30602441919365
2023-06-23,30695.46875,10.331870324961804
2023-06-24,30548.6953125,10.32707725705931
2023-06-25,30480.26171875,10.324834596336881
2023-06-26,30271.130859375,10.317949760398704
2023-06-27,30688.1640625,10.331632323813947
2023-06-28,30086.24609375,10.31182340590091
2023-06-29,30445.3515625,10.32368860343864
2023-06-30,30477.251953125,10.324735846717806
2023-07-01,30590.078125,10.328430991080884
2023-07-02,30620.76953125,10.329433800550028
2023-07-03,31156.439453125,10.346776226867988
2023-07-04,30777.58203125,10.334541847817544
2023-07-05,30514.166015625,10.325946314296251
2023-07-06,29909.337890625,10.305926014656304
2023-07-07,30342.265625,10.320296924636603
2023-07-08,30292.541015625,10.318656790090897
2023-07-09,30171.234375,10.314644245303557
2023-07-10,30414.470703125,10.322673784108723
2023-07-11,30620.951171875,10.329439732474308
2023-07-12,30391.646484375,10.32192306293534
2023-07-13,31476.048828125,10.356982180934805
2023-07-14,30334.068359375,10.320026728165043
2023-07-15,30295.806640625,10.318764587221185
2023-07-16,30249.1328125,10.317222795692699
2023-07-17,30145.888671875,10.313803830398586
2023-07-18,29856.5625,10.304159943903676
2023-07-19,29913.923828125,10.306079330853958
2023-07-20,29792.015625,10.301995704546313
2023-07-21,29908.744140625,10.305906162799479
2023-07-22,29771.802734375,10.301317007580348
2023-07-23,30084.5390625,10.31176666636374
2023-07-24,29176.916015625,10.281133128198881
2023-07-25,29227.390625,10.282861583679122
2023-07-26,29354.97265625,10.287217237012586
2023-07-27,29210.689453125,10.282289998428292
2023-07-28,29319.24609375,10.285999442632827
2023-07-29,29356.91796875,10.287283503401898
2023-07-30,29275.30859375,10.28449972961446
2023-07-31,29230.111328125,10.282954666792017
2023-08-01,29675.732421875,10.298084900618106
2023-08-02,29151.958984375,10.280277393101196
2023-08-03,29178.6796875,10.28119357388037
2023-08-04,29074.091796875,10.277602740334075
2023-08-05,29042.126953125,10.276502708444154
2023-08-06,29041.85546875,10.276493360449624
2023-08-07,29180.578125,10.281258634252001
2023-08-08,29765.4921875,10.301105021231054
2023-08-09,29561.494140625,10.294227919813993
2023-08-10,29429.591796875,10.289755970824665
2023-08-11,29397.71484375,10.288672223902859
2023-08-12,29415.96484375,10.289292827839994
2023-08-13,29282.9140625,10.28475948711555
2023-08-14,29408.443359375,10.289037101190267
2023-08-15,29170.34765625,10.280907981071513
2023-08-16,28701.779296875,10.26471439623281
2023-08-17,26664.55078125,10.191090276136746
2023-08-18,26049.556640625,10.167756027482936
2023-08-19,26096.205078125,10.169545183433726
2023-08-20,26189.583984375,10.173117052853833
2023-08-21,26124.140625,10.170615093989227
2023-08-22,26031.65625,10.167068624469975
2023-08-23,26431.640625,10.182317080019136
2023-08-24,26162.373046875,10.17207751425801
2023-08-25,26047.66796875,10.16768352182107
2023-08-26,26008.462890625,10.166177259834624
2023-08-27,26089.693359375,10.169295624875618
2023-08-28,26106.150390625,10.169926212700739
2023-08-29,27727.392578125,10.23017610527159
2023-08-30,27297.265625,10.214541815900267
2023-08-31,25931.47265625,10.163212670450678
2023-09-01,25800.724609375,10.158157856150005
2023-09-02,25868.798828125,10.160792843028482
2023-09-03,25969.56640625,10.164680608570169
2023-09-04,25812.416015625,10.158610896066135
2023-09-05,25779.982421875,10.157353594641705
2023-09-06,25753.236328125,10.156315580840111
2023-09-07,26240.1953125,10.175047686342062
2023-09-08,25905.654296875,10.162216536481553
2023-09-09,25895.677734375,10.161831350918474
2023-09-10,25832.2265625,10.159378083013618
2023-09-11,25162.654296875,10.133116201946136
2023-09-12,25833.34375,10.159421329899054
2023-09-13,26228.32421875,10.17459518285774
2023-09-14,26539.673828125,10.186396017988711
2023-09-15,26608.693359375,10.18899325939803
2023-09-16,26568.28125,10.18747334904391
2023-09-17,26534.1875,10.186189274857261
2023-09-18,26754.28125,10.194449786247013
2023-09-19,27211.1171875,10.211380888909446
2023-09-20,27132.0078125,10.208469410010053
2023-09-21,26567.6328125,10.187448942293356
2023-09-22,26579.568359375,10.187898092834212
2023-09-23,26579.390625,10.187891405932195
2023-09-24,26256.826171875,10.17568127885688
2023-09-25,26298.48046875,10.177266439643097
2023-09-26,26217.25,10.174172870047572
2023-09-27,26352.716796875,10.179326652900361
2023-09-28,27021.546875,10.204389859135322
2023-09-29,26911.720703125,10.200317184565023
2023-09-30,26967.916015625,10.202403142685709
2023-10-01,27983.75,10.23937926354209
2023-10-02,27530.78515625,10.223060117753576
2023-10-03,27429.978515625,10.219391800687632
2023-10-04,27799.39453125,10.232769519990114
2023-10-05,27415.912109375,10.218878857734271
2023-10-06,27946.59765625,10.238050741522427
2023-10-07,27968.83984375,10.238846306742609
2023-10-08,27935.08984375,10.237638878059547
2023-10-09,27583.677734375,10.22497949033162
2023-10-10,27391.01953125,10.217970484319029
2023-10-11,26873.3203125,10.198889263476758
2023-10-12,26756.798828125,10.19454388182958
2023-10-13,26862.375,10.198481887612811
2023-10-14,26861.70703125,10.198457020971082
2023-10-15,27159.65234375,10.209487781286953
2023-10-16,28519.466796875,10.258342178591718
2023-10-17,28415.748046875,10.254698779158943
2023-10-18,28328.341796875,10.251618059409257
2023-10-19,28719.806640625,10.265342290570729
2023-10-20,29682.94921875,10.298328059553281
2023-10-21,29918.412109375,10.30622935946936
2023-10-22,29993.896484375,10.308749189424594
2023-10-23,33086.234375,10.406872594953755
2023-10-24,33901.52734375,10.43121534674153
2023-10-25,34502.8203125,10.448796347866656
2023-10-26,34156.6484375,10.438712529432724
2023-10-27,33909.80078125,10.431459360176152
2023-10-28,34089.57421875,10.436746875137551
2023-10-29,34538.48046875,10.44982935735569
2023-10-30,34502.36328125,10.448783101579169
2023-10-31,34667.78125,10.453566040380862
2023-11-01,35437.25390625,10.475518916001551
2023-11-02,34938.2421875,10.461337272963412
2023-11-03,34732.32421875,10.455426066008267
2023-11-04,35082.1953125,10.46544902470195
2023-11-05,35049.35546875,10.464512503384956
2023-11-06,35037.37109375,10.464170516372448
2023-11-07,35443.5625,10.475696921676048
2023-11-08,35655.27734375,10.481652446969523
2023-11-09,36693.125,10.510344686793989
2023-11-10,37313.96875,10.527123032844324
2023-11-11,37138.05078125,10.522397350525916
2023-11-12,37054.51953125,10.520145607933834
2023-11-13,36502.35546875,10.505132070878805
2023-11-14,35537.640625,10.47834771303901
2023-11-15,37880.58203125,10.542193912315287
2023-11-16,36154.76953125,10.495564156124622
2023-11-17,36596.68359375,10.507712903091303
2023-11-18,36585.703125,10.507412818075638
2023-11-19,37386.546875,10.529066209467143
2023-11-20,37476.95703125,10.531481543922137
2023-11-21,35813.8125,10.486088922000189
2023-11-22,37432.33984375,10.530290311468026
2023-11-23,37289.62109375,10.526470312052592
2023-11-24,37720.28125,10.537953192976223
2023-11-25,37796.79296875,10.539979535911824
2023-11-26,37479.12109375,10.531539286070732
2023-11-27,37254.16796875,10.525519109326812
2023-11-28,37831.0859375,10.540886422938044
2023-11-29,37858.4921875,10.541610597966539
2023-11-30,37712.74609375,10.537753408968067
2023-12-01,38688.75,10.563304139082696
2023-12-02,39476.33203125,10.583456582221416
2023-12-03,39978.390625,10.596094352741906
2023-12-04,41980.09765625,10.644950919628469
2023-12-05,44080.6484375,10.6937761541882
2023-12-06,43746.4453125,10.6861656384848
2023-12-07,43292.6640625,10.675738478447814
2023-12-08,44166.6015625,10.695724161682614
2023-12-09,43725.984375,10.685697812497887
2023-12-10,43779.69921875,10.686925500764309
2023-12-11,41243.83203125,10.627256854067472
2023-12-12,41450.22265625,10.632248532231763
2023-12-13,42890.7421875,10.666411281802802
2023-12-14,43023.97265625,10.669512742962004
2023-12-15,41929.7578125,10.64375106415242
2023-12-16,42240.1171875,10.651125692701578
2023-12-17,41364.6640625,10.630182270293107
2023-12-18,42623.5390625,10.660161939804896
2023-12-19,42270.52734375,10.651845369086281
2023-12-20,43652.25,10.684010106331032
2023-12-21,43869.15234375,10.68896667197108
2023-12-22,43997.90234375,10.691897237758274
2023-12-23,43739.54296875,10.686007845359297
2023-12-24,43016.1171875,10.669330142762817
2023-12-25,43613.140625,10.68311377440979
2023-12-26,42520.40234375,10.657739294869959
2023-12-27,43442.85546875,10.679201686074299
2023-12-28,42627.85546875,10.660263202811265
2023-12-29,42099.40234375,10.647788823459257
2023-12-30,42156.90234375,10.64915370669594
2023-12-31,42265.1875,10.651719035647995
2024-01-01,44167.33203125,10.69574070048532
2024-01-02,44957.96875,10.713483304498926
2024-01-03,42848.17578125,10.66541835092017
2024-01-04,44179.921875,10.696025708638457
2024-01-05,44162.69140625,10.695635625793305
2024-01-06,43989.1953125,10.691699321665794
2024-01-07,43943.09765625,10.690650840865018
2024-01-08,46970.50390625,10.757275107220892
2024-01-09,46139.73046875,10.739429690114454
2024-01-10,46627.77734375,10.749951722866403
2024-01-11,46368.5859375,10.74437748171888
2024-01-12,42853.16796875,10.665534852885886
2024-01-13,42842.3828125,10.6652831442217
2024-01-14,41796.26953125,10.640562368866341
2024-01-15,42511.96875,10.657540932912761
2024-01-16,43154.9453125,10.672552297418568
2024-01-17,42742.65234375,10.662952584592706
2024-01-18,41262.05859375,10.627698678588326
2024-01-19,41618.40625,10.6362978063264
2024-01-20,41665.5859375,10.637430789779946
2024-01-21,41545.78515625,10.63455135485539
2024-01-22,39507.3671875,10.584242444574134
2024-01-23,39845.55078125,10.592766028832056
2024-01-24,40077.07421875,10.598559734560043
2024-01-25,39933.80859375,10.594978577270549
2024-01-26,41816.87109375,10.641055151765366
2024-01-27,42120.0546875,10.648279264620763
2024-01-28,42035.59375,10.646272008603455
2024-01-29,43288.24609375,10.67563642434037
2024-01-30,42952.609375,10.667852679350434
2024-01-31,42582.60546875,10.659201126541387
2024-02-01,43075.7734375,10.670716016835627
2024-02-02,43185.859375,10.673268391365871
2024-02-03,42992.25,10.66877514587372
2024-02-04,42583.58203125,10.659224059644975
2024-02-05,42658.66796875,10.660985767176623
2024-02-06,43084.671875,10.670922571885322
2024-02-07,44318.22265625,10.699151218095603
2024-02-08,45301.56640625,10.721096889377717
2024-02-09,47147.19921875,10.76102988478613
2024-02-10,47771.27734375,10.774179845481193
2024-02-11,48293.91796875,10.785060909739776
2024-02-12,49958.22265625,10.818942388271429
2024-02-13,49742.44140625,10.814613799511312
2024-02-14,51826.6953125,10.85566064902172
2024-02-15,51938.5546875,10.857816658250828
2024-02-16,52160.203125,10.86207509086059
2024-02-17,51662.99609375,10.852497061362802
2024-02-18,52122.546875,10.861352895643515
2024-02-19,51779.14453125,10.85474273194947
2024-02-20,52284.875,10.86446241128679
2024-02-21,51839.1796875,10.85590150697156
2024-02-22,51304.97265625,10.845542959331544
2024-02-23,50731.94921875,10.834311153216031
2024-02-24,51571.1015625,10.85071674734625
2024-02-25,51733.23828125,10.853855760714486
2024-02-26,54522.40234375,10.906366948371431
2024-02-27,57085.37109375,10.952303164811905
2024-02-28,62504.7890625,11.042998457788947
2024-02-29,61198.3828125,11.021876043518928
2024-03-01,62440.6328125,11.041971509307352
2024-03-02,62029.84765625,11.03537096199526
2024-03-03,63167.37109375,11.053543166654274
2024-03-04,68330.4140625,11.132110247503281
2024-03-05,63801.19921875,11.06352726568836
2024-03-06,66106.8046875,11.099026965889227
2024-03-07,66925.484375,11.111335105941743
2024-03-08,68300.09375,11.13166641817873
2024-03-09,68498.8828125,11.13457271481075
2024-03-10,69019.7890625,11.142148540467955
2024-03-11,72123.90625,11.186140839050703
2024-03-12,71481.2890625,11.177191003001354
2024-03-13,73083.5,11.19935790206543
2024-03-14,71396.59375,11.176005440607048
2024-03-15,69403.7734375,11.147696517315048
2024-03-16,65315.1171875,11.08697879210875
2024-03-17,68390.625,11.13299103281336
2024-03-18,67548.59375,11.120602525258992
2024-03-19,61912.7734375,11.033481793401984
2024-03-20,67913.671875,11.125992646370758
2024-03-21,65491.390625,11.089673972144544
2024-03-22,63778.76171875,11.063175525492385
2024-03-23,64062.203125,11.067609814157786
2024-03-24,67234.171875,11.115936907308464
2024-03-25,69958.8125,11.155661955003344
2024-03-26,69987.8359375,11.156076733609908
2024-03-27,69455.34375,11.148439289066957
2024-03-28,70744.953125,11.166836479038837
2024-03-29,69892.828125,11.154718321026634
2024-03-30,69645.3046875,11.151170563977951
2024-03-31,71333.6484375,11.175123422674254
2024-04-01,69702.1484375,11.151986420340995
2024-04-02,65446.97265625,11.08899551597111
2024-04-03,65980.8125,11.09711925904443
2024-04-04,68508.84375,11.134718121756292
2024-04-05,67837.640625,11.124872491338003
2024-04-06,68896.109375,11.140354987700567
2024-04-07,69362.5546875,11.147102443064194
2024-04-08,71631.359375,11.179288237161215
2024-04-09,69139.015625,11.143874475957427
2024-04-10,70587.8828125,11.164613777199962
2024-04-11,70060.609375,11.15711599461545
2024-04-12,67195.8671875,11.115367024434015
2024-04-13,63821.47265625,11.06384497471878
2024-04-14,65738.7265625,11.09344347621374
2024-04-15,63426.2109375,11.057632476717231
2024-04-16,63811.86328125,11.06369439689446
2024-04-17,61276.69140625,11.023154811544515
2024-04-18,63512.75390625,11.058996013630662
2024-04-19,63843.5703125,11.064191156507574
2024-04-20,64994.44140625,11.082057028394079
2024-04-21,64926.64453125,11.081013365917512
2024-04-22,66837.6796875,11.110022267676788
2024-04-23,66407.2734375,11.103561869186873
2024-04-24,64276.8984375,11.070955567870602
2024-04-25,64481.70703125,11.074136850639793
2024-04-26,63755.3203125,11.062807915420777
2024-04-27,63419.140625,11.05752099746442
2024-04-28,63113.23046875,11.052685701174266
2024-04-29,63841.12109375,11.064152792961822
2024-04-30,60636.85546875,11.01265816324528
2024-05-01,58254.01171875,10.972568239764623
2024-05-02,59123.43359375,10.98738263231432
2024-05-03,62889.8359375,11.049139838812568
2024-05-04,63891.47265625,11.064941183201617
2024-05-05,64031.1328125,11.067124694258581
2024-05-06,63161.94921875,11.053457329494858
2024-05-07,62334.81640625,11.04027539949921
2024-05-08,61187.94140625,11.021705413240717
2024-05-09,63049.9609375,11.051682721844896
2024-05-10,60792.77734375,11.015226267209407
2024-05-11,60793.7109375,11.015241624076165
2024-05-12,61448.39453125,11.025952988228958
2024-05-13,62901.44921875,11.049324482466835
2024-05-14,61552.7890625,11.027650444355254
2024-05-15,66267.4921875,11.101454742016754
2024-05-16,65231.58203125,11.085699017619602
2024-05-17,67051.875,11.11322185252465
2024-05-18,66940.8046875,11.111563995719358
2024-05-19,66278.3671875,11.10161883616614
2024-05-20,71448.1953125,11.176727924991438
2024-05-21,70136.53125,11.158199067809143
2024-05-22,69122.3359375,11.143633198298957
2024-05-23,67929.5625,11.126226601711199
2024-05-24,68526.1015625,11.134969996379247
2024-05-25,69265.9453125,11.145708654764677
2024-05-26,68518.09375,11.134853131706638
2024-05-27,69394.5546875,11.147563680700397
2024-05-28,68296.21875,11.13160968165444
2024-05-29,67578.09375,11.121039152560593
2024-05-30,68364.9921875,11.132616162466865
2024-05-31,67491.4140625,11.119755669696058
2024-06-01,67706.9375,11.122943927800915
2024-06-02,67751.6015625,11.123603377761437
2024-06-03,68804.78125,11.139028516419566
2024-06-04,70567.765625,11.164328741668491
2024-06-05,71082.8203125,11.171600959485094
2024-06-06,70757.1640625,11.167009069213076
2024-06-07,69342.5859375,11.146814512133185
2024-06-08,69305.7734375,11.14628349249428
2024-06-09,69647.9921875,11.151209151620868
2024-06-10,69512.28125,11.149258724574846
2024-06-11,67332.03125,11.117391349656966
2024-06-12,68241.1875,11.130803583831266
2024-06-13,66756.3984375,11.108805428410106
2024-06-14,66011.09375,11.097578094004717
2024-06-15,66191.0,11.100299781021203
2024-06-16,66639.046875,11.107045974142403
2024-06-17,66490.296875,11.10481130434367
2024-06-18,65140.74609375,11.084305532460517
2024-06-19,64960.296875,11.081531544945191
2024-06-20,64828.65625,11.079503010667478
2024-06-21,64096.19921875,11.068140346591488
2024-06-22,64252.578125,11.070577128411566
2024-06-23,63180.796875,11.053755687049565
2024-06-24,60277.4140625,11.006712753056153
2024-06-25,61804.640625,11.03173373164601
2024-06-26,60811.27734375,11.01553053338195
2024-06-27,61604.80078125,11.028495081245408
2024-06-28,60320.13671875,11.007421269236795
2024-06-29,60887.37890625,11.016781189301488
2024-06-30,62678.29296875,11.045770462033213
2024-07-01,62851.98046875,11.048537724560118
2024-07-02,62029.015625,11.035357548503827
2024-07-03,60173.921875,11.00499434599721
2024-07-04,56977.703125,10.950415297042861
2024-07-05,56662.375,10.944865689202109
2024-07-06,58303.5390625,10.973418074827197
2024-07-07,55849.109375,10.930408857637877
2024-07-08,56705.09765625,10.945619391428531
2024-07-09,58009.2265625,10.96835735554068
2024-07-10,57742.49609375,10.963748682170834
2024-07-11,57344.9140625,10.956839436192565
2024-07-12,57899.46484375,10.966463420750669
2024-07-13,59231.953125,10.989216423993252
2024-07-14,60787.79296875,11.015144274256256
2024-07-15,64870.15234375,11.080142894651237
2024-07-16,65097.1484375,11.083636024433911
2024-07-17,64118.79296875,11.068492781979087
2024-07-18,63974.06640625,11.066233067818734
2024-07-19,66710.15625,11.10811248792837
2024-07-20,67163.6484375,11.114887434276701
2024-07-21,68154.5234375,11.129532809646845
2024-07-22,67585.25,11.121145042956734
2024-07-23,65927.671875,11.096313539410449
2024-07-24,65372.1328125,11.087851342852872
2024-07-25,65777.2265625,11.094028956532817
2024-07-26,67912.0625,11.125968948726015
2024-07-27,67813.3359375,11.124514149829876
2024-07-28,68255.8671875,11.131018675469548
2024-07-29,66819.9140625,11.109756429805461
2024-07-30,66201.015625,11.100451083574788
2024-07-31,64619.25,11.0762676329973
2024-08-01,65357.5,11.087627479108344
2024-08-02,61415.06640625,11.025410465243473
2024-08-03,60680.09375,11.013370978451388
2024-08-04,58116.9765625,10.970213095727178
2024-08-05,53991.45703125,10.896581109905977
2024-08-06,56034.31640625,10.933719575005094
2024-08-07,55027.4609375,10.91558762938367
2024-08-08,61710.13671875,11.030203486816628
2024-08-09,60880.11328125,11.016661853263962
2024-08-10,60945.8125,11.01774042869358
2024-08-11,58719.484375,10.980526882170142
2024-08-12,59354.515625,10.99128348181075
2024-08-13,60609.56640625,11.012208021087867
2024-08-14,58737.26953125,10.980829719696201
2024-08-15,57560.09765625,10.960584857599066
2024-08-16,58894.10546875,10.983496287700408
2024-08-17,59478.97265625,10.993378128337671
2024-08-18,58483.96484375,10.976507890411199
2024-08-19,59493.453125,10.993621553967206
2024-08-20,59012.79296875,10.985509529362448
2024-08-21,61175.19140625,11.0214970171372
2024-08-22,60381.9140625,11.008444903031656
2024-08-23,64094.35546875,11.068111580821581
2024-08-24,64178.9921875,11.069431211634667
2024-08-25,64333.54296875,11.07183643779521
2024-08-26,62880.66015625,11.048993925716076
2024-08-27,59504.1328125,10.993801048155168
2024-08-28,59027.625,10.9857608336459
2024-08-29,59388.1796875,10.99185049038864
2024-08-30,59119.4765625,10.987315701768612
2024-08-31,58969.8984375,10.984782396719028
2024-09-01,57325.48828125,10.956500625461308
2024-09-02,59112.48046875,10.987197356543957
2024-09-03,57431.0234375,10.958339914307253
2024-09-04,57971.5390625,10.96770746327409
2024-09-05,56160.48828125,10.935968733128599
2024-09-06,53948.75390625,10.895789873223059
2024-09-07,54139.6875,10.899322791079229
2024-09-08,54841.56640625,10.912203696474931
2024-09-09,57019.53515625,10.951149210140377
2024-09-10,57648.7109375,10.962123165299772
2024-09-11,57343.171875,10.956809054876391
2024-09-12,58127.01171875,10.970385752505791
2024-09-13,60571.30078125,11.011576475413042
2024-09-14,60005.12109375,11.0021851891245
2024-09-15,59182.8359375,10.988386845345081
2024-09-16,58192.5078125,10.9715118936889
2024-09-17,60308.5390625,11.00722898234961
2024-09-18,61649.6796875,11.029223312918003
2024-09-19,62940.45703125,11.04994443197192
2024-09-20,63192.9765625,11.053948443619324
2024-09-21,63394.83984375,11.057137746635803
2024-09-22,63648.7109375,11.061134351423833
2024-09-23,63329.80078125,11.056111283780753
2024-09-24,64301.96875,11.07134552795294
2024-09-25,63143.14453125,11.05315956339405
2024-09-26,65181.01953125,11.084923594049675
2024-09-27,65790.6640625,11.094233223698353
2024-09-28,65887.6484375,11.095706274054114
2024-09-29,65635.3046875,11.0918690113765
2024-09-30,63329.5,11.056106534326933
2024-10-01,60837.0078125,11.015953563909683
2024-10-02,60632.78515625,11.012591034943744
2024-10-03,60759.40234375,11.01467712031752
2024-10-04,62067.4765625,11.035977403876908
2024-10-05,62089.94921875,11.036339406493408
2024-10-06,62818.953125,11.048012108276925
2024-10-07,62236.66015625,11.038699496683854
2024-10-08,62131.96875,11.037015930146234
2024-10-09,60582.1015625,11.01175477467777
2024-10-10,60274.5,11.006664407701818
2024-10-11,62445.08984375,11.042042887062264
2024-10-12,63193.0234375,11.053949185394522
2024-10-13,62851.375,11.048528091265164
2024-10-14,66046.125,11.098108640553454
2024-10-15,67041.109375,11.113061282975492
2024-10-16,67612.71875,11.121551391522942
2024-10-17,67399.8359375,11.118397862735716
2024-10-18,68418.7890625,11.13340275978538
2024-10-19,68362.734375,11.132583136063852
2024-10-20,69001.703125,11.141886466245792
2024-10-21,67367.8515625,11.117923203324489
2024-10-22,67361.40625,11.117827525331311
2024-10-23,66432.1953125,11.103937087117613
2024-10-24,68161.0546875,11.129628635085066
2024-10-25,66642.4140625,11.10709650161227
2024-10-26,67014.6953125,11.11266720734552
2024-10-27,67929.296875,11.126222691403088
2024-10-28,69907.7578125,11.154931906505643
2024-10-29,72720.4921875,11.194378497083406
2024-10-30,72339.5390625,11.18912613366522
2024-10-31,70215.1875,11.159319912768295
2024-11-01,69482.46875,11.148829751531515
2024-11-02,69289.2734375,11.146045388745986
2024-11-03,68741.1171875,11.138102802635737
2024-11-04,67811.5078125,11.124487191273472
2024-11-05,69359.5625,11.147059303764403
2024-11-06,75639.078125,11.233728335032866
2024-11-07,75904.859375,11.237235984720346
2024-11-08,76545.4765625,11.245640308059663
2024-11-09,76778.8671875,11.248684714440998
2024-11-10,80474.1875,11.295691759812842
2024-11-11,88701.484375,11.393031902937803
2024-11-12,87955.8125,11.384589836668697
2024-11-13,90584.1640625,11.414034687156459
2024-11-14,87250.4296875,11.376537764837646
2024-11-15,91066.0078125,11.419339883129073
2024-11-16,90558.4765625,11.413751070884954
2024-11-17,89845.8515625,11.405850720444636
2024-11-18,90542.640625,11.413576185850712
2024-11-19,92343.7890625,11.433273729034363
2024-11-20,94339.4921875,11.454655174032796
2024-11-21,98504.7265625,11.497859811415008
2024-11-22,98997.6640625,11.50285153351007
2024-11-23,97777.28125,11.490447530980276
2024-11-24,98013.8203125,11.492863771306755
2024-11-25,93102.296875,11.441454134013465
2024-11-26,91985.3203125,11.429384281479184
2024-11-27,95962.53125,11.47171309478414
2024-11-28,95652.46875,11.468476784781007
2024-11-29,97461.5234375,11.487212947688215
2024-11-30,96449.0546875,11.476770217223118
2024-12-01,97279.7890625,11.485346528843408
2024-12-02,95865.3046875,11.470699409045046
2024-12-03,96002.1640625,11.472126012513607
2024-12-04,98768.53125,11.500534323385613
2024-12-05,96593.5703125,11.478267458073391
2024-12-06,99920.7109375,11.5121322598412
2024-12-07,99923.3359375,11.512158530326024
2024-12-08,101236.015625,11.525209858145764
2024-12-09,97432.71875,11.486917354679552
2024-12-10,96675.4296875,11.479114561125563
2024-12-11,101173.03125,11.524587510696326
2024-12-12,100043.0,11.513355372546723
2024-12-13,101459.2578125,11.527412596019019
2024-12-14,101372.96875,11.526561754225602
2024-12-15,104298.6953125,11.555014131922132
2024-12-16,106029.71875,11.571474699365162
2024-12-17,106140.6015625,11.572519923998197
2024-12-18,100041.5390625,11.513340769344428
2024-12-19,97490.953125,11.487514864219284
2024-12-20,97755.9296875,11.490229137772468
2024-12-21,97224.7265625,11.484780346600347
2024-12-22,95104.9375,11.462736166218333
2024-12-23,94686.2421875,11.458323990769212
2024-12-24,98676.09375,11.499597984837491
2024-12-25,99299.1953125,11.505892746400228
2024-12-26,95795.515625,11.469971153103424
2024-12-27,94164.859375,11.45280234823847
2024-12-28,95163.9296875,11.463356259145382
2024-12-29,93530.2265625,11.44603994177678
2024-12-30,92643.2109375,11.436510952585051
2024-12-31,93429.203125,11.444959242637923
2025-01-01,94419.7578125,11.45550562909487
2025-01-02,96886.875,11.481299339788416
2025-01-03,98107.4296875,11.493818378541908
2025-01-04,98236.2265625,11.495130332245266
2025-01-05,98314.9609375,11.495931491273739
2025-01-06,102078.0859375,11.533493347790557
2025-01-07,96922.703125,11.481669064811861
2025-01-08,95043.5234375,11.462090207115295
2025-01-09,92484.0390625,11.43479135793626
2025-01-10,94701.453125,11.45848462356542
2025-01-11,94566.59375,11.457059561067556
2025-01-12,94488.4375,11.456232751498558
2025-01-13,94516.5234375,11.456529949387622
2025-01-14,96534.046875,11.477651042459183
2025-01-15,100504.4921875,11.51795770386541
2025-01-16,99756.90625,11.51049156794441
2025-01-17,104462.0390625,11.556579021831368
2025-01-18,104408.0703125,11.556062253286912
2025-01-19,101089.609375,11.523762624009665
2025-01-20,102016.6640625,11.53289145208423
2025-01-21,106146.265625,11.572573286342994
2025-01-22,103653.0703125,11.548804739349952
2025-01-23,103960.171875,11.551763142034167
2025-01-24,104819.484375,11.559994953196949
2025-01-25,104714.6484375,11.558994295739945
2025-01-26,102682.5,11.53939698217602
2025-01-27,102087.6875,11.533587404324573
2025-01-28,101332.4765625,11.526162236709176
2025-01-29,103703.2109375,11.549288357455707
2025-01-30,104735.3046875,11.559191538563434
2025-01-31,102405.0234375,11.536691047391125
2025-02-01,100655.90625,11.519463110419297
2025-02-02,97688.9765625,11.489544002212748
2025-02-03,101405.421875,11.526881838877394
2025-02-04,97871.8203125,11.491413945536776
2025-02-05,96615.4453125,11.478493896783021
2025-02-06,96593.296875,11.478264627265025
2025-02-07,96529.0859375,11.477599650591364
2025-02-08,96482.453125,11.477116437891917
2025-02-09,96500.09375,11.477299258829197
2025-02-10,97437.5546875,11.48696698705719
2025-02-11,95747.4296875,11.469469062687807
2025-02-12,97885.859375,11.491557378607155
2025-02-13,96623.8671875,11.478581062017636
2025-02-14,97508.96875,11.487699639934865
2025-02-15,97580.3515625,11.488431436176414
2025-02-16,96175.03125,11.473925052548958
2025-02-17,95773.3828125,11.469740084148297
2025-02-18,95539.546875,11.467295544154812
2025-02-19,96635.609375,11.478702579344736
2025-02-20,98333.9375,11.496124490702769
2025-02-21,96125.546875,11.473410395998524
2025-02-22,96577.7578125,11.47810374330072
2025-02-23,96273.921875,11.474952760230378
2025-02-24,91418.171875,11.423199554693888
2025-02-25,88736.171875,11.39342288533889
2025-02-26,84347.0234375,11.34269479911792
2025-02-27,84704.2265625,11.34692077977887
2025-02-28,84373.0078125,11.343002816784972
2025-03-01,86031.9140625,11.36247360014739
2025-03-02,94248.3515625,11.453688615104253
2025-03-03,86065.671875,11.362865910274797
2025-03-04,87222.1953125,11.37621411090917
2025-03-05,90623.5625,11.414469529962206
2025-03-06,89961.7265625,11.40713959844688
2025-03-07,86742.671875,11.37070122017757
2025-03-08,86154.59375,11.36389856322745
2025-03-09,80601.0390625,11.297266820005916
2025-03-10,78532.0,11.27126146401864
2025-03-11,82862.2109375,11.324934398083764
2025-03-12,83722.359375,11.33526135789958
2025-03-13,81066.703125,11.303027590138669
2025-03-14,83969.1015625,11.338204171614592
2025-03-15,84343.109375,11.342648393765865
2025-03-16,82579.6875,11.32151901522367
2025-03-17,84075.6875,11.339472713797754
2025-03-18,82718.5,11.32319855611556
2025-03-19,86854.2265625,11.37198643556862
2025-03-20,84167.1953125,11.34056051995031
2025-03-21,84043.2421875,11.339086733314021
2025-03-22,83832.484375,11.336575853062984
2025-03-23,86054.375,11.362734642880659
2025-03-24,87498.9140625,11.379381661554406
2025-03-25,87471.703125,11.379070627185817
2025-03-26,86900.8828125,11.372523470148947
2025-03-27,87177.1015625,11.375696978652183
2025-03-28,84353.1484375,11.342767413151854
2025-03-29,82597.5859375,11.321735733143727
2025-03-30,82334.5234375,11.318545781544014
2025-03-31,82548.9140625,11.32114629435563
2025-04-01,85169.171875,11.352394814887198
2025-04-02,82485.7109375,11.320380356564213
2025-04-03,83102.828125,11.327834013056254
2025-04-04,83843.8046875,11.33671087886276
2025-04-05,83504.796875,11.332659356793688
2025-04-06,78214.484375,11.267210131568591
2025-04-07,79235.3359375,11.28017763912939
2025-04-08,76271.953125,11.24206056286764
2025-04-09,82573.953125,11.321449572310021
2025-04-10,79626.140625,11.285097717732617
2025-04-11,83404.8359375,11.33146157152789
2025-04-12,85287.109375,11.353778601016458
2025-04-13,83684.9765625,11.334814748879587
2025-04-14,84542.390625,11.345008351755032
2025-04-15,83668.9921875,11.334623724129257
2025-04-16,84033.8671875,11.33897517737348
2025-04-17,84895.75,11.349179312153636
2025-04-18,84450.8046875,11.343924450757749
2025-04-19,85063.4140625,11.351152305111253
2025-04-20,85174.3046875,11.352455079155664
2025-04-21,87518.90625,11.379610120434208
2025-04-22,93441.890625,11.445095031429704
2025-04-23,93699.109375,11.44784396311197
2025-04-24,93943.796875,11.450451976850209
2025-04-25,94720.5,11.458685728820116
2025-04-26,94646.9296875,11.457908717521786
2025-04-27,93754.84375,11.448438609164647
2025-04-28,94978.75,11.461408461351107
2025-04-29,94284.7890625,11.454075151925663
2025-04-30,94207.3125,11.45325308494014
2025-05-01,96492.3359375,11.477218863836328
2025-05-02,96910.0703125,11.481538717272652
2025-05-03,95891.796875,11.47097571889175
2025-05-04,94315.9765625,11.454405876991183
2025-05-05,94748.0546875,11.45897659173127
2025-05-06,96802.4765625,11.480427857260743
2025-05-07,97032.3203125,11.482799401084966
2025-05-08,103241.4609375,11.544825804618712
2025-05-09,102970.8515625,11.542201232622427
2025-05-10,104696.328125,11.558819325804295
2025-05-11,104106.359375,11.553168341834219
2025-05-12,102812.953125,11.54066662722695
2025-05-13,104169.8125,11.553777659034473
2025-05-14,103539.4140625,11.547707631395067
2025-05-15,103744.640625,11.549687780132189
2025-05-16,103489.2890625,11.547223399013538
2025-05-17,103191.0859375,11.544337751724315
2025-05-18,106446.0078125,11.575393166682723
2025-05-19,105606.1796875,11.567472168310076
2025-05-20,106791.0859375,11.578629737020153
2025-05-21,109678.078125,11.605304791517028
2025-05-22,111673.28125,11.623332755459392
2025-05-23,107287.796875,11.583270193120399
2025-05-24,107791.15625,11.587950895594474
2025-05-25,109035.390625,11.59942779314566
2025-05-26,109440.3671875,11.60313508799969
2025-05-27,108994.640625,11.599053991424485
2025-05-28,107802.328125,11.588054533930693
2025-05-29,105641.7578125,11.567809005921438
2025-05-30,103998.5703125,11.552132431033826
2025-05-31,104638.09375,11.558262949304142
2025-06-01,105652.1015625,11.567906914587965
2025-06-02,105881.53125,11.570076118363398
2025-06-03,105432.46875,11.565825920307468
2025-06-04,104731.984375,11.559159836119438
2025-06-05,101575.953125,11.5285621042724
2025-06-06,104390.34375,11.55589245733686
2025-06-07,105615.625,11.567561603323854
2025-06-08,105793.6484375,11.569245762932221
2025-06-09,110294.1015625,11.610905727497089
2025-06-10,110257.234375,11.610571409070163
2025-06-11,108686.625,11.596224020460438
2025-06-12,105929.0546875,11.570524853615105
2025-06-13,106090.96875,11.572052200809496
2025-06-14,105472.40625,11.566204645554832
2025-06-15,105552.0234375,11.566959223509581
2025-06-16,106796.7578125,11.57868284748657
2025-06-17,104601.1171875,11.557909511124757
2025-06-18,104883.328125,11.560603850628619
2025-06-19,104684.2890625,11.558704328889347
2025-06-20,103309.6015625,11.545485599118408
2025-06-21,102257.40625,11.535248504044759
2025-06-22,100987.140625,11.522748467172894
2025-06-23,105577.7734375,11.567203149288972
2025-06-24,106045.6328125,11.571624778687559
2025-06-25,107361.2578125,11.583954667976112
2025-06-26,106960.0,11.580210211775825
2025-06-27,107088.4296875,11.581410217803425
2025-06-28,107327.703125,11.583642079125463
2025-06-29,108385.5703125,11.593450243928729
2025-06-30,107135.3359375,11.581848136076523
2025-07-01,105698.28125,11.568343911082794
2025-07-02,108859.3203125,11.59781168828415
2025-07-03,109647.9765625,11.605030300073393
2025-07-04,108034.3359375,11.590204380926025
2025-07-05,108231.1796875,11.592024771049617
2025-07-06,109232.0703125,11.601229983356587
2025-07-07,108299.8515625,11.592659062374107
2025-07-08,108950.2734375,11.598646850121796
2025-07-09,111326.5546875,11.620223095396678
2025-07-10,115987.203125,11.661235146115105
2025-07-11,117516.9921875,11.674338216472403
2025-07-12,117435.2265625,11.673642197267002
2025-07-13,119116.1171875,11.687854071019887
2025-07-14,119849.703125,11.69399376280481
2025-07-15,117777.1875,11.676549876947018
2025-07-16,118738.5078125,11.68467894089797
2025-07-17,119289.84375,11.689311472441954
2025-07-18,118003.2265625,11.678467246823969
2025-07-19,117939.9765625,11.677931100830548
2025-07-20,117300.7890625,11.672496761494473
2025-07-21,117439.5390625,11.673678918964107
2025-07-22,119995.4140625,11.695208804888095
2025-07-23,118754.9609375,11.684817497340072
2025-07-24,118368.0,11.68155369463218
2025-07-25,117635.8828125,11.675349393861838
2025-07-26,117947.3671875,11.677993763158122
2025-07-27,119448.4921875,11.690640529714889
2025-07-28,117924.4765625,11.677799669410366
2025-07-29,117922.1484375,11.677779926706819
2025-07-30,117831.1875,11.677008264735191
2025-07-31,115758.203125,11.65925883876782
2025-08-01,113320.0859375,11.637971712305443
2025-08-02,112526.9140625,11.630947708125328
2025-08-03,114217.671875,11.645861309197253
2025-08-04,115071.8828125,11.653312280006578
2025-08-05,114141.4453125,11.645193706639756
2025-08-06,115028.0,11.652930855970235
2025-08-07,117496.8984375,11.674167215941367
2025-08-08,116688.7265625,11.667265211744633
2025-08-09,116500.359375,11.665649636747084
2025-08-10,119306.7578125,11.689453252018172
2025-08-11,118731.4453125,11.684619459688586
2025-08-12,120172.90625,11.696686870101546
2025-08-13,123344.0625,11.722732985411849
2025-08-14,118359.578125,11.68148254217018
2025-08-15,117398.3515625,11.673328145072274
2025-08-16,117491.3515625,11.674120006134059
2025-08-17,117453.0625,11.673794064672615
2025-08-18,116252.3125,11.663518215724869
2025-08-19,112831.1796875,11.633647995519649
2025-08-20,114274.7421875,11.646360847126518
2025-08-21,112419.03125,11.629988519280012
2025-08-22,116874.0859375,11.66885244570479
2025-08-23,115374.328125,11.655937148386247
2025-08-24,113458.4296875,11.639191790554744
2025-08-25,110124.3515625,11.609365475025912
2025-08-26,111802.65625,11.62449059836544
2025-08-27,111222.0625,11.61928404489617
2025-08-28,112544.8046875,11.631106685229488
2025-08-29,108410.8359375,11.593683325514826
2025-08-30,108808.0703125,11.59734078631946
2025-08-31,108236.7109375,11.592075875626701
2025-09-01,109250.59375,11.601399547725677
2025-09-02,111200.5859375,11.619090930006859
2025-09-03,111723.2109375,11.623779760583265
2025-09-04,110723.6015625,11.614792298885495
2025-09-05,110650.984375,11.614136241734247
2025-09-06,110224.6953125,11.610276245990066
2025-09-07,111167.6171875,11.618794406045446
2025-09-08,112071.4296875,11.626891712058484
2025-09-09,111530.546875,11.622053795365783
2025-09-10,113955.359375,11.643562066257605
2025-09-11,115507.5390625,11.657091080082177
2025-09-12,116101.578125,11.662220760401526
2025-09-13,115950.5078125,11.660918722255804
2025-09-14,115407.65625,11.656225976176007
2025-09-15,115444.875,11.656548422285832
2025-09-16,116843.1875,11.668588037026513
2025-09-17,116468.5078125,11.66537619623906
2025-09-18,117137.203125,11.671101203014183
2025-09-19,115688.859375,11.658659619652004
2025-09-20,115721.9609375,11.658945704483138
2025-09-21,115306.09375,11.65534555611816
2025-09-22,112748.5078125,11.632915022798413
2025-09-23,112014.5,11.626383606183168
2025-09-24,113328.6328125,11.638047131880292
2025-09-25,109049.2890625,11.599555252236676
2025-09-26,109712.828125,11.605621577667234
2025-09-27,109681.9453125,11.60534005033438
2025-09-28,112122.640625,11.627348556776269
2025-09-29,114400.3828125,11.647459704185348
2025-09-30,114056.0859375,11.644445588301108
2025-10-01,118648.9296875,11.683924241068903
2025-10-02,120681.2578125,11.700908115927499
2025-10-03,122266.53125,11.713958623143924
2025-10-04,122425.4296875,11.715257386366279
2025-10-05,123513.4765625,11.724105551060363
2025-10-06,124752.53125,11.734087303989076
2025-10-07,121451.3828125,11.707269320223878
2025-10-08,123354.8671875,11.722820579529266
2025-10-09,121705.5859375,11.709360177162216
2025-10-10,113214.3671875,11.637038355315225
2025-10-11,110807.8828125,11.615553195281818
2025-10-12,115169.765625,11.654162541625716
2025-10-13,115271.078125,11.655041834592005
2025-10-14,113118.6640625,11.636192671146413
2025-10-15,110783.1640625,11.615330092855514
2025-10-16,108186.0390625,11.591607608072334
2025-10-17,106467.7890625,11.575597768266984
2025-10-18,107198.265625,11.582435348616691
2025-10-19,108666.7109375,11.596040779080958
2025-10-20,110588.9296875,11.613575269819298
2025-10-21,108476.890625,11.594292439645802
2025-10-22,107688.5859375,11.586998877374983
2025-10-23,110069.7265625,11.60886932179976
2025-10-24,111033.921875,11.617591036085024
2025-10-25,111641.7265625,11.623050152977642
2025-10-26,114472.4453125,11.648089420722446
2025-10-27,114119.328125,11.644999917867063
2025-10-28,112956.1640625,11.634755093780251
2025-10-29,110055.3046875,11.608738288314484
2025-10-30,108305.546875,11.592711649359865
2025-10-31,109556.1640625,11.60419261055615
2025-11-01,110064.015625,11.608817435728643
2025-11-02,110639.625,11.614033576961964
2025-11-03,106547.5234375,11.576346394060954
2025-11-04,101590.5234375,11.528705536523345
2025-11-05,103891.8359375,11.551105597845094
2025-11-06,101301.2890625,11.525854415353244
2025-11-07,103372.40625,11.546093341321978
2025-11-08,102282.1171875,11.535490129107778
2025-11-09,104719.640625,11.559041968807458
2025-11-10,105996.59375,11.57116223814392
2025-11-11,102997.46875,11.542459691667078
2025-11-12,101663.1875,11.5294205450244
2025-11-13,99697.4921875,11.509895802047815
2025-11-14,94397.7890625,11.455272930911224
2025-11-15,95549.1484375,11.467396037409971
2025-11-16,94177.078125,11.452932098948049
2025-11-17,92093.875,11.430563716231704
2025-11-18,92948.875,11.439804889795012
2025-11-19,91465.9921875,11.423722512095202
2025-11-20,86631.8984375,11.36942336896359
2025-11-21,85090.6875,11.3514728784913
2025-11-22,84648.359375,11.34626100609762
2025-11-23,86805.0078125,11.37141959267662
2025-11-24,88270.5625,11.38816195048746
2025-11-25,87341.890625,11.377585473530706
2025-11-26,90518.3671875,11.413308061444042
2025-11-27,91285.375,11.421745867552538
2025-11-28,90919.265625,11.417727200778117
2025-11-29,90851.7578125,11.416984422151172
2025-11-30,90394.3125,11.411936629578038
2025-12-01,86321.5703125,11.365834791523962
2025-12-02,91350.203125,11.422455785394266
2025-12-03,93527.8046875,11.446014047406099
2025-12-04,92141.625,11.431082074540166
2025-12-05,89387.7578125,11.40073901456449
2025-12-06,89272.375,11.399447368501933
2025-12-07,90405.640625,11.412061940727948
2025-12-08,90640.203125,11.414653136707761
2025-12-09,92691.7109375,11.437034329405959
2025-12-10,92020.9453125,11.429771496559324
2025-12-11,92511.3359375,11.435086466667471
2025-12-12,90270.4140625,11.410565045215325
2025-12-13,90298.7109375,11.410878463970958
2025-12-14,88175.1796875,11.387080792953041
2025-12-15,86419.78125,11.366971878239953
2025-12-16,87843.984375,11.38331761517503
2025-12-17,86143.7578125,11.363772782134177
2025-12-18,85462.5078125,11.355833053636408
2025-12-19,88103.3828125,11.386266208604816
2025-12-20,88344.0,11.388993563726967
2025-12-21,88621.75,11.392132591793894
2025-12-22,88490.015625,11.390645006835005
2025-12-23,87414.0,11.37841073188205
2025-12-24,87611.9609375,11.380672807986114
2025-12-25,87234.7421875,11.376357950130487
2025-12-26,87301.4296875,11.37712211841181
2025-12-27,87802.15625,11.382841337977686
2025-12-28,87835.8359375,11.383224850536596
2025-12-29,87138.140625,11.375249961654015
2025-12-30,88430.1328125,11.389968059462806
2025-12-31,87508.828125,11.379494960113506
2026-01-01,88731.984375,11.393375693774058
2026-01-02,89944.6953125,11.406950263904251
2026-01-03,90603.1875,11.4142446735314
2026-01-04,91413.4921875,11.423148363479006
2026-01-05,93882.5546875,11.44979986186037
2026-01-06,93729.03125,11.448163252148872
2026-01-07,91308.0546875,11.42199428489872
2026-01-08,91027.125,11.418912818005964
2026-01-09,90513.1015625,11.413249887856457
2026-01-10,90386.6484375,11.411851841196953
2026-01-11,90827.4609375,11.416716952098053
2026-01-12,91192.9921875,11.420733333060733
2026-01-13,95321.78125,11.465013618092211
2026-01-14,96929.328125,11.48173741591409
2026-01-15,95551.1875,11.467417377639334
2026-01-16,95525.1171875,11.467144499087444
2026-01-17,95099.921875,11.462683427029464
2026-01-18,93634.4296875,11.447153433371339
2026-01-19,92553.59375,11.435543147609732
2026-01-20,88310.90625,11.38861889255491
2026-01-21,89376.9609375,11.400618220315058
2026-01-22,89462.453125,11.401574298084162
2026-01-23,89503.875,11.402037199415084
2026-01-24,89110.734375,11.397635081791526
2026-01-25,86572.21875,11.368734243429731
2026-01-26,88267.140625,11.388123183981044
2026-01-27,89102.5703125,11.397543460545625
2026-01-28,89184.5703125,11.398463325046167
2026-01-29,84561.5859375,11.345235375542083
2026-01-30,84128.65625,11.340102528112535
2026-01-31,78621.1171875,11.272395608840549
2026-02-01,76974.4453125,11.251228766693337
2026-02-02,78688.765625,11.273255674851159
2026-02-03,75633.546875,11.23365520547618
2026-02-04,73019.703125,11.198484589534422
2026-02-05,62702.09765625,11.046150181503975
2026-02-06,70555.390625,11.164153362937451
2026-02-07,69281.96875,11.145939960124702
2026-02-08,70264.7265625,11.160025196009448
2026-02-09,70120.78125,11.157974480587479
2026-02-10,68793.9609375,11.138871242997581
2026-02-11,66991.96875,11.112328021785206
2026-02-12,66221.84375,11.100765653510372
2026-02-13,68857.84375,11.139799422867528
2026-02-14,69767.625,11.152925355935377
2026-02-15,68788.1875,11.138787315866498
2026-02-16,68843.15625,11.139586098344747
2026-02-17,67494.21875,11.119797225044461
2026-02-18,66425.3203125,11.103833592784246
2026-02-19,66957.5234375,11.11181371877895
2026-02-20,68005.421875,11.127342714435583
2026-02-21,68003.765625,11.127318359463239
2026-02-22,67659.390625,11.122241435864936
2026-02-23,64616.73828125,11.076228762729293
2026-02-24,64080.04296875,11.06788825229055
2026-02-25,67960.125,11.126676415101421
2026-02-26,67453.7734375,11.119197804289021
2026-02-27,65881.796875,11.095617458889263
2026-02-28,66995.859375,11.112386096090248
2026-03-01,65738.1015625,11.093433968835003
2026-03-02,68775.8515625,11.138607967577261
2026-03-03,68293.6484375,11.131572046176007
2026-03-04,72710.578125,11.19424215671963
2026-03-05,70841.125,11.168194972628942
2026-03-06,68136.4921875,11.129268210399088
2026-03-07,67272.59375,11.116508207582715
2026-03-08,65969.78125,11.096952056310252
2026-03-09,68402.3828125,11.133162939443926
2026-03-10,69926.921875,11.155206002497609
2026-03-11,70204.8828125,11.159173143328633
2026-03-12,70493.4609375,11.163275231838991
2026-03-13,70968.265625,11.169988093077535
2026-03-14,71214.625,11.173453483610245
2026-03-15,72789.9140625,11.195332681489269
2026-03-16,74861.0859375,11.223389487598196
2026-03-17,73922.4765625,11.210772209034918
2026-03-18,71245.578125,11.1738880348015
2026-03-19,69912.7890625,11.155003873753872
2026-03-20,70522.5859375,11.16368830540132
2026-03-21,68711.5234375,11.137672199770304
2026-03-22,67845.2109375,11.124984079684218
2026-03-23,70914.859375,11.169235272718916
2026-03-24,70517.859375,11.16362128118722
2026-03-25,71309.8828125,11.174790205668033
2026-03-26,68791.625,11.138837286860618
2026-03-27,66338.375,11.10252381717541
2026-03-28,66319.6953125,11.10224219559627
2026-03-29,65954.921875,11.09672678576257
2026-03-30,66691.4453125,11.10783196749378
2026-03-31,68233.3125,11.130688177656358
2026-04-01,68078.5546875,11.128417533402338
2026-04-02,66888.5703125,11.110783384173462
2026-04-03,66931.1015625,11.111419034385964
2026-04-04,67290.515625,11.116774578881493
2026-04-05,68981.8984375,11.141599407676342
2026-04-06,68859.828125,11.13982824088301
2026-04-07,71940.703125,11.18359749097166
2026-04-08,71123.359375,11.172171104378759
2026-04-09,71767.828125,11.181191578366672
2026-04-10,72979.046875,11.1979276498202
2026-04-11,73054.2734375,11.198957915638893
2026-04-12,70753.40625,11.166955959222882
2026-04-13,74484.640625,11.218348217005115
2026-04-14,74181.609375,11.214271546346119
2026-04-15,74805.078125,11.222641051029846
2026-04-16,75152.1328125,11.227269775516918
2026-04-17,77126.875,11.253207072095321
2026-04-18,75726.2109375,11.234879627018817
2026-04-19,73856.3515625,11.209877290523893
2026-04-20,75872.5234375,11.236809887796152
2026-04-21,76352.7734375,11.243119635298099
2026-04-22,78203.1015625,11.267064587671442
2026-04-23,78268.953125,11.26790629153376
2026-04-24,77455.3125,11.25745643613306
2026-04-25,77612.015625,11.259477534713103
2026-04-26,78657.5390625,11.272858759741242
2026-04-27,77366.625,11.256310765033309
2026-04-28,76350.671875,11.243092110542571
2026-04-29,75776.1328125,11.23553865150083
2026-04-30,76304.3203125,11.242484838375965
2026-05-01,78179.0,11.26675634827
2026-05-02,78657.25,11.272855084784783
2026-05-03,78538.2265625,11.271340747822318
2026-05-04,79827.90625,11.287628424687226
2026-05-05,80927.0546875,11.30130346849375
2026-05-06,81427.53125,11.307468716551023
2026-05-07,80009.9921875,11.28990680820012
2026-05-08,80186.765625,11.292113763093141
2026-05-09,80664.3671875,11.298052210124329
2026-05-10,82138.9296875,11.31616735708112
2026-05-11,81728.296875,11.311155571861631
2026-05-12,80477.4921875,11.295732824155964
2026-05-13,79277.1171875,11.280704805924728
2026-05-14,81051.25,11.30283694962355
2026-05-15,79065.6796875,11.278034174486583
2026-05-16,78131.4375,11.266147783644008
2026-05-17,77429.3515625,11.257121206846154
2026-05-18,76954.171875,11.250965353197033
2026-05-19,76750.90625,11.248320473197321
2026-05-20,77457.7734375,11.257488207980936
2026-05-21,77539.171875,11.258538531196262
2026-05-22,75488.2421875,11.23173219049364
2026-05-23,76673.3671875,11.247309693516058
2026-05-24,76981.125,11.251315540916453
2026-05-25,77279.9296875,11.255189559045148
2026-05-26,75825.734375,11.236193017640115
2026-05-27,74344.703125,11.216467706916006
2026-05-28,73536.5546875,11.20553790425412
2026-05-29,73372.5234375,11.20330480443131
2026-05-30,73754.8359375,11.208501844086213
2026-05-31,73579.6875,11.206124281571736
2026-06-01,71319.7734375,11.174928895268442
2026-06-02,66703.65625,11.108015046743184
2026-06-03,64014.3671875,11.066862824452992
2026-06-04,63801.57421875,11.063533143303555
2026-06-05,60922.66796875,11.017360600678343
2026-06-06,60867.4140625,11.016453237630065
2026-06-07,63239.51953125,11.054684693749481
2026-06-08,63090.58984375,11.052326906564296
2026-06-09,61643.78125,11.029127631647324
2026-06-10,61449.2890625,11.025967545561917
2026-06-11,63561.0546875,11.059756214085983
2026-06-12,63543.19921875,11.059475256237308
2026-06-13,64421.32421875,11.073199978693012
2026-06-14,65710.3984375,11.093012463448328
2026-06-15,66289.5,11.101786792591213
2026-06-16,65600.640625,11.091340740509496
2026-06-17,64418.4453125,11.073155288978633
2026-06-18,62896.47265625,11.04924536251909
2026-06-19,63540.8359375,11.05943806381975
2026-06-20,64239.67578125,11.070376301616157
2026-06-21,63237.5390625,11.05465337631101
2026-06-22,63952.10546875,11.065889730135853
2026-06-23,62668.01953125,11.04560654117558
2026-06-24,60995.1328125,11.018549350013044
2026-06-25,59721.67578125,10.997450311896575
2026-06-26,60016.4296875,11.00237363184516
2026-06-27,59940.09765625,11.001100970102726
2026-06-28,59532.33984375,10.994274970662254
2026-06-29,60138.37890625,11.00440350084583
2026-06-30,58558.859375,10.977787670559568
2026-07-01,60003.7578125,11.002162469451381
2026-07-02,61485.30078125,11.026553413539771
2026-07-03,62544.19921875,11.043628773285242
2026-07-04,63088.3046875,11.052290685669213
2026-07-05,63547.8828125,11.059548960759722
2026-07-06,63995.015625,11.066560478449562
2026-07-07,63536.71875,11.059373265791308
