date,close,logprice
2010-07-19,2.932499885559082,1.0758552625204567
2010-07-20,2.997499942779541,1.097778588830138
2010-07-21,3.0869998931884766,1.127199710919593
2010-07-22,3.1605000495910645,1.1507302586211083
2010-07-23,3.184999942779541,1.1584522710585192
2010-07-26,3.2249999046325684,1.1709329206764387
2010-07-27,3.2049999237060547,1.16471206656797
2010-07-28,3.240000009536743,1.1755733327476772
2010-07-29,3.2855000495910645,1.1895188624497024
2010-07-30,3.306999921798706,1.1960414103524544
2010-08-02,3.384999990463257,1.2193539035468843
2010-08-03,3.3550000190734863,1.2104517761087379
2010-08-04,3.4005000591278076,1.2239224970215308
2010-08-05,3.3505001068115234,1.2091096203103666
2010-08-06,3.3394999504089355,1.2058210803337064
2010-08-09,3.3505001068115234,1.2091096203103666
2010-08-10,3.311000108718872,1.1972502914007692
2010-08-11,3.252500057220459,1.1794239489972853
2010-08-12,3.2825000286102295,1.1886053359108018
2010-08-13,3.251499891281128,1.1791163948905405
2010-08-16,3.2769999504089355,1.1869283545836093
2010-08-17,3.3375000953674316,1.2052220523008788
2010-08-18,3.3489999771118164,1.2086617869777339
2010-08-19,3.317500114440918,1.199211521720357
2010-08-20,3.2909998893737793,1.1911914363464284
2010-08-23,3.2915000915527344,1.1913434157406912
2010-08-24,3.239500045776367,1.1754190110385638
2010-08-25,3.2109999656677246,1.1665824044152948
2010-08-26,3.305500030517578,1.1955877570238593
2010-08-27,3.364000082015991,1.213130766491198
2010-08-30,3.4130001068115234,1.2275917012200641
2010-08-31,3.3610000610351562,1.2122385669027889
2010-09-01,3.4684998989105225,1.2437221946982056
2010-09-02,3.48799991607666,1.2493284819861423
2010-09-03,3.493499994277954,1.2509040973724563
2010-09-07,3.4635000228881836,1.2422796450889197
2010-09-08,3.490499973297119,1.2500449847781598
2010-09-09,3.433500051498413,1.2335801640774036
2010-09-10,3.3970000743865967,1.222892711076179
2010-09-13,3.4714999198913574,1.244586754135102
2010-09-14,3.4595000743865967,1.2411240914588522
2010-09-15,3.4579999446868896,1.2406903712654045
2010-09-16,3.4830000400543213,1.2478940028838128
2010-09-17,3.5134999752044678,1.2566126845928982
2010-09-20,3.496000051498413,1.2516194725239562
2010-09-21,3.4744999408721924,1.2454505667545999
2010-09-22,3.558500051498413,1.2693391222291328
2010-09-23,3.5850000381469727,1.2767584846923012
2010-09-24,3.6135001182556152,1.2846768644669575
2010-09-27,3.5934998989105225,1.279126629795157
2010-09-28,3.634000062942505,1.2903339872944264
2010-09-29,3.6565001010894775,1.2965064333753822
2010-09-30,3.6459999084472656,1.2936306511460118
2010-10-01,3.683500051498413,1.3038634011215682
2010-10-04,3.6575000286102295,1.2967798617344881
2010-10-05,3.7190001010894775,1.3134548421248302
2010-10-06,3.746000051498413,1.320688617769471
2010-10-07,3.6735000610351562,1.3011449026931823
2010-10-08,3.7664999961853027,1.326146187270816
2010-10-11,3.7795000076293945,1.3295917277687197
2010-10-12,3.7809998989105225,1.3299884981726204
2010-10-13,3.813999891281128,1.3386784786730166
2010-10-14,3.809000015258789,1.33736669150245
2010-10-15,3.8345000743865967,1.3440390676220717
2010-10-18,3.8505001068115234,1.3482030377368177
2010-10-19,3.755000114440918,1.3230883156930398
2010-10-20,3.7885000705718994,1.3319701810172173
2010-10-21,3.7755000591278076,1.3285328399222642
2010-10-22,3.7915000915527344,1.3327617433056904
2010-10-25,3.8564999103546143,1.349760013146646
2010-10-26,3.8635001182556152,1.351573538999917
2010-10-27,3.7734999656677246,1.3280029436445284
2010-10-28,3.7850000858306885,1.3310459095659477
2010-10-29,3.7320001125335693,1.3169443131387866
2010-11-01,3.7785000801086426,1.329327126679813
2010-11-02,3.8334999084472656,1.3437782001345282
2010-11-03,3.7795000076293945,1.3295917277687197
2010-11-04,3.9065001010894775,1.3626418583319118
2010-11-05,3.944000005722046,1.372195438191212
2010-11-08,3.952500104904175,1.3743483166427104
2010-11-09,4.0395002365112305,1.3961209804872545
2010-11-10,3.9660000801086426,1.3777580502964548
2010-11-11,4.01800012588501,1.3907842977230085
2010-11-12,3.8884999752044678,1.3580234727762293
2010-11-15,3.9230000972747803,1.3668566920234335
2010-11-16,3.7239999771118164,1.3147983532686918
2010-11-17,3.7284998893737793,1.316005978331276
2010-11-18,3.8304998874664307,1.3429953135964405
2010-11-19,3.8329999446868896,1.343647771967656
2010-11-22,3.749500036239624,1.3216225074244954
2010-11-23,3.7009999752044678,1.3086030467043344
2010-11-24,3.755500078201294,1.323221452967067
2010-11-26,3.750999927520752,1.3220224517771033
2010-11-29,3.757999897003174,1.323886873583922
2010-11-30,3.822999954223633,1.341035442740337
2010-12-01,3.946000099182129,1.372702432735276
2010-12-02,3.9769999980926514,1.3805277657459587
2010-12-03,3.994999885559082,1.3850435505722005
2010-12-06,4.004000186920166,1.3872939081363311
2010-12-07,4.044000148773193,1.3972343379468477
2010-12-08,4.0945000648498535,1.4096446255663897
2010-12-09,4.081500053405762,1.4064645809941103
2010-12-10,4.105000019073486,1.412205747550795
2010-12-13,4.19950008392334,1.4349654905676712
2010-12-14,4.201499938964844,1.435441589859144
2010-12-15,4.126500129699707,1.4174296214815252
2010-12-16,4.110499858856201,1.4135446412726709
2010-12-17,4.1529998779296875,1.423830935255331
2010-12-20,4.200500011444092,1.4352035685472242
2010-12-21,4.270500183105469,1.451730959280886
2010-12-22,4.269000053405762,1.4513796202859588
2010-12-23,4.251999855041504,1.4473894263878626
2010-12-27,4.275000095367432,1.4527841246968944
2010-12-28,4.323999881744385,1.4641808724282992
2010-12-29,4.309000015258789,1.4607058621748448
2010-12-30,4.356500148773193,1.4716690168389097
2010-12-31,4.439499855041504,1.4905417248382569
2011-01-03,4.451499938964844,1.493241104320445
2011-01-04,4.363500118255615,1.4732745147223207
2011-01-05,4.401500225067139,1.4819454430530128
2011-01-06,4.321000099182129,1.4634868799033087
2011-01-07,4.272500038146973,1.4521991449360987
2011-01-10,4.254499912261963,1.4479772256850663
2011-01-11,4.339000225067139,1.4676439586869519
2011-01-12,4.4019999504089355,1.482058971838694
2011-01-13,4.367000102996826,1.4740762980886826
2011-01-14,4.403500080108643,1.4823996974554157
2011-01-18,4.418499946594238,1.4858002598890685
2011-01-19,4.360000133514404,1.4724720879835123
2011-01-20,4.262499809265137,1.4498557978624522
2011-01-21,4.300000190734863,1.4586150670564606
2011-01-24,4.3414998054504395,1.468219865706962
2011-01-25,4.218999862670898,1.4395981005920466
2011-01-26,4.260499954223633,1.4493865135415085
2011-01-27,4.330999851226807,1.465798427881717
2011-01-28,4.365499973297119,1.4737327241519274
2011-01-31,4.451000213623047,1.49312883802811
2011-02-01,4.539999961853027,1.5129270036508398
2011-02-02,4.533999919891357,1.5116045344169113
2011-02-03,4.534999847412109,1.511825049920376
2011-02-04,4.571000099182129,1.519732021047732
2011-02-07,4.567500114440918,1.5189660343255074
2011-02-08,4.567999839782715,1.519075437279872
2011-02-09,4.519499778747559,1.5084013193012569
2011-02-10,4.5370001792907715,1.5122660401992982
2011-02-11,4.531000137329102,1.510942695993785
2011-02-14,4.623000144958496,1.5310438763620247
2011-02-15,4.531499862670898,1.5110529802072588
2011-02-16,4.466000080108643,1.496493171355414
2011-02-17,4.480000019073486,1.4996230506843684
2011-02-18,4.478499889373779,1.4992881442314892
2011-02-22,4.3454999923706055,1.4691408251396776
2011-02-23,4.273499965667725,1.452433155590175
2011-02-24,4.326499938964844,1.4647588869573742
2011-02-25,4.435999870300293,1.489753040250134
2011-02-28,4.478000164031982,1.4991765548071971
2011-03-01,4.490499973297119,1.50196404818234
2011-03-02,4.480000019073486,1.4996230506843684
2011-03-03,4.474999904632568,1.4985063304156605
2011-03-04,4.4720001220703125,1.4978357631493793
2011-03-07,4.313000202178955,1.4616337645423465
2011-03-08,4.324999809265137,1.4644120962832952
2011-03-09,4.19950008392334,1.4349654905676712
2011-03-10,4.184500217437744,1.4313872744534488
2011-03-11,4.195000171661377,1.43389338083964
2011-03-14,4.173500061035156,1.4287550269331075
2011-03-15,4.125,1.4170660197866443
2011-03-16,4.186999797821045,1.431984438749698
2011-03-17,4.335999965667725,1.4669522562193849
2011-03-18,4.329500198364258,1.4654521077226152
2011-03-21,4.2754998207092285,1.4529010126794148
2011-03-22,4.303500175476074,1.4594286858825916
2011-03-23,4.418499946594238,1.4858002598890685
2011-03-24,4.414000034332275,1.4847813156125862
2011-03-25,4.4085001945495605,1.4835345396755006
2011-03-28,4.3404998779296875,1.467989520726165
2011-03-29,4.337500095367432,1.4672981672597052
2011-03-30,4.265999794006348,1.4506765717618506
2011-03-31,4.300000190734863,1.4586150670564606
2011-04-01,4.251500129699707,1.4472718923505208
2011-04-04,4.246500015258789,1.4460951178311894
2011-04-05,4.257999897003174,1.4487995422822724
2011-04-06,4.363500118255615,1.4732745147223207
2011-04-07,4.408999919891357,1.4836478882064552
2011-04-08,4.494999885559082,1.5029656424639797
2011-04-11,4.453499794006348,1.4936902576354574
2011-04-12,4.377500057220459,1.4764777982493624
2011-04-13,4.28849983215332,1.4559369823095534
2011-04-14,4.2795000076293945,1.4538361821223045
2011-04-15,4.252999782562256,1.4476245651457618
2011-04-18,4.193999767303467,1.4336548769965285
2011-04-19,4.224999904632568,1.4410192382369638
2011-04-20,4.33650016784668,1.467067609847937
2011-04-21,4.3979997634887695,1.4811498383555715
2011-04-25,4.301000118255615,1.4588475812965105
2011-04-26,4.31850004196167,1.4629081294549264
2011-04-27,4.228499889373779,1.4418472940780913
2011-04-28,4.244999885559082,1.445741792804319
2011-04-29,4.165500164031982,1.426836355811528
2011-05-02,4.182499885559082,1.4309091265169964
2011-05-03,4.239999771118164,1.4445632152622998
2011-05-04,4.120500087738037,1.415974536514357
2011-05-05,3.9855000972747803,1.3826627992930116
2011-05-06,3.9635000228881836,1.3771274790698138
2011-05-09,4.004000186920166,1.3872939081363311
2011-05-10,4.0295000076293945,1.3936423006758138
2011-05-11,3.9019999504089355,1.3614892294917793
2011-05-12,3.9605000019073486,1.3763702804037903
2011-05-13,3.9749999046325684,1.3800247241144883
2011-05-16,3.9830000400543213,1.3820353142558268
2011-05-17,3.990999937057495,1.3840418102954855
2011-05-18,4.0995001792907715,1.4108650587888845
2011-05-19,4.046999931335449,1.3979758489269503
2011-05-20,4.11899995803833,1.4156104052665996
2011-05-23,3.990000009536743,1.3837912332919333
2011-05-24,4.012499809265137,1.3894144409209648
2011-05-25,4.1020002365112305,1.4114747173077276
2011-05-26,4.10699987411499,1.4126928043230917
2011-05-27,4.179500102996826,1.4301916468004103
2011-05-31,4.173500061035156,1.4287550269331075
2011-06-01,4.103000164031982,1.4117184534385963
2011-06-02,4.08050012588501,1.4062195607775485
2011-06-03,4.130000114440918,1.4182774346826064
2011-06-06,4.13700008392334,1.4199709077653124
2011-06-07,4.144499778747559,1.4217821006648506
2011-06-08,4.105000019073486,1.412205747550795
2011-06-09,4.103499889373779,1.4118402411286377
2011-06-10,4.052000045776367,1.3992105976836646
2011-06-13,4.0304999351501465,1.3938904216517396
2011-06-14,4.1539998054504395,1.4240716786196488
2011-06-15,4.121500015258789,1.4162171784733868
2011-06-16,4.117499828338623,1.415246141378977
2011-06-17,4.103000164031982,1.4117184534385963
2011-06-20,4.074999809265137,1.4048706998867235
2011-06-21,4.0894999504089355,1.4084227010664545
2011-06-22,4.090000152587891,1.4085450073622623
2011-06-23,4.040999889373779,1.3964921587203847
2011-06-24,4.098499774932861,1.410620998196432
2011-06-27,4.051499843597412,1.3990871443150168
2011-06-28,4.0920000076293945,1.409033849953846
2011-06-29,4.209499835968018,1.4373438368284868
2011-06-30,4.271999835968018,1.4520820632608933
2011-07-01,4.291999816894531,1.4567527821064128
2011-07-05,4.339000225067139,1.4676439586869519
2011-07-06,4.326499938964844,1.4647588869573742
2011-07-07,4.432000160217285,1.4888509855950915
2011-07-08,4.402500152587891,1.4821725960475969
2011-07-11,4.358500003814697,1.4721279623447254
2011-07-12,4.381499767303467,1.4773910784048925
2011-07-13,4.394499778747559,1.4803537086749814
2011-07-14,4.372000217437744,1.4752206200484501
2011-07-15,4.40500020980835,1.482740307017733
2011-07-18,4.395999908447266,1.480695015715002
2011-07-19,4.4604997634887695,1.4952608143482202
2011-07-20,4.428500175476074,1.4880609658917685
2011-07-21,4.377500057220459,1.4764777982493624
2011-07-22,4.4045000076293945,1.482626747299895
2011-07-25,4.401500225067139,1.4819454430530128
2011-07-26,4.473999977111816,1.4982828579521168
2011-07-27,4.440499782562256,1.49076693374947
2011-07-28,4.4644999504089355,1.4961572148672688
2011-07-29,4.473999977111816,1.4982828579521168
2011-08-01,4.4039998054504395,1.482513174684783
2011-08-02,4.388999938964844,1.4791013967997044
2011-08-03,4.320000171661377,1.463255441992448
2011-08-04,4.230999946594238,1.4424383591154388
2011-08-05,4.11299991607666,1.4141526688438764
2011-08-08,3.9574999809265137,1.3756125079534505
2011-08-09,3.9670000076293945,1.3780101434554082
2011-08-10,3.885499954223633,1.3572516638858274
2011-08-11,4.004499912261963,1.387418706871739
2011-08-12,4.009500026702881,1.3886665519248493
2011-08-15,4.031499862670898,1.394138481078918
2011-08-16,3.99399995803833,1.3847932244874466
2011-08-17,4.0289998054504395,1.3935181579219018
2011-08-18,3.9644999504089355,1.377379731221535
2011-08-19,3.9825000762939453,1.3819097819593658
2011-08-22,3.9560000896453857,1.3752334364210785
2011-08-23,3.994499921798706,1.384918395362717
2011-08-24,3.996999979019165,1.385544074480041
2011-08-25,4.078999996185303,1.4058518594002174
2011-08-26,4.098999977111816,1.4107430359383548
2011-08-29,4.089000225067139,1.4083004964246018
2011-08-30,4.123000144958496,1.4165810888832624
2011-08-31,4.186999797821045,1.431984438749698
2011-09-01,4.142499923706055,1.4212994519012132
2011-09-02,4.10699987411499,1.4126928043230917
2011-09-06,4.0395002365112305,1.3961209804872545
2011-09-07,4.115499973297119,1.4147603269421931
2011-09-08,4.127999782562256,1.4177929755053882
2011-09-09,3.987499952316284,1.3831644561526641
2011-09-12,3.950500011444092,1.3738421560775227
2011-09-13,3.9560000896453857,1.3752334364210785
2011-09-14,3.884999990463257,1.3571229813648507
2011-09-15,3.944999933242798,1.3724489373758597
2011-09-16,3.9200000762939453,1.366091673265112
2011-09-19,3.7715001106262207,1.3274728296437026
2011-09-20,3.7165000438690186,1.3127823769870637
2011-09-21,3.753499984741211,1.3226887339657039
2011-09-22,3.4804999828338623,1.2471759566944944
2011-09-23,3.2720000743865967,1.1854014414747902
2011-09-26,3.2750000953674316,1.1863178982070413
2011-09-27,3.429500102996826,1.2324145079898456
2011-09-28,3.2360000610351562,1.1743380180575418
2011-09-29,3.236999988555908,1.1746469714087067
2011-09-30,3.1449999809265137,1.1458138840877024
2011-10-03,3.140000104904175,1.1442228333291342
2011-10-04,3.0945000648498535,1.1296263631537673
2011-10-05,3.0975000858306885,1.1305953622308254
2011-10-06,3.239000082015991,1.1752646655105847
2011-10-07,3.2664999961853027,1.1837190741308439
2011-10-10,3.361999988555908,1.2125360315824703
2011-10-11,3.2874999046325684,1.1901273684947777
2011-10-12,3.390500068664551,1.2209774233938022
2011-10-13,3.302500009536743,1.1946797603020778
2011-10-14,3.4049999713897705,1.2252449311990588
2011-10-17,3.373500108718872,1.2159508133126649
2011-10-18,3.3554999828338623,1.2106007855003358
2011-10-19,3.253999948501587,1.1798849929706587
2011-10-20,3.054500102996826,1.1166159468273849
2011-10-21,3.2190001010894775,1.169070783720671
2011-10-24,3.447000026702881,1.23750429528143
2011-10-25,3.4189999103546143,1.2293480844373963
2011-10-26,3.48799991607666,1.2493284819861423
2011-10-27,3.688999891281128,1.3053553891434424
2011-10-28,3.7019999027252197,1.3088731878750277
2011-10-31,3.628999948501587,1.2889571140401332
2011-11-01,3.498500108718872,1.252334336279667
2011-11-02,3.5785000324249268,1.2749437272575537
2011-11-03,3.5845000743865967,1.2766190150630834
2011-11-04,3.562999963760376,1.2706028764526005
2011-11-07,3.5329999923706055,1.2621473662175418
2011-11-08,3.5320000648498535,1.261864301102374
2011-11-09,3.438999891281128,1.2351806998366155
2011-11-10,3.372499942779541,1.2156542921329958
2011-11-11,3.4619998931884766,1.2418464259014683
2011-11-14,3.4855000972747803,1.2486115338527308
2011-11-15,3.499000072479248,1.2524772340998258
2011-11-16,3.4820001125335693,1.2476068736646555
2011-11-17,3.381999969482422,1.2184672414528586
2011-11-18,3.4019999504089355,1.2243634793966374
2011-11-21,3.2990000247955322,1.1936193997625195
2011-11-22,3.3304998874664307,1.2031224090823052
2011-11-23,3.2774999141693115,1.1870809104678643
2011-11-25,3.2679998874664307,1.184178142562759
2011-11-28,3.3585000038146973,1.2114944468606157
2011-11-29,3.375999927520752,1.2166915552647388
2011-11-30,3.562999963760376,1.2706028764526005
2011-12-01,3.5220000743865967,1.2590290311945698
2011-12-02,3.572499990463257,1.2732656281523982
2011-12-05,3.6040000915527344,1.2820443651491806
2011-12-06,3.565500020980835,1.2713043023706232
2011-12-07,3.5450000762939453,1.2655381815056548
2011-12-08,3.489500045776367,1.2497584725933861
2011-12-09,3.546999931335449,1.2661021564329984
2011-12-12,3.4544999599456787,1.239677717351888
2011-12-13,3.432499885559082,1.23328882531959
2011-12-14,3.2709999084472656,1.1850957205670278
2011-12-15,3.259500026702881,1.1815738175747812
2011-12-16,3.3239998817443848,1.2011688414169028
2011-12-19,3.3010001182556152,1.1942254886952344
2011-12-20,3.36299991607666,1.212833407803229
2011-12-21,3.3889999389648438,1.2205348746151305
2011-12-22,3.4089999198913574,1.226418969656604
2011-12-23,3.4635000228881836,1.2422796450889197
2011-12-27,3.4040000438690186,1.2249512235986184
2011-12-28,3.359999895095825,1.2119409427536318
2011-12-29,3.365499973297119,1.2135765325343324
2011-12-30,3.43149995803833,1.2329974711381768
2012-01-03,3.5250000953674316,1.259880463318822
2012-01-04,3.429500102996826,1.2324145079898456
2012-01-05,3.422499895095825,1.230371247529137
2012-01-06,3.430999994277954,1.232851762208564
2012-01-09,3.4124999046325684,1.2274451325645777
2012-01-10,3.509999990463257,1.2556160347607537
2012-01-11,3.5415000915527344,1.2645503920629402
2012-01-12,3.6440000534057617,1.293081994053519
2012-01-13,3.631999969482422,1.2897834523366298
2012-01-17,3.7260000705718994,1.3153352911197882
2012-01-18,3.746999979019165,1.3209555142121814
2012-01-19,3.797499895095825,1.3343429278632546
2012-01-20,3.740999937057495,1.3193529385409608
2012-01-23,3.7945001125335693,1.333552679518852
2012-01-24,3.803999900817871,1.3360531186100286
2012-01-25,3.825000047683716,1.3415584797448301
2012-01-26,3.8970000743865967,1.3602070454447415
2012-01-27,3.883500099182129,1.3567368344169308
2012-01-30,3.822000026702881,1.3407738528047064
2012-01-31,3.7874999046325684,1.3317061456559673
2012-02-01,3.8385000228881836,1.3450816712486098
2012-02-02,3.7769999504089355,1.32893003060057
2012-02-03,3.8970000743865967,1.3602070454447415
2012-02-06,3.8589999675750732,1.3504080741530649
2012-02-07,3.872499942779541,1.3539002785327836
2012-02-08,3.9059998989105225,1.3625138065739242
2012-02-09,3.9744999408721924,1.3798989391542387
2012-02-10,3.859499931335449,1.350537623616723
2012-02-13,3.8369998931884766,1.344690783427566
2012-02-14,3.811500072479248,1.3380228314621294
2012-02-15,3.7980000972747803,1.3344746380022003
2012-02-16,3.7880001068115234,1.3318382035211713
2012-02-17,3.7049999237060547,1.309683238155892
2012-02-21,3.8334999084472656,1.3437782001345282
2012-02-22,3.8299999237060547,1.3428647832724643
2012-02-23,3.804500102996826,1.3361846037068086
2012-02-24,3.862499952316284,1.3513146298785652
2012-02-27,3.880000114440918,1.3558351831302635
2012-02-28,3.9119999408721924,1.3640487370581005
2012-02-29,3.870500087738037,1.3533837203310295
2012-03-01,3.924499988555908,1.3672389516686676
2012-03-02,3.8954999446868896,1.359822026589543
2012-03-05,3.8524999618530273,1.3487222783102588
2012-03-06,3.7309999465942383,1.3166762799249596
2012-03-07,3.760499954223633,1.3245519151113736
2012-03-08,3.7860000133514404,1.3313100563136606
2012-03-09,3.8524999618530273,1.3487222783102588
2012-03-12,3.8315000534057617,1.343256385366926
2012-03-13,3.8965001106262207,1.360078742692655
2012-03-14,3.8420000076293945,1.3459930663321522
2012-03-15,3.8919999599456787,1.358923154032309
2012-03-16,3.874000072479248,1.3542875836939543
2012-03-19,3.9059998989105225,1.3625138065739242
2012-03-20,3.828000068664551,1.3423424915281557
2012-03-21,3.8494999408721924,1.3479432543761
2012-03-22,3.7674999237060547,1.3264116312679637
2012-03-23,3.809499979019165,1.3374979414234236
2012-03-26,3.885499954223633,1.3572516638858274
2012-03-27,3.878999948501587,1.3555773751816214
2012-03-28,3.7869999408721924,1.331574133306294
2012-03-29,3.7939999103546143,1.3334208478846235
2012-03-30,3.8239998817443848,1.341296964264569
2012-04-02,3.9184999465942383,1.365708913881648
2012-04-03,3.9154999256134033,1.3649430162108735
2012-04-04,3.7855000495910645,1.331177991661492
2012-04-05,3.7915000915527344,1.3327617433056904
2012-04-09,3.7160000801086426,1.3126478425093535
2012-04-10,3.6459999084472656,1.2936306511460118
2012-04-11,3.635999917984009,1.290884153758579
2012-04-12,3.7165000438690186,1.3127823769870637
2012-04-13,3.622999906539917,1.2873023861166155
2012-04-16,3.624000072479248,1.2875784081805253
2012-04-17,3.6440000534057617,1.293081994053519
2012-04-18,3.628000020980835,1.2886815380359207
2012-04-19,3.626499891281128,1.2882679658423217
2012-04-20,3.696000099182129,1.307251180614429
2012-04-23,3.622999906539917,1.2873023861166155
2012-04-24,3.6714999675750732,1.3006002890780077
2012-04-25,3.700500011444092,1.3084679487479638
2012-04-26,3.7679998874664307,1.3265443268485193
2012-04-27,3.819999933242798,1.3402504051427764
2012-04-30,3.8334999084472656,1.3437782001345282
2012-05-01,3.8399999141693115,1.3454723442478935
2012-05-02,3.7855000495910645,1.331177991661492
2012-05-03,3.7335000038146973,1.3173461325153677
2012-05-04,3.7239999771118164,1.3147983532686918
2012-05-07,3.7774999141693115,1.3290623924431986
2012-05-08,3.685499906539917,1.304406176288345
2012-05-09,3.6695001125335693,1.300055443670256
2012-05-10,3.691499948501587,1.3060328655665445
2012-05-11,3.6484999656677246,1.2943161148135678
2012-05-14,3.556999921798706,1.2689174709811355
2012-05-15,3.5220000743865967,1.2590290311945698
2012-05-16,3.484999895095825,1.2484680141108584
2012-05-17,3.4795000553131104,1.2468886211996235
2012-05-18,3.4695000648498535,1.2440105100488783
2012-05-21,3.503999948501587,1.2539051583771093
2012-05-22,3.487499952316284,1.249185133474734
2012-05-23,3.3980000019073486,1.2231870238110554
2012-05-24,3.428999900817871,1.2322686445562776
2012-05-25,3.447999954223633,1.237794339525238
2012-05-29,3.4635000228881836,1.2422796450889197
2012-05-30,3.3864998817443848,1.2197969047531056
2012-05-31,3.362499952316284,1.2126847307469266
2012-06-01,3.309999942779541,1.1969481721018236
2012-06-04,3.303999900817871,1.195133825639927
2012-06-05,3.2885000705718994,1.190431555219478
2012-06-06,3.378999948501587,1.217579792491427
2012-06-07,3.369499921798706,1.2147643421955592
2012-06-08,3.2834999561309814,1.188909913288446
2012-06-11,3.3450000286102295,1.2074667021333245
2012-06-12,3.3340001106262207,1.2041728175098316
2012-06-13,3.3399999141693115,1.2059707812907978
2012-06-14,3.3540000915527344,1.2101536906975983
2012-06-15,3.384999990463257,1.2193539035468843
2012-06-18,3.3959999084472656,1.2225982414901093
2012-06-19,3.432499885559082,1.23328882531959
2012-06-20,3.3864998817443848,1.2197969047531056
2012-06-21,3.2950000762939453,1.19240619110893
2012-06-22,3.305000066757202,1.1954364935025004
2012-06-25,3.313999891281128,1.1981558861984345
2012-06-26,3.315500020980835,1.198608448154891
2012-06-27,3.3464999198913574,1.207914999620522
2012-06-28,3.3259999752044678,1.201770373315675
2012-06-29,3.490000009536743,1.249901738946927
2012-07-02,3.4649999141693115,1.2427126078711048
2012-07-03,3.5344998836517334,1.2625718137109856
2012-07-05,3.48799991607666,1.2493284819861423
2012-07-06,3.4045000076293945,1.2250980881818578
2012-07-09,3.4260001182556152,1.2313934344190365
2012-07-10,3.3929998874664307,1.2217144526357002
2012-07-11,3.443000078201294,1.2363432070695128
2012-07-12,3.4114999771118164,1.2271520705642152
2012-07-13,3.500499963760376,1.2529058050824158
2012-07-16,3.4809999465942383,1.2473195934872272
2012-07-17,3.453000068664551,1.2392434382933317
2012-07-18,3.4730000495910645,1.2450187880409649
2012-07-19,3.5339999198913574,1.262430351229524
2012-07-20,3.448499917984009,1.237939330106117
2012-07-23,3.381500005722046,1.2183193997250197
2012-07-24,3.3529999256134033,1.2098554452990042
2012-07-25,3.375,1.2163953243244932
2012-07-26,3.3940000534057617,1.2220091825473798
2012-07-27,3.4260001182556152,1.2313934344190365
2012-07-30,3.4149999618530273,1.2281774818523368
2012-07-31,3.4195001125335693,1.2294943744653768
2012-08-01,3.376499891281128,1.2168396378340705
2012-08-02,3.2925000190734863,1.1916471604283092
2012-08-03,3.371000051498413,1.2152094515288185
2012-08-06,3.3929998874664307,1.2217144526357002
2012-08-07,3.444999933242798,1.236923885087624
2012-08-08,3.427500009536743,1.231831135236752
2012-08-09,3.437000036239624,1.2345990084116665
2012-08-10,3.4089999198913574,1.226418969656604
2012-08-13,3.3585000038146973,1.2114944468606157
2012-08-14,3.359499931335449,1.2117921329391477
2012-08-15,3.3515000343322754,1.2094080170597288
2012-08-16,3.385999917984009,1.2196492594888548
2012-08-17,3.421999931335449,1.2302251554043817
2012-08-20,3.373500108718872,1.2159508133126649
2012-08-21,3.4565000534057617,1.2402565318540033
2012-08-22,3.4600000381469727,1.2412686000947695
2012-08-23,3.496000051498413,1.2516194725239562
2012-08-24,3.48799991607666,1.2493284819861423
2012-08-27,3.484499931335449,1.248324542190725
2012-08-28,3.4700000286102295,1.2441546022037906
2012-08-29,3.4625000953674316,1.241990899056397
2012-08-30,3.440500020980835,1.235616815758591
2012-08-31,3.4539999961853027,1.239532978620058
2012-09-04,3.4684998989105225,1.2437221946982056
2012-09-05,3.5320000648498535,1.261864301102374
2012-09-06,3.5234999656677246,1.259454804041141
2012-09-07,3.6559998989105225,1.2963696259416084
2012-09-10,3.700000047683716,1.3083328325376695
2012-09-11,3.7144999504089355,1.3122440662590535
2012-09-12,3.7100000381469727,1.3110318869015465
2012-09-13,3.7269999980926514,1.3156036199853562
2012-09-14,3.8515000343322754,1.3484626917248845
2012-09-17,3.809999942779541,1.3376291741201163
2012-09-18,3.802500009536743,1.33565874765933
2012-09-19,3.8289999961853027,1.342603671498893
2012-09-20,3.7725000381469727,1.3277379217717218
2012-09-21,3.803499937057495,1.3359216789066437
2012-09-24,3.745500087738037,1.32055514283072
2012-09-25,3.7734999656677246,1.3280029436445284
2012-09-26,3.7139999866485596,1.3121094593356188
2012-09-27,3.747999906539917,1.3212223394401874
2012-09-28,3.7730000019073486,1.3278704414876992
2012-10-01,3.7929999828338623,1.3331572581810203
2012-10-02,3.806999921798706,1.3368414568589118
2012-10-03,3.7939999103546143,1.3334208478846235
2012-10-04,3.7939999103546143,1.3334208478846235
2012-10-05,3.7860000133514404,1.3313100563136606
2012-10-08,3.7269999980926514,1.3156036199853562
2012-10-09,3.7290000915527344,1.3161401257482346
2012-10-10,3.7290000915527344,1.3161401257482346
2012-10-11,3.759000062942505,1.324152981326522
2012-10-12,3.7144999504089355,1.3122440662590535
2012-10-15,3.7114999294281006,1.311436088561077
2012-10-16,3.7079999446868896,1.3104926327863728
2012-10-17,3.752500057220459,1.322422299774103
2012-10-18,3.746999979019165,1.3209555142121814
2012-10-19,3.6484999656677246,1.2943161148135678
2012-10-22,3.625499963760376,1.2879921998337514
2012-10-23,3.5759999752044678,1.274244850377394
2012-10-24,3.5759999752044678,1.274244850377394
2012-10-25,3.564500093460083,1.271023817795235
2012-10-26,3.563499927520752,1.2707431876204454
2012-10-31,3.5269999504089355,1.2604476371935054
2012-11-01,3.555000066757202,1.2683550820336011
2012-11-02,3.4830000400543213,1.2478940028838128
2012-11-05,3.4704999923706055,1.2442986735991453
2012-11-06,3.50600004196167,1.2544757984675738
2012-11-07,3.443000078201294,1.2363432070695128
2012-11-08,3.4704999923706055,1.2442986735991453
2012-11-09,3.44950008392334,1.2382293173331578
2012-11-12,3.4730000495910645,1.2450187880409649
2012-11-13,3.4730000495910645,1.2450187880409649
2012-11-14,3.4554998874664307,1.2399671319828032
2012-11-15,3.4644999504089355,1.2425683077712377
2012-11-16,3.4535000324249268,1.239388218935895
2012-11-19,3.5274999141693115,1.2605893804129569
2012-11-20,3.515000104904175,1.2570395551073432
2012-11-21,3.496000051498413,1.2516194725239562
2012-11-23,3.5274999141693115,1.2605893804129569
2012-11-26,3.5360000133514404,1.2629961485512569
2012-11-27,3.5364999771118164,1.2631375310219202
2012-11-28,3.5220000743865967,1.2590290311945698
2012-11-29,3.5885000228881836,1.2777342942661931
2012-11-30,3.629499912261963,1.28909487356917
2012-12-03,3.640000104904175,1.291983710468477
2012-12-04,3.633500099182129,1.2901963983711346
2012-12-05,3.6670000553131104,1.2993739041732113
2012-12-06,3.627000093460083,1.28840588606864
2012-12-07,3.6475000381469727,1.2940420118731923
2012-12-10,3.690500020980835,1.3057619559130627
2012-12-11,3.6710000038146973,1.300464105553841
2012-12-12,3.700000047683716,1.3083328325376695
2012-12-13,3.6445000171661377,1.2932191865502796
2012-12-14,3.6649999618530273,1.2988283249301638
2012-12-17,3.6489999294281006,1.2944531381142448
2012-12-18,3.6364998817443848,1.2910216480933832
2012-12-19,3.5950000286102295,1.2795439991313493
2012-12-20,3.5250000953674316,1.259880463318822
2012-12-21,3.555500030517578,1.2684957089246385
2012-12-24,3.5339999198913574,1.262430351229524
2012-12-26,3.5829999446868896,1.2762004228851638
2012-12-27,3.5899999141693115,1.2781521785919174
2012-12-28,3.577500104904175,1.2746642617717878
2012-12-31,3.6410000324249268,1.2922583780987966
2013-01-02,3.7244999408721924,1.3149325987588258
2013-01-03,3.7014999389648438,1.3087381264117126
2013-01-04,3.678499937057495,1.3025050432792658
2013-01-07,3.6630001068115234,1.2982825129562519
2013-01-08,3.6570000648498535,1.2966431569003185
2013-01-09,3.6565001010894775,1.2965064333753822
2013-01-10,3.694499969482422,1.3068452189862922
2013-01-11,3.6394999027252197,1.2918462828486632
2013-01-14,3.619499921798706,1.2863358731455072
2013-01-15,3.622999906539917,1.2873023861166155
2013-01-16,3.5910000801086426,1.2784307375521167
2013-01-17,3.6470000743865967,1.2939049322231968
2013-01-18,3.6635000705718994,1.2984189938813997
2013-01-22,3.690999984741211,1.3058974199138087
2013-01-23,3.6710000038146973,1.300464105553841
2013-01-24,3.6644999980926514,1.2986918998632742
2013-01-25,3.6394999027252197,1.2918462828486632
2013-01-28,3.6489999294281006,1.2944531381142448
2013-01-29,3.677500009536743,1.3022331760867236
2013-01-30,3.740000009536743,1.3190856139763718
2013-01-31,3.7235000133514404,1.3146640897542865
2013-02-01,3.7755000591278076,1.3285328399222642
2013-02-04,3.758500099182129,1.3240199680241393
2013-02-05,3.7614998817443848,1.3248177825797192
2013-02-06,3.7335000038146973,1.3173461325153677
2013-02-07,3.7200000286102295,1.3137236759759772
2013-02-08,3.753499984741211,1.3226887339657039
2013-02-11,3.7179999351501465,1.3131858718571183
2013-02-12,3.7365000247955322,1.3181493510242395
2013-02-13,3.7339999675750732,1.3174800364358332
2013-02-14,3.7300000190734863,1.3164082387692593
2013-02-15,3.7309999465942383,1.3166762799249596
2013-02-19,3.6445000171661377,1.2932191865502796
2013-02-20,3.6054999828338623,1.2824604526135794
2013-02-21,3.55049991607666,1.2670884150029627
2013-02-22,3.5299999713897705,1.2612978628403244
2013-02-25,3.5409998893737793,1.2644091418882466
2013-02-26,3.566499948501587,1.2715847082964735
2013-02-27,3.5450000762939453,1.2655381815056548
2013-02-28,3.5274999141693115,1.2605893804129569
2013-03-01,3.4814999103546143,1.2474632096513945
2013-03-04,3.4830000400543213,1.2478940028838128
2013-03-05,3.496500015258789,1.2517624725258025
2013-03-06,3.4739999771118164,1.2453066612304895
2013-03-07,3.501499891281128,1.253191417064207
2013-03-08,3.491499900817871,1.2503314148972136
2013-03-11,3.5,1.252762968495368
2013-03-12,3.5380001068115234,1.2635616259273963
2013-03-13,3.509500026702881,1.2554735847970813
2013-03-14,3.5234999656677246,1.259454804041141
2013-03-15,3.507999897003174,1.2550460451493815
2013-03-18,3.4170000553131104,1.2287629893207783
2013-03-19,3.3954999446868896,1.2224510092815866
2013-03-20,3.435499906539917,1.2341624482847775
2013-03-21,3.4230000972747803,1.230517387966038
2013-03-22,3.4539999961853027,1.239532978620058
2013-03-25,3.434999942779541,1.2340169090162458
2013-03-26,3.432499885559082,1.23328882531959
2013-03-27,3.434999942779541,1.2340169090162458
2013-03-28,3.3949999809265137,1.2223037553925487
2013-04-01,3.367500066757202,1.2141706491263469
2013-04-02,3.371999979019165,1.2155060339175345
2013-04-03,3.325500011444092,1.2016200421836534
2013-04-04,3.3454999923706055,1.20761615696024
2013-04-05,3.3399999141693115,1.2059707812907978
2013-04-08,3.368000030517578,1.2143191054411189
2013-04-09,3.437999963760376,1.2348898964197546
2013-04-10,3.4140000343322754,1.2278846344285685
2013-04-11,3.427999973297119,1.2319769929458948
2013-04-12,3.3489999771118164,1.2086617869777339
2013-04-15,3.2799999713897705,1.1878434136734213
2013-04-16,3.30649995803833,1.195890215441919
2013-04-17,3.187999963760376,1.1593937495604578
2013-04-18,3.2044999599456787,1.1645560594627462
2013-04-19,3.1514999866485596,1.1478785257344926
2013-04-22,3.131999969482422,1.1416717683847577
2013-04-23,3.0940001010894775,1.1294647848236203
2013-04-24,3.1579999923706055,1.149938913417556
2013-04-25,3.23799991607666,1.1749558293371787
2013-04-26,3.184999942779541,1.1584522710585192
2013-04-29,3.2255001068115234,1.1710880101048768
2013-04-30,3.1875,1.1592369104845446
2013-05-01,3.0824999809265137,1.1257409498686943
2013-05-02,3.1045000553131104,1.1328526896398856
2013-05-03,3.313499927520752,1.19800501067222
2013-05-06,3.309999942779541,1.1969481721018236
2013-05-07,3.30049991607666,1.1940739467192256
2013-05-08,3.371000051498413,1.2152094515288185
2013-05-09,3.3415000438690186,1.2064198210975283
2013-05-10,3.3559999465942383,1.210749772691443
2013-05-13,3.361999988555908,1.2125360315824703
2013-05-14,3.2904999256134033,1.1910395063075643
2013-05-15,3.2669999599456787,1.183872120358657
2013-05-16,3.2920000553131104,1.1914952996171047
2013-05-17,3.321000099182129,1.2002659722597488
2013-05-20,3.3570001125335693,1.2110477515199614
2013-05-21,3.3389999866485596,1.205671356962883
2013-05-22,3.377500057220459,1.2171358077938774
2013-05-23,3.299499988555908,1.1937709383729072
2013-05-24,3.2915000915527344,1.1913434157406912
2013-05-28,3.311500072479248,1.197401280830032
2013-05-29,3.2909998893737793,1.1911914363464284
2013-05-30,3.310499906539917,1.1970992071513533
2013-05-31,3.2890000343322754,1.1905835776454348
2013-06-03,3.3269999027252197,1.202070967798353
2013-06-04,3.365000009536743,1.21342796593079
2013-06-05,3.367000102996826,1.2140221707690249
2013-06-06,3.315999984741211,1.1987592326714838
2013-06-07,3.2660000324249268,1.1835660044762975
2013-06-10,3.239000082015991,1.1752646655105847
2013-06-11,3.193000078201294,1.1609609382241242
2013-06-12,3.2249999046325684,1.1709329206764387
2013-06-13,3.184999942779541,1.1584522710585192
2013-06-14,3.2044999599456787,1.1645560594627462
2013-06-17,3.2019999027252197,1.1637755841951407
2013-06-18,3.1570000648498535,1.1496222301174615
2013-06-19,3.1435000896453857,1.145336857358677
2013-06-20,3.061500072479248,1.1189050156102955
2013-06-21,3.0964999198913574,1.1302724155252717
2013-06-24,3.0260000228881836,1.1072416229300055
2013-06-25,3.071000099182129,1.1220032737550472
2013-06-26,3.0409998893737793,1.1121863723169894
2013-06-27,3.052500009536743,1.1159609301269628
2013-06-28,3.05049991607666,1.1153054840984307
2013-07-01,3.1549999713897705,1.1489884869249578
2013-07-02,3.1419999599456787,1.1448595270853958
2013-07-03,3.1740000247955322,1.1549926299162943
2013-07-05,3.0799999237060547,1.1249295722147212
2013-07-08,3.1115000247955322,1.1351049329961318
2013-07-09,3.0759999752044678,1.1236300435824313
2013-07-10,3.1010000705718994,1.1317246628760993
2013-07-11,3.183500051498413,1.1579812366516078
2013-07-12,3.1705000400543213,1.153889316791389
2013-07-15,3.1610000133514404,1.1508884374572834
2013-07-16,3.19950008392334,1.1629945738275198
2013-07-17,3.140500068664551,1.1443820447765078
2013-07-18,3.1424999237060547,1.14501863720416
2013-07-19,3.1500000953674316,1.1474024831129164
2013-07-22,3.189500093460083,1.1598641940022971
2013-07-23,3.197999954223633,1.1625256000977013
2013-07-24,3.18149995803833,1.1573527705014373
2013-07-25,3.188499927520752,1.1595505640417327
2013-07-26,3.1089999675750732,1.1343011206472418
2013-07-29,3.116499900817871,1.1367105454419228
2013-07-30,3.0409998893737793,1.1121863723169894
2013-07-31,3.118499994277954,1.137352115149169
2013-08-01,3.1640000343322754,1.1518370607563162
2013-08-02,3.1695001125335693,1.1535738822472323
2013-08-05,3.1670000553131104,1.1527847850219621
2013-08-06,3.171999931335449,1.1543622821255173
2013-08-07,3.177500009536743,1.1560947270828075
2013-08-08,3.2704999446868896,1.184942861506392
2013-08-09,3.308500051498413,1.1964949300354637
2013-08-12,3.30649995803833,1.195890215441919
2013-08-13,3.31850004196167,1.1995128862486126
2013-08-14,3.3405001163482666,1.2061205312129908
2013-08-15,3.3380000591278076,1.2053718429531866
2013-08-16,3.364500045776367,1.2132793772519324
2013-08-19,3.3364999294281006,1.204922332210048
2013-08-20,3.3394999504089355,1.2058210803337064
2013-08-21,3.311500072479248,1.197401280830032
2013-08-22,3.3329999446868896,1.2038727827300097
2013-08-23,3.3519999980926514,1.2095571820508184
2013-08-26,3.322000026702881,1.2005670192292972
2013-08-27,3.3324999809265137,1.20372276734725
2013-08-28,3.306999921798706,1.1960414103524544
2013-08-29,3.24399995803833,1.176807123318003
2013-08-30,3.2249999046325684,1.1709329206764387
2013-09-03,3.2964999675750732,1.1928612897350495
2013-09-04,3.2365000247955322,1.1744925066646459
2013-09-05,3.240999937057495,1.1758819047387052
2013-09-06,3.257999897003174,1.1811134785663395
2013-09-09,3.2755000591278076,1.1864705472413302
2013-09-10,3.2614998817443848,1.1821871759959675
2013-09-11,3.256500005722046,1.1806530007614344
2013-09-12,3.2125000953674316,1.1670494799076978
2013-09-13,3.2070000171661377,1.1653359260637268
2013-09-16,3.2269999980926514,1.1715529124787654
2013-09-17,3.2279999256134033,1.1718627273635271
2013-09-18,3.2834999561309814,1.188909913288446
2013-09-19,3.3499999046325684,1.2089603173690846
2013-09-20,3.327500104904175,1.2022213028135529
2013-09-23,3.308000087738037,1.1963438036844303
2013-09-24,3.265500068664551,1.1834129113878447
2013-09-25,3.2804999351501465,1.1879958300345117
2013-09-26,3.303999900817871,1.195133825639927
2013-09-27,3.325500011444092,1.2016200421836534
2013-09-30,3.321000099182129,1.2002659722597488
2013-10-01,3.2720000743865967,1.1854014414747902
2013-10-02,3.311500072479248,1.197401280830032
2013-10-03,3.26200008392334,1.1823405299263938
2013-10-04,3.2934999465942383,1.1919508128831067
2013-10-07,3.2894999980926514,1.1907355769640862
2013-10-08,3.2820000648498535,1.1884530124271475
2013-10-09,3.2214999198913574,1.1698470647296833
2013-10-10,3.240999937057495,1.1758819047387052
2013-10-11,3.265000104904175,1.1832597948583097
2013-10-14,3.299999952316284,1.1939224540228235
2013-10-15,3.303999900817871,1.195133825639927
2013-10-16,3.30049991607666,1.1940739467192256
2013-10-17,3.2890000343322754,1.1905835776454348
2013-10-18,3.2929999828338623,1.1917989981813095
2013-10-21,3.2960000038146973,1.1927096132045971
2013-10-22,3.3285000324249268,1.2025217618002246
2013-10-23,3.2664999961853027,1.1837190741308439
2013-10-24,3.260999917984009,1.1820338716566172
2013-10-25,3.265500068664551,1.1834129113878447
2013-10-28,3.260999917984009,1.1820338716566172
2013-10-29,3.2755000591278076,1.1864705472413302
2013-10-30,3.320499897003174,1.2001153429801619
2013-10-31,3.2945001125335693,1.1922544455297486
2013-11-01,3.2934999465942383,1.1919508128831067
2013-11-04,3.247499942779541,1.1778854519427686
2013-11-05,3.252500057220459,1.1794239489972853
2013-11-06,3.234999895095825,1.1740288955249887
2013-11-07,3.249000072479248,1.1783472789951341
2013-11-08,3.253000020980835,1.1795776539409024
2013-11-11,3.26200008392334,1.1823405299263938
2013-11-12,3.2365000247955322,1.1744925066646459
2013-11-13,3.1640000343322754,1.1518370607563162
2013-11-14,3.1610000133514404,1.1508884374572834
2013-11-15,3.1730000972747803,1.1546775432580956
2013-11-18,3.1535000801086426,1.148512972524658
2013-11-19,3.1619999408721924,1.1512047200877837
2013-11-20,3.1614999771118164,1.1510465912768713
2013-11-21,3.197499990463257,1.1623692514882984
2013-11-22,3.2265000343322754,1.171397969034475
2013-11-25,3.239000082015991,1.1752646655105847
2013-11-26,3.2290000915527344,1.1721725201294158
2013-11-27,3.200500011444092,1.163307051175641
2013-11-29,3.2304999828338623,1.172636918702312
2013-12-02,3.2174999713897705,1.1686046515960764
2013-12-03,3.2009999752044678,1.1634632532415428
2013-12-04,3.2715001106262207,1.1852486291427928
2013-12-05,3.2614998817443848,1.1821871759959675
2013-12-06,3.2695000171661377,1.1846370732695797
2013-12-09,3.2955000400543213,1.1925579136648845
2013-12-10,3.301500082015991,1.1943769354945275
2013-12-11,3.3315000534057617,1.203422669051
2013-12-12,3.3320000171661377,1.2035727294564984
2013-12-13,3.3519999980926514,1.2095571820508184
2013-12-16,3.375999927520752,1.2166915552647388
2013-12-17,3.367000102996826,1.2140221707690249
2013-12-18,3.3610000610351562,1.2122385669027889
2013-12-19,3.3405001163482666,1.2061205312129908
2013-12-20,3.3480000495910645,1.2083631674393747
2013-12-23,3.3505001068115234,1.2091096203103666
2013-12-24,3.4175000190734863,1.2289092951970901
2013-12-26,3.44950008392334,1.2382293173331578
2013-12-27,3.4700000286102295,1.2441546022037906
2013-12-30,3.4205000400543213,1.2297867509289935
2013-12-31,3.441499948501587,1.2359074078923378
2014-01-02,3.43149995803833,1.2329974711381768
2014-01-03,3.4059998989105225,1.225538552560673
2014-01-06,3.4119999408721924,1.2272986123000633
2014-01-07,3.4110000133514404,1.2270055073507393
2014-01-08,3.3935000896453857,1.2218618635784682
2014-01-09,3.3540000915527344,1.2101536906975983
2014-01-10,3.38700008392334,1.2199445986137092
2014-01-13,3.4000000953674316,1.22377545967136
2014-01-14,3.388000011444092,1.220239780167639
2014-01-15,3.4065001010894775,1.2256854009070521
2014-01-16,3.3910000324249268,1.221124872705556
2014-01-17,3.378499984741211,1.2174318194936533
2014-01-21,3.3914999961853027,1.2212723002792154
2014-01-22,3.375,1.2163953243244932
2014-01-23,3.322499990463257,1.2007175087349118
2014-01-24,3.303999900817871,1.195133825639927
2014-01-27,3.2939999103546143,1.1921026045406984
2014-01-28,3.2855000495910645,1.1895188624497024
2014-01-29,3.2679998874664307,1.184178142562759
2014-01-30,3.23799991607666,1.1749558293371787
2014-01-31,3.2204999923706055,1.169536624635799
2014-02-03,3.19950008392334,1.1629945738275198
2014-02-04,3.2170000076293945,1.168449250628476
2014-02-05,3.2144999504089355,1.1676718091723015
2014-02-06,3.259000062942505,1.1814204191688655
2014-02-07,3.2709999084472656,1.1850957205670278
2014-02-10,3.2720000743865967,1.1854014414747902
2014-02-11,3.2699999809265137,1.1847899790762915
2014-02-12,3.315500020980835,1.198608448154891
2014-02-13,3.306999921798706,1.1960414103524544
2014-02-14,3.320499897003174,1.2001153429801619
2014-02-18,3.3405001163482666,1.2061205312129908
2014-02-19,3.3355000019073486,1.204622593739266
2014-02-20,3.3239998817443848,1.2011688414169028
2014-02-21,3.3359999656677246,1.2047724742050507
2014-02-24,3.3589999675750732,1.211643300977007
2014-02-25,3.3380000591278076,1.2053718429531866
2014-02-26,3.2695000171661377,1.1846370732695797
2014-02-27,3.2365000247955322,1.1744925066646459
2014-02-28,3.2385001182556152,1.175110296156386
2014-03-03,3.2204999923706055,1.169536624635799
2014-03-04,3.2614998817443848,1.1821871759959675
2014-03-05,3.253000020980835,1.1795776539409024
2014-03-06,3.2755000591278076,1.1864705472413302
2014-03-07,3.1565001010894775,1.1494638508513553
2014-03-10,3.1105000972747803,1.1347835162459734
2014-03-11,3.0309998989105225,1.1088925647238088
2014-03-12,3.0260000228881836,1.1072416229300055
2014-03-13,2.990499973297119,1.0954405885732383
2014-03-14,3.013000011444092,1.1029362639464024
2014-03-17,3.002000093460083,1.0992787643438757
2014-03-18,2.994499921798706,1.0967772466074042
2014-03-19,3.0280001163482666,1.107902373999332
2014-03-20,2.9760000705718994,1.090580140684521
2014-03-21,2.99399995803833,1.0966102719821826
2014-03-24,2.989500045776367,1.0951061646512044
2014-03-25,3.0455000400543213,1.113665104446371
2014-03-26,3.010499954223633,1.1021061627167958
2014-03-27,3.0364999771118164,1.110705528817807
2014-03-28,3.059000015258789,1.118088070156929
2014-03-31,3.0464999675750732,1.1139933800630748
2014-04-01,3.055000066757202,1.116779614475343
2014-04-02,3.065000057220459,1.120047588057166
2014-04-03,3.046999931335449,1.1141574774684386
2014-04-04,3.0429999828338623,1.1128438652736452
2014-04-07,3.063499927520752,1.1195580295246041
2014-04-08,3.0764999389648438,1.1237925673592541
2014-04-09,3.065999984741211,1.1203737754728484
2014-04-10,3.068000078201294,1.121025908994349
2014-04-11,3.065999984741211,1.1203737754728484
2014-04-14,3.066999912261963,1.1206998565249942
2014-04-15,3.0164999961853027,1.1040972176340689
2014-04-16,3.05049991607666,1.1153054840984307
2014-04-17,3.069499969482422,1.1215146719432154
2014-04-21,3.068000078201294,1.121025908994349
2014-04-22,3.0785000324249268,1.124442475901831
2014-04-23,3.0820000171661377,1.1255787424677286
2014-04-24,3.1364998817443848,1.1431074908516106
2014-04-25,3.127000093460083,1.140074108363802
2014-04-28,3.1085000038146973,1.1341402959544378
2014-04-29,3.072499990463257,1.1224915593541493
2014-04-30,3.0295000076293945,1.1083975919212743
2014-05-01,3.0290000438690186,1.108232546528104
2014-05-02,3.0815000534057617,1.125416508751253
2014-05-05,3.071000099182129,1.1220032737550472
2014-05-06,3.075000047683716,1.1233049167653806
2014-05-07,3.05049991607666,1.1153054840984307
2014-05-08,3.0824999809265137,1.1257409498686943
2014-05-09,3.1005001068115234,1.1315634232575686
2014-05-12,3.1665000915527344,1.1526269058872591
2014-05-13,3.1494998931884766,1.1472436761660427
2014-05-14,3.1740000247955322,1.1549926299162943
2014-05-15,3.1619999408721924,1.1512047200877837
2014-05-16,3.1610000133514404,1.1508884374572834
2014-05-19,3.179500102996826,1.1567239841193573
2014-05-20,3.1559998989105225,1.1493053709527408
2014-05-21,3.130500078201294,1.1411927611836763
2014-05-22,3.1519999504089355,1.1480371562624268
2014-05-23,3.180000066757202,1.1568812177849161
2014-05-27,3.19350004196167,1.1611175071592186
2014-05-28,3.188499927520752,1.1595505640417327
2014-05-29,3.1535000801086426,1.148512972524658
2014-05-30,3.135999917984009,1.1429480763351028
2014-06-02,3.178999900817871,1.1565666507295054
2014-06-03,3.1454999446868896,1.1459728424431084
2014-06-04,3.0934998989105225,1.1293031033108785
2014-06-05,3.0910000801086426,1.1284946890667187
2014-06-06,3.052999973297119,1.116124705006301
2014-06-09,3.0455000400543213,1.113665104446371
2014-06-10,3.055000066757202,1.116779614475343
2014-06-11,3.0420000553131104,1.1125152120202404
2014-06-12,3.0169999599456787,1.1042629469007155
2014-06-13,3.0304999351501465,1.1087276010101417
2014-06-16,3.046999931335449,1.1141574774684386
2014-06-17,3.057499885559082,1.1175975511496172
2014-06-18,3.055500030517578,1.1169432553405858
2014-06-19,3.075000047683716,1.1233049167653806
2014-06-20,3.117500066757202,1.1370314199857519
2014-06-23,3.1454999446868896,1.1459728424431084
2014-06-24,3.1465001106262207,1.1462907591433507
2014-06-25,3.1605000495910645,1.1507302586211083
2014-06-26,3.1610000133514404,1.1508884374572834
2014-06-27,3.1489999294281006,1.147084919707995
2014-06-30,3.187999963760376,1.1593937495604578
2014-07-01,3.190999984741211,1.160334342514286
2014-07-02,3.252500057220459,1.1794239489972853
2014-07-03,3.265000104904175,1.1832597948583097
2014-07-07,3.248500108718872,1.1781933848058552
2014-07-08,3.243000030517578,1.1764988367354732
2014-07-09,3.2365000247955322,1.1744925066646459
2014-07-10,3.25600004196167,1.1804994610277846
2014-07-11,3.258500099182129,1.1812669972282688
2014-07-14,3.2385001182556152,1.175110296156386
2014-07-15,3.2385001182556152,1.175110296156386
2014-07-16,3.2049999237060547,1.16471206656797
2014-07-17,3.2090001106262207,1.1659593966014559
2014-07-18,3.1740000247955322,1.1549926299162943
2014-07-21,3.186500072479248,1.1589231585179351
2014-07-22,3.195499897003174,1.1617435378763648
2014-07-23,3.194999933242798,1.1615870669352248
2014-07-24,3.253999948501587,1.1798849929706587
2014-07-25,3.2269999980926514,1.1715529124787654
2014-07-28,3.2309999465942383,1.1727916703131869
2014-07-29,3.2095000743865967,1.1661151849467002
2014-07-30,3.2325000762939453,1.1732558552660237
2014-07-31,3.2230000495910645,1.170312618219917
2014-08-01,3.2065000534057617,1.1651800162622494
2014-08-04,3.2365000247955322,1.1744925066646459
2014-08-05,3.1989998817443848,1.1628382240009485
2014-08-06,3.1624999046325684,1.1513628238979285
2014-08-07,3.1705000400543213,1.153889316791389
2014-08-08,3.1659998893737793,1.1524689265168675
2014-08-11,3.1670000553131104,1.1527847850219621
2014-08-12,3.1489999294281006,1.147084919707995
2014-08-13,3.1059999465942383,1.1333357075321095
2014-08-14,3.0855000019073486,1.1267137193971497
2014-08-15,3.0969998836517334,1.13043386342301
2014-08-18,3.1029999256134033,1.1323693614937658
2014-08-19,3.0855000019073486,1.1267137193971497
2014-08-20,3.1740000247955322,1.1549926299162943
2014-08-21,3.171999931335449,1.1543622821255173
2014-08-22,3.1989998817443848,1.1628382240009485
2014-08-25,3.2135000228881836,1.167360692951713
2014-08-26,3.181999921798706,1.1575099053394498
2014-08-27,3.174499988555908,1.1551501360233614
2014-08-28,3.126499891281128,1.1399141332518672
2014-08-29,3.134999990463257,1.1426291710428607
2014-09-02,3.134500026702881,1.1424696802509102
2014-09-03,3.1115000247955322,1.1351049329961318
2014-09-04,3.1384999752044678,1.143744970875009
2014-09-05,3.1579999923706055,1.149938913417556
2014-09-08,3.1575000286102295,1.1497805843035478
2014-09-09,3.0945000648498535,1.1296263631537673
2014-09-10,3.1045000553131104,1.1328526896398856
2014-09-11,3.0869998931884766,1.127199710919593
2014-09-12,3.1019999980926514,1.13204706413947
2014-09-15,3.0810000896453857,1.1252542487107284
2014-09-16,3.1600000858306885,1.1505720547604306
2014-09-17,3.1414999961853027,1.144700391646573
2014-09-18,3.0924999713897705,1.128979816033017
2014-09-19,3.0885000228881836,1.1276855435645934
2014-09-22,3.0380001068115234,1.1111994393320805
2014-09-23,3.0344998836517334,1.1100466279519474
2014-09-24,3.059499979019165,1.1182514970628556
2014-09-25,3.059999942779541,1.118414897264793
2014-09-26,3.0290000438690186,1.108232546528104
2014-09-29,3.052999973297119,1.116124705006301
2014-09-30,3.005500078201294,1.1004439695164752
2014-10-01,3.0334999561309814,1.1097170539386962
2014-10-02,2.996500015258789,1.0974449460083069
2014-10-03,2.994499921798706,1.0967772466074042
2014-10-06,3.0304999351501465,1.1087276010101417
2014-10-07,3.0344998836517334,1.1100466279519474
2014-10-08,3.0,1.0986122886681098
2014-10-09,3.0280001163482666,1.107902373999332
2014-10-10,3.0320000648498535,1.1092224891685991
2014-10-13,3.0364999771118164,1.110705528817807
2014-10-14,3.0850000381469727,1.1265516697226583
2014-10-15,3.004499912261963,1.100111135589636
2014-10-16,2.9784998893737793,1.0914197809450161
2014-10-17,3.000999927520752,1.098945542306531
2014-10-20,2.990499973297119,1.0954405885732383
2014-10-21,3.0309998989105225,1.1088925647238088
2014-10-22,3.0225000381469727,1.1060843161278107
2014-10-23,3.049999952316284,1.1151415749853149
2014-10-24,3.0510001182556152,1.1154694444941566
2014-10-27,3.078000068664551,1.1242800577248584
2014-10-28,3.1085000038146973,1.1341402959544378
2014-10-29,3.111999988555908,1.1352656026387378
2014-10-30,3.072000026702881,1.1223288239777698
2014-10-31,3.061000108718872,1.118741695480711
2014-11-03,3.0794999599456787,1.1247672331381995
2014-11-04,3.0334999561309814,1.1097170539386962
2014-11-05,3.0225000381469727,1.1060843161278107
2014-11-06,3.0304999351501465,1.1087276010101417
2014-11-07,3.052500009536743,1.1159609301269628
2014-11-10,3.0274999141693115,1.1077371680947585
2014-11-11,3.0415000915527344,1.112350844879801
2014-11-12,3.0344998836517334,1.1100466279519474
2014-11-13,2.999500036239624,1.098445620192899
2014-11-14,3.058000087738037,1.1177611361981838
2014-11-17,3.049499988555908,1.1149776390015975
2014-11-18,3.010999917984009,1.1022722222608081
2014-11-19,3.046999931335449,1.1141574774684386
2014-11-20,3.0274999141693115,1.1077371680947585
2014-11-21,3.0350000858306885,1.110211452791754
2014-11-24,3.003999948501587,1.0999447167586083
2014-11-25,2.9609999656677246,1.0855270375246295
2014-11-26,2.9600000381469727,1.0851892812234596
2014-11-28,2.859999895095825,1.0508215881519791
2014-12-01,2.930500030517578,1.0751730673481255
2014-12-02,2.9135000705718994,1.0693551318233698
2014-12-03,2.8929998874664307,1.062293987095425
2014-12-04,2.932499885559082,1.0758552625204567
2014-12-05,2.92549991607666,1.073465377559317
2014-12-08,2.9105000495910645,1.0683249047683283
2014-12-09,2.946500062942505,1.0806180466576176
2014-12-10,2.9140000343322754,1.0695267195548508
2014-12-11,2.940999984741211,1.0787496543835584
2014-12-12,2.946500062942505,1.0806180466576176
2014-12-15,2.8980000019073486,1.064020844556651
2014-12-16,2.877500057220459,1.056921881499377
2014-12-17,2.887500047683716,1.0603910923617528
2014-12-18,2.872499942779541,1.0551827108206833
2014-12-19,2.9079999923706055,1.0674655570476848
2014-12-22,2.9035000801086426,1.0659169334203382
2014-12-23,2.9019999504089355,1.065400137373414
2014-12-24,2.874500036239624,1.0558787586884877
2014-12-26,2.8355000019073486,1.0422182891446132
2014-12-29,2.8380000591278076,1.0430995995721732
2014-12-30,2.86899995803833,1.0539635223733406
2014-12-31,2.8385000228881836,1.0432757516921223
2015-01-02,2.8385000228881836,1.0432757516921223
2015-01-05,2.7929999828338623,1.027116280816911
2015-01-06,2.803999900817871,1.0310469338006851
2015-01-07,2.7960000038146973,1.0281898257359048
2015-01-08,2.806999921798706,1.03211626952036
2015-01-09,2.7904999256134033,1.0262207645892656
2015-01-12,2.763000011444092,1.0163170500831875
2015-01-13,2.678999900817871,0.9854435535403997
2015-01-14,2.552999973297119,0.9372691277999339
2015-01-15,2.6110000610351562,0.9597333130931525
2015-01-16,2.6540000438690186,0.9760679524394122
2015-01-20,2.615499973297119,0.961455273619054
2015-01-21,2.615000009536743,0.9612641011638243
2015-01-22,2.6005001068115234,0.9557037753044457
2015-01-23,2.5374999046325684,0.9311793067846807
2015-01-26,2.573499917984009,0.9452668082412365
2015-01-27,2.5134999752044678,0.9216761942855506
2015-01-28,2.5215001106262207,0.9248540064078209
2015-01-29,2.4704999923706055,0.9044205562154691
2015-01-30,2.5280001163482666,0.9274285223084495
2015-02-02,2.510999917984009,0.9206810475127667
2015-02-03,2.5999999046325684,0.9555114083476542
2015-02-04,2.611999988555908,0.9601162070328325
2015-02-05,2.611999988555908,0.9601162070328325
2015-02-06,2.6029999256134033,0.9566645974351722
2015-02-09,2.5989999771118164,0.9551267468528185
2015-02-10,2.5625,0.9409833444645266
2015-02-11,2.552500009536743,0.9370732747929199
2015-02-12,2.6089999675750732,0.958966993726486
2015-02-13,2.6135001182556152,0.9606903644188259
2015-02-17,2.5945000648498535,0.9533938448207826
2015-02-18,2.6394999027252197,0.9705894684280457
2015-02-19,2.6414999961853027,0.9713469361780929
2015-02-20,2.6105000972747803,0.9595418111313616
2015-02-23,2.6394999027252197,0.9705894684280457
2015-02-24,2.7114999294281006,0.9975019612720927
2015-02-25,2.7074999809265137,0.996025692848323
2015-02-26,2.7139999866485596,0.9984235564932078
2015-02-27,2.7160000801086426,0.9991602391915312
2015-03-02,2.7109999656677246,0.9973175578524651
2015-03-03,2.6735000610351562,0.9833884982363315
2015-03-04,2.677000045776367,0.9846967816380909
2015-03-05,2.671999931335449,0.982827229976588
2015-03-06,2.628999948501587,0.9666035261591501
2015-03-09,2.687000036239624,0.9884253431203746
2015-03-10,2.634999990463257,0.9688831783740682
2015-03-11,2.622499942779541,0.9641280394692648
2015-03-12,2.674499988555908,0.9837624427102027
2015-03-13,2.678499937057495,0.985256912839716
2015-03-16,2.677500009536743,0.9848835269015757
2015-03-17,2.6414999961853027,0.9713469361780929
2015-03-18,2.5869998931884766,0.9504988619160971
2015-03-19,2.674499988555908,0.9837624427102027
2015-03-20,2.7750000953674316,1.0206507815650392
2015-03-23,2.808000087738037,1.032472517409304
2015-03-24,2.815000057220459,1.0349622819186373
2015-03-25,2.805000066757202,1.0314035627740183
2015-03-26,2.821500062942505,1.0372686807352287
2015-03-27,2.7750000953674316,1.0206507815650392
2015-03-30,2.7874999046325684,1.025145102573705
2015-03-31,2.746999979019165,1.0105093994754102
2015-04-01,2.756500005722046,1.0139617611234386
2015-04-02,2.747999906539917,1.0108733403498829
2015-04-06,2.7320001125335693,1.005033982899454
2015-04-07,2.7769999504089355,1.021371190466879
2015-04-08,2.748500108718872,1.0110553478742883
2015-04-09,2.744999885559082,1.0097810332708126
2015-04-10,2.750499963760376,1.0117827001577262
2015-04-13,2.736999988555908,1.0068624258772882
2015-04-14,2.7195000648498535,1.0004480637271196
2015-04-15,2.7295000553131104,1.0041184625045991
2015-04-16,2.7855000495910645,1.024427408282023
2015-04-17,2.7834999561309814,1.023709112881045
2015-04-20,2.7355000972747803,1.0063142700818892
2015-04-21,2.7049999237060547,0.9951018840936587
2015-04-22,2.6695001125335693,0.9818912311134015
2015-04-23,2.697999954223633,0.992510740818786
2015-04-24,2.752000093460083,1.0123279540318826
2015-04-27,2.7739999294281006,1.0202902964521567
2015-04-28,2.7799999713897705,1.0224509174110963
2015-04-29,2.7950000762939453,1.0278321339036436
2015-04-30,2.8864998817443848,1.0600446545503366
2015-05-01,2.93149995803833,1.0755142231080717
2015-05-04,2.9240000247955322,1.0729525503675361
2015-05-05,2.940000057220459,1.0784096008133313
2015-05-06,2.932499885559082,1.0758552625204567
2015-05-07,2.9260001182556152,1.0736363430133846
2015-05-08,2.930999994277954,1.075343659776505
2015-05-11,2.9175000190734863,1.070727091716187
2015-05-12,2.950500011444092,1.0819746513937822
2015-05-13,2.950000047683716,1.0818051865157
2015-05-14,2.946000099182129,1.0804483517071484
2015-05-15,2.9489998817443848,1.0814660897328958
2015-05-18,2.930000066757202,1.0750024458130036
2015-05-19,2.8615000247955322,1.0513459715322417
2015-05-20,2.8515000343322754,1.047845183654532
2015-05-21,2.871000051498413,1.0546604190763746
2015-05-22,2.8334999084472656,1.0415126643167072
2015-05-26,2.8534998893737793,1.0485462722260177
2015-05-27,2.815999984741211,1.035317432877192
2015-05-28,2.7929999828338623,1.027116280816911
2015-05-29,2.759500026702881,1.0150495135741286
2015-06-01,2.740999937057495,1.008322794357312
2015-06-02,2.757999897003174,1.0145057420263572
2015-06-03,2.750499963760376,1.0117827001577262
2015-06-04,2.7155001163482666,0.9989761413387449
2015-06-05,2.7219998836517334,1.0013668614856046
2015-06-08,2.7160000801086426,0.9991602391915312
2015-06-09,2.740499973297119,1.0081403757602352
2015-06-10,2.7715001106262207,1.0193887297933704
2015-06-11,2.693000078201294,0.9906558428681892
2015-06-12,2.69950008392334,0.9930666017646798
2015-06-15,2.6589999198913574,0.9779500821335252
2015-06-16,2.626499891281128,0.9656521200188183
2015-06-17,2.622999906539917,0.9643186652537474
2015-06-18,2.628499984741211,0.9664133354722338
2015-06-19,2.5920000076293945,0.9524297814334675
2015-06-22,2.5880000591278076,0.9508853994855656
2015-06-23,2.634000062942505,0.9685036272172564
2015-06-24,2.6465001106262207,0.9732380541168568
2015-06-25,2.6454999446868896,0.9728600624536725
2015-06-26,2.6449999809265137,0.9726710580991147
2015-06-29,2.6384999752044678,0.9702105644659988
2015-06-30,2.623500108718872,0.9645093455850219
2015-07-01,2.635499954223633,0.9690728999439848
2015-07-02,2.634500026702881,0.9686934208030473
2015-07-06,2.5429999828338623,0.9333444796896335
2015-07-07,2.4509999752044678,0.8964960944294793
2015-07-08,2.503999948501587,0.917889432671393
2015-07-09,2.558000087738037,0.9392257374561176
2015-07-10,2.5455000400543213,0.9343271100955988
2015-07-13,2.555500030517578,0.9382479111681178
2015-07-14,2.5445001125335693,0.9339342112729507
2015-07-15,2.5304999351501465,0.9284168860447068
2015-07-16,2.5315001010894775,0.9288120523604658
2015-07-17,2.504499912261963,0.9180890787833769
2015-07-20,2.4839999675750732,0.9098701510177191
2015-07-21,2.4774999618530273,0.9072499718246405
2015-07-22,2.43149995803833,0.8885083336041791
2015-07-23,2.385499954223633,0.869408726784602
2015-07-24,2.381500005722046,0.8677305436614847
2015-07-27,2.3505001068115234,0.8546281169240907
2015-07-28,2.4030001163482666,0.8767180051722527
2015-07-29,2.4079999923706055,0.8787965242782214
2015-07-30,2.381500005722046,0.8677305436614847
2015-07-31,2.367500066757202,0.8618345742754357
2015-08-03,2.3475000858306885,0.8533509686628739
2015-08-04,2.365000009536743,0.8607780259763458
2015-08-05,2.3529999256134033,0.8556910781317116
2015-08-06,2.3480000495910645,0.8535639230864054
2015-08-07,2.3415000438690186,0.8507917683768932
2015-08-10,2.4075000286102295,0.8785888765739356
2015-08-11,2.3410000801086426,0.8505782227286119
2015-08-12,2.3605000972747803,0.8588735022135999
2015-08-13,2.365499973297119,0.8609894048005935
2015-08-14,2.364000082015991,0.8603551342375869
2015-08-17,2.3324999809265137,0.84694064556209
2015-08-18,2.296999931335449,0.8316038938138172
2015-08-19,2.2829999923706055,0.82549036420583
2015-08-20,2.322999954223633,0.8428594340825607
2015-08-21,2.306999921798706,0.8359479452942195
2015-08-24,2.2690000534057617,0.8193392293348405
2015-08-25,2.322999954223633,0.8428594340825607
2015-08-26,2.250999927520752,0.8113745297259061
2015-08-27,2.3340001106262207,0.8475835812620583
2015-08-28,2.3464999198913574,0.8529248221127044
2015-08-31,2.3380000591278076,0.8492958883397855
2015-09-01,2.302500009536743,0.8339954932892328
2015-09-02,2.3329999446868896,0.8471549693302869
2015-09-03,2.390000104904175,0.8712934098363785
2015-09-04,2.319499969482422,0.8413516320526971
2015-09-08,2.438499927520752,0.8913830664450877
2015-09-09,2.442500114440918,0.8930221517888091
2015-09-10,2.4544999599456787,0.8979230581972406
2015-09-11,2.4619998931884766,0.900973984378214
2015-09-14,2.4140000343322754,0.8812851368974919
2015-09-15,2.436000108718872,0.8903573944777284
2015-09-16,2.4614999294281006,0.9007708915458357
2015-09-17,2.4614999294281006,0.9007708915458357
2015-09-18,2.3970000743865967,0.8742179864854536
2015-09-21,2.3984999656677246,0.8748435276459204
2015-09-22,2.306999921798706,0.8359479452942195
2015-09-23,2.305500030517578,0.835297585901482
2015-09-24,2.312000036239624,0.8381129664847088
2015-09-25,2.2915000915527344,0.8292066649202307
2015-09-28,2.25600004196167,0.8135933522358433
2015-09-29,2.253499984741211,0.8124845563774148
2015-09-30,2.3454999923706055,0.8524985955335961
2015-10-01,2.307499885559082,0.8361646377996715
2015-10-02,2.3294999599456787,0.8456536350803286
2015-10-05,2.359999895095825,0.8586615745865962
2015-10-06,2.3589999675750732,0.8582377866803379
2015-10-07,2.371500015258789,0.8635226727697346
2015-10-08,2.3469998836517334,0.8531378672956996
2015-10-09,2.4170000553131104,0.8825271246063727
2015-10-12,2.4195001125335693,0.8835609537623198
2015-10-13,2.3914999961853027,0.871920782543108
2015-10-14,2.4200000762939453,0.8837675716950182
2015-10-15,2.4260001182556152,0.8862438592669583
2015-10-16,2.4070000648498535,0.8783811857431254
2015-10-19,2.371500015258789,0.8635226727697346
2015-10-20,2.369499921798706,0.8626789294222161
2015-10-21,2.364000082015991,0.8603551342375869
2015-10-22,2.384500026702881,0.8689894699546661
2015-10-23,2.3499999046325684,0.854415287574181
2015-10-26,2.3564999103546143,0.8571774293398969
2015-10-27,2.3580000400543213,0.8578138191017445
2015-10-28,2.3545000553131104,0.8563284141939801
2015-10-29,2.315500020980835,0.8396256559997082
2015-10-30,2.313499927520752,0.8387614980360868
2015-11-02,2.315500020980835,0.8396256559997082
2015-11-03,2.3269999027252197,0.844579842517498
2015-11-04,2.319499969482422,0.8413516320526971
2015-11-05,2.253499984741211,0.8124845563774148
2015-11-06,2.241499900817871,0.8071452403652505
2015-11-09,2.2300000190734863,0.8020015940251602
2015-11-10,2.2165000438690186,0.7959293949949938
2015-11-11,2.2165000438690186,0.7959293949949938
2015-11-12,2.1730000972747803,0.7761087460394919
2015-11-13,2.1700000762939453,0.7747272027108677
2015-11-16,2.118000030517578,0.7504722615878917
2015-11-17,2.1054999828338623,0.7445529604668472
2015-11-18,2.078000068664551,0.731405925720611
2015-11-19,2.0764999389648438,0.7306837546953858
2015-11-20,2.053999900817871,0.7197890632190581
2015-11-23,2.0195000171661377,0.7028499645215225
2015-11-24,2.053499937057495,0.7195456237631463
2015-11-25,2.0445001125335693,0.7151533158646565
2015-11-27,2.05049991607666,0.718083624921744
2015-11-30,2.0445001125335693,0.7151533158646565
2015-12-01,2.066499948501587,0.725856330049053
2015-12-02,2.0290000438690186,0.7075430824646821
2015-12-03,2.055999994277954,0.7207623448098224
2015-12-04,2.0739998817443848,0.7294790527891974
2015-12-07,2.0445001125335693,0.7151533158646565
2015-12-08,2.0480000972747803,0.7168637546747115
2015-12-09,2.059999942779541,0.7227059550245675
2015-12-10,2.065000057220459,0.7251302541226611
2015-12-11,2.1080000400543213,0.7457396496802169
2015-12-14,2.1040000915527344,0.7438403383891194
2015-12-15,2.0510001182556152,0.7183275367477823
2015-12-16,2.061000108718872,0.723191354658865
2015-12-17,2.0344998836517334,0.7102500312719595
2015-12-18,2.1029999256134033,0.7433648613489041
2015-12-21,2.128999948501587,0.7556523617223271
2015-12-22,2.0969998836517334,0.7405076964365832
2015-12-23,2.1115000247955322,0.7473986071349501
2015-12-24,2.1115000247955322,0.7473986071349501
2015-12-28,2.066499948501587,0.725856330049053
2015-12-29,2.125,0.7537718023763802
2015-12-30,2.13700008392334,0.7594030156085774
2015-12-31,2.125499963760376,0.7540070517667786
2016-01-04,2.070499897003174,0.7277900742585784
2016-01-05,2.0885000228881836,0.7364461159142424
2016-01-06,2.0804998874664307,0.7326081953511823
2016-01-07,2.015500068664551,0.7008673376433293
2016-01-08,2.0164999961853027,0.701363333439544
2016-01-11,1.9674999713897705,0.6767636867680085
2016-01-12,1.9529999494552612,0.6693666260139789
2016-01-13,1.9505000114440918,0.6680857558318347
2016-01-14,1.9709999561309814,0.6785410059133437
2016-01-15,1.9394999742507935,0.6624301946216762
2016-01-19,1.9735000133514404,0.679808622886126
2016-01-20,1.9559999704360962,0.6709015564981552
2016-01-21,1.9930000305175781,0.68964105654304
2016-01-22,1.9984999895095825,0.6923968939200955
2016-01-25,1.9954999685287476,0.6908946297355402
2016-01-26,2.0339999198913574,0.7100042582415874
2016-01-27,2.062999963760376,0.7241612165226463
2016-01-28,2.0490000247955322,0.7173518813580473
2016-01-29,2.063999891281128,0.7246457949454428
2016-02-01,2.051500082015991,0.718571272878651
2016-02-02,2.052000045776367,0.718814949616694
2016-02-03,2.0920000076293945,0.7381205498496146
2016-02-04,2.128000020980835,0.7551825813388128
2016-02-05,2.1005001068115234,0.7421754624778214
2016-02-08,2.0885000228881836,0.7364461159142424
2016-02-09,2.0385000705718994,0.7122142778966943
2016-02-10,2.0250000953674316,0.7055697476535293
2016-02-11,2.003999948501587,0.6951451575248071
2016-02-12,2.0269999504089355,0.7065568430046113
2016-02-16,2.0490000247955322,0.7173518813580473
2016-02-17,2.0739998817443848,0.7294790527891974
2016-02-18,2.071500062942505,0.7282730129203081
2016-02-19,2.075500011444092,0.7302020940248527
2016-02-22,2.11299991607666,0.7481086989162947
2016-02-23,2.1045000553131104,0.7440779355117431
2016-02-24,2.0950000286102295,0.7395535670305351
2016-02-25,2.065000057220459,0.7251302541226611
2016-02-26,2.118000030517578,0.7504722615878917
2016-02-29,2.128499984741211,0.7554174991172707
2016-03-01,2.1414999961853027,0.7615065162919684
2016-03-02,2.177500009536743,0.7781774341241962
2016-03-03,2.2044999599456787,0.79050070764651
2016-03-04,2.2709999084472656,0.820220222809579
2016-03-07,2.2804999351501465,0.8243946887329355
2016-03-08,2.2184998989105225,0.7968312462702372
2016-03-09,2.2300000190734863,0.8020015940251602
2016-03-10,2.2174999713897705,0.7963804222995774
2016-03-11,2.2385001182556152,0.8058060515269431
2016-03-14,2.236999988555908,0.8051356773921714
2016-03-15,2.2309999465942383,0.8024498915123577
2016-03-16,2.2314999103546143,0.8026739649144842
2016-03-17,2.2890000343322754,0.8281150559692392
2016-03-18,2.2795000076293945,0.8239561240183187
2016-03-21,2.2894999980926514,0.8283334522819279
2016-03-22,2.2844998836517334,0.826147131091765
2016-03-23,2.2304999828338623,0.8022257678900884
2016-03-24,2.2244999408721924,0.7995321446836904
2016-03-28,2.241499900817871,0.8071452403652505
2016-03-29,2.2084999084472656,0.7923135105997299
2016-03-30,2.187000036239624,0.7825307582651034
2016-03-31,2.18149995803833,0.7800126943462898
2016-04-01,2.1610000133514404,0.770571083703111
2016-04-04,2.138000011444092,0.7598708179555624
2016-04-05,2.134999990463257,0.7584666422137293
2016-04-06,2.140500068664551,0.7610394786816069
2016-04-07,2.07450008392334,0.729720201245516
2016-04-08,2.0864999294281006,0.7354879872263691
2016-04-11,2.0885000228881836,0.7364461159142424
2016-04-12,2.1449999809265137,0.763139543487912
2016-04-13,2.1675000190734863,0.7735744384723229
2016-04-14,2.1710000038146973,0.77518789265327
2016-04-15,2.1519999504089355,0.7663976192553628
2016-04-18,2.1640000343322754,0.7719583768494269
2016-04-19,2.2230000495910645,0.7988576572902304
2016-04-20,2.242000102996826,0.8073683705896755
2016-04-21,2.252000093460083,0.811818751778368
2016-04-22,2.2690000534057617,0.8193392293348405
2016-04-25,2.258500099182129,0.8147009200275658
2016-04-26,2.248500108718872,0.8102633755803571
2016-04-27,2.2204999923706055,0.7977323923141295
2016-04-28,2.2244999408721924,0.7995321446836904
2016-04-29,2.2790000438690186,0.8237367695127873
2016-05-02,2.2614998817443848,0.8160282576449722
2016-05-03,2.2144999504089355,0.7950266219873181
2016-05-04,2.183000087738037,0.7807001177593027
2016-05-05,2.1510000228881836,0.7659328609263105
2016-05-06,2.1510000228881836,0.7659328609263105
2016-05-09,2.1040000915527344,0.7438403383891194
2016-05-10,2.0899999141693115,0.7371640249094037
2016-05-11,2.1010000705718994,0.7424134554525341
2016-05-12,2.072999954223633,0.7289968113714584
2016-05-13,2.075000047683716,0.7299611766627654
2016-05-16,2.0910000801086426,0.7376424587576591
2016-05-17,2.0920000076293945,0.7381205498496146
2016-05-18,2.0815000534057617,0.7330888133102368
2016-05-19,2.062999963760376,0.7241612165226463
2016-05-20,2.058500051498413,0.7219775872452683
2016-05-23,2.057499885559082,0.721491597947741
2016-05-24,2.069499969482422,0.7273070174602967
2016-05-25,2.1050000190734863,0.7443154761953833
2016-05-26,2.1064999103546143,0.7450277598803771
2016-05-27,2.114000082015991,0.7485819262446352
2016-05-31,2.0975000858306885,0.7407462002796946
2016-06-01,2.072499990463257,0.7287556034257481
2016-06-02,2.069499969482422,0.7273070174602967
2016-06-03,2.111999988555908,0.7476353604254109
2016-06-06,2.117000102996826,0.7500000408049831
2016-06-07,2.0510001182556152,0.7183275367477823
2016-06-08,2.0625,0.723918839226699
2016-06-09,2.0399999618530273,0.7129497891566284
2016-06-10,2.0315001010894775,0.7087744862066461
2016-06-13,2.057499885559082,0.721491597947741
2016-06-14,2.0445001125335693,0.7151533158646565
2016-06-15,2.0934998989105225,0.7388372581897527
2016-06-16,2.049999952316284,0.7178397698899673
2016-06-17,2.052500009536743,0.7190585669908497
2016-06-20,2.0934998989105225,0.7388372581897527
2016-06-21,2.116499900817871,0.7497637341174517
2016-06-22,2.135499954223633,0.7587007898634827
2016-06-23,2.1635000705718994,0.7717273133021222
2016-06-24,2.111999988555908,0.7476353604254109
2016-06-27,2.126499891281128,0.7544773845858165
2016-06-28,2.1700000762939453,0.7747272027108677
2016-06-29,2.183500051498413,0.7809291175287374
2016-06-30,2.194499969482422,0.7859542162397591
2016-07-01,2.2149999141693115,0.7952523647473517
2016-07-05,2.18149995803833,0.7800126943462898
2016-07-06,2.1514999866485596,0.7661652670908745
2016-07-07,2.122499942779541,0.7525946122443737
2016-07-08,2.118499994277954,0.7507082883834876
2016-07-11,2.1470000743865967,0.7640715535434047
2016-07-12,2.2109999656677246,0.7934448863473691
2016-07-13,2.23799991607666,0.8055825723904746
2016-07-14,2.240999937057495,0.8069221667319958
2016-07-15,2.2304999828338623,0.8022257678900884
2016-07-18,2.2339999675750732,0.8037936861327175
2016-07-19,2.2614998817443848,0.8160282576449722
2016-07-20,2.252000093460083,0.811818751778368
2016-07-21,2.25600004196167,0.8135933522358433
2016-07-22,2.2339999675750732,0.8037936861327175
2016-07-25,2.2160000801086426,0.7957038050351462
2016-07-26,2.2249999046325684,0.7997568727564356
2016-07-27,2.184999942779541,0.7816158023597001
2016-07-28,2.2060000896453857,0.7911809614683841
2016-07-29,2.2204999923706055,0.7977323923141295
2016-08-01,2.196500062942505,0.7868652130895151
2016-08-02,2.2065000534057617,0.7914075739312995
2016-08-03,2.196000099182129,0.786637568812187
2016-08-04,2.1740000247955322,0.7765688001045062
2016-08-05,2.1530001163482666,0.7668622724222927
2016-08-08,2.1640000343322754,0.7719583768494269
2016-08-09,2.1494998931884766,0.7652352072628634
2016-08-10,2.1705000400543213,0.7749575742114715
2016-08-11,2.190000057220459,0.7839015699564725
2016-08-12,2.140500068664551,0.7610394786816069
2016-08-15,2.1514999866485596,0.7661652670908745
2016-08-16,2.171999931335449,0.7756483704581753
2016-08-17,2.1519999504089355,0.7663976192553628
2016-08-18,2.1670000553131104,0.7733437480794225
2016-08-19,2.1665000915527344,0.7731130044561849
2016-08-22,2.140000104904175,0.7608058780544014
2016-08-23,2.115000009536743,0.7490548170073397
2016-08-24,2.0759999752044678,0.7304429533597442
2016-08-25,2.075500011444092,0.7302020940248527
2016-08-26,2.075000047683716,0.7299611766627654
2016-08-29,2.072499990463257,0.7287556034257481
2016-08-30,2.069000005722046,0.7270654015290154
2016-08-31,2.069499969482422,0.7273070174602967
2016-09-01,2.06850004196167,0.7268237272053671
2016-09-02,2.071500062942505,0.7282730129203081
2016-09-06,2.0840001106262207,0.7342891769747183
2016-09-07,2.0929999351501465,0.738598412479699
2016-09-08,2.0959999561309814,0.7400307455289202
2016-09-09,2.0885000228881836,0.7364461159142424
2016-09-12,2.0959999561309814,0.7400307455289202
2016-09-13,2.0954999923706055,0.7397921847421423
2016-09-14,2.1480000019073486,0.7645371775345832
2016-09-15,2.1519999504089355,0.7663976192553628
2016-09-16,2.1514999866485596,0.7661652670908745
2016-09-19,2.1489999294281006,0.7650025848209595
2016-09-20,2.1554999351501465,0.7680226851192928
2016-09-21,2.1449999809265137,0.763139543487912
2016-09-22,2.1875,0.7827593392496325
2016-09-23,2.192500114440918,0.7850424974607415
2016-09-26,2.190000057220459,0.7839015699564725
2016-09-27,2.1614999771118164,0.7708024145365215
2016-09-28,2.179500102996826,0.7790955399533984
2016-09-29,2.180999994277954,0.7797834845959037
2016-09-30,2.2019999027252197,0.7893659941248377
2016-10-03,2.183500051498413,0.7809291175287374
2016-10-04,2.1584999561309814,0.7694135156895503
2016-10-05,2.1559998989105225,0.7682546061592368
2016-10-06,2.1480000019073486,0.7645371775345832
2016-10-07,2.1565001010894775,0.7684865839824012
2016-10-11,2.178499937057495,0.7786365376827704
2016-10-12,2.1695001125335693,0.7744967781270065
2016-10-13,2.115000009536743,0.7490548170073397
2016-10-14,2.1034998893737793,0.743602571456937
2016-10-17,2.0994999408721924,0.7416991929793062
2016-10-18,2.0980000495910645,0.7409845336114095
2016-10-19,2.0969998836517334,0.7405076964365832
2016-10-20,2.0905001163482666,0.7374033274701934
2016-10-21,2.0834999084472656,0.734049127938573
2016-10-24,2.0875000953674316,0.7359672234278697
2016-10-25,2.132499933242798,0.7572949690790297
2016-10-26,2.1394999027252197,0.7605721114086057
2016-10-27,2.1654999256134033,0.7726512473217717
2016-10-28,2.188499927520752,0.7832163445305816
2016-10-31,2.200500011444092,0.788684612469687
2016-11-01,2.2244999408721924,0.7995321446836904
2016-11-02,2.2260000705718994,0.8002062845568114
2016-11-03,2.244499921798706,0.808482744398551
2016-11-04,2.260999917984009,0.8158071570216211
2016-11-07,2.30649995803833,0.8357312058229481
2016-11-08,2.378999948501587,0.8666802096737363
2016-11-09,2.4590001106262207,0.8997548082223509
2016-11-10,2.549499988555908,0.935897257024314
2016-11-14,2.5185000896453857,0.9236635217983207
2016-11-15,2.502000093460083,0.9170904493988686
2016-11-16,2.4649999141693115,0.9021917726749009
2016-11-17,2.487499952316284,0.9112781708812776
2016-11-18,2.4639999866485596,0.9017860402526693
2016-11-21,2.512500047683716,0.9212782923637873
2016-11-22,2.5425000190734863,0.9331478564424408
2016-11-23,2.6059999465942383,0.957816458209268
2016-11-25,2.6670000553131104,0.9809542659397009
2016-11-28,2.6559998989105225,0.9768211935533895
2016-11-29,2.5950000286102295,0.9535865276429885
2016-11-30,2.621500015258789,0.9637466788510832
2016-12-01,2.631500005722046,0.9675540279861393
2016-12-02,2.615000009536743,0.9612641011638243
2016-12-05,2.688999891281128,0.9891693368557591
2016-12-06,2.671999931335449,0.982827229976588
2016-12-07,2.63700008392334,0.9696419391964581
2016-12-08,2.619999885559082,0.9631742740932648
2016-12-09,2.6419999599456787,0.9715361909395274
2016-12-12,2.61299991607666,0.9604989544208554
2016-12-13,2.5929999351501465,0.9528154815469422
2016-12-14,2.5999999046325684,0.9555114083476542
2016-12-15,2.5959999561309814,0.953971781943146
2016-12-16,2.561000108718872,0.940397849669114
2016-12-19,2.496500015258789,0.9148897570705994
2016-12-20,2.499500036239624,0.9160907263702373
2016-12-21,2.491499900817871,0.912884898931122
2016-12-22,2.494499921798706,0.914088276969468
2016-12-23,2.4725000858306885,0.9052298192288604
2016-12-27,2.507999897003174,0.9194855817033584
2016-12-28,2.494999885559082,0.9142886833353775
2016-12-29,2.4790000915527344,0.9078552899843696
2016-12-30,2.497499942779541,0.9152902086294766
2017-01-03,2.4809999465942383,0.9086616831837622
2017-01-04,2.5480000972747803,0.9353087758868315
2017-01-05,2.5295000076293945,0.9280216577660207
2017-01-06,2.5380001068115234,0.9313764113771137
2017-01-09,2.5299999713897705,0.9282192914310377
2017-01-10,2.6034998893737793,0.9568566511294693
2017-01-11,2.6010000705718994,0.9558960135991167
2017-01-12,2.6605000495910645,0.9785140936940404
2017-01-13,2.680500030517578,0.9860033556704872
2017-01-17,2.616499900817871,0.961837508923712
2017-01-18,2.6080000400543213,0.9585836594226584
2017-01-19,2.6015000343322754,0.9560882149453287
2017-01-20,2.617000102996826,0.9620286629048388
2017-01-23,2.6394999027252197,0.9705894684280457
2017-01-24,2.700500011444092,0.9934369452885765
2017-01-25,2.702500104904175,0.9941773093486815
2017-01-26,2.6659998893737793,0.9805791802613095
2017-01-27,2.680000066757202,0.9858168194321688
2017-01-30,2.6475000381469727,0.9736158129021015
2017-01-31,2.7214999198913574,1.001183169456643
2017-02-01,2.7044999599456787,0.9949170375190944
2017-02-02,2.677999973297119,0.985070237297778
2017-02-03,2.609499931335449,0.9591586057880327
2017-02-06,2.6454999446868896,0.9728600624536725
2017-02-07,2.625999927520752,0.9654617482799764
2017-02-08,2.6605000495910645,0.9785140936940404
2017-02-09,2.6480000019073486,0.9738046387950596
2017-02-10,2.76200008392334,1.015955085372089
2017-02-13,2.7764999866485596,1.0211911368907942
2017-02-14,2.7309999465942383,1.0046678229361807
2017-02-15,2.7360000610351562,1.006497022068475
2017-02-16,2.7160000801086426,0.9991602391915312
2017-02-17,2.7054998874664307,0.9952866965062815
2017-02-21,2.745500087738037,1.0099632396938238
2017-02-22,2.7325000762939453,1.0052169689894876
2017-02-23,2.6424999237060547,0.9717254098903744
2017-02-24,2.680000066757202,0.9858168194321688
2017-02-27,2.6875,0.9886113934537812
2017-02-28,2.7039999961853027,0.9947321567699569
2017-03-01,2.7265000343322754,1.003018747976048
2017-03-02,2.679500102996826,0.9856302483915901
2017-03-03,2.687000036239624,0.9884253431203746
2017-03-06,2.6429998874664307,0.9719145930441833
2017-03-07,2.609499931335449,0.9591586057880327
2017-03-08,2.5920000076293945,0.9524297814334675
2017-03-09,2.569999933242798,0.943905872931563
2017-03-10,2.5864999294281006,0.9503055831767235
2017-03-13,2.616499900817871,0.961837508923712
2017-03-14,2.624000072479248,0.9646998987035069
2017-03-15,2.6454999446868896,0.9728600624536725
2017-03-16,2.6654999256134033,0.9803916293734951
2017-03-17,2.679500102996826,0.9856302483915901
2017-03-20,2.6554999351501465,0.9766329364593587
2017-03-21,2.609999895095825,0.9593501811414308
2017-03-22,2.621999979019165,0.9639373773396641
2017-03-23,2.6364998817443848,0.9694522351351282
2017-03-24,2.623500108718872,0.9645093455850219
2017-03-27,2.625,0.965080896043587
2017-03-28,2.6689999103546143,0.981703836834756
2017-03-29,2.6700000762939453,0.9820785009866692
2017-03-30,2.6649999618530273,0.9802040433037468
2017-03-31,2.6465001106262207,0.9732380541168568
2017-04-03,2.5975000858306885,0.9545494770348207
2017-04-04,2.6059999465942383,0.957816458209268
2017-04-05,2.67549991607666,0.9841362474018737
2017-04-06,2.6554999351501465,0.9766329364593587
2017-04-07,2.6449999809265137,0.9726710580991147
2017-04-10,2.6019999980926514,0.9562803793572818
2017-04-11,2.6059999465942383,0.957816458209268
2017-04-12,2.5439999103546143,0.933737610239909
2017-04-13,2.569499969482422,0.9437113155732925
2017-04-17,2.5950000286102295,0.9535865276429885
2017-04-18,2.5290000438690186,0.9278239850342173
2017-04-19,2.5334999561309814,0.9296017286182486
2017-04-20,2.5409998893737793,0.9325576608015362
2017-04-21,2.5364999771118164,0.9307851690010777
2017-04-24,2.553499937057495,0.9374649424560586
2017-04-25,2.5820000171661377,0.9485642990728387
2017-04-26,2.5910000801086426,0.9520439324980128
2017-04-27,2.5799999237060547,0.947789369362229
2017-04-28,2.5964999198913574,0.9541643534496874
2017-05-01,2.6500000953674316,0.9745596759858403
2017-05-02,2.625,0.965080896043587
2017-05-03,2.5329999923706055,0.9294043680075388
2017-05-04,2.502000093460083,0.9170904493988686
2017-05-05,2.5195000171661377,0.9240604759518269
2017-05-08,2.4855000972747803,0.9104738856894956
2017-05-09,2.490000009536743,0.9122827143066335
2017-05-10,2.486999988555908,0.9110771602197028
2017-05-11,2.500999927520752,0.9166906229153744
2017-05-12,2.5179998874664307,0.9234648909305065
2017-05-15,2.5329999923706055,0.9294043680075388
2017-05-16,2.5445001125335693,0.9339342112729507
2017-05-17,2.5425000190734863,0.9331478564424408
2017-05-18,2.5264999866485596,0.9268349404652664
2017-05-19,2.5739998817443848,0.9454610632315814
2017-05-22,2.5889999866485596,0.9512716956124132
2017-05-23,2.5905001163482666,0.951850952186145
2017-05-24,2.578000068664551,0.9470139311518094
2017-05-25,2.5920000076293945,0.9524297814334675
2017-05-26,2.559499979019165,0.9398119187182612
2017-05-30,2.561000108718872,0.940397849669114
2017-05-31,2.5769999027252197,0.9466258939229318
2017-06-01,2.5845000743865967,0.9495320944357699
2017-06-02,2.571500062942505,0.9444894107097944
2017-06-05,2.554500102996826,0.9378565501084745
2017-06-06,2.5445001125335693,0.9339342112729507
2017-06-07,2.5490000247955322,0.9357011351215312
2017-06-08,2.6070001125335693,0.9582001781172899
2017-06-09,2.6459999084472656,0.9730490310923346
2017-06-12,2.612499952316284,0.9603075990387892
2017-06-13,2.5929999351501465,0.9528154815469422
2017-06-14,2.570499897003174,0.944100392444631
2017-06-15,2.563999891281128,0.9415684966563665
2017-06-16,2.5625,0.9409833444645266
2017-06-19,2.5894999504089355,0.9514647877309828
2017-06-20,2.555000066757202,0.9380522497837309
2017-06-21,2.6019999980926514,0.9562803793572818
2017-06-22,2.5980000495910645,0.9547419373365772
2017-06-23,2.622999906539917,0.9643186652537474
2017-06-26,2.625,0.965080896043587
2017-06-27,2.6465001106262207,0.9732380541168568
2017-06-28,2.6619999408721924,0.9790776977611212
2017-06-29,2.683000087738037,0.986935604144954
2017-06-30,2.6989998817443848,0.992881290221263
2017-07-03,2.680999994277954,0.9861898571195269
2017-07-05,2.6489999294281006,0.9741821836489737
2017-07-06,2.6514999866485596,0.9751255125596184
2017-07-07,2.637500047683716,0.9698315168813186
2017-07-10,2.6394999027252197,0.9705894684280457
2017-07-11,2.6644999980926514,0.9800164220388625
2017-07-12,2.677000045776367,0.9846967816380909
2017-07-13,2.6545000076293945,0.9762563159157254
2017-07-14,2.684000015258789,0.9873082247945282
2017-07-17,2.7170000076293945,0.9995283332522322
2017-07-18,2.7235000133514404,1.0019178227439018
2017-07-19,2.703000068664551,0.9943622926973997
2017-07-20,2.7084999084472656,0.9963949423138095
2017-07-21,2.7149999141693115,0.998791921772385
2017-07-24,2.7290000915527344,1.0039352752742896
2017-07-25,2.8405001163482666,1.043980133975532
2017-07-26,2.86899995803833,1.0539635223733406
2017-07-27,2.874000072479248,1.055704812875778
2017-07-28,2.870500087738037,1.0544862611909736
2017-07-31,2.888000011444092,1.0605642249932155
2017-08-01,2.878999948501587,1.0574429937424343
2017-08-02,2.882499933242798,1.0586579500015965
2017-08-03,2.877000093460083,1.0567481170546669
2017-08-04,2.884999990463257,1.0595248966544326
2017-08-07,2.9079999923706055,1.0674655570476848
2017-08-08,2.942500114440918,1.0792595990447045
2017-08-09,2.930000066757202,1.0750024458130036
2017-08-10,2.9059998989105225,1.066777530361622
2017-08-11,2.9140000343322754,1.0695267195548508
2017-08-14,2.9065001010894775,1.0669496429397518
2017-08-15,2.884500026702881,1.059351583972176
2017-08-16,2.9544999599456787,1.0833294182465363
2017-08-17,2.937999963760376,1.0777290654168918
2017-08-18,2.940500020980835,1.0785796420529985
2017-08-21,2.9809999465942383,1.0922587967805495
2017-08-22,2.9865000247955322,1.0941021414927625
2017-08-23,2.9804999828338623,1.0920910659183616
2017-08-24,3.0334999561309814,1.1097170539386962
2017-08-25,3.0329999923706055,1.1095522261909827
2017-08-28,3.065000057220459,1.120047588057166
2017-08-29,3.0810000896453857,1.1252542487107284
2017-08-30,3.064500093460083,1.1198844544413102
2017-08-31,3.0789999961853027,1.124604867703423
2017-09-01,3.0980000495910645,1.1307567580021216
2017-09-05,3.1075000762939453,1.13381856895428
2017-09-06,3.131500005722046,1.1415121248105844
2017-09-07,3.122999906539917,1.1387940483745616
2017-09-08,3.0215001106262207,1.1057534334324892
2017-09-11,3.0460000038146973,1.1138292557253329
2017-09-12,3.015500068664551,1.10376567667944
2017-09-13,2.9609999656677246,1.0855270375246295
2017-09-14,2.936500072479248,1.0772184206626259
2017-09-15,2.927999973297119,1.0743195869792288
2017-09-18,2.9489998817443848,1.0814660897328958
2017-09-19,2.94950008392334,1.0816356929144049
2017-09-20,2.94950008392334,1.0816356929144049
2017-09-21,2.9140000343322754,1.0695267195548508
2017-09-22,2.924499988555908,1.0731235219877644
2017-09-25,2.9175000190734863,1.070727091716187
2017-09-26,2.8975000381469727,1.0638483093972477
2017-09-27,2.9110000133514404,1.068496669350034
2017-09-28,2.9625000953674316,1.086033538652787
2017-09-29,2.9375,1.0775588794702773
2017-10-02,2.939500093460083,1.0782395306547232
2017-10-03,2.948499917984009,1.0812965386422466
2017-10-04,2.944499969482422,1.0799390130382234
2017-10-05,3.0315001010894775,1.1090575798760036
2017-10-06,3.0144999027252197,1.1034339466783625
2017-10-09,3.0169999599456787,1.1042629469007155
2017-10-10,3.0455000400543213,1.113665104446371
2017-10-11,3.0799999237060547,1.1249295722147212
2017-10-12,3.1040000915527344,1.1326916318160538
2017-10-13,3.118499994277954,1.137352115149169
2017-10-16,3.2239999771118164,1.1706228175450692
2017-10-17,3.180500030517578,1.1570384267319358
2017-10-18,3.1635000705718994,1.1516790319129728
2017-10-19,3.1530001163482666,1.148354417463737
2017-10-20,3.1514999866485596,1.1478785257344926
2017-10-23,3.1740000247955322,1.1549926299162943
2017-10-24,3.186500072479248,1.1589231585179351
2017-10-25,3.1714999675750732,1.154204651867969
2017-10-26,3.1675000190734863,1.1529426392347786
2017-10-27,3.0934998989105225,1.1293031033108785
2017-10-30,3.1019999980926514,1.13204706413947
2017-10-31,3.0920000076293945,1.1288181331926381
2017-11-01,3.132999897003174,1.1419909790952294
2017-11-02,3.135499954223633,1.1427886364015547
2017-11-03,3.1105000972747803,1.1347835162459734
2017-11-06,3.1505000591278076,1.1475611891677264
2017-11-07,3.0824999809265137,1.1257409498686943
2017-11-08,3.0929999351501465,1.1291414727362807
2017-11-09,3.0799999237060547,1.1249295722147212
2017-11-10,3.069499969482422,1.1215146719432154
2017-11-13,3.1115000247955322,1.1351049329961318
2017-11-14,3.059999942779541,1.118414897264793
2017-11-15,3.0490000247955322,1.1148136761384668
2017-11-16,3.0434999465942383,1.11300815140436
2017-11-17,3.0625,1.1192315758708453
2017-11-20,3.0905001163482666,1.1283329277642593
2017-11-21,3.125499963760376,1.1395942587949055
2017-11-22,3.134500026702881,1.1424696802509102
2017-11-24,3.1659998893737793,1.1524689265168675
2017-11-27,3.132499933242798,1.1418313864769283
2017-11-28,3.070499897003174,1.1218403812433246
2017-11-29,3.0399999618530273,1.111857502869784
2017-11-30,3.0369999408721924,1.1108701665944618
2017-12-01,3.065500020980835,1.1202106950647859
2017-12-04,3.062999963760376,1.119394816019223
2017-12-05,2.9205000400543213,1.0717548482131118
2017-12-06,2.936500072479248,1.0772184206626259
2017-12-07,2.940500020980835,1.0785796420529985
2017-12-08,2.9549999237060547,1.0834986250394671
2017-12-11,2.98799991607666,1.0946042391837767
2017-12-12,2.999500036239624,1.098445620192899
2017-12-13,3.0295000076293945,1.1083975919212743
2017-12-14,3.0485000610351562,1.1146496863871067
2017-12-15,3.109999895095825,1.1346226924598963
2017-12-18,3.121999979019165,1.1384738153729217
2017-12-19,3.127500057220459,1.140233981654839
2017-12-20,3.1714999675750732,1.154204651867969
2017-12-21,3.194499969482422,1.1614305715070983
2017-12-22,3.2144999504089355,1.1676718091723015
2017-12-26,3.25600004196167,1.1804994610277846
2017-12-27,3.256999969482422,1.1808065169242536
2017-12-28,3.2860000133514404,1.1896710236782049
2017-12-29,3.2795000076293945,1.1876909740780426
2018-01-02,3.25600004196167,1.1804994610277846
2018-01-03,3.236999988555908,1.1746469714087067
2018-01-04,3.242500066757202,1.1763446577966505
2018-01-05,3.2070000171661377,1.1653359260637268
2018-01-08,3.2009999752044678,1.1634632532415428
2018-01-09,3.194499969482422,1.1614305715070983
2018-01-10,3.2149999141693115,1.1678273309926341
2018-01-11,3.2135000228881836,1.167360692951713
2018-01-12,3.200000047683716,1.1631508247068418
2018-01-16,3.1989998817443848,1.1628382240009485
2018-01-17,3.1665000915527344,1.1526269058872591
2018-01-18,3.177000045776367,1.1559373696960562
2018-01-19,3.1670000553131104,1.1527847850219621
2018-01-22,3.177500009536743,1.1560947270828075
2018-01-23,3.0894999504089355,1.1280092494674117
2018-01-24,3.2084999084472656,1.1658035096739976
2018-01-25,3.1989998817443848,1.1628382240009485
2018-01-26,3.182499885559082,1.1576670154899837
2018-01-30,3.177000045776367,1.1559373696960562
2018-01-31,3.184000015258789,1.1581382727744698
2018-02-01,3.197000026702881,1.162212878430185
2018-02-02,3.176500082015991,1.1557799875440606
2018-02-05,3.2105000019073486,1.166426688846063
2018-02-06,3.177500009536743,1.1560947270828075
2018-02-07,3.0764999389648438,1.1237925673592541
2018-02-08,3.072000026702881,1.1223288239777698
2018-02-09,3.0244998931884766,1.1067457532493994
2018-02-12,3.077500104904175,1.1241176131639363
2018-02-13,3.1545000076293945,1.148830007247302
2018-02-14,3.2284998893737793,1.1720175988188672
2018-02-15,3.239000082015991,1.1752646655105847
2018-02-16,3.243000030517578,1.1764988367354732
2018-02-20,3.186000108718872,1.158766245611796
2018-02-21,3.2114999294281006,1.166738095740963
2018-02-22,3.237499952316284,1.1748014122970951
2018-02-23,3.2084999084472656,1.1658035096739976
2018-02-26,3.196000099182129,1.1619000589372346
2018-02-27,3.1575000286102295,1.1497805843035478
2018-02-28,3.1075000762939453,1.13381856895428
2018-03-01,3.0994999408721924,1.1312407890832736
2018-03-02,3.1010000705718994,1.1317246628760993
2018-03-05,3.1054999828338623,1.133174727489564
2018-03-06,3.13700008392334,1.143266955961279
2018-03-07,3.114000082015991,1.1359080997496325
2018-03-08,3.058500051498413,1.117924616538283
2018-03-09,3.115999937057495,1.1365501078087248
2018-03-12,3.1040000915527344,1.1326916318160538
2018-03-13,3.11899995803833,1.1375124241721009
2018-03-14,3.140000104904175,1.1442228333291342
2018-03-15,3.1110000610351562,1.1349442375346435
2018-03-16,3.0929999351501465,1.1291414727362807
2018-03-19,3.069499969482422,1.1215146719432154
2018-03-20,3.0255000591278076,1.1070763866233913
2018-03-21,3.0485000610351562,1.1146496863871067
2018-03-22,3.01200008392334,1.1026043378006414
2018-03-23,2.984499931335449,1.0934322056195138
2018-03-26,2.9605000019073486,1.0853581736339595
2018-03-27,2.991499900817871,1.095774900693301
2018-03-28,2.99399995803833,1.0966102719821826
2018-03-29,3.0190000534057617,1.1049256684145863
2018-04-02,3.0404999256134033,1.1120219511127758
2018-04-03,3.058000087738037,1.1177611361981838
2018-04-04,3.006999969482422,1.1009428938575465
2018-04-05,3.069499969482422,1.1215146719432154
2018-04-06,3.053999900817871,1.116452174320301
2018-04-09,3.071500062942505,1.1221660621142768
2018-04-10,3.13100004196167,1.141352455746271
2018-04-11,3.111999988555908,1.1352656026387378
2018-04-12,3.059999942779541,1.118414897264793
2018-04-13,3.067500114440918,1.1208629349104815
2018-04-16,3.0915000438690186,1.1286564242066912
2018-04-17,3.075000047683716,1.1233049167653806
2018-04-18,3.1535000801086426,1.148512972524658
2018-04-19,3.128000020980835,1.1403938293904927
2018-04-20,3.131500005722046,1.1415121248105844
2018-04-23,3.1080000400543213,1.1339794453928917
2018-04-24,3.1384999752044678,1.143744970875009
2018-04-25,3.131999969482422,1.1416717683847577
2018-04-26,3.11299991607666,1.1355868645004794
2018-04-27,3.0460000038146973,1.1138292557253329
2018-04-30,3.052500009536743,1.1159609301269628
2018-05-01,3.015000104904175,1.103599864973236
2018-05-02,3.047499895095825,1.114321547950262
2018-05-03,3.059000015258789,1.118088070156929
2018-05-04,3.065500020980835,1.1202106950647859
2018-05-07,3.059499979019165,1.1182514970628556
2018-05-08,3.0404999256134033,1.1120219511127758
2018-05-09,3.0394999980926514,1.1116930275791197
2018-05-10,3.0924999713897705,1.128979816033017
2018-05-11,3.0950000286102295,1.1297879153805754
2018-05-14,3.0785000324249268,1.124442475901831
2018-05-15,3.0425000190734863,1.1126795521485628
2018-05-16,3.058500051498413,1.117924616538283
2018-05-17,3.0769999027252197,1.123955064726391
2018-05-18,3.0510001182556152,1.1154694444941566
2018-05-21,3.0855000019073486,1.1267137193971497
2018-05-22,3.11899995803833,1.1375124241721009
2018-05-23,3.060499906539917,1.118578270771466
2018-05-24,3.0855000019073486,1.1267137193971497
2018-05-25,3.066999912261963,1.1206998565249942
2018-05-29,3.052000045776367,1.1157971284210202
2018-05-30,3.059499979019165,1.1182514970628556
2018-05-31,3.058000087738037,1.1177611361981838
2018-06-01,3.0915000438690186,1.1286564242066912
2018-06-04,3.126499891281128,1.1399141332518672
2018-06-05,3.190999984741211,1.160334342514286
2018-06-06,3.254499912261963,1.1800386270713132
2018-06-07,3.2679998874664307,1.184178142562759
2018-06-08,3.2929999828338623,1.1917989981813095
2018-06-11,3.250499963760376,1.178808819513448
2018-06-12,3.242500066757202,1.1763446577966505
2018-06-13,3.247999906539917,1.178039393524775
2018-06-14,3.2165000438690186,1.1682938255076614
2018-06-15,3.1410000324249268,1.1445412308796317
2018-06-18,3.1034998893737793,1.1325304712259372
2018-06-19,3.0464999675750732,1.1139933800630748
2018-06-20,3.0464999675750732,1.1139933800630748
2018-06-21,3.0250000953674316,1.106911123009228
2018-06-22,3.0325000286102295,1.1093873712706037
2018-06-25,2.992000102996826,1.0959420945363032
2018-06-26,2.996999979019165,1.097611781333914
2018-06-27,2.989500045776367,1.0951061646512044
2018-06-28,2.9535000324249268,1.0829909187436282
2018-06-29,2.9509999752044678,1.0821440875583854
2018-07-02,2.93149995803833,1.0755142231080717
2018-07-03,2.9059998989105225,1.066777530361622
2018-07-05,2.813999891281128,1.034606920057203
2018-07-06,2.812999963760376,1.0342515166248103
2018-07-09,2.8389999866485596,1.0434518727879667
2018-07-10,2.8285000324249268,1.0397465472647207
2018-07-11,2.7335000038146973,1.0055828407484528
2018-07-12,2.7679998874664307,1.018124997100231
2018-07-13,2.7699999809265137,1.018847313313512
2018-07-16,2.756999969482422,1.0141431209725345
2018-07-17,2.739500045776367,1.0077754387060858
2018-07-18,2.752000093460083,1.0123279540318826
2018-07-19,2.686000108718872,0.9880531385771701
2018-07-20,2.746000051498413,1.0101453260997533
2018-07-23,2.736999988555908,1.0068624258772882
2018-07-24,2.799999952316284,1.0296194001512595
2018-07-25,2.805999994277954,1.031759979641051
2018-07-26,2.803999900817871,1.0310469338006851
2018-07-27,2.7874999046325684,1.025145102573705
2018-07-30,2.7790000438690186,1.0220911665462675
2018-07-31,2.819000005722046,1.0363822141617896
2018-08-01,2.734999895095825,1.0061313975177555
2018-08-02,2.7269999980926514,1.0032021031640204
2018-08-03,2.753499984741211,1.0128728241788014
2018-08-06,2.7209999561309814,1.0009994436787208
2018-08-07,2.740999937057495,1.008322794357312
2018-08-08,2.740499973297119,1.0081403757602352
2018-08-09,2.755500078201294,1.0135989427212266
2018-08-10,2.7325000762939453,1.0052169689894876
2018-08-13,2.7219998836517334,1.0013668614856046
2018-08-14,2.67549991607666,0.9841362474018737
2018-08-15,2.556999921798706,0.938834665725829
2018-08-16,2.6135001182556152,0.9606903644188259
2018-08-17,2.624500036239624,0.9648904155184185
2018-08-20,2.6635000705718994,0.9796410738708426
2018-08-21,2.689500093460083,0.989355337481144
2018-08-22,2.6684999465942383,0.9815164967784609
2018-08-23,2.6524999141693115,0.9755025591475884
2018-08-24,2.6989998817443848,0.992881290221263
2018-08-27,2.7049999237060547,0.9951018840936587
2018-08-28,2.7339999675750732,1.0057657264418722
2018-08-29,2.7090001106262207,0.9965796039395097
2018-08-30,2.690500020980835,0.9897270577454547
2018-08-31,2.6489999294281006,0.9741821836489737
2018-09-04,2.5834999084472656,0.9491450333076198
2018-09-05,2.5924999713897705,0.952622650085777
2018-09-06,2.618499994277954,0.9626016325521672
2018-09-07,2.6034998893737793,0.9568566511294693
2018-09-10,2.6105000972747803,0.9595418111313616
2018-09-11,2.6040000915527344,0.9570487595048224
2018-09-12,2.6584999561309814,0.9777620374608385
2018-09-13,2.6644999980926514,0.9800164220388625
2018-09-14,2.627500057220459,0.9660328455464985
2018-09-17,2.633500099182129,0.9683137976030222
2018-09-18,2.7119998931884766,0.9976863306933683
2018-09-19,2.7100000381469727,0.9969486489679831
2018-09-20,2.7209999561309814,1.0009994436787208
2018-09-21,2.8364999294281006,1.0425708729045622
2018-09-24,2.815999984741211,1.035317432877192
2018-09-25,2.803499937057495,1.0308686141301882
2018-09-26,2.806999921798706,1.03211626952036
2018-09-27,2.7644999027252197,1.0168597516087348
2018-09-28,2.7869999408721924,1.0249657272842359
2018-10-01,2.7739999294281006,1.0202902964521567
2018-10-02,2.7950000762939453,1.0278321339036436
2018-10-03,2.822499990463257,1.0376230136628517
2018-10-04,2.765000104904175,1.0170406729143244
2018-10-05,2.750999927520752,1.0119644555959275
2018-10-08,2.755000114440918,1.01341748414423
2018-10-09,2.7950000762939453,1.0278321339036436
2018-10-10,2.7690000534057617,1.0184862634758458
2018-10-11,2.796999931335449,1.0285473896704656
2018-10-12,2.7929999828338623,1.027116280816911
2018-10-15,2.7804999351501465,1.0226307443223908
2018-10-16,2.7704999446868896,1.019027789360239
2018-10-17,2.7669999599456787,1.0177636863290673
2018-10-18,2.737499952316284,1.0070450777239102
2018-10-19,2.7679998874664307,1.018124997100231
2018-10-22,2.7739999294281006,1.0202902964521567
2018-10-23,2.746999979019165,1.0105093994754102
2018-10-24,2.746500015258789,1.0103273793562595
2018-10-25,2.748500108718872,1.0110553478742883
2018-10-26,2.74399995803833,1.0094166945714849
2018-10-29,2.7385001182556152,1.007410368424262
2018-10-30,2.6630001068115234,0.9794533469412662
2018-10-31,2.6635000705718994,0.9796410738708426
2018-11-01,2.7214999198913574,1.001183169456643
2018-11-02,2.802999973297119,1.030690262656115
2018-11-05,2.755500078201294,1.0135989427212266
2018-11-06,2.7304999828338623,1.0044847363232603
2018-11-07,2.752500057220459,1.0125096104032387
2018-11-08,2.736999988555908,1.0068624258772882
2018-11-09,2.686500072479248,0.9882392581657999
2018-11-12,2.677999973297119,0.985070237297778
2018-11-13,2.687000036239624,0.9884253431203746
2018-11-14,2.7095000743865967,0.9967641434780254
2018-11-15,2.749000072479248,1.011237235548786
2018-11-16,2.803999900817871,1.0310469338006851
2018-11-19,2.804500102996826,1.0312253066918113
2018-11-20,2.7664999961853027,1.017582981977138
2018-11-21,2.7945001125335693,1.0276532399972766
2018-11-23,2.7704999446868896,1.019027789360239
2018-11-26,2.758500099182129,1.0146870896854425
2018-11-27,2.7105000019073486,0.9971331204219447
2018-11-28,2.7960000038146973,1.0281898257359048
2018-11-29,2.7780001163482666,1.0217312862141765
2018-11-30,2.7774999141693115,1.0215512116295096
2018-12-03,2.799499988555908,1.0294408257189054
2018-12-04,2.748500108718872,1.0110553478742883
2018-12-06,2.740499973297119,1.0081403757602352
2018-12-07,2.757499933242798,1.0143244479361995
2018-12-10,2.7184998989105225,1.0000802204180816
2018-12-11,2.7660000324249268,1.0174022449652442
2018-12-12,2.7685000896453857,1.018305689661374
2018-12-13,2.762500047683716,1.0161360841049447
2018-12-14,2.760499954223633,1.015411806159326
2018-12-17,2.753000020980835,1.0126912337815508
2018-12-18,2.6710000038146973,0.9824529355560144
2018-12-19,2.7214999198913574,1.001183169456643
2018-12-20,2.7019999027252197,0.9939922035369775
2018-12-21,2.678499937057495,0.985256912839716
2018-12-24,2.6684999465942383,0.9815164967784609
2018-12-26,2.7084999084472656,0.9963949423138095
2018-12-27,2.6675000190734863,0.9811417113440942
2018-12-28,2.678999900817871,0.9854435535403997
2018-12-31,2.628000020980835,0.966223108605939
2019-01-02,2.625,0.965080896043587
2019-01-03,2.570499897003174,0.944100392444631
2019-01-04,2.6514999866485596,0.9751255125596184
2019-01-07,2.6410000324249268,0.9711576455925137
2019-01-08,2.6605000495910645,0.9785140936940404
2019-01-09,2.6619999408721924,0.9790776977611212
2019-01-10,2.6435000896453857,0.9721038306049942
2019-01-11,2.6695001125335693,0.9818912311134015
2019-01-14,2.6454999446868896,0.9728600624536725
2019-01-15,2.6505000591278076,0.9747483237538946
2019-01-16,2.69350004196167,0.9908414787173152
2019-01-17,2.700000047683716,0.9932517906709187
2019-01-18,2.740999937057495,1.008322794357312
2019-01-22,2.688999891281128,0.9891693368557591
2019-01-23,2.694000005722046,0.9910270801121684
2019-01-24,2.6735000610351562,0.9833884982363315
2019-01-25,2.73799991607666,1.0072276962149274
2019-01-28,2.6875,0.9886113934537812
2019-01-29,2.7320001125335693,1.005033982899454
2019-01-30,2.7730000019073486,1.0199297673214696
2019-01-31,2.7890000343322754,1.025683120955239
2019-02-01,2.7750000953674316,1.0206507815650392
2019-02-04,2.7950000762939453,1.0278321339036436
2019-02-05,2.816999912261963,1.035672457748322
2019-02-06,2.8355000019073486,1.0422182891446132
2019-02-07,2.8285000324249268,1.0397465472647207
2019-02-08,2.809999942779541,1.0331844629825016
2019-02-11,2.7915000915527344,1.0265791185652449
2019-02-12,2.7744998931884766,1.0204705122862425
2019-02-13,2.7739999294281006,1.0202902964521567
2019-02-14,2.7760000228881836,1.0210110508895809
2019-02-15,2.802500009536743,1.0305118793671193
2019-02-19,2.881500005722046,1.0583109938803712
2019-02-20,2.930000066757202,1.0750024458130036
2019-02-21,2.9024999141693115,1.0655724050186124
2019-02-22,2.9609999656677246,1.0855270375246295
2019-02-25,2.950000047683716,1.0818051865157
2019-02-26,2.944000005722046,1.0797692028102595
2019-02-27,2.9590001106262207,1.0848514108044256
2019-02-28,2.950000047683716,1.0818051865157
2019-03-01,2.933500051498413,1.076196266939057
2019-03-04,2.9110000133514404,1.068496669350034
2019-03-05,2.936000108718872,1.077048147781857
2019-03-06,2.9184999465942383,1.071069767362664
2019-03-07,2.9114999771118164,1.0686684044337347
2019-03-08,2.8940000534057617,1.0626396466632524
2019-03-11,2.9000000953674316,1.0647107698777492
2019-03-12,2.927500009536743,1.074148819747376
2019-03-13,2.933500051498413,1.076196266939057
2019-03-14,2.8884999752044678,1.0607373276549588
2019-03-15,2.9035000801086426,1.0659169334203382
2019-03-18,2.9035000801086426,1.0659169334203382
2019-03-19,2.9195001125335693,1.0714124072869484
2019-03-20,2.9154999256134033,1.0700413061658915
2019-03-21,2.9000000953674316,1.0647107698777492
2019-03-22,2.8359999656677246,1.0423945965640011
2019-03-25,2.8494999408721924,1.0471435195426775
2019-03-26,2.8505001068115234,1.0474944549606524
2019-03-27,2.8580000400543213,1.0501220935224835
2019-03-28,2.868499994277954,1.053789243065002
2019-03-29,2.936000108718872,1.077048147781857
2019-04-01,2.9205000400543213,1.0717548482131118
2019-04-02,2.9040000438690186,1.0660891120689608
2019-04-03,2.946500062942505,1.0806180466576176
2019-04-04,2.9084999561309814,1.06763746928564
2019-04-05,2.8924999237060547,1.0621211537092223
2019-04-08,2.929500102996826,1.0748317951612059
2019-04-09,2.93149995803833,1.0755142231080717
2019-04-10,2.922499895095825,1.072439378468731
2019-04-11,2.885999917984009,1.0598714319331093
2019-04-12,2.946000099182129,1.0804483517071484
2019-04-15,2.934000015258789,1.076366684921468
2019-04-16,2.930500030517578,1.0751730673481255
2019-04-17,2.9755001068115234,1.090412127999769
2019-04-18,2.927500009536743,1.074148819747376
2019-04-22,2.9065001010894775,1.0669496429397518
2019-04-23,2.8984999656677246,1.0641933499528082
2019-04-24,2.9175000190734863,1.070727091716187
2019-04-25,2.877500057220459,1.056921881499377
2019-04-26,2.9700000286102295,1.088561962447682
2019-04-29,2.8949999809265137,1.062985104436535
2019-04-30,2.9014999866485596,1.065227840046961
2019-05-01,2.802999973297119,1.030690262656115
2019-05-02,2.7839999198913574,1.0238887136975168
2019-05-03,2.825000047683716,1.0385083814775955
2019-05-06,2.8369998931884766,1.0427471181772516
2019-05-07,2.7939999103546143,1.0274742287498069
2019-05-08,2.7855000495910645,1.024427408282023
2019-05-09,2.7834999561309814,1.023709112881045
2019-05-10,2.7850000858306885,1.0242479041981656
2019-05-13,2.7295000553131104,1.0041184625045991
2019-05-14,2.734499931335449,1.0059485786942308
2019-05-15,2.753499984741211,1.0128728241788014
2019-05-16,2.758500099182129,1.0146870896854425
2019-05-17,2.747999906539917,1.0108733403498829
2019-05-20,2.7360000610351562,1.006497022068475
2019-05-21,2.7235000133514404,1.0019178227439018
2019-05-22,2.686000108718872,0.9880531385771701
2019-05-23,2.686500072479248,0.9882392581657999
2019-05-24,2.7065000534057617,0.9956563069873031
2019-05-28,2.7035000324249268,0.9945472418336072
2019-05-29,2.672499895095825,0.9830143246638633
2019-05-30,2.6605000495910645,0.9785140936940404
2019-05-31,2.6459999084472656,0.9730490310923346
2019-06-03,2.6554999351501465,0.9766329364593587
2019-06-04,2.6735000610351562,0.9833884982363315
2019-06-05,2.627000093460083,0.9658425462801372
2019-06-06,2.6540000438690186,0.9760679524394122
2019-06-07,2.630500078201294,0.9671739719174048
2019-06-10,2.6640000343322754,0.9798287655656334
2019-06-11,2.67549991607666,0.9841362474018737
2019-06-12,2.6589999198913574,0.9779500821335252
2019-06-13,2.6610000133514404,0.9787019970130043
2019-06-14,2.634500026702881,0.9686934208030473
2019-06-17,2.6510000228881836,0.9749369359406809
2019-06-18,2.7070000171661377,0.9958410169735522
2019-06-19,2.684499979019165,0.9874944830649405
2019-06-20,2.7155001163482666,0.9989761413387449
2019-06-21,2.7060000896453857,0.9954715628769718
2019-06-24,2.7054998874664307,0.9952866965062815
2019-06-25,2.7355000972747803,1.0063142700818892
2019-06-26,2.7109999656677246,0.9973175578524651
2019-06-27,2.7125000953674316,0.9978707540250774
2019-06-28,2.7054998874664307,0.9952866965062815
2019-07-01,2.679500102996826,0.9856302483915901
2019-07-02,2.6575000286102295,0.9773858419998095
2019-07-03,2.679500102996826,0.9856302483915901
2019-07-05,2.6584999561309814,0.9777620374608385
2019-07-08,2.6559998989105225,0.9768211935533895
2019-07-09,2.624500036239624,0.9648904155184185
2019-07-10,2.693000078201294,0.9906558428681892
2019-07-11,2.682499885559082,0.9867491528606772
2019-07-12,2.691499948501587,0.9900986398851526
2019-07-15,2.7074999809265137,0.996025692848323
2019-07-16,2.69350004196167,0.9908414787173152
2019-07-17,2.7100000381469727,0.9969486489679831
2019-07-18,2.7039999961853027,0.9947321567699569
2019-07-19,2.744499921798706,1.0095988805139846
2019-07-22,2.7144999504089355,0.9986077560944187
2019-07-23,2.694000005722046,0.9910270801121684
2019-07-24,2.7039999961853027,0.9947321567699569
2019-07-25,2.695499897003174,0.9915836776989285
2019-07-26,2.676500082015991,0.9845100014942991
2019-07-29,2.7095000743865967,0.9967641434780254
2019-07-30,2.6705000400543213,0.9822657357964976
2019-07-31,2.6579999923706055,0.977573957420702
2019-08-01,2.6600000858306885,0.9783261550607834
2019-08-02,2.565000057220459,0.9419585009309037
2019-08-05,2.5369999408721924,0.9309822573109532
2019-08-06,2.5510001182556152,0.9364854855162453
2019-08-07,2.565000057220459,0.9419585009309037
2019-08-08,2.6019999980926514,0.9562803793572818
2019-08-09,2.5840001106262207,0.9493386287323594
2019-08-12,2.5799999237060547,0.947789369362229
2019-08-13,2.624500036239624,0.9648904155184185
2019-08-14,2.5864999294281006,0.9503055831767235
2019-08-15,2.5894999504089355,0.9514647877309828
2019-08-16,2.5899999141693115,0.9516578425721839
2019-08-19,2.5969998836517334,0.9543568878795836
2019-08-20,2.5739998817443848,0.9454610632315814
2019-08-21,2.5815000534057617,0.9483706460254463
2019-08-22,2.553499937057495,0.9374649424560586
2019-08-23,2.5260000228881836,0.926637032989338
2019-08-26,2.5399999618530273,0.9321640660119519
2019-08-27,2.5434999465942383,0.9335410642837249
2019-08-28,2.5510001182556152,0.9364854855162453
2019-08-29,2.559499979019165,0.9398119187182612
2019-08-30,2.5329999923706055,0.9294043680075388
2019-09-03,2.512500047683716,0.9212782923637873
2019-09-04,2.5789999961853027,0.9474017254200696
2019-09-05,2.624500036239624,0.9648904155184185
2019-09-06,2.615499973297119,0.961455273619054
2019-09-09,2.6105000972747803,0.9595418111313616
2019-09-10,2.6105000972747803,0.9595418111313616
2019-09-11,2.5975000858306885,0.9545494770348207
2019-09-12,2.623500108718872,0.9645093455850219
2019-09-13,2.680999994277954,0.9861898571195269
2019-09-16,2.621000051498413,0.9635559439896526
2019-09-17,2.609499931335449,0.9591586057880327
2019-09-18,2.5954999923706055,0.9537791733456766
2019-09-19,2.5910000801086426,0.9520439324980128
2019-09-20,2.5899999141693115,0.9516578425721839
2019-09-23,2.5945000648498535,0.9533938448207826
2019-09-24,2.5894999504089355,0.9514647877309828
2019-09-25,2.5950000286102295,0.9535865276429885
2019-09-26,2.559999942779541,0.940007236139729
2019-09-27,2.5829999446868896,0.9489514926994135
2019-09-30,2.564500093460083,0.941763564290969
2019-10-01,2.552000045776367,0.9368773834199913
2019-10-02,2.561500072479248,0.9405930526927463
2019-10-03,2.5455000400543213,0.9343271100955988
2019-10-04,2.555500030517578,0.9382479111681178
2019-10-07,2.572000026702881,0.9446838167575194
2019-10-08,2.563499927520752,0.9413734839680667
2019-10-09,2.562000036239624,0.9407882176195947
2019-10-10,2.6050000190734863,0.9574326825272059
2019-10-11,2.618499994277954,0.9626016325521672
2019-10-14,2.623500108718872,0.9645093455850219
2019-10-15,2.6040000915527344,0.9570487595048224
2019-10-16,2.5794999599456787,0.9475955661746274
2019-10-17,2.5869998931884766,0.9504988619160971
2019-10-18,2.625,0.965080896043587
2019-10-21,2.634999990463257,0.9688831783740682
2019-10-22,2.621999979019165,0.9639373773396641
2019-10-23,2.6624999046325684,0.9792654952167892
2019-10-24,2.6589999198913574,0.9779500821335252
2019-10-25,2.6665000915527344,0.9807667853929406
2019-10-28,2.672499895095825,0.9830143246638633
2019-10-29,2.682499885559082,0.9867491528606772
2019-10-30,2.680500030517578,0.9860033556704872
2019-10-31,2.632999897003174,0.9681238413965012
2019-11-01,2.6510000228881836,0.9749369359406809
2019-11-04,2.6670000553131104,0.9809542659397009
2019-11-05,2.694999933242798,0.9913981795901987
2019-11-06,2.6610000133514404,0.9787019970130043
2019-11-07,2.7239999771118164,1.002101379884849
2019-11-08,2.677999973297119,0.985070237297778
2019-11-11,2.6600000858306885,0.9783261550607834
2019-11-12,2.6419999599456787,0.9715361909395274
2019-11-13,2.6364998817443848,0.9694522351351282
2019-11-14,2.618499994277954,0.9626016325521672
2019-11-15,2.634999990463257,0.9688831783740682
2019-11-18,2.617500066757202,0.9622196892667387
2019-11-19,2.6535000801086426,0.9758795534756153
2019-11-20,2.6465001106262207,0.9732380541168568
2019-11-21,2.621000051498413,0.9635559439896526
2019-11-22,2.6475000381469727,0.9736158129021015
2019-11-25,2.6475000381469727,0.9736158129021015
2019-11-26,2.674499988555908,0.9837624427102027
2019-11-27,2.674499988555908,0.9837624427102027
2019-11-29,2.6419999599456787,0.9715361909395274
2019-12-02,2.632499933242798,0.9679339396671319
2019-12-03,2.6080000400543213,0.9585836594226584
2019-12-04,2.6440000534057617,0.9722929421882905
2019-12-05,2.6484999656677246,0.9739934290395311
2019-12-06,2.7109999656677246,0.9973175578524651
2019-12-09,2.746500015258789,1.0103273793562595
2019-12-10,2.755500078201294,1.0135989427212266
2019-12-11,2.7825000286102295,1.0233498144497657
2019-12-12,2.7894999980926514,1.0258623676196859
2019-12-13,2.7804999351501465,1.0226307443223908
2019-12-16,2.820499897003174,1.0369141376806705
2019-12-17,2.819499969482422,1.0365595534413443
2019-12-18,2.816999912261963,1.035672457748322
2019-12-19,2.8315000534057617,1.0408066254330193
2019-12-20,2.811000108718872,1.0335403306006203
2019-12-23,2.816999912261963,1.035672457748322
2019-12-24,2.8385000228881836,1.0432757516921223
2019-12-26,2.864500045776367,1.052393830847074
2019-12-27,2.8364999294281006,1.0425708729045622
2019-12-30,2.827500104904175,1.0393929661095258
2019-12-31,2.7939999103546143,1.0274742287498069
2020-01-02,2.8329999446868896,1.041336201323808
2020-01-03,2.7985000610351562,1.029083581159231
2020-01-06,2.80049991607666,1.0297979427004795
2020-01-07,2.803999900817871,1.0310469338006851
2020-01-08,2.819000005722046,1.0363822141617896
2020-01-09,2.810499906539917,1.033362370206093
2020-01-10,2.81850004196167,1.0362048434274365
2020-01-13,2.8615000247955322,1.0513459715322417
2020-01-14,2.875999927520752,1.0564004146573924
2020-01-15,2.869999885559082,1.0543119898966447
2020-01-16,2.8519999980926514,1.0480205018832738
2020-01-17,2.8494999408721924,1.0471435195426775
2020-01-21,2.7985000610351562,1.029083581159231
2020-01-22,2.7669999599456787,1.0177636863290673
2020-01-23,2.7260000705718994,1.002835359162785
2020-01-24,2.685499906539917,0.9878668955616325
2020-01-27,2.5964999198913574,0.9541643534496874
2020-01-28,2.5794999599456787,0.9475955661746274
2020-01-29,2.553499937057495,0.9374649424560586
2020-01-30,2.5234999656677246,0.925646813193157
2020-01-31,2.5199999809265137,0.9242588939544881
2020-02-03,2.513000011444092,0.9214772631154112
2020-02-04,2.547499895095825,0.9351124449354781
2020-02-05,2.5789999961853027,0.9474017254200696
2020-02-06,2.5985000133514404,0.9549343606044932
2020-02-07,2.559000015258789,0.9396165631404454
2020-02-10,2.557499885559082,0.9390301740964615
2020-02-11,2.5885000228881836,0.9510785662020764
2020-02-12,2.6059999465942383,0.957816458209268
2020-02-13,2.619499921798706,0.9629834300126175
2020-02-14,2.6054999828338623,0.9576245887787086
2020-02-18,2.609999895095825,0.9593501811414308
2020-02-19,2.612499952316284,0.9603075990387892
2020-02-20,2.5950000286102295,0.9535865276429885
2020-02-21,2.618000030517578,0.962410679144537
2020-02-24,2.5924999713897705,0.952622650085777
2020-02-25,2.5964999198913574,0.9541643534496874
2020-02-26,2.5764999389648438,0.9464318650969679
2020-02-27,2.571500062942505,0.9444894107097944
2020-02-28,2.5460000038146973,0.9345235016335248
2020-03-02,2.6010000705718994,0.9558960135991167
2020-03-03,2.5794999599456787,0.9475955661746274
2020-03-04,2.5929999351501465,0.9528154815469422
2020-03-05,2.5824999809265137,0.948757914625989
2020-03-06,2.572999954223633,0.9450725155085586
2020-03-09,2.5239999294281006,0.9258449167186258
2020-03-10,2.5339999198913574,0.9297990502854335
2020-03-11,2.51200008392334,0.9210792820149245
2020-03-12,2.4809999465942383,0.9086616831837622
2020-03-13,2.4739999771118164,0.9058362647188072
2020-03-16,2.3984999656677246,0.8748435276459204
2020-03-17,2.315500020980835,0.8396256559997082
2020-03-18,2.1605000495910645,0.7703396993433633
2020-03-19,2.200000047683716,0.7884573820386862
2020-03-20,2.190500020980835,0.7841298378499192
2020-03-23,2.119499921798706,0.7511801749144493
2020-03-24,2.197499990463257,0.7873203462373801
2020-03-25,2.2339999675750732,0.8037936861327175
2020-03-26,2.2079999446868896,0.7920871033636211
2020-03-27,2.197000026702881,0.7870928055567201
2020-03-30,2.1619999408721924,0.771033691868354
2020-03-31,2.240000009536743,0.8064758701244231
2020-04-01,2.191999912261963,0.7848143290592915
2020-04-02,2.2330000400543213,0.8033459907954686
2020-04-03,2.2100000381469727,0.7929925327907349
2020-04-06,2.234999895095825,0.80424118112854
2020-04-07,2.2885000705718994,0.8278966119491818
2020-04-08,2.2780001163482666,0.823297916099733
2020-04-09,2.2774999141693115,0.823078312465614
2020-04-13,2.320499897003174,0.8417826353134746
2020-04-14,2.3469998836517334,0.8531378672956996
2020-04-15,2.3125,0.8383291904044432
2020-04-16,2.304500102996826,0.8348637778722093
2020-04-17,2.3534998893737793,0.8559035348540787
2020-04-20,2.3345000743865967,0.8477977672928921
2020-04-21,2.2669999599456787,0.8184573538569659
2020-04-22,2.317500114440918,0.8404890678390663
2020-04-23,2.3239998817443848,0.8432897881051474
2020-04-24,2.3480000495910645,0.8535639230864054
2020-04-27,2.381999969482422,0.8679404581213627
2020-04-28,2.378999948501587,0.8666802096737363
2020-04-29,2.374500036239624,0.8647869042690415
2020-04-30,2.3540000915527344,0.8561160477304948
2020-05-01,2.31850004196167,0.8409204429480067
2020-05-04,2.3239998817443848,0.8432897881051474
2020-05-05,2.3410000801086426,0.8505782227286119
2020-05-06,2.3524999618530273,0.8554785762618937
2020-05-07,2.385499954223633,0.869408726784602
2020-05-08,2.4084999561309814,0.8790041288738893
2020-05-11,2.381999969482422,0.8679404581213627
2020-05-12,2.3605000972747803,0.8588735022135999
2020-05-13,2.3489999771118164,0.8539896959329768
2020-05-14,2.3510000705718994,0.854840799575754
2020-05-15,2.3334999084472656,0.8473692471736487
2020-05-18,2.4049999713897705,0.8775498916615792
2020-05-19,2.4230000972747803,0.8850064819808098
2020-05-20,2.4674999713897705,0.903205480730675
2020-05-21,2.4519999027252197,0.8969039784023572
2020-05-22,2.4089999198913574,0.8792116903788348
2020-05-26,2.438499927520752,0.8913830664450877
2020-05-27,2.4024999141693115,0.8765098261367371
2020-05-28,2.4130001068115234,0.8808708309079262
2020-05-29,2.426500082015991,0.8864499236632533
2020-06-01,2.4744999408721924,0.9060383315149529
2020-06-02,2.494499921798706,0.914088276969468
2020-06-03,2.496500015258789,0.9148897570705994
2020-06-04,2.493000030517578,0.9134868167827277
2020-06-05,2.556999921798706,0.938834665725829
2020-06-08,2.569999933242798,0.943905872931563
2020-06-09,2.6005001068115234,0.9557037753044457
2020-06-10,2.6570000648498535,0.9771976911848472
2020-06-11,2.5864999294281006,0.9503055831767235
2020-06-12,2.6015000343322754,0.9560882149453287
2020-06-15,2.56850004196167,0.9433220872622187
2020-06-16,2.565999984741211,0.9423482602469173
2020-06-17,2.5920000076293945,0.9524297814334675
2020-06-18,2.5910000801086426,0.9520439324980128
2020-06-19,2.615000009536743,0.9612641011638243
2020-06-22,2.6554999351501465,0.9766329364593587
2020-06-23,2.6600000858306885,0.9783261550607834
2020-06-24,2.6505000591278076,0.9747483237538946
2020-06-25,2.6624999046325684,0.9792654952167892
2020-06-26,2.671999931335449,0.982827229976588
2020-06-29,2.679500102996826,0.9856302483915901
2020-06-30,2.7135000228881836,0.9982393229562528
2020-07-01,2.7170000076293945,0.9995283332522322
2020-07-02,2.7335000038146973,1.0055828407484528
2020-07-06,2.7660000324249268,1.0174022449652442
2020-07-07,2.7874999046325684,1.025145102573705
2020-07-08,2.814500093460083,1.0347846591285819
2020-07-09,2.828000068664551,1.0395697723145774
2020-07-10,2.88700008392334,1.0602179297501915
2020-07-13,2.941999912261963,1.079089592356663
2020-07-14,2.9159998893737793,1.0702127762087497
2020-07-15,2.870500087738037,1.0544862611909736
2020-07-16,2.885999917984009,1.0598714319331093
2020-07-17,2.887500047683716,1.0603910923617528
2020-07-20,2.8984999656677246,1.0641933499528082
2020-07-21,2.940999984741211,1.0787496543835584
2020-07-22,2.9084999561309814,1.06763746928564
2020-07-23,2.924499988555908,1.0731235219877644
2020-07-24,2.881999969482422,1.0584844869883026
2020-07-27,2.888000011444092,1.0605642249932155
2020-07-28,2.9049999713897705,1.0664333804552586
2020-07-29,2.9054999351501465,1.066605470213335
2020-07-30,2.9045000076293945,1.0662612610771998
2020-07-31,2.8589999675750732,1.0504719019988222
2020-08-03,2.9079999923706055,1.0674655570476848
2020-08-04,2.8894999027252197,1.0610834431107772
2020-08-05,2.9114999771118164,1.0686684044337347
2020-08-06,2.9054999351501465,1.066605470213335
2020-08-07,2.7904999256134033,1.0262207645892656
2020-08-10,2.8585000038146973,1.050297013056399
2020-08-11,2.871999979019165,1.0550086438806732
2020-08-12,2.88700008392334,1.0602179297501915
2020-08-13,2.803999900817871,1.0310469338006851
2020-08-14,2.8559999465942383,1.0494220257778413
2020-08-17,2.8980000019073486,1.064020844556651
2020-08-18,2.9709999561309814,1.0888985817147288
2020-08-19,3.0190000534057617,1.1049256684145863
2020-08-20,2.9700000286102295,1.088561962447682
2020-08-21,2.9135000705718994,1.0693551318233698
2020-08-24,2.922499895095825,1.072439378468731
2020-08-25,2.930999994277954,1.075343659776505
2020-08-26,2.9595000743865967,1.0850203602834951
2020-08-27,2.9649999141693115,1.0868770035017328
2020-08-28,2.994999885559082,1.0969441933567547
2020-08-31,3.0409998893737793,1.1121863723169894
2020-09-01,3.009500026702881,1.1017739608785513
2020-09-02,3.003000020980835,1.0996117959878182
2020-09-03,2.9579999446868896,1.0845133455891114
2020-09-04,3.0464999675750732,1.1139933800630748
2020-09-08,3.012500047683716,1.1027703146453927
2020-09-09,3.0399999618530273,1.111857502869784
2020-09-10,2.986999988555908,1.0942695354026732
2020-09-11,3.0339999198913574,1.1098818545227005
2020-09-14,3.066499948501587,1.1205368292900277
2020-09-15,3.062999963760376,1.119394816019223
2020-09-16,3.058000087738037,1.1177611361981838
2020-09-17,3.066499948501587,1.1205368292900277
2020-09-18,3.1135001182556152,1.135747533311938
2020-09-21,3.0295000076293945,1.1083975919212743
2020-09-22,3.059000015258789,1.118088070156929
2020-09-23,2.993499994277954,1.0964432694717794
2020-09-24,2.9690001010894775,1.0882252298299473
2020-09-25,2.9730000495910645,1.0895715606964396
2020-09-28,2.989500045776367,1.0951061646512044
2020-09-29,2.9835000038146973,1.0930971092585975
2020-09-30,3.0285000801086426,1.1080674738904552
2020-10-01,2.8635001182556152,1.0520446941493524
2020-10-02,2.9784998893737793,1.0914197809450161
2020-10-05,2.9649999141693115,1.0868770035017328
2020-10-06,2.9655001163482666,1.0870456915305893
2020-10-07,3.0344998836517334,1.1100466279519474
2020-10-08,3.0420000553131104,1.1125152120202404
2020-10-09,3.0794999599456787,1.1247672331381995
2020-10-12,3.061000108718872,1.118741695480711
2020-10-13,3.0425000190734863,1.1126795521485628
2020-10-14,3.047499895095825,1.114321547950262
2020-10-15,3.0829999446868896,1.1259031309626863
2020-10-16,3.065000057220459,1.120047588057166
2020-10-19,3.0810000896453857,1.1252542487107284
2020-10-20,3.1435000896453857,1.145336857358677
2020-10-21,3.194499969482422,1.1614305715070983
2020-10-22,3.1500000953674316,1.1474024831129164
2020-10-23,3.125499963760376,1.1395942587949055
2020-10-26,3.0885000228881836,1.1276855435645934
2020-10-27,3.0899999141693115,1.128171063132732
2020-10-28,3.056999921798706,1.1174340173276391
2020-10-29,3.052000045776367,1.1157971284210202
2020-10-30,3.0434999465942383,1.11300815140436
2020-11-02,3.073499917984009,1.1228169506800427
2020-11-03,3.0869998931884766,1.127199710919593
2020-11-04,3.1010000705718994,1.1317246628760993
2020-11-05,3.1045000553131104,1.1328526896398856
2020-11-06,3.1489999294281006,1.147084919707995
2020-11-09,3.1514999866485596,1.1478785257344926
2020-11-10,3.1505000591278076,1.1475611891677264
2020-11-11,3.128999948501587,1.1407134482283194
2020-11-12,3.1429998874664307,1.1451777220109216
2020-11-13,3.17549991607666,1.155465073832506
2020-11-16,3.2200000286102295,1.1693813684414813
2020-11-17,3.196500062942505,1.1620564809157141
2020-11-18,3.197999954223633,1.1625256000977013
2020-11-19,3.2035000324249268,1.1642439722186582
2020-11-20,3.2934999465942383,1.1919508128831067
2020-11-23,3.259500026702881,1.1815738175747812
2020-11-24,3.299999952316284,1.1939224540228235
2020-11-25,3.312000036239624,1.1975522474649287
2020-11-27,3.3994998931884766,1.2236283305646023
2020-11-30,3.4205000400543213,1.2297867509289935
2020-12-01,3.4679999351501465,1.2435780402187988
2020-12-02,3.4749999046325684,1.2455944515728898
2020-12-03,3.4790000915527344,1.2467449224856237
2020-12-04,3.5139999389648438,1.2567549723957658
2020-12-07,3.508500099182129,1.2551886239793035
2020-12-08,3.49399995803833,1.2510471997022283
2020-12-09,3.507999897003174,1.2550460451493815
2020-12-10,3.570499897003174,1.2727056131604157
2020-12-11,3.5239999294281006,1.2595966880478546
2020-12-14,3.5220000743865967,1.2590290311945698
2020-12-15,3.5380001068115234,1.2635616259273963
2020-12-16,3.553999900817871,1.2680737018252761
2020-12-17,3.5969998836517334,1.2801001323675685
2020-12-18,3.628499984741211,1.2888193355307938
2020-12-21,3.572999954223633,1.273405566229527
2020-12-22,3.5179998874664307,1.257892614327427
2020-12-23,3.552000045776367,1.2675108380174143
2020-12-24,3.559999942779541,1.2697605287907763
2020-12-28,3.569999933242798,1.2725655770920512
2020-12-29,3.552999973297119,1.267792309523303
2020-12-30,3.5429999828338623,1.2649738210382495
2020-12-31,3.5139999389648438,1.2567549723957658
2021-01-04,3.552999973297119,1.267792309523303
2021-01-05,3.640500068664551,1.2921210537139254
2021-01-06,3.6500000953674316,1.2947271937224634
2021-01-07,3.695499897003174,1.307115835371927
2021-01-08,3.6735000610351562,1.3011449026931823
2021-01-11,3.563999891281128,1.2708834791038284
2021-01-12,3.6050000190734863,1.2823217760277545
2021-01-13,3.617000102996826,1.2856449814457211
2021-01-14,3.6679999828338623,1.2996465497142462
2021-01-15,3.6029999256134033,1.2817668111202172
2021-01-19,3.635999917984009,1.290884153758579
2021-01-20,3.6475000381469727,1.2940420118731923
2021-01-21,3.6554999351501465,1.2962328650108823
2021-01-22,3.635499954223633,1.290746640516483
2021-01-25,3.640500068664551,1.2921210537139254
2021-01-26,3.628000020980835,1.2886815380359207
2021-01-27,3.571500062942505,1.272985693236439
2021-01-28,3.5829999446868896,1.2762004228851638
2021-01-29,3.573499917984009,1.2735454847267305
2021-02-01,3.562000036239624,1.2703221950414239
2021-02-02,3.5390000343322754,1.2638442110644497
2021-02-03,3.5785000324249268,1.2749437272575537
2021-02-04,3.565999984741211,1.2714445151619838
2021-02-05,3.6389999389648438,1.2917089018575147
2021-02-08,3.678999900817871,1.3026409491636457
2021-02-09,3.7335000038146973,1.3173461325153677
2021-02-10,3.7855000495910645,1.331177991661492
2021-02-11,3.7874999046325684,1.3317061456559673
2021-02-12,3.802000045776367,1.335527256106313
2021-02-16,3.8480000495910645,1.3475535456909506
2021-02-17,3.8359999656677246,1.344430148071172
2021-02-18,3.9165000915527344,1.3651984212013168
2021-02-19,4.090000152587891,1.4085450073622623
2021-02-22,4.152500152587891,1.4237105992513424
2021-02-23,4.1875,1.4321038971511848
2021-02-24,4.301000118255615,1.4588475812965105
2021-02-25,4.265999794006348,1.4506765717618506
2021-02-26,4.0945000648498535,1.4096446255663897
2021-03-01,4.119500160217285,1.4157318356659174
2021-03-02,4.231500148773193,1.442556575286523
2021-03-03,4.1529998779296875,1.423830935255331
2021-03-04,3.990999937057495,1.3840418102954855
2021-03-05,4.086999893188477,1.4078111784476834
2021-03-08,4.103499889373779,1.4118402411286377
2021-03-09,4.019499778747559,1.3911574617411098
2021-03-10,4.041999816894531,1.3967395736807184
2021-03-11,4.14300012588501,1.4214201934802533
2021-03-12,4.145500183105469,1.42202345274383
2021-03-15,4.146500110626221,1.4222646315885423
2021-03-16,4.078999996185303,1.4058518594002174
2021-03-17,4.127999782562256,1.4177929755053882
2021-03-18,4.117000102996826,1.4151247678052135
2021-03-19,4.123499870300293,1.4167022858374816
2021-03-22,4.14900016784668,1.4228673818054611
2021-03-23,4.0879998207092285,1.4080558090435815
2021-03-24,4.071499824523926,1.4040114388264175
2021-03-25,3.984999895095825,1.3825372859174165
2021-03-26,4.078499794006348,1.4057292232512877
2021-03-29,4.043000221252441,1.396987045383451
2021-03-30,3.9830000400543213,1.3820353142558268
2021-03-31,4.002999782562256,1.387044025691738
2021-04-01,4.003499984741211,1.387168974719189
2021-04-05,4.14900016784668,1.4228673818054611
2021-04-06,4.126500129699707,1.4174296214815252
2021-04-07,4.064000129699707,1.4021677421904784
2021-04-08,4.103499889373779,1.4118402411286377
2021-04-09,4.05049991607666,1.3988403095691544
2021-04-12,4.03000020980835,1.3937664280202156
2021-04-13,4.043000221252441,1.396987045383451
2021-04-14,4.139999866485596,1.4206957555873665
2021-04-15,4.230500221252441,1.4423202416817769
2021-04-16,4.179999828338623,1.430311205469349
2021-04-19,4.25,1.4469189829363254
2021-04-20,4.223999977111816,1.4407825409853563
2021-04-21,4.286499977111816,1.4554705437970763
2021-04-22,4.2804999351501465,1.4540698100503382
2021-04-23,4.3429999351501465,1.4685653386206439
2021-04-26,4.447999954223633,1.4924545466568317
2021-04-27,4.743000030517578,1.5566698533296799
2021-04-28,4.5370001792907715,1.5122660401992982
2021-04-29,4.493000030517578,1.5025206368802726
2021-04-30,4.479000091552734,1.4993998276656035
2021-05-03,4.543000221252441,1.5135876354791011
2021-05-04,4.535999774932861,1.5120455168074738
2021-05-05,4.539000034332275,1.5127067310381697
2021-05-06,4.61899995803833,1.5301782223638893
2021-05-07,4.765999794006348,1.561507335455053
2021-05-10,4.733500003814697,1.5546648873927025
2021-05-11,4.778500080108643,1.5641267064884883
2021-05-12,4.752500057220459,1.5586708074205227
2021-05-13,4.70550012588501,1.5487320640694433
2021-05-14,4.664000034332275,1.5398734564093137
2021-05-17,4.721499919891357,1.5521265287542085
2021-05-18,4.735499858856201,1.5550872878785496
2021-05-19,4.5894999504089355,1.523771074871678
2021-05-20,4.581999778747559,1.5221355357439954
2021-05-21,4.495999813079834,1.503188071016619
2021-05-24,4.541500091552734,1.513257374119271
2021-05-25,4.521999835968018,1.5089543375815664
2021-05-26,4.5329999923706055,1.5113839702756338
2021-05-27,4.666500091552734,1.5404093456428078
2021-05-28,4.682499885559082,1.5438321308959742
2021-06-01,4.6620001792907715,1.5394445790714737
2021-06-02,4.599999904632568,1.5260562827629987
2021-06-03,4.471499919891357,1.4977239048887139
2021-06-04,4.537499904632568,1.5123761785733532
2021-06-07,4.534999847412109,1.511825049920376
2021-06-08,4.563000202178955,1.5179803462536043
2021-06-09,4.536499977111816,1.512155784582207
2021-06-10,4.489999771118164,1.5018526507782517
2021-06-11,4.541500091552734,1.513257374119271
2021-06-14,4.5320000648498535,1.5111633574750831
2021-06-15,4.340000152587891,1.467874383270813
2021-06-16,4.392499923706055,1.4798985237099755
2021-06-17,4.184500217437744,1.4313872744534488
2021-06-18,4.162499904632568,1.4261158323954672
2021-06-21,4.1875,1.4321038971511848
2021-06-22,4.234499931335449,1.4432652411640128
2021-06-23,4.330999851226807,1.465798427881717
2021-06-24,4.311500072479248,1.4612858882209223
2021-06-25,4.298999786376953,1.4583823878228088
2021-06-28,4.2779998779296875,1.4534855821257786
2021-06-29,4.276500225067139,1.4531349706675156
2021-06-30,4.296500205993652,1.4578007857156647
2021-07-01,4.242000102996826,1.4450348804227418
2021-07-02,4.2820000648498535,1.4544202053122488
2021-07-06,4.257999897003174,1.4487995422822724
2021-07-07,4.328999996185303,1.4653365675786476
2021-07-08,4.271500110626221,1.4519650795082182
2021-07-09,4.352499961853027,1.470750383895825
2021-07-12,4.322999954223633,1.463949595096467
2021-07-13,4.314499855041504,1.461981409368242
2021-07-14,4.2769999504089355,1.453251817649947
2021-07-15,4.333000183105469,1.4662601850161303
2021-07-16,4.332499980926514,1.4661447382052037
2021-07-19,4.2104997634887695,1.43758134931614
2021-07-20,4.273499965667725,1.452433155590175
2021-07-21,4.28249979019165,1.454536902224111
2021-07-22,4.3480000495910645,1.4697159806644515
2021-07-23,4.406499862670898,1.4830806923924575
2021-07-26,4.589000225067139,1.5236621844576155
2021-07-27,4.546000003814697,1.5142477262694842
2021-07-28,4.479000091552734,1.4993998276656035
2021-07-29,4.519999980926514,1.508511989624342
2021-07-30,4.480500221252441,1.4997346967233303
2021-08-02,4.432000160217285,1.4888509855950915
2021-08-03,4.382999897003174,1.47773339793751
2021-08-04,4.329999923706055,1.4655675243945496
2021-08-05,4.3454999923706055,1.4691408251396776
2021-08-06,4.3454999923706055,1.4691408251396776
2021-08-09,4.2870001792907715,1.4555872294378058
2021-08-10,4.351500034332275,1.4705206211371877
2021-08-11,4.363999843597412,1.4733890321315506
2021-08-12,4.355999946594238,1.471554192810438
2021-08-13,4.38700008392334,1.4786456413140836
2021-08-16,4.322000026702881,1.4637182642630562
2021-08-17,4.199999809265137,1.435084479876259
2021-08-18,4.116000175476074,1.4148818606044733
2021-08-19,4.03849983215332,1.3958732943385739
2021-08-20,4.134500026702881,1.4193664086386357
2021-08-23,4.234499931335449,1.4432652411640128
2021-08-24,4.255000114440918,1.44809478892097
2021-08-25,4.264999866485596,1.450442149638975
2021-08-26,4.245999813079834,1.4459773192584147
2021-08-27,4.316500186920166,1.4624449319970803
2021-08-30,4.361000061035156,1.4727014028563084
2021-08-31,4.360000133514404,1.4724720879835123
2021-09-01,4.263000011444092,1.4499731404675893
2021-09-02,4.289999961853027,1.4562867240478574
2021-09-03,4.325500011444092,1.464527743284019
2021-09-07,4.277500152587891,1.4533687624564238
2021-09-08,4.23199987411499,1.4426746648100126
2021-09-09,4.2835001945495605,1.454770477840324
2021-09-10,4.447999954223633,1.4924545466568317
2021-09-13,4.363500118255615,1.4732745147223207
2021-09-14,4.317999839782715,1.4627922949881025
2021-09-15,4.403500080108643,1.4823996974554157
2021-09-16,4.278500080108643,1.453602499599507
2021-09-17,4.245500087738037,1.4458596191234068
2021-09-20,4.117000102996826,1.4151247678052135
2021-09-21,4.127999782562256,1.4177929755053882
2021-09-22,4.252500057220459,1.4475070587436019
2021-09-23,4.230999946594238,1.4424383591154388
2021-09-24,4.287499904632568,1.4557037902489254
2021-09-27,4.293499946594238,1.457102238691655
2021-09-28,4.244999885559082,1.445741792804319
2021-09-29,4.199999809265137,1.435084479876259
2021-09-30,4.090000152587891,1.4085450073622623
2021-10-01,4.19350004196167,1.433535717448689
2021-10-04,4.246500015258789,1.4460951178311894
2021-10-05,4.202000141143799,1.4355606360124795
2021-10-06,4.1570000648498535,1.4247936758706574
2021-10-07,4.250999927520752,1.447154232326724
2021-10-08,4.2829999923706055,1.4546536968519137
2021-10-11,4.374499797821045,1.4757921813465664
2021-10-12,4.328999996185303,1.4653365675786476
2021-10-13,4.520500183105469,1.508622647700862
2021-10-14,4.631499767303467,1.5328807394697905
2021-10-15,4.734000205993652,1.5547705546054482
2021-10-18,4.730500221252441,1.5540309519338313
2021-10-19,4.714000225067139,1.550536852258346
2021-10-20,4.75600004196167,1.5594069876514265
2021-10-21,4.58650016784668,1.5231172425633819
2021-10-22,4.526000022888184,1.5098385522683901
2021-10-25,4.551499843597412,1.515456814600339
2021-10-26,4.486499786376953,1.5010728401413422
2021-10-27,4.38700008392334,1.4786456413140836
2021-10-28,4.4375,1.490091154801534
2021-10-29,4.375500202178955,1.4760208452007995
2021-11-01,4.4019999504089355,1.482058971838694
2021-11-02,4.374000072479248,1.4756779388250487
2021-11-03,4.326000213623047,1.4646433769120601
2021-11-04,4.326000213623047,1.4646433769120601
2021-11-05,4.348999977111816,1.4699459283526402
2021-11-08,4.40500020980835,1.482740307017733
2021-11-09,4.380000114440918,1.4770487505164178
2021-11-10,4.328000068664551,1.4651055574093723
2021-11-11,4.4045000076293945,1.482626747299895
2021-11-12,4.45550012588501,1.4941393163244827
2021-11-15,4.4070000648498535,1.4831942005750425
2021-11-16,4.358500003814697,1.4721279623447254
2021-11-17,4.2729997634887695,1.4523161013117272
2021-11-18,4.309999942779541,1.4609378908394477
2021-11-19,4.4085001945495605,1.4835345396755006
2021-11-22,4.395500183105469,1.4805813319665788
2021-11-23,4.423500061035156,1.4869312517392363
2021-11-24,4.458000183105469,1.4947002760371326
2021-11-26,4.281499862670898,1.4543033834091117
2021-11-29,4.336999893188477,1.467182840225255
2021-11-30,4.2779998779296875,1.4534855821257786
2021-12-01,4.247499942779541,1.446330561092388
2021-12-02,4.298999786376953,1.4583823878228088
2021-12-03,4.266499996185303,1.4507938181003979
2021-12-06,4.336999893188477,1.467182840225255
2021-12-07,4.3379998207092285,1.467413371074398
2021-12-08,4.390999794006348,1.4795569446668824
2021-12-09,4.329999923706055,1.4655675243945496
2021-12-10,4.2829999923706055,1.4546536968519137
2021-12-13,4.28000020980835,1.4539530586143468
2021-12-14,4.254000186920166,1.447859760717905
2021-12-15,4.179500102996826,1.4301916468004103
2021-12-16,4.30049991607666,1.4587312754946105
2021-12-17,4.290999889373779,1.4565197802283991
2021-12-20,4.288000106811523,1.4558204486779043
2021-12-21,4.3379998207092285,1.467413371074398
2021-12-22,4.389500141143799,1.4792153575389952
2021-12-23,4.38700008392334,1.4786456413140836
2021-12-27,4.465000152587891,1.4962692485026814
2021-12-28,4.420000076293945,1.4861397133506802
2021-12-29,4.4019999504089355,1.482058971838694
2021-12-30,4.384500026702881,1.4780756003275644
2021-12-31,4.454999923706055,1.4940270437973078
2022-01-03,4.4145002365112305,1.4848946309354938
2022-01-04,4.466000080108643,1.496493171355414
2022-01-05,4.4045000076293945,1.482626747299895
2022-01-06,4.3480000495910645,1.4697159806644515
2022-01-07,4.4029998779296875,1.4822860990492666
2022-01-10,4.3445000648498535,1.468910692224009
2022-01-11,4.420499801635742,1.4862527669900059
2022-01-12,4.564000129699707,1.518199460417819
2022-01-13,4.533999919891357,1.5116045344169113
2022-01-14,4.411499977111816,1.4842147624917228
2022-01-18,4.375999927520752,1.4761350485567806
2022-01-19,4.462500095367432,1.4957091684766102
2022-01-20,4.576499938964844,1.5209345005060517
2022-01-21,4.512499809265137,1.5068512813908848
2022-01-24,4.4029998779296875,1.4822860990492666
2022-01-25,4.442999839782715,1.491329787893162
2022-01-26,4.504499912261963,1.5050768776314938
2022-01-27,4.413000106811523,1.4845547544912447
2022-01-28,4.302999973297119,1.4593124476508197
2022-01-31,4.317999839782715,1.4627922949881025
2022-02-01,4.428999900817871,1.4881738025472635
2022-02-02,4.491000175476074,1.502075433178429
2022-02-03,4.4664998054504395,1.4966050606022587
2022-02-04,4.483500003814697,1.5004039922607955
2022-02-07,4.46150016784668,1.4954850699792002
2022-02-08,4.459499835968018,1.4950366153415293
2022-02-09,4.600500106811523,1.5261650164576515
2022-02-10,4.65749979019165,1.5384787784461873
2022-02-11,4.505000114440918,1.5051879164633903
2022-02-14,4.507500171661377,1.5057427141788347
2022-02-15,4.531499862670898,1.5110529802072588
2022-02-16,4.540500164031982,1.5130371742741593
2022-02-17,4.525000095367432,1.5096175982275648
2022-02-18,4.519499778747559,1.5084013193012569
2022-02-22,4.510000228881836,1.5062972042644385
2022-02-23,4.481500148773193,1.4999578450124658
2022-02-24,4.453999996185303,1.4938025679787104
2022-02-25,4.4720001220703125,1.4978357631493793
2022-02-28,4.444499969482422,1.4916673698332232
2022-03-01,4.58650016784668,1.5231172425633819
2022-03-02,4.6554999351501465,1.5380493024167183
2022-03-03,4.771500110626221,1.5626607440599602
2022-03-04,4.928999900817871,1.5951361076010802
2022-03-07,4.7220001220703125,1.5522324645147212
2022-03-08,4.700500011444092,1.5476688884711227
2022-03-09,4.564000129699707,1.518199460417819
2022-03-10,4.643499851226807,1.5354683601949046
2022-03-11,4.616000175476074,1.5295285672205452
2022-03-14,4.512499809265137,1.5068512813908848
2022-03-15,4.501500129699707,1.504410703378947
2022-03-16,4.5879998207092285,1.5234441601889257
2022-03-17,4.690499782562256,1.5455391402268173
2022-03-18,4.730500221252441,1.5540309519338313
2022-03-21,4.701499938964844,1.5478815937529342
2022-03-22,4.689000129699707,1.5452193677678683
2022-03-23,4.762499809265137,1.5607727004035035
2022-03-24,4.729000091552734,1.5537137830215892
2022-03-25,4.685999870300293,1.5445793124074756
2022-03-28,4.714000225067139,1.550536852258346
2022-03-29,4.7164998054504395,1.5510669578590557
2022-03-30,4.739500045776367,1.5559316545694395
2022-03-31,4.743000030517578,1.5566698533296799
2022-04-01,4.682499885559082,1.5438321308959742
2022-04-04,4.776500225067139,1.5637081078476023
2022-04-05,4.790999889373779,1.566739134810561
2022-04-06,4.733500003814697,1.5546648873927025
2022-04-07,4.695000171661377,1.5464981492228191
2022-04-08,4.71999979019165,1.5518087551465416
2022-04-11,4.628499984741211,1.532232838228426
2022-04-12,4.703999996185303,1.5484132097853782
2022-04-13,4.706999778747559,1.549050715414024
2022-04-14,4.7170000076293945,1.5511730059195499
2022-04-18,4.796000003814697,1.5677822379606592
2022-04-19,4.714000225067139,1.550536852258346
2022-04-20,4.649499893188477,1.5367596639634244
2022-04-21,4.703499794006348,1.5483068686340453
2022-04-22,4.582499980926514,1.5222446965694783
2022-04-25,4.448999881744385,1.4926793252436357
2022-04-26,4.440000057220459,1.490654389331624
2022-04-27,4.454500198364258,1.4939148657097665
2022-04-28,4.41349983215332,1.484667987447861
2022-04-29,4.394999980926514,1.4804675267973255
2022-05-02,4.255499839782715,1.448212226285416
2022-05-03,4.270999908447266,1.451847970423428
2022-05-04,4.328499794006348,1.4652210140836124
2022-05-05,4.284999847412109,1.4551205164399663
2022-05-06,4.261499881744385,1.4496211832304517
2022-05-09,4.192999839782715,1.4334164299779677
2022-05-10,4.1545000076293945,1.424192085959316
2022-05-11,4.212500095367432,1.4380563183176327
2022-05-12,4.105000019073486,1.412205747550795
2022-05-13,4.180500030517578,1.4304308639079584
2022-05-16,4.196499824523926,1.434250802725881
2022-05-17,4.239500045776367,1.4444453485595068
2022-05-18,4.182000160217285,1.4307896393176045
2022-05-19,4.284999847412109,1.4551205164399663
2022-05-20,4.281000137329102,1.4541866592415522
2022-05-23,4.347499847412109,1.4696009321484533
2022-05-24,4.325500011444092,1.464527743284019
2022-05-25,4.2769999504089355,1.453251817649947
2022-05-26,4.255000114440918,1.44809478892097
2022-05-27,4.303999900817871,1.4595447998153082
2022-05-31,4.295000076293945,1.4574515731996516
2022-06-01,4.329999923706055,1.4655675243945496
2022-06-02,4.553999900817871,1.516005945862424
2022-06-03,4.477499961853027,1.4990648464330263
2022-06-06,4.439499855041504,1.4905417248382569
2022-06-07,4.439499855041504,1.4905417248382569
2022-06-08,4.458499908447266,1.4948123660583716
2022-06-09,4.388999938964844,1.4791013967997044
2022-06-10,4.301000118255615,1.4588475812965105
2022-06-13,4.2164998054504395,1.4390053538924987
2022-06-14,4.161499977111816,1.4258755807040286
2022-06-15,4.167500019073486,1.4273163402195335
2022-06-16,4.111999988555908,1.4139095253697678
2022-06-17,4.017499923706055,1.390659799639127
2022-06-21,4.043000221252441,1.396987045383451
2022-06-22,3.9514999389648438,1.3740952382168201
2022-06-23,3.758500099182129,1.3240199680241393
2022-06-24,3.759999990463257,1.3244189548654353
2022-06-27,3.7790000438690186,1.3294594359759835
2022-06-28,3.7839999198913574,1.3307816300192716
2022-06-29,3.7790000438690186,1.3294594359759835
2022-06-30,3.7144999504089355,1.3122440662590535
2022-07-01,3.61899995803833,1.2861977329867809
2022-07-05,3.424999952316284,1.2311014577919357
2022-07-06,3.4179999828338623,1.2290555796711236
2022-07-07,3.5820000171661377,1.2759213084308532
2022-07-08,3.5320000648498535,1.261864301102374
2022-07-11,3.4375,1.2347444629926896
2022-07-12,3.2964999675750732,1.1928612897350495
2022-07-13,3.325500011444092,1.2016200421836534
2022-07-14,3.2105000019073486,1.166426688846063
2022-07-15,3.234499931335449,1.1738743352731038
2022-07-18,3.3480000495910645,1.2083631674393747
2022-07-19,3.2915000915527344,1.1913434157406912
2022-07-20,3.3294999599456787,1.2028221305384088
2022-07-21,3.302000045776367,1.1945283593611606
2022-07-22,3.3485000133514404,1.2085124883552578
2022-07-25,3.3510000705718994,1.2092588298151252
2022-07-26,3.382499933242798,1.218615061326752
2022-07-27,3.429500102996826,1.2324145079898456
2022-07-28,3.4749999046325684,1.2455944515728898
2022-07-29,3.5840001106262207,1.2764795259793746
2022-08-01,3.552000045776367,1.2675108380174143
2022-08-02,3.5244998931884766,1.2597385519263526
2022-08-03,3.4695000648498535,1.2440105100488783
2022-08-04,3.4830000400543213,1.2478940028838128
2022-08-05,3.552999973297119,1.267792309523303
2022-08-08,3.5875000953674316,1.2774556076689954
2022-08-09,3.5924999713897705,1.2788483310071654
2022-08-10,3.6554999351501465,1.2962328650108823
2022-08-11,3.7105000019073486,1.311166638942092
2022-08-12,3.6760001182556152,1.3018252366630851
2022-08-15,3.628999948501587,1.2889571140401332
2022-08-16,3.6364998817443848,1.2910216480933832
2022-08-17,3.5980000495910645,1.2803781493112942
2022-08-18,3.6465001106262207,1.2937678337797947
2022-08-19,3.683500051498413,1.3038634011215682
2022-08-22,3.6705000400543213,1.3003279034811963
2022-08-23,3.7044999599456787,1.3095482860622325
2022-08-24,3.6605000495910645,1.2975997636521805
2022-08-25,3.7105000019073486,1.311166638942092
2022-08-26,3.7114999294281006,1.311436088561077
2022-08-29,3.626499891281128,1.2882679658423217
2022-08-30,3.5450000762939453,1.2655381815056548
2022-08-31,3.5185000896453857,1.2580347879027627
2022-09-01,3.4144999980926514,1.2280310688604044
2022-09-02,3.4214999675750732,1.2300790419335992
2022-09-06,3.4690001010894775,1.2438663971284245
2022-09-07,3.437999963760376,1.2348898964197546
2022-09-08,3.5360000133514404,1.2629961485512569
2022-09-09,3.5810000896453857,1.2756421160499132
2022-09-12,3.625499963760376,1.2879921998337514
2022-09-13,3.5810000896453857,1.2756421160499132
2022-09-14,3.5455000400543213,1.265679205059142
2022-09-15,3.5234999656677246,1.259454804041141
2022-09-16,3.561000108718872,1.2700414348260733
2022-09-19,3.557499885559082,1.269058018812954
2022-09-20,3.5480000972747803,1.2663840918641254
2022-09-21,3.51200008392334,1.2561856996690373
2022-09-22,3.498500108718872,1.252334336279667
2022-09-23,3.371500015258789,1.2153577537183158
2022-09-26,3.313499927520752,1.19800501067222
2022-09-27,3.322999954223633,1.2008679755968426
2022-09-28,3.381999969482422,1.2184672414528586
2022-09-29,3.440000057220459,1.2354714880191613
2022-09-30,3.441999912261963,1.236052672298924
2022-10-03,3.4579999446868896,1.2406903712654045
2022-10-04,3.5179998874664307,1.257892614327427
2022-10-05,3.5325000286102295,1.2620058436756905
2022-10-06,3.4749999046325684,1.2455944515728898
2022-10-07,3.4124999046325684,1.2274451325645777
2022-10-10,3.4535000324249268,1.239388218935895
2022-10-11,3.4779999256134033,1.2464573945443405
2022-10-12,3.444499969482422,1.2367787471913143
2022-10-13,3.4674999713897705,1.2434338649558823
2022-10-14,3.450500011444092,1.2385191513951668
2022-10-17,3.4554998874664307,1.2399671319828032
2022-10-18,3.4065001010894775,1.2256854009070521
2022-10-19,3.3605000972747803,1.212089801374403
2022-10-20,3.4509999752044678,1.2386640369308382
2022-10-21,3.5230000019073486,1.2593128999004997
2022-10-24,3.4795000553131104,1.2468886211996235
2022-10-25,3.450500011444092,1.2385191513951668
2022-10-26,3.629499912261963,1.28909487356917
2022-10-27,3.625499963760376,1.2879921998337514
2022-10-28,3.4660000801086426,1.243001214406121
2022-10-31,3.4135000705718994,1.2277381785505495
2022-11-01,3.509500026702881,1.2554735847970813
2022-11-02,3.505500078201294,1.2543331859730562
2022-11-03,3.4565000534057617,1.2402565318540033
2022-11-04,3.7144999504089355,1.3122440662590535
2022-11-07,3.629499912261963,1.28909487356917
2022-11-08,3.7054998874664307,1.3098181720399416
2022-11-09,3.741499900817871,1.3194865740296218
2022-11-10,3.7960000038146973,1.333947881752607
2022-11-11,3.9509999752044678,1.3739687051534926
2022-11-14,3.8550000190734863,1.3493710119630196
2022-11-15,3.8394999504089355,1.3453421368724396
2022-11-16,3.7880001068115234,1.3318382035211713
2022-11-17,3.689500093460083,1.3054909728476523
2022-11-18,3.631999969482422,1.2897834523366298
2022-11-21,3.571500062942505,1.272985693236439
2022-11-22,3.614500045776367,1.2849535461228618
2022-11-23,3.617500066757202,1.2857831979774623
2022-11-25,3.626499891281128,1.2882679658423217
2022-11-28,3.6105000972747803,1.2838462938512898
2022-11-29,3.630000114440918,1.2892326798031826
2022-11-30,3.7295000553131104,1.316274191244321
2022-12-01,3.813999891281128,1.3386784786730166
2022-12-02,3.8480000495910645,1.3475535456909506
2022-12-05,3.7894999980926514,1.3322340837666222
2022-12-06,3.811500072479248,1.3380228314621294
2022-12-07,3.8554999828338623,1.3495006958385016
2022-12-08,3.880500078201294,1.355964031464432
2022-12-09,3.875999927520752,1.3548036753290231
2022-12-12,3.7985000610351562,1.334606268029365
2022-12-13,3.8394999504089355,1.3453421368724396
2022-12-14,3.875,1.3545456628053103
2022-12-15,3.763000011444092,1.3252165146525152
2022-12-16,3.7614998817443848,1.3248177825797192
2022-12-19,3.7829999923706055,1.3305173436341344
2022-12-20,3.797499895095825,1.3343429278632546
2022-12-21,3.805999994277954,1.33657876737053
2022-12-22,3.751499891281128,1.3221557310235388
2022-12-23,3.802999973297119,1.335790221924592
2022-12-27,3.8334999084472656,1.3437782001345282
2022-12-28,3.8320000171661377,1.3433868645882951
2022-12-29,3.821000099182129,1.3405121944218756
2022-12-30,3.805500030517578,1.3364473967446437
2023-01-03,3.7660000324249268,1.326013438844872
2023-01-04,3.739500045776367,1.318951924890892
2023-01-05,3.818000078201294,1.3397267457858222
2023-01-06,3.9084999561309814,1.3631536574542442
2023-01-09,4.018499851226807,1.3909086616485642
2023-01-10,4.066999912261963,1.4029056053519284
2023-01-11,4.1545000076293945,1.424192085959316
2023-01-12,4.185999870300293,1.4317455930396443
2023-01-13,4.207499980926514,1.4368686425496127
2023-01-17,4.215000152587891,1.4386496276549785
2023-01-18,4.228499889373779,1.4418472940780913
2023-01-19,4.226500034332275,1.4413742355099437
2023-01-20,4.248499870300293,1.4465659489331057
2023-01-23,4.254000186920166,1.447859760717905
2023-01-24,4.245500087738037,1.4458596191234068
2023-01-25,4.239999771118164,1.4445632152622998
2023-01-26,4.267000198364258,1.450911050693853
2023-01-27,4.223999977111816,1.4407825409853563
2023-01-30,4.203499794006348,1.4359174625879434
2023-01-31,4.228499889373779,1.4418472940780913
2023-02-01,4.111000061035156,1.413666322762532
2023-02-02,4.093999862670898,1.4095224536951056
2023-02-03,4.063000202178955,1.4019216667665915
2023-02-06,4.043499946594238,1.3971106403459341
2023-02-07,4.088500022888184,1.408178160218081
2023-02-08,4.043499946594238,1.3971106403459341
2023-02-09,4.105500221252441,1.4123275920584213
2023-02-10,4.027500152587891,1.3931458739554947
2023-02-13,4.086999893188477,1.4078111784476834
2023-02-14,4.110000133514404,1.4134230609933993
2023-02-15,4.052000045776367,1.3992105976836646
2023-02-16,4.165500164031982,1.426836355811528
2023-02-17,4.113999843597412,1.4143957532136067
2023-02-21,4.234499931335449,1.4432652411640128
2023-02-22,4.202499866485596,1.4356795545304002
2023-02-23,4.072999954223633,1.404379817427295
2023-02-24,3.9549999237060547,1.3749805819291125
2023-02-27,4.008999824523926,1.388541789889834
2023-02-28,4.097499847412109,1.4103769943965814
2023-03-01,4.168000221252441,1.4274363575346636
2023-03-02,4.084000110626221,1.407076927390132
2023-03-03,4.078000068664551,1.4056066889900638
2023-03-06,4.100500106811523,1.4111089435427429
2023-03-07,3.9865000247955322,1.3829136591802882
2023-03-08,4.041500091552734,1.3966159328449188
2023-03-09,4.054500102996826,1.399827400805564
2023-03-10,4.045499801635742,1.3976051032324455
2023-03-13,4.069499969482422,1.4035201342858614
2023-03-14,4.010499954223633,1.3889159104107125
2023-03-15,3.8564999103546143,1.349760013146646
2023-03-16,3.885499954223633,1.3572516638858274
2023-03-17,3.9135000705718994,1.3644321322956927
2023-03-20,3.9755001068115234,1.3801505532268448
2023-03-21,4.018499851226807,1.3909086616485642
2023-03-22,4.06850004196167,1.4032743914683685
2023-03-23,4.145999908447266,1.4221439919314036
2023-03-24,4.101500034332275,1.4113527688313308
2023-03-27,4.104499816894531,1.4120838881952755
2023-03-28,4.111999988555908,1.4139095253697678
2023-03-29,4.114999771118164,1.4146387785076864
2023-03-30,4.0904998779296875,1.4086671821292214
2023-03-31,4.104499816894531,1.4120838881952755
2023-04-03,4.059500217437744,1.4010598668830536
2023-04-04,3.9835000038146973,1.3821608307959081
2023-04-05,3.997999906539917,1.385794212701499
2023-04-06,4.026000022888184,1.3927733329026926
2023-04-10,3.9865000247955322,1.3829136591802882
2023-04-11,4.024499893188477,1.3924006530113298
2023-04-12,4.084499835968018,1.4071992816401626
2023-04-13,4.124000072479248,1.4168235837297007
2023-04-14,4.107500076293945,1.412814589503588
2023-04-17,4.065999984741211,1.4026597114533785
2023-04-18,4.0894999504089355,1.4084227010664545
2023-04-19,4.072000026702881,1.4041342858059036
2023-04-20,4.021999835968018,1.391779250566774
2023-04-21,3.9800000190734863,1.3812818240886795
2023-04-24,3.953000068664551,1.3744748016847863
2023-04-25,3.8459999561309814,1.3470336357601869
2023-04-26,3.8499999046325684,1.3480731235289312
2023-04-27,3.864500045776367,1.3518323194101416
2023-04-28,3.869999885559082,1.3532544774703934
2023-05-01,3.9170000553131104,1.3653260688049886
2023-05-02,3.8480000495910645,1.3475535456909506
2023-05-03,3.8315000534057617,1.343256385366926
2023-05-04,3.8499999046325684,1.3480731235289312
2023-05-05,3.871500015258789,1.353642032785953
2023-05-08,3.9179999828338623,1.3655813151409968
2023-05-09,3.8889999389648438,1.358152039479304
2023-05-10,3.828000068664551,1.3423424915281557
2023-05-11,3.697499990463257,1.307656913023577
2023-05-12,3.7165000438690186,1.3127823769870637
2023-05-15,3.737499952316284,1.3184169259586198
2023-05-16,3.6545000076293945,1.2959592870259806
2023-05-17,3.743000030517578,1.319887437075532
2023-05-18,3.68149995803833,1.3033202664286527
2023-05-19,3.7225000858306885,1.314395508633297
2023-05-22,3.6740000247955322,1.301280993541854
2023-05-23,3.6414999961853027,1.2923956836282706
2023-05-24,3.553499937057495,1.267933015571993
2023-05-25,3.5804998874664307,1.2755024240352886
2023-05-26,3.6735000610351562,1.3011449026931823
2023-05-30,3.6579999923706055,1.2969165478830003
2023-05-31,3.63100004196167,1.2895081039887037
2023-06-01,3.7065000534057617,1.3100880495233145
2023-06-02,3.7225000858306885,1.314395508633297
2023-06-05,3.762500047683716,1.325083642748407
2023-06-06,3.7669999599456787,1.3262789180769543
2023-06-07,3.754499912261963,1.3229550971890338
2023-06-08,3.7964999675750732,1.3340795811304094
2023-06-09,3.7890000343322754,1.3321021410975022
2023-06-12,3.750499963760376,1.3218891547649425
2023-06-13,3.8285000324249268,1.3424730900403963
2023-06-14,3.865999937057495,1.3522203645050979
2023-06-15,3.8965001106262207,1.360078742692655
2023-06-16,3.884500026702881,1.3569942822825516
2023-06-20,3.878499984741211,1.3554484770145907
2023-06-21,3.9110000133514404,1.3637930991871947
2023-06-22,3.8884999752044678,1.3580234727762293
2023-06-23,3.805999994277954,1.33657876737053
2023-06-26,3.7864999771118164,1.3314421035270596
2023-06-27,3.7815001010894775,1.3301207830465867
2023-06-28,3.7204999923706055,1.313858065804542
2023-06-29,3.677500009536743,1.3022331760867236
2023-06-30,3.740999937057495,1.3193529385409608
2023-07-03,3.7790000438690186,1.3294594359759835
2023-07-05,3.753499984741211,1.3226887339657039
2023-07-06,3.7200000286102295,1.3137236759759772
2023-07-07,3.7669999599456787,1.3262789180769543
2023-07-10,3.7715001106262207,1.3274728296437026
2023-07-11,3.753499984741211,1.3226887339657039
2023-07-12,3.8420000076293945,1.3459930663321522
2023-07-13,3.929500102996826,1.3685122175352709
2023-07-14,3.921999931335449,1.3666017102666197
2023-07-17,3.8320000171661377,1.3433868645882951
2023-07-18,3.815999984741211,1.3392027495874057
2023-07-19,3.799499988555908,1.3348694761157032
2023-07-20,3.817500114440918,1.3395957880886247
2023-07-21,3.802999973297119,1.335790221924592
2023-07-24,3.8405001163482666,1.3456025967516823
2023-07-25,3.9019999504089355,1.3614892294917793
2023-07-26,3.890500068664551,1.3585377017241345
2023-07-27,3.8635001182556152,1.351573538999917
2023-07-28,3.9170000553131104,1.3653260688049886
2023-07-31,3.994499921798706,1.384918395362717
2023-08-01,3.8935000896453857,1.3593085190592737
2023-08-02,3.827500104904175,1.3422118759577157
2023-08-03,3.875999927520752,1.3548036753290231
2023-08-04,3.8450000286102295,1.3467736103984993
2023-08-07,3.812999963760376,1.338416271371198
2023-08-08,3.747999906539917,1.3212223394401874
2023-08-09,3.7674999237060547,1.3264116312679637
2023-08-10,3.750999927520752,1.3220224517771033
2023-08-11,3.7144999504089355,1.3122440662590535
2023-08-14,3.7244999408721924,1.3149325987588258
2023-08-15,3.6614999771118164,1.2978728932679473
2023-08-16,3.6514999866485596,1.2951380384216011
2023-08-17,3.685499906539917,1.304406176288345
2023-08-18,3.6989998817443848,1.3080624808806989
2023-08-21,3.7119998931884766,1.3115707861492976
2023-08-22,3.750499963760376,1.3218891547649425
2023-08-23,3.803499937057495,1.3359216789066437
2023-08-24,3.7674999237060547,1.3264116312679637
2023-08-25,3.759999990463257,1.3244189548654353
2023-08-28,3.753999948501587,1.3228219244460397
2023-08-29,3.7929999828338623,1.3331572581810203
2023-08-30,3.7850000858306885,1.3310459095659477
2023-08-31,3.7725000381469727,1.3277379217717218
2023-09-01,3.8125,1.33828514193353
2023-09-05,3.811000108718872,1.3378916504193723
2023-09-06,3.748500108718872,1.3213557889642797
2023-09-07,3.7260000705718994,1.3153352911197882
2023-09-08,3.680500030517578,1.3030486208083172
2023-09-11,3.7699999809265137,1.3270749964006392
2023-09-12,3.752000093460083,1.3222890560533818
2023-09-13,3.75600004196167,1.32335457251792
2023-09-14,3.7825000286102295,1.3303851742442152
2023-09-15,3.7634999752044678,1.325349368904026
2023-09-18,3.741499900817871,1.3194865740296218
2023-09-19,3.7139999866485596,1.3121094593356188
2023-09-20,3.746500015258789,1.32082207489504
2023-09-21,3.6665000915527344,1.2992375535217795
2023-09-22,3.6654999256134033,1.2989647313877932
2023-09-25,3.6494998931884766,1.2945901426421091
2023-09-26,3.625,1.2878542883066382
2023-09-27,3.627000093460083,1.28840588606864
2023-09-28,3.694499969482422,1.3068452189862922
2023-09-29,3.7260000705718994,1.3153352911197882
2023-10-02,3.631999969482422,1.2897834523366298
2023-10-03,3.615499973297119,1.285230151247202
2023-10-04,3.5840001106262207,1.2764795259793746
2023-10-05,3.546999931335449,1.2661021564329984
2023-10-06,3.624500036239624,1.287716357757312
2023-10-09,3.6424999237060547,1.2926702381417332
2023-10-10,3.631999969482422,1.2897834523366298
2023-10-11,3.614000082015991,1.284815214864002
2023-10-12,3.5940001010894775,1.2792658164886561
2023-10-13,3.5799999237060547,1.2753627791014508
2023-10-16,3.5869998931884766,1.277316168772748
2023-10-17,3.575500011444092,1.2741050297070105
2023-10-18,3.5820000171661377,1.2759213084308532
2023-10-19,3.5915000438690186,1.2785699547473979
2023-10-20,3.5420000553131104,1.2646915549769913
2023-10-23,3.572999954223633,1.273405566229527
2023-10-24,3.609999895095825,1.283707743285461
2023-10-25,3.572000026702881,1.273125670489863
2023-10-26,3.56850004196167,1.2721453511878948
2023-10-27,3.634000062942505,1.2903339872944264
2023-10-30,3.6494998931884766,1.2945901426421091
2023-10-31,3.6414999961853027,1.2923956836282706
2023-11-01,3.6449999809265137,1.2933563602278406
2023-11-02,3.6670000553131104,1.2993739041732113
2023-11-03,3.674499988555908,1.3014170658723265
2023-11-06,3.7095000743865967,1.3108971167004415
2023-11-07,3.6700000762939453,1.3001916828550197
2023-11-08,3.628000020980835,1.2886815380359207
2023-11-09,3.634999990463257,1.2906091083618945
2023-11-10,3.5834999084472656,1.2763399509034246
2023-11-13,3.6624999046325684,1.298145948304296
2023-11-14,3.682499885559082,1.3035918382776843
2023-11-15,3.7174999713897705,1.313051391656079
2023-11-16,3.7044999599456787,1.3095482860622325
2023-11-17,3.737499952316284,1.3184169259586198
2023-11-20,3.8125,1.33828514193353
2023-11-21,3.814500093460083,1.3388096190494136
2023-11-22,3.7664999961853027,1.326146187270816
2023-11-23,3.7790000438690186,1.3294594359759835
2023-11-24,3.7964999675750732,1.3340795811304094
2023-11-27,3.762500047683716,1.325083642748407
2023-11-28,3.8010001182556152,1.3352642211188226
2023-11-29,3.7860000133514404,1.3313100563136606
2023-11-30,3.8289999961853027,1.342603671498893
2023-12-01,3.9089999198913574,1.3632815663174325
2023-12-04,3.820499897003174,1.3403812771464927
2023-12-05,3.7725000381469727,1.3277379217717218
2023-12-06,3.7165000438690186,1.3127823769870637
2023-12-07,3.7844998836517334,1.3309137470237191
2023-12-08,3.819999933242798,1.3402504051427764
2023-12-11,3.7799999713897705,1.3297240020626526
2023-12-12,3.7860000133514404,1.3313100563136606
2023-12-13,3.7860000133514404,1.3313100563136606
2023-12-14,3.8884999752044678,1.3580234727762293
2023-12-15,3.884999990463257,1.3571229813648507
2023-12-18,3.8480000495910645,1.3475535456909506
2023-12-19,3.8959999084472656,1.3599503622811266
2023-12-20,3.9014999866485596,1.3613610911525489
2023-12-21,3.9084999561309814,1.3631536574542442
2023-12-22,3.8954999446868896,1.359822026589543
2023-12-26,3.8954999446868896,1.359822026589543
2023-12-27,3.94350004196167,1.372068664496626
2023-12-28,3.9130001068115234,1.3643043705248565
2023-12-29,3.880500078201294,1.355964031464432
2024-01-02,3.86899995803833,1.3529960648727646
2024-01-03,3.8475000858306885,1.347423609039068
2024-01-04,3.8310000896453857,1.3431258891185078
2024-01-05,3.7945001125335693,1.333552679518852
2024-01-08,3.799499988555908,1.3348694761157032
2024-01-09,3.748500108718872,1.3213557889642797
2024-01-10,3.7809998989105225,1.3299884981726204
2024-01-11,3.7764999866485596,1.328797651235965
2024-01-12,3.740000009536743,1.3190856139763718
2024-01-16,3.7664999961853027,1.326146187270816
2024-01-17,3.7325000762939453,1.317078270871649
2024-01-18,3.744999885559082,1.3204215864108597
2024-01-19,3.7869999408721924,1.331574133306294
2024-01-22,3.7639999389648438,1.3254822055076292
2024-01-23,3.7904999256134033,1.33249791688974
2024-01-24,3.882499933242798,1.3564792588463193
2024-01-25,3.865499973297119,1.3520910328703906
2024-01-26,3.8505001068115234,1.3482030377368177
2024-01-29,3.872999906539917,1.3540293764014288
2024-01-30,3.9065001010894775,1.3626418583319118
2024-01-31,3.9024999141693115,1.3616173514136796
2024-02-01,3.8524999618530273,1.3487222783102588
2024-02-02,3.821500062942505,1.3406430321714295
2024-02-05,3.7720000743865967,1.3276053844919418
2024-02-06,3.7825000286102295,1.3303851742442152
2024-02-07,3.737499952316284,1.3184169259586198
2024-02-08,3.7054998874664307,1.3098181720399416
2024-02-09,3.686000108718872,1.3045418887427132
2024-02-12,3.7284998893737793,1.316005978331276
2024-02-13,3.7139999866485596,1.3121094593356188
2024-02-14,3.700500011444092,1.3084679487479638
2024-02-15,3.756500005722046,1.3234876743503168
2024-02-16,3.8380000591278076,1.3449514129913984
2024-02-20,3.866499900817871,1.3523496794152965
2024-02-21,3.874500036239624,1.3544166315752357
2024-02-22,3.8975000381469727,1.3603353317373437
2024-02-23,3.881999969482422,1.3563504768855155
2024-02-26,3.8239998817443848,1.341296964264569
2024-02-27,3.8310000896453857,1.3431258891185078
2024-02-28,3.827500104904175,1.3422118759577157
2024-02-29,3.8345000743865967,1.3440390676220717
2024-03-01,3.8550000190734863,1.3493710119630196
2024-03-04,3.8519999980926514,1.3485924934407212
2024-03-05,3.8440001010894775,1.3465135174060368
2024-03-06,3.870500087738037,1.3533837203310295
2024-03-07,3.9195001125335693,1.3659641233578448
2024-03-08,3.884999990463257,1.3571229813648507
2024-03-11,3.922499895095825,1.3667291788808373
2024-03-12,3.924999952316284,1.3673663390856543
2024-03-13,4.052499771118164,1.3993339181485227
2024-03-14,4.0370001792907715,1.3955018862826858
2024-03-15,4.112500190734863,1.4140311624707873
2024-03-18,4.114500045776367,1.4145173311892514
2024-03-19,4.058499813079834,1.4008134011626265
2024-03-20,4.03849983215332,1.3958732943385739
2024-03-21,4.046500205993652,1.3978523608602418
2024-03-22,3.996000051498413,1.3852938736737979
2024-03-25,4.006999969482422,1.388042824037941
2024-03-26,3.996000051498413,1.3852938736737979
2024-03-27,3.992500066757202,1.3844176178276821
2024-03-28,4.003499984741211,1.387168974719189
2024-04-01,4.046000003814697,1.3977287396883855
2024-04-02,4.070000171661377,1.4036430416317451
2024-04-03,4.192999839782715,1.4334164299779677
2024-04-04,4.246500015258789,1.4460951178311894
2024-04-05,4.239500045776367,1.4444453485595068
2024-04-08,4.2769999504089355,1.453251817649947
2024-04-09,4.285999774932861,1.4553538445392191
2024-04-10,4.2820000648498535,1.4544202053122488
2024-04-11,4.251999855041504,1.4473894263878626
2024-04-12,4.257500171661377,1.4486821738744653
2024-04-15,4.379000186920166,1.476820430504843
2024-04-16,4.305500030517578,1.459893282242128
2024-04-17,4.34250020980835,1.4684502674482283
2024-04-18,4.440499782562256,1.49076693374947
2024-04-19,4.501999855041504,1.5045217102858515
2024-04-22,4.500500202178955,1.504188546638667
2024-04-23,4.490499973297119,1.50196404818234
2024-04-24,4.4670000076293945,1.4967170440779276
2024-04-25,4.570499897003174,1.519622585576603
2024-04-26,4.568999767303467,1.5192943116517104
2024-04-29,4.658999919891357,1.538800815640274
2024-04-30,4.564499855041504,1.518308947265194
2024-05-01,4.552499771118164,1.5156764823435487
2024-05-02,4.49399995803833,1.5027431644258722
2024-05-03,4.573500156402588,1.5202788103118519
2024-05-06,4.634500026702881,1.533528324095511
2024-05-07,4.625500202178955,1.5315845169388786
2024-05-08,4.561999797821045,1.517761079544143
2024-05-09,4.607500076293945,1.5276854271204836
2024-05-10,4.69350004196167,1.5461785817352887
2024-05-13,4.804500102996826,1.5695530001727596
2024-05-14,4.953499794006348,1.6000943558454717
2024-05-15,4.9695000648498535,1.6033192444754962
2024-05-16,4.892000198364258,1.5876012583736288
2024-05-17,5.057000160217285,1.6207734537801246
2024-05-20,5.087500095367432,1.6267865695141543
2024-05-21,5.11899995803833,1.6329590992782066
2024-05-22,4.867499828338623,1.5825804229973703
2024-05-23,4.816500186920166,1.5720475620238383
2024-05-24,4.778500080108643,1.5641267064884883
2024-05-28,4.875500202178955,1.5842227047613888
2024-05-29,4.805500030517578,1.569761101631754
2024-05-30,4.671999931335449,1.54158723082889
2024-05-31,4.610000133514404,1.5282278859704665
2024-06-03,4.677000045776367,1.5426568885312981
2024-06-04,4.547999858856201,1.5146875448540327
2024-06-05,4.619500160217285,1.5302865088114819
2024-06-06,4.690999984741211,1.5456457760935414
2024-06-07,4.494500160217285,1.5028544626787266
2024-06-10,4.55649995803833,1.5165547757448554
2024-06-11,4.5229997634887695,1.5091754382049176
2024-06-12,4.581500053405762,1.5220264670799597
2024-06-13,4.507500171661377,1.5057427141788347
2024-06-14,4.551000118255615,1.5153470150190387
2024-06-17,4.521500110626221,1.5088438216651057
2024-06-18,4.561999797821045,1.517761079544143
2024-06-20,4.618000030517578,1.5299617175407008
2024-06-21,4.49399995803833,1.5027431644258722
2024-06-24,4.5269999504089355,1.510059457499312
2024-06-25,4.38100004196167,1.4772770184098645
2024-06-26,4.367499828338623,1.4741907237218088
2024-06-27,4.328499794006348,1.4652210140836124
2024-06-28,4.390500068664551,1.4794431314572596
2024-07-01,4.426499843597412,1.4876091687357258
2024-07-02,4.429500102996826,1.488286734122422
2024-07-03,4.540999889373779,1.5131472277541709
2024-07-05,4.6585001945495605,1.5386935496706173
2024-07-08,4.622000217437744,1.5308275588962692
2024-07-09,4.578000068664551,1.5212622365291846
2024-07-10,4.607500076293945,1.5276854271204836
2024-07-11,4.508500099182129,1.5059645259567436
2024-07-12,4.598499774932861,1.5257301144170152
2024-07-15,4.5289998054504395,1.5105011216176705
2024-07-16,4.443999767303467,1.491554819415426
2024-07-17,4.39900016784668,1.4813772805222263
2024-07-18,4.265999794006348,1.4506765717618506
2024-07-19,4.218999862670898,1.4395981005920466
2024-07-22,4.180500030517578,1.4304308639079584
2024-07-23,4.145999908447266,1.4221439919314036
2024-07-24,4.098999977111816,1.4107430359383548
2024-07-25,4.112500190734863,1.4140311624707873
2024-07-26,4.104499816894531,1.4120838881952755
2024-07-29,4.061999797821045,1.4016754133849383
2024-07-30,4.063000202178955,1.4019216667665915
2024-07-31,4.159999847412109,1.4255150375933898
2024-08-01,4.066500186920166,1.4027827245905509
2024-08-02,4.084000110626221,1.407076927390132
2024-08-05,3.9839999675750732,1.382286331583565
2024-08-06,4.011499881744385,1.389165206732422
2024-08-07,3.9375,1.3705460041517514
2024-08-08,3.944999933242798,1.3724489373758597
2024-08-09,3.9800000190734863,1.3812818240886795
2024-08-12,4.054999828338623,1.3999506452341135
2024-08-13,4.035999774932861,1.3952540467264605
2024-08-14,4.025000095367432,1.3925249345642983
2024-08-15,4.138999938964844,1.4204541980202419
2024-08-16,4.127500057220459,1.4176719106753704
2024-08-19,4.166500091552734,1.4270763768136594
2024-08-20,4.149499893188477,1.4229878193155474
2024-08-21,4.18149995803833,1.4306700238043675
2024-08-22,4.140999794006348,1.4209372548185237
2024-08-23,4.194499969482422,1.4337741360285945
2024-08-26,4.21150016784668,1.4378189186276507
2024-08-27,4.230500221252441,1.4423202416817769
2024-08-28,4.144999980926514,1.4219027839856935
2024-08-29,4.147500038146973,1.4225057522800448
2024-08-30,4.144999980926514,1.4219027839856935
2024-09-03,4.0320000648498535,1.3942625468528604
2024-09-04,4.019499778747559,1.3911574617411098
2024-09-05,4.077499866485596,1.4054840227688488
2024-09-06,4.014500141143799,1.389912841801101
2024-09-09,4.084499835968018,1.4071992816401626
2024-09-10,4.040500164031982,1.396368487288316
2024-09-11,4.083000183105469,1.4068320571832542
2024-09-12,4.132999897003174,1.4190035106089982
2024-09-13,4.175000190734863,1.429114403987815
2024-09-16,4.2129998207092285,1.4381749404403223
2024-09-17,4.213500022888184,1.4382936616623783
2024-09-18,4.23799991607666,1.4440914400435259
2024-09-19,4.285999774932861,1.4553538445392191
2024-09-20,4.281499862670898,1.4543033834091117
2024-09-23,4.289000034332275,1.4560536135394706
2024-09-24,4.429500102996826,1.488286734122422
2024-09-25,4.427999973297119,1.4879480088159296
2024-09-26,4.580999851226807,1.5219172824284655
2024-09-27,4.540999889373779,1.5131472277541709
2024-09-30,4.495999813079834,1.503188071016619
2024-10-01,4.5355000495910645,1.5119353420068413
2024-10-02,4.5960001945495605,1.5251864023166999
2024-10-03,4.501999855041504,1.5045217102858515
2024-10-04,4.522500038146973,1.5090649467222434
2024-10-07,4.519000053405762,1.5082907422471912
2024-10-08,4.4120001792907715,1.4843281420283294
2024-10-09,4.355000019073486,1.4713246146841414
2024-10-10,4.385000228881836,1.478189678020687
2024-10-11,4.451499938964844,1.493241104320445
2024-10-14,4.363500118255615,1.4732745147223207
2024-10-15,4.30049991607666,1.4587312754946105
2024-10-16,4.331500053405762,1.4659139146776807
2024-10-17,4.286499977111816,1.4554705437970763
2024-10-18,4.3460001945495605,1.4692559265994372
2024-10-21,4.322999954223633,1.463949595096467
2024-10-22,4.3480000495910645,1.4697159806644515
2024-10-23,4.304500102996826,1.4596610110435817
2024-10-24,4.319499969482422,1.4631396477517298
2024-10-25,4.3394999504089355,1.4677591226743332
2024-10-28,4.331999778747559,1.4660292780647721
2024-10-29,4.332499980926514,1.4661447382052037
2024-10-30,4.327499866485596,1.464989977215678
2024-10-31,4.313499927520752,1.4617496227316105
2024-11-01,4.347499847412109,1.4696009321484533
2024-11-04,4.4070000648498535,1.4831942005750425
2024-11-05,4.450500011444092,1.4930164519882663
2024-11-06,4.222499847412109,1.4404273335629576
2024-11-07,4.409999847412109,1.4838746548583253
2024-11-08,4.286499977111816,1.4554705437970763
2024-11-11,4.210999965667725,1.4377001410267924
2024-11-12,4.119500160217285,1.4157318356659174
2024-11-13,4.065999984741211,1.4026597114533785
2024-11-14,4.072999954223633,1.404379817427295
2024-11-15,4.051000118255615,1.3989637934122625
2024-11-18,4.107999801635742,1.4129362437790034
2024-11-19,4.130000114440918,1.4182774346826064
2024-11-20,4.143499851226807,1.4215408054017602
2024-11-21,4.11299991607666,1.4141526688438764
2024-11-22,4.073999881744385,1.4046252887777075
2024-11-25,4.0914998054504395,1.4089116034356073
2024-11-26,4.039000034332275,1.3959971450814677
2024-11-27,4.066999912261963,1.4029056053519284
2024-11-29,4.08050012588501,1.4062195607775485
2024-12-02,4.075500011444092,1.4049934413603966
2024-12-03,4.145999908447266,1.4221439919314036
2024-12-04,4.142000198364258,1.4211788108643275
2024-12-05,4.135000228881836,1.4194873838279713
2024-12-06,4.138500213623047,1.4203334549617843
2024-12-09,4.223499774932861,1.440664114896165
2024-12-10,4.223499774932861,1.440664114896165
2024-12-11,4.214000225067139,1.4384123687913786
2024-12-12,4.195000171661377,1.43389338083964
2024-12-13,4.14900016784668,1.4228673818054611
2024-12-16,4.143499851226807,1.4215408054017602
2024-12-17,4.0914998054504395,1.4089116034356073
2024-12-18,4.099999904632568,1.4109869504499126
2024-12-19,4.020500183105469,1.391406318549025
2024-12-20,4.040999889373779,1.3964921587203847
2024-12-23,4.0229997634887695,1.392027834177883
2024-12-24,4.049499988555908,1.398593413880857
2024-12-26,4.072000026702881,1.4041342858059036
2024-12-27,4.0625,1.4017985476558559
2024-12-30,4.045499801635742,1.3976051032324455
2024-12-31,3.9860000610351562,1.3827882371029852
2025-01-02,3.9885001182556152,1.3834152500181918
2025-01-03,4.0395002365112305,1.3961209804872545
2025-01-06,4.126999855041504,1.4175507156460205
2025-01-07,4.1605000495910645,1.4256352712778437
2025-01-08,4.227499961853027,1.4416107927670683
2025-01-09,4.2795000076293945,1.4538361821223045
2025-01-10,4.274499893188477,1.4526671114960767
2025-01-13,4.295499801635742,1.4575679169164228
2025-01-14,4.310500144958496,1.4610539402970024
2025-01-15,4.359499931335449,1.4723573561351762
2025-01-16,4.4105000495910645,1.483988072960549
2025-01-17,4.337500095367432,1.4672981672597052
2025-01-21,4.310999870300293,1.461169865679238
2025-01-22,4.271500110626221,1.4519650795082182
2025-01-23,4.299499988555908,1.4584987342070879
2025-01-24,4.289999961853027,1.4562867240478574
2025-01-27,4.203499794006348,1.4359174625879434
2025-01-28,4.2204999923706055,1.4399536026339383
2025-01-29,4.257500171661377,1.4486821738744653
2025-01-30,4.288000106811523,1.4558204486779043
2025-01-31,4.26200008392334,1.4497385533674951
2025-02-03,4.294000148773193,1.45721873410335
2025-02-04,4.34250020980835,1.4684502674482283
2025-02-05,4.434500217437744,1.489414918867573
2025-02-06,4.453499794006348,1.4936902576354574
2025-02-07,4.581500053405762,1.5220264670799597
2025-02-10,4.700500011444092,1.5476688884711227
2025-02-11,4.5945000648498535,1.524859950073473
2025-02-12,4.697999954223633,1.547136876492922
2025-02-13,4.769000053405762,1.5621366505146115
2025-02-14,4.656499862670898,1.53826406348766
2025-02-18,4.585000038146973,1.5227901140283786
2025-02-19,4.557000160217285,1.516664547440245
2025-02-20,4.607999801635742,1.5277938803457902
2025-02-21,4.559999942779541,1.5173226109779483
2025-02-24,4.517000198364258,1.507848100587511
2025-02-25,4.486000061035156,1.5009614497037134
2025-02-26,4.541999816894531,1.5133674033695244
2025-02-27,4.579999923706055,1.5216989814680268
2025-02-28,4.514500141143799,1.5072944700299435
2025-03-03,4.576499938964844,1.5209345005060517
2025-03-04,4.527500152587891,1.5101699444778915
2025-03-05,4.766499996185303,1.5616122821511818
2025-03-06,4.7789998054504395,1.564231278886759
2025-03-07,4.683000087738037,1.5439389489368385
2025-03-10,4.639500141143799,1.534606632233297
2025-03-11,4.739999771118164,1.5560370874196767
2025-03-12,4.821000099182129,1.5729813959964218
2025-03-13,4.898499965667725,1.5889290287938276
2025-03-14,4.869500160217285,1.582991295321321
2025-03-17,4.933499813079834,1.5960486374271408
2025-03-18,4.993000030517578,1.6080369376305448
2025-03-19,5.076000213623047,1.6245235919370589
2025-03-20,5.085000038146973,1.626295037002386
2025-03-21,5.087500095367432,1.6267865695141543
2025-03-24,5.064000129699707,1.6221567104539811
2025-03-25,5.183000087738037,1.6453840561356106
2025-03-26,5.216000080108643,1.6517308399826038
2025-03-27,5.097499847412109,1.628750193532605
2025-03-28,5.112500190734863,1.6316885586764722
2025-03-31,5.019999980926514,1.6134299299041386
2025-04-01,5.019000053405762,1.6132307213135142
2025-04-02,5.023499965667725,1.6141268950858982
2025-04-03,4.810999870300293,1.570904935758325
2025-04-04,4.384500026702881,1.4780756003275644
2025-04-07,4.169000148773193,1.4276762345842418
2025-04-08,4.127500057220459,1.4176719106753704
2025-04-09,4.17549991607666,1.429234091512155
2025-04-10,4.321000099182129,1.4634868799033087
2025-04-11,4.507500171661377,1.5057427141788347
2025-04-14,4.610499858856201,1.5283362803835026
2025-04-15,4.611000061035156,1.5284447664614274
2025-04-16,4.673999786376953,1.5420151904121193
2025-04-17,4.731500148773193,1.554242308409285
2025-04-21,4.7210001945495605,1.5520206827735452
2025-04-22,4.870500087738037,1.5831966192430476
2025-04-23,4.8354997634887695,1.5759844872634474
2025-04-24,4.849999904632568,1.5789786852860037
2025-04-25,4.8354997634887695,1.5759844872634474
2025-04-28,4.8379998207092285,1.5765013751289734
2025-04-29,4.822999954223633,1.5733961315955707
2025-04-30,4.559999942779541,1.5173226109779483
2025-05-01,4.580999851226807,1.5219172824284655
2025-05-02,4.627500057220459,1.5320167778308227
2025-05-05,4.65500020980835,1.5379419558006404
2025-05-06,4.735000133514404,1.554981754835381
2025-05-07,4.616499900817871,1.529636820746276
2025-05-08,4.560999870300293,1.5175418692928808
2025-05-09,4.611000061035156,1.5284447664614274
2025-05-12,4.578499794006348,1.5213713885741336
2025-05-13,4.68149995803833,1.5436185624335108
2025-05-14,4.611000061035156,1.5284447664614274
2025-05-15,4.644499778747559,1.5356836762079216
2025-05-16,4.555500030517578,1.5163353008708382
2025-05-19,4.633500099182129,1.5333125434500536
2025-05-20,4.619500160217285,1.5302865088114819
2025-05-21,4.638000011444092,1.5342832413008025
2025-05-22,4.648499965667725,1.536544579528108
2025-05-23,4.80649995803833,1.5699691597935412
2025-05-27,4.710000038146973,1.5496879161274713
2025-05-28,4.644000053405762,1.5355760753355936
2025-05-29,4.653500080108643,1.5376196418583357
2025-05-30,4.652500152587891,1.5374047423312356
2025-06-02,4.834499835968018,1.5757776770120029
2025-06-03,4.809500217437744,1.570593173820584
2025-06-04,4.864500045776367,1.5819639448436376
2025-06-05,4.91349983215332,1.5919864846600347
2025-06-06,4.829999923706055,1.5748464518686334
2025-06-09,4.9095001220703125,1.5911721284913103
2025-06-10,4.883999824523926,1.5859645203196955
2025-06-11,4.801000118255615,1.568824254180258
2025-06-12,4.821499824523926,1.5730850465738029
2025-06-13,4.802999973297119,1.5692407171230618
2025-06-16,4.826499938964844,1.5741215546606908
2025-06-17,4.80049991607666,1.5687200616733332
2025-06-18,4.84499979019165,1.5779472020386316
2025-06-20,4.826000213623047,1.5740180114678715
2025-06-23,4.8429999351501465,1.5775343500306618
2025-06-24,4.867000102996826,1.5824777520135989
2025-06-25,4.913000106811523,1.591884774927102
2025-06-26,5.065499782562256,1.6224528065863657
2025-06-27,5.06850004196167,1.6230449241192302
2025-06-30,5.03000020980835,1.6154200258230484
2025-07-01,5.047999858856201,1.6189920972785712
2025-07-02,5.14900016784668,1.6388025536619217
2025-07-03,5.0970001220703125,1.6286521553073476
2025-07-04,5.018499851226807,1.6131310546267652
2025-07-07,4.984499931335449,1.606333083705007
2025-07-08,5.644999980926514,1.7307701942227969
2025-07-09,5.44350004196167,1.6944222440476804
2025-07-10,5.547999858856201,1.713437477012102
2025-07-11,5.561999797821045,1.7159577194617266
2025-07-14,5.514999866485596,1.7074716284961446
2025-07-15,5.546000003814697,1.713076947881415
2025-07-16,5.496500015258789,1.7041115288128732
2025-07-17,5.486000061035156,1.7021994036410324
2025-07-18,5.578000068664551,1.7188303015151842
2025-07-21,5.610499858856201,1.7246398169657033
2025-07-22,5.697000026702881,1.7399397251854414
2025-07-23,5.795000076293945,1.756995489957193
2025-07-24,5.7769999504089355,1.753884508214904
2025-07-25,5.763500213623047,1.751544966123742
2025-07-28,5.59499979019165,1.7218733042646297
2025-07-29,5.603499889373779,1.7233913827676022
2025-07-30,5.570000171661377,1.7173950847581108
2025-07-31,4.33050012588501,1.4656830378583559
2025-08-01,4.412499904632568,1.4844414006463993
2025-08-04,4.414999961853027,1.4850078254156125
2025-08-05,4.363999843597412,1.4733890321315506
2025-08-06,4.390999794006348,1.4795569446668824
2025-08-07,4.378499984741211,1.4767061964952068
2025-08-08,4.45550012588501,1.4941393163244827
2025-08-11,4.423500061035156,1.4869312517392363
2025-08-12,4.508500099182129,1.5059645259567436
2025-08-13,4.48199987411499,1.500069347291941
2025-08-14,4.4644999504089355,1.4961572148672688
2025-08-15,4.478000164031982,1.4991765548071971
2025-08-18,4.456999778747559,1.4944758443228556
2025-08-19,4.408999919891357,1.4836478882064552
2025-08-20,4.426000118255615,1.4874962683472523
2025-08-21,4.43149995803833,1.4887381177273615
2025-08-22,4.447500228881836,1.4923421920208841
2025-08-25,4.4664998054504395,1.4966050606022587
2025-08-26,4.450500011444092,1.4930164519882663
2025-08-27,4.4145002365112305,1.4848946309354938
2025-08-28,4.463500022888184,1.4959332167651354
2025-08-29,4.518499851226807,1.508180047434523
2025-09-02,4.569499969482422,1.5194037830515816
2025-09-03,4.558499813079834,1.5169935810380666
2025-09-04,4.48799991607666,1.5014071495208987
2025-09-05,4.482500076293945,1.5001809435175513
2025-09-08,4.490499973297119,1.50196404818234
2025-09-09,4.500999927520752,1.5042995782078743
2025-09-10,4.550000190734863,1.5151272748826083
2025-09-11,4.5904998779296875,1.5239889240096747
2025-09-12,4.588500022888184,1.5235531782650933
2025-09-15,4.6554999351501465,1.5380493024167183
2025-09-16,4.632999897003174,1.5332045842033808
2025-09-17,4.571000099182129,1.519732021047732
2025-09-18,4.540999889373779,1.5131472277541709
2025-09-19,4.568999767303467,1.5192943116517104
2025-09-22,4.572999954223633,1.5201694346657788
2025-09-23,4.584499835968018,1.5226810127281292
2025-09-24,4.752500057220459,1.5586708074205227
2025-09-25,4.699999809265137,1.5475624681341262
2025-09-26,4.7154998779296875,1.5508549291147673
2025-09-29,4.841000080108643,1.5771213275055107
2025-09-30,4.804999828338623,1.5696570066966824
2025-10-01,4.83050012588501,1.574950008035878
2025-10-02,4.8979997634887695,1.5888269102426678
2025-10-03,5.058000087738037,1.6209711655941625
2025-10-06,4.986999988555908,1.6068345242692006
2025-10-07,5.047999858856201,1.6189920972785712
2025-10-08,5.046000003814697,1.6185958509748504
2025-10-09,5.075500011444092,1.62442504449712
2025-10-10,4.848499774932861,1.5786693323425105
2025-10-13,5.100500106811523,1.629338595081819
2025-10-14,4.980500221252441,1.6055303320268233
2025-10-15,4.9720001220703125,1.6038221982000156
2025-10-16,4.958000183105469,1.6010024705443149
2025-10-17,4.93149995803833,1.595643192903005
2025-10-20,4.998000144958496,1.6090378614160608
2025-10-21,4.929999828338623,1.5953389532348463
2025-10-22,4.960999965667725,1.6016073263984774
2025-10-23,5.081999778747559,1.6257048413614816
2025-10-24,5.093500137329102,1.6279652440096213
2025-10-27,5.140500068664551,1.6371503643581988
2025-10-28,5.140500068664551,1.6371503643581988
2025-10-29,5.233500003814697,1.6550802710417012
2025-10-30,5.078000068664551,1.624917496804454
2025-10-31,5.065499782562256,1.6224528065863657
2025-11-03,5.046999931335449,1.6187939937531024
2025-11-04,4.926000118255615,1.594527323704764
2025-11-05,4.9629998207092285,1.6020103604798202
2025-11-06,4.945499897003174,1.5984780513713854
2025-11-07,4.938000202178955,1.5969604318664772
2025-11-10,5.086999893188477,1.6266882448436701
2025-11-11,5.048500061035156,1.6190911815519993
2025-11-12,5.0894999504089355,1.6271795841664585
2025-11-13,5.087500095367432,1.6267865695141543
2025-11-14,5.049499988555908,1.6192892262180933
2025-11-17,5.0,1.6094379124341003
2025-11-18,4.962500095367432,1.601909665230927
2025-11-19,5.007999897003174,1.6110366132313383
2025-11-20,4.959499835968018,1.6013048961296126
2025-11-21,5.008500099182129,1.6111364888724427
2025-11-24,4.961999893188477,1.6018088637437076
2025-11-25,4.999499797821045,1.609337866993931
2025-11-26,5.104499816894531,1.6301224677555506
2025-11-28,5.185500144958496,1.6458662970022355
2025-12-01,5.218999862670898,1.652305786347978
2025-12-02,5.160999774932861,1.641130315557378
2025-12-03,5.308000087738037,1.6692151329993576
2025-12-04,5.291500091552734,1.6661017768534911
2025-12-05,5.381999969482422,1.6830600466344097
2025-12-08,5.364500045776367,1.6798031836278668
2025-12-09,5.240499973297119,1.6564169085326115
2025-12-10,5.2754998207092285,1.6630734276144588
2025-12-11,5.427000045776367,1.6913865035161981
2025-12-12,5.2835001945495605,1.6645887937210468
2025-12-15,5.338500022888184,1.674944718923601
2025-12-16,5.2870001792907715,1.6652510111649395
2025-12-17,5.363500118255615,1.6796167691035642
2025-12-18,5.366499900817871,1.680175908457726
2025-12-19,5.439499855041504,1.6936871182297681
2025-12-22,5.4375,1.6933193964148026
2025-12-23,5.47599983215332,1.7003748767748725
2025-12-24,5.498499870300293,1.7044753041806537
2025-12-26,5.766499996185303,1.7520653100223291
2025-12-29,5.490499973297119,1.7030193211921612
2025-12-30,5.727499961853027,1.7452791286851952
2025-12-31,5.630000114440918,1.7281094624785824
2026-01-02,5.639999866485596,1.7298840418372006
2026-01-05,5.924499988555908,1.7790962933430023
2026-01-06,6.010499954223633,1.7935079321461054
2026-01-07,5.809000015258789,1.7594084416371452
2026-01-08,5.746500015258789,1.7485909764819951
2026-01-09,5.855500221252441,1.7673814282854596
2026-01-12,5.985000133514404,1.7892563613181074
2026-01-13,5.96999979019165,1.786746892260733
2026-01-14,6.008999824523926,1.7932583161495814
2026-01-15,5.947999954223633,1.7830550209018146
2026-01-16,5.78849983215332,1.7558731616670697
2026-01-20,5.7729997634887695,1.7531918351102818
2026-01-21,5.729499816894531,1.7456282349259975
2026-01-22,5.742499828338623,1.7478946256879722
2026-01-23,5.910999774932861,1.7768149837662481
2026-01-26,5.984000205993652,1.7890892750962484
2026-01-27,5.828499794006348,1.762759642035268
2026-01-28,5.892499923706055,1.773680342880513
2026-01-29,6.17549991607666,1.820589837306208
2026-01-30,5.896999835968018,1.774443719202192
2026-02-02,5.801499843597412,1.7581164778464715
2026-02-03,6.0625,1.8021222562636017
2026-02-04,5.826000213623047,1.7623306952044318
2026-02-05,5.798999786376953,1.7576854520563916
2026-02-06,5.863500118255615,1.7687467150870753
2026-02-09,5.945000171661377,1.782550559017661
2026-02-10,5.895999908447266,1.7742741393590953
2026-02-11,5.948999881744385,1.7832231183275342
2026-02-12,5.770999908447266,1.7528453598645537
2026-02-13,5.792500019073486,1.7565639806171842
2026-02-17,5.632999897003174,1.7286421416280346
2026-02-18,5.793499946594238,1.756736590236759
2026-02-19,5.730000019073486,1.7457155340553543
2026-02-20,5.830999851226807,1.763188486725837
2026-02-23,5.7729997634887695,1.7531918351102818
2026-02-24,5.922999858856201,1.778843053465046
2026-02-25,5.979499816894531,1.7883369218045206
2026-02-26,5.947000026702881,1.7828868952145998
2026-02-27,6.004499912261963,1.7925091735065537
2026-03-02,5.894499778747559,1.77401967521464
2026-03-03,5.773499965667725,1.753278476463246
2026-03-04,5.855000019073486,1.7672960003073213
2026-03-05,5.752999782562256,1.7497214200856153
2026-03-06,5.756999969482422,1.750416500392721
2026-03-09,5.80049991607666,1.7579441062650303
2026-03-10,5.9039998054504395,1.7756300543460095
2026-03-11,5.8454999923706055,1.7656721331595626
2026-03-12,5.82450008392334,1.7620731732663717
2026-03-13,5.7144999504089355,1.7430067956774047
2026-03-16,5.790500164031982,1.75621867197007
2026-03-17,5.726500034332275,1.745104529850967
2026-03-18,5.553999900817871,1.7145183710268244
2026-03-19,5.433000087738037,1.6924914837184817
2026-03-20,5.34250020980835,1.6756937474827325
2026-03-23,5.439499855041504,1.6936871182297681
2026-03-24,5.422500133514404,1.6905569883411888
2026-03-25,5.5289998054504395,1.71000693216868
2026-03-26,5.446499824523926,1.6949731683222273
2026-03-27,5.4670000076293945,1.698730021308398
2026-03-30,5.47599983215332,1.7003748767748725
2026-03-31,5.587500095367432,1.720531977007684
2026-04-01,5.624000072479248,1.7270431673958544
2026-04-02,5.563000202178955,1.716137567436667
2026-04-06,5.583499908447266,1.7198158035066944
2026-04-07,5.54449987411499,1.7128064227066495
2026-04-08,5.759500026702881,1.7508506700207433
2026-04-09,5.748000144958496,1.7488519934357232
2026-04-10,5.870500087738037,1.769939824033711
2026-04-13,5.97599983215332,1.787751419743722
2026-04-14,6.070499897003174,1.8034409570351146
2026-04-15,6.072000026702881,1.8036880444910364
2026-04-16,6.066500186920166,1.802781863321653
2026-04-17,6.103499889373779,1.8088623590026707
2026-04-20,6.035999774932861,1.7977415036181368
2026-04-21,6.001500129699707,1.792009459594477
2026-04-22,6.119999885559082,1.811562077824738
2026-04-23,6.075500011444092,1.8042642922501755
2026-04-24,6.023499965667725,1.7956684800250484
2026-04-27,6.01800012588501,1.794754999125934
2026-04-28,5.9145002365112305,1.7774070029920264
2026-04-29,5.878499984741211,1.7713016247299644
2026-04-30,5.926000118255615,1.7793494691067588
2026-05-01,5.932000160217285,1.780361451284668
2026-05-04,5.795000076293945,1.756995489957193
2026-05-05,5.942999839782715,1.782214029425532
2026-05-06,6.136499881744385,1.8142545277845685
2026-05-07,6.127500057220459,1.8127868457584349
2026-05-08,6.249000072479248,1.83242146254548
2026-05-11,6.41349983215332,1.8584051175869285
2026-05-12,6.485000133514404,1.8694918383565957
2026-05-13,6.635499954223633,1.8924340159964603
2026-05-14,6.567500114440918,1.8821332600028973
2026-05-15,6.251500129699707,1.832821455699891
2026-05-18,6.271999835968018,1.836095256895048
2026-05-19,6.164999961853027,1.8188881304286397
2026-05-20,6.290500164031982,1.839040584885192
2026-05-21,6.256999969482422,1.8337008321388766
2026-05-22,6.3420000076293945,1.8471941773191507
2026-05-26,6.361000061035156,1.8501856072918812
2026-05-27,6.304999828338623,1.841342942190653
2026-05-28,6.395999908447266,1.8556727806576467
2026-05-29,6.359499931335449,1.8499497471122401
2026-06-01,6.52400016784668,1.875487710486339
2026-06-02,6.649499893188477,1.8945416478079897
2026-06-03,6.480999946594238,1.8688748112052207
2026-06-04,6.511000156402588,1.87349307827601
2026-06-05,6.263500213623047,1.8347391684081276
2026-06-08,6.329500198364258,1.8452212754343864
2026-06-09,6.302499771118164,1.8409463437638982
2026-06-10,6.249000072479248,1.83242146254548
2026-06-11,6.258999824523926,1.8340203999067637
2026-06-12,6.430500030517578,1.8610523004697594
2026-06-15,6.482500076293945,1.8691062501998987
2026-06-16,6.488999843597412,1.8701084115363054
2026-06-17,6.481500148773193,1.868951988011473
2026-06-18,6.374499797821045,1.8523056248792058
2026-06-22,6.356500148773193,1.8494779348129313
2026-06-23,6.140999794006348,1.81498756180327
2026-06-24,5.942999839782715,1.782214029425532
2026-06-25,6.070499897003174,1.8034409570351146
2026-06-26,6.141499996185303,1.8150690113758776
2026-06-29,6.097499847412109,1.8078788260832737
2026-06-30,6.192500114440918,1.8233389008619456
2026-07-01,6.123499870300293,1.8121338072985553
2026-07-02,6.114500045776367,1.8106630071338141
2026-07-06,6.177999973297119,1.8209945901741367
2026-07-07,6.171500205993652,1.8199419535800605
2026-07-08,6.054500102996826,1.8008018142238993
2026-07-09,6.215000152587891,1.8269657495142253
2026-07-10,6.233500003814697,1.8299379734148598
2026-07-13,6.232999801635742,1.8298577260018682
2026-07-14,6.329999923706055,1.8453002241033287
2026-07-15,6.293499946594238,1.8395173462635623
2026-07-17,6.250500202178955,1.8326614928945253
