date,close,logprice
2010-07-12,6077.18994140625,8.712297687432036
2010-07-13,6191.1298828125,8.73087288259371
2010-07-14,6209.759765625,8.733877489094697
2010-07-15,6149.35986328125,8.724103268111767
2010-07-16,6040.27001953125,8.706203995150018
2010-07-19,6009.10986328125,8.701031907288986
2010-07-20,5967.490234375,8.694081721743276
2010-07-21,5990.3798828125,8.697910108599816
2010-07-22,6142.14990234375,8.72293010681557
2010-07-23,6166.33984375,8.726860722683035
2010-07-26,6194.2099609375,8.731370257429985
2010-07-27,6207.31005859375,8.733482918218039
2010-07-28,6178.93994140625,8.728902005221906
2010-07-29,6134.7001953125,8.721716488031213
2010-07-30,6147.97021484375,8.723877259956405
2010-08-02,6292.1298828125,8.747054906497299
2010-08-03,6307.91015625,8.74955970515493
2010-08-04,6331.330078125,8.753265615992031
2010-08-05,6333.580078125,8.753620928425505
2010-08-06,6259.6298828125,8.741876338194885
2010-08-09,6351.60009765625,8.756462044027005
2010-08-10,6286.25,8.746119987486175
2010-08-11,6154.06982421875,8.724868901969513
2010-08-12,6135.169921875,8.721793053888593
2010-08-13,6110.41015625,8.7177491785951
2010-08-16,6110.56982421875,8.71777530873671
2010-08-17,6206.39990234375,8.733336280950937
2010-08-18,6186.31005859375,8.730094074619657
2010-08-19,6075.1298828125,8.711958647867034
2010-08-20,6005.16015625,8.700374404641364
2010-08-23,6010.91015625,8.701331456371149
2010-08-24,5935.43994140625,8.688696430902466
2010-08-25,5899.5,8.682622880539974
2010-08-26,5912.580078125,8.684837576577392
2010-08-27,5951.169921875,8.691343104736621
2010-08-30,5912.41015625,8.68480883712448
2010-08-31,5925.22021484375,8.68697313237489
2010-09-01,6083.89990234375,8.713401200637616
2010-09-02,6083.85009765625,8.71339301429462
2010-09-03,6134.6201171875,8.721703434639018
2010-09-06,6155.0400390625,8.72502654372534
2010-09-07,6117.89013671875,8.718972567164643
2010-09-08,6164.43994140625,8.726552566606633
2010-09-09,6221.52001953125,8.735769532008668
2010-09-10,6214.77001953125,8.734683999162195
2010-09-13,6261.68017578125,8.74220382676876
2010-09-14,6275.41015625,8.744394125409698
2010-09-15,6261.8701171875,8.742234160244783
2010-09-16,6249.64990234375,8.740280725536513
2010-09-17,6209.759765625,8.733877489094697
2010-09-20,6294.580078125,8.747444237045322
2010-09-21,6275.97998046875,8.744484923992633
2010-09-22,6208.330078125,8.733647230250654
2010-09-23,6184.7099609375,8.729835389779984
2010-09-24,6298.2998046875,8.748035003685724
2010-09-27,6278.89013671875,8.744948514021834
2010-09-28,6276.08984375,8.744502429198196
2010-09-29,6246.919921875,8.739843808758456
2010-09-30,6229.02001953125,8.736974299172765
2010-10-01,6211.33984375,8.73413190749294
2010-10-04,6134.2099609375,8.721636573129398
2010-10-05,6215.830078125,8.734854555464866
2010-10-06,6270.72998046875,8.743648051167366
2010-10-07,6276.25,8.744527947348915
2010-10-08,6291.669921875,8.746981802833087
2010-10-11,6309.509765625,8.749813260857042
2010-10-12,6304.56982421875,8.749030018350348
2010-10-13,6434.52001953125,8.769432528208894
2010-10-14,6455.27001953125,8.772652133471881
2010-10-15,6492.2998046875,8.778372108203971
2010-10-18,6516.6298828125,8.78211263214827
2010-10-19,6490.68994140625,8.77812411243089
2010-10-20,6524.5498046875,8.783327234360407
2010-10-21,6611.009765625,8.796491684510675
2010-10-22,6605.83984375,8.795709361598412
2010-10-25,6639.2099609375,8.800748253605065
2010-10-26,6613.7998046875,8.796913624666269
2010-10-27,6568.0,8.789964651132264
2010-10-28,6595.27978515625,8.794109488081155
2010-10-29,6601.3701171875,8.795032499983222
2010-11-01,6604.85986328125,8.795560999968478
2010-11-02,6654.31005859375,8.803020052816779
2010-11-03,6617.7998046875,8.797518237901242
2010-11-04,6734.68994140625,8.815027050874006
2010-11-05,6754.2001953125,8.817919841506006
2010-11-08,6750.5,8.817371855197301
2010-11-09,6787.81005859375,8.82288364402298
2010-11-10,6719.83984375,8.812819600457892
2010-11-11,6723.41015625,8.8133507685287
2010-11-12,6734.60986328125,8.815015160408107
2010-11-15,6790.169921875,8.823231245552574
2010-11-16,6663.240234375,8.804361166899064
2010-11-17,6700.06982421875,8.809873226849941
2010-11-18,6832.10986328125,8.829388816030162
2010-11-19,6843.5498046875,8.83106185328795
2010-11-22,6822.0498046875,8.827915263551107
2010-11-23,6705.0,8.81060879571578
2010-11-24,6823.7998046875,8.828171751796205
2010-11-25,6879.66015625,8.836324533813476
2010-11-26,6848.97998046875,8.831855012207614
2010-11-29,6697.97021484375,8.809559806471128
2010-11-30,6688.490234375,8.808143452672528
2010-12-01,6866.6298828125,8.834428709223248
2010-12-02,6957.60986328125,8.847591283901497
2010-12-03,6947.72021484375,8.846168858105143
2010-12-06,6954.3798828125,8.847126939032686
2010-12-07,7001.91015625,8.853938270276906
2010-12-08,6975.8701171875,8.850212346893054
2010-12-09,6964.16015625,8.848532298362004
2010-12-10,7006.169921875,8.854546457227945
2010-12-13,7029.39013671875,8.857855229507972
2010-12-14,7027.39990234375,8.857572058971488
2010-12-15,7016.3701171875,8.856001285965558
2010-12-16,7024.39990234375,8.857145067399266
2010-12-17,6982.4501953125,8.851155165006569
2010-12-20,7018.60009765625,8.856319060845502
2010-12-21,7077.990234375,8.864745281189142
2010-12-22,7067.919921875,8.863321503702938
2010-12-23,7057.68994140625,8.861873073177636
2010-12-27,6970.72998046875,8.84947523004515
2010-12-28,6972.10009765625,8.849671763630402
2010-12-29,6995.47021484375,8.853018106404823
2010-12-30,6914.18994140625,8.841331092103967
2011-01-03,6989.740234375,8.85219867207308
2011-01-04,6975.35009765625,8.850137798642296
2011-01-05,6939.81982421875,8.845031091235699
2011-01-06,6981.39013671875,8.85100333591506
2011-01-07,6947.83984375,8.84618607639728
2011-01-10,6857.06005859375,8.833034065973402
2011-01-11,6941.56982421875,8.845283227376761
2011-01-12,7068.77978515625,8.863443153493927
2011-01-13,7075.10986328125,8.86433825076985
2011-01-14,7075.7001953125,8.86442168514981
2011-01-17,7078.06005859375,8.864755146118597
2011-01-18,7143.4501953125,8.87395115925214
2011-01-19,7082.759765625,8.865418908141155
2011-01-20,7024.27001953125,8.857126576992242
2011-01-21,7062.419921875,8.86254303689484
2011-01-24,7067.77001953125,8.863300294643546
2011-01-25,7059.009765625,8.86206006082347
2011-01-26,7127.35009765625,8.871694789019712
2011-01-27,7155.580078125,8.875647761817511
2011-01-28,7102.7998046875,8.86824432398672
2011-01-31,7077.47998046875,8.86467318836584
2011-02-01,7184.27001953125,8.879649195513338
2011-02-02,7183.669921875,8.879565662639585
2011-02-03,7193.68017578125,8.880958166189377
2011-02-04,7216.2099609375,8.88408515790141
2011-02-07,7283.6201171875,8.89338328643799
2011-02-08,7323.240234375,8.89880816398181
2011-02-09,7320.89990234375,8.898488536877819
2011-02-10,7340.27978515625,8.901132238750792
2011-02-11,7371.2001953125,8.905335820678356
2011-02-14,7396.6298828125,8.908779754214956
2011-02-15,7400.0400390625,8.909240689861745
2011-02-16,7414.2998046875,8.911165820536407
2011-02-17,7405.509765625,8.909979565065099
2011-02-18,7426.81005859375,8.91285171289683
2011-02-21,7321.81005859375,8.898612852151919
2011-02-22,7318.35009765625,8.898140185054702
2011-02-23,7194.60009765625,8.881086037186991
2011-02-24,7130.5,8.87213663717682
2011-02-25,7185.169921875,8.87977444776375
2011-02-28,7272.31982421875,8.891830615118314
2011-03-01,7223.2998046875,8.885067164137748
2011-03-02,7181.1201171875,8.879210655054045
2011-03-03,7225.9599609375,8.885435370720396
2011-03-04,7178.89990234375,8.878901433359587
2011-03-07,7161.93017578125,8.876534801248253
2011-03-08,7164.75,8.876928447818228
2011-03-09,7131.7998046875,8.872318908578896
2011-03-10,7063.08984375,8.862637889666402
2011-03-11,6981.490234375,8.851017673595194
2011-03-14,6866.6298828125,8.834428709223248
2011-03-15,6647.66015625,8.802020215530975
2011-03-16,6513.83984375,8.781684399066318
2011-03-17,6656.8798828125,8.803406167696362
2011-03-18,6664.39990234375,8.804535191401493
2011-03-21,6816.1201171875,8.827045691180675
2011-03-22,6780.97021484375,8.821875470231156
2011-03-23,6804.4501953125,8.82533211759854
2011-03-24,6933.580078125,8.844131564579161
2011-03-25,6946.35986328125,8.845973040669344
2011-03-28,6938.6298828125,8.844859610784455
2011-03-29,6934.43994140625,8.844255571219062
2011-03-30,7057.14990234375,8.861796552428022
2011-03-31,7041.31005859375,8.859549519708318
2011-04-01,7179.81005859375,8.879028207457496
2011-04-04,7175.330078125,8.878404043489535
2011-04-05,7175.31005859375,8.878401253435424
2011-04-06,7215.10986328125,8.883932698158048
2011-04-07,7178.77978515625,8.878884701242683
2011-04-08,7217.02001953125,8.884197407009294
2011-04-11,7204.85986328125,8.882511058318205
2011-04-12,7102.91015625,8.868259860213042
2011-04-13,7177.97021484375,8.878771922192639
2011-04-14,7146.56005859375,8.874386409230985
2011-04-15,7178.2900390625,8.87881647755917
2011-04-18,7026.85009765625,8.857493818626002
2011-04-19,7039.31005859375,8.859265441308816
2011-04-20,7249.18994140625,8.888645009386384
2011-04-21,7295.490234375,8.89501166012118
2011-04-26,7356.509765625,8.903340882619618
2011-04-27,7404.9501953125,8.909904000860577
2011-04-28,7475.22021484375,8.91934885800471
2011-04-29,7514.4599609375,8.924584438119552
2011-05-02,7527.64013671875,8.926336876817441
2011-05-03,7500.7001953125,8.922751654541687
2011-05-04,7373.93017578125,8.905706109774652
2011-05-05,7376.9599609375,8.906116903316029
2011-05-06,7492.25,8.921624431934104
2011-05-09,7410.52001953125,8.91065589390216
2011-05-10,7501.52001953125,8.922860948260594
2011-05-11,7495.0498046875,8.921998055569656
2011-05-12,7443.9501953125,8.915156927158419
2011-05-13,7403.31005859375,8.909682484396477
2011-05-16,7387.5400390625,8.907550081538922
2011-05-17,7256.64990234375,8.88967355536173
2011-05-18,7303.52978515625,8.896113042485638
2011-05-19,7358.22998046875,8.903574691015999
2011-05-20,7266.81982421875,8.891074036614311
2011-05-23,7121.52001953125,8.870876467510373
2011-05-24,7150.66015625,8.874959960971397
2011-05-25,7170.93994140625,8.877792018642685
2011-05-26,7114.08984375,8.869832581575407
2011-05-27,7163.47021484375,8.876749809419255
2011-05-30,7160.2998046875,8.876307131241136
2011-05-31,7293.68994140625,8.894764861746467
2011-06-01,7217.43017578125,8.884254237196044
2011-06-02,7074.1201171875,8.864198349715625
2011-06-03,7109.02978515625,8.869121055702145
2011-06-06,7084.56982421875,8.86567443386915
2011-06-07,7103.25,8.86830770477432
2011-06-08,7060.22998046875,8.862232905093947
2011-06-09,7159.66015625,8.876217794617336
2011-06-10,7069.89990234375,8.863601600706057
2011-06-13,7085.14013671875,8.86575493128256
2011-06-14,7204.7900390625,8.882501367004505
2011-06-15,7115.080078125,8.86997176529196
2011-06-16,7110.2001953125,8.86928567926622
2011-06-17,7164.0498046875,8.876830715234536
2011-06-20,7150.2099609375,8.874897000422989
2011-06-21,7285.509765625,8.893642690872337
2011-06-22,7278.18994140625,8.892637475853851
2011-06-23,7149.43994140625,8.874789302746857
2011-06-24,7121.3798828125,8.8708567893943
2011-06-27,7107.89990234375,8.868962106781426
2011-06-28,7170.43017578125,8.877720928416151
2011-06-29,7294.14013671875,8.894826583786033
2011-06-30,7376.240234375,8.906019334442353
2011-07-01,7419.43994140625,8.911858853717852
2011-07-04,7442.9599609375,8.915023892920143
2011-07-05,7439.43994140625,8.914550848300998
2011-07-06,7431.18994140625,8.91344127850988
2011-07-07,7471.43994140625,8.91884302279088
2011-07-08,7402.72998046875,8.909604127438943
2011-07-11,7230.25,8.886028892701612
2011-07-12,7174.14013671875,8.878238191873947
2011-07-13,7267.8701171875,8.891218558853836
2011-07-14,7214.740234375,8.8838814670082
2011-07-15,7220.1201171875,8.884626868478053
2011-07-18,7107.919921875,8.868964923295914
2011-07-19,7192.669921875,8.880817720016296
2011-07-20,7221.35986328125,8.884798560866711
2011-07-21,7290.14013671875,8.894278047961803
2011-07-22,7326.39013671875,8.899238195636194
2011-07-25,7344.5400390625,8.901712464327513
2011-07-26,7349.4501953125,8.902380786050127
2011-07-27,7252.68017578125,8.889126358952224
2011-07-28,7190.06005859375,8.88045480375305
2011-07-29,7158.77001953125,8.876093460216293
2011-08-01,6953.97998046875,8.847069433712463
2011-08-02,6796.75,8.824199835737438
2011-08-03,6640.58984375,8.800956070415221
2011-08-04,6414.759765625,8.76635682749816
2011-08-05,6236.16015625,8.73811991237674
2011-08-08,5923.27001953125,8.686643943542974
2011-08-09,5917.080078125,8.685598376153647
2011-08-10,5613.419921875,8.632915424521409
2011-08-11,5797.66015625,8.665209693802025
2011-08-12,5997.740234375,8.699138049664036
2011-08-15,6022.240234375,8.703214601034924
2011-08-16,5994.89990234375,8.698664370465465
2011-08-17,5948.93994140625,8.690968321558907
2011-08-18,5602.7998046875,8.631021716905089
2011-08-19,5480.0,8.608860379942062
2011-08-22,5473.77978515625,8.607724659554332
2011-08-23,5532.3798828125,8.618373360494303
2011-08-24,5681.080078125,8.644896648237575
2011-08-25,5584.14013671875,8.62768574024456
2011-08-26,5537.47998046875,8.619294799081619
2011-08-29,5670.06982421875,8.642956711323
2011-08-30,5643.919921875,8.638334124685482
2011-08-31,5784.85009765625,8.662997727045939
2011-09-01,5730.6298828125,8.653580730859643
2011-09-02,5538.330078125,8.619448304360857
2011-09-05,5246.18017578125,8.565255505201355
2011-09-06,5193.97021484375,8.55525365767482
2011-09-07,5405.52978515625,8.595177742875123
2011-09-08,5408.4599609375,8.59571966605459
2011-09-09,5189.93017578125,8.554475522462738
2011-09-12,5072.330078125,8.531555572494225
2011-09-13,5166.35986328125,8.549923631175686
2011-09-14,5340.18994140625,8.583016500873391
2011-09-15,5508.240234375,8.614000474433908
2011-09-16,5573.509765625,8.625780253981189
2011-09-19,5415.91015625,8.597096225874386
2011-09-20,5571.68017578125,8.625451934792409
2011-09-21,5433.7998046875,8.600393948065
2011-09-22,5164.2099609375,8.549507409725878
2011-09-23,5196.56005859375,8.555752158470348
2011-09-26,5345.56005859375,8.584021599746112
2011-09-27,5628.43994140625,8.635587585293983
2011-09-28,5578.419921875,8.626660847152934
2011-09-29,5639.580078125,8.637564887487095
2011-09-30,5502.02001953125,8.612870580069549
2011-10-04,5216.7099609375,8.559622206486997
2011-10-05,5473.02978515625,8.607587633328315
2011-10-06,5645.25,8.638569762582751
2011-10-07,5675.7001953125,8.643949217172537
2011-10-10,5847.2900390625,8.67373359171066
2011-10-11,5865.009765625,8.67675942615439
2011-10-12,5994.47021484375,8.69859269238797
2011-10-13,5914.83984375,8.685219699756823
2011-10-14,5967.2001953125,8.694033117371966
2011-10-17,5859.43017578125,8.675807638215206
2011-10-18,5877.41015625,8.678871494248902
2011-10-19,5913.52978515625,8.684998188485158
2011-10-20,5766.47998046875,8.659817117964614
2011-10-21,5970.9599609375,8.694662990937088
2011-10-24,6055.27001953125,8.708684249465431
2011-10-25,6046.75,8.707276216603956
2011-10-26,6016.06982421875,8.702189471981661
2011-10-27,6337.83984375,8.754293270722064
2011-10-28,6346.18994140625,8.755609902581803
2011-10-31,6141.33984375,8.72279821293009
2011-11-01,5834.509765625,8.67154552501715
2011-11-02,5965.6298828125,8.693769925405133
2011-11-03,6133.18017578125,8.721468683277164
2011-11-04,5966.16015625,8.693858809543409
2011-11-07,5928.68017578125,8.687556899898109
2011-11-08,5961.43994140625,8.693067331785684
2011-11-09,5829.5400390625,8.670693380702534
2011-11-10,5867.81005859375,8.677236769719514
2011-11-11,6057.02978515625,8.708974824445537
2011-11-14,5985.02001953125,8.697014962937399
2011-11-15,5933.14013671875,8.688308885854761
2011-11-16,5913.35986328125,8.68496945364784
2011-11-17,5850.169921875,8.67422598627842
2011-11-18,5800.240234375,8.665654615396566
2011-11-21,5606.0,8.631592731724734
2011-11-22,5537.39013671875,8.619278574286374
2011-11-23,5457.77001953125,8.60479556398097
2011-11-24,5428.10986328125,8.59934626085333
2011-11-25,5492.8701171875,8.611206187912423
2011-11-28,5745.330078125,8.656142643484435
2011-11-29,5799.91015625,8.66559770611281
2011-11-30,6088.83984375,8.71421284070887
2011-12-01,6035.8798828125,8.705476919559262
2011-12-02,6080.68017578125,8.71287183971977
2011-12-05,6106.08984375,8.717041887197382
2011-12-06,6028.81982421875,8.704306553189427
2011-12-07,5994.72998046875,8.698636025658049
2011-12-08,5874.43994140625,8.678366005345909
2011-12-09,5986.7099609375,8.697297284944366
2011-12-12,5785.43017578125,8.663097997413082
2011-12-13,5774.259765625,8.661165348061795
2011-12-14,5675.14013671875,8.643850535739652
2011-12-15,5730.6201171875,8.653579026747963
2011-12-16,5701.77978515625,8.648533648094807
2011-12-19,5670.7099609375,8.643069602452456
2011-12-20,5847.02978515625,8.673689082254752
2011-12-21,5791.52978515625,8.664151747267965
2011-12-22,5852.18017578125,8.674569550418829
2011-12-23,5878.93017578125,8.679130081444711
2011-12-27,5889.759765625,8.680970488992944
2011-12-28,5771.27001953125,8.660647442653172
2011-12-29,5848.77978515625,8.673988334735315
2011-12-30,5898.35009765625,8.682427946320963
2012-01-02,6075.52001953125,8.712022864468125
2012-01-03,6166.56982421875,8.726898018094252
2012-01-04,6111.5498046875,8.717935670523472
2012-01-05,6095.990234375,8.715386495392593
2012-01-06,6057.919921875,8.709121772925204
2012-01-09,6017.22998046875,8.70238229627299
2012-01-10,6162.97998046875,8.726315702615048
2012-01-11,6152.33984375,8.724587750841472
2012-01-12,6179.2099609375,8.728945704243754
2012-01-13,6143.080078125,8.723081536749646
2012-01-16,6220.009765625,8.735526755768166
2012-01-17,6332.93017578125,8.753518310998718
2012-01-18,6354.56982421875,8.756929490414837
2012-01-19,6416.259765625,8.766590635887772
2012-01-20,6404.39013671875,8.764738993047823
2012-01-23,6436.6201171875,8.769758854805074
2012-01-24,6419.22021484375,8.767051927444573
2012-01-25,6421.85009765625,8.767461532373956
2012-01-26,6539.85009765625,8.78566952334089
2012-01-27,6511.97998046875,8.781398833425309
2012-01-30,6444.4501953125,8.770974604568016
2012-01-31,6458.91015625,8.773215876081263
2012-02-01,6616.64013671875,8.797342987875272
2012-02-02,6655.6298828125,8.80321837440634
2012-02-03,6766.669921875,8.819764357426925
2012-02-06,6764.830078125,8.81949242249564
2012-02-07,6754.2001953125,8.817919841506006
2012-02-08,6748.759765625,8.817114028558677
2012-02-09,6788.7998046875,8.823029445678248
2012-02-10,6692.9599609375,8.80881150085318
2012-02-13,6738.47021484375,8.815588207053084
2012-02-14,6728.18994140625,8.814061432735592
2012-02-15,6757.93994140625,8.818473380198085
2012-02-16,6751.9599609375,8.817588106302273
2012-02-17,6848.02978515625,8.83171626728003
2012-02-20,6948.25,8.846245108291107
2012-02-21,6908.18017578125,8.840461521118277
2012-02-22,6843.8701171875,8.83110865721475
2012-02-23,6809.4599609375,8.826068095108841
2012-02-24,6864.43017578125,8.834108310500836
2012-02-27,6849.60009765625,8.831945549647902
2012-02-28,6887.6298828125,8.837482311041985
2012-02-29,6856.080078125,8.832891140215969
2012-03-01,6941.77001953125,8.845312067024105
2012-03-02,6921.3701171875,8.84236902282675
2012-03-05,6866.4599609375,8.834403962880373
2012-03-06,6633.10986328125,8.799829032524412
2012-03-07,6671.10986328125,8.805541521361382
2012-03-08,6834.5400390625,8.829744451950337
2012-03-09,6880.2099609375,8.836404448039863
2012-03-12,6901.35009765625,8.839472337772184
2012-03-13,6995.91015625,8.853080993896226
2012-03-14,7079.419921875,8.864947251392602
2012-03-15,7144.4501953125,8.874091137831819
2012-03-16,7157.81982421875,8.875960719762837
2012-03-19,7154.22021484375,8.87545770140332
2012-03-20,7054.93994140625,8.861483351338737
2012-03-21,7071.31982421875,8.863802420989911
2012-03-22,6981.259765625,8.850984661652701
2012-03-23,6995.6201171875,8.853039534662408
2012-03-26,7079.22998046875,8.86492042095219
2012-03-27,7078.89990234375,8.86487379358999
2012-03-28,6998.7998046875,8.853493956863895
2012-03-29,6875.14990234375,8.835668726274342
2012-03-30,6946.830078125,8.846040730644924
2012-04-02,7056.64990234375,8.861725699786334
2012-04-03,6982.27978515625,8.85113075921333
2012-04-04,6784.06005859375,8.822331030409226
2012-04-05,6775.259765625,8.821032986802543
2012-04-10,6606.43017578125,8.795798722780217
2012-04-11,6674.72998046875,8.806084030086
2012-04-12,6743.240234375,8.816295835324476
2012-04-13,6583.89990234375,8.79238253907362
2012-04-16,6625.18994140625,8.798634320844378
2012-04-17,6801.0,8.824824939175638
2012-04-18,6732.02978515625,8.814631979715088
2012-04-19,6671.22021484375,8.805558062934233
2012-04-20,6750.1201171875,8.817315578847133
2012-04-23,6523.0,8.783089671796096
2012-04-24,6590.41015625,8.793370864747938
2012-04-25,6704.5,8.810534221719697
2012-04-26,6739.89990234375,8.815800352511761
2012-04-27,6801.31982421875,8.824871964127697
2012-04-30,6761.18994140625,8.818954180381349
2012-05-02,6710.77001953125,8.811468980390774
2012-05-03,6694.43994140625,8.809032601363448
2012-05-04,6561.47021484375,8.788969974943846
2012-05-07,6569.47998046875,8.790189957732496
2012-05-08,6444.740234375,8.771019609576536
2012-05-09,6475.31005859375,8.775751770918369
2012-05-10,6518.0,8.782322859397507
2012-05-11,6579.93017578125,8.791779412679663
2012-05-14,6451.97021484375,8.77214082281221
2012-05-15,6401.06005859375,8.764218889787214
2012-05-16,6384.259765625,8.761590828405991
2012-05-17,6308.9599609375,8.749726118010127
2012-05-18,6271.22021484375,8.743726226310406
2012-05-21,6331.0400390625,8.753219804811366
2012-05-22,6435.60009765625,8.769600370951261
2012-05-23,6285.75,8.746040445647125
2012-05-24,6315.89013671875,8.750823980784531
2012-05-25,6339.93994140625,8.754624574422088
2012-05-28,6323.18994140625,8.751979097368025
2012-05-29,6396.83984375,8.76355937298697
2012-05-30,6280.7998046875,8.74525260878729
2012-05-31,6264.3798828125,8.742634881236075
2012-06-01,6050.2900390625,8.707861490216695
2012-06-04,5978.22998046875,8.695879813242856
2012-06-05,5969.39990234375,8.694401682463894
2012-06-06,6093.990234375,8.715058357046011
2012-06-07,6144.22021484375,8.723267116444914
2012-06-08,6130.81982421875,8.721083759664698
2012-06-11,6141.0498046875,8.722750984488256
2012-06-12,6161.240234375,8.72603337301123
2012-06-13,6152.490234375,8.724612195002676
2012-06-14,6138.60986328125,8.722353588875619
2012-06-15,6229.41015625,8.737036929329754
2012-06-18,6248.2001953125,8.740048732509486
2012-06-19,6363.35986328125,8.758311797233342
2012-06-20,6392.1298828125,8.76282280682861
2012-06-21,6343.1298828125,8.75512759798306
2012-06-22,6263.25,8.742454498701449
2012-06-25,6132.39013671875,8.72133986104657
2012-06-26,6136.68994140625,8.72204077828505
2012-06-27,6228.990234375,8.736969517485218
2012-06-28,6149.91015625,8.724192751954018
2012-06-29,6416.27978515625,8.766593756007708
2012-07-02,6496.080078125,8.778954209063102
2012-07-03,6578.2099609375,8.7915179448984
2012-07-04,6564.7998046875,8.789477291936443
2012-07-05,6535.56005859375,8.785013323777713
2012-07-06,6410.10986328125,8.765631689125287
2012-07-09,6387.56982421875,8.762109165836753
2012-07-10,6438.330078125,8.770024480834163
2012-07-11,6453.85009765625,8.772432146072612
2012-07-12,6419.35009765625,8.76707216066515
2012-07-13,6557.10009765625,8.788303725917459
2012-07-16,6565.72021484375,8.789617485951059
2012-07-17,6577.64013671875,8.791431318155942
2012-07-18,6684.419921875,8.807534712678295
2012-07-19,6758.39013671875,8.818539995220071
2012-07-20,6630.02001953125,8.79936310271249
2012-07-23,6419.330078125,8.767069042037537
2012-07-24,6390.41015625,8.762553732518242
2012-07-25,6406.52001953125,8.765071503822803
2012-07-26,6582.9599609375,8.79223976525851
2012-07-27,6689.39990234375,8.808279448402924
2012-07-30,6774.06005859375,8.82085589938414
2012-07-31,6772.259765625,8.820590101292451
2012-08-01,6754.4599609375,8.817958300631044
2012-08-02,6606.08984375,8.795747206183712
2012-08-03,6865.66015625,8.83428747617889
2012-08-06,6918.72021484375,8.841986091456715
2012-08-07,6967.9501953125,8.849076370876556
2012-08-08,6966.14990234375,8.848817969836496
2012-08-09,6964.990234375,8.84865148411314
2012-08-10,6944.56005859375,8.84571390668719
2012-08-13,6909.68017578125,8.84067863143315
2012-08-14,6974.39013671875,8.850000167270974
2012-08-15,6946.7998046875,8.846036372757496
2012-08-16,6996.2900390625,8.853135293121122
2012-08-17,7040.8798828125,8.859488424696368
2012-08-20,7033.68017578125,8.85846534367227
2012-08-21,7089.31982421875,8.866344680399303
2012-08-22,7017.75,8.856197932824132
2012-08-23,6949.56982421875,8.84643504084735
2012-08-24,6971.06982421875,8.84952398182108
2012-08-27,7047.4501953125,8.860421155962587
2012-08-28,7002.68017578125,8.85404823701121
2012-08-29,7010.56982421875,8.855174264060057
2012-08-30,6895.490234375,8.838622887681788
2012-08-31,6970.7900390625,8.849483845833625
2012-09-03,7014.830078125,8.855781769595291
2012-09-04,6932.580078125,8.843987328541143
2012-09-05,6964.68994140625,8.848608368554848
2012-09-06,7167.330078125,8.877288490204092
2012-09-07,7214.5,8.88384816873731
2012-09-10,7213.7001953125,8.88373730186861
2012-09-11,7310.10986328125,8.89701358180753
2012-09-12,7343.52978515625,8.901574903174831
2012-09-13,7310.31982421875,8.897042303389863
2012-09-14,7412.1298828125,8.910873110566952
2012-09-17,7403.68994140625,8.90973379564286
2012-09-18,7347.68994140625,8.902141249120046
2012-09-19,7390.759765625,8.907985818620453
2012-09-20,7389.490234375,8.907814031099521
2012-09-21,7451.6201171875,8.916186753125729
2012-09-24,7413.16015625,8.911012099205479
2012-09-25,7425.10986328125,8.91262275996295
2012-09-26,7276.509765625,8.892406598429716
2012-09-27,7290.02001953125,8.894261571162343
2012-09-28,7216.14990234375,8.884076835133087
2012-10-01,7326.72998046875,8.89928458080841
2012-10-02,7305.85986328125,8.896432026125725
2012-10-04,7305.2099609375,8.896343065857653
2012-10-05,7397.8701171875,8.90894741576187
2012-10-08,7291.2099609375,8.894424786667548
2012-10-09,7234.52978515625,8.886620645268149
2012-10-10,7205.22998046875,8.88256242748961
2012-10-11,7281.7001953125,8.893119657235895
2012-10-12,7232.490234375,8.886338686607415
2012-10-15,7261.25,8.890307269306742
2012-10-16,7376.27001953125,8.906023372420398
2012-10-17,7394.5498046875,8.908498494953335
2012-10-18,7437.22998046875,8.914253744047778
2012-10-19,7380.64013671875,8.906615653225659
2012-10-22,7328.0498046875,8.899464702822069
2012-10-23,7173.68994140625,8.878175437393278
2012-10-24,7192.85009765625,8.880842769619093
2012-10-25,7200.22998046875,8.88186824622579
2012-10-26,7231.85009765625,8.886250174210103
2012-10-29,7203.16015625,8.882275119301346
2012-10-30,7284.39990234375,8.893490340815447
2012-10-31,7260.6298828125,8.890221864773324
2012-11-01,7335.669921875,8.900504018632178
2012-11-02,7363.85009765625,8.90433818604261
2012-11-05,7326.47021484375,8.899249125669385
2012-11-06,7377.759765625,8.906225316719075
2012-11-07,7232.830078125,8.886385673987261
2012-11-08,7204.9599609375,8.882524951296391
2012-11-09,7163.5,8.876753967333427
2012-11-12,7168.759765625,8.877487943126098
2012-11-13,7169.1201171875,8.877538208795155
2012-11-14,7101.919921875,8.868120438006489
2012-11-15,7043.419921875,8.85984911555431
2012-11-16,6950.52978515625,8.84657316373366
2012-11-19,7123.83984375,8.87120216293141
2012-11-20,7172.990234375,8.878077894683294
2012-11-21,7184.7099609375,8.879710430396674
2012-11-22,7244.990234375,8.88806550684152
2012-11-23,7309.1298828125,8.896879514580062
2012-11-26,7292.02978515625,8.894537220424914
2012-11-27,7332.330078125,8.900048626784931
2012-11-28,7343.41015625,8.90155861266003
2012-11-29,7400.9599609375,8.909364995229785
2012-11-30,7405.5,8.909978246367027
2012-12-03,7435.2099609375,8.913982098029825
2012-12-04,7435.1201171875,8.913970014404306
2012-12-05,7454.5498046875,8.91657983700349
2012-12-06,7534.5400390625,8.92725306594091
2012-12-07,7517.7998046875,8.925028794970356
2012-12-10,7530.919921875,8.926772480911769
2012-12-11,7589.75,8.93455393177079
2012-12-12,7614.7900390625,8.937847692928464
2012-12-13,7581.97998046875,8.93352965567036
2012-12-14,7596.47021484375,8.935438972970948
2012-12-17,7604.93994140625,8.936553307411224
2012-12-18,7653.580078125,8.942928801418818
2012-12-19,7668.5,8.944876308090835
2012-12-20,7672.10009765625,8.945345663617923
2012-12-21,7636.22998046875,8.940659302316245
2012-12-27,7655.8798828125,8.943229243721898
2012-12-28,7612.39013671875,8.937532479955882
2013-01-02,7778.77978515625,8.959154764917557
2013-01-03,7756.43994140625,8.956278737472571
2013-01-04,7776.3701171875,8.958844942382491
2013-01-07,7732.66015625,8.953208216436552
2013-01-08,7695.830078125,8.94843391285608
2013-01-09,7720.47021484375,8.951630549822482
2013-01-10,7708.47021484375,8.950075031156203
2013-01-11,7715.52978515625,8.95099043193492
2013-01-14,7729.52001953125,8.952802046449369
2013-01-15,7675.91015625,8.94584215255805
2013-01-16,7691.1298828125,8.947822980550983
2013-01-17,7735.4599609375,8.953570226130926
2013-01-18,7702.22998046875,8.9492651737666
2013-01-21,7748.85986328125,8.955300997109683
2013-01-22,7696.2099609375,8.948483273799999
2013-01-23,7707.5400390625,8.949954354565172
2013-01-24,7748.1298828125,8.955206787785002
2013-01-25,7857.97021484375,8.969283609686654
2013-01-28,7833.0,8.96610085736724
2013-01-29,7848.56982421875,8.968086606180593
2013-01-30,7811.31005859375,8.963327969943931
2013-01-31,7776.0498046875,8.958803751043568
2013-02-01,7833.39013671875,8.96615066293386
2013-02-04,7638.22998046875,8.940921177369967
2013-02-05,7664.66015625,8.944375453238848
2013-02-06,7581.18017578125,8.93342416253041
2013-02-07,7590.85009765625,8.934698866444135
2013-02-08,7652.14013671875,8.94274064412987
2013-02-11,7633.740234375,8.940333205266835
2013-02-12,7660.18994140625,8.94379205895544
2013-02-13,7711.89013671875,8.950518590431486
2013-02-14,7631.18994140625,8.93999906774205
2013-02-15,7593.509765625,8.935049183220068
2013-02-18,7628.72998046875,8.939676659633568
2013-02-19,7752.4501953125,8.955764226615045
2013-02-20,7728.89990234375,8.95272181610358
2013-02-21,7583.56982421875,8.93373932083599
2013-02-22,7661.91015625,8.94401659930435
2013-02-25,7773.18994140625,8.958435904980327
2013-02-26,7597.10986328125,8.935523172802007
2013-02-27,7675.830078125,8.945831720108858
2013-02-28,7741.7001953125,8.95437660593835
2013-03-01,7708.16015625,8.95003480724393
2013-03-04,7691.68017578125,8.947894527032657
2013-03-05,7870.31005859375,8.970852738169535
2013-03-06,7919.330078125,8.977061895135538
2013-03-07,7939.77001953125,8.97963958902714
2013-03-08,7986.47021484375,8.985504165785098
2013-03-11,7984.2900390625,8.98523114486936
2013-03-12,7966.1201171875,8.982952842360959
2013-03-13,7970.91015625,8.98355396303709
2013-03-14,8058.3701171875,8.994466596340486
2013-03-15,8042.85009765625,8.992538789114603
2013-03-18,8010.7001953125,8.988533451387054
2013-03-19,7947.7900390625,8.980649186496217
2013-03-20,8001.97021484375,8.987443067196276
2013-03-21,7932.509765625,8.978724754547043
2013-03-22,7911.35009765625,8.976053728580968
2013-03-25,7870.89990234375,8.970927680788526
2013-03-26,7879.669921875,8.972041293887665
2013-03-27,7789.08984375,8.96047929554979
2013-03-28,7795.31005859375,8.961277557300392
2013-04-02,7943.8701171875,8.980155855791185
2013-04-03,7874.75,8.971416717158172
2013-04-04,7817.39013671875,8.964106035727488
2013-04-05,7658.75,8.943604064039864
2013-04-08,7662.64013671875,8.944111868719157
2013-04-09,7637.509765625,8.940826882120604
2013-04-10,7810.6298828125,8.963240890389889
2013-04-11,7871.6298828125,8.971020420707616
2013-04-12,7744.77001953125,8.954773058353442
2013-04-15,7712.6298828125,8.950614508631
2013-04-16,7682.580078125,8.94671071739646
2013-04-17,7503.02978515625,8.92306218930411
2013-04-18,7473.72998046875,8.919149481545432
2013-04-19,7459.9599609375,8.917305326016848
2013-04-22,7478.10986328125,8.919735346961803
2013-04-23,7658.2099609375,8.943533548863995
2013-04-24,7759.02978515625,8.956612577674601
2013-04-25,7832.85986328125,8.966082966652017
2013-04-26,7814.759765625,8.963769502219941
2013-04-29,7873.5,8.971257969360463
2013-04-30,7913.7099609375,8.976351972415747
2013-05-02,7961.7099609375,8.98239907498134
2013-05-03,8122.2900390625,9.002367417909372
2013-05-06,8112.080078125,9.001109597345973
2013-05-07,8181.77978515625,9.009664983577673
2013-05-08,8249.7099609375,9.017933322460731
2013-05-09,8262.5498046875,9.019488511940564
2013-05-10,8278.58984375,9.021427924149283
2013-05-13,8279.2900390625,9.021512499628495
2013-05-14,8339.1103515625,9.02871181718836
2013-05-15,8362.419921875,9.031503128531144
2013-05-16,8369.8701171875,9.032393645703324
2013-05-17,8398.0,9.035748861244139
2013-05-20,8455.830078125,9.042611432519054
2013-05-21,8472.2001953125,9.044545517232518
2013-05-22,8530.8896484375,9.05144893146429
2013-05-23,8351.98046875,9.030253971607952
2013-05-24,8305.3203125,9.024651589936997
2013-05-27,8383.2998046875,9.033996887410924
2013-05-28,8480.8701171875,9.045568331680995
2013-05-29,8336.580078125,9.028408348679203
2013-05-30,8400.2001953125,9.036010817322707
2013-05-31,8348.83984375,9.029877867323462
2013-06-03,8285.7998046875,9.022298461675367
2013-06-04,8295.9599609375,9.02352392358835
2013-06-05,8196.1796875,9.011423432922761
2013-06-06,8098.81005859375,8.999472423522285
2013-06-07,8254.6796875,9.018535553360335
2013-06-10,8307.6904296875,9.02493692258866
2013-06-11,8222.4599609375,9.014624708600156
2013-06-12,8143.27001953125,9.004947100628922
2013-06-13,8095.39013671875,8.999050059727272
2013-06-14,8127.9599609375,9.00306524374037
2013-06-17,8215.73046875,9.013805945416674
2013-06-18,8229.509765625,9.015481725144213
2013-06-19,8197.080078125,9.01153328180441
2013-06-20,7928.47998046875,8.978216616617763
2013-06-21,7789.240234375,8.960498603219387
2013-06-24,7692.4501953125,8.947994632727724
2013-06-25,7811.2998046875,8.963326657243128
2013-06-26,7940.990234375,8.979793261121756
2013-06-27,7990.75,8.986039901689226
2013-06-28,7959.22021484375,8.982086311080417
2013-07-01,7983.919921875,8.985184788115726
2013-07-02,7910.77001953125,8.975980403625657
2013-07-03,7829.31982421875,8.965630917295744
2013-07-04,7994.31005859375,8.986485324933124
2013-07-05,7806.0,8.96264794774056
2013-07-08,7968.5400390625,8.983256572954506
2013-07-09,8057.75,8.99438964020175
2013-07-10,8066.47998046875,8.99547248029177
2013-07-11,8158.7998046875,9.006852354381538
2013-07-12,8212.76953125,9.013445481889017
2013-07-15,8234.8095703125,9.016125517913583
2013-07-16,8201.0498046875,9.012017450019739
2013-07-17,8254.7197265625,9.018540403816914
2013-07-18,8337.08984375,9.028469494860884
2013-07-19,8331.5703125,9.027807230299725
2013-07-22,8331.0595703125,9.027745926388969
2013-07-23,8314.23046875,9.025723839990079
2013-07-24,8379.1103515625,9.033497024542376
2013-07-25,8298.98046875,9.02388795114948
2013-07-26,8244.91015625,9.01735133817872
2013-07-29,8259.0302734375,9.019062459312838
2013-07-30,8271.01953125,9.02051306110249
2013-07-31,8275.9697265625,9.021111380879345
2013-08-01,8410.73046875,9.037263606359218
2013-08-02,8406.9404296875,9.036812885311155
2013-08-05,8398.3798828125,9.035794095135634
2013-08-06,8299.73046875,9.02397831961283
2013-08-07,8260.48046875,9.019238032952863
2013-08-08,8318.3203125,9.026215627916804
2013-08-09,8338.3095703125,9.028615785397546
2013-08-12,8359.25,9.031123989135642
2013-08-13,8415.759765625,9.03786138961107
2013-08-14,8438.1201171875,9.040514827850503
2013-08-15,8376.2900390625,9.033160379346095
2013-08-16,8391.9404296875,9.035027051586628
2013-08-19,8366.2900390625,9.031965820187054
2013-08-20,8300.0302734375,9.024014441180146
2013-08-21,8285.41015625,9.022251434519415
2013-08-22,8397.8896484375,9.035735720938408
2013-08-23,8416.990234375,9.038007588984575
2013-08-26,8435.150390625,9.040162824177974
2013-08-27,8242.5595703125,9.017066202133904
2013-08-28,8157.89990234375,9.006742049925267
2013-08-29,8194.5498046875,9.011224554304377
2013-08-30,8103.14990234375,9.000008141900093
2013-09-02,8243.8701171875,9.01722518705697
2013-09-03,8180.7099609375,9.009534218121209
2013-09-04,8195.919921875,9.011391738920015
2013-09-05,8234.98046875,9.016146270872438
2013-09-06,8275.669921875,9.02107515429468
2013-09-09,8276.3203125,9.021153741898482
2013-09-10,8446.5400390625,9.041512173665582
2013-09-11,8495.73046875,9.047319018490494
2013-09-12,8494.0,9.047115310873217
2013-09-13,8509.419921875,9.048929054952119
2013-09-16,8613.0,9.061027968789174
2013-09-17,8596.9501953125,9.059162790894025
2013-09-18,8636.0595703125,9.063701689516478
2013-09-19,8694.1796875,9.070409079324575
2013-09-20,8675.73046875,9.068284805160602
2013-09-23,8635.2900390625,9.063612578790574
2013-09-24,8664.599609375,9.067000993277707
2013-09-25,8665.6298828125,9.067119892273151
2013-09-26,8664.099609375,9.066943285541676
2013-09-27,8661.509765625,9.066644324193394
2013-09-30,8594.400390625,9.05886615280344
2013-10-01,8689.1396484375,9.069829208575344
2013-10-02,8629.419921875,9.062932565349632
2013-10-04,8622.9697265625,9.0621848201683
2013-10-07,8591.580078125,9.05853794196549
2013-10-08,8555.8896484375,9.054375172554547
2013-10-09,8516.6904296875,9.04978309713842
2013-10-10,8685.76953125,9.069441279384474
2013-10-11,8724.830078125,9.073928271594449
2013-10-14,8723.8095703125,9.073811298829325
2013-10-15,8804.4404296875,9.083011467484083
2013-10-16,8846.0,9.087720658428273
2013-10-17,8811.98046875,9.083867491481966
2013-10-18,8865.099609375,9.089877454697296
2013-10-21,8867.2197265625,9.090116579332651
2013-10-22,8947.4599609375,9.09912496774193
2013-10-23,8919.8603515625,9.096035569797076
2013-10-24,8980.6298828125,9.102825301688522
2013-10-25,8985.740234375,9.103394181397332
2013-10-28,8978.650390625,9.102604859425204
2013-10-29,9022.0400390625,9.107425755894926
2013-10-30,9010.26953125,9.106120264833084
2013-10-31,9033.919921875,9.108741652092354
2013-11-01,9007.830078125,9.105849486760725
2013-11-04,9037.23046875,9.109108042370833
2013-11-05,9009.1103515625,9.105991605612108
2013-11-06,9040.8701171875,9.109510700655576
2013-11-07,9081.0302734375,9.113942931396142
2013-11-08,9078.2802734375,9.11364005645891
2013-11-11,9107.8603515625,9.116893094563068
2013-11-12,9076.48046875,9.113441782879992
2013-11-13,9054.830078125,9.111053604611346
2013-11-14,9149.66015625,9.121472016186365
2013-11-15,9168.6904296875,9.123549744767255
2013-11-18,9225.4296875,9.129719046414765
2013-11-19,9193.2900390625,9.126229153356546
2013-11-20,9202.0703125,9.127183771688177
2013-11-21,9196.080078125,9.126532593775236
2013-11-22,9219.0400390625,9.129026193891724
2013-11-25,9299.9501953125,9.137764323784266
2013-11-26,9290.0703125,9.136701400401417
2013-11-27,9351.1298828125,9.143252458063346
2013-11-28,9387.3701171875,9.147120460257634
2013-11-29,9405.2998046875,9.14902861838682
2013-12-02,9401.9599609375,9.148673453006353
2013-12-03,9223.400390625,9.129499054483071
2013-12-04,9140.6298828125,9.120484577042212
2013-12-05,9084.9501953125,9.114374498736268
2013-12-06,9172.41015625,9.123955361278224
2013-12-09,9195.169921875,9.12643361668007
2013-12-10,9114.4404296875,9.117615295177577
2013-12-11,9077.1103515625,9.113511177725231
2013-12-12,9017.0,9.106866963499908
2013-12-13,9006.4599609375,9.105697372279701
2013-12-16,9163.5595703125,9.122989981562085
2013-12-17,9085.1201171875,9.114393202227458
2013-12-18,9181.75,9.12497309725488
2013-12-19,9335.740234375,9.141605349497782
2013-12-20,9400.1796875,9.148484083766881
2013-12-23,9488.8203125,9.15786957539442
2013-12-27,9589.3896484375,9.168412521267879
2013-12-30,9552.16015625,9.164522602268415
2014-01-02,9400.0400390625,9.148469227723758
2014-01-03,9435.150390625,9.152197397328504
2014-01-06,9428.0,9.151439264056021
2014-01-07,9506.2001953125,9.159699516842005
2014-01-08,9497.83984375,9.158819666864352
2014-01-09,9421.6103515625,9.150761303232104
2014-01-10,9473.240234375,9.156226285458443
2014-01-13,9510.169921875,9.160117023084858
2014-01-14,9540.509765625,9.163302197566644
2014-01-15,9733.8095703125,9.183360626848069
2014-01-16,9717.7099609375,9.18170526896968
2014-01-17,9742.9599609375,9.184300247895958
2014-01-20,9715.900390625,9.181519037972453
2014-01-21,9730.1201171875,9.182981520138538
2014-01-22,9720.1103515625,9.181952250431449
2014-01-23,9631.0400390625,9.17274649886325
2014-01-24,9392.01953125,9.147615621628109
2014-01-27,9349.2197265625,9.1430481670959
2014-01-28,9406.91015625,9.149199821192846
2014-01-29,9336.73046875,9.141711413059662
2014-01-30,9373.48046875,9.145639754368355
2014-01-31,9306.48046875,9.138466261068588
2014-02-03,9186.51953125,9.12549242013928
2014-02-04,9127.91015625,9.119092048839002
2014-02-05,9116.3203125,9.11782152714406
2014-02-06,9256.580078125,9.133089937407314
2014-02-07,9301.919921875,9.137976101047245
2014-02-10,9289.8603515625,9.136678799570305
2014-02-11,9478.76953125,9.156809790543155
2014-02-12,9540.0,9.163248764442333
2014-02-13,9596.76953125,9.16918181366323
2014-02-14,9662.400390625,9.175997383980963
2014-02-17,9656.759765625,9.175413442948882
2014-02-18,9659.7802734375,9.175726180926906
2014-02-19,9660.0498046875,9.175754082958024
2014-02-20,9618.849609375,9.171479953284056
2014-02-21,9656.9501953125,9.1754331625872
2014-02-24,9708.9404296875,9.180802433774796
2014-02-25,9699.349609375,9.179814111663587
2014-02-26,9661.73046875,9.175928048715107
2014-02-27,9588.330078125,9.168302021132442
2014-02-28,9692.080078125,9.179064344193348
2014-03-03,9358.8896484375,9.144081935131176
2014-03-04,9589.150390625,9.16838757069166
2014-03-05,9542.01953125,9.163460432945682
2014-03-06,9542.8701171875,9.163549570054016
2014-03-07,9350.75,9.143211832969513
2014-03-10,9265.5,9.134053103804064
2014-03-11,9307.7900390625,9.138606967126782
2014-03-12,9188.6904296875,9.12572870570578
2014-03-13,9017.7900390625,9.10695457628179
2014-03-14,9056.41015625,9.111228090522697
2014-03-17,9180.8896484375,9.12487939051341
2014-03-18,9242.5498046875,9.131573079455992
2014-03-19,9277.0498046875,9.135298866258834
2014-03-20,9296.1201171875,9.137352400392409
2014-03-21,9342.9404296875,9.14237630284279
2014-03-24,9188.76953125,9.125737314247187
2014-03-25,9338.400390625,9.141890252168423
2014-03-26,9448.580078125,9.153619752915114
2014-03-27,9451.2099609375,9.153898050486044
2014-03-28,9587.1904296875,9.168183156203757
2014-03-31,9555.91015625,9.16491510658589
2014-04-01,9603.7099609375,9.169904757066034
2014-04-02,9623.3603515625,9.171948791559835
2014-04-03,9628.8203125,9.172515995990247
2014-04-04,9695.76953125,9.179444938559808
2014-04-07,9510.849609375,9.160188490074225
2014-04-08,9490.7900390625,9.158077137776692
2014-04-09,9506.349609375,9.159715234256453
2014-04-10,9454.5400390625,9.15425033253351
2014-04-11,9315.2900390625,9.139412419326312
2014-04-14,9339.169921875,9.141972653812488
2014-04-15,9173.7099609375,9.124097059324608
2014-04-16,9317.8203125,9.139684008277948
2014-04-17,9409.7099609375,9.149497409674808
2014-04-22,9600.08984375,9.169527736136093
2014-04-23,9544.1904296875,9.163687916395912
2014-04-24,9548.6796875,9.164158171299201
2014-04-25,9401.5498046875,9.148629827507158
2014-04-28,9446.3603515625,9.15338479831645
2014-04-29,9584.1201171875,9.167862853372215
2014-04-30,9603.23046875,9.16985482801155
2014-05-02,9556.01953125,9.16492655231657
2014-05-05,9529.5,9.162147529374698
2014-05-06,9467.5302734375,9.155623357387684
2014-05-07,9521.2998046875,9.161286652571308
2014-05-08,9607.400390625,9.170288954508594
2014-05-09,9581.4501953125,9.16758423688977
2014-05-12,9702.4599609375,9.18013473655972
2014-05-13,9754.4296875,9.185476787739741
2014-05-14,9754.3896484375,9.185472683025683
2014-05-15,9656.0498046875,9.175339920664594
2014-05-16,9629.099609375,9.172545001913644
2014-05-19,9659.3896484375,9.175685741818846
2014-05-20,9639.080078125,9.173580955470696
2014-05-21,9697.8701171875,9.179661564833554
2014-05-22,9720.91015625,9.18203453054505
2014-05-23,9768.009765625,9.1868680155469
2014-05-26,9892.8203125,9.199564552063153
2014-05-27,9940.8203125,9.204404822653954
2014-05-28,9939.169921875,9.204238787297866
2014-05-29,9938.900390625,9.204211668845645
2014-05-30,9943.26953125,9.204651172251207
2014-06-02,9950.1201171875,9.205339902158917
2014-06-03,9919.740234375,9.202282013885151
2014-06-04,9926.669921875,9.202980345495458
2014-06-05,9947.830078125,9.205109723768668
2014-06-06,9987.1904296875,9.209058593818181
2014-06-09,10008.6298828125,9.211202988097144
2014-06-10,10028.7998046875,9.213216213246485
2014-06-11,9949.8095703125,9.205308691307431
2014-06-12,9938.7001953125,9.204191526041019
2014-06-13,9912.8701171875,9.201589203676054
2014-06-16,9883.98046875,9.198670591059402
2014-06-17,9920.3203125,9.202340489324154
2014-06-18,9930.330078125,9.203348996982736
2014-06-19,10004.0,9.21074029199751
2014-06-20,9987.240234375,9.209063580662447
2014-06-23,9920.919921875,9.202400930039362
2014-06-24,9938.080078125,9.20412912990048
2014-06-25,9867.75,9.197027142914058
2014-06-26,9804.900390625,9.190637579540088
2014-06-27,9815.169921875,9.191684419028864
2014-06-30,9833.0703125,9.193506505420714
2014-07-01,9902.41015625,9.200533456619771
2014-07-02,9911.26953125,9.201427725198869
2014-07-03,10029.4296875,9.213279018671356
2014-07-04,10009.080078125,9.211247967798963
2014-07-07,9906.0703125,9.200903011093919
2014-07-08,9772.669921875,9.187344985274962
2014-07-09,9808.2001953125,9.190974069398402
2014-07-10,9659.1298828125,9.175658848906624
2014-07-11,9666.33984375,9.176405010461714
2014-07-14,9783.009765625,9.188402462680891
2014-07-15,9719.41015625,9.181880212099792
2014-07-16,9859.26953125,9.196167360800597
2014-07-17,9753.8798828125,9.1854204215348
2014-07-18,9720.01953125,9.181942906840327
2014-07-21,9612.0498046875,9.170772778354328
2014-07-22,9734.330078125,9.183414099632015
2014-07-23,9753.5595703125,9.185387581499512
2014-07-24,9794.0595703125,9.189531314570955
2014-07-25,9644.009765625,9.174092251912016
2014-07-28,9598.169921875,9.1693277261451
2014-07-29,9653.6298828125,9.175089277264306
2014-07-30,9593.6796875,9.168859794752523
2014-07-31,9407.48046875,9.149260446329375
2014-08-01,9210.080078125,9.128053823904821
2014-08-04,9154.1396484375,9.121961476552489
2014-08-05,9189.740234375,9.125842948832176
2014-08-06,9130.0400390625,9.119325359018884
2014-08-07,9038.9697265625,9.109300478590734
2014-08-08,9009.3203125,9.10601491074244
2014-08-11,9180.740234375,9.124863115916497
2014-08-12,9069.4697265625,9.112669076853482
2014-08-13,9198.8798828125,9.126837003756565
2014-08-14,9225.099609375,9.129683266614661
2014-08-15,9092.599609375,9.115216131915242
2014-08-18,9245.330078125,9.131873846604641
2014-08-19,9334.2802734375,9.141448953211034
2014-08-20,9314.5703125,9.139335153415642
2014-08-21,9401.5302734375,9.148627750054962
2014-08-22,9339.169921875,9.141972653812488
2014-08-25,9510.1396484375,9.160113839809908
2014-08-26,9588.150390625,9.168283280727987
2014-08-27,9569.7099609375,9.166358176875661
2014-08-28,9462.5595703125,9.1550981931354
2014-08-29,9470.169921875,9.155902129194965
2014-09-01,9479.0302734375,9.156837298185414
2014-09-02,9507.01953125,9.159785702764198
2014-09-03,9626.490234375,9.172273976716582
2014-09-04,9724.259765625,9.182379048944384
2014-09-05,9747.01953125,9.18471682815689
2014-09-08,9758.0302734375,9.185845842793341
2014-09-09,9710.7001953125,9.180983669428308
2014-09-10,9700.169921875,9.179898682057113
2014-09-11,9691.2802734375,9.17898181931908
2014-09-12,9651.1298828125,9.17483027378078
2014-09-15,9659.6298828125,9.175710612063904
2014-09-16,9632.9296875,9.172942683602987
2014-09-17,9661.5,9.175904194655056
2014-09-18,9798.1298828125,9.189946818164191
2014-09-19,9799.259765625,9.19006212768592
2014-09-22,9749.5400390625,9.184975387398326
2014-09-23,9595.0302734375,9.169000563563191
2014-09-24,9661.9697265625,9.175952811861928
2014-09-25,9510.009765625,9.160100182418509
2014-09-26,9490.5498046875,9.15805182508781
2014-09-29,9422.91015625,9.150899253644694
2014-09-30,9474.2998046875,9.156338127978518
2014-10-01,9382.0302734375,9.146551465640552
2014-10-02,9195.6796875,9.12648905355612
2014-10-06,9209.509765625,9.12799189934461
2014-10-07,9086.2099609375,9.1145131542339
2014-10-08,8995.330078125,9.104460841445102
2014-10-09,9005.01953125,9.10553742654163
2014-10-10,8788.8095703125,9.081234551509175
2014-10-13,8812.4296875,9.08391846836529
2014-10-14,8825.2099609375,9.08536767312613
2014-10-15,8571.9501953125,9.056250546417058
2014-10-16,8582.900390625,9.057527176224452
2014-10-17,8850.26953125,9.08820319304669
2014-10-20,8717.759765625,9.0731175762848
2014-10-21,8886.9599609375,9.092340308376407
2014-10-22,8940.1396484375,9.098306488676151
2014-10-23,9047.3095703125,9.110222707447669
2014-10-24,8987.7998046875,9.103623359435385
2014-10-27,8902.6103515625,9.094099810645172
2014-10-28,9068.1904296875,9.112528011593012
2014-10-29,9082.8095703125,9.11413884777682
2014-10-30,9114.83984375,9.117659116333055
2014-10-31,9326.8701171875,9.140654773164856
2014-11-03,9251.7001953125,9.132562618515069
2014-11-04,9166.4697265625,9.12330751038076
2014-11-05,9315.48046875,9.139432861818202
2014-11-06,9377.41015625,9.146058901131687
2014-11-07,9291.830078125,9.136890806823072
2014-11-10,9351.8701171875,9.143331614816315
2014-11-11,9369.0302734375,9.145164877180624
2014-11-12,9210.9599609375,9.128149354104128
2014-11-13,9248.509765625,9.132217711108519
2014-11-14,9252.9404296875,9.132696664282506
2014-11-17,9306.349609375,9.138452199867315
2014-11-18,9456.5302734375,9.154460816059768
2014-11-19,9472.7998046875,9.156179792398502
2014-11-20,9483.9697265625,9.15735825512648
2014-11-21,9732.5498046875,9.183231196829595
2014-11-24,9785.5400390625,9.188661068809282
2014-11-25,9861.2099609375,9.196364154158948
2014-11-26,9915.5595703125,9.201860476104974
2014-11-27,9974.8701171875,9.207824220839958
2014-11-28,9980.849609375,9.208423496881954
2014-12-01,9963.509765625,9.20668467461217
2014-12-02,9934.080078125,9.203726556650006
2014-12-03,9971.7900390625,9.207515389373905
2014-12-04,9851.349609375,9.195363740960477
2014-12-05,10087.1201171875,9.219014653102057
2014-12-08,10014.990234375,9.211838272999593
2014-12-09,9793.7099609375,9.189495617870065
2014-12-10,9799.73046875,9.190110161091669
2014-12-11,9862.5302734375,9.196498034699482
2014-12-12,9594.73046875,9.168969317244745
2014-12-15,9334.009765625,9.141419972751446
2014-12-16,9563.8896484375,9.165749790288887
2014-12-17,9544.4296875,9.163712984505713
2014-12-18,9811.0595703125,9.191265555933002
2014-12-19,9786.9599609375,9.188806162371932
2014-12-22,9865.759765625,9.196825431773425
2014-12-23,9922.1103515625,9.202520914706271
2014-12-29,9927.1298828125,9.203026680297068
2014-12-30,9805.5498046875,9.190703810968358
2015-01-02,9764.73046875,9.18653224116333
2015-01-05,9473.16015625,9.156217832335596
2015-01-06,9469.66015625,9.155848299184557
2015-01-07,9518.1796875,9.160958900206364
2015-01-08,9837.6103515625,9.193968110102388
2015-01-09,9648.5,9.174557741836411
2015-01-12,9781.900390625,9.188289058122185
2015-01-13,9941.0,9.204422898212146
2015-01-14,9817.080078125,9.191879012746448
2015-01-15,10032.6103515625,9.213596101488752
2015-01-16,10167.76953125,9.226978146527635
2015-01-19,10242.349609375,9.234286326313473
2015-01-20,10257.1298828125,9.235728341073344
2015-01-21,10299.23046875,9.23982445965482
2015-01-22,10435.6201171875,9.252980244404688
2015-01-23,10649.580078125,9.273275741076178
2015-01-26,10798.330078125,9.287146778761203
2015-01-27,10628.580078125,9.271301885567622
2015-01-28,10710.9697265625,9.279023703373044
2015-01-29,10737.8701171875,9.281532035285178
2015-01-30,10694.3203125,9.277468067603591
2015-02-02,10828.009765625,9.289891552620098
2015-02-03,10890.9501953125,9.295687466051962
2015-02-04,10911.3203125,9.297556090065914
2015-02-05,10905.41015625,9.297014289689086
2015-02-06,10846.3896484375,9.291587552298527
2015-02-09,10663.509765625,9.27458288983645
2015-02-10,10753.830078125,9.283017256438113
2015-02-11,10752.1103515625,9.28285732606243
2015-02-12,10919.650390625,9.298319233275857
2015-02-13,10963.400390625,9.302317767002064
2015-02-16,10923.23046875,9.298647036021302
2015-02-17,10895.6201171875,9.296116163353055
2015-02-18,10961.0,9.302098797215724
2015-02-19,11001.9404296875,9.305826938922245
2015-02-20,11050.6396484375,9.310243592006952
2015-02-23,11130.919921875,9.317482093313632
2015-02-24,11205.740234375,9.324181446915533
2015-02-25,11210.26953125,9.324585559599637
2015-02-26,11327.1904296875,9.334961347073827
2015-02-27,11401.66015625,9.341514251521124
2015-03-02,11410.3603515625,9.34227702444002
2015-03-03,11280.3603515625,9.33081847060229
2015-03-04,11390.3798828125,9.340524408195192
2015-03-05,11504.009765625,9.350450928849984
2015-03-06,11550.9697265625,9.35452467143532
2015-03-09,11582.1103515625,9.357216975590674
2015-03-10,11500.3798828125,9.350135347093797
2015-03-11,11805.990234375,9.37636232862555
2015-03-12,11799.3896484375,9.3758030844073
2015-03-13,11901.6103515625,9.384428993604914
2015-03-16,12167.7197265625,9.40654180002514
2015-03-17,11980.849609375,9.391064788134358
2015-03-18,11922.76953125,9.386205256857505
2015-03-19,11899.400390625,9.3842432904877
2015-03-20,12039.3701171875,9.395937401646076
2015-03-23,11895.83984375,9.383944025015571
2015-03-24,12005.6904296875,9.393136018845635
2015-03-25,11865.3203125,9.381375164923503
2015-03-26,11843.6796875,9.379549644571753
2015-03-27,11868.330078125,9.381628793471291
2015-03-30,12086.009765625,9.399803844932514
2015-03-31,11966.169921875,9.389838774239843
2015-04-01,12001.3798828125,9.392776912393643
2015-04-02,11967.3896484375,9.389940700287239
2015-04-07,12123.51953125,9.402902607835346
2015-04-08,12035.8603515625,9.39564583512052
2015-04-09,12166.4404296875,9.406436655909381
2015-04-10,12374.73046875,9.423411806896667
2015-04-13,12338.73046875,9.420498412811181
2015-04-14,12227.599609375,9.411450938720547
2015-04-15,12231.33984375,9.411756776544083
2015-04-16,11998.8603515625,9.39256695355701
2015-04-17,11688.7001953125,9.366377858832655
2015-04-20,11891.91015625,9.383613629115517
2015-04-21,11939.580078125,9.387614216991873
2015-04-22,11867.3701171875,9.381547905953322
2015-04-23,11723.580078125,9.36935748390214
2015-04-24,11810.849609375,9.376773846432398
2015-04-27,12039.16015625,9.395919961965571
2015-04-28,11811.66015625,9.376842471390827
2015-04-29,11432.7197265625,9.344234674815045
2015-04-30,11454.3798828125,9.346127458355676
2015-05-04,11619.849609375,9.36047008792757
2015-05-05,11327.6796875,9.335004539359641
2015-05-06,11350.150390625,9.336986273097095
2015-05-07,11407.9697265625,9.34206748894811
2015-05-08,11709.73046875,9.368175439140698
2015-05-11,11673.349609375,9.365063711463309
2015-05-12,11472.41015625,9.347700315011478
2015-05-13,11351.4599609375,9.337101645556904
2015-05-14,11559.8203125,9.355290598204176
2015-05-15,11447.0302734375,9.345485610576244
2015-05-18,11594.2802734375,9.358267175614522
2015-05-19,11853.330078125,9.380364126335818
2015-05-20,11848.4697265625,9.379954001225432
2015-05-21,11864.58984375,9.381313599688285
2015-05-22,11815.009765625,9.377126016165313
2015-05-26,11625.1298828125,9.360924403108196
2015-05-27,11771.1298828125,9.373405192487406
2015-05-28,11677.5703125,9.36542521355274
2015-05-29,11413.8203125,9.342580208244508
2015-06-01,11436.0498046875,9.344525908512074
2015-06-02,11328.7998046875,9.335103417668497
2015-06-03,11419.6201171875,9.343088217962105
2015-06-04,11340.599609375,9.336144451490139
2015-06-05,11197.150390625,9.32341459550205
2015-06-08,11064.919921875,9.311535015393892
2015-06-09,11001.2900390625,9.305767821182592
2015-06-10,11265.3896484375,9.329490441565753
2015-06-11,11332.7802734375,9.335454714336885
2015-06-12,11196.490234375,9.32335563624114
2015-06-15,10984.9697265625,9.3042832289262
2015-06-16,11044.009765625,9.309643457296756
2015-06-17,10978.009765625,9.303649438672656
2015-06-18,11100.2998046875,9.314727396366983
2015-06-19,11040.099609375,9.309289342378698
2015-06-22,11460.5,9.346661619334421
2015-06-23,11542.5400390625,9.353794623213117
2015-06-24,11471.259765625,9.347600035445925
2015-06-25,11473.1298828125,9.347763048471794
2015-06-26,11492.4296875,9.349443809541153
2015-06-29,11083.2001953125,9.313185744890733
2015-06-30,10944.9697265625,9.300635243992653
2015-07-01,11180.5,9.3219264684282
2015-07-02,11099.349609375,9.314641791833745
2015-07-03,11058.3896484375,9.310944663068314
2015-07-06,10890.6298828125,9.29565805473296
2015-07-07,10676.7802734375,9.27582659453763
2015-07-08,10747.2998046875,9.282409821045286
2015-07-09,10996.41015625,9.305324149085125
2015-07-10,11315.6298828125,9.333940224464545
2015-07-13,11484.3798828125,9.34874312000528
2015-07-14,11516.900390625,9.351570834732053
2015-07-15,11539.66015625,9.353545090430014
2015-07-16,11716.759765625,9.368775554396175
2015-07-17,11673.419921875,9.365069734780572
2015-07-20,11735.7197265625,9.37039243802457
2015-07-21,11604.7998046875,9.359174067778827
2015-07-22,11520.669921875,9.351898085499604
2015-07-23,11512.1103515625,9.351154834306746
2015-07-24,11347.4501953125,9.336748345276044
2015-07-27,11056.400390625,9.310764760133278
2015-07-28,11173.91015625,9.321336889558095
2015-07-29,11211.849609375,9.324726498831804
2015-07-30,11257.150390625,9.32875879600839
2015-07-31,11308.990234375,9.333353284344117
2015-08-03,11443.7197265625,9.345196363006979
2015-08-04,11456.0703125,9.34627502679507
2015-08-05,11636.2998046875,9.36188478455367
2015-08-06,11585.099609375,9.357475034962874
2015-08-07,11490.830078125,9.349304611760344
2015-08-10,11604.7802734375,9.359172384745362
2015-08-11,11293.650390625,9.33199593443446
2015-08-12,10924.6103515625,9.298773353566883
2015-08-13,11014.6298828125,9.30697965747468
2015-08-14,10985.1396484375,9.304298697385834
2015-08-17,10940.330078125,9.300211247195863
2015-08-18,10915.919921875,9.297977545952568
2015-08-19,10682.150390625,9.276329439683309
2015-08-20,10432.1904296875,9.252651538379379
2015-08-21,10124.51953125,9.222715437145073
2015-08-24,9648.4296875,9.17455045440767
2015-08-25,10128.1201171875,9.223071004225508
2015-08-26,9997.4296875,9.21008330768799
2015-08-27,10315.6201171875,9.241414541700035
2015-08-28,10298.5302734375,9.239756472136998
2015-08-31,10259.4599609375,9.235955481953262
2015-09-01,10015.5703125,9.211896192309819
2015-09-02,10048.0498046875,9.215133845372398
2015-09-03,10317.83984375,9.24162969965951
2015-09-04,10038.0400390625,9.214137158955928
2015-09-07,10108.6103515625,9.22114284970474
2015-09-08,10271.3603515625,9.23711475292019
2015-09-09,10303.1201171875,9.240202052344303
2015-09-10,10210.4404296875,9.231166047318197
2015-09-11,10123.5595703125,9.22262061719367
2015-09-14,10131.740234375,9.223428372653839
2015-09-15,10188.1298828125,9.228978584625516
2015-09-16,10227.2099609375,9.232807090656632
2015-09-17,10229.580078125,9.233038810021554
2015-09-18,9916.16015625,9.201921044320535
2015-09-21,9948.509765625,9.205178046636652
2015-09-22,9570.66015625,9.166457463912167
2015-09-23,9612.6201171875,9.170832109672107
2015-09-24,9427.6396484375,9.151401041904002
2015-09-25,9688.5302734375,9.178698018813208
2015-09-28,9483.5498046875,9.157313977130679
2015-09-29,9450.400390625,9.15381238896854
2015-09-30,9660.4404296875,9.17579451930258
2015-10-01,9509.25,9.160020288076167
2015-10-02,9553.0703125,9.164617880496245
2015-10-05,9814.7900390625,9.191645714638911
2015-10-06,9902.830078125,9.200575861747918
2015-10-07,9970.400390625,9.207376021690635
2015-10-08,9993.0703125,9.209647163012358
2015-10-09,10096.599609375,9.219953973803387
2015-10-12,10119.830078125,9.222252152001381
2015-10-13,10032.8203125,9.213617029117072
2015-10-14,9915.849609375,9.2018897265793
2015-10-15,10064.7998046875,9.216799447631418
2015-10-16,10104.4296875,9.220729189600766
2015-10-19,10164.3095703125,9.226637801504028
2015-10-20,10147.6796875,9.225000356119715
2015-10-21,10238.099609375,9.233871296348495
2015-10-22,10491.9697265625,9.25836545559969
2015-10-23,10794.5400390625,9.286795733339186
2015-10-26,10801.33984375,9.287425465024036
2015-10-27,10692.1904296875,9.27726888758351
2015-10-28,10831.9599609375,9.290256298776825
2015-10-29,10800.83984375,9.287379173399087
2015-10-30,10850.1396484375,9.29193322970951
2015-11-02,10950.669921875,9.301155913453131
2015-11-03,10951.150390625,9.301199788230955
2015-11-04,10845.240234375,9.291481574640803
2015-11-05,10887.740234375,9.29539268607232
2015-11-06,10988.0302734375,9.304561802347655
2015-11-09,10815.4501953125,9.28873096445675
2015-11-10,10832.51953125,9.290307956635749
2015-11-11,10907.8701171875,9.297239836779399
2015-11-12,10782.6298828125,9.285691774154294
2015-11-13,10708.400390625,9.278783795669337
2015-11-16,10713.23046875,9.279234749029383
2015-11-17,10971.0400390625,9.30301435634711
2015-11-18,10959.9501953125,9.302003016268369
2015-11-19,11085.4404296875,9.31338785330329
2015-11-20,11119.830078125,9.316485286943667
2015-11-23,11092.3095703125,9.314007315678387
2015-11-24,10933.990234375,9.299631586311596
2015-11-25,11169.5400390625,9.320945712975695
2015-11-26,11320.76953125,9.334394329239055
2015-11-27,11293.759765625,9.332005619033026
2015-11-30,11382.23046875,9.339808687486448
2015-12-01,11261.240234375,9.329122040776907
2015-12-02,11190.01953125,9.322777546724465
2015-12-03,10789.240234375,9.286304641906002
2015-12-04,10752.099609375,9.282856326984806
2015-12-07,10886.08984375,9.29524109210633
2015-12-08,10673.599609375,9.275528645357944
2015-12-09,10592.490234375,9.267900560562598
2015-12-10,10598.9296875,9.268508302124696
2015-12-11,10340.0595703125,9.243780909197904
2015-12-14,10139.33984375,9.224178170859139
2015-12-15,10450.3798828125,9.254393609154473
2015-12-16,10469.259765625,9.256198600851812
2015-12-17,10738.1201171875,9.281555317098707
2015-12-18,10608.1904296875,9.269381663781061
2015-12-21,10497.76953125,9.258918087984863
2015-12-22,10488.75,9.258058533184279
2015-12-23,10727.6396484375,9.28057883457983
2015-12-28,10653.91015625,9.273682254575798
2015-12-29,10860.1396484375,9.292854452377396
2015-12-30,10743.009765625,9.282010567688284
2016-01-04,10283.4404296875,9.238290155167514
2016-01-05,10310.099609375,9.240879238397408
2016-01-06,10214.01953125,9.231516519409599
2016-01-07,9979.849609375,9.208323299991067
2016-01-08,9849.33984375,9.195159710981045
2016-01-11,9825.0703125,9.192692593200404
2016-01-12,9985.4296875,9.20888227822396
2016-01-13,9960.9599609375,9.206428727554465
2016-01-14,9794.2001953125,9.189545672661126
2016-01-15,9545.26953125,9.163800973712972
2016-01-18,9521.849609375,9.161344395613249
2016-01-19,9664.2099609375,9.176184646028975
2016-01-20,9391.6396484375,9.147575173405649
2016-01-21,9574.16015625,9.16682309806092
2016-01-22,9764.8798828125,9.186547542447874
2016-01-25,9736.150390625,9.183601081407655
2016-01-26,9822.75,9.192456402877623
2016-01-27,9880.8203125,9.198350814876287
2016-01-28,9639.58984375,9.17363383937059
2016-01-29,9798.1103515625,9.18994482479712
2016-02-01,9757.8798828125,9.185830430688673
2016-02-02,9581.0400390625,9.16754142864877
2016-02-03,9434.8203125,9.152162412841223
2016-02-04,9393.3603515625,9.147758373100066
2016-02-05,9286.23046875,9.136287987219761
2016-02-08,8979.3603515625,9.102683928420992
2016-02-09,8879.400390625,9.09148931012813
2016-02-10,9017.2900390625,9.106899128787466
2016-02-11,8752.8701171875,9.077136938959885
2016-02-12,8967.509765625,9.101363298407795
2016-02-15,9206.83984375,9.127701948083873
2016-02-16,9135.1103515625,9.119880548822614
2016-02-17,9377.2099609375,9.146037552225524
2016-02-18,9463.6396484375,9.155212328901772
2016-02-19,9388.0498046875,9.147192862100376
2016-02-22,9573.58984375,9.16676352839867
2016-02-23,9416.76953125,9.15024737151938
2016-02-24,9167.7998046875,9.12345260240366
2016-02-25,9331.48046875,9.141148959575931
2016-02-26,9513.2998046875,9.160446077971871
2016-02-29,9495.400390625,9.158562790932884
2016-03-01,9717.16015625,9.181648689771121
2016-03-02,9776.6201171875,9.18774911200881
2016-03-03,9751.919921875,9.185219459670769
2016-03-04,9824.169921875,9.192600946845136
2016-03-07,9778.9296875,9.187985318134059
2016-03-08,9692.8203125,9.179140716458404
2016-03-09,9723.08984375,9.182258732099168
2016-03-10,9498.150390625,9.158852362909276
2016-03-11,9831.1298828125,9.193309148836208
2016-03-14,9990.259765625,9.209365873869604
2016-03-15,9933.849609375,9.203703356572934
2016-03-16,9983.41015625,9.20868000996274
2016-03-17,9892.2001953125,9.19950186653928
2016-03-18,9950.7998046875,9.205408209302801
2016-03-21,9948.6396484375,9.205191102055778
2016-03-22,9990.0,9.2093398716426
2016-03-23,10022.9296875,9.212630715885025
2016-03-24,9851.349609375,9.195363740960477
2016-03-29,9887.9404296875,9.19907115517361
2016-03-30,10046.6103515625,9.21499057814456
2016-03-31,9965.509765625,9.206885386945617
2016-04-01,9794.6396484375,9.189590540364225
2016-04-04,9822.080078125,9.192388199500693
2016-04-05,9563.3603515625,9.165694445492836
2016-04-06,9624.509765625,9.172068224417275
2016-04-07,9530.6201171875,9.162265064540469
2016-04-08,9622.259765625,9.171834418946014
2016-04-11,9682.990234375,9.178126041078027
2016-04-12,9761.4697265625,9.186198254808055
2016-04-13,10026.099609375,9.21294693288032
2016-04-14,10093.650390625,9.21966183093532
2016-04-15,10051.5703125,9.215484151281462
2016-04-18,10120.3095703125,9.222299532325422
2016-04-19,10349.58984375,9.244702169285093
2016-04-20,10421.2900390625,9.251606111776937
2016-04-21,10435.73046875,9.252990818858127
2016-04-22,10373.490234375,9.247008814931585
2016-04-25,10294.349609375,9.239350442077702
2016-04-26,10259.58984375,9.235968141683
2016-04-27,10299.830078125,9.239882676812229
2016-04-28,10321.150390625,9.241950504782803
2016-04-29,10038.9697265625,9.214229771104003
2016-05-02,10123.26953125,9.22259196687405
2016-05-03,9926.76953125,9.202990379965831
2016-05-04,9828.25,9.193016170842979
2016-05-05,9851.8603515625,9.19541558451172
2016-05-06,9869.9501953125,9.197250086347166
2016-05-09,9980.490234375,9.208387489779941
2016-05-10,10045.4404296875,9.214874121951107
2016-05-11,9975.3203125,9.207869352771322
2016-05-12,9862.1201171875,9.196456446509888
2016-05-13,9952.900390625,9.205619284221001
2016-05-17,9890.1904296875,9.19929867920262
2016-05-18,9943.23046875,9.204647243706718
2016-05-19,9795.8896484375,9.189718153047144
2016-05-20,9916.01953125,9.201906862823371
2016-05-23,9842.2900390625,9.194443690516447
2016-05-24,10057.3095703125,9.216054969547002
2016-05-25,10205.2099609375,9.230653649352483
2016-05-26,10272.7099609375,9.237246139676214
2016-05-27,10286.3095703125,9.238569122159685
2016-05-30,10333.23046875,9.243120240112528
2016-05-31,10262.740234375,9.236275162439195
2016-06-01,10204.4404296875,9.230578240784904
2016-06-02,10208.0,9.23092700558457
2016-06-03,10103.259765625,9.220613399828855
2016-06-06,10121.080078125,9.222375664233978
2016-06-07,10287.6796875,9.238702311418448
2016-06-08,10217.0302734375,9.231811241632693
2016-06-09,10088.8701171875,9.219188126620239
2016-06-10,9834.6201171875,9.193664104473461
2016-06-13,9657.4404296875,9.175483926226047
2016-06-14,9519.2001953125,9.161066111158686
2016-06-15,9606.7099609375,9.170217087565481
2016-06-16,9550.4697265625,9.16434561829267
2016-06-17,9631.3603515625,9.172779756660153
2016-06-20,9962.01953125,9.206535094206492
2016-06-21,10015.5400390625,9.211893169667842
2016-06-22,10071.0595703125,9.217421200665155
2016-06-23,10257.0302734375,9.235718629793501
2016-06-24,9557.16015625,9.16504590713037
2016-06-27,9268.66015625,9.134394112649781
2016-06-28,9447.2802734375,9.15348217731227
2016-06-29,9612.26953125,9.170795637583689
2016-06-30,9680.08984375,9.177826461606683
2016-07-01,9776.1201171875,9.18769796828224
2016-07-04,9709.08984375,9.180817822983732
2016-07-05,9532.6103515625,9.162473868015356
2016-07-06,9373.259765625,9.145616208608159
2016-07-07,9418.7802734375,9.15046087653686
2016-07-08,9629.66015625,9.172603214060427
2016-07-11,9833.41015625,9.193541066129285
2016-07-12,9964.0703125,9.206740933011128
2016-07-13,9930.7099609375,9.203387251053199
2016-07-14,10068.2998046875,9.217147133790348
2016-07-15,10066.900390625,9.217008132037082
2016-07-18,10063.1298828125,9.216633516817394
2016-07-19,9981.240234375,9.20846263356585
2016-07-20,10142.009765625,9.22444145924397
2016-07-21,10156.2099609375,9.225840616196685
2016-07-22,10147.4599609375,9.224978702998198
2016-07-25,10198.240234375,9.229970458346367
2016-07-26,10247.759765625,9.234814401227737
2016-07-27,10319.5498046875,9.241795414507225
2016-07-28,10274.9296875,9.237462196275327
2016-07-29,10337.5,9.243533339331947
2016-08-01,10330.51953125,9.242857854290444
2016-08-02,10144.33984375,9.224671178062794
2016-08-03,10170.2099609375,9.227218133956097
2016-08-04,10227.8603515625,9.232870682774896
2016-08-05,10367.2099609375,9.24640321593345
2016-08-08,10432.3603515625,9.252667826472688
2016-08-09,10692.900390625,9.27733528533171
2016-08-10,10650.8896484375,9.273398702713266
2016-08-11,10742.83984375,9.281994750592093
2016-08-12,10713.4296875,9.279253344437958
2016-08-15,10739.2099609375,9.28165680492303
2016-08-16,10676.650390625,9.275814429484198
2016-08-17,10537.669921875,9.262711727624938
2016-08-18,10603.0302734375,9.268895114098322
2016-08-19,10544.3603515625,9.26334643214109
2016-08-22,10494.349609375,9.25859225885991
2016-08-23,10592.8798828125,9.267937345233848
2016-08-24,10622.9697265625,9.270773890974814
2016-08-25,10529.58984375,9.261944653158578
2016-08-26,10587.76953125,9.267454796133322
2016-08-29,10544.4404296875,9.263354026515547
2016-08-30,10657.6396484375,9.274032251855184
2016-08-31,10592.6904296875,9.267919460124105
2016-09-01,10534.3095703125,9.262392787338172
2016-09-02,10683.8203125,9.276485755715152
2016-09-05,10672.2197265625,9.275399357014152
2016-09-06,10687.1396484375,9.276796395571319
2016-09-07,10752.98046875,9.2829382480353
2016-09-08,10675.2900390625,9.275687007663327
2016-09-09,10573.4404296875,9.266100515940554
2016-09-12,10431.76953125,9.252611191442522
2016-09-13,10386.599609375,9.248271755202184
2016-09-14,10378.400390625,9.24748203989507
2016-09-15,10431.2001953125,9.25255661283314
2016-09-16,10276.169921875,9.237582893892496
2016-09-19,10373.8701171875,9.247045434800919
2016-09-20,10393.8603515625,9.248970559992513
2016-09-21,10436.490234375,9.253063620467131
2016-09-22,10674.1796875,9.275582990881858
2016-09-23,10626.9697265625,9.271150362640164
2016-09-26,10393.7099609375,9.248956090708923
2016-09-27,10361.48046875,9.245850407992897
2016-09-28,10438.33984375,9.253240829993908
2016-09-29,10405.5400390625,9.250093639360985
2016-09-30,10511.01953125,9.26017946499402
2016-10-04,10619.6103515625,9.270457604062806
2016-10-05,10585.7802734375,9.267266895867499
2016-10-06,10568.7998046875,9.265661525084042
2016-10-07,10490.8603515625,9.258259714382048
2016-10-10,10624.080078125,9.270878409161924
2016-10-11,10577.16015625,9.266452253148746
2016-10-12,10523.0703125,9.261325298510753
2016-10-13,10414.0703125,9.250913085428493
2016-10-14,10580.3798828125,9.266756610515568
2016-10-17,10503.5703125,9.259470508110502
2016-10-18,10631.5498046875,9.27158125606989
2016-10-19,10645.6796875,9.272909425688479
2016-10-20,10701.3896484375,9.278128885702888
2016-10-21,10710.73046875,9.279001365481061
2016-10-24,10761.169921875,9.28369955660402
2016-10-25,10757.3095703125,9.283340762516797
2016-10-26,10709.6796875,9.278903255198095
2016-10-27,10717.080078125,9.279594016750492
2016-10-28,10696.1904296875,9.277642922445983
2016-10-31,10665.009765625,9.27472354657545
2016-11-01,10526.16015625,9.261618881098181
2016-11-02,10370.9296875,9.24676194884445
2016-11-03,10325.8798828125,9.242408632872662
2016-11-04,10259.1298828125,9.235923308385045
2016-11-07,10456.9501953125,9.25502212677884
2016-11-08,10482.3203125,9.25744533723332
2016-11-09,10646.009765625,9.272940431036904
2016-11-10,10630.1201171875,9.271446771101642
2016-11-11,10667.9501953125,9.27499921668513
2016-11-14,10693.6904296875,9.277409167052223
2016-11-15,10735.1396484375,9.281277718932275
2016-11-16,10663.8701171875,9.274616682225812
2016-11-17,10685.5400390625,9.276646708269457
2016-11-18,10664.5595703125,9.274681333316899
2016-11-21,10685.1298828125,9.276608323300566
2016-11-22,10713.849609375,9.27929253950974
2016-11-23,10662.4404296875,9.274482604885149
2016-11-24,10689.259765625,9.276994756123381
2016-11-25,10699.26953125,9.277930750012148
2016-11-28,10582.669921875,9.266973029140726
2016-11-29,10620.490234375,9.270540455159432
2016-11-30,10640.2998046875,9.272403939630951
2016-12-01,10534.0498046875,9.262368128026035
2016-12-02,10513.349609375,9.260401119981044
2016-12-05,10684.830078125,9.276580264784027
2016-12-06,10775.3203125,9.28501364190829
2016-12-07,10986.6904296875,9.304439858249273
2016-12-08,11179.419921875,9.32182986002087
2016-12-09,11203.6298828125,9.323993101454889
2016-12-12,11190.2099609375,9.322794564395135
2016-12-13,11284.650390625,9.3311987087651
2016-12-14,11244.83984375,9.327664621850907
2016-12-15,11366.400390625,9.338416948284383
2016-12-16,11404.009765625,9.3417203063655
2016-12-19,11426.7001953125,9.343708018284852
2016-12-20,11464.740234375,9.347031537763192
2016-12-21,11468.6396484375,9.347371602256084
2016-12-22,11456.099609375,9.346277584115052
2016-12-23,11449.9296875,9.345738868133836
2016-12-27,11472.240234375,9.347685503552412
2016-12-28,11474.990234375,9.347925183893526
2016-12-29,11451.0498046875,9.34583669077839
2016-12-30,11481.0595703125,9.348453962679994
2017-01-02,11598.330078125,9.358616407949068
2017-01-03,11584.240234375,9.357400852875152
2017-01-04,11584.3095703125,9.357406838224954
2017-01-05,11584.9404296875,9.357461294832325
2017-01-06,11599.009765625,9.358675008418327
2017-01-09,11563.990234375,9.355651258650841
2017-01-10,11583.2998046875,9.357319667761287
2017-01-11,11646.169921875,9.362732642868934
2017-01-12,11521.0400390625,9.351930211343403
2017-01-13,11629.1796875,9.36127270884621
2017-01-16,11554.7099609375,9.35484842165243
2017-01-17,11540.0,9.353574540062091
2017-01-18,11599.3896484375,9.35870775919615
2017-01-19,11596.8896484375,9.358492207384785
2017-01-20,11630.1298828125,9.361354413362001
2017-01-23,11545.75,9.354072682866107
2017-01-24,11594.9404296875,9.358324112090191
2017-01-25,11806.0498046875,9.37636737438292
2017-01-26,11848.6298828125,9.379967518174986
2017-01-27,11814.26953125,9.377063362170162
2017-01-30,11681.8896484375,9.365795028265405
2017-01-31,11535.3095703125,9.353168007726062
2017-02-01,11659.5,9.363876577338385
2017-02-02,11627.9501953125,9.361166978500734
2017-02-03,11651.490234375,9.363189367926884
2017-02-06,11509.83984375,9.350957587088278
2017-02-07,11549.4404296875,9.35439226713021
2017-02-08,11543.3798828125,9.353867381305774
2017-02-09,11642.8603515625,9.362448425767928
2017-02-10,11666.9697265625,9.364517028028557
2017-02-13,11774.4296875,9.373685483529055
2017-02-14,11771.8095703125,9.373462932728511
2017-02-15,11793.9296875,9.375340244824855
2017-02-16,11757.240234375,9.372224519964675
2017-02-17,11757.01953125,9.372205748110726
2017-02-20,11827.6201171875,9.37819276320833
2017-02-21,11967.490234375,9.389949105254216
2017-02-22,11998.58984375,9.392544408844108
2017-02-23,11947.830078125,9.38830495745089
2017-02-24,11804.0302734375,9.37619630073571
2017-02-27,11822.669921875,9.377774147167969
2017-02-28,11834.41015625,9.378766681774946
2017-03-01,12067.1904296875,9.398245513978956
2017-03-02,12059.5703125,9.397613840500506
2017-03-03,12027.3603515625,9.394939362744408
2017-03-06,11958.400390625,9.389189271956488
2017-03-07,11966.1396484375,9.389836244317905
2017-03-08,11967.3095703125,9.389934008903799
2017-03-09,11978.3896484375,9.390859442637392
2017-03-10,11963.1796875,9.389588852328936
2017-03-13,11990.0302734375,9.391830772908905
2017-03-14,11988.7900390625,9.391727328756113
2017-03-15,12009.8701171875,9.393484100459974
2017-03-16,12083.1796875,9.399569656016627
2017-03-17,12095.240234375,9.400567285135011
2017-03-20,12052.900390625,9.397060606273516
2017-03-21,11962.1298828125,9.389501095496776
2017-03-22,11904.1201171875,9.384639847511506
2017-03-23,12039.6796875,9.39596311448068
2017-03-24,12064.26953125,9.398003431779497
2017-03-27,11996.0703125,9.392334401180499
2017-03-28,12149.419921875,9.405036704573403
2017-03-29,12203.0,9.40943710213184
2017-03-30,12256.4296875,9.41380595072449
2017-03-31,12312.8701171875,9.418400345307731
2017-04-03,12257.2001953125,9.413868814349048
2017-04-04,12282.33984375,9.415917724572486
2017-04-05,12217.5400390625,9.410627906328422
2017-04-06,12230.8896484375,9.411719969162098
2017-04-07,12225.0595703125,9.4112431871584
2017-04-10,12200.51953125,9.409233814343342
2017-04-11,12139.349609375,9.404207488991768
2017-04-12,12154.7001953125,9.405471221313373
2017-04-13,12109.0,9.401704256754366
2017-04-18,12000.4404296875,9.392698630570576
2017-04-19,12016.4501953125,9.394031839623018
2017-04-20,12027.3203125,9.394936033740539
2017-04-21,12048.5703125,9.396701285614215
2017-04-24,12454.98046875,9.429875859549728
2017-04-25,12467.0400390625,9.43084364394345
2017-04-26,12472.7998046875,9.431305536703267
2017-04-27,12443.7900390625,9.428976985411548
2017-04-28,12438.009765625,9.428512366807842
2017-05-02,12507.900390625,9.43411575489276
2017-05-03,12527.83984375,9.435708634284726
2017-05-04,12647.7802734375,9.44523700630304
2017-05-05,12716.8896484375,9.450686282499218
2017-05-08,12694.5498046875,9.44892803109859
2017-05-09,12749.1201171875,9.453217537788577
2017-05-10,12757.4599609375,9.453871474460735
2017-05-11,12711.0595703125,9.450227725800287
2017-05-12,12770.41015625,9.454886067246107
2017-05-15,12807.0400390625,9.457750301763225
2017-05-16,12804.5302734375,9.45755431490241
2017-05-17,12631.6103515625,9.443957709319962
2017-05-18,12590.0595703125,9.440662858584982
2017-05-19,12638.6904296875,9.444518057087212
2017-05-22,12619.4599609375,9.442995342860847
2017-05-23,12659.150390625,9.446135583700947
2017-05-24,12642.8701171875,9.444848708158402
2017-05-25,12621.7197265625,9.443174396744936
2017-05-26,12602.1796875,9.441625069049769
2017-05-29,12628.9501953125,9.443747091962132
2017-05-30,12598.6796875,9.44134730074271
2017-05-31,12615.0595703125,9.442646583244944
2017-06-01,12664.919921875,9.446591239626605
2017-06-02,12822.9404296875,9.458991066865194
2017-06-06,12690.1201171875,9.448579026163046
2017-06-07,12672.490234375,9.447188799730702
2017-06-08,12713.580078125,9.450425998645496
2017-06-09,12815.7197265625,9.458427800042987
2017-06-12,12690.4404296875,9.448604266937332
2017-06-13,12764.98046875,9.454460799611743
2017-06-14,12805.9501953125,9.45766520090302
2017-06-15,12691.8095703125,9.448712148675659
2017-06-16,12752.73046875,9.453500682070555
2017-06-19,12888.9501953125,9.464125649273836
2017-06-20,12814.7900390625,9.458355254665708
2017-06-21,12774.259765625,9.455187469410701
2017-06-22,12794.0,9.456731590010083
2017-06-23,12733.41015625,9.451984539121709
2017-06-26,12770.830078125,9.454918949116461
2017-06-27,12671.01953125,9.447072738211185
2017-06-28,12647.26953125,9.445196623525263
2017-06-29,12416.1904296875,9.426756579747996
2017-06-30,12325.1201171875,9.419394744679831
2017-07-03,12475.3095703125,9.431506735567337
2017-07-04,12437.1298828125,9.428441622858236
2017-07-05,12453.6796875,9.429771415453336
2017-07-06,12381.25,9.423938510446861
2017-07-07,12388.6796875,9.424538406192756
2017-07-10,12445.919921875,9.42914813106339
2017-07-11,12437.01953125,9.4284327500674
2017-07-12,12626.580078125,9.443559401015335
2017-07-13,12641.330078125,9.444726889864565
2017-07-14,12631.7197265625,9.443966368115113
2017-07-17,12587.16015625,9.440432538151924
2017-07-18,12430.3896484375,9.427899531433992
2017-07-19,12452.0498046875,9.429640531287479
2017-07-20,12447.25,9.429254993960356
2017-07-21,12240.0595703125,9.412469422910071
2017-07-24,12208.9501953125,9.409924584318452
2017-07-25,12264.3095703125,9.414448662430763
2017-07-26,12305.1103515625,9.417769930811152
2017-07-27,12212.0400390625,9.410177632514845
2017-07-28,12162.7001953125,9.406129186405044
2017-07-31,12118.25,9.402467859759202
2017-08-01,12251.2900390625,9.413386519739461
2017-08-02,12181.48046875,9.407672083035845
2017-08-03,12154.7197265625,9.405472828200748
2017-08-04,12297.7197265625,9.417169136089663
2017-08-07,12257.169921875,9.413866344496682
2017-08-08,12292.0498046875,9.416707975039067
2017-08-09,12154.0,9.4054136126953
2017-08-10,12014.2998046875,9.393852869708992
2017-08-11,12014.0595703125,9.393832873805714
2017-08-14,12165.1201171875,9.406328129167026
2017-08-15,12177.0400390625,9.407307493590828
2017-08-16,12263.8603515625,9.414412033627924
2017-08-17,12203.4599609375,9.409474793869052
2017-08-18,12165.1904296875,9.40633390899461
2017-08-21,12065.990234375,9.398146049649725
2017-08-22,12229.33984375,9.411593248790151
2017-08-23,12174.2998046875,9.40708243538835
2017-08-24,12180.830078125,9.407618689855102
2017-08-25,12167.9404296875,9.406559938273586
2017-08-28,12123.4697265625,9.402898499722212
2017-08-29,11945.8798828125,9.388141718228516
2017-08-30,12002.4697265625,9.392867718140927
2017-08-31,12055.83984375,9.39730445585761
2017-09-01,12142.6396484375,9.404478474951583
2017-09-04,12102.2099609375,9.401143356307715
2017-09-05,12123.7099609375,9.40291831517111
2017-09-06,12214.5400390625,9.410382327564315
2017-09-07,12296.6298828125,9.41708051055022
2017-09-08,12303.98046875,9.417678104353886
2017-09-11,12475.240234375,9.431501177698829
2017-09-12,12524.76953125,9.435463525085169
2017-09-13,12553.5703125,9.437760391152954
2017-09-14,12540.4501953125,9.436714714285118
2017-09-15,12518.8095703125,9.434987557890075
2017-09-18,12559.3896484375,9.438223843971794
2017-09-19,12561.7900390625,9.438414948900956
2017-09-20,12569.169921875,9.439002262957889
2017-09-21,12600.0302734375,9.441454495590452
2017-09-22,12592.349609375,9.440844734675748
2017-09-25,12594.8095703125,9.44104006920536
2017-09-26,12605.2001953125,9.441864721710298
2017-09-27,12657.41015625,9.445998105754484
2017-09-28,12704.650390625,9.449723377912056
2017-09-29,12828.8603515625,9.459452626818086
2017-10-02,12902.650390625,9.465188025884036
2017-10-04,12970.51953125,9.470434332888361
2017-10-05,12968.0498046875,9.470243903991689
2017-10-06,12955.9404296875,9.469309682386816
2017-10-09,12976.400390625,9.47088763212337
2017-10-10,12949.25,9.468793150392626
2017-10-11,12970.6796875,9.470446680524926
2017-10-12,12982.8896484375,9.471387588627412
2017-10-13,12991.8701171875,9.472079065213826
2017-10-16,13003.7001953125,9.472989226352778
2017-10-17,12995.0595703125,9.472324531159927
2017-10-18,13043.0302734375,9.476009191416237
2017-10-19,12990.099609375,9.471942777793444
2017-10-20,12991.2802734375,9.472033663194345
2017-10-23,13003.1396484375,9.472946118702755
2017-10-24,13013.1904296875,9.473718770473381
2017-10-25,12953.41015625,9.469114364990716
2017-10-26,13133.2802734375,9.482904766516162
2017-10-27,13217.5400390625,9.489300017351281
2017-10-30,13229.5703125,9.490209778312485
2017-11-01,13465.509765625,9.507886863097593
2017-11-02,13440.9296875,9.50605978486187
2017-11-03,13478.8603515625,9.508877837239648
2017-11-06,13468.7900390625,9.508130439019558
2017-11-07,13379.26953125,9.501461738114928
2017-11-08,13382.419921875,9.5016971784555
2017-11-09,13182.5595703125,9.486649990287834
2017-11-10,13127.4697265625,9.482462239400995
2017-11-13,13074.419921875,9.478412922509177
2017-11-14,13033.48046875,9.47527674640403
2017-11-15,12976.3701171875,9.470885299159535
2017-11-16,13047.2197265625,9.476330342279951
2017-11-17,12993.73046875,9.47222224847869
2017-11-20,13058.66015625,9.47720680616251
2017-11-21,13167.5400390625,9.485509992101925
2017-11-22,13015.0400390625,9.47386089380215
2017-11-23,13008.5498046875,9.4733620975524
2017-11-24,13059.83984375,9.477297139642673
2017-11-27,13000.2001953125,9.472720035964524
2017-11-28,13059.5302734375,9.477273435371771
2017-11-29,13061.8701171875,9.477452586850731
2017-11-30,13023.98046875,9.474547588605908
2017-12-01,12861.490234375,9.461992872444524
2017-12-04,13058.5498046875,9.47719835567621
2017-12-05,13048.5400390625,9.476431532091091
2017-12-06,12998.849609375,9.472616140941524
2017-12-07,13045.150390625,9.476171726107287
2017-12-08,13153.7001953125,9.484458381698904
2017-12-11,13123.650390625,9.482171254791774
2017-12-12,13183.5302734375,9.4867236229828
2017-12-13,13125.6396484375,9.482322821391355
2017-12-14,13068.080078125,9.477927900504833
2017-12-15,13103.5595703125,9.480639195203873
2017-12-18,13312.2998046875,9.496443684193167
2017-12-19,13215.7900390625,9.48916760875975
2017-12-20,13069.169921875,9.478011294415872
2017-12-21,13109.740234375,9.481110762249845
2017-12-22,13072.7900390625,9.478288252778293
2017-12-27,13070.01953125,9.478076300974458
2017-12-28,12979.9404296875,9.471160400855215
2017-12-29,12917.6396484375,9.466349070897369
2018-01-02,12871.3896484375,9.462762270552776
2018-01-03,12978.2099609375,9.47102707327012
2018-01-04,13167.8896484375,9.485536542599043
2018-01-05,13319.6396484375,9.496994890307821
2018-01-08,13367.7802734375,9.500602633383524
2018-01-09,13385.58984375,9.50193402250312
2018-01-10,13281.33984375,9.494115309789828
2018-01-11,13202.900390625,9.488191811000616
2018-01-12,13245.0302734375,9.491377687353804
2018-01-15,13200.509765625,9.488010726436737
2018-01-16,13246.330078125,9.491475817813795
2018-01-17,13183.9599609375,9.486756215201186
2018-01-18,13281.4296875,9.49412207442707
2018-01-19,13434.4501953125,9.505577596900896
2018-01-22,13463.6904296875,9.50775174315886
2018-01-23,13559.599609375,9.51485003372622
2018-01-24,13414.740234375,9.504109398853757
2018-01-25,13298.3603515625,9.495396024772608
2018-01-26,13340.169921875,9.498535057160229
2018-01-29,13324.48046875,9.497358259061938
2018-01-30,13197.7099609375,9.487798605715946
2018-01-31,13189.48046875,9.487174856667995
2018-02-01,13003.900390625,9.473004621491736
2018-02-02,12785.16015625,9.456040414533803
2018-02-05,12687.490234375,9.448371766079413
2018-02-06,12392.66015625,9.424859653454552
2018-02-07,12590.4296875,9.440692255725263
2018-02-08,12260.2900390625,9.414120866556416
2018-02-09,12107.48046875,9.401578761123078
2018-02-12,12282.76953125,9.415952708133396
2018-02-13,12196.5,9.408904304316001
2018-02-14,12339.16015625,9.420533236492554
2018-02-15,12346.169921875,9.421101166173157
2018-02-16,12451.9599609375,9.429633316083915
2018-02-19,12385.599609375,9.424289754911808
2018-02-20,12487.900390625,9.432515485756106
2018-02-21,12470.490234375,9.431120351002786
2018-02-22,12461.91015625,9.430432083661552
2018-02-23,12483.7900390625,9.432186284846685
2018-02-26,12527.0400390625,9.435644790060246
2018-02-27,12490.73046875,9.432742085696914
2018-02-28,12435.849609375,9.428338677938507
2018-03-01,12190.9404296875,9.408448367135973
2018-03-02,11913.7099609375,9.3854451135023
2018-03-05,12090.8701171875,9.400205911009818
2018-03-06,12113.8701171875,9.402106365771965
2018-03-07,12245.3603515625,9.412902397418959
2018-03-08,12355.5703125,9.4218622778187
2018-03-09,12346.6796875,9.421142454694582
2018-03-12,12418.3896484375,9.426933689145365
2018-03-13,12221.0302734375,9.410913539600262
2018-03-14,12237.740234375,9.412279917647101
2018-03-15,12345.5595703125,9.421051728440347
2018-03-16,12389.580078125,9.424611082049244
2018-03-19,12217.01953125,9.410585302097225
2018-03-20,12307.330078125,9.41795030516898
2018-03-21,12309.150390625,9.418098198975782
2018-03-22,12100.080078125,9.400967349589793
2018-03-23,11886.3095703125,9.383142560540538
2018-03-26,11787.259765625,9.374774546299246
2018-03-27,11970.830078125,9.3902281426911
2018-03-28,11940.7099609375,9.387708845893908
2018-03-29,12096.73046875,9.400690485877536
2018-04-03,12002.4501953125,9.392866090870346
2018-04-04,11957.900390625,9.389147459470129
2018-04-05,12305.1904296875,9.417776438502848
2018-04-06,12241.26953125,9.412568270561149
2018-04-09,12261.75,9.41423993992363
2018-04-10,12397.3203125,9.425235624408685
2018-04-11,12293.9697265625,9.416864155007643
2018-04-12,12415.009765625,9.42666148454083
2018-04-13,12442.400390625,9.428865305125017
2018-04-16,12391.41015625,9.42475878221062
2018-04-17,12585.5703125,9.44030622338809
2018-04-18,12590.830078125,9.440724056407895
2018-04-19,12567.419921875,9.438863023704377
2018-04-20,12540.5,9.436718685800322
2018-04-23,12572.3896484375,9.439258390790458
2018-04-24,12550.8203125,9.437541305969644
2018-04-25,12422.2998046875,9.427248507805263
2018-04-26,12500.4697265625,9.433521500709352
2018-04-27,12580.8701171875,9.439932694570594
2018-04-30,12612.1103515625,9.442412770354116
2018-05-02,12802.25,9.457376215709996
2018-05-03,12690.150390625,9.44858141175129
2018-05-04,12819.599609375,9.458730498268922
2018-05-07,12948.1396484375,9.46870740031679
2018-05-08,12912.2099609375,9.465928651292757
2018-05-09,12943.0595703125,9.468314982943822
2018-05-10,13022.8701171875,9.474462330577532
2018-05-11,13001.240234375,9.47280003453736
2018-05-14,12977.7099609375,9.470988546413698
2018-05-15,12970.0400390625,9.470397364357575
2018-05-16,12996.330078125,9.47242229490636
2018-05-17,13114.6103515625,9.481482181723324
2018-05-18,13077.7197265625,9.478665276981841
2018-05-22,13169.919921875,9.485690714375258
2018-05-23,12976.83984375,9.47092149711449
2018-05-24,12855.08984375,9.461495108687624
2018-05-25,12938.009765625,9.467924751405393
2018-05-28,12863.4599609375,9.46214600988902
2018-05-29,12666.509765625,9.446716763039353
2018-05-30,12783.759765625,9.455930876029191
2018-05-31,12604.8896484375,9.441840084997224
2018-06-01,12724.26953125,9.451266435547069
2018-06-04,12770.75,9.454912678703687
2018-06-05,12787.1298828125,9.456194466170428
2018-06-06,12830.0703125,9.45954693791423
2018-06-07,12811.0498046875,9.458063343499138
2018-06-08,12766.5498046875,9.454583732778902
2018-06-11,12842.91015625,9.460547199246268
2018-06-12,12842.2998046875,9.460499673719823
2018-06-13,12890.580078125,9.46425209710259
2018-06-14,13107.099609375,9.480909317298838
2018-06-15,13010.5498046875,9.473515830774069
2018-06-18,12834.1103515625,9.459861776649879
2018-06-19,12677.9697265625,9.447621098969554
2018-06-20,12695.16015625,9.448976109754357
2018-06-21,12511.91015625,9.434436282152694
2018-06-22,12579.7197265625,9.439841250718684
2018-06-25,12270.330078125,9.414939438575807
2018-06-26,12234.33984375,9.412002018045921
2018-06-27,12348.6103515625,9.421298813584343
2018-06-28,12177.23046875,9.407323131890275
2018-06-29,12306.0,9.417842227300435
2018-07-02,12238.169921875,9.412315028700975
2018-07-03,12349.1396484375,9.421341675535338
2018-07-04,12317.6103515625,9.418785253303296
2018-07-05,12464.2900390625,9.430623037982796
2018-07-06,12496.169921875,9.433177470088406
2018-07-09,12543.8896484375,9.436988945392493
2018-07-10,12609.849609375,9.442233502589273
2018-07-11,12417.1298828125,9.426832240442067
2018-07-12,12492.9697265625,9.432921343196883
2018-07-13,12540.73046875,9.436737063586873
2018-07-16,12561.01953125,9.438353609598073
2018-07-17,12661.5400390625,9.446324334355376
2018-07-18,12765.9404296875,9.454535999479523
2018-07-19,12686.2900390625,9.44827716485717
2018-07-20,12561.419921875,9.438385484737093
2018-07-23,12548.5703125,9.437362018747923
2018-07-24,12689.3896484375,9.44852146250189
2018-07-25,12579.330078125,9.439810275905204
2018-07-26,12809.23046875,9.457921320389232
2018-07-27,12860.400390625,9.4619081318812
2018-07-30,12798.2001953125,9.457059830280022
2018-07-31,12805.5,9.45763004511847
2018-08-01,12737.0498046875,9.452270332819023
2018-08-02,12546.330078125,9.437183477741895
2018-08-03,12615.759765625,9.442702086421702
2018-08-06,12598.2099609375,9.441310016254894
2018-08-07,12648.1904296875,9.445269434886615
2018-08-08,12633.5400390625,9.444110464199621
2018-08-09,12676.1103515625,9.447474426323762
2018-08-10,12424.349609375,9.427413504272833
2018-08-13,12358.740234375,9.422118803032008
2018-08-14,12358.8701171875,9.422129312366094
2018-08-15,12163.009765625,9.406154638514192
2018-08-16,12237.169921875,9.412233313798797
2018-08-17,12210.5498046875,9.410055595139909
2018-08-20,12331.2998046875,9.41989600866292
2018-08-21,12384.490234375,9.424200181155092
2018-08-22,12385.7001953125,9.424297876079311
2018-08-23,12365.580078125,9.422672091764563
2018-08-24,12394.51953125,9.425009680607857
2018-08-27,12538.3095703125,9.436544002094788
2018-08-28,12527.419921875,9.435675114626262
2018-08-29,12561.6796875,9.438406164161929
2018-08-30,12494.240234375,9.43302303584809
2018-08-31,12364.0595703125,9.422549121285734
2018-09-03,12346.41015625,9.421120624194494
2018-09-04,12210.2099609375,9.410027762774881
2018-09-05,12040.4599609375,9.396027920868779
2018-09-06,11955.25,9.388925791426182
2018-09-07,11959.6298828125,9.389292080772643
2018-09-10,11986.33984375,9.391522934007638
2018-09-11,11970.26953125,9.390181315529086
2018-09-12,12032.2998046875,9.395349963157075
2018-09-13,12055.5498046875,9.397280397595788
2018-09-14,12124.330078125,9.402969462990615
2018-09-17,12096.41015625,9.400664006264575
2018-09-18,12157.669921875,9.405715518892174
2018-09-19,12219.01953125,9.410748994748014
2018-09-20,12326.48046875,9.419505110865519
2018-09-21,12430.8798828125,9.427938969031855
2018-09-24,12350.8203125,9.421477761915053
2018-09-25,12374.66015625,9.423406124938587
2018-09-26,12385.8896484375,9.424313172079785
2018-09-27,12435.58984375,9.42831778927016
2018-09-28,12246.73046875,9.41301427983839
2018-10-01,12339.0302734375,9.420522710371293
2018-10-02,12287.580078125,9.41634428147386
2018-10-04,12244.1396484375,9.412802705459058
2018-10-05,12111.900390625,9.401943751619717
2018-10-08,11947.16015625,9.388248885289435
2018-10-09,11977.2197265625,9.39076176848871
2018-10-10,11712.5,9.368411926546678
2018-10-11,11539.349609375,9.353518178800947
2018-10-12,11523.8095703125,9.352170571450783
2018-10-15,11614.16015625,9.35998033576717
2018-10-16,11776.5498046875,9.373865528456182
2018-10-17,11715.0302734375,9.368627935098822
2018-10-18,11589.2099609375,9.357829768431255
2018-10-19,11553.830078125,9.354772269475665
2018-10-22,11524.33984375,9.352216585855503
2018-10-23,11274.2802734375,9.33027932849195
2018-10-24,11191.6298828125,9.322921445999759
2018-10-25,11307.1201171875,9.33318790513764
2018-10-26,11200.6201171875,9.323724423356483
2018-10-29,11335.48046875,9.335692950111211
2018-10-30,11287.3896484375,9.331441421237805
2018-10-31,11447.509765625,9.345527497610162
2018-11-01,11468.5400390625,9.347362916848693
2018-11-02,11518.990234375,9.351752277142051
2018-11-05,11494.9599609375,9.349663954019185
2018-11-06,11484.33984375,9.348739633606126
2018-11-07,11579.099609375,9.35695699416401
2018-11-08,11527.3203125,9.352475176234366
2018-11-09,11529.16015625,9.35263477073591
2018-11-12,11325.4404296875,9.334806839633668
2018-11-13,11472.2197265625,9.34768371594769
2018-11-14,11412.5302734375,9.342467177555784
2018-11-15,11353.669921875,9.337296311780431
2018-11-16,11341.0,9.33617975681533
2018-11-19,11244.5400390625,9.327637959960798
2018-11-20,11066.41015625,9.311669687315733
2018-11-21,11244.169921875,9.327605044138755
2018-11-22,11138.490234375,9.318161977759472
2018-11-23,11192.6904296875,9.323016204014387
2018-11-26,11354.7197265625,9.337388771413588
2018-11-27,11309.1103515625,9.333363905676977
2018-11-28,11298.8798828125,9.33245887437236
2018-11-29,11298.23046875,9.332401396752207
2018-11-30,11257.240234375,9.328766777014982
2018-12-03,11465.4599609375,9.347094313190935
2018-12-04,11335.3203125,9.335678821254314
2018-12-05,11200.240234375,9.323690506550916
2018-12-06,10810.98046875,9.28831760668213
2018-12-07,10788.08984375,9.286198012344148
2018-12-10,10622.0703125,9.270689220476534
2018-12-11,10780.509765625,9.285495131436315
2018-12-12,10929.4296875,9.299214401172453
2018-12-13,10924.7001953125,9.29878157751059
2018-12-14,10865.76953125,9.293372716804624
2018-12-17,10772.2001953125,9.284724038544582
2018-12-18,10740.8896484375,9.281813199682269
2018-12-19,10766.2099609375,9.284167801154172
2018-12-20,10611.099609375,9.269655865198768
2018-12-21,10633.8203125,9.27179479646995
2018-12-27,10381.509765625,9.247781595625307
2018-12-28,10558.9599609375,9.264730063862352
2019-01-02,10580.1904296875,9.266738704275593
2019-01-03,10416.66015625,9.251161741496242
2019-01-04,10767.6904296875,9.284305302370901
2019-01-07,10747.8095703125,9.282457251892573
2019-01-08,10803.98046875,9.287669907131345
2019-01-09,10893.3203125,9.295905065002177
2019-01-10,10921.58984375,9.298496828788684
2019-01-11,10887.4599609375,9.295366943628164
2019-01-14,10855.91015625,9.292464925527069
2019-01-15,10891.7900390625,9.295764576988546
2019-01-16,10931.240234375,9.299380045398875
2019-01-17,10918.6201171875,9.298224878419516
2019-01-18,11205.5400390625,9.324163581330877
2019-01-21,11136.2001953125,9.317956359721563
2019-01-22,11090.1103515625,9.31380903084157
2019-01-23,11071.5400390625,9.312133134279797
2019-01-24,11130.1796875,9.31741558856874
2019-01-25,11281.7900390625,9.33094520386815
2019-01-28,11210.3095703125,9.324589131234635
2019-01-29,11218.830078125,9.325348902528223
2019-01-30,11181.66015625,9.322030229088435
2019-01-31,11173.099609375,9.321264347693761
2019-02-01,11180.66015625,9.321940792930944
2019-02-04,11176.580078125,9.321575803502238
2019-02-05,11367.98046875,9.338555951685207
2019-02-06,11324.7197265625,9.334743201838592
2019-02-07,11022.01953125,9.307650326465744
2019-02-08,10906.7802734375,9.297139918263044
2019-02-11,11014.58984375,9.306976022387918
2019-02-12,11126.080078125,9.317047187996089
2019-02-13,11167.2197265625,9.320737955670456
2019-02-14,11089.7900390625,9.31378014770915
2019-02-15,11299.7998046875,9.332540288144159
2019-02-18,11299.2001953125,9.332487223019584
2019-02-19,11309.2099609375,9.33337271352598
2019-02-20,11401.9697265625,9.341541402489117
2019-02-21,11423.2802734375,9.343408681319973
2019-02-22,11457.7001953125,9.346417289092294
2019-02-25,11505.3896484375,9.350570869643686
2019-02-26,11540.7900390625,9.353642998642709
2019-02-27,11487.330078125,9.34899997466118
2019-02-28,11515.6396484375,9.35146135985984
2019-03-01,11601.6796875,9.358905167258406
2019-03-04,11592.66015625,9.358127431675898
2019-03-05,11620.740234375,9.360546731851535
2019-03-06,11587.6298828125,9.357693418683999
2019-03-07,11517.7998046875,9.351648926832695
2019-03-08,11457.83984375,9.346429477191483
2019-03-11,11543.48046875,9.353876095001441
2019-03-12,11524.169921875,9.352201841138665
2019-03-13,11572.41015625,9.356379109319445
2019-03-14,11587.4697265625,9.357679597276308
2019-03-15,11685.6904296875,9.366120332064156
2019-03-18,11657.0595703125,9.363667247167777
2019-03-19,11788.41015625,9.374872137640637
2019-03-20,11603.8896484375,9.359095635409581
2019-03-21,11549.9599609375,9.354437249358433
2019-03-22,11364.169921875,9.338220695508804
2019-03-25,11346.650390625,9.336677859584418
2019-03-26,11419.48046875,9.343075989070956
2019-03-27,11419.0400390625,9.343037420050042
2019-03-28,11428.16015625,9.343835777625056
2019-03-29,11526.0400390625,9.35236410579437
2019-04-01,11681.990234375,9.365803638645017
2019-04-02,11754.7900390625,9.372016099399298
2019-04-03,11954.400390625,9.388854723103435
2019-04-04,11988.009765625,9.391662243052922
2019-04-05,12009.75,9.393474098870696
2019-04-08,11963.400390625,9.389607300692578
2019-04-09,11850.5703125,9.380131273042311
2019-04-10,11905.91015625,9.384790207594657
2019-04-11,11935.2001953125,9.387247312433049
2019-04-12,11999.9296875,9.39265606937797
2019-04-15,12020.2802734375,9.394350525075051
2019-04-16,12101.3203125,9.401069842367571
2019-04-17,12153.0703125,9.405337117462555
2019-04-18,12222.3896484375,9.411024765853034
2019-04-23,12235.509765625,9.412097639547039
2019-04-24,12313.16015625,9.418423900794286
2019-04-25,12282.599609375,9.41593887387151
2019-04-26,12315.1796875,9.418587901394192
2019-04-29,12328.01953125,9.419629961298664
2019-04-30,12344.080078125,9.42093188123234
2019-05-02,12345.419921875,9.421040416743494
2019-05-03,12412.75,9.42647944913751
2019-05-06,12286.8798828125,9.416287295862473
2019-05-07,12092.740234375,9.400360570894263
2019-05-08,12179.9296875,9.407544768463975
2019-05-09,11973.919921875,9.390486223795905
2019-05-10,12059.830078125,9.397635380474204
2019-05-13,11876.650390625,9.382329599509138
2019-05-14,11991.6201171875,9.391963361260952
2019-05-15,12099.5703125,9.400925219590652
2019-05-16,12310.3701171875,9.418197285110551
2019-05-17,12238.9404296875,9.412377986117246
2019-05-20,12041.2900390625,9.396096859224615
2019-05-21,12143.4697265625,9.404546833214532
2019-05-22,12168.740234375,9.406625666603496
2019-05-23,11952.41015625,9.388688223739107
2019-05-24,12011.0400390625,9.393581509081738
2019-05-27,12071.1796875,9.398576046473856
2019-05-28,12027.0498046875,9.394913542375253
2019-05-29,11837.8095703125,9.379053888815532
2019-05-30,11902.080078125,9.384468460305587
2019-05-31,11726.83984375,9.369635497315704
2019-06-03,11792.8095703125,9.375245266271348
2019-06-04,11971.169921875,9.390256531610156
2019-06-05,11980.8095703125,9.391061446206972
2019-06-06,11953.1396484375,9.388749254938446
2019-06-07,12045.3798828125,9.396436453182814
2019-06-11,12155.8095703125,9.405562488424714
2019-06-12,12115.6796875,9.402255734648437
2019-06-13,12169.0498046875,9.406651106079472
2019-06-14,12096.400390625,9.400663198948289
2019-06-17,12085.8203125,9.399788169402411
2019-06-18,12331.75,9.419932516338664
2019-06-19,12308.5302734375,9.418047819153564
2019-06-20,12355.3896484375,9.421847655637873
2019-06-21,12339.919921875,9.420594808125115
2019-06-24,12274.5703125,9.41528494695838
2019-06-25,12228.4404296875,9.411519700491585
2019-06-26,12245.3203125,9.412899127680316
2019-06-27,12271.0302734375,9.414996501045259
2019-06-28,12398.7998046875,9.425354956964123
2019-07-01,12521.3798828125,9.435192852863091
2019-07-02,12526.7197265625,9.435619220045764
2019-07-03,12616.240234375,9.442740170501446
2019-07-04,12629.900390625,9.443822328585409
2019-07-05,12568.5302734375,9.438951371394008
2019-07-08,12543.509765625,9.436958660642269
2019-07-09,12436.5498046875,9.428394980935337
2019-07-10,12373.41015625,9.423305106961406
2019-07-11,12332.1201171875,9.419962529243028
2019-07-12,12323.3203125,9.419248706662064
2019-07-15,12387.33984375,9.424430249694927
2019-07-16,12430.9697265625,9.427946196470796
2019-07-17,12341.0302734375,9.420684784528328
2019-07-18,12227.849609375,9.411471384061606
2019-07-19,12260.0703125,9.414102944587949
2019-07-22,12289.400390625,9.41649241297485
2019-07-23,12490.740234375,9.432742867526384
2019-07-24,12522.8896484375,9.435313420614124
2019-07-25,12362.099609375,9.422390587893842
2019-07-26,12419.900390625,9.427055335376807
2019-07-29,12417.4697265625,9.426859609012961
2019-07-30,12147.240234375,9.40485728176452
2019-07-31,12189.0400390625,9.408292469502562
2019-08-01,12253.150390625,9.413538357654016
2019-08-02,11872.4404296875,9.381975062907005
2019-08-05,11658.509765625,9.363791644328616
2019-08-06,11567.9599609375,9.355994483201123
2019-08-07,11650.150390625,9.363074367977049
2019-08-08,11845.41015625,9.379695742945687
2019-08-09,11693.7998046875,9.36681404909938
2019-08-12,11679.6796875,9.365605831990761
2019-08-13,11750.1298828125,9.371619573367594
2019-08-14,11492.66015625,9.34946386330223
2019-08-15,11412.669921875,9.342479413894244
2019-08-16,11562.740234375,9.355543158631868
2019-08-19,11715.3701171875,9.36865694388607
2019-08-20,11651.1796875,9.363162714596939
2019-08-21,11802.849609375,9.376096273619094
2019-08-22,11747.0400390625,9.371356576268107
2019-08-23,11611.509765625,9.359752106342969
2019-08-26,11658.0400390625,9.363751353070562
2019-08-27,11730.01953125,9.369906606714336
2019-08-28,11701.01953125,9.367431256412505
2019-08-29,11838.8798828125,9.379144299470521
2019-08-30,11939.2802734375,9.38758910652319
2019-09-02,11953.7802734375,9.388802848207863
2019-09-03,11910.8603515625,9.385205897486967
2019-09-04,12025.0400390625,9.394746424620186
2019-09-05,12126.7802734375,9.403171531702961
2019-09-06,12191.73046875,9.408513170460111
2019-09-09,12226.099609375,9.411328257895168
2019-09-10,12268.7099609375,9.4148073945197
2019-09-11,12359.0703125,9.422145510747434
2019-09-12,12410.25,9.426278023040064
2019-09-13,12468.5302734375,9.43096317073655
2019-09-16,12380.3095703125,9.423862551605474
2019-09-17,12372.6103515625,9.423240465886085
2019-09-18,12389.6201171875,9.424614313716303
2019-09-19,12457.7001953125,9.430094200290332
2019-09-20,12468.009765625,9.430921424142054
2019-09-23,12342.330078125,9.420790102821316
2019-09-24,12307.150390625,9.417935705023327
2019-09-25,12234.1796875,9.411988927245737
2019-09-26,12288.5400390625,9.416422402913161
2019-09-27,12380.9404296875,9.423913506979305
2019-09-30,12428.080078125,9.427713713855955
2019-10-01,12263.830078125,9.414409565116868
2019-10-02,11925.25,9.38641327989738
2019-10-04,12012.8095703125,9.393728823628072
2019-10-07,12097.4296875,9.400748286499311
2019-10-08,11970.2001953125,9.390175523166757
2019-10-09,12094.259765625,9.400486219486648
2019-10-10,12164.2001953125,9.406252506678307
2019-10-11,12511.650390625,9.434415520468958
2019-10-14,12486.5595703125,9.432408110436208
2019-10-15,12629.7900390625,9.443813591220806
2019-10-16,12670.1103515625,9.447000982950698
2019-10-17,12654.9501953125,9.445803737397597
2019-10-18,12633.599609375,9.444115179439521
2019-10-21,12747.9599609375,9.45312653472099
2019-10-22,12754.6904296875,9.453654359774713
2019-10-23,12798.1904296875,9.457059067232985
2019-10-24,12872.099609375,9.462817427095898
2019-10-25,12894.509765625,9.46455690019261
2019-10-28,12941.7099609375,9.468210704682848
2019-10-29,12939.6201171875,9.468049210374152
2019-10-30,12910.23046875,9.465775335637192
2019-10-31,12866.7900390625,9.462404855267016
2019-11-01,12961.0498046875,9.469703970073773
2019-11-04,13136.2802734375,9.483133167749422
2019-11-05,13148.5,9.484062962658546
2019-11-06,13179.8896484375,9.486447435368754
2019-11-07,13289.4599609375,9.494726515888251
2019-11-08,13228.5595703125,9.490133375165893
2019-11-11,13198.3701171875,9.487848624980034
2019-11-12,13283.509765625,9.494278677692282
2019-11-13,13230.0703125,9.49024757172073
2019-11-14,13180.23046875,9.486473294151718
2019-11-15,13241.75,9.49112999598321
2019-11-18,13207.009765625,9.488503010471486
2019-11-19,13221.1201171875,9.489570838801818
2019-11-20,13158.1396484375,9.484795830785968
2019-11-21,13137.7001953125,9.483241253532471
2019-11-22,13163.8798828125,9.485231985349198
2019-11-25,13246.4501953125,9.491484885732394
2019-11-26,13236.419921875,9.49072739427677
2019-11-27,13287.0703125,9.494546684403904
2019-11-28,13245.580078125,9.49141919675508
2019-11-29,13236.3798828125,9.490724369355885
2019-12-02,12964.6796875,9.469983991728501
2019-12-03,12989.2900390625,9.471880453749367
2019-12-04,13140.5703125,9.483459693874506
2019-12-05,13054.7998046875,9.476911146254064
2019-12-06,13166.580078125,9.485437085854542
2019-12-09,13105.6103515625,9.480795688618986
2019-12-10,13070.7197265625,9.47812987216889
2019-12-11,13146.740234375,9.483929115953824
2019-12-12,13221.6396484375,9.489610133584561
2019-12-13,13282.7197265625,9.494219200748972
2019-12-16,13407.66015625,9.503581476058905
2019-12-17,13287.830078125,9.494603863592841
2019-12-18,13222.16015625,9.489649500681304
2019-12-19,13211.9599609375,9.488877755998784
2019-12-20,13318.900390625,9.496939387430292
2019-12-23,13300.98046875,9.495593030947587
2019-12-27,13337.1103515625,9.498305680679977
2019-12-30,13249.009765625,9.491678093951782
2020-01-02,13385.9296875,9.501959410957415
2020-01-03,13219.1396484375,9.489421031744607
2020-01-06,13126.990234375,9.482425712868872
2020-01-07,13226.830078125,9.49000262735133
2020-01-08,13320.1796875,9.497035434055944
2020-01-09,13495.0595703125,9.510078939693011
2020-01-10,13483.3095703125,9.509207871417408
2020-01-13,13451.51953125,9.506847354949759
2020-01-14,13456.490234375,9.50721681394913
2020-01-15,13432.2998046875,9.5054175186905
2020-01-16,13429.4296875,9.50520382305342
2020-01-17,13526.1298828125,9.512378640544238
2020-01-20,13548.9404296875,9.514063626179263
2020-01-21,13555.8701171875,9.514574951476225
2020-01-22,13515.75,9.51161095106649
2020-01-23,13388.419921875,9.502145427381231
2020-01-24,13576.6796875,9.51610887103355
2020-01-27,13204.76953125,9.488333371436175
2020-01-28,13323.6904296875,9.497298965006392
2020-01-29,13345.0,9.498897061838624
2020-01-30,13157.1201171875,9.484718344851222
2020-01-31,12981.9697265625,9.471316729635873
2020-02-03,13045.1904296875,9.476174795370566
2020-02-04,13281.740234375,9.49414545619031
2020-02-05,13478.330078125,9.508838495347625
2020-02-06,13574.8203125,9.51597190806628
2020-02-07,13513.8095703125,9.511467372723247
2020-02-10,13494.0302734375,9.510002664658806
2020-02-11,13627.83984375,9.519870026712242
2020-02-12,13749.7802734375,9.528778122853398
2020-02-13,13745.4296875,9.52846166147849
2020-02-14,13744.2099609375,9.528372920659846
2020-02-17,13783.8896484375,9.531255772403629
2020-02-18,13681.1904296875,9.523777207104544
2020-02-19,13789.0,9.531626451841742
2020-02-20,13664.0,9.522519916028351
2020-02-21,13579.330078125,9.516304068388116
2020-02-24,13035.240234375,9.47541175614599
2020-02-25,12790.490234375,9.456457223343804
2020-02-26,12774.8798828125,9.455236012508133
2020-02-27,12367.4599609375,9.422824105654739
2020-02-28,11890.349609375,9.383482392900572
2020-03-02,11857.8701171875,9.380747071026985
2020-03-03,11985.3896484375,9.391443657682306
2020-03-04,12127.6904296875,9.40324658229974
2020-03-05,11944.7197265625,9.38804459582306
2020-03-06,11541.8701171875,9.353736582148118
2020-03-09,10625.01953125,9.270966832026222
2020-03-10,10475.490234375,9.256793544112893
2020-03-11,10438.6796875,9.253273386724482
2020-03-12,9161.1298828125,9.122724799713254
2020-03-13,9232.080078125,9.13043966268394
2020-03-16,8742.25,9.075922872589283
2020-03-17,8939.099609375,9.09819014826047
2020-03-18,8441.7099609375,9.040940169075801
2020-03-19,8610.4296875,9.060729501809517
2020-03-20,8928.9501953125,9.097054107644396
2020-03-23,8741.150390625,9.075797083629254
2020-03-24,9700.5703125,9.179939957866203
2020-03-25,9874.259765625,9.19768662651661
2020-03-26,10000.9599609375,9.210436363462602
2020-03-27,9632.51953125,9.172900104139057
2020-03-30,9815.9697265625,9.191765902294966
2020-03-31,9935.83984375,9.203903685258126
2020-04-01,9544.75,9.163746544093424
2020-04-02,9570.8203125,9.16647419785814
2020-04-03,9525.76953125,9.161755987413924
2020-04-06,10075.169921875,9.217829252367448
2020-04-07,10356.7001953125,9.245388951111153
2020-04-08,10332.8896484375,9.24308725662936
2020-04-09,10564.740234375,9.265277342372114
2020-04-14,10696.5595703125,9.277677433261568
2020-04-15,10279.759765625,9.237932169633467
2020-04-16,10301.5400390625,9.240048681396555
2020-04-17,10625.7802734375,9.271038428596217
2020-04-20,10675.900390625,9.275744180265919
2020-04-21,10249.849609375,9.235018312202818
2020-04-22,10415.0302734375,9.251005260405922
2020-04-23,10513.7900390625,9.26044301152644
2020-04-24,10336.08984375,9.24339691829788
2020-04-27,10659.990234375,9.27425278161951
2020-04-28,10795.6298828125,9.286896690742937
2020-04-29,11107.740234375,9.31539746269907
2020-04-30,10861.6396484375,9.292992562610621
2020-05-04,10466.7998046875,9.255963603340406
2020-05-05,10729.4599609375,9.280748504529404
2020-05-06,10606.2001953125,9.26919403318483
2020-05-07,10759.26953125,9.283522943981023
2020-05-08,10904.48046875,9.296929035937332
2020-05-11,10824.990234375,9.289612650734025
2020-05-12,10819.5,9.289105340611837
2020-05-13,10542.66015625,9.263185176992165
2020-05-14,10337.01953125,9.243486860017217
2020-05-15,10465.169921875,9.255807871907859
2020-05-18,11058.8701171875,9.310988110471397
2020-05-19,11075.2900390625,9.312471783199088
2020-05-20,11223.7099609375,9.325783780477057
2020-05-21,11065.9296875,9.311626269515946
2020-05-22,11073.8701171875,9.312343568687393
2020-05-25,11391.2802734375,9.340603453411326
2020-05-26,11504.650390625,9.350506614404537
2020-05-27,11657.6904296875,9.363721363928638
2020-05-28,11781.1298828125,9.374254367955103
2020-05-29,11586.849609375,9.357626079658063
2020-06-02,12021.2802734375,9.394433714350441
2020-06-03,12487.3603515625,9.43247223983622
2020-06-04,12430.5595703125,9.427913201215745
2020-06-05,12847.6796875,9.460918504952662
2020-06-08,12819.58984375,9.45872973649562
2020-06-09,12617.990234375,9.442878870986487
2020-06-10,12530.16015625,9.43589382963205
2020-06-11,11970.2900390625,9.390183028756585
2020-06-12,11949.2802734375,9.388426327381643
2020-06-15,11911.349609375,9.385246973257297
2020-06-16,12315.66015625,9.418626914984724
2020-06-17,12382.1396484375,9.424010362358132
2020-06-18,12281.5302734375,9.41585180903809
2020-06-19,12330.759765625,9.419852213532101
2020-06-22,12262.9697265625,9.414339409077783
2020-06-23,12523.759765625,9.435382900341608
2020-06-24,12093.9404296875,9.400459815212255
2020-06-25,12177.8701171875,9.407375658746847
2020-06-26,12089.3896484375,9.400083458334272
2020-06-29,12232.1201171875,9.411820567474638
2020-06-30,12310.9296875,9.418242739275607
2020-07-01,12260.5703125,9.414143726556716
2020-07-02,12608.4599609375,9.442123293105563
2020-07-03,12528.1796875,9.435735760999693
2020-07-06,12733.4501953125,9.451987683526786
2020-07-07,12616.7998046875,9.442784522692996
2020-07-08,12494.8095703125,9.433068602681727
2020-07-09,12489.4599609375,9.432640364469675
2020-07-10,12633.7099609375,9.444123914169445
2020-07-13,12799.9697265625,9.457198084792607
2020-07-14,12697.3603515625,9.449149404509978
2020-07-15,12930.98046875,9.467381297874017
2020-07-16,12874.9697265625,9.463040374194222
2020-07-17,12919.6103515625,9.466501618334021
2020-07-20,13046.919921875,9.476307363581165
2020-07-21,13171.830078125,9.485835743179596
2020-07-22,13104.25,9.480691884054943
2020-07-23,13103.3896484375,9.480626227507894
2020-07-24,12838.0595703125,9.460169442016161
2020-07-27,12838.66015625,9.460216222597483
2020-07-28,12835.2802734375,9.459952929719533
2020-07-29,12822.259765625,9.458937983710648
2020-07-30,12379.650390625,9.42380930598725
2020-07-31,12313.3603515625,9.418440159308147
2020-08-03,12646.98046875,9.445173767540206
2020-08-04,12600.8701171875,9.441521147474893
2020-08-05,12660.25,9.44622244273858
2020-08-06,12591.6796875,9.440791532555684
2020-08-07,12674.8798828125,9.447377351713296
2020-08-10,12687.5302734375,9.44837492186504
2020-08-11,12946.8896484375,9.46861085669163
2020-08-12,13058.6298828125,9.477204487894616
2020-08-13,12993.7099609375,9.472220670192245
2020-08-14,12901.33984375,9.465086448812876
2020-08-17,12920.66015625,9.466582871716238
2020-08-18,12881.759765625,9.463567618091538
2020-08-19,12977.330078125,9.470959274040244
2020-08-20,12830.0,9.459541457609681
2020-08-21,12764.7998046875,9.45444664641022
2020-08-24,13066.5400390625,9.477810046175414
2020-08-25,13061.6201171875,9.477433446988657
2020-08-26,13190.150390625,9.487225647513304
2020-08-27,13096.3603515625,9.48008963482715
2020-08-28,13033.2001953125,9.475255242059758
2020-08-31,12945.3798828125,9.468494237665638
2020-09-01,12974.25,9.470721902895196
2020-09-02,13243.4296875,9.491256835787363
2020-09-03,13057.76953125,9.4771386019699
2020-09-04,12842.66015625,9.46052773306374
2020-09-07,13100.2802734375,9.480388903879268
2020-09-08,12968.330078125,9.470265516370809
2020-09-09,13237.2099609375,9.49078707925886
2020-09-10,13208.8896484375,9.488645340118204
2020-09-11,13202.83984375,9.48818722511327
2020-09-14,13193.66015625,9.48749170200452
2020-09-15,13217.669921875,9.48930984385258
2020-09-16,13255.3701171875,9.492158041169013
2020-09-17,13208.1201171875,9.488587079833861
2020-09-18,13116.25,9.48160719847212
2020-09-21,12542.4404296875,9.436873406870351
2020-09-22,12594.3896484375,9.441006727782206
2020-09-23,12642.9697265625,9.444856586826907
2020-09-24,12606.5703125,9.44197341040302
2020-09-25,12469.2001953125,9.431016898310196
2020-09-28,12870.8701171875,9.46272190647792
2020-09-29,12825.8203125,9.459215629981793
2020-09-30,12760.73046875,9.45412780202749
2020-10-01,12730.76953125,9.451777139940436
2020-10-02,12689.0400390625,9.44849391080706
2020-10-05,12828.3095703125,9.459409692912923
2020-10-06,12906.01953125,9.465449111841146
2020-10-07,12928.5703125,9.467194894306733
2020-10-08,13042.2099609375,9.475946296653305
2020-10-09,13051.23046875,9.476637697099035
2020-10-12,13138.41015625,9.483295292043358
2020-10-13,13018.990234375,9.474164357791501
2020-10-14,13028.0595703125,9.474860738868976
2020-10-15,12703.75,9.449652504451976
2020-10-16,12908.990234375,9.465679265009019
2020-10-19,12854.66015625,9.461461682652752
2020-10-20,12736.9501953125,9.452262512345206
2020-10-21,12557.6396484375,9.438084496282054
2020-10-22,12543.0595703125,9.436922769300848
2020-10-23,12645.75,9.4450764693262
2020-10-26,12177.1796875,9.407318961701
2020-10-27,12063.5703125,9.397945472280865
2020-10-28,11560.509765625,9.355350238626512
2020-10-29,11598.0703125,9.358594010885676
2020-10-30,11556.48046875,9.355001638149119
2020-11-02,11788.2802734375,9.374861119740316
2020-11-03,12088.98046875,9.400049611579048
2020-11-04,12324.2197265625,9.419321688717188
2020-11-05,12568.08984375,9.43891632852146
2020-11-06,12480.01953125,9.4318842069262
2020-11-09,13095.9697265625,9.480059807393022
2020-11-10,13163.1103515625,9.485173525856231
2020-11-11,13216.1796875,9.489197091877472
2020-11-12,13052.9501953125,9.476769455807505
2020-11-13,13076.7197265625,9.478588808128263
2020-11-16,13138.6103515625,9.483310529335004
2020-11-17,13133.4697265625,9.482919191835245
2020-11-18,13201.8896484375,9.488115253513396
2020-11-19,13086.16015625,9.479310474102308
2020-11-20,13137.25,9.483206985508424
2020-11-23,13126.9697265625,9.48242415060455
2020-11-24,13292.4404296875,9.494950763870426
2020-11-25,13289.7998046875,9.49475208798868
2020-11-26,13286.5703125,9.494509053128075
2020-11-27,13335.6796875,9.498198405508404
2020-11-30,13291.16015625,9.49485444332616
2020-12-01,13382.2998046875,9.501688202670307
2020-12-02,13313.240234375,9.496514325366004
2020-12-03,13252.8603515625,9.491968683706208
2020-12-04,13298.9599609375,9.495441112726438
2020-12-07,13271.0,9.493336482437249
2020-12-08,13278.490234375,9.49390072939699
2020-12-09,13340.259765625,9.498541791965557
2020-12-10,13295.73046875,9.495198245285517
2020-12-11,13114.2998046875,9.4814585019842
2020-12-14,13223.16015625,9.489725128428569
2020-12-15,13362.8701171875,9.500235253148965
2020-12-16,13565.98046875,9.515320501784363
2020-12-17,13667.25,9.522757739034274
2020-12-18,13630.509765625,9.520065924257164
2020-12-21,13246.2998046875,9.491473532390442
2020-12-22,13418.1103515625,9.504360592232889
2020-12-23,13587.23046875,9.516885694526183
2020-12-28,13790.2900390625,9.531720003130525
2020-12-29,13761.3798828125,9.529621388640553
2020-12-30,13718.7802734375,9.526520995974964
2021-01-04,13726.740234375,9.527101051372961
2021-01-05,13651.2197265625,9.52158415387831
2021-01-06,13891.9697265625,9.539066234662231
2021-01-07,13968.240234375,9.544541476841493
2021-01-08,14049.5302734375,9.550344241707462
2021-01-11,13936.66015625,9.542278068539364
2021-01-12,13925.0595703125,9.54144534272619
2021-01-13,13939.7099609375,9.542496877852546
2021-01-14,13988.7001953125,9.546005153787235
2021-01-15,13787.73046875,9.53153437919721
2021-01-18,13848.349609375,9.535921342737177
2021-01-19,13815.0595703125,9.533514549350572
2021-01-20,13921.3701171875,9.541180357003569
2021-01-21,13906.669921875,9.540123854521955
2021-01-22,13873.9697265625,9.537769681916233
2021-01-25,13643.9501953125,9.521051493232292
2021-01-26,13870.990234375,9.53755490473125
2021-01-27,13620.4599609375,9.51932835012722
2021-01-28,13665.9296875,9.522661130259436
2021-01-29,13432.8701171875,9.505459976080624
2021-02-01,13622.01953125,9.519442845602175
2021-02-02,13835.16015625,9.534968468319546
2021-02-03,13933.6298828125,9.54206061307369
2021-02-04,14060.2900390625,9.551109793819206
2021-02-05,14056.7197265625,9.550855832779327
2021-02-08,14059.91015625,9.551082775319346
2021-02-09,14011.7998046875,9.547655096796491
2021-02-10,13932.9697265625,9.542013233324502
2021-02-11,14040.91015625,9.549730501422424
2021-02-12,14049.8896484375,9.55036982052731
2021-02-15,14109.48046875,9.55460222409457
2021-02-16,14064.599609375,9.551416253357367
2021-02-17,13909.26953125,9.540310769609755
2021-02-18,13886.9296875,9.538703366497968
2021-02-19,13993.23046875,9.546328953708796
2021-02-22,13950.0400390625,9.543237657429085
2021-02-23,13864.8095703125,9.537109223394614
2021-02-24,13976.0,9.545096851813893
2021-02-25,13879.330078125,9.538155967631221
2021-02-26,13786.2900390625,9.531429901891233
2021-03-01,14012.8203125,9.547727926173566
2021-03-02,14039.7998046875,9.54965141855275
2021-03-03,14080.0302734375,9.552512779811817
2021-03-04,14056.33984375,9.550828807416856
2021-03-05,13920.6904296875,9.541131532492251
2021-03-08,14380.91015625,9.573656922474472
2021-03-09,14437.9404296875,9.577614772751232
2021-03-10,14540.25,9.584675944887426
2021-03-11,14569.3896484375,9.586678007332903
2021-03-12,14502.3896484375,9.582068718170603
2021-03-15,14461.419921875,9.579239687425332
2021-03-16,14557.580078125,9.585867104511877
2021-03-17,14596.6103515625,9.588544613040137
2021-03-18,14775.51953125,9.60072700451566
2021-03-19,14621.0,9.590214130417438
2021-03-22,14657.2099609375,9.592687640884616
2021-03-23,14662.01953125,9.593015723882631
2021-03-24,14610.3896484375,9.58948817437114
2021-03-25,14621.3603515625,9.590238776277634
2021-03-26,14748.9404296875,9.598926523912265
2021-03-29,14817.7197265625,9.603579022407285
2021-03-30,15008.6103515625,9.616379338833415
2021-03-31,15008.33984375,9.616361315162738
2021-04-01,15107.169921875,9.62292473937052
2021-04-06,15212.6796875,9.629884549058398
2021-04-07,15176.3603515625,9.627494256164423
2021-04-08,15202.6796875,9.629226986526453
2021-04-09,15234.16015625,9.631295563956767
2021-04-12,15215.0,9.630037062331072
2021-04-13,15234.3603515625,9.631308705081388
2021-04-14,15209.150390625,9.629652525088652
2021-04-15,15255.330078125,9.632684234289679
2021-04-16,15459.75,9.645995151247405
2021-04-19,15368.3896484375,9.640068058658303
2021-04-20,15129.509765625,9.624402404778612
2021-04-21,15195.9697265625,9.62878552210775
2021-04-22,15320.51953125,9.636948354681072
2021-04-23,15279.6201171875,9.634275200970853
2021-04-26,15296.33984375,9.635368852862754
2021-04-27,15249.26953125,9.632286881298171
2021-04-28,15292.1796875,9.635096845172326
2021-04-29,15154.2001953125,9.626033013128124
2021-04-30,15135.91015625,9.62482535550832
2021-05-03,15236.4697265625,9.631447157168054
2021-05-04,14856.48046875,9.606191444240173
2021-05-05,15170.7802734375,9.627126506315642
2021-05-06,15196.740234375,9.628836225570103
2021-05-07,15399.650390625,9.64210008623656
2021-05-10,15400.41015625,9.642149421569782
2021-05-11,15119.75,9.623757115205295
2021-05-12,15150.2197265625,9.625770314235806
2021-05-13,15199.6796875,9.629029633421535
2021-05-14,15416.6396484375,9.643202701737142
2021-05-17,15396.6201171875,9.641903291404114
2021-05-18,15386.580078125,9.641250984993162
2021-05-19,15113.5595703125,9.623347604644792
2021-05-20,15370.259765625,9.64018973721123
2021-05-21,15437.509765625,9.644555525961225
2021-05-25,15465.08984375,9.646340494591463
2021-05-26,15450.7197265625,9.645410865484408
2021-05-27,15406.73046875,9.642559736351384
2021-05-28,15519.98046875,9.649883535279589
2021-05-31,15421.1298828125,9.643493918285873
2021-06-01,15567.3603515625,9.652931716194889
2021-06-02,15602.7099609375,9.65519989359556
2021-06-03,15632.669921875,9.657118229164881
2021-06-04,15692.900390625,9.660963684642358
2021-06-07,15677.150390625,9.659959542096766
2021-06-08,15640.599609375,9.657625351559744
2021-06-09,15581.1396484375,9.653816464916263
2021-06-10,15571.2197265625,9.653179600010406
2021-06-11,15693.26953125,9.660987207144526
2021-06-14,15673.6396484375,9.659735576946428
2021-06-15,15729.51953125,9.663294450846472
2021-06-16,15710.5703125,9.662089033105069
2021-06-17,15727.669921875,9.66317685551076
2021-06-18,15448.0400390625,9.645237415965589
2021-06-21,15603.240234375,9.655233879001178
2021-06-22,15636.330078125,9.657352336828492
2021-06-23,15456.3896484375,9.645777766307761
2021-06-24,15589.23046875,9.654335600265878
2021-06-25,15607.9697265625,9.65553694269077
2021-06-28,15554.1796875,9.652084671682694
2021-06-29,15690.58984375,9.660816438631036
2021-06-30,15531.0400390625,9.650595883575992
2021-07-01,15603.8095703125,9.655270366650035
2021-07-02,15650.08984375,9.658231936766517
2021-07-05,15661.9697265625,9.658990742386177
2021-07-06,15511.3798828125,9.649329219512552
2021-07-07,15692.7099609375,9.660951549801876
2021-07-08,15420.6396484375,9.643462127997411
2021-07-09,15687.9296875,9.660646885937275
2021-07-12,15790.509765625,9.667164390808683
2021-07-13,15789.6396484375,9.667109285484365
2021-07-14,15788.98046875,9.667067537004847
2021-07-15,15629.66015625,9.656925680136913
2021-07-16,15540.3095703125,9.651192544592751
2021-07-19,15133.2001953125,9.624646297656055
2021-07-20,15216.26953125,9.630120498301393
2021-07-21,15422.5,9.643582761083794
2021-07-22,15514.5400390625,9.64953293023371
2021-07-23,15669.2900390625,9.659458027307878
2021-07-26,15618.98046875,9.656242150376757
2021-07-27,15519.1298828125,9.649828727913778
2021-07-28,15570.3603515625,9.65312440852699
2021-07-29,15640.4697265625,9.657617047315979
2021-07-30,15544.3896484375,9.651455058192752
2021-08-02,15568.73046875,9.653019724493445
2021-08-03,15555.080078125,9.65214255738181
2021-08-04,15692.1298828125,9.660914584303377
2021-08-05,15744.669921875,9.664257169318871
2021-08-06,15761.4501953125,9.66532237664759
2021-08-09,15745.41015625,9.66430418313232
2021-08-10,15770.7099609375,9.665909698660753
2021-08-11,15826.08984375,9.669415113124463
2021-08-12,15937.509765625,9.676430714645692
2021-08-13,15977.4404296875,9.67893303312991
2021-08-16,15925.73046875,9.675691348697661
2021-08-17,15921.9501953125,9.675453951601456
2021-08-18,15965.9697265625,9.67821484408485
2021-08-19,15765.8095703125,9.665598923043325
2021-08-20,15808.0400390625,9.668273952819872
2021-08-23,15852.7900390625,9.671100791515473
2021-08-24,15905.849609375,9.674442220510418
2021-08-25,15860.66015625,9.671597118297996
2021-08-26,15793.6201171875,9.66736134741848
2021-08-27,15851.75,9.671035183305317
2021-08-30,15887.3095703125,9.67327592929291
2021-08-31,15835.08984375,9.669983632701513
2021-09-01,15824.2900390625,9.669301382755597
2021-09-02,15840.58984375,9.670330902285594
2021-09-03,15781.2001953125,9.666574649512196
2021-09-06,15932.1201171875,9.676092483639641
2021-09-07,15843.08984375,9.670488712238848
2021-09-08,15610.2802734375,9.65568496808484
2021-09-09,15623.150390625,9.656509092597728
2021-09-10,15609.8095703125,9.655654814223825
2021-09-13,15701.419921875,9.661506428130627
2021-09-14,15722.990234375,9.66287926636565
2021-09-15,15616.0,9.656051308652874
2021-09-16,15651.75,9.65833801080305
2021-09-17,15490.169921875,9.647960903129636
2021-09-20,15132.0595703125,9.62457092245628
2021-09-21,15348.5302734375,9.63877500077245
2021-09-22,15506.740234375,9.649030062216458
2021-09-23,15643.9697265625,9.657840800726671
2021-09-24,15531.75,9.650641594919804
2021-09-27,15573.8798828125,9.65335042343302
2021-09-28,15248.5595703125,9.632240323168721
2021-09-29,15365.26953125,9.639865016307896
2021-09-30,15260.6904296875,9.633035548224354
2021-10-01,15156.4404296875,9.62618083147395
2021-10-04,15036.5498046875,9.618239169903255
2021-10-05,15194.490234375,9.62868815654036
2021-10-06,14973.330078125,9.614025902783867
2021-10-07,15250.8603515625,9.632391196940109
2021-10-08,15206.1298828125,9.629453907302114
2021-10-11,15199.1396484375,9.628994103155929
2021-10-12,15146.8701171875,9.62554919666934
2021-10-13,15249.3798828125,9.632294117786648
2021-10-14,15462.7197265625,9.646187226886763
2021-10-15,15587.3603515625,9.654215630946556
2021-10-18,15474.4697265625,9.64694683050769
2021-10-19,15515.830078125,9.649616077102946
2021-10-20,15522.919921875,9.6500729153373
2021-10-21,15472.5595703125,9.646823383682854
2021-10-22,15542.98046875,9.6513643988875
2021-10-25,15599.23046875,9.654976863094635
2021-10-26,15757.0595703125,9.665043770516712
2021-10-27,15705.8095703125,9.66178595921548
2021-10-28,15696.330078125,9.661182211026244
2021-10-29,15688.76953125,9.660700418894605
2021-11-01,15806.2900390625,9.668163243530923
2021-11-02,15954.4501953125,9.67749307840769
2021-11-03,15959.98046875,9.67783964724052
2021-11-04,16029.650390625,9.682195435673
2021-11-05,16054.3603515625,9.683735764656285
2021-11-08,16046.51953125,9.683247253406932
2021-11-09,16040.4697265625,9.682870165690128
2021-11-10,16067.830078125,9.684574420250552
2021-11-11,16083.1103515625,9.68552495385136
2021-11-12,16094.0703125,9.686206179560708
2021-11-15,16148.6396484375,9.689591092808172
2021-11-16,16247.8603515625,9.695716508415462
2021-11-17,16251.1298828125,9.695917716590698
2021-11-18,16221.73046875,9.694107009324583
2021-11-19,16159.9697265625,9.690292458717051
2021-11-22,16115.6904296875,9.687548637246595
2021-11-23,15937.0,9.676398728859633
2021-11-24,15878.3896484375,9.672714322129911
2021-11-25,15917.98046875,9.675204596373586
2021-11-26,15257.0400390625,9.632796317417453
2021-11-29,15280.8603515625,9.634356366865934
2021-11-30,15100.1298828125,9.622458624276785
2021-12-01,15472.669921875,9.64683051573935
2021-12-02,15263.1103515625,9.633194107893736
2021-12-03,15169.98046875,9.627073784849989
2021-12-06,15380.7900390625,9.640874609689794
2021-12-07,15813.9404296875,9.668647135688625
2021-12-08,15687.08984375,9.660593350114016
2021-12-09,15639.259765625,9.657539683415605
2021-12-10,15623.3095703125,9.656519281251912
2021-12-13,15621.7197265625,9.656417515064641
2021-12-14,15453.5595703125,9.64559464869001
2021-12-15,15476.349609375,9.64706830598751
2021-12-16,15636.400390625,9.657356833557683
2021-12-17,15531.6904296875,9.650637759522844
2021-12-20,15239.669921875,9.631657170336466
2021-12-21,15447.4404296875,9.645198600620045
2021-12-22,15593.4697265625,9.654607498325511
2021-12-23,15756.3095703125,9.664996171670852
2021-12-27,15835.25,9.669993746659923
2021-12-28,15963.7001953125,9.6780726859442
2021-12-29,15852.25,9.671066725066613
2021-12-30,15884.8603515625,9.673121755450778
2022-01-03,16020.73046875,9.681638816883074
2022-01-04,16152.6103515625,9.689836947265507
2022-01-05,16271.75,9.697185754355173
2022-01-06,16052.0302734375,9.683590617345502
2022-01-07,15947.740234375,9.67707242008009
2022-01-10,15768.26953125,9.665754942246204
2022-01-11,15941.8095703125,9.676700469759863
2022-01-12,16010.3203125,9.68098881281748
2022-01-13,16031.58984375,9.682316419958898
2022-01-14,15883.240234375,9.673019758972611
2022-01-17,15933.7197265625,9.676192880138473
2022-01-18,15772.5595703125,9.666026973084401
2022-01-19,15809.7197265625,9.668380202441227
2022-01-20,15912.330078125,9.674849564293329
2022-01-21,15603.8798828125,9.655274872751013
2022-01-24,15011.1298828125,9.616547197131737
2022-01-25,15123.8701171875,9.624029577112767
2022-01-26,15459.3896484375,9.645971841959591
2022-01-27,15524.26953125,9.650159854567526
2022-01-28,15318.9501953125,9.63684591583648
2022-01-31,15471.2001953125,9.646735522672351
2022-02-01,15619.3896484375,9.656268347626227
2022-02-02,15613.76953125,9.655908466179985
2022-02-03,15368.4697265625,9.640073269218304
2022-02-04,15099.5595703125,9.622420854848661
2022-02-07,15206.6396484375,9.629487430432885
2022-02-08,15242.3798828125,9.631834977338423
2022-02-09,15482.009765625,9.647433968537293
2022-02-10,15490.4404296875,9.647978366169223
2022-02-11,15425.1201171875,9.64375263591912
2022-02-14,15113.9697265625,9.62337474257234
2022-02-15,15412.7099609375,9.642947770149478
2022-02-16,15396.0703125,9.641867581326178
2022-02-17,15267.6298828125,9.633490172204546
2022-02-18,15042.509765625,9.618635456296555
2022-02-21,14731.1201171875,9.597717549823342
2022-02-22,14693.0,9.595126468875947
2022-02-23,14631.3603515625,9.590922473393606
2022-02-24,14052.099609375,9.550527101986768
2022-02-25,14567.23046875,9.586529796615068
2022-02-28,14461.01953125,9.579212000229328
2022-03-01,13904.849609375,9.539992951030648
2022-03-02,14000.1103515625,9.546820490820796
2022-03-03,13698.400390625,9.525034345190866
2022-03-04,13094.5400390625,9.479950631396509
2022-03-07,12834.650390625,9.459903854182798
2022-03-08,12831.509765625,9.459659125326082
2022-03-09,13847.9296875,9.535891019395148
2022-03-10,13442.099609375,9.50614682281156
2022-03-11,13628.1103515625,9.519889876162404
2022-03-14,13929.1103515625,9.541736199089163
2022-03-15,13917.26953125,9.540885760283404
2022-03-16,14440.740234375,9.577808673901279
2022-03-17,14388.0595703125,9.574153945084431
2022-03-18,14413.08984375,9.575892089585494
2022-03-21,14326.9697265625,9.569899034857183
2022-03-22,14473.2001953125,9.580053955871968
2022-03-23,14283.650390625,9.566870832821486
2022-03-24,14273.7900390625,9.566180270095556
2022-03-25,14305.759765625,9.56841751596652
2022-03-28,14417.3701171875,9.576189016757295
2022-03-29,14820.330078125,9.60375517108012
2022-03-30,14606.0498046875,9.589191092052888
2022-03-31,14414.75,9.57600726687667
2022-04-01,14446.48046875,9.578206097697048
2022-04-04,14518.16015625,9.583155569348204
2022-04-05,14424.3603515625,9.576673747347192
2022-04-06,14151.6904296875,9.557589360931592
2022-04-07,14078.150390625,9.552379256780785
2022-04-08,14283.669921875,9.5668722002056
2022-04-11,14192.7802734375,9.560488682846193
2022-04-12,14124.9501953125,9.55569803001285
2022-04-13,14076.4404296875,9.552257787358586
2022-04-14,14163.849609375,9.558448195367955
2022-04-19,14153.4599609375,9.557714393388787
2022-04-20,14362.0302734375,9.572343216552563
2022-04-21,14502.41015625,9.582070132268452
2022-04-22,14142.08984375,9.556910725117419
2022-04-25,13924.169921875,9.541381452381357
2022-04-26,13756.400390625,9.52925947774568
2022-04-27,13793.9404296875,9.531984675414963
2022-04-28,13979.83984375,9.545371559624183
2022-04-29,14097.8798828125,9.553779702139524
2022-05-02,13939.0703125,9.542450990017329
2022-05-03,14039.4697265625,9.54962790810319
2022-05-04,13970.8203125,9.544726170104747
2022-05-05,13902.51953125,9.539825363933957
2022-05-06,13674.2900390625,9.52327270923771
2022-05-09,13380.669921875,9.50156640132829
2022-05-10,13534.740234375,9.513015009723484
2022-05-11,13828.6396484375,9.534497057451965
2022-05-12,13739.6396484375,9.528040338972268
2022-05-13,14027.9296875,9.548805598950672
2022-05-16,13964.3798828125,9.544265072295776
2022-05-17,14185.9404296875,9.560006642520698
2022-05-18,14007.759765625,9.547366724020298
2022-05-19,13882.2998046875,9.538369912315764
2022-05-20,13981.91015625,9.545519641378993
2022-05-23,14175.400390625,9.55926337444924
2022-05-24,13919.75,9.541063973957018
2022-05-25,14007.9296875,9.54737885449992
2022-05-26,14231.2900390625,9.563198343268786
2022-05-27,14462.1904296875,9.579292966238269
2022-05-30,14575.98046875,9.58713027953932
2022-05-31,14388.349609375,9.574174103198024
2022-06-01,14340.4697265625,9.570840870002245
2022-06-02,14485.169921875,9.580880641020043
2022-06-03,14460.08984375,9.579147708954173
2022-06-06,14653.8095703125,9.592455619570131
2022-06-07,14556.6201171875,9.585801159994672
2022-06-08,14445.990234375,9.578172162601634
2022-06-09,14198.7998046875,9.560912719220614
2022-06-10,13761.830078125,9.529654102507372
2022-06-13,13427.0302734375,9.505025138738931
2022-06-14,13304.3896484375,9.495849308510435
2022-06-15,13485.2900390625,9.509354743615612
2022-06-16,13038.490234375,9.475661049205202
2022-06-17,13126.259765625,9.48237006499669
2022-06-20,13265.599609375,9.492929467915491
2022-06-21,13292.400390625,9.49494775169798
2022-06-22,13144.2802734375,9.48374198278842
2022-06-23,12912.58984375,9.46595807129333
2022-06-24,13118.1298828125,9.481750512918593
2022-06-27,13186.0703125,9.486916272019107
2022-06-28,13231.8203125,9.490379837402525
2022-06-29,13003.349609375,9.47296226551407
2022-06-30,12783.76953125,9.455931639937575
2022-07-01,12813.0302734375,9.45821792221946
2022-07-04,12773.3798828125,9.455118587680337
2022-07-05,12401.2001953125,9.42554853685384
2022-07-06,12594.51953125,9.44101704048067
2022-07-07,12843.2197265625,9.460571303329983
2022-07-08,13015.23046875,9.473875525205036
2022-07-11,12832.4404296875,9.459731652279713
2022-07-12,12905.48046875,9.465407342668485
2022-07-13,12756.3203125,9.453782138546883
2022-07-14,12519.66015625,9.435055500216194
2022-07-15,12864.7197265625,9.462243938746896
2022-07-18,12959.8095703125,9.469608276149586
2022-07-19,13308.41015625,9.496151456940709
2022-07-20,13281.98046875,9.494163543594382
2022-07-21,13246.6396484375,9.49149918781087
2022-07-22,13253.6796875,9.492030505123607
2022-07-25,13210.3203125,9.488753644951393
2022-07-26,13096.9296875,9.48013310671913
2022-07-27,13166.3798828125,9.485421880931678
2022-07-28,13282.1103515625,9.494173322420497
2022-07-29,13484.0498046875,9.509262769960857
2022-08-01,13479.6298828125,9.508934927324702
2022-08-02,13449.2001953125,9.506674918229342
2022-08-03,13587.5595703125,9.516909915619486
2022-08-04,13662.6796875,9.52242328427388
2022-08-05,13573.9296875,9.515906297310698
2022-08-08,13687.6904296875,9.52425219913331
2022-08-09,13534.9697265625,9.513031965367844
2022-08-10,13700.9296875,9.525218969915263
2022-08-11,13694.509765625,9.524750284460993
2022-08-12,13795.849609375,9.532123072966218
2022-08-15,13816.6103515625,9.533626796004938
2022-08-16,13910.1201171875,9.540371920192031
2022-08-17,13626.7099609375,9.519787113376946
2022-08-18,13697.41015625,9.52496205425618
2022-08-19,13544.51953125,9.513737281852396
2022-08-22,13230.5703125,9.490285363700686
2022-08-23,13194.23046875,9.487534927323907
2022-08-24,13220.0595703125,9.489490619470601
2022-08-25,13271.9599609375,9.49340881505873
2022-08-26,12971.4697265625,9.470507588281654
2022-08-29,12892.990234375,9.464439049974345
2022-08-30,12961.1396484375,9.469710901876363
2022-08-31,12834.9599609375,9.45992797377856
2022-09-01,12630.23046875,9.443848462901723
2022-09-02,13050.26953125,9.476564066273186
2022-09-05,12760.7802734375,9.454131704985116
2022-09-06,12871.4404296875,9.462766215826068
2022-09-07,12915.9697265625,9.466219788004445
2022-09-08,12904.3203125,9.465317442226352
2022-09-09,13088.2099609375,9.479467100961523
2022-09-12,13402.26953125,9.503179339601592
2022-09-13,13188.9501953125,9.48713465158951
2022-09-14,13028.0,9.474856166396124
2022-09-15,12956.66015625,9.469365232701831
2022-09-16,12741.259765625,9.452600806939701
2022-09-19,12803.240234375,9.457453561182893
2022-09-20,12670.830078125,9.447057786411854
2022-09-21,12767.150390625,9.454630775387926
2022-09-22,12531.6298828125,9.4360111178674
2022-09-23,12284.1904296875,9.416068383694503
2022-09-26,12227.919921875,9.411477134238464
2022-09-27,12139.6796875,9.404234679380723
2022-09-28,12183.2802734375,9.407819821378922
2022-09-29,11975.5498046875,9.390622333933928
2022-09-30,12114.3603515625,9.402146833801662
2022-10-03,12209.48046875,9.409968016547564
2022-10-04,12670.48046875,9.447030194360183
2022-10-05,12517.1796875,9.434857354701537
2022-10-06,12470.7802734375,9.431143608764447
2022-10-07,12273.0,9.415157006597509
2022-10-10,12272.9404296875,9.415152152816276
2022-10-11,12220.25,9.410849690781458
2022-10-12,12172.259765625,9.40691485203339
2022-10-13,12355.580078125,9.421863068200762
2022-10-14,12437.8095703125,9.428496271232472
2022-10-17,12649.0302734375,9.44533583299099
2022-10-18,12765.6103515625,9.454510142990989
2022-10-19,12741.41015625,9.452612610304534
2022-10-20,12767.41015625,9.454651121586917
2022-10-21,12730.900390625,9.451787418871504
2022-10-24,12931.4501953125,9.467417622886824
2022-10-25,13052.9599609375,9.476770203961845
2022-10-26,13195.8095703125,9.48765460137988
2022-10-27,13211.23046875,9.488822539942296
2022-10-28,13243.330078125,9.491249314340731
2022-10-31,13253.740234375,9.492035073419968
2022-11-01,13338.740234375,9.498427879806057
2022-11-02,13256.740234375,9.492261399005907
2022-11-03,13130.1904296875,9.482669470595134
2022-11-04,13459.849609375,9.507466429984367
2022-11-07,13533.51953125,9.512924815293816
2022-11-08,13688.75,9.52432960658997
2022-11-09,13666.3203125,9.522689713709392
2022-11-10,14146.08984375,9.557193528752778
2022-11-11,14224.8603515625,9.562746441832987
2022-11-14,14313.2998046875,9.568944440285499
2022-11-15,14378.509765625,9.573489993472629
2022-11-16,14234.0302734375,9.56339087469674
2022-11-17,14266.3798828125,9.565660991027716
2022-11-18,14431.8603515625,9.57719356595033
2022-11-21,14379.9296875,9.573588741659467
2022-11-22,14422.349609375,9.576534338576245
2022-11-23,14427.58984375,9.576897613822707
2022-11-24,14539.5595703125,9.584628459728629
2022-11-25,14541.3798828125,9.584753649116358
2022-11-28,14383.3603515625,9.573827286281734
2022-11-29,14355.4501953125,9.57188495363167
2022-11-30,14397.0400390625,9.57477791159233
2022-12-01,14490.2998046875,9.581234725555307
2022-12-02,14529.3896484375,9.583928749380421
2022-12-05,14447.6103515625,9.578284306270566
2022-12-06,14343.1904296875,9.571030574044082
2022-12-07,14261.1904296875,9.565297170826739
2022-12-08,14264.5595703125,9.56553338832431
2022-12-09,14370.7197265625,9.572948063174618
2022-12-12,14306.6298828125,9.568478336974373
2022-12-13,14497.8896484375,9.581758376329407
2022-12-14,14460.2001953125,9.57915534038265
2022-12-15,13986.23046875,9.545828586660146
2022-12-16,13893.0703125,9.539145456137998
2022-12-19,13942.8701171875,9.542723553881427
2022-12-20,13884.66015625,9.538539923838199
2022-12-21,14097.8203125,9.553775476650381
2022-12-22,13914.0703125,9.540655859834338
2022-12-23,13940.9296875,9.542584374163868
2022-12-27,13995.099609375,9.546462519421546
2022-12-28,13925.599609375,9.541484123787644
2022-12-29,14071.7197265625,9.551922369118598
2022-12-30,13923.58984375,9.541339791714218
2023-01-02,14069.259765625,9.551747537894657
2023-01-03,14181.669921875,9.559705559151896
2023-01-04,14490.7802734375,9.581267882963434
2023-01-05,14436.3095703125,9.577501809860301
2023-01-06,14610.01953125,9.589462841585057
2023-01-09,14792.830078125,9.601897888185624
2023-01-10,14774.599609375,9.600664742710832
2023-01-11,14947.91015625,9.612326780167857
2023-01-12,15058.2998046875,9.619684600205723
2023-01-13,15086.51953125,9.621556877792894
2023-01-16,15134.0400390625,9.624701792887448
2023-01-17,15187.0703125,9.628199707501603
2023-01-18,15181.7998046875,9.627852608130103
2023-01-19,14920.3603515625,9.610482025715589
2023-01-20,15033.5595703125,9.618040285732429
2023-01-23,15102.9501953125,9.622645380892395
2023-01-24,15093.1103515625,9.621993650572605
2023-01-25,15081.6396484375,9.621233365653756
2023-01-26,15132.849609375,9.62462313071225
2023-01-27,15150.0302734375,9.625757809182218
2023-01-30,15126.080078125,9.624175690473427
2023-01-31,15128.26953125,9.624320426893618
2023-02-01,15180.740234375,9.627782813553525
2023-02-02,15509.1904296875,9.649188058140819
2023-02-03,15476.4296875,9.647073480199767
2023-02-06,15345.91015625,9.63860427818183
2023-02-07,15320.8798828125,9.636971875249285
2023-02-08,15412.0498046875,9.64290493729335
2023-02-09,15523.419921875,9.650105125253353
2023-02-10,15307.98046875,9.636129570659621
2023-02-13,15397.33984375,9.641950036062063
2023-02-14,15380.5595703125,9.640859625382998
2023-02-15,15506.33984375,9.64900424145799
2023-02-16,15533.6396484375,9.650763251107685
2023-02-17,15482.0,9.647433337764658
2023-02-20,15477.5498046875,9.647145853264966
2023-02-21,15397.6201171875,9.64196823861455
2023-02-22,15399.8896484375,9.64211562269017
2023-02-23,15475.6904296875,9.647025712369334
2023-02-24,15209.740234375,9.629691306499673
2023-02-27,15381.4296875,9.64091619631412
2023-02-28,15365.1396484375,9.63985656325986
2023-03-01,15305.01953125,9.635936127513949
2023-03-02,15327.6396484375,9.637412990568263
2023-03-03,15578.3896484375,9.653639953905397
2023-03-06,15653.580078125,9.658454928792576
2023-03-07,15559.5302734375,9.65242860919429
2023-03-08,15631.8701171875,9.657067065470379
2023-03-09,15633.2099609375,9.657152774110655
2023-03-10,15427.9697265625,9.643937357086273
2023-03-13,14959.4697265625,9.613099804814846
2023-03-14,15232.830078125,9.631208251221535
2023-03-15,14735.259765625,9.597998524173173
2023-03-16,14967.099609375,9.613609711773588
2023-03-17,14768.2001953125,9.600231512671371
2023-03-20,14933.3798828125,9.611354246882732
2023-03-21,15195.33984375,9.628744070599309
2023-03-22,15216.1904296875,9.630115299801988
2023-03-23,15210.3896484375,9.62973400283694
2023-03-24,14957.23046875,9.612950105295711
2023-03-27,15127.6796875,9.624281436627882
2023-03-28,15142.01953125,9.62522890853496
2023-03-29,15328.7802734375,9.637487404019241
2023-03-30,15522.400390625,9.650039446122307
2023-03-31,15628.83984375,9.656873194413018
2023-04-03,15580.919921875,9.653802362731392
2023-04-04,15603.4697265625,9.655248586875722
2023-04-05,15520.169921875,9.649895742251694
2023-04-06,15597.8896484375,9.654890905140292
2023-04-11,15655.169921875,9.658556487861613
2023-04-12,15703.599609375,9.661645239539506
2023-04-13,15729.4599609375,9.663290663672605
2023-04-14,15807.5,9.668239789932768
2023-04-17,15789.5302734375,9.667102358449851
2023-04-18,15882.669921875,9.672983851769118
2023-04-19,15895.2001953125,9.673772468126394
2023-04-20,15795.9697265625,9.66751010587916
2023-04-21,15881.66015625,9.672920273181258
2023-04-24,15863.9501953125,9.671804530716168
2023-04-25,15872.1298828125,9.672320012632081
2023-04-26,15795.73046875,9.667494959001274
2023-04-27,15800.4501953125,9.667793711983338
2023-04-28,15922.3798828125,9.675480938352251
2023-05-02,15726.9404296875,9.663130471710137
2023-05-03,15815.0595703125,9.66871790242962
2023-05-04,15734.240234375,9.66359452325966
2023-05-05,15961.01953125,9.677904749367668
2023-05-08,15952.830078125,9.67739152683858
2023-05-09,15955.48046875,9.677557652251405
2023-05-10,15896.23046875,9.673837282663918
2023-05-11,15834.91015625,9.669972285211776
2023-05-12,15913.8203125,9.674943212715007
2023-05-15,15917.240234375,9.675158092259037
2023-05-16,15897.9296875,9.67394417139715
2023-05-17,15951.2998046875,9.677295597349557
2023-05-18,16163.3603515625,9.690502253005215
2023-05-19,16275.3798828125,9.697408808298217
2023-05-22,16223.990234375,9.69424630446611
2023-05-23,16152.8603515625,9.68985242452026
2023-05-24,15842.1298828125,9.67042811862794
2023-05-25,15793.7998046875,9.66737272457435
2023-05-26,15983.9697265625,9.679341606902714
2023-05-29,15952.73046875,9.677385282825103
2023-05-30,15908.91015625,9.674634618435594
2023-05-31,15664.01953125,9.659121611657282
2023-06-01,15853.66015625,9.671155677330969
2023-06-02,16051.23046875,9.6835407903392
2023-06-05,15963.8896484375,9.678084553618893
2023-06-06,15992.4404296875,9.679871416426781
2023-06-07,15960.5595703125,9.677875931185707
2023-06-08,15989.9599609375,9.679716301818454
2023-06-09,15949.83984375,9.677204067018378
2023-06-12,16097.8701171875,9.686442251363427
2023-06-13,16230.6796875,9.694658538097562
2023-06-14,16310.7900390625,9.699582133378934
2023-06-15,16290.1201171875,9.698314075245241
2023-06-16,16357.6298828125,9.702449726972954
2023-06-19,16201.2001953125,9.692840604606635
2023-06-20,16111.3203125,9.687277428895982
2023-06-21,16023.1298828125,9.681788574998398
2023-06-22,15988.16015625,9.679603737059626
2023-06-23,15829.9404296875,9.669658389740214
2023-06-26,15813.0595703125,9.66859143268959
2023-06-27,15846.8603515625,9.670726674609066
2023-06-28,15949.0,9.677151410322754
2023-06-29,15946.7197265625,9.677008427285474
2023-06-30,16147.900390625,9.689545313426743
2023-07-03,16081.0400390625,9.685396219687533
2023-07-04,16039.169921875,9.682789129574855
2023-07-05,15937.580078125,9.676435126397964
2023-07-06,15528.5400390625,9.650434902648426
2023-07-07,15603.400390625,9.655244143242813
2023-07-10,15673.16015625,9.659704984210293
2023-07-11,15790.33984375,9.667153629738154
2023-07-12,16023.0,9.68178046900788
2023-07-13,16141.0302734375,9.68911977333298
2023-07-14,16105.0703125,9.686889427635931
2023-07-17,16068.650390625,9.68462547204516
2023-07-18,16125.490234375,9.688156543333621
2023-07-19,16108.9296875,9.687129036192363
2023-07-20,16204.2197265625,9.693026964250548
2023-07-21,16177.2197265625,9.691359341889518
2023-07-24,16190.9501953125,9.692207735209667
2023-07-25,16211.58984375,9.693481687881528
2023-07-26,16131.4599609375,9.688526679170673
2023-07-27,16406.029296875,9.705404186302598
2023-07-28,16469.75,9.709280643942943
2023-07-31,16446.830078125,9.707888037206473
2023-08-01,16240.400390625,9.695257268006884
2023-08-02,16020.01953125,9.681594439800758
2023-08-03,15893.3798828125,9.673657941935069
2023-08-04,15951.8603515625,9.677330737873087
2023-08-07,15950.759765625,9.677261741286982
2023-08-08,15774.9296875,9.666177230188705
2023-08-09,15852.580078125,9.671087547012304
2023-08-10,15996.51953125,9.680126448262115
2023-08-11,15832.169921875,9.669799220036516
2023-08-14,15904.25,9.674341648088703
2023-08-15,15767.2802734375,9.665692203031638
2023-08-16,15789.4501953125,9.667097286840583
2023-08-17,15676.900390625,9.659943595193972
2023-08-18,15574.259765625,9.653374815439529
2023-08-21,15603.2802734375,9.655236445071465
2023-08-22,15705.6201171875,9.661773896528306
2023-08-23,15728.41015625,9.66322392014013
2023-08-24,15621.490234375,9.656402824372629
2023-08-25,15631.8203125,9.657063879366191
2023-08-28,15792.6103515625,9.667297410341446
2023-08-29,15930.8798828125,9.676014635704693
2023-08-30,15891.9296875,9.67356669252878
2023-08-31,15947.080078125,9.677031024251951
2023-09-01,15840.33984375,9.670315119920463
2023-09-04,15824.849609375,9.66933674361019
2023-09-05,15771.7099609375,9.665973105336766
2023-09-06,15741.3701171875,9.66404756501833
2023-09-07,15718.66015625,9.66260383056005
2023-09-08,15740.2998046875,9.663979569101782
2023-09-11,15800.990234375,9.667827890112893
2023-09-12,15715.5302734375,9.662404691801898
2023-09-13,15654.0302734375,9.658483688273575
2023-09-14,15805.2900390625,9.66809997557672
2023-09-15,15893.5302734375,9.673667404359964
2023-09-18,15727.1201171875,9.663141897103035
2023-09-19,15664.48046875,9.659151037738967
2023-09-20,15781.58984375,9.666599339879369
2023-09-21,15571.8603515625,9.653220740770953
2023-09-22,15557.2900390625,9.65228462055044
2023-09-25,15405.490234375,9.642479233593233
2023-09-26,15255.8701171875,9.632719633687872
2023-09-27,15217.4501953125,9.630198087506637
2023-09-28,15323.5,9.637142876731705
2023-09-29,15386.580078125,9.641250984993162
2023-10-02,15247.2099609375,9.6321518119164
2023-10-03,15085.2099609375,9.621470070020496
2023-10-04,15099.919921875,9.622444719601868
2023-10-05,15070.2197265625,9.620475871909901
2023-10-06,15229.76953125,9.631007313223822
2023-10-09,15128.1103515625,9.624309904835915
2023-10-10,15423.51953125,9.643648865642234
2023-10-11,15460.009765625,9.646011953811653
2023-10-12,15425.0302734375,9.643746811393218
2023-10-13,15186.66015625,9.628172700199984
2023-10-16,15237.990234375,9.631546946159604
2023-10-17,15251.6904296875,9.63244562374075
2023-10-18,15094.91015625,9.622112890235185
2023-10-19,15045.23046875,9.618816307574267
2023-10-20,14798.4697265625,9.602279057552497
2023-10-23,14800.7197265625,9.60243108874294
2023-10-24,14879.9404296875,9.607769304997852
2023-10-25,14892.1796875,9.608591500961984
2023-10-26,14731.0498046875,9.59771277675332
2023-10-27,14687.41015625,9.594745953846529
2023-10-30,14716.5400390625,9.596727312959764
2023-10-31,14810.33984375,9.60308085390944
2023-11-01,14923.26953125,9.610676987233886
2023-11-02,15143.599609375,9.625333253644703
2023-11-03,15189.25,9.628343219782309
2023-11-06,15135.9697265625,9.624829291194686
2023-11-07,15152.6396484375,9.625930029980793
2023-11-08,15229.599609375,9.630996155942514
2023-11-09,15352.5400390625,9.639036214183381
2023-11-10,15234.3896484375,9.631310628158312
2023-11-13,15345.0,9.638544967053836
2023-11-14,15614.4296875,9.655950745675224
2023-11-15,15748.169921875,9.664479442066058
2023-11-16,15786.6103515625,9.666917413625972
2023-11-17,15919.16015625,9.675278704002436
2023-11-20,15901.330078125,9.674158037421893
2023-11-21,15900.5302734375,9.674107738182867
2023-11-22,15957.8203125,9.677704289778513
2023-11-23,15994.73046875,9.680014601272587
2023-11-24,16029.490234375,9.682185444372742
2023-11-27,15966.3701171875,9.678239921522142
2023-11-28,15992.669921875,9.67988576636555
2023-11-29,16166.4501953125,9.690693398187149
2023-11-30,16215.4296875,9.693718517773602
2023-12-01,16397.51953125,9.70488535427863
2023-12-04,16404.759765625,9.705326801315104
2023-12-05,16533.109375,9.713120278086228
2023-12-06,16656.439453125,9.720552174580003
2023-12-07,16628.990234375,9.718902850823024
2023-12-08,16759.220703125,9.726703875528125
2023-12-11,16794.4296875,9.728802544190879
2023-12-12,16791.740234375,9.72864239177475
2023-12-13,16766.05078125,9.72711133401643
2023-12-14,16752.23046875,9.72628669070133
2023-12-15,16751.439453125,9.726239471060797
2023-12-18,16650.55078125,9.720198574816415
2023-12-19,16744.41015625,9.725819759540704
2023-12-20,16733.05078125,9.72514113128648
2023-12-21,16687.419921875,9.722410416441953
2023-12-22,16706.1796875,9.723533971124164
2023-12-27,16742.0703125,9.725680010978236
2023-12-28,16701.55078125,9.72325685524621
2023-12-29,16751.640625,9.726251480217838
2024-01-02,16769.359375,9.727308653431658
2024-01-03,16538.390625,9.713439661848373
2024-01-04,16617.2890625,9.718198942138766
2024-01-05,16594.2109375,9.716809174816332
2024-01-08,16716.470703125,9.724149782008695
2024-01-09,16688.359375,9.722466711943962
2024-01-10,16689.810546875,9.722553665295768
2024-01-11,16547.029296875,9.713961866015145
2024-01-12,16704.560546875,9.7234370477627
2024-01-15,16622.220703125,9.71849567579675
2024-01-16,16571.6796875,9.715450474474409
2024-01-17,16431.689453125,9.706967033080613
2024-01-18,16567.349609375,9.715189146472865
2024-01-19,16555.130859375,9.714451354472908
2024-01-22,16683.359375,9.722167057013099
2024-01-23,16627.08984375,9.718788562511076
2024-01-24,16889.919921875,9.734472268634597
2024-01-25,16906.919921875,9.735478279936975
2024-01-26,16961.390625,9.738694900383122
2024-01-29,16941.7109375,9.737533962958324
2024-01-30,16972.33984375,9.739340229910924
2024-01-31,16903.759765625,9.735291347506843
2024-02-01,16859.0390625,9.732642234824802
2024-02-02,16918.2109375,9.736145891015337
2024-02-05,16904.060546875,9.735309141097039
2024-02-06,17033.240234375,9.74292202181648
2024-02-07,16921.9609375,9.736367521096248
2024-02-08,16963.830078125,9.738838713928246
2024-02-09,16926.5,9.736635720145864
2024-02-12,17037.349609375,9.74316324892988
2024-02-13,16880.830078125,9.733933942185258
2024-02-14,16945.48046875,9.737756438242295
2024-02-15,17046.689453125,9.743711296886675
2024-02-16,17117.439453125,9.74785307385591
2024-02-19,17092.259765625,9.746380994730862
2024-02-20,17068.4296875,9.744985819026159
2024-02-21,17118.119140625,9.74789278037907
2024-02-22,17370.44921875,9.76252572065952
2024-02-23,17419.330078125,9.765335792613328
2024-02-26,17423.23046875,9.765559679180795
2024-02-27,17556.490234375,9.773178974454199
2024-02-28,17601.220703125,9.775723536753182
2024-02-29,17678.189453125,9.780086924450277
2024-03-01,17735.0703125,9.783299331817851
2024-03-04,17716.169921875,9.7822330564328
2024-03-05,17698.400390625,9.781229541066981
2024-03-06,17716.7109375,9.782263593922945
2024-03-07,17842.849609375,9.789358124845496
2024-03-08,17814.509765625,9.787768559593667
2024-03-11,17746.26953125,9.783930605561808
2024-03-12,17965.109375,9.796186787756195
2024-03-13,17961.380859375,9.795979224166539
2024-03-14,17942.0390625,9.794901789271023
2024-03-15,17936.650390625,9.794601406397643
2024-03-18,17932.6796875,9.794380008165081
2024-03-19,17987.490234375,9.797431808283731
2024-03-20,18015.130859375,9.79896728706783
2024-03-21,18179.25,9.808036112755083
2024-03-22,18205.939453125,9.8095031634047
2024-03-25,18261.310546875,9.812539923034354
2024-03-26,18384.349609375,9.819255016953788
2024-03-27,18477.08984375,9.824286856807475
2024-03-28,18492.490234375,9.825119995376173
2024-04-02,18283.130859375,9.813734102737392
2024-04-03,18367.720703125,9.818350093381136
2024-04-04,18403.130859375,9.820276084523105
2024-04-05,18175.0390625,9.807804451642877
2024-04-08,18318.970703125,9.815692452322486
2024-04-09,18076.689453125,9.802378511711565
2024-04-10,18097.30078125,9.80351807802548
2024-04-11,17954.48046875,9.795594971056367
2024-04-12,17930.3203125,9.79424843105199
2024-04-15,18026.580078125,9.79960261867875
2024-04-16,17766.23046875,9.785054769706948
2024-04-17,17770.01953125,9.785268020261768
2024-04-18,17837.400390625,9.789052677501806
2024-04-19,17737.359375,9.783428393318477
2024-04-22,17860.80078125,9.79036369000151
2024-04-23,18137.650390625,9.80574518885345
2024-04-24,18088.69921875,9.803042669709447
2024-04-25,17917.279296875,9.793520850051175
2024-04-26,18161.009765625,9.807032254443424
2024-04-29,18118.3203125,9.804678877314595
2024-04-30,17932.169921875,9.794351581132453
2024-05-02,17896.5,9.792360441983964
2024-05-03,18001.599609375,9.798215900117347
2024-05-06,18175.2109375,9.80781390824909
2024-05-07,18430.05078125,9.821737806018184
2024-05-08,18498.380859375,9.825438486121355
2024-05-09,18686.599609375,9.835561947534153
2024-05-10,18772.849609375,9.840166935285776
2024-05-13,18742.220703125,9.838534049472134
2024-05-14,18716.419921875,9.837156488252631
2024-05-15,18869.359375,9.845294688395736
2024-05-16,18738.810546875,9.838352082426635
2024-05-17,18704.419921875,9.836515134372737
2024-05-20,18768.9609375,9.839959770429724
2024-05-21,18726.759765625,9.837708783442256
2024-05-22,18680.19921875,9.835219376541275
2024-05-23,18691.3203125,9.83581454067791
2024-05-24,18693.369140625,9.83592414854985
2024-05-27,18774.7109375,9.840266080375331
2024-05-28,18677.869140625,9.835094633575146
2024-05-29,18473.2890625,9.824081133273596
2024-05-30,18496.7890625,9.82535243181322
2024-05-31,18497.939453125,9.82541462395094
2024-06-03,18608.16015625,9.831355481570611
2024-06-04,18405.640625,9.820412452324998
2024-06-05,18575.939453125,9.829622444518332
2024-06-06,18652.669921875,9.833744574175507
2024-06-07,18557.26953125,9.828616879744436
2024-06-10,18494.890625,9.825249790488591
2024-06-11,18369.939453125,9.81847088223885
2024-06-12,18630.859375,9.832574591087837
2024-06-13,18265.6796875,9.812779151102028
2024-06-14,18002.01953125,9.798239226765336
2024-06-17,18068.2109375,9.80190937135213
2024-06-18,18131.970703125,9.80543199630414
2024-06-19,18067.91015625,9.801892724227818
2024-06-20,18254.1796875,9.812149356761253
2024-06-21,18163.51953125,9.80717044016407
2024-06-24,18325.580078125,9.816053181267485
2024-06-25,18177.619140625,9.807946398793751
2024-06-26,18155.240234375,9.806714516169317
2024-06-27,18210.55078125,9.809756418351565
2024-06-28,18235.44921875,9.811122737913296
2024-07-01,18290.66015625,9.814145834568974
2024-07-02,18164.060546875,9.80720022555709
2024-07-03,18374.529296875,9.81872070725633
2024-07-04,18450.48046875,9.822845690796262
2024-07-05,18475.44921875,9.824198060473437
2024-07-08,18472.05078125,9.824014100123774
2024-07-09,18236.189453125,9.811163330242133
2024-07-10,18407.220703125,9.820498296134415
2024-07-11,18534.560546875,9.827392405936347
2024-07-12,18748.1796875,9.838851943352331
2024-07-15,18590.890625,9.830426988389846
2024-07-16,18518.029296875,9.82650009308229
2024-07-17,18437.30078125,9.822131107939054
2024-07-18,18354.759765625,9.817644207620004
2024-07-19,18171.9296875,9.807633357594899
2024-07-22,18407.0703125,9.820490125903733
2024-07-23,18557.69921875,9.828640034148952
2024-07-24,18387.4609375,9.81942424050227
2024-07-25,18298.720703125,9.814586429452849
2024-07-26,18417.55078125,9.821059335781348
2024-07-29,18320.669921875,9.815785205347472
2024-07-30,18411.1796875,9.820713350799924
2024-07-31,18508.650390625,9.825993490463327
2024-08-01,18083.05078125,9.802730357612525
2024-08-02,17661.220703125,9.779126594256361
2024-08-05,17339.0,9.760713578544673
2024-08-06,17354.3203125,9.761596763743313
2024-08-07,17615.150390625,9.776514628384366
2024-08-08,17680.400390625,9.780211982463769
2024-08-09,17722.880859375,9.782611787659075
2024-08-12,17726.470703125,9.782814321336225
2024-08-13,17812.05078125,9.78763051739475
2024-08-14,17885.599609375,9.791751176955854
2024-08-15,18183.240234375,9.808255582563959
2024-08-16,18322.400390625,9.815879655334143
2024-08-19,18421.689453125,9.821284024014117
2024-08-20,18357.51953125,9.817794553263644
2024-08-21,18448.94921875,9.822762694933516
2024-08-22,18493.390625,9.82516868371909
2024-08-23,18633.099609375,9.832694827071279
2024-08-26,18617.01953125,9.831831469879688
2024-08-27,18681.810546875,9.835305631436881
2024-08-28,18782.2890625,9.840669633646511
2024-08-29,18912.5703125,9.847582075868948
2024-08-30,18906.919921875,9.847283267469784
2024-09-02,18930.849609375,9.84854812483251
2024-09-03,18747.109375,9.838794852846988
2024-09-04,18591.849609375,9.83047857062231
2024-09-05,18576.5,9.829652620026767
2024-09-06,18301.900390625,9.81476017992008
2024-09-09,18443.560546875,9.822470566696778
2024-09-10,18265.919921875,9.812792303243056
2024-09-11,18330.26953125,9.816309045103711
2024-09-12,18518.390625,9.826519605126151
2024-09-13,18699.400390625,9.836246737656136
2024-09-16,18633.109375,9.832695351172081
2024-09-17,18726.080078125,9.837672487796697
2024-09-18,18711.490234375,9.83689306518103
2024-09-19,19002.380859375,9.852319558686295
2024-09-20,18720.009765625,9.83734827169945
2024-09-23,18846.7890625,9.844097836854457
2024-09-24,18996.630859375,9.852016919234172
2024-09-25,18918.5,9.847895558279017
2024-09-26,19238.359375,9.864661449014225
2024-09-27,19473.630859375,9.876816565796497
2024-09-30,19324.9296875,9.869151235027271
2024-10-01,19213.140625,9.863349731467915
2024-10-02,19164.75,9.860827933117
2024-10-03,19015.41015625,9.853004990271721
2024-10-04,19120.9296875,9.858538809246514
2024-10-07,19104.099609375,9.857658230237309
2024-10-08,19066.470703125,9.855686610838832
2024-10-09,19254.9296875,9.86552239459342
2024-10-10,19210.900390625,9.863233125597302
2024-10-11,19373.830078125,9.8716784693339
2024-10-14,19508.2890625,9.87859473435908
2024-10-15,19486.189453125,9.87746126046317
2024-10-16,19432.810546875,9.874718181775602
2024-10-17,19583.390625,9.882437068865931
2024-10-18,19657.369140625,9.886207566874162
2024-10-21,19461.189453125,9.876177476848682
2024-10-22,19421.91015625,9.874157097268304
2024-10-23,19377.619140625,9.871874026536972
2024-10-24,19443.0,9.875242387095826
2024-10-25,19463.58984375,9.8763008116843
2024-10-28,19531.619140625,9.879789925740209
2024-10-29,19478.0703125,9.877044512356502
2024-10-30,19257.33984375,9.865647557627563
2024-10-31,19077.5390625,9.856266956730819
2024-11-01,19254.970703125,9.865524524727467
2024-11-04,19147.849609375,9.859945696364939
2024-11-05,19256.26953125,9.865591976625542
2024-11-06,19039.310546875,9.854261096916359
2024-11-07,19362.51953125,9.871094493439916
2024-11-08,19215.48046875,9.863471507565329
2024-11-11,19448.599609375,9.875530346936507
2024-11-12,19033.640625,9.853963251766855
2024-11-13,19003.109375,9.85235789607495
2024-11-14,19263.69921875,9.865977734342032
2024-11-15,19210.810546875,9.863228448879488
2024-11-18,19189.189453125,9.862102350127675
2024-11-19,19060.310546875,9.85536347019587
2024-11-20,19004.779296875,9.852445768457997
2024-11-21,19146.169921875,9.859857970525674
2024-11-22,19322.58984375,9.869030148666166
2024-11-25,19405.19921875,9.873296310112071
2024-11-26,19295.98046875,9.867652087334754
2024-11-27,19261.75,9.865876543114352
2024-11-28,19425.73046875,9.87435377909767
2024-11-29,19626.44921875,9.884633385465563
2024-12-02,19933.619140625,9.900162989326267
2024-12-03,20016.75,9.90432470202869
2024-12-04,20232.140625,9.915027738948421
2024-12-05,20358.80078125,9.921268568205283
2024-12-06,20384.609375,9.922535452695458
2024-12-09,20345.9609375,9.920637691441303
2024-12-10,20329.16015625,9.91981159520588
2024-12-11,20399.16015625,9.923249010173574
2024-12-12,20426.26953125,9.924577073549369
2024-12-13,20405.919921875,9.923580329983455
2024-12-16,20313.810546875,9.919056256221586
2024-12-17,20246.369140625,9.915730754760684
2024-12-18,20242.5703125,9.915543107062943
2024-12-19,19969.859375,9.901979384572348
2024-12-20,19884.75,9.897708385272088
2024-12-23,19848.76953125,9.895897295843854
2024-12-27,19984.3203125,9.902703260684662
2024-12-30,19909.140625,9.898934233143269
2025-01-02,20024.66015625,9.904719800818768
2025-01-03,19906.080078125,9.89878049561139
2025-01-06,20216.189453125,9.914239020468766
2025-01-07,20340.5703125,9.920372708172101
2025-01-08,20329.939453125,9.919849928414564
2025-01-09,20317.099609375,9.919218155745597
2025-01-10,20214.7890625,9.914169747318475
2025-01-13,20132.849609375,9.910108068941746
2025-01-14,20271.330078125,9.916962855355683
2025-01-15,20574.6796875,9.931816457380345
2025-01-16,20655.390625,9.93573161153778
2025-01-17,20903.390625,9.947666655656143
2025-01-20,20990.310546875,9.951816207696897
2025-01-21,21042.0,9.954275719368233
2025-01-22,21254.26953125,9.964313073288666
2025-01-23,21411.529296875,9.971684808125506
2025-01-24,21394.9296875,9.970909242446826
2025-01-27,21282.1796875,9.965625367133969
2025-01-28,21430.580078125,9.97257415660921
2025-01-29,21637.529296875,9.982184553469683
2025-01-30,21727.19921875,9.986320174872107
2025-01-31,21732.05078125,9.986543444372623
2025-02-03,21428.240234375,9.972464968174473
2025-02-04,21505.69921875,9.976073258930134
2025-02-05,21585.9296875,9.979796978060428
2025-02-06,21902.419921875,9.994352408415812
2025-02-07,21787.0,9.989068740626333
2025-02-10,21911.740234375,9.994777855924442
2025-02-11,22037.830078125,10.000515804614375
2025-02-12,22148.029296875,10.005503800719435
2025-02-13,22612.01953125,10.026236881550778
2025-02-14,22513.419921875,10.021866851364512
2025-02-17,22798.08984375,10.034432032649999
2025-02-18,22844.5,10.036465667130585
2025-02-19,22433.630859375,10.018316489553209
2025-02-20,22314.650390625,10.012998709928542
2025-02-21,22287.560546875,10.011783978796982
2025-02-24,22425.9296875,10.01797314370422
2025-02-25,22410.26953125,10.017274593998415
2025-02-26,22794.109375,10.034257420816031
2025-02-27,22550.890625,10.023529839716305
2025-02-28,22551.4296875,10.023553743697134
2025-03-03,23147.01953125,10.049621305275585
2025-03-04,22326.810546875,10.013543501980386
2025-03-05,23081.029296875,10.04676631654595
2025-03-06,23419.48046875,10.061323453675511
2025-03-07,23008.939453125,10.043638091272939
2025-03-10,22620.94921875,10.026631712483294
2025-03-11,22328.76953125,10.013631239475806
2025-03-12,22676.41015625,10.029080462961423
2025-03-13,22567.140625,10.02425017259664
2025-03-14,22986.8203125,10.042676300775607
2025-03-17,23154.5703125,10.049947461735544
2025-03-18,23380.69921875,10.05966614128331
2025-03-19,23288.060546875,10.055696085339418
2025-03-20,22999.150390625,10.043212554690962
2025-03-21,22891.6796875,10.038528791097534
2025-03-24,22852.66015625,10.036822807762906
2025-03-25,23109.7890625,10.04801157568458
2025-03-26,22839.029296875,10.03622616272997
2025-03-27,22678.740234375,10.029183211077434
2025-03-28,22461.51953125,10.019558881001712
2025-03-31,22163.490234375,10.006201630010372
2025-04-01,22539.98046875,10.023045921078307
2025-04-02,22390.83984375,10.016407218659314
2025-04-03,21717.390625,9.985868629860313
2025-04-04,20641.720703125,9.935069583520098
2025-04-07,19789.619140625,9.892912793369735
2025-04-08,20280.259765625,9.917403266578953
2025-04-09,19670.880859375,9.886894692250024
2025-04-10,20562.73046875,9.931235515651602
2025-04-11,20374.099609375,9.922019746181695
2025-04-14,20954.830078125,9.950124451432236
2025-04-15,21253.69921875,9.964286240084597
2025-04-16,21311.01953125,9.966979566803698
2025-04-17,21205.859375,9.962032808085844
2025-04-22,21293.529296875,9.96615851666522
2025-04-23,21961.970703125,9.997067632176485
2025-04-24,22064.509765625,10.001725703719464
2025-04-25,22242.44921875,10.009757869043371
2025-04-28,22271.669921875,10.011070742706211
2025-04-29,22425.830078125,10.017968701988865
2025-04-30,22496.98046875,10.021136377797811
2025-05-02,23086.650390625,10.047009824290582
2025-05-05,23344.5390625,10.05811836261812
2025-05-06,23249.650390625,10.054045373940081
2025-05-07,23115.9609375,10.048278607589381
2025-05-08,23352.689453125,10.058467436469689
2025-05-09,23499.3203125,10.064726776841635
2025-05-12,23566.5390625,10.067583148597935
2025-05-13,23638.560546875,10.070634579094005
2025-05-14,23527.009765625,10.065904391861942
2025-05-15,23695.58984375,10.073044227265525
2025-05-16,23767.4296875,10.076071421882329
2025-05-19,23934.98046875,10.083096285814161
2025-05-20,24036.109375,10.087312535909433
2025-05-21,24122.400390625,10.090896164572095
2025-05-22,23999.169921875,10.085774522143412
2025-05-23,23629.580078125,10.07025459931315
2025-05-26,24027.650390625,10.086960545782002
2025-05-27,24226.490234375,10.09520195124978
2025-05-28,24038.189453125,10.087399071882999
2025-05-29,23933.23046875,10.083023168395878
2025-05-30,23997.48046875,10.085704123350498
2025-06-02,23930.669921875,10.082916175574292
2025-06-03,24091.619140625,10.089619305497438
2025-06-04,24276.48046875,10.09726327868401
2025-06-05,24323.580078125,10.099201532405937
2025-06-06,24304.4609375,10.098415190155217
2025-06-09,24174.3203125,10.093046204621185
2025-06-10,23987.560546875,10.085290664413865
2025-06-11,23948.900390625,10.083677689076273
2025-06-12,23771.44921875,10.076240526890778
2025-06-13,23516.23046875,10.065446119982285
2025-06-16,23699.119140625,10.073193159370273
2025-06-17,23434.650390625,10.06197099198758
2025-06-18,23317.810546875,10.05697274870146
2025-06-19,23057.380859375,10.045741207987124
2025-06-20,23350.55078125,10.058375850880948
2025-06-23,23269.009765625,10.054877701270774
2025-06-24,23641.580078125,10.07076230846258
2025-06-25,23498.330078125,10.064684637102014
2025-06-26,23649.30078125,10.071088828208175
2025-06-27,24033.220703125,10.087192348177513
2025-06-30,23909.609375,10.082035723012348
2025-07-01,23673.2890625,10.07210264775541
2025-07-02,23790.109375,10.077025200806402
2025-07-03,23934.130859375,10.083060788628124
2025-07-04,23787.44921875,10.076913376814948
2025-07-07,24073.669921875,10.088873987865997
2025-07-08,24206.91015625,10.094393415031643
2025-07-09,24549.560546875,10.108449232731497
2025-07-10,24456.810546875,10.104664006089614
2025-07-11,24255.310546875,10.096390864014175
2025-07-14,24160.640625,10.09248016763264
2025-07-15,24060.2890625,10.088318003691745
2025-07-16,24009.380859375,10.086199902101265
2025-07-17,24370.9296875,10.10114629474265
2025-07-18,24289.509765625,10.097799839232852
2025-07-21,24307.80078125,10.098552597617333
2025-07-22,24041.900390625,10.087553436715487
2025-07-23,24240.8203125,10.0957932808854
2025-07-24,24295.9296875,10.098064112726501
2025-07-25,24217.5,10.09483079130054
2025-07-28,23970.359375,10.084573320015249
2025-07-29,24217.369140625,10.094825387781244
2025-07-30,24262.220703125,10.096675715947844
2025-07-31,24065.470703125,10.088533341202062
2025-08-01,23425.970703125,10.061600545015404
2025-08-04,23757.689453125,10.07566152350911
2025-08-05,23846.0703125,10.079374715969463
2025-08-06,23924.359375,10.082652439578126
2025-08-07,24192.5,10.093797946755098
2025-08-08,24162.859375,10.09257199665999
2025-08-11,24081.33984375,10.089192539226579
2025-08-12,24024.779296875,10.086841047401917
2025-08-13,24185.58984375,10.0935122737854
2025-08-14,24377.5,10.101415854709273
2025-08-15,24359.30078125,10.100669017850713
2025-08-18,24314.76953125,10.098839244333167
2025-08-19,24423.0703125,10.103283469184019
2025-08-20,24276.970703125,10.097283472279448
2025-08-21,24293.33984375,10.097957511257599
2025-08-22,24363.08984375,10.100824554656647
2025-08-25,24273.119140625,10.097124808824015
2025-08-26,24152.869140625,10.092158457018789
2025-08-27,24046.2109375,10.087732713745401
2025-08-28,24039.919921875,10.087471057606782
2025-08-29,23902.2109375,10.081726241486203
2025-09-01,24037.330078125,10.087363320839287
2025-09-02,23487.330078125,10.064216409129292
2025-09-03,23594.80078125,10.068781660863559
2025-09-04,23770.330078125,10.076193446590388
2025-09-05,23596.98046875,10.068874036588475
2025-09-08,23807.130859375,10.0777404307238
2025-09-09,23718.44921875,10.074008472338214
2025-09-10,23632.94921875,10.070397170634696
2025-09-11,23703.650390625,10.073384340183487
2025-09-12,23698.150390625,10.07315228148808
2025-09-15,23748.859375,10.075289781993698
2025-09-16,23329.240234375,10.057462798448972
2025-09-17,23359.1796875,10.058745320208283
2025-09-18,23674.529296875,10.072155035992852
2025-09-19,23639.41015625,10.070670520119496
2025-09-22,23527.05078125,10.065906135202454
2025-09-23,23611.330078125,10.069481963864446
2025-09-24,23666.810546875,10.071828946782286
2025-09-25,23534.830078125,10.066236733844233
2025-09-26,23739.470703125,10.074894372343289
2025-09-29,23745.060546875,10.075129810858893
2025-09-30,23880.720703125,10.08082674724899
2025-10-01,24113.619140625,10.090532069433966
2025-10-02,24422.560546875,10.103262596667232
2025-10-03,24378.80078125,10.101469213197488
2025-10-06,24378.2890625,10.101448222660455
2025-10-07,24385.779296875,10.10175542567636
2025-10-08,24597.130859375,10.11038508338572
2025-10-09,24611.25,10.110958934456042
2025-10-10,24241.4609375,10.09581970806595
2025-10-13,24387.9296875,10.101843603945808
2025-10-14,24236.939453125,10.095633172027151
2025-10-15,24181.369140625,10.093337745420403
2025-10-16,24272.189453125,10.097086506976646
2025-10-17,23830.990234375,10.078742123336658
2025-10-20,24258.80078125,10.09653474934096
2025-10-21,24330.029296875,10.099466639922959
2025-10-22,24151.130859375,10.092086484459548
2025-10-23,24207.7890625,10.094429722445065
2025-10-24,24239.890625,10.095754928003103
2025-10-27,24308.779296875,10.098592852017111
2025-10-28,24278.630859375,10.09735185393665
2025-10-29,24124.2109375,10.090971218418407
2025-10-30,24118.890625,10.090750655794974
2025-10-31,23958.30078125,10.084070130734966
2025-11-03,24132.41015625,10.091311035779965
2025-11-04,23949.109375,10.083686415300015
2025-11-05,24049.740234375,10.087879474410087
2025-11-06,23734.01953125,10.074664721147556
2025-11-07,23569.9609375,10.067728338631392
2025-11-10,23959.990234375,10.08414064464896
2025-11-11,24088.060546875,10.089471583728445
2025-11-12,24381.4609375,10.10157832484533
2025-11-13,24041.619140625,10.08754173832058
2025-11-14,23876.55078125,10.08065211742798
2025-11-17,23590.51953125,10.068600195527162
2025-11-18,23180.529296875,10.05106795083818
2025-11-19,23162.919921875,10.050307999814061
2025-11-20,23278.849609375,10.055300485219538
2025-11-21,23091.869140625,10.047235849294205
2025-11-24,23239.1796875,10.053594912903119
2025-11-25,23464.630859375,10.063249496563119
2025-11-26,23726.220703125,10.074336074341023
2025-11-27,23767.9609375,10.076093773649845
2025-11-28,23836.7890625,10.07898542513251
2025-12-01,23589.439453125,10.068554410064502
2025-12-02,23710.859375,10.073688423657774
2025-12-03,23693.7109375,10.072964930621767
2025-12-04,23882.029296875,10.080881542827148
2025-12-05,24028.140625,10.086980948499955
2025-12-08,24046.009765625,10.087724347657412
2025-12-09,24162.650390625,10.092563347630687
2025-12-10,24130.140625,10.091216986409805
2025-12-11,24294.609375,10.098009768299548
2025-12-12,24186.490234375,10.09354950148467
2025-12-15,24229.91015625,10.095343105848682
2025-12-16,24076.869140625,10.08900687189251
2025-12-17,23960.58984375,10.084165669779042
2025-12-18,24199.5,10.094087250774308
2025-12-19,24288.400390625,10.097754165180731
2025-12-22,24283.970703125,10.097571769822526
2025-12-23,24340.060546875,10.099878854084645
2025-12-29,24351.119140625,10.100333088055196
2025-12-30,24490.41015625,10.106036897713278
2026-01-02,24539.33984375,10.108032816670377
2026-01-05,24868.689453125,10.121364839515326
2026-01-06,24892.19921875,10.122309748981444
2026-01-07,25122.259765625,10.131509575358734
2026-01-08,25127.4609375,10.131716588326002
2026-01-09,25261.640625,10.137042343320294
2026-01-12,25405.33984375,10.142714660980282
2026-01-13,25420.66015625,10.14331751436099
2026-01-14,25286.240234375,10.138015662513851
2026-01-15,25352.390625,10.140628309306646
2026-01-16,25297.130859375,10.138446263517018
2026-01-19,24959.060546875,10.12499218342867
2026-01-20,24703.119140625,10.114684795640258
2026-01-21,24560.98046875,10.108914302830284
2026-01-22,24856.470703125,10.120873388096868
2026-01-23,24900.7109375,10.122651633752033
2026-01-26,24933.080078125,10.123950717948421
2026-01-27,24894.439453125,10.12239974237872
2026-01-28,24822.7890625,10.119517424020728
2026-01-29,24309.4609375,10.09862089254765
2026-01-30,24538.810546875,10.108011247117702
2026-02-02,24797.51953125,10.11849890824964
2026-02-03,24780.7890625,10.117823997392065
2026-02-04,24603.0390625,10.11062525341614
2026-02-05,24491.060546875,10.106063454311752
2026-02-06,24721.4609375,10.115427009238756
2026-02-09,25014.869140625,10.127225692672365
2026-02-10,24987.849609375,10.126144970081462
2026-02-11,24856.150390625,10.12086050153032
2026-02-12,24852.689453125,10.120721253158543
2026-02-13,24914.880859375,10.123220528820669
2026-02-16,24800.91015625,10.118635631328441
2026-02-17,24998.400390625,10.12656711742825
2026-02-18,25278.2109375,10.137698075879115
2026-02-19,25043.5703125,10.128372399414866
2026-02-20,25260.689453125,10.137004689796647
2026-02-23,24991.970703125,10.126309880388606
2026-02-24,24986.25,10.126080952544857
2026-02-25,25175.939453125,10.133644033797157
2026-02-26,25289.01953125,10.138125569883211
2026-02-27,25284.259765625,10.137937337452758
2026-03-02,24638.0,10.11204524552192
2026-03-03,23790.650390625,10.07704794174739
2026-03-04,24205.359375,10.094329349402598
2026-03-05,23815.75,10.07810240549574
2026-03-06,23591.029296875,10.068621804212663
2026-03-09,23409.369140625,10.060891611835856
2026-03-10,23968.630859375,10.084501206872385
2026-03-11,23640.029296875,10.070696710811779
2026-03-12,23589.650390625,10.068563352055572
2026-03-13,23447.2890625,10.06251016218099
2026-03-16,23564.009765625,10.067475817071342
2026-03-17,23730.919921875,10.07453411487627
2026-03-18,23502.25,10.064851440229871
2026-03-19,22839.560546875,10.036249423080248
2026-03-20,22380.189453125,10.015931447117172
2026-03-23,22653.859375,10.02808550822837
2026-03-24,22636.91015625,10.02733704580582
2026-03-25,22957.080078125,10.041381668048475
2026-03-26,22612.970703125,10.026278945545496
2026-03-27,22300.75,10.012375589169652
2026-03-30,22562.880859375,10.024061395126674
2026-03-31,22680.0390625,10.029240480172657
2026-04-01,23298.890625,10.056161025759328
2026-04-02,23168.080078125,10.050530751590252
2026-04-07,22921.58984375,10.0398345333336
2026-04-08,24080.630859375,10.089163097558611
2026-04-09,23806.990234375,10.077734523862693
2026-04-10,23803.94921875,10.07760677945504
2026-04-13,23742.439453125,10.075019419966441
2026-04-14,24044.220703125,10.087649943252051
2026-04-15,24066.69921875,10.088584388791533
2026-04-16,24154.470703125,10.092224764230313
2026-04-17,24702.240234375,10.114649216251252
2026-04-20,24417.80078125,10.103067685511352
2026-04-21,24270.869140625,10.097032109394847
2026-04-22,24194.900390625,10.093897162278461
2026-04-23,24155.44921875,10.092265274155674
2026-04-24,24128.98046875,10.091168906120568
2026-04-27,24083.529296875,10.089283454167928
2026-04-28,24018.259765625,10.086569643618258
2026-04-29,23954.560546875,10.083914004205308
2026-04-30,24292.380859375,10.097918035281479
2026-05-04,23991.26953125,10.085445273618646
2026-05-05,24401.69921875,10.102408048969238
2026-05-06,24918.689453125,10.123373381354956
2026-05-07,24663.609375,10.113084131579717
2026-05-08,24338.630859375,10.099820114317444
2026-05-11,24350.279296875,10.10029859854249
2026-05-12,23954.9296875,10.083929414121931
2026-05-13,24136.810546875,10.091493362760724
2026-05-14,24456.259765625,10.104641485268635
2026-05-15,23950.5703125,10.083747415186025
2026-05-18,24307.919921875,10.098557498938277
2026-05-19,24400.650390625,10.102365066279528
2026-05-20,24737.240234375,10.116065088971402
2026-05-21,24606.76953125,10.110776868261382
2026-05-22,24888.560546875,10.12216356110088
2026-05-25,25389.099609375,10.142075211658536
2026-05-26,25184.890625,10.133999515307506
2026-05-27,25177.80078125,10.133717963881287
2026-05-28,25092.25,10.130314312501927
2026-05-29,25104.69921875,10.130810327466941
2026-06-01,25003.0390625,10.126752658962216
2026-06-02,25124.169921875,10.13158560688029
2026-06-03,24795.939453125,10.11843518701874
2026-06-04,24944.94921875,10.124426644564462
2026-06-05,24759.05078125,10.11694638928054
2026-06-08,24616.220703125,10.111160882801991
2026-06-09,24433.060546875,10.103692434623504
2026-06-10,24195.310546875,10.093914114312438
2026-06-11,24209.7109375,10.09450911006322
2026-06-12,24635.30078125,10.111935684412357
2026-06-15,24894.009765625,10.122382481849149
2026-06-16,24910.41015625,10.123041073646563
2026-06-17,24934.669921875,10.124014480349995
2026-06-18,25026.80078125,10.127702560885185
2026-06-19,24985.8203125,10.12606375543866
2026-06-22,25139.689453125,10.132203129368062
2026-06-23,24893.580078125,10.122365221021647
2026-06-24,24740.359375,10.116191171912117
2026-06-25,24994.830078125,10.126424285589916
2026-06-26,24671.220703125,10.113392689577113
2026-06-29,24626.890625,10.11159423974286
2026-06-30,24995.810546875,10.126463511682555
2026-07-01,25040.279296875,10.128240979180383
2026-07-02,25580.880859375,10.149600510011995
2026-07-03,25779.310546875,10.157327532414651
2026-07-06,25817.890625,10.158822965672213
2026-07-07,25465.25,10.145070056666942
2026-07-08,24897.44921875,10.122520636191304
2026-07-09,25118.26953125,10.13135073012206
2026-07-10,25067.08984375,10.129311103191815
