date,close,logprice
2017-11-09,320.8840026855469,5.771079695472587
2017-11-10,299.25299072265625,5.701289338448815
2017-11-11,314.6809997558594,5.751559426511605
2017-11-12,307.9079895019531,5.729801002960002
2017-11-13,316.71600341796875,5.758005484058145
2017-11-14,337.6310119628906,5.821953618582576
2017-11-15,333.35699462890625,5.809213971681509
2017-11-16,330.92401123046875,5.8018887756992275
2017-11-17,332.3940124511719,5.8063210497359385
2017-11-18,347.61199951171875,5.8510869138302635
2017-11-19,354.385986328125,5.870386675985592
2017-11-20,366.7300109863281,5.90462591243298
2017-11-21,360.4010009765625,5.887217303134772
2017-11-22,380.6520080566406,5.941885593074287
2017-11-23,410.1659851074219,6.016561919497472
2017-11-24,474.9110107421875,6.163127440677303
2017-11-25,466.2760009765625,6.144777735572721
2017-11-26,471.3299865722656,6.155558457138586
2017-11-27,480.3550109863281,6.174525436749557
2017-11-28,472.9020080566406,6.158888195901421
2017-11-29,427.52301025390625,6.0580081120836295
2017-11-30,447.114013671875,6.102813626233138
2017-12-01,466.5400085449219,6.145343779835928
2017-12-02,463.4490051269531,6.138696357652051
2017-12-03,465.8529968261719,6.143870126903909
2017-12-04,470.2040100097656,6.153166664376208
2017-12-05,463.281005859375,6.138333794084611
2017-12-06,428.5880126953125,6.060496114135314
2017-12-07,434.4079895019531,6.073984160490081
2017-12-08,456.031005859375,6.122560802508457
2017-12-09,473.50201416015625,6.160156166387215
2017-12-10,441.72100830078125,6.090678479845847
2017-12-11,515.135986328125,6.244430916930947
2017-12-12,651.4310302734375,6.4791715279885524
2017-12-13,702.7670288085938,6.5550254411666184
2017-12-14,695.8159790039062,6.545085227392217
2017-12-15,684.447998046875,6.528612671129471
2017-12-16,696.208984375,6.545649880170544
2017-12-17,719.9749755859375,6.57921645527545
2017-12-18,794.64501953125,6.677895498623345
2017-12-19,826.822998046875,6.717590643152349
2017-12-20,819.0859985351562,6.708189082656932
2017-12-21,821.06298828125,6.710599827923924
2017-12-22,674.8599853515625,6.514505240247341
2017-12-23,719.3870239257812,6.578399493742414
2017-12-24,694.1480102539062,6.542685209026954
2017-12-25,765.833984375,6.640965415670185
2017-12-26,773.8359985351562,6.651359962940779
2017-12-27,762.8419799804688,6.637050906271291
2017-12-28,737.0230102539062,6.602619113213361
2017-12-29,753.5919799804688,6.6248510809290755
2017-12-30,717.2570190429688,6.5754342408616475
2017-12-31,756.7329711914062,6.629010445093513
2018-01-01,772.6409912109375,6.649814505012866
2018-01-02,884.4439697265625,6.784959164760742
2018-01-03,962.719970703125,6.8697625810406855
2018-01-04,980.9219970703125,6.888492942714189
2018-01-05,997.719970703125,6.90547264646076
2018-01-06,1041.6800537109375,6.948590124982312
2018-01-07,1153.1700439453125,7.050269988965972
2018-01-08,1148.530029296875,7.0462381683235815
2018-01-09,1299.739990234375,7.169919515933439
2018-01-10,1255.8199462890625,7.135543981886457
2018-01-11,1154.9300537109375,7.05179506156446
2018-01-12,1273.199951171875,7.149288657057226
2018-01-13,1396.4200439453125,7.241667129141979
2018-01-14,1366.77001953125,7.220205585212192
2018-01-15,1291.9200439453125,7.163884796936317
2018-01-16,1053.68994140625,6.960053512585021
2018-01-17,1014.25,6.9219047020865565
2018-01-18,1036.280029296875,6.943392684844464
2018-01-19,1039.0999755859375,6.9461102093632086
2018-01-20,1155.1500244140625,7.05198550578834
2018-01-21,1049.5799560546875,6.956145321260802
2018-01-22,1003.260009765625,6.911009986436525
2018-01-23,986.22900390625,6.893888583118518
2018-01-24,1058.780029296875,6.9648726085362975
2018-01-25,1056.030029296875,6.96227190069605
2018-01-26,1055.1700439453125,6.961457212017295
2018-01-27,1107.0699462890625,7.009472116158828
2018-01-28,1246.010009765625,7.127701732834893
2018-01-29,1182.3599853515625,7.075267707733231
2018-01-30,1071.1300048828125,6.976469449526213
2018-01-31,1118.31005859375,7.019573948533395
2018-02-01,1036.7900390625,6.943884718166153
2018-02-02,915.7849731445312,6.8197815916416955
2018-02-03,964.0189819335938,6.871110985219167
2018-02-04,834.6820068359375,6.727050822180042
2018-02-05,697.9509887695312,6.5481488836345045
2018-02-06,793.1220092773438,6.675977067652835
2018-02-07,757.0679931640625,6.629453068643127
2018-02-08,817.8070068359375,6.706626375802785
2018-02-09,883.864990234375,6.78430432499463
2018-02-10,860.4149780273438,6.757414805456075
2018-02-11,814.6599731445312,6.702770815318589
2018-02-12,868.7069702148438,6.767005864964367
2018-02-13,845.2579956054688,6.739641900999592
2018-02-14,923.5609741210938,6.828236822496114
2018-02-15,936.9760131835938,6.842657682320132
2018-02-16,944.2100219726562,6.850348622303533
2018-02-17,974.114990234375,6.881529356462913
2018-02-18,923.9210205078125,6.828626592347538
2018-02-19,943.864990234375,6.849983137097816
2018-02-20,895.3709716796875,6.7972381258930135
2018-02-21,849.9710083007812,6.745202241021241
2018-02-22,812.844970703125,6.700540403422518
2018-02-23,864.1890258789062,6.7617915248276494
2018-02-24,840.5150146484375,6.734014816637282
2018-02-25,844.8099975585938,6.739111747113263
2018-02-26,869.3150024414062,6.767705548007429
2018-02-27,878.2650146484375,6.77794838709822
2018-02-28,855.198974609375,6.751334160703306
2018-03-01,872.2000122070312,6.771018769404345
2018-03-02,856.85302734375,6.753266407208804
2018-03-03,857.2249755859375,6.7537003994161475
2018-03-04,866.677978515625,6.764667487389699
2018-03-05,853.6840209960938,6.749561126488499
2018-03-06,816.9509887695312,6.7055791037943955
2018-03-07,752.8309936523438,6.623840758587773
2018-03-08,704.5960083007812,6.557624600692085
2018-03-09,728.916015625,6.5915585204680855
2018-03-10,686.8900146484375,6.532174184279756
2018-03-11,723.3389892578125,6.583877977086257
2018-03-12,699.8309936523438,6.550838868253137
2018-03-13,690.8270263671875,6.537889468794992
2018-03-14,614.291015625,6.420468782676311
2018-03-15,611.3040161132812,6.415594406804169
2018-03-16,601.666015625,6.399702500034574
2018-03-17,552.7789916992188,6.31495826829285
2018-03-18,538.6439819335938,6.2890548367791235
2018-03-19,556.7260131835938,6.322073221569644
2018-03-20,557.1749877929688,6.322879351797187
2018-03-21,561.7319946289062,6.331024858266762
2018-03-22,539.7020263671875,6.291017184235276
2018-03-23,539.6190185546875,6.290863369366097
2018-03-24,526.4390258789062,6.266135514571026
2018-03-25,524.2869873046875,6.262039220091939
2018-03-26,489.95098876953125,6.194305363182723
2018-03-27,450.1159973144531,6.109505321356816
2018-03-28,446.27899169921875,6.100944298376766
2018-03-29,385.9679870605469,5.955754430949224
2018-03-30,394.6449890136719,5.977986598781698
2018-03-31,396.4570007324219,5.98256758811319
2018-04-01,379.60699462890625,5.939136492880305
2018-04-02,386.42498779296875,5.9569377684487295
2018-04-03,416.89300537109375,6.0328296070321485
2018-04-04,380.5429992675781,5.94159917819043
2018-04-05,383.23199462890625,5.9486405359017995
2018-04-06,370.2850036621094,5.914272989292621
2018-04-07,385.3139953613281,5.954058574256445
2018-04-08,400.50799560546875,5.992733730367734
2018-04-09,398.5260009765625,5.987772743219868
2018-04-10,414.2430114746094,6.026452785855639
2018-04-11,430.5400085449219,6.0650402546132876
2018-04-12,492.9410095214844,6.200389510740289
2018-04-13,492.7349853515625,6.199971474440341
2018-04-14,501.4779968261719,6.217559731715981
2018-04-15,531.7020263671875,6.276083231613032
2018-04-16,511.1470031738281,6.236657226276374
2018-04-17,502.8940124511719,6.220379437064432
2018-04-18,524.7890014648438,6.262996279835654
2018-04-19,567.8889770507812,6.341925936677016
2018-04-20,615.718017578125,6.42278909505587
2018-04-21,605.39501953125,6.405881169813194
2018-04-22,621.8599853515625,6.4327149634630905
2018-04-23,642.5479736328125,6.465441481114706
2018-04-24,708.1580200195312,6.5626672609080465
2018-04-25,615.416015625,6.42229848728931
2018-04-26,662.8090209960938,6.496486895894448
2018-04-27,647.031982421875,6.4723957251522535
2018-04-28,683.677978515625,6.5274870151215465
2018-04-29,688.8809814453125,6.535068515083958
2018-04-30,669.9240112304688,6.507164289878995
2018-05-01,673.6129760742188,6.512655726510713
2018-05-02,687.1489868164062,6.532551134527543
2018-05-03,779.5430297851562,6.658707888751249
2018-05-04,785.6240234375,6.666478336304758
2018-05-05,816.1199951171875,6.704561396992589
2018-05-06,792.3109741210938,6.674953958842196
2018-05-07,753.7249755859375,6.62502754760428
2018-05-08,752.8569946289062,6.623875295592475
2018-05-09,752.2750244140625,6.623101981044006
2018-05-10,727.2769775390625,6.589307391962737
2018-05-11,679.5859985351562,6.521483787076944
2018-05-12,686.0479736328125,6.530947557690076
2018-05-13,733.4959716796875,6.597822105652056
2018-05-14,730.5490112304688,6.593796321658097
2018-05-15,708.8709716796875,6.563673523623194
2018-05-16,707.0499877929688,6.56110136748905
2018-05-17,672.656982421875,6.511235515345787
2018-05-18,694.3670043945312,6.543000645504241
2018-05-19,696.530029296875,6.546110906858832
2018-05-20,715.3690185546875,6.572798519421814
2018-05-21,699.2219848632812,6.549968266729276
2018-05-22,647.7410278320312,6.473490968064207
2018-05-23,583.5850219726562,6.369190151433497
2018-05-24,601.7550048828125,6.39985039384141
2018-05-25,586.7340087890625,6.374571580485112
2018-05-26,587.280029296875,6.375501757688227
2018-05-27,572.6680297851562,6.350306194173298
2018-05-28,516.0360107421875,6.246176551306529
2018-05-29,565.3880004882812,6.337512221985606
2018-05-30,559.5900268554688,6.32720442071591
2018-05-31,577.64501953125,6.358959526943014
2018-06-01,580.0430297851562,6.3631022900733285
2018-06-02,591.8079833984375,6.3831822299028955
2018-06-03,618.3289794921875,6.427020645096109
2018-06-04,592.9849853515625,6.385169078865306
2018-06-05,609.302978515625,6.412315645664665
2018-06-06,607.1240234375,6.408733092161424
2018-06-07,605.18701171875,6.405537520545027
2018-06-08,601.0770263671875,6.398723089995471
2018-06-09,597.56201171875,6.392858063723691
2018-06-10,526.47900390625,6.266211452158249
2018-06-11,533.2839965820312,6.2790541088720895
2018-06-12,496.8429870605469,6.208274054775598
2018-06-13,477.4939880371094,6.1685515693433235
2018-06-14,519.7420043945312,6.253332543059488
2018-06-15,491.0039978027344,6.196452269925802
2018-06-16,499.6419982910156,6.213891838551354
2018-06-17,500.447998046875,6.215503693351052
2018-06-18,518.8909912109375,6.251693824902764
2018-06-19,537.9569702148438,6.287778575949831
2018-06-20,536.2680053710938,6.284634046128143
2018-06-21,527.3670043945312,6.267896709190972
2018-06-22,465.8169860839844,6.1437928232602035
2018-06-23,474.5199890136719,6.162303743640394
2018-06-24,457.6719970703125,6.126152763944591
2018-06-25,460.30999755859375,6.131900170245363
2018-06-26,432.7720031738281,6.070211037763936
2018-06-27,442.364990234375,6.092135311078459
2018-06-28,422.364990234375,6.045869845989206
2018-06-29,436.0090026855469,6.077662891497206
2018-06-30,455.17999267578125,6.1206929290249485
2018-07-01,453.9179992675781,6.1179165633745365
2018-07-02,475.34698486328125,6.164045031802449
2018-07-03,464.19500732421875,6.140304738341348
2018-07-04,467.3179931640625,6.1470099534890945
2018-07-05,474.4119873046875,6.162076115713112
2018-07-06,474.0119934082031,6.161232623923924
2018-07-07,491.6600036621094,6.197787428140307
2018-07-08,489.1189880371094,6.192605789194337
2018-07-09,476.6820068359375,6.166849616241303
2018-07-10,434.42401123046875,6.074021041563761
2018-07-11,446.51800537109375,6.1014797250826565
2018-07-12,430.0740051269531,6.063957298825653
2018-07-13,434.0270080566406,6.073106762709419
2018-07-14,436.08599853515625,6.077839468245615
2018-07-15,449.8500061035156,6.1089142074310185
2018-07-16,480.6579895019531,6.175155976660066
2018-07-17,501.00201416015625,6.216610121356537
2018-07-18,480.51300048828125,6.174854284211414
2018-07-19,469.6189880371094,6.151921702187724
2018-07-20,450.697998046875,6.110797487811599
2018-07-21,462.4360046386719,6.136508179029879
2018-07-22,459.6570129394531,6.1304805873226105
2018-07-23,450.8529968261719,6.111141336981985
2018-07-24,479.37298583984375,6.172478970474819
2018-07-25,472.4930114746094,6.158022956294489
2018-07-26,464.0369873046875,6.139964263067985
2018-07-27,469.6659851074219,6.152021772074277
2018-07-28,466.89801025390625,6.146110840356987
2018-07-29,466.6650085449219,6.145611673810904
2018-07-30,457.08099365234375,6.124860604189565
2018-07-31,433.86700439453125,6.072738045650363
2018-08-01,420.74700927734375,6.042031724970415
2018-08-02,412.6210021972656,6.022529501419401
2018-08-03,418.2619934082031,6.036108014669682
2018-08-04,407.25201416015625,6.009432193228442
2018-08-05,410.5159912109375,6.017414883580603
2018-08-06,406.6579895019531,6.00797251154127
2018-08-07,380.2149963378906,5.940736872563918
2018-08-08,356.6130065917969,5.8766511786612385
2018-08-09,365.5880126953125,5.901507051009941
2018-08-10,334.1759948730469,5.8116677849550635
2018-08-11,322.11199951171875,5.774899309638021
2018-08-12,319.57000732421875,5.766976365071119
2018-08-13,286.4949951171875,5.657721066952252
2018-08-14,278.9320068359375,5.630968049023942
2018-08-15,282.364013671875,5.6431970671587655
2018-08-16,288.0459899902344,5.663120154853352
2018-08-17,315.72900390625,5.754884263077447
2018-08-18,295.81201171875,5.6897241570206925
2018-08-19,300.8340148925781,5.706558667107257
2018-08-20,274.31500244140625,5.614277090000257
2018-08-21,281.9440002441406,5.64170847052382
2018-08-22,271.34100341796875,5.603376345060086
2018-08-23,277.10400390625,5.624392901083381
2018-08-24,282.9670104980469,5.645330320170069
2018-08-25,279.64599609375,5.633524503602969
2018-08-26,275.1969909667969,5.617487172012482
2018-08-27,285.6029968261719,5.654602723499214
2018-08-28,296.4989929199219,5.692043821871883
2018-08-29,289.31201171875,5.667505731060534
2018-08-30,284.1050109863281,5.6493439268120484
2018-08-31,283.0039978027344,5.645461024054888
2018-09-01,295.34100341796875,5.688130632540935
2018-09-02,294.3710021972656,5.684840884032233
2018-09-03,289.2590026855469,5.667322489826418
2018-09-04,285.7229919433594,5.655022781824271
2018-09-05,232.33099365234375,5.448163051678768
2018-09-06,230.21499633789062,5.43901363898737
2018-09-07,217.2030029296875,5.380832413607336
2018-09-08,197.9510040283203,5.28801954567022
2018-09-09,196.9239959716797,5.282817847044867
2018-09-10,197.07899475097656,5.28360463694719
2018-09-11,185.0659942626953,5.220712487211123
2018-09-12,183.33099365234375,5.211293227580667
2018-09-13,211.35400390625,5.353534471267943
2018-09-14,211.74899291992188,5.355401577534653
2018-09-15,223.07400512695312,5.407503577962096
2018-09-16,220.58900451660156,5.396301262044087
2018-09-17,197.875,5.287635518201176
2018-09-18,209.97500610351562,5.346988505079511
2018-09-19,209.968994140625,5.34695987286718
2018-09-20,224.59100341796875,5.41428098548235
2018-09-21,246.58399963378906,5.507702704739504
2018-09-22,240.47999572753906,5.482636908238276
2018-09-23,244.3300018310547,5.498519778054866
2018-09-24,228.72999572753906,5.4325422499602105
2018-09-25,218.5050048828125,5.386808919915477
2018-09-26,215.8470001220703,5.3745698239297885
2018-09-27,228.49400329589844,5.431509966208259
2018-09-28,222.40199279785156,5.404486522758277
2018-09-29,231.63499450683594,5.445162833191441
2018-09-30,232.84800720214844,5.450385911101656
2018-10-01,230.76800537109375,5.441412900116018
2018-10-02,227.18099975585938,5.425747055514868
2018-10-03,220.48899841308594,5.395847799823958
2018-10-04,222.21800231933594,5.403658892462571
2018-10-05,227.6009979248047,5.427594086797945
2018-10-06,225.1199951171875,5.4166335716762575
2018-10-07,226.11900329589844,5.42106142394269
2018-10-08,229.2550048828125,5.434834942448161
2018-10-09,227.98199462890625,5.429266654910223
2018-10-10,225.7689971923828,5.4195123402178345
2018-10-11,189.49899291992188,5.244383710101615
2018-10-12,196.7270050048828,5.281817006286166
2018-10-13,199.84100341796875,5.297522067471391
2018-10-14,195.71499633789062,5.276659500683794
2018-10-15,209.70399475097656,5.34569698756418
2018-10-16,210.1199951171875,5.347678772847551
2018-10-17,207.08299255371094,5.333119643125492
2018-10-18,203.3520050048828,5.314938492176191
2018-10-19,203.7270050048828,5.316780886880189
2018-10-20,205.42999267578125,5.325105307651308
2018-10-21,205.14199829101562,5.323702413940408
2018-10-22,204.04400634765625,5.318335687971038
2018-10-23,204.33599853515625,5.319765690585107
2018-10-24,203.8520050048828,5.3173942649043235
2018-10-25,202.718994140625,5.311820754744344
2018-10-26,203.32899475097656,5.314825330981325
2018-10-27,204.2100067138672,5.319148909005238
2018-10-28,205.36599731445312,5.324793740044003
2018-10-29,197.2469940185547,5.284456720160203
2018-10-30,197.55599975585938,5.286022087218081
2018-10-31,197.38099670410156,5.285135854402312
2018-11-01,198.8719940185547,5.292661371615019
2018-11-02,200.63499450683594,5.301487309499965
2018-11-03,200.18600463867188,5.299246957537778
2018-11-04,207.48599243164062,5.335063831038557
2018-11-05,209.09100341796875,5.342769580248184
2018-11-06,218.45199584960938,5.386566291769576
2018-11-07,217.18299865722656,5.380740309937319
2018-11-08,212.2310028076172,5.35767531733471
2018-11-09,210.07400512695312,5.347459874003725
2018-11-10,212.5330047607422,5.359097292825249
2018-11-11,211.33999633789062,5.353468193684838
2018-11-12,210.41799926757812,5.349096025054252
2018-11-13,206.8260040283203,5.3318778795468535
2018-11-14,181.39700317382812,5.2006880170033805
2018-11-15,180.80599975585938,5.197424631897856
2018-11-16,175.177001953125,5.165796902495134
2018-11-17,174.00100708007812,5.1590610870143205
2018-11-18,177.06700134277344,5.176528199605883
2018-11-19,149.1750030517578,5.005120133865714
2018-11-20,130.33900451660156,4.870138783285698
2018-11-21,136.7010040283203,4.9177960884602125
2018-11-22,126.70600128173828,4.841869452280639
2018-11-23,123.2959976196289,4.8145879491375965
2018-11-24,113.49400329589844,4.731750001128301
2018-11-25,116.44999694824219,4.757461970123757
2018-11-26,108.33499908447266,4.685228269707779
2018-11-27,110.01000213623047,4.700571290169856
2018-11-28,122.43800354003906,4.807604808325514
2018-11-29,117.54264831542969,4.766801232115212
2018-11-30,113.17141723632812,4.728903635973822
2018-12-01,118.63555908203125,4.7760562652514
2018-12-02,116.38890075683594,4.75693717642811
2018-12-03,108.92501831054688,4.690659740105827
2018-12-04,110.21418762207031,4.7024256327338865
2018-12-05,102.47555541992188,4.629624286428622
2018-12-06,91.76105499267578,4.519187970059684
2018-12-07,93.29456329345703,4.535761834917061
2018-12-08,92.15963745117188,4.523522263033288
2018-12-09,95.14205932617188,4.555371135989262
2018-12-10,91.68565368652344,4.518365918675482
2018-12-11,88.94530487060547,4.488021628801978
2018-12-12,90.59329986572266,4.506380257397313
2018-12-13,86.53931427001953,4.460598810915328
2018-12-14,84.30829620361328,4.434480273019832
2018-12-15,84.44081115722656,4.4360508292488365
2018-12-16,85.26210021972656,4.445730044152682
2018-12-17,95.13382720947266,4.555284607771165
2018-12-18,101.11245727539062,4.616233335798704
2018-12-19,101.2685775756836,4.617776171384817
2018-12-20,116.21687316894531,4.755458041870517
2018-12-21,109.49623107910156,4.69589012929526
2018-12-22,116.7594985961914,4.760116251665212
2018-12-23,130.7652587890625,4.87340379815548
2018-12-24,140.23800659179688,4.94334102624924
2018-12-25,129.84434509277344,4.866336387624626
2018-12-26,131.86563110351562,4.8817834579417925
2018-12-27,116.57591247558594,4.758542670033135
2018-12-28,137.6470184326172,4.924692570857236
2018-12-29,138.01834106445312,4.927386582590103
2018-12-30,139.8594512939453,4.94063799901581
2018-12-31,133.36825561523438,4.893114141259831
2019-01-01,140.8194122314453,4.947478305182584
2019-01-02,155.0476837158203,5.0437327064849855
2019-01-03,149.135009765625,5.004852001488965
2019-01-04,154.58193969726562,5.040724309777418
2019-01-05,155.6385955810547,5.047536624566612
2019-01-06,157.74620056152344,5.0609874159428285
2019-01-07,151.69921875,5.021899736374185
2019-01-08,150.35963439941406,5.013029987191385
2019-01-09,150.80311584472656,5.015975117460706
2019-01-10,128.62518310546875,4.856902617713696
2019-01-11,127.54832458496094,4.848495309142562
2019-01-12,125.9665298461914,4.836016235522611
2019-01-13,116.8978042602539,4.761300085241344
2019-01-14,129.0687255859375,4.860345018977458
2019-01-15,122.03271484375,4.804289163243244
2019-01-16,123.54706573486328,4.816622182535945
2019-01-17,123.7419204711914,4.818198110195687
2019-01-18,121.01026153564453,4.7958753480806156
2019-01-19,124.5190200805664,4.824458475967806
2019-01-20,119.4748306274414,4.783105726823053
2019-01-21,117.15785217285156,4.763522189364482
2019-01-22,118.74755096435547,4.776999819244025
2019-01-23,117.45260620117188,4.766034900736737
2019-01-24,117.36288452148438,4.765270711936605
2019-01-25,116.37834167480469,4.756846449898653
2019-01-26,116.48873901367188,4.757794607506946
2019-01-27,113.40528869628906,4.730968027739569
2019-01-28,106.58997344970703,4.668989449612986
2019-01-29,105.59821319580078,4.659641450634697
2019-01-30,108.90753936767578,4.690499259568896
2019-01-31,107.0610122680664,4.673398880067802
2019-02-01,107.60978698730469,4.67851160072242
2019-02-02,110.43025970458984,4.704384187813857
2019-02-03,107.49266815185547,4.677422642003217
2019-02-04,107.82160186767578,4.680478026782719
2019-02-05,107.44351959228516,4.676965310355691
2019-02-06,104.9192886352539,4.653191374907578
2019-02-07,104.5353012084961,4.649524824967327
2019-02-08,119.26774597167969,4.781370931876571
2019-02-09,119.4308853149414,4.782737838488341
2019-02-10,124.80648803710938,4.826764442060863
2019-02-11,121.29839324951172,4.79825356977416
2019-02-12,122.5722885131836,4.808700966249862
2019-02-13,122.55360412597656,4.808548518974366
2019-02-14,121.39020538330078,4.7990101948376065
2019-02-15,122.10038757324219,4.804843555339649
2019-02-16,123.26021575927734,4.814297695972914
2019-02-17,133.598876953125,4.894841855027731
2019-02-18,146.09837341308594,4.98428018531402
2019-02-19,145.34619140625,4.979118423746206
2019-02-20,149.55433654785156,5.0076597819664865
2019-02-21,146.13084411621094,4.984502412944324
2019-02-22,149.0924530029297,5.004566603473711
2019-02-23,158.79542541503906,5.067616741188019
2019-02-24,135.8526611328125,4.911570924438781
2019-02-25,139.82286071777344,4.940376340878637
2019-02-26,138.0896759033203,4.927903299498491
2019-02-27,136.12596130371094,4.913580643147094
2019-02-28,136.74624633789062,4.918126991842291
2019-03-01,136.44361877441406,4.915911480024975
2019-03-02,134.2069549560547,4.899383048500618
2019-03-03,132.24942016601562,4.8846896863508436
2019-03-04,127.77412414550781,4.850264049968419
2019-03-05,137.8223876953125,4.92596581051642
2019-03-06,138.7893524169922,4.932957333437072
2019-03-07,138.0345001220703,4.927503654796759
2019-03-08,135.1270751953125,4.906215633438578
2019-03-09,137.96533203125,4.927002436432032
2019-03-10,136.75868225097656,4.918217929238986
2019-03-11,133.8340301513672,4.896600451315617
2019-03-12,134.44288635253906,4.9011394720740675
2019-03-13,133.26307678222656,4.892325195433265
2019-03-14,133.7115936279297,4.895685194095147
2019-03-15,137.69178771972656,4.925017765028953
2019-03-16,142.39817810058594,4.95862720465857
2019-03-17,140.00054931640625,4.941646346290223
2019-03-18,139.37460327148438,4.937165295727708
2019-03-19,140.51919555664062,4.94534410262064
2019-03-20,140.6863555908203,4.946532984228325
2019-03-21,136.6360626220703,4.91732091392009
2019-03-22,137.1814422607422,4.921304445653043
2019-03-23,138.2398681640625,4.928990351380975
2019-03-24,136.98692321777344,4.919885470307234
2019-03-25,135.03102111816406,4.9055045381021305
2019-03-26,135.46035766601562,4.908679034164312
2019-03-27,140.9881591796875,4.94867590940284
2019-03-28,139.41647338867188,4.9374656648643676
2019-03-29,142.49742126464844,4.959323903156531
2019-03-30,142.09268188476562,4.956479534021553
2019-03-31,141.51409912109375,4.952399352551272
2019-04-01,141.830322265625,4.954631429500402
2019-04-02,163.9617462158203,5.0996331458344875
2019-04-03,161.45880126953125,5.084250009620786
2019-04-04,158.0525360107422,5.062927484156068
2019-04-05,165.5148468017578,5.109060899565477
2019-04-06,165.94720458984375,5.111669693130125
2019-04-07,174.53164672851562,5.162106081809765
2019-04-08,180.25881958007812,5.194393704677211
2019-04-09,176.1145782470703,5.17113479598871
2019-04-10,177.3374786376953,5.178054576176803
2019-04-11,165.4970245361328,5.108953216021861
2019-04-12,164.736328125,5.104346184354904
2019-04-13,164.5133514404297,5.102991730683435
2019-04-14,167.83851623535156,5.123002304257097
2019-04-15,161.5741729736328,5.084964312606587
2019-04-16,167.62344360351562,5.121720056568524
2019-04-17,166.9507598876953,5.117698917967776
2019-04-18,173.81402587890625,5.1579859108346495
2019-04-19,173.70843505859375,5.157378233142238
2019-04-20,173.7512664794922,5.157624773508939
2019-04-21,170.04652404785156,5.136072070478935
2019-04-22,171.87466430664062,5.146765515293929
2019-04-23,171.4477996826172,5.144278845246043
2019-04-24,165.8260955810547,5.1109396222407195
2019-04-25,154.4593963623047,5.039931255081589
2019-04-26,156.3470916748047,5.0520784823544735
2019-04-27,158.4349365234375,5.065344013920881
2019-04-28,157.29507446289062,5.058123496559924
2019-04-29,155.20199584960938,5.044727467522161
2019-04-30,162.16603088378906,5.088620692398091
2019-05-01,160.81834411621094,5.080275430562896
2019-05-02,162.12278747558594,5.088353995515489
2019-05-03,167.95240783691406,5.123680652584971
2019-05-04,164.02658081054688,5.100028492804051
2019-05-05,163.45069885253906,5.096511408796069
2019-05-06,172.65321350097656,5.151285036468905
2019-05-07,169.7986602783203,5.1346133838480075
2019-05-08,170.9481658935547,5.141360387121962
2019-05-09,170.289306640625,5.137498794391402
2019-05-10,173.1427459716797,5.154116375495983
2019-05-11,194.30433654785156,5.269425674960126
2019-05-12,187.3253173828125,5.232846770538609
2019-05-13,196.84628295898438,5.282423134605343
2019-05-14,217.14857482910156,5.380581795888152
2019-05-15,247.15306091308594,5.510007824515791
2019-05-16,264.010009765625,5.575987018206414
2019-05-17,243.76458740234375,5.496202953840476
2019-05-18,234.59523010253906,5.457861603968938
2019-05-19,261.2922058105469,5.565639343572491
2019-05-20,251.86441040039062,5.52889088874174
2019-05-21,255.21588134765625,5.542109780520481
2019-05-22,244.69891357421875,5.500028530611303
2019-05-23,245.96566772460938,5.505191964097584
2019-05-24,249.4849853515625,5.519398734429094
2019-05-25,251.75987243652344,5.5284757460691925
2019-05-26,267.06964111328125,5.587509452530134
2019-05-27,272.8626403808594,5.608968519775073
2019-05-28,271.7687072753906,5.60495136365179
2019-05-29,269.4556884765625,5.5964039555931535
2019-05-30,255.85894775390625,5.544626307295059
2019-05-31,268.1135559082031,5.591410606843935
2019-06-01,265.3912658691406,5.581205212046639
2019-06-02,270.22552490234375,5.599256887764414
2019-06-03,252.60792541503906,5.531838584780644
2019-06-04,241.3387908935547,5.4862017176617215
2019-06-05,247.05101013183594,5.509594834058287
2019-06-06,249.47433471679688,5.519356043033869
2019-06-07,250.93035888671875,5.5251754459995395
2019-06-08,245.73809814453125,5.504266327109938
2019-06-09,233.08670043945312,5.451410489242202
2019-06-10,247.52012634277344,5.511491897259231
2019-06-11,245.78182983398438,5.504444271836404
2019-06-12,260.9032897949219,5.564149801472621
2019-06-13,256.1687927246094,5.5458365737866115
2019-06-14,264.08746337890625,5.57628034895604
2019-06-15,269.0193176269531,5.594783189763031
2019-06-16,269.22320556640625,5.5955407960108445
2019-06-17,274.3511047363281,5.6144086902376396
2019-06-18,265.0518493652344,5.579925464829712
2019-06-19,269.4317932128906,5.596315271908713
2019-06-20,271.69500732421875,5.604680140570492
2019-06-21,294.9102783203125,5.686671168792402
2019-06-22,309.38031005859375,5.734571297001415
2019-06-23,307.8277893066406,5.7295405009767615
2019-06-24,310.4246826171875,5.737941303888555
2019-06-25,318.1263122558594,5.762448512265582
2019-06-26,336.753173828125,5.819350240125421
2019-06-27,294.26763916015625,5.684489690512442
2019-06-28,311.2261047363281,5.740519672900326
2019-06-29,320.05889892578125,5.768505038000033
2019-06-30,290.69598388671875,5.672277992150233
2019-07-01,293.64111328125,5.6823583185487365
2019-07-02,291.596435546875,5.675370776283644
2019-07-03,303.0999755859375,5.714062703515874
2019-07-04,284.5232238769531,5.650814880733754
2019-07-05,287.9975280761719,5.662951897030264
2019-07-06,287.547119140625,5.661386739471514
2019-07-07,305.7005615234375,5.722606065739844
2019-07-08,313.25140380859375,5.7470060751981995
2019-07-09,308.8810119628906,5.732956128183749
2019-07-10,290.0023193359375,5.669888920658668
2019-07-11,268.70404052734375,5.593610552826376
2019-07-12,276.2767028808594,5.621402910172652
2019-07-13,269.45880126953125,5.59641550767805
2019-07-14,227.57806396484375,5.4274933178395255
2019-07-15,229.7760009765625,5.437104925568326
2019-07-16,199.1886749267578,5.294252490756997
2019-07-17,211.48497009277344,5.354153932570068
2019-07-18,226.566162109375,5.423037008711464
2019-07-19,221.3334197998047,5.399670251470016
2019-07-20,229.1192169189453,5.434242465989491
2019-07-21,225.63076782226562,5.418899892515592
2019-07-22,217.5600128173828,5.382474733469002
2019-07-23,212.728515625,5.360016778217932
2019-07-24,217.04637145996094,5.38011102407516
2019-07-25,219.6179962158203,5.391889656258626
2019-07-26,219.62960815429688,5.391942528207676
2019-07-27,207.40830993652344,5.334689362189111
2019-07-28,211.18655395507812,5.35274188481998
2019-07-29,211.26805114746094,5.353127711805457
2019-07-30,210.52259826660156,5.349593002546036
2019-07-31,218.65414428710938,5.3874912316564805
2019-08-01,217.80844116210938,5.383615966231361
2019-08-02,217.87156677246094,5.383905745930423
2019-08-03,222.49034118652344,5.404883690266389
2019-08-04,222.6697235107422,5.4056896131159595
2019-08-05,234.21502685546875,5.45623961159662
2019-08-06,226.02064514160156,5.420626345284189
2019-08-07,226.39100646972656,5.42226362146636
2019-08-08,220.94186401367188,5.397899608150062
2019-08-09,210.48890686035156,5.34943295273309
2019-08-10,206.73353576660156,5.331430697197702
2019-08-11,216.09286499023438,5.375708245800868
2019-08-12,211.28807067871094,5.353222466230873
2019-08-13,208.70904541015625,5.340941154831311
2019-08-14,186.6077423095703,5.229008779029293
2019-08-15,188.50205993652344,5.239108934873572
2019-08-16,185.44007873535156,5.222731804178019
2019-08-17,185.68768310546875,5.224066139317089
2019-08-18,194.4935302734375,5.27039889912962
2019-08-19,203.09193420410156,5.313658754376281
2019-08-20,196.56541442871094,5.280995273767155
2019-08-21,186.89163208007812,5.230528941281996
2019-08-22,191.33291625976562,5.254014927822072
2019-08-23,194.70620727539062,5.271491793099495
2019-08-24,191.28956604003906,5.253788332564776
2019-08-25,186.84239196777344,5.230265437777251
2019-08-26,188.92938232421875,5.24137330674319
2019-08-27,187.51666259765625,5.233867708649511
2019-08-28,173.8899688720703,5.158422736384647
2019-08-29,169.51673889160156,5.1329516764673215
2019-08-30,168.83486938476562,5.1289211330133915
2019-08-31,172.46978759765625,5.1502220767704365
2019-09-01,171.62942504882812,5.1453376469972865
2019-09-02,178.34735107421875,5.18373305929325
2019-09-03,179.49932861328125,5.1901714676053565
2019-09-04,175.99288940429688,5.170443593110055
2019-09-05,174.21713256835938,5.1603024095729415
2019-09-06,169.9561767578125,5.135540620040739
2019-09-07,178.2626190185547,5.183257850721619
2019-09-08,181.35552978515625,5.200459357600154
2019-09-09,181.1494598388672,5.199322435492132
2019-09-10,179.78717041015625,5.191773764709423
2019-09-11,178.72549438476562,5.185851077824866
2019-09-12,181.01609802246094,5.198585966661569
2019-09-13,181.10972595214844,5.19910306831837
2019-09-14,188.1055145263672,5.237003052870165
2019-09-15,189.78912353515625,5.245913579661113
2019-09-16,197.11317443847656,5.283778053317463
2019-09-17,208.60874938964844,5.340460485069856
2019-09-18,211.39303588867188,5.353719130077389
2019-09-19,221.28085327148438,5.399432723980436
2019-09-20,218.050048828125,5.3847246182196145
2019-09-21,215.51620483398438,5.373036103162095
2019-09-22,211.54537963867188,5.354439536410773
2019-09-23,201.9213104248047,5.307878069153524
2019-09-24,168.11073303222656,5.124622887467479
2019-09-25,170.8927001953125,5.141035875314094
2019-09-26,166.7271270751953,5.1163585064228645
2019-09-27,174.71099853515625,5.163133171856411
2019-09-28,174.57289123535156,5.162342369239704
2019-09-29,170.50347900390625,5.138755701230391
2019-09-30,179.87220764160156,5.192246641204347
2019-10-01,177.34042358398438,5.178071182490704
2019-10-02,180.71051025390625,5.196896360012452
2019-10-03,175.1993408203125,5.165924416054074
2019-10-04,176.98500061035156,5.176064986668599
2019-10-05,176.3515167236328,5.172479257289435
2019-10-06,173.05914306640625,5.153633403510296
2019-10-07,181.18634033203125,5.199526006286263
2019-10-08,182.0215606689453,5.204125145274332
2019-10-09,193.2932586669922,5.264208510629379
2019-10-10,191.65966796875,5.2557212365169015
2019-10-11,182.56968688964844,5.207131946108603
2019-10-12,180.82664489746094,5.197538809320327
2019-10-13,182.0751495361328,5.2044195113923015
2019-10-14,186.96090698242188,5.230899541429906
2019-10-15,181.40606689453125,5.2007379819648305
2019-10-16,176.0135040283203,5.170560719528391
2019-10-17,178.02835083007812,5.181942811935558
2019-10-18,173.621337890625,5.156876708789432
2019-10-19,172.91302490234375,5.152788721849293
2019-10-20,175.5343780517578,5.1678349100575
2019-10-21,174.92098999023438,5.164334386203037
2019-10-22,172.3008575439453,5.149242120561228
2019-10-23,162.4027862548828,5.090079584322291
2019-10-24,162.16854858398438,5.088636217725051
2019-10-25,181.52320861816406,5.201383516704541
2019-10-26,179.83547973632812,5.192042431471335
2019-10-27,184.24221801757812,5.216251294180619
2019-10-28,182.66281127929688,5.2076418919219325
2019-10-29,190.3425750732422,5.248825475360303
2019-10-30,184.69216918945312,5.218690488848103
2019-10-31,183.9669189453125,5.214755953104431
2019-11-01,183.9698944091797,5.214772126880794
2019-11-02,183.92572021484375,5.214531981617886
2019-11-03,182.42501831054688,5.206339230024692
2019-11-04,186.35519409179688,5.227654498312771
2019-11-05,189.30416870117188,5.2433550796377375
2019-11-06,191.59384155273438,5.255377722811078
2019-11-07,187.97654724121094,5.2363172063312176
2019-11-08,184.2114715576172,5.216084399610678
2019-11-09,185.02871704101562,5.220511040280555
2019-11-10,189.47727966308594,5.244269121097339
2019-11-11,185.48963928222656,5.222999027561655
2019-11-12,186.84341430664062,5.230270909426696
2019-11-13,188.2587432861328,5.237817310680523
2019-11-14,185.9996337890625,5.225744704835255
2019-11-15,180.52117919921875,5.195848107173333
2019-11-16,183.34835815429688,5.211387939769288
2019-11-17,185.11923217773438,5.2210001157365395
2019-11-18,180.55960083007812,5.196060921773995
2019-11-19,177.45555114746094,5.178720161485488
2019-11-20,175.69834899902344,5.168768598444426
2019-11-21,161.4627227783203,5.084274297309882
2019-11-22,150.26817321777344,5.012421519297564
2019-11-23,153.41778564453125,5.033164825136227
2019-11-24,142.83470153808594,4.9616880283536196
2019-11-25,146.47653198242188,4.9868652243788665
2019-11-26,148.96507263183594,5.00371186659983
2019-11-27,153.01055908203125,5.030506932619153
2019-11-28,151.7175750732422,5.02202073378526
2019-11-29,155.3041534423828,5.045385474435663
2019-11-30,152.53968811035156,5.0274248120922795
2019-12-01,151.18572998046875,5.018509080855455
2019-12-02,149.0591583251953,5.0043432628871924
2019-12-03,147.9564208984375,4.996917777015268
2019-12-04,146.74774169921875,4.9887150698280855
2019-12-05,149.24899291992188,5.005616004644732
2019-12-06,149.19444274902344,5.005250440085515
2019-12-07,148.76815795898438,5.0023891072882645
2019-12-08,151.2647247314453,5.0190314457687295
2019-12-09,148.2251739501953,4.9987325631477795
2019-12-10,146.2670440673828,4.985434019953312
2019-12-11,143.60800170898438,4.967087377269111
2019-12-12,145.60400390625,4.9808906347405975
2019-12-13,144.9447479248047,4.976352621008584
2019-12-14,142.86923217773438,4.961929751590451
2019-12-15,143.114990234375,4.963648434635708
2019-12-16,133.61402893066406,4.894955262555748
2019-12-17,122.60388946533203,4.808958747838465
2019-12-18,133.09219360351562,4.8910420730688475
2019-12-19,129.32113647460938,4.86229874089942
2019-12-20,129.06605529785156,4.860324329877935
2019-12-21,128.13095092773438,4.853052795079322
2019-12-22,132.3725128173828,4.885620014830102
2019-12-23,128.6140899658203,4.8568163700772224
2019-12-24,129.0638885498047,4.8603075418368835
2019-12-25,126.45463562011719,4.839883632152344
2019-12-26,126.36122131347656,4.839144641235992
2019-12-27,127.21460723876953,4.845875481095563
2019-12-28,128.3227081298828,4.854548248398959
2019-12-29,134.7579803466797,4.903480431387456
2019-12-30,132.63348388671875,4.887589563873846
2019-12-31,129.61085510253906,4.864536538917872
2020-01-01,130.802001953125,4.873684744357997
2020-01-02,127.4101791381836,4.847411638990132
2020-01-03,134.1717071533203,4.89912037632944
2020-01-04,135.06936645507812,4.905788472068433
2020-01-05,136.2767791748047,4.9146879586332695
2020-01-06,144.3041534423828,4.9719232487500875
2020-01-07,143.5439910888672,4.966641546330912
2020-01-08,141.2581329345703,4.9505889466668265
2020-01-09,138.9792022705078,4.93432429798273
2020-01-10,143.96377563476562,4.969561709838051
2020-01-11,142.92710876464844,4.962334771385416
2020-01-12,145.87393188476562,4.9827427684532
2020-01-13,144.22659301757812,4.971385625445643
2020-01-14,165.95535278320312,5.1117187930432175
2020-01-15,166.23068237304688,5.113376476532307
2020-01-16,164.39100646972656,5.1022477759537175
2020-01-17,170.7799530029297,5.1403759032887075
2020-01-18,175.3656768798828,5.166873375953975
2020-01-19,166.9698486328125,5.1178132490072565
2020-01-20,167.12051391601562,5.118715192375317
2020-01-21,169.69715881347656,5.134015429692698
2020-01-22,168.29415893554688,5.125713394329165
2020-01-23,162.92855834960938,5.093311812394918
2020-01-24,163.05117797851562,5.09406412685514
2020-01-25,161.283935546875,5.083166386537631
2020-01-26,168.0771026611328,5.124422818531989
2020-01-27,170.93089294433594,5.141259339989727
2020-01-28,176.3703155517578,5.172585850227114
2020-01-29,175.0503387451172,5.165073582532291
2020-01-30,184.6904754638672,5.218681318273305
2020-01-31,180.16017150878906,5.193846296931273
2020-02-01,183.6739501953125,5.213162175934339
2020-02-02,188.61753845214844,5.239721358729175
2020-02-03,189.8650665283203,5.246313643699201
2020-02-04,189.25059509277344,5.243072036792262
2020-02-05,204.23023986816406,5.319247984228519
2020-02-06,212.33908081054688,5.358184434719257
2020-02-07,222.72605895996094,5.405942581158031
2020-02-08,223.14651489257812,5.407828573174149
2020-02-09,228.5785675048828,5.431879991518687
2020-02-10,223.522705078125,5.409512997610283
2020-02-11,235.8511962890625,5.463201081962743
2020-02-12,265.4061279296875,5.581261211042581
2020-02-13,268.0992431640625,5.591357222276581
2020-02-14,284.2174987792969,5.649739785826973
2020-02-15,264.72857666015625,5.578705062076721
2020-02-16,259.89471435546875,5.560276604216588
2020-02-17,266.3634338378906,5.584861668876889
2020-02-18,281.944580078125,5.6417105270789785
2020-02-19,259.76397705078125,5.559773438159297
2020-02-20,257.949462890625,5.552763685465677
2020-02-21,265.6006164550781,5.58199373859009
2020-02-22,262.33172607421875,5.56960983294864
2020-02-23,273.754150390625,5.612230442260072
2020-02-24,265.2164306640625,5.580546212139372
2020-02-25,247.81759643554688,5.512692977309689
2020-02-26,225.68026733398438,5.4191192512640445
2020-02-27,226.75338745117188,5.4238630280288485
2020-02-28,226.760498046875,5.423894385814932
2020-02-29,219.8485107421875,5.392938721631565
2020-03-01,218.97059631347656,5.388937457393579
2020-03-02,230.5697784423828,5.440553543055464
2020-03-03,224.47962951660156,5.4137849659456325
2020-03-04,224.51797485351562,5.413955770139838
2020-03-05,229.2681884765625,5.434892447036563
2020-03-06,243.52529907226562,5.4952208347530345
2020-03-07,237.85308837890625,5.4716532073595
2020-03-08,200.68905639648438,5.301756727143157
2020-03-09,201.986328125,5.308200012561133
2020-03-10,200.76724243164062,5.3021462392089695
2020-03-11,194.8685302734375,5.272325127460248
2020-03-12,112.34712219238281,4.721593383638237
2020-03-13,133.20181274414062,4.89186536720393
2020-03-14,123.30602264404297,4.814669254427868
2020-03-15,125.21430206298828,4.83002668587176
2020-03-16,110.60587310791016,4.705973189919862
2020-03-17,113.9427490234375,4.735696120700268
2020-03-18,114.84226989746094,4.743559620796473
2020-03-19,136.59385681152344,4.917011974028221
2020-03-20,132.73716735839844,4.888370987716077
2020-03-21,132.81871032714844,4.88898511813581
2020-03-22,123.32115173339844,4.814791942362907
2020-03-23,134.91160583496094,4.90461979238901
2020-03-24,138.76144409179688,4.932756229166139
2020-03-25,136.19589233398438,4.9140942341856135
2020-03-26,138.36155700683594,4.929870237307442
2020-03-27,133.9379425048828,4.897376577044542
2020-03-28,130.9864959716797,4.875094233701961
2020-03-29,125.58373260498047,4.8329727281697155
2020-03-30,132.904541015625,4.889631133800814
2020-03-31,133.59356689453125,4.89480210795616
2020-04-01,135.63455200195312,4.909964151322171
2020-04-02,142.02914428710938,4.956032278000631
2020-04-03,142.09130859375,4.9564698692194415
2020-04-04,145.21939086914062,4.978245639404952
2020-04-05,143.54664611816406,4.966660042435994
2020-04-06,169.13587951660156,5.130702412679785
2020-04-07,165.10194396972656,5.10656312535541
2020-04-08,172.64173889160156,5.151218573815457
2020-04-09,170.80714416503906,5.14053510814388
2020-04-10,158.41244506835938,5.065202043644827
2020-04-11,158.2160186767578,5.063961306065665
2020-04-12,161.14242553710938,5.082288604594641
2020-04-13,156.27955627441406,5.051646430884234
2020-04-14,157.5963897705078,5.060037269613858
2020-04-15,153.28689575195312,5.03231130115395
2020-04-16,172.15737915039062,5.148409053521058
2020-04-17,171.63858032226562,5.145390988836877
2020-04-18,186.91400146484375,5.230648625860209
2020-04-19,181.61495971679688,5.201888840069507
2020-04-20,172.2971649169922,5.149220689057199
2020-04-21,172.73770141601562,5.151774267152605
2020-04-22,182.59957885742188,5.207295661791406
2020-04-23,185.02867126464844,5.2205107928791055
2020-04-24,189.2369384765625,5.242999872638859
2020-04-25,195.5153045654297,5.2756386605835175
2020-04-26,197.31753540039062,5.284814285918541
2020-04-27,197.22471618652344,5.284343769946139
2020-04-28,198.41539001464844,5.290362762480675
2020-04-29,216.96823120117188,5.379750942828335
2020-04-30,207.60205078125,5.33562302976534
2020-05-01,214.21910095214844,5.366999327484004
2020-05-02,215.32537841796875,5.372150272100693
2020-05-03,210.9331512451172,5.351541264534886
2020-05-04,208.17401123046875,5.338374322407079
2020-05-05,206.77439880371094,5.331628338083529
2020-05-06,204.0557861328125,5.318393417895809
2020-05-07,212.28941345214844,5.357950501484459
2020-05-08,212.9915771484375,5.361252621023495
2020-05-09,211.60012817382812,5.3546983057203885
2020-05-10,188.5995635986328,5.239626056297596
2020-05-11,185.912841796875,5.225277971399511
2020-05-12,189.3125,5.243399088787456
2020-05-13,199.1932830810547,5.294275625109367
2020-05-14,202.9490966796875,5.312955192324952
2020-05-15,195.62266540527344,5.276187627192655
2020-05-16,200.6771240234375,5.301697268356481
2020-05-17,207.15869140625,5.333485124709373
2020-05-18,214.52505493164062,5.368426537754872
2020-05-19,213.45111083984375,5.3634078174061415
2020-05-20,210.09674072265625,5.347568094749458
2020-05-21,199.88360595703125,5.297735226922796
2020-05-22,207.169189453125,5.3335357997778985
2020-05-23,208.69439697265625,5.340870966442723
2020-05-24,202.37034606933594,5.310099415164311
2020-05-25,205.3197479248047,5.324568509972688
2020-05-26,201.90231323242188,5.30778398257075
2020-05-27,208.86343383789062,5.341680611775636
2020-05-28,219.84042358398438,5.392901935815172
2020-05-29,220.6751251220703,5.396691597903169
2020-05-30,242.34559631347656,5.490364791354587
2020-05-31,230.9757080078125,5.442312544852738
2020-06-01,246.99176025390625,5.509354976775618
2020-06-02,237.21905517578125,5.468983997690328
2020-06-03,244.1793212890625,5.4979028786851325
2020-06-04,244.4263916015625,5.498914206743892
2020-06-05,241.22198486328125,5.485717608557033
2020-06-06,241.9313201904297,5.4886538850116064
2020-06-07,245.16725158691406,5.50194063717712
2020-06-08,246.30990600585938,5.506590523586332
2020-06-09,244.9114532470703,5.50089672990039
2020-06-10,247.4449462890625,5.511188118029358
2020-06-11,231.70266723632812,5.445454942966065
2020-06-12,237.4932098388672,5.470139032913852
2020-06-13,238.90884399414062,5.47608207329553
2020-06-14,234.1147003173828,5.455811167559013
2020-06-15,229.9289093017578,5.437770171152681
2020-06-16,234.41616821289062,5.457098032341504
2020-06-17,233.0282745361328,5.451159796143877
2020-06-18,232.10116577148438,5.447173335979904
2020-06-19,227.13829040527344,5.4255590408228365
2020-06-20,229.27426147460938,5.434918935306288
2020-06-21,228.9898223876953,5.4336775588447335
2020-06-22,242.53318786621094,5.4911385581937
2020-06-23,244.14215087890625,5.497750641225399
2020-06-24,235.7724609375,5.462867191365494
2020-06-25,232.94448852539062,5.4508001785083104
2020-06-26,229.6680450439453,5.4366349839702615
2020-06-27,222.9597930908203,5.406991455162948
2020-06-28,225.34716796875,5.417642181801199
2020-06-29,228.1948699951172,5.4301999568734365
2020-06-30,226.31500244140625,5.421927844924682
2020-07-01,231.11341857910156,5.442908579545799
2020-07-02,229.39219665527344,5.435433187792698
2020-07-03,225.38706970214844,5.417819233953744
2020-07-04,229.07411193847656,5.434045584115514
2020-07-05,227.6645965576172,5.427873478142237
2020-07-06,241.51022338867188,5.486911805068964
2020-07-07,239.07553100585938,5.476779531317985
2020-07-08,246.67001342773438,5.508051465388337
2020-07-09,243.01596069335938,5.493127123049265
2020-07-10,240.9849853515625,5.4847346301040405
2020-07-11,239.4581756591797,5.478378769697827
2020-07-12,242.13169860839844,5.489481787254217
2020-07-13,239.60458374023438,5.478989996860617
2020-07-14,240.21148681640625,5.48151973038591
2020-07-15,238.42352294921875,5.474048600412626
2020-07-16,233.64088439941406,5.453785254473171
2020-07-17,232.77308654785156,5.450064101561886
2020-07-18,235.4838104248047,5.461642165551159
2020-07-19,238.48751831054688,5.474316974831232
2020-07-20,236.15316772460938,5.464480610288192
2020-07-21,245.0167236328125,5.5013264679409035
2020-07-22,262.1906433105469,5.569071885378397
2020-07-23,274.6890563964844,5.615639753925731
2020-07-24,279.2154235839844,5.6319836114254125
2020-07-25,304.0567626953125,5.717214403368801
2020-07-26,309.64361572265625,5.735422009450406
2020-07-27,321.51409912109375,5.773041396903024
2020-07-28,316.6572570800781,5.757819981001029
2020-07-29,318.1908874511719,5.762651477690889
2020-07-30,334.5866394042969,5.812895857702589
2020-07-31,345.5546569824219,5.845150827461267
2020-08-01,385.19970703125,5.9537619193609865
2020-08-02,370.6717224121094,5.915316825650414
2020-08-03,386.295166015625,5.956601756043915
2020-08-04,389.87548828125,5.9658274273318
2020-08-05,401.590576171875,5.9954331023947125
2020-08-06,394.9619445800781,5.978789417424608
2020-08-07,379.5128479003906,5.938888451072612
2020-08-08,393.98736572265625,5.976318842090021
2020-08-09,391.1204528808594,5.969015576177419
2020-08-10,395.8875732421875,5.981130264991484
2020-08-11,380.3840637207031,5.941181436314981
2020-08-12,391.024169921875,5.968769373731826
2020-08-13,428.7417907714844,6.0608548514081795
2020-08-14,437.3978271484375,6.080843140577008
2020-08-15,433.35491943359375,6.071557067618363
2020-08-16,433.78662109375,6.072552756731721
2020-08-17,429.53125,6.06269449779962
2020-08-18,423.6693115234375,6.048953225279445
2020-08-19,406.4637756347656,6.007494812187477
2020-08-20,416.4397888183594,6.0317418864946175
2020-08-21,389.1263427734375,5.963904079506702
2020-08-22,395.83514404296875,5.980997821654566
2020-08-23,391.3844909667969,5.969690429666932
2020-08-24,408.1441955566406,6.011620532447816
2020-08-25,384.00103759765625,5.950645254661306
2020-08-26,386.46612548828125,5.957044219912964
2020-08-27,382.63262939453125,5.947075336680065
2020-08-28,395.8746643066406,5.981097656880271
2020-08-29,399.9214782714844,5.991268223516478
2020-08-30,428.3957214355469,6.060047351211738
2020-08-31,435.0797424316406,6.075529330223177
2020-09-01,477.0519104003906,6.167625311802332
2020-09-02,440.0404968261719,6.0868667609183476
2020-09-03,385.67193603515625,5.954987101444734
2020-09-04,388.24114990234375,5.961626666926347
2020-09-05,335.26007080078125,5.814906561384823
2020-09-06,353.3622741699219,5.867493803111804
2020-09-07,352.6734924316406,5.865542678283933
2020-09-08,337.60211181640625,5.821868018082587
2020-09-09,351.1100158691406,5.8610996098798305
2020-09-10,368.1018981933594,5.908359797104522
2020-09-11,374.6955871582031,5.926113928730567
2020-09-12,387.18310546875,5.958897721880117
2020-09-13,365.57000732421875,5.90145779935543
2020-09-14,377.26885986328125,5.932958089409035
2020-09-15,364.8392028808594,5.8994567164637735
2020-09-16,365.8122863769531,5.902120323082578
2020-09-17,389.01922607421875,5.9636287667524215
2020-09-18,384.3645324707031,5.951591405593423
2020-09-19,385.54437255859375,5.95465629029278
2020-09-20,371.0528259277344,5.9163444404166095
2020-09-21,341.78607177734375,5.83418502022377
2020-09-22,344.503173828125,5.8421033032650485
2020-09-23,321.1163024902344,5.7718033705641805
2020-09-24,349.3555908203125,5.856090288363499
2020-09-25,352.1832580566406,5.8641516596018874
2020-09-26,355.48809814453125,5.873491769483224
2020-09-27,357.4385070800781,5.878963339171348
2020-09-28,355.159423828125,5.8725667698746165
2020-09-29,359.75738525390625,5.885429874407094
2020-09-30,359.9378662109375,5.885931422695615
2020-10-01,353.2059020996094,5.867051178951483
2020-10-02,346.2389221191406,5.847129063109995
2020-10-03,346.5220947265625,5.847946582041653
2020-10-04,352.5790100097656,5.865274739007963
2020-10-05,353.956787109375,5.869174835370088
2020-10-06,340.81585693359375,5.8313423224337555
2020-10-07,341.80865478515625,5.834251091557978
2020-10-08,350.7661437988281,5.8601197444346536
2020-10-09,365.5904846191406,5.901513812488395
2020-10-10,370.96759033203125,5.916114701195935
2020-10-11,375.1420593261719,5.927304779104178
2020-10-12,387.73126220703125,5.960312476471271
2020-10-13,381.1907653808594,5.943299946357704
2020-10-14,379.4840393066406,5.938812538788255
2020-10-15,377.44183349609375,5.933416473362948
2020-10-16,366.22900390625,5.9032588314695795
2020-10-17,368.8559265136719,5.910406124745412
2020-10-18,378.21368408203125,5.93545933770103
2020-10-19,379.93560791015625,5.940001785493663
2020-10-20,369.13690185546875,5.911167582972572
2020-10-21,392.1899719238281,5.9717463446536865
2020-10-22,413.7729797363281,6.025317465297201
2020-10-23,409.7666931152344,6.015587956550618
2020-10-24,412.4576110839844,6.0221334394859385
2020-10-25,406.2177734375,6.006889403574323
2020-10-26,393.8883056640625,5.976067380945291
2020-10-27,403.9970397949219,6.001407550694013
2020-10-28,388.6507568359375,5.962681143020113
2020-10-29,386.7301025390625,5.95772704026689
2020-10-30,382.8199768066406,5.9475648442324145
2020-10-31,386.59033203125,5.957365558782407
2020-11-01,396.3581848144531,5.9823183095416335
2020-11-02,383.15673828125,5.948444143797724
2020-11-03,387.6021728515625,5.959979485913082
2020-11-04,402.1419982910156,5.996805255827781
2020-11-05,414.0673522949219,6.026028647295978
2020-11-06,454.71929931640625,6.119680303995352
2020-11-07,435.713134765625,6.0769840790211385
2020-11-08,453.5547790527344,6.117116053997467
2020-11-09,444.1630554199219,6.0961917369521705
2020-11-10,449.67962646484375,6.108535388024651
2020-11-11,462.9605407714844,6.137641825338783
2020-11-12,461.0052795410156,6.133409495297699
2020-11-13,474.6264343261719,6.162528040567251
2020-11-14,460.14984130859375,6.131552178415946
2020-11-15,447.55908203125,6.103808555885602
2020-11-16,459.9403076171875,6.131096715013206
2020-11-17,480.3600769042969,6.174535982889682
2020-11-18,479.48406982421875,6.172710671298661
2020-11-19,471.63043212890625,6.1561956961167
2020-11-20,509.74456787109375,6.233909752940881
2020-11-21,549.4866333007812,6.3089844483445034
2020-11-22,558.068115234375,6.324481025243837
2020-11-23,608.4540405273438,6.41092138044996
2020-11-24,603.8977661132812,6.403404922206635
2020-11-25,570.6866455078125,6.346840277072295
2020-11-26,518.8011474609375,6.251520664199552
2020-11-27,517.4937133789062,6.248997377005652
2020-11-28,538.2297973632812,6.288285601612108
2020-11-29,575.758056640625,6.355687531899676
2020-11-30,614.842529296875,6.421366185096359
2020-12-01,587.3241577148438,6.375576895200041
2020-12-02,598.3523559570312,6.394179804434739
2020-12-03,616.708740234375,6.424396854483971
2020-12-04,569.3541870117188,6.344502713250332
2020-12-05,596.595458984375,6.391239260560522
2020-12-06,601.9089965820312,6.40010626541333
2020-12-07,591.8433837890625,6.383242045472947
2020-12-08,554.8277587890625,6.318657721055395
2020-12-09,573.4791259765625,6.3517215383073005
2020-12-10,559.6785278320312,6.327362561452334
2020-12-11,545.79736328125,6.302247777337779
2020-12-12,568.5673217773438,6.343119726192413
2020-12-13,589.6632080078125,6.379551540027011
2020-12-14,586.0111694335938,6.373338849862248
2020-12-15,589.3555908203125,6.379029721045352
2020-12-16,636.1818237304688,6.455484408851063
2020-12-17,642.8689575195312,6.465940904897933
2020-12-18,654.8119506835938,6.484348096221689
2020-12-19,659.2979125976562,6.491175500025445
2020-12-20,638.2908325195312,6.458794029820679
2020-12-21,609.81787109375,6.413160340608411
2020-12-22,634.8541870117188,6.453395345771233
2020-12-23,583.714599609375,6.36941216407679
2020-12-24,611.607177734375,6.4160902099807675
2020-12-25,626.4107055664062,6.440006235153804
2020-12-26,635.8358154296875,6.454940378173086
2020-12-27,682.642333984375,6.525971053278465
2020-12-28,730.3973388671875,6.593588685883086
2020-12-29,731.5201416015625,6.5951247547380625
2020-12-30,751.6189575195312,6.622229490105108
2020-12-31,737.8034057617188,6.603677401256175
2021-01-01,730.3675537109375,6.593547905663893
2021-01-02,774.5349731445312,6.652262814608292
2021-01-03,975.5076904296875,6.882958043609423
2021-01-04,1040.2330322265625,6.947200036484227
2021-01-05,1100.006103515625,7.003071007421636
2021-01-06,1207.1121826171875,7.095986160123378
2021-01-07,1225.6781005859375,7.111249521324437
2021-01-08,1224.1971435546875,7.110040515098357
2021-01-09,1281.0772705078125,7.155456620536398
2021-01-10,1262.2467041015625,7.140648510605937
2021-01-11,1090.1453857421875,6.99406634774353
2021-01-12,1043.4345703125,6.950273022407168
2021-01-13,1130.7393798828125,7.030627016213747
2021-01-14,1218.4530029296875,7.105337302711002
2021-01-15,1171.8345947265625,7.066325829397689
2021-01-16,1233.53759765625,7.117641415972058
2021-01-17,1230.1722412109375,7.114909472067515
2021-01-18,1257.279541015625,7.136705571308646
2021-01-19,1377.2958984375,7.227877361945644
2021-01-20,1382.2740478515625,7.231485282680424
2021-01-21,1121.5709228515625,7.0224855912398905
2021-01-22,1236.51220703125,7.120049959157989
2021-01-23,1230.9906005859375,7.11557449056305
2021-01-24,1391.609375,7.2382161801047635
2021-01-25,1324.414794921875,7.188725976648052
2021-01-26,1357.05810546875,7.21307447798135
2021-01-27,1253.1871337890625,7.1334452923393
2021-01-28,1332.4921875,7.1948062929834125
2021-01-29,1382.5228271484375,7.2316652447599505
2021-01-30,1376.115478515625,7.227019938311766
2021-01-31,1314.9862060546875,7.181581454864594
2021-02-01,1369.04052734375,7.221865428461483
2021-02-02,1515.1937255859375,7.3232985814424705
2021-02-03,1660.9095458984375,7.4151206505135905
2021-02-04,1594.7626953125,7.37448022378171
2021-02-05,1718.65087890625,7.449294889297331
2021-02-06,1677.8468017578125,7.425266584741116
2021-02-07,1614.227783203125,7.386611968489844
2021-02-08,1746.6168212890625,7.465435950809852
2021-02-09,1768.0350341796875,7.4776240587137535
2021-02-10,1744.243408203125,7.464076163653899
2021-02-11,1783.7979736328125,7.486500063248062
2021-02-12,1843.5325927734375,7.519438897351619
2021-02-13,1814.10986328125,7.503350192943273
2021-02-14,1805.0841064453125,7.498362466049999
2021-02-15,1779.791015625,7.484251229441148
2021-02-16,1781.0675048828125,7.48496818536913
2021-02-17,1848.458251953125,7.522107193297802
2021-02-18,1937.44921875,7.569127551206603
2021-02-19,1960.164794921875,7.580783827731891
2021-02-20,1919.5340576171875,7.559837757246297
2021-02-21,1935.60107421875,7.568173189898731
2021-02-22,1781.992919921875,7.485487634915048
2021-02-23,1570.2039794921875,7.358960813146492
2021-02-24,1626.57568359375,7.394232276397862
2021-02-25,1475.7037353515625,7.296890263706671
2021-02-26,1446.03369140625,7.276579702174972
2021-02-27,1459.97314453125,7.2861733203765295
2021-02-28,1416.0489501953125,7.255625843003131
2021-03-01,1564.7076416015625,7.355454275044768
2021-03-02,1492.6087646484375,7.3082807167478725
2021-03-03,1575.8531494140625,7.362552086770565
2021-03-04,1541.914306640625,7.3407799797130435
2021-03-05,1533.2750244140625,7.3351612655299645
2021-03-06,1654.7415771484375,7.411400128880888
2021-03-07,1723.15380859375,7.451911500444978
2021-03-08,1834.7279052734375,7.514651468989091
2021-03-09,1868.048828125,7.5326497577003755
2021-03-10,1799.166259765625,7.495078647559989
2021-03-11,1826.1949462890625,7.509989816841351
2021-03-12,1772.1024169921875,7.479921926894475
2021-03-13,1924.6854248046875,7.56251781768221
2021-03-14,1854.5643310546875,7.525405085492017
2021-03-15,1791.7022705078125,7.490921436041647
2021-03-16,1806.9718017578125,7.499407685466491
2021-03-17,1823.4493408203125,7.508485228574268
2021-03-18,1782.8551025390625,7.48597134845827
2021-03-19,1817.6241455078125,7.505285512718864
2021-03-20,1812.6346435546875,7.502536670068892
2021-03-21,1788.217041015625,7.488974335959213
2021-03-22,1691.333984375,7.433272836419108
2021-03-23,1678.650146484375,7.425745265195345
2021-03-24,1593.4134521484375,7.373633819328376
2021-03-25,1595.3592529296875,7.374854226803425
2021-03-26,1702.842041015625,7.440053922993609
2021-03-27,1716.49462890625,7.448039483796579
2021-03-28,1691.35595703125,7.433285827651902
2021-03-29,1819.6849365234375,7.506418653284955
2021-03-30,1846.03369140625,7.520794665928888
2021-03-31,1918.362060546875,7.559227007465344
2021-04-01,1977.27685546875,7.589475851539556
2021-04-02,2143.2255859375,7.670067256353195
2021-04-03,2028.4224853515625,7.6150136691244406
2021-04-04,2093.122802734375,7.64641239379426
2021-04-05,2107.88720703125,7.653441401128772
2021-04-06,2118.37890625,7.658406408296022
2021-04-07,1971.0772705078125,7.586335510091942
2021-04-08,2088.57373046875,7.644236686387469
2021-04-09,2072.10888671875,7.63632215350378
2021-04-10,2135.942138671875,7.666663111076419
2021-04-11,2157.656982421875,7.676778181572199
2021-04-12,2139.353271484375,7.668258852754637
2021-04-13,2299.187744140625,7.74031118482196
2021-04-14,2435.10498046875,7.797745147716196
2021-04-15,2519.1162109375,7.831663409046917
2021-04-16,2431.946533203125,7.796447258141728
2021-04-17,2344.89501953125,7.759995912087761
2021-04-18,2237.136962890625,7.71295218576279
2021-04-19,2166.188720703125,7.6807245524372565
2021-04-20,2330.2109375,7.753714073577932
2021-04-21,2364.751708984375,7.768428309784371
2021-04-22,2403.53515625,7.784695914333343
2021-04-23,2363.586181640625,7.76793531313552
2021-04-24,2211.625732421875,7.701483149602218
2021-04-25,2316.0595703125,7.747622559567844
2021-04-26,2534.481689453125,7.8377444333659385
2021-04-27,2662.865234375,7.887157977839792
2021-04-28,2746.380126953125,7.918039006082174
2021-04-29,2756.876953125,7.921853779315086
2021-04-30,2773.20703125,7.927759702493507
2021-05-01,2945.892822265625,7.9881672155955465
2021-05-02,2952.05615234375,7.990257207336114
2021-05-03,3431.086181640625,8.14063216106255
2021-05-04,3253.62939453125,8.087526389015952
2021-05-05,3522.783203125,8.167006638873213
2021-05-06,3490.88037109375,8.157909238713168
2021-05-07,3484.72900390625,8.156145559455537
2021-05-08,3902.647705078125,8.26941050050822
2021-05-09,3928.8447265625,8.276100698941057
2021-05-10,3952.2939453125,8.282051434976408
2021-05-11,4168.701171875,8.335359796701784
2021-05-12,3785.8486328125,8.239025350202056
2021-05-13,3715.1484375,8.220173912612042
2021-05-14,4079.057373046875,8.313621204687353
2021-05-15,3638.1220703125,8.199222912751669
2021-05-16,3587.506103515625,8.185212561394826
2021-05-17,3282.397705078125,8.09632944196801
2021-05-18,3380.070068359375,8.125651718546035
2021-05-19,2460.67919921875,7.808192688061973
2021-05-20,2784.294189453125,7.931749687370438
2021-05-21,2430.621337890625,7.7959021982554955
2021-05-22,2295.70556640625,7.7387955115883695
2021-05-23,2109.579833984375,7.654244075827847
2021-05-24,2643.591064453125,7.879893523522922
2021-05-25,2706.62890625,7.903459193497442
2021-05-26,2888.69873046875,7.968561413432391
2021-05-27,2736.488525390625,7.914430817405302
2021-05-28,2419.90625,7.79148407873091
2021-05-29,2279.51416015625,7.7317176115913195
2021-05-30,2390.305419921875,7.7791764275233035
2021-05-31,2714.9453125,7.90652708943957
2021-06-01,2633.518310546875,7.876075991831445
2021-06-02,2706.125,7.9032730013075945
2021-06-03,2855.12646484375,7.956871417026326
2021-06-04,2688.195068359375,7.896625269084132
2021-06-05,2630.576904296875,7.874958456362926
2021-06-06,2715.0927734375,7.906581402479443
2021-06-07,2590.26318359375,7.859514764818262
2021-06-08,2517.438720703125,7.830997282967019
2021-06-09,2608.26708984375,7.866441329552723
2021-06-10,2471.5185546875,7.812588040178878
2021-06-11,2353.768798828125,7.763773066695974
2021-06-12,2372.484375,7.771692944582522
2021-06-13,2508.3916015625,7.827397030537962
2021-06-14,2537.89111328125,7.839088744785532
2021-06-15,2610.936767578125,7.867464350703128
2021-06-16,2367.66357421875,7.769658914212593
2021-06-17,2372.001953125,7.771489583525793
2021-06-18,2231.733154296875,7.7105337618275
2021-06-19,2178.4990234375,7.686391397284502
2021-06-20,2246.364501953125,7.717068411513405
2021-06-21,1888.447509765625,7.54351034709619
2021-06-22,1874.9500732421875,7.536337310445823
2021-06-23,1989.736328125,7.595757410510197
2021-06-24,1988.456298828125,7.595113887452829
2021-06-25,1813.21728515625,7.502858051977493
2021-06-26,1829.2392578125,7.511655453292339
2021-06-27,1978.8946533203125,7.590293711906907
2021-06-28,2079.657470703125,7.6399584815879535
2021-06-29,2160.768310546875,7.678219136759459
2021-06-30,2274.547607421875,7.729536457730502
2021-07-01,2113.60546875,7.656150521174819
2021-07-02,2150.040283203125,7.673241857319732
2021-07-03,2226.1142578125,7.7080128592749535
2021-07-04,2321.72412109375,7.750065344300792
2021-07-05,2198.58251953125,7.695568122385989
2021-07-06,2324.679443359375,7.751337434692062
2021-07-07,2315.161865234375,7.747234884263667
2021-07-08,2120.0263671875,7.65918380494131
2021-07-09,2146.6923828125,7.671683509929576
2021-07-10,2111.403564453125,7.655108201748318
2021-07-11,2139.664794921875,7.6684044578599275
2021-07-12,2036.7210693359375,7.6190964747623555
2021-07-13,1940.083984375,7.570486542035297
2021-07-14,1994.331298828125,7.598064084578392
2021-07-15,1911.1756591796875,7.55547386004712
2021-07-16,1880.3829345703125,7.539230723683518
2021-07-17,1898.8251953125,7.548990655660385
2021-07-18,1895.5521240234375,7.547265433403647
2021-07-19,1817.296630859375,7.505105308158999
2021-07-20,1787.5107421875,7.48857928416549
2021-07-21,1990.9708251953125,7.596377650614451
2021-07-22,2025.2027587890625,7.613425102325254
2021-07-23,2124.776611328125,7.661421951751711
2021-07-24,2189.21875,7.6913000240056055
2021-07-25,2191.373779296875,7.6922839226249415
2021-07-26,2233.36669921875,7.711265456548042
2021-07-27,2298.33349609375,7.739939572376005
2021-07-28,2296.54541015625,7.739161277206865
2021-07-29,2380.956787109375,7.775257697271085
2021-07-30,2466.96142578125,7.810742480323306
2021-07-31,2536.2099609375,7.8384261042978185
2021-08-01,2561.85205078125,7.848485733240923
2021-08-02,2610.1533203125,7.867164242006163
2021-08-03,2502.349609375,7.824985413229683
2021-08-04,2724.619873046875,7.910084201237267
2021-08-05,2827.328857421875,7.9470876782793
2021-08-06,2890.941650390625,7.969337558620212
2021-08-07,3157.23876953125,8.05745311747862
2021-08-08,3013.732666015625,8.0109346778457
2021-08-09,3167.856201171875,8.06081036085988
2021-08-10,3141.691162109375,8.052516520575598
2021-08-11,3164.2451171875,8.059669796552935
2021-08-12,3043.414306640625,8.020735291349192
2021-08-13,3322.211669921875,8.108386005759817
2021-08-14,3265.443359375,8.091150824030745
2021-08-15,3310.504150390625,8.104855768069182
2021-08-16,3156.509521484375,8.057222114272124
2021-08-17,3014.845947265625,8.011304012421583
2021-08-18,3020.08984375,8.013041859512498
2021-08-19,3182.7021484375,8.06548584716924
2021-08-20,3286.935302734375,8.097710890700318
2021-08-21,3226.083984375,8.07902429194052
2021-08-22,3242.115478515625,8.083981321191064
2021-08-23,3319.25732421875,8.107496339362038
2021-08-24,3172.456298828125,8.062261424498592
2021-08-25,3224.915283203125,8.078661960110617
2021-08-26,3100.325439453125,8.039262365431924
2021-08-27,3270.600830078125,8.09272898709821
2021-08-28,3244.4033203125,8.084686735593674
2021-08-29,3227.002685546875,8.079309024263228
2021-08-30,3224.374267578125,8.078494184847308
2021-08-31,3433.732666015625,8.141403189276065
2021-09-01,3834.828125,8.25187989532636
2021-09-02,3790.989990234375,8.240382475110415
2021-09-03,3940.61474609375,8.279092017048391
2021-09-04,3887.828369140625,8.265606020866414
2021-09-05,3952.133544921875,8.282010850028074
2021-09-06,3928.37939453125,8.27598225201257
2021-09-07,3426.394287109375,8.13926375898404
2021-09-08,3497.315185546875,8.159750863269796
2021-09-09,3427.340087890625,8.139539754736283
2021-09-10,3211.505859375,8.07449522119408
2021-09-11,3270.278076171875,8.092630298860394
2021-09-12,3410.134521484375,8.13450701861512
2021-09-13,3285.51171875,8.097277693140267
2021-09-14,3429.169677734375,8.140073434392468
2021-09-15,3615.28271484375,8.192925337577464
2021-09-16,3571.294921875,8.180683532219808
2021-09-17,3398.538818359375,8.131100858925189
2021-09-18,3432.018310546875,8.140903795834552
2021-09-19,3329.447998046875,8.11056180288144
2021-09-20,2958.993408203125,7.99260442468672
2021-09-21,2764.43115234375,7.924590161269555
2021-09-22,3077.867919921875,8.031992402471582
2021-09-23,3155.523681640625,8.05690974587353
2021-09-24,2931.669189453125,7.983327229032954
2021-09-25,2925.565673828125,7.981243133729739
2021-09-26,3062.265380859375,8.026910241586629
2021-09-27,2934.138916015625,7.984169304554019
2021-09-28,2807.296630859375,7.939977246182754
2021-09-29,2853.143310546875,7.95617658147906
2021-09-30,3001.678955078125,8.006927062796352
2021-10-01,3307.51611328125,8.103952767717606
2021-10-02,3391.6943359375,8.12908487962538
2021-10-03,3418.358642578125,8.13691578578311
2021-10-04,3380.089111328125,8.125657352427794
2021-10-05,3518.5185546875,8.165795314857954
2021-10-06,3580.56201171875,8.18327505358727
2021-10-07,3587.974853515625,8.185343214657925
2021-10-08,3563.75927734375,8.178571243476737
2021-10-09,3575.716796875,8.18192093765252
2021-10-10,3425.852783203125,8.13910570750054
2021-10-11,3545.35400390625,8.173393294038725
2021-10-12,3492.5732421875,8.158394062188961
2021-10-13,3606.20166015625,8.19041032570383
2021-10-14,3786.01416015625,8.239069071898632
2021-10-15,3862.634765625,8.259104811374032
2021-10-16,3830.382080078125,8.250719837010534
2021-10-17,3847.1044921875,8.255076064376526
2021-10-18,3748.76025390625,8.229180465346241
2021-10-19,3877.65087890625,8.26298480568148
2021-10-20,4155.9921875,8.332306472405032
2021-10-21,4054.32275390625,8.307538937534668
2021-10-22,3970.181884765625,8.286567187434194
2021-10-23,4171.66357421875,8.336070173899548
2021-10-24,4087.903076171875,8.315787422251166
2021-10-25,4217.876953125,8.347087188760439
2021-10-26,4131.10205078125,8.326299490742384
2021-10-27,3930.25732421875,8.276460179620234
2021-10-28,4287.31884765625,8.363416839306074
2021-10-29,4414.74658203125,8.392705712077237
2021-10-30,4325.650390625,8.372317787395401
2021-10-31,4288.07421875,8.363593011077993
2021-11-01,4324.626953125,8.372081162033206
2021-11-02,4584.798828125,8.43050150763747
2021-11-03,4607.19384765625,8.435374240815692
2021-11-04,4537.32421875,8.420092738153285
2021-11-05,4486.2431640625,8.408770918707521
2021-11-06,4521.5810546875,8.416617002523783
2021-11-07,4620.5546875,8.43827003909833
2021-11-08,4812.08740234375,8.478886240342698
2021-11-09,4735.06884765625,8.462751545674186
2021-11-10,4636.17431640625,8.441644804358074
2021-11-11,4730.38427734375,8.461761720753369
2021-11-12,4667.115234375,8.448296436961682
2021-11-13,4651.46044921875,8.444936524370949
2021-11-14,4626.35888671875,8.439525420136432
2021-11-15,4557.50390625,8.424530363656126
2021-11-16,4216.365234375,8.346728717013344
2021-11-17,4287.59375,8.363480957124352
2021-11-18,4000.65087890625,8.294212346591172
2021-11-19,4298.306640625,8.365976419614482
2021-11-20,4409.93115234375,8.391614356605592
2021-11-21,4269.73291015625,8.359306553951622
2021-11-22,4088.457763671875,8.31592310302938
2021-11-23,4340.763671875,8.375805572876605
2021-11-24,4239.9814453125,8.352314172110885
2021-11-25,4274.7431640625,8.3604793009842
2021-11-26,4030.908935546875,8.301747171829208
2021-11-27,4096.912109375,8.317988824882056
2021-11-28,4294.45361328125,8.365079611723155
2021-11-29,4445.10498046875,8.399558765322375
2021-11-30,4631.47900390625,8.440631535359019
2021-12-01,4586.990234375,8.43097936561627
2021-12-02,4511.30224609375,8.414341137179767
2021-12-03,4220.7060546875,8.347757704572366
2021-12-04,4119.58740234375,8.323508292266524
2021-12-05,4198.32275390625,8.34244038020425
2021-12-06,4358.7373046875,8.379937685381663
2021-12-07,4315.0615234375,8.369866861454701
2021-12-08,4439.35791015625,8.398265030138864
2021-12-09,4119.81591796875,8.323563761240715
2021-12-10,3908.49609375,8.270907948235553
2021-12-11,4084.452392578125,8.314942945083718
2021-12-12,4134.453125,8.327110343572253
2021-12-13,3784.226806640625,8.238596866705514
2021-12-14,3745.4404296875,8.22829449375939
2021-12-15,4018.388671875,8.298636273368304
2021-12-16,3962.4697265625,8.284622778172125
2021-12-17,3879.486572265625,8.263458097125701
2021-12-18,3960.860107421875,8.28421647950818
2021-12-19,3922.592529296875,8.274508073697191
2021-12-20,3933.844482421875,8.27737246650057
2021-12-21,4020.260009765625,8.299101858567642
2021-12-22,3982.099609375,8.289564499222124
2021-12-23,4108.015625,8.320695374595257
2021-12-24,4047.98291015625,8.305973989159044
2021-12-25,4093.281005859375,8.31710212936647
2021-12-26,4067.328125,8.310741582515085
2021-12-27,4037.547607421875,8.303392758773315
2021-12-28,3800.89306640625,8.242991335577525
2021-12-29,3628.53173828125,8.196583365622544
2021-12-30,3713.85205078125,8.21982490557295
2021-12-31,3682.6328125,8.211383213538431
2022-01-01,3769.697021484375,8.234749911558552
2022-01-02,3829.56494140625,8.250506483400468
2022-01-03,3761.38037109375,8.232541288983635
2022-01-04,3794.056640625,8.24119107938326
2022-01-05,3550.386962890625,8.17481188016016
2022-01-06,3418.408203125,8.136930284024162
2022-01-07,3193.21044921875,8.06878210010086
2022-01-08,3091.97265625,8.036564566282053
2022-01-09,3157.75146484375,8.057615491542427
2022-01-10,3083.097900390625,8.033690182292977
2022-01-11,3238.111572265625,8.082745590798247
2022-01-12,3372.25830078125,8.123337917843164
2022-01-13,3248.28857421875,8.085883544077156
2022-01-14,3310.00146484375,8.104703910921993
2022-01-15,3330.53076171875,8.110886958177115
2022-01-16,3350.921875,8.116990773529398
2022-01-17,3212.304931640625,8.074744005691553
2022-01-18,3164.025146484375,8.059600276543817
2022-01-19,3095.825927734375,8.037810008236942
2022-01-20,3001.1201171875,8.006740870359952
2022-01-21,2557.931640625,7.846954258022906
2022-01-22,2405.18115234375,7.785380502923065
2022-01-23,2535.0390625,7.837964325176779
2022-01-24,2440.352294921875,7.799897691029704
2022-01-25,2455.93505859375,7.806262846976783
2022-01-26,2468.0302734375,7.811175651334771
2022-01-27,2423.001220703125,7.792762224614634
2022-01-28,2547.092041015625,7.842707611356615
2022-01-29,2597.084716796875,7.86214483215375
2022-01-30,2603.466552734375,7.864599125481588
2022-01-31,2688.27880859375,7.896656419699312
2022-02-01,2792.1171875,7.934555435601725
2022-02-02,2682.85400390625,7.894636433703261
2022-02-03,2679.16259765625,7.893259561116892
2022-02-04,2983.5869140625,8.000881518115666
2022-02-05,3014.648193359375,8.011238416900065
2022-02-06,3057.47607421875,8.025345042254749
2022-02-07,3142.470703125,8.052764617628583
2022-02-08,3122.608642578125,8.046424034854223
2022-02-09,3239.45703125,8.083161011795253
2022-02-10,3077.482177734375,8.031867066891353
2022-02-11,2927.383544921875,7.981864314978462
2022-02-12,2917.36279296875,7.97843533408095
2022-02-13,2883.46337890625,7.966747412751566
2022-02-14,2933.47900390625,7.983944370987736
2022-02-15,3179.877197265625,8.06459785781649
2022-02-16,3127.830078125,8.048094777339598
2022-02-17,2881.48193359375,7.966060001064857
2022-02-18,2785.7275390625,7.932264353097387
2022-02-19,2763.701171875,7.924326064670494
2022-02-20,2628.6484375,7.874225090987618
2022-02-21,2573.816162109375,7.853144964513535
2022-02-22,2639.29931640625,7.878268750460596
2022-02-23,2590.359619140625,7.8595519941439855
2022-02-24,2598.067138671875,7.862523039341544
2022-02-25,2764.53564453125,7.924627959357824
2022-02-26,2781.11181640625,7.930606060691496
2022-02-27,2621.8017578125,7.871617054223664
2022-02-28,2919.201171875,7.9790652865591944
2022-03-01,2972.485107421875,7.997153618433589
2022-03-02,2950.118408203125,7.9896005869022835
2022-03-03,2834.468994140625,7.949609894964232
2022-03-04,2617.156005859375,7.869843513233093
2022-03-05,2664.8310546875,7.887895940476945
2022-03-06,2555.037353515625,7.845822122302219
2022-03-07,2497.771240234375,7.8231541093240935
2022-03-08,2576.74755859375,7.854283246441437
2022-03-09,2729.783447265625,7.911977561686817
2022-03-10,2608.048583984375,7.866357551701394
2022-03-11,2559.56298828125,7.847591815198753
2022-03-12,2574.754150390625,7.853509332963298
2022-03-13,2518.944580078125,7.831595275347638
2022-03-14,2590.696044921875,7.859681861801674
2022-03-15,2620.149658203125,7.870986716575349
2022-03-16,2772.0556640625,7.927344440938804
2022-03-17,2814.8544921875,7.94266584907351
2022-03-18,2945.343017578125,7.9879805638626875
2022-03-19,2946.257080078125,7.988290857328701
2022-03-20,2860.459228515625,7.958737460335068
2022-03-21,2897.9765625,7.971768035373803
2022-03-22,2973.131103515625,7.997370920080171
2022-03-23,3031.067138671875,8.016670027479545
2022-03-24,3108.06201171875,8.041754663578955
2022-03-25,3106.67138671875,8.041307138340443
2022-03-26,3143.178955078125,8.052989972840736
2022-03-27,3291.57763671875,8.09912225366265
2022-03-28,3336.634521484375,8.112717949673984
2022-03-29,3401.98779296875,8.132115184756762
2022-03-30,3385.157958984375,8.127155848654782
2022-03-31,3281.642822265625,8.0960994364363
2022-04-01,3449.55224609375,8.145999717861825
2022-04-02,3445.059326171875,8.144696404249226
2022-04-03,3522.83349609375,8.167020915258346
2022-04-04,3521.2412109375,8.166568823181077
2022-04-05,3411.79248046875,8.13499308626625
2022-04-06,3171.69189453125,8.062020445165425
2022-04-07,3233.274658203125,8.08125072871122
2022-04-08,3192.073974609375,8.0684261333041
2022-04-09,3261.916259765625,8.090070111412333
2022-04-10,3211.866943359375,8.074607649351638
2022-04-11,2981.05224609375,8.00003161988938
2022-04-12,3030.37646484375,8.016442136608562
2022-04-13,3118.34423828125,8.045057447077658
2022-04-14,3019.909423828125,8.012982117809251
2022-04-15,3040.91650390625,8.019914230511946
2022-04-16,3062.310302734375,8.026924910970214
2022-04-17,2993.4033203125,8.004166253305529
2022-04-18,3057.606689453125,8.025387761295338
2022-04-19,3104.1064453125,8.040481173663734
2022-04-20,3077.745849609375,8.031952741012276
2022-04-21,2987.480712890625,8.002185740282734
2022-04-22,2964.835693359375,7.994576894503208
2022-04-23,2938.114013671875,7.98552316254039
2022-04-24,2922.732666015625,7.980274302158752
2022-04-25,3009.3935546875,8.009493860595729
2022-04-26,2808.29833984375,7.940334005885056
2022-04-27,2888.9296875,7.96864136216383
2022-04-28,2936.94091796875,7.985123814540289
2022-04-29,2815.601806640625,7.9429313033876365
2022-04-30,2730.186767578125,7.912125298871221
2022-05-01,2827.756103515625,7.947238779844533
2022-05-02,2857.410400390625,7.95767103923357
2022-05-03,2783.476318359375,7.9314558997229465
2022-05-04,2940.644775390625,7.986384147644863
2022-05-05,2749.213134765625,7.919070016904313
2022-05-06,2694.979736328125,7.899145964327121
2022-05-07,2636.093017578125,7.877053182396673
2022-05-08,2517.4599609375,7.831005720171308
2022-05-09,2245.430419921875,7.716652505595632
2022-05-10,2343.510986328125,7.759405505351825
2022-05-11,2072.108642578125,7.636322035681478
2022-05-12,1961.7015380859375,7.581567507292705
2022-05-13,2014.418212890625,7.60808570459682
2022-05-14,2056.27392578125,7.628650850084286
2022-05-15,2145.706787109375,7.6712242815673335
2022-05-16,2022.7259521484375,7.612201361925367
2022-05-17,2090.4091796875,7.6451151055512865
2022-05-18,1916.6561279296875,7.558337346636702
2022-05-19,2018.336181640625,7.610028778535573
2022-05-20,1961.315673828125,7.581370789186099
2022-05-21,1974.518310546875,7.588079754194404
2022-05-22,2043.170166015625,7.622257883573993
2022-05-23,1972.181884765625,7.586895764563287
2022-05-24,1978.9827880859375,7.590338248286289
2022-05-25,1944.827880859375,7.5729287590053715
2022-05-26,1803.913330078125,7.497713656274514
2022-05-27,1724.9228515625,7.452937604733441
2022-05-28,1757.9417724609375,7.471898956229551
2022-05-29,1812.031005859375,7.502203597857948
2022-05-30,1996.4412841796875,7.599121516694247
2022-05-31,1942.3280029296875,7.571642534141194
2022-06-01,1823.5693359375,7.508551033072609
2022-06-02,1834.1505126953125,7.514336717439918
2022-06-03,1775.07861328125,7.481599990101315
2022-06-04,1801.6094970703125,7.496435709395905
2022-06-05,1805.2049560546875,7.498429413381543
2022-06-06,1859.2896728515625,7.527949797449914
2022-06-07,1814.04833984375,7.5033162785249585
2022-06-08,1793.572265625,7.491964589232799
2022-06-09,1789.8260498046875,7.489873715232565
2022-06-10,1665.042236328125,7.417605769256842
2022-06-11,1529.6634521484375,7.3328030242743765
2022-06-12,1445.216552734375,7.276014452802119
2022-06-13,1204.582763671875,7.093888531750712
2022-06-14,1211.662841796875,7.099748944593187
2022-06-15,1233.2064208984375,7.117372902695195
2022-06-16,1067.730712890625,6.973290846238952
2022-06-17,1086.519287109375,6.990734551135222
2022-06-18,993.6367797851562,6.901371727186098
2022-06-19,1127.656494140625,7.027896859209325
2022-06-20,1127.6424560546875,7.02788441022917
2022-06-21,1124.8245849609375,7.0253823780018685
2022-06-22,1051.421875,6.957898693761457
2022-06-23,1143.38671875,7.041749943186058
2022-06-24,1226.8447265625,7.11220088948431
2022-06-25,1243.4468994140625,7.125642559809817
2022-06-26,1199.8316650390625,7.0899365468019395
2022-06-27,1193.6806640625,7.084796807647356
2022-06-28,1144.5792236328125,7.042792358170221
2022-06-29,1098.94384765625,7.002104859063928
2022-06-30,1067.298828125,6.97288627593843
2022-07-01,1059.767333984375,6.965804666772132
2022-07-02,1066.5128173828125,6.972149556013414
2022-07-03,1073.7669677734375,6.978928275523725
2022-07-04,1151.05908203125,7.048437738448148
2022-07-05,1134.541015625,7.033983456607378
2022-07-06,1186.9739990234375,7.079162489587478
2022-07-07,1237.5933837890625,7.120923953243485
2022-07-08,1222.5062255859375,7.108658313839895
2022-07-09,1216.978271484375,7.104126238665753
2022-07-10,1168.401611328125,7.063391949602095
2022-07-11,1097.236572265625,7.00055009086815
2022-07-12,1038.191650390625,6.945235680970714
2022-07-13,1113.587158203125,7.015341757727676
2022-07-14,1191.5262451171875,7.082990323251463
2022-07-15,1233.129150390625,7.117310242521342
2022-07-16,1352.62646484375,7.209803510854908
2022-07-17,1338.6357421875,7.199406271481071
2022-07-18,1578.7178955078125,7.364368338070959
2022-07-19,1542.9752197265625,7.34146779243288
2022-07-20,1520.20068359375,7.3265976338054015
2022-07-21,1576.74951171875,7.363120735867955
2022-07-22,1537.4051513671875,7.337851307610073
2022-07-23,1549.2974853515625,7.345556871914091
2022-07-24,1599.4766845703125,7.377431782584559
2022-07-25,1445.3834228515625,7.276129909882851
2022-07-26,1441.8067626953125,7.273652302412601
2022-07-27,1636.232666015625,7.400151723441869
2022-07-28,1725.4681396484375,7.453253677950572
2022-07-29,1727.406982421875,7.454376708994943
2022-07-30,1695.969482421875,7.43600982233493
2022-07-31,1681.517333984375,7.427451839770887
2022-08-01,1635.19580078125,7.399517831990708
2022-08-02,1632.9454345703125,7.398140678187037
2022-08-03,1618.87451171875,7.38948644092607
2022-08-04,1608.205810546875,7.38287443318231
2022-08-05,1732.254638671875,7.4571790983344
2022-08-06,1691.6580810546875,7.433464439990391
2022-08-07,1699.350830078125,7.438001592455505
2022-08-08,1775.51611328125,7.4818464276904555
2022-08-09,1703.0250244140625,7.440161374867155
2022-08-10,1851.74267578125,7.52388246158991
2022-08-11,1881.22412109375,7.539677972173332
2022-08-12,1957.2464599609375,7.579293897106321
2022-08-13,1981.3365478515625,7.591526920129698
2022-08-14,1936.802001953125,7.568793439262888
2022-08-15,1904.2281494140625,7.551832034545637
2022-08-16,1878.139404296875,7.538036887203313
2022-08-17,1832.9996337890625,7.51370904805194
2022-08-18,1847.0078125,7.521322210022454
2022-08-19,1612.9873046875,7.385843207472723
2022-08-20,1577.0037841796875,7.363281986566809
2022-08-21,1619.3189697265625,7.3897609507804995
2022-08-22,1622.505859375,7.39172705989684
2022-08-23,1662.7698974609375,7.416240103690999
2022-08-24,1657.0592041015625,7.41279974648143
2022-08-25,1696.45703125,7.4362972560225975
2022-08-26,1507.7828369140625,7.31839553084643
2022-08-27,1491.39501953125,7.307467215645389
2022-08-28,1430.54736328125,7.2658124215409705
2022-08-29,1553.037353515625,7.347967875348565
2022-08-30,1523.8388671875,7.328988000464832
2022-08-31,1553.6849365234375,7.34838476682243
2022-09-01,1586.1767578125,7.369081844794735
2022-09-02,1577.220458984375,7.363419373631473
2022-09-03,1556.8726806640625,7.3504343962772785
2022-09-04,1577.6416015625,7.36368635365947
2022-09-05,1617.1832275390625,7.388441166416187
2022-09-06,1561.74853515625,7.353561328423023
2022-09-07,1629.9063720703125,7.396277851703381
2022-09-08,1635.34765625,7.399610694520042
2022-09-09,1719.08544921875,7.449547712826152
2022-09-10,1776.2037353515625,7.48223363282386
2022-09-11,1761.800048828125,7.4740913203906025
2022-09-12,1713.7652587890625,7.446448134579592
2022-09-13,1580.7879638671875,7.365678713014204
2022-09-14,1634.7550048828125,7.3992482279952325
2022-09-15,1471.6934814453125,7.294169044891597
2022-09-16,1432.44775390625,7.267139975956063
2022-09-17,1469.74169921875,7.292841949515948
2022-09-18,1335.3291015625,7.196933058478119
2022-09-19,1377.5413818359375,7.228055581836049
2022-09-20,1324.38818359375,7.188705883550648
2022-09-21,1252.6077880859375,7.132982887608258
2022-09-22,1327.68017578125,7.191188469541796
2022-09-23,1328.259521484375,7.19162473374833
2022-09-24,1317.9932861328125,7.183865621068304
2022-09-25,1294.216796875,7.165661001116444
2022-09-26,1335.3201904296875,7.196926385095104
2022-09-27,1330.127685546875,7.193030220778277
2022-09-28,1337.410888671875,7.198490851258542
2022-09-29,1335.65234375,7.197175098489026
2022-09-30,1327.9786376953125,7.19141324383419
2022-10-01,1311.6444091796875,7.179036903180225
2022-10-02,1276.093505859375,7.1515587416739095
2022-10-03,1323.439208984375,7.187989088601954
2022-10-04,1362.1265869140625,7.21680242432459
2022-10-05,1352.837158203125,7.209959264832161
2022-10-06,1351.70947265625,7.209125346422798
2022-10-07,1332.5169677734375,7.194824889747622
2022-10-08,1315.50048828125,7.181972471655687
2022-10-09,1322.604248046875,7.187357987126282
2022-10-10,1291.337646484375,7.163433895368918
2022-10-11,1279.57568359375,7.15428380476394
2022-10-12,1294.9063720703125,7.166193671960294
2022-10-13,1288.1239013671875,7.160942098751347
2022-10-14,1297.422119140625,7.168134589454826
2022-10-15,1274.8717041015625,7.1506008282955
2022-10-16,1306.296630859375,7.174951413341503
2022-10-17,1331.713623046875,7.194221830272457
2022-10-18,1310.447021484375,7.1781235957611615
2022-10-19,1285.7442626953125,7.15909302242093
2022-10-20,1283.200927734375,7.157112960097007
2022-10-21,1299.9464111328125,7.170078320394441
2022-10-22,1314.2991943359375,7.1810588704891725
2022-10-23,1363.447021484375,7.217771346733838
2022-10-24,1344.99853515625,7.204148202932187
2022-10-25,1461.6654052734375,7.287331753154977
2022-10-26,1566.566650390625,7.356641656815973
2022-10-27,1514.3748779296875,7.322758010963069
2022-10-28,1555.4779052734375,7.349538111976725
2022-10-29,1619.698486328125,7.389995291353497
2022-10-30,1590.7833251953125,7.371981831254028
2022-10-31,1572.7144775390625,7.360558371985601
2022-11-01,1579.70458984375,7.364993140086909
2022-11-02,1519.7117919921875,7.326275985330517
2022-11-03,1531.541748046875,7.334030185481363
2022-11-04,1645.0933837890625,7.405552429849044
2022-11-05,1627.968017578125,7.3950879011472335
2022-11-06,1572.2347412109375,7.360253288311126
2022-11-07,1568.59130859375,7.357933239894765
2022-11-08,1332.8355712890625,7.195063960198883
2022-11-09,1100.1697998046875,7.003219810332456
2022-11-10,1299.464599609375,7.169707612163258
2022-11-11,1287.2210693359375,7.160240963890964
2022-11-12,1255.268310546875,7.135104621979804
2022-11-13,1221.8192138671875,7.108096185961379
2022-11-14,1241.604248046875,7.1241595708526075
2022-11-15,1251.7362060546875,7.132286831420706
2022-11-16,1215.6025390625,7.102995149772359
2022-11-17,1200.80859375,7.090750436980851
2022-11-18,1212.30029296875,7.100274902416082
2022-11-19,1218.4267578125,7.105315762774882
2022-11-20,1142.4666748046875,7.040944953681841
2022-11-21,1108.35302734375,7.010630433295932
2022-11-22,1135.1734619140625,7.034540748118438
2022-11-23,1183.1995849609375,7.075977560619768
2022-11-24,1203.983154296875,7.093390634323107
2022-11-25,1198.9259033203125,7.089181354385878
2022-11-26,1205.89794921875,7.094979754485122
2022-11-27,1195.126953125,7.086007695647555
2022-11-28,1170.086181640625,7.064832684600974
2022-11-29,1216.9012451171875,7.104062943529993
2022-11-30,1295.6885986328125,7.1667975692079295
2022-12-01,1276.27392578125,7.151700116242429
2022-12-02,1294.3033447265625,7.165727871642352
2022-12-03,1243.3348388671875,7.125552434854156
2022-12-04,1280.256591796875,7.154815799165081
2022-12-05,1259.6767578125,7.138610425614494
2022-12-06,1271.65380859375,7.148073543801754
2022-12-07,1232.4375,7.116749194691905
2022-12-08,1281.1163330078125,7.155487111987123
2022-12-09,1264.2847900390625,7.142261857903845
2022-12-10,1266.3841552734375,7.143920996859849
2022-12-11,1263.8685302734375,7.141932558437676
2022-12-12,1274.6190185546875,7.150402603963514
2022-12-13,1320.5491943359375,7.185802985368092
2022-12-14,1309.3287353515625,7.177269869103209
2022-12-15,1266.3538818359375,7.143897091160122
2022-12-16,1168.2593994140625,7.063270227269601
2022-12-17,1188.1495361328125,7.080152364167021
2022-12-18,1184.7152099609375,7.077257695538666
2022-12-19,1167.60986328125,7.0627140864273645
2022-12-20,1217.70361328125,7.104722079808592
2022-12-21,1213.5999755859375,7.101346407917264
2022-12-22,1218.18212890625,7.105114968212894
2022-12-23,1220.159423828125,7.106736804458988
2022-12-24,1221.1485595703125,7.107547137119217
2022-12-25,1218.9620361328125,7.10575498554496
2022-12-26,1226.974365234375,7.112306552263142
2022-12-27,1212.7916259765625,7.1006801101615675
2022-12-28,1189.986083984375,7.081696891906421
2022-12-29,1201.5953369140625,7.0914054002717
2022-12-30,1199.2327880859375,7.089437288047315
2022-12-31,1196.771240234375,7.087382576378646
2023-01-01,1200.96484375,7.09088054917027
2023-01-02,1214.6566162109375,7.102216695427456
2023-01-03,1214.77880859375,7.102317288661315
2023-01-04,1256.526611328125,7.13610653569143
2023-01-05,1250.4385986328125,7.131249647658989
2023-01-06,1269.3790283203125,7.146283105797117
2023-01-07,1264.2703857421875,7.142250464601446
2023-01-08,1287.3594970703125,7.1603484980938665
2023-01-09,1321.5389404296875,7.18655220045068
2023-01-10,1336.5860595703125,7.197873925253249
2023-01-11,1387.9327392578125,7.235570681144613
2023-01-12,1417.9384765625,7.2569593186772545
2023-01-13,1451.6148681640625,7.280431917890526
2023-01-14,1550.7069091796875,7.346466176383288
2023-01-15,1552.4794921875,7.3476086041793245
2023-01-16,1576.83349609375,7.363173998696181
2023-01-17,1567.8460693359375,7.35745802602499
2023-01-18,1515.5069580078125,7.3235052877164915
2023-01-19,1552.5565185546875,7.347658218011136
2023-01-20,1659.754150390625,7.414424768208057
2023-01-21,1627.1181640625,7.394565731540955
2023-01-22,1628.382080078125,7.3953422119490915
2023-01-23,1628.2510986328125,7.395261772158549
2023-01-24,1556.604248046875,7.350261963576475
2023-01-25,1611.7110595703125,7.385051663557814
2023-01-26,1603.10595703125,7.379698249633612
2023-01-27,1598.156494140625,7.376606052783224
2023-01-28,1572.43505859375,7.360380689530228
2023-01-29,1646.1556396484375,7.406197933053873
2023-01-30,1567.3265380859375,7.357126604875465
2023-01-31,1586.535400390625,7.369307924288726
2023-02-01,1641.792724609375,7.403544048554228
2023-02-02,1643.2415771484375,7.404426141403142
2023-02-03,1664.74560546875,7.41742760123278
2023-02-04,1667.0592041015625,7.418816397478005
2023-02-05,1631.6458740234375,7.397344523022316
2023-02-06,1616.2470703125,7.387862117439413
2023-02-07,1672.0035400390625,7.421777910890649
2023-02-08,1650.716796875,7.408964894909042
2023-02-09,1546.438232421875,7.343709651089454
2023-02-10,1514.869140625,7.323084338387781
2023-02-11,1539.9267578125,7.339490134414656
2023-02-12,1515.03369140625,7.323192956248176
2023-02-13,1507.1658935546875,7.3179862745551025
2023-02-14,1556.8751220703125,7.350435964423708
2023-02-15,1673.7459716796875,7.422819490239043
2023-02-16,1640.067626953125,7.402492755915093
2023-02-17,1694.7833251953125,7.435310179900198
2023-02-18,1691.8194580078125,7.433559831167891
2023-02-19,1681.4361572265625,7.427403562708453
2023-02-20,1702.6751708984375,7.439955923126372
2023-02-21,1658.036376953125,7.413389275715789
2023-02-22,1643.231689453125,7.404420124195934
2023-02-23,1651.0738525390625,7.409181174923959
2023-02-24,1608.3731689453125,7.382978493054401
2023-02-25,1594.9149169921875,7.37457567021756
2023-02-26,1640.817138671875,7.402949652018023
2023-02-27,1634.326416015625,7.39898602047302
2023-02-28,1605.8951416015625,7.381436600719798
2023-03-01,1663.4337158203125,7.4166392484490276
2023-03-02,1647.3193359375,7.406904600841615
2023-03-03,1569.1676025390625,7.358300568276655
2023-03-04,1566.9239501953125,7.356869709075756
2023-03-05,1564.46875,7.355301588476719
2023-03-06,1567.398681640625,7.3571726335061385
2023-03-07,1561.93310546875,7.353679503278178
2023-03-08,1534.0882568359375,7.335691514063551
2023-03-09,1438.6607666015625,7.271467936636791
2023-03-10,1429.1580810546875,7.264840795362749
2023-03-11,1482.61669921875,7.301563845627924
2023-03-12,1590.29296875,7.371673535316499
2023-03-13,1680.3089599609375,7.426732960227555
2023-03-14,1703.507080078125,7.4404443932873505
2023-03-15,1656.1805419921875,7.412269351944778
2023-03-16,1677.2154541015625,7.424890229481179
2023-03-17,1792.485107421875,7.491358264166946
2023-03-18,1761.65966796875,7.474011636857523
2023-03-19,1785.5765380859375,7.487496632587864
2023-03-20,1735.3212890625,7.458947856252922
2023-03-21,1806.7607421875,7.499290875731412
2023-03-22,1737.717041015625,7.460327485330078
2023-03-23,1816.4051513671875,7.504614635251039
2023-03-24,1752.0447998046875,7.468538841834189
2023-03-25,1743.7647705078125,7.463801716075916
2023-03-26,1775.6767578125,7.481936901250856
2023-03-27,1715.4608154296875,7.447437020551004
2023-03-28,1772.78564453125,7.4803073988956585
2023-03-29,1793.0018310546875,7.491646494828642
2023-03-30,1792.7371826171875,7.491498883172038
2023-03-31,1822.0220947265625,7.507702204380055
2023-04-01,1813.860595703125,7.503212778605788
2023-04-02,1795.7081298828125,7.493154724454662
2023-04-03,1810.297119140625,7.501246265009382
2023-04-04,1871.005126953125,7.53423106649114
2023-04-05,1909.114013671875,7.554394546233509
2023-04-06,1872.922607421875,7.535255381473932
2023-04-07,1865.6361083984375,7.531357350813659
2023-04-08,1849.4981689453125,7.522669621245154
2023-04-09,1859.3878173828125,7.528002582092588
2023-04-10,1911.20751953125,7.5554905304593065
2023-04-11,1892.189697265625,7.545490007411225
2023-04-12,1920.68212890625,7.560435677398446
2023-04-13,2012.6346435546875,7.607199910684429
2023-04-14,2101.635498046875,7.65047112919122
2023-04-15,2092.466796875,7.646098934555539
2023-04-16,2120.005859375,7.659174131518371
2023-04-17,2076.242919921875,7.638315250890083
2023-04-18,2104.537353515625,7.65185093740717
2023-04-19,1936.4034423828125,7.568587635786956
2023-04-20,1943.09765625,7.572038708665116
2023-04-21,1849.9998779296875,7.522940852088416
2023-04-22,1874.2286376953125,7.535952460529934
2023-04-23,1862.06201171875,7.5294397611056265
2023-04-24,1842.7574462890625,7.519018340918139
2023-04-25,1866.753662109375,7.531956191670616
2023-04-26,1866.564208984375,7.531854698504643
2023-04-27,1908.786376953125,7.554222914348949
2023-04-28,1892.5128173828125,7.5456607580140656
2023-04-29,1908.9169921875,7.554291340427036
2023-04-30,1876.92431640625,7.537389714199918
2023-05-01,1831.954833984375,7.5131388909915024
2023-05-02,1870.789306640625,7.534115709906715
2023-05-03,1904.65185546875,7.552054517824653
2023-05-04,1877.7041015625,7.537805086950909
2023-05-05,1995.0609130859375,7.598429861733002
2023-05-06,1900.2218017578125,7.5497258961084786
2023-05-07,1873.076416015625,7.5353375003388186
2023-05-08,1849.042724609375,7.522423337993813
2023-05-09,1848.6031494140625,7.522185578504473
2023-05-10,1842.4014892578125,7.518825156831058
2023-05-11,1796.4906005859375,7.493590374469715
2023-05-12,1808.019775390625,7.499987478608359
2023-05-13,1796.1148681640625,7.4933812045920245
2023-05-14,1800.5009765625,7.495820225472843
2023-05-15,1817.5499267578125,7.505244679048434
2023-05-16,1824.1214599609375,7.508853758308133
2023-05-17,1821.859619140625,7.507613027179035
2023-05-18,1801.728515625,7.496501769562512
2023-05-19,1812.5894775390625,7.502511752428427
2023-05-20,1820.47802734375,7.506854397970417
2023-05-21,1804.5313720703125,7.498056209396008
2023-05-22,1817.5347900390625,7.505236350924096
2023-05-23,1854.380615234375,7.525306019141277
2023-05-24,1800.0999755859375,7.495597484334044
2023-05-25,1805.9537353515625,7.498844116456979
2023-05-26,1828.689697265625,7.5113549769529895
2023-05-27,1831.1182861328125,7.51268214451734
2023-05-28,1910.9141845703125,7.55533703719864
2023-05-29,1893.078125,7.545959420827874
2023-05-30,1901.026611328125,7.550149340984939
2023-05-31,1874.1304931640625,7.535900093866098
2023-06-01,1862.201416015625,7.5295146238534665
2023-06-02,1907.256591796875,7.553421149143092
2023-06-03,1892.4124755859375,7.545607736202996
2023-06-04,1890.5135498046875,7.544603790618018
2023-06-05,1811.828369140625,7.50209176309948
2023-06-06,1884.494873046875,7.541415092112816
2023-06-07,1832.39599609375,7.513379676948941
2023-06-08,1846.3018798828125,7.520939933590429
2023-06-09,1840.2252197265625,7.51764324513782
2023-06-10,1752.384765625,7.468732862467237
2023-06-11,1753.415283203125,7.469320755440854
2023-06-12,1742.5286865234375,7.463092605353364
2023-06-13,1739.03759765625,7.4610871343944325
2023-06-14,1650.519287109375,7.408845236841072
2023-06-15,1665.519775390625,7.417892531109102
2023-06-16,1716.6688232421875,7.448140961246468
2023-06-17,1727.2041015625,7.454259253886581
2023-06-18,1720.5775146484375,7.450415277781757
2023-06-19,1737.659423828125,7.4602943279509635
2023-06-20,1792.1199951171875,7.491154552853981
2023-06-21,1891.0072021484375,7.544864877296598
2023-06-22,1872.9429931640625,7.535266265869883
2023-06-23,1892.862060546875,7.545845280380444
2023-06-24,1876.0596923828125,7.536928948027342
2023-06-25,1900.506103515625,7.549875499955651
2023-06-26,1859.432861328125,7.528026806947297
2023-06-27,1889.703369140625,7.54417514819149
2023-06-28,1827.97119140625,7.5109619922653215
2023-06-29,1852.227294921875,7.5241441371149405
2023-06-30,1933.18896484375,7.566926231721526
2023-07-01,1924.56591796875,7.5624557241344865
2023-07-02,1937.4383544921875,7.569121943685039
2023-07-03,1955.38916015625,7.5783445115133246
2023-07-04,1936.633544921875,7.56870645858162
2023-07-05,1910.5880126953125,7.555166333711396
2023-07-06,1848.636474609375,7.522203605572612
2023-07-07,1870.6025390625,7.534015871351449
2023-07-08,1865.53955078125,7.531305593605729
2023-07-09,1863.009765625,7.529948612469224
2023-07-10,1880.556396484375,7.539322967614577
2023-07-11,1878.3360595703125,7.53814158921748
2023-07-12,1872.11376953125,7.534823429513102
2023-07-13,2006.511474609375,7.604152908409471
2023-07-14,1939.3470458984375,7.570106621124383
2023-07-15,1931.466552734375,7.566034865225555
2023-07-16,1923.681884765625,7.561996276996988
2023-07-17,1911.6461181640625,7.555719991838844
2023-07-18,1897.5992431640625,7.548344809964827
2023-07-19,1889.0079345703125,7.5438070679004765
2023-07-20,1890.9691162109375,7.544844736537219
2023-07-21,1892.080078125,7.545432073306544
2023-07-22,1864.912353515625,7.530969335539615
2023-07-23,1889.191650390625,7.543904318358704
2023-07-24,1850.0020751953125,7.522942039798937
2023-07-25,1857.741943359375,7.5271170202548605
2023-07-26,1872.159912109375,7.534848076524539
2023-07-27,1860.357177734375,7.528523779311634
2023-07-28,1874.744873046875,7.536227861438127
2023-07-29,1881.06884765625,7.539595430256008
2023-07-30,1861.643798828125,7.529215139229645
2023-07-31,1856.162353515625,7.526266384474974
2023-08-01,1871.7921142578125,7.534651600795066
2023-08-02,1839.0897216796875,7.517026011712029
2023-08-03,1835.136474609375,7.514874130807258
2023-08-04,1827.712890625,7.51082067765723
2023-08-05,1834.9879150390625,7.514793174657209
2023-08-06,1827.4620361328125,7.510683417746223
2023-08-07,1826.9388427734375,7.510397081692633
2023-08-08,1855.807373046875,7.526075121886117
2023-08-09,1854.297607421875,7.525261255046076
2023-08-10,1850.75341796875,7.523348088123474
2023-08-11,1847.1243896484375,7.521385324790469
2023-08-12,1848.889892578125,7.522340679899598
2023-08-13,1839.2801513671875,7.517129551972657
2023-08-14,1844.185791015625,7.519793153388029
2023-08-15,1826.9327392578125,7.510393740844172
2023-08-16,1805.6590576171875,7.498680932997444
2023-08-17,1684.9334716796875,7.429481359324322
2023-08-18,1660.945068359375,7.415142037639195
2023-08-19,1669.471923828125,7.420262642128269
2023-08-20,1684.85205078125,7.42943303524084
2023-08-21,1667.26904296875,7.4189422632308135
2023-08-22,1633.892578125,7.398720531597304
2023-08-23,1679.2744140625,7.4261170827118255
2023-08-24,1659.944580078125,7.414539495298175
2023-08-25,1652.93505859375,7.410307810052143
2023-08-26,1646.3067626953125,7.406289732460222
2023-08-27,1657.5130615234375,7.413073602284436
2023-08-28,1652.4573974609375,7.410018790734475
2023-08-29,1729.7257080078125,7.455718124636898
2023-08-30,1705.1121826171875,7.441386183809553
2023-08-31,1645.63916015625,7.405884134942
2023-09-01,1628.4912109375,7.395409227672249
2023-09-02,1637.025390625,7.4006360877120585
2023-09-03,1636.11767578125,7.400081443537573
2023-09-04,1629.6552734375,7.3961237827452715
2023-09-05,1633.62939453125,7.398559440962552
2023-09-06,1632.2523193359375,7.3977161310097905
2023-09-07,1647.5982666015625,7.407073910486574
2023-09-08,1636.1378173828125,7.400093754068706
2023-09-09,1635.162353515625,7.3994973771878705
2023-09-10,1616.828857421875,7.388222014409765
2023-09-11,1551.6376953125,7.347066229748987
2023-09-12,1592.429443359375,7.373016080881987
2023-09-13,1607.988525390625,7.382739313762347
2023-09-14,1626.974365234375,7.394477351246342
2023-09-15,1641.640380859375,7.403451253150628
2023-09-16,1635.2216796875,7.399533658047415
2023-09-17,1622.896728515625,7.391967935493583
2023-09-18,1637.3470458984375,7.40083255606177
2023-09-19,1643.544677734375,7.40461057724003
2023-09-20,1622.890625,7.391964174609113
2023-09-21,1584.3070068359375,7.367902371041127
2023-09-22,1593.268310546875,7.373542726704467
2023-09-23,1593.8577880859375,7.373912638360009
2023-09-24,1580.8533935546875,7.3657201027103225
2023-09-25,1588.3228759765625,7.37043394354326
2023-09-26,1593.417236328125,7.373636194214309
2023-09-27,1597.4912109375,7.3761896844759915
2023-09-28,1652.8826904296875,7.4102761276255595
2023-09-29,1667.94384765625,7.419346917877361
2023-09-30,1671.161865234375,7.421274391189743
2023-10-01,1733.8104248046875,7.458076823108059
2023-10-02,1663.6275634765625,7.416755776303609
2023-10-03,1656.6856689453125,7.4125743005451
2023-10-04,1647.838134765625,7.40721948644998
2023-10-05,1611.4764404296875,7.384906081495933
2023-10-06,1645.83154296875,7.4060010327242205
2023-10-07,1634.51123046875,7.399099097030077
2023-10-08,1633.548583984375,7.398509972860464
2023-10-09,1579.806640625,7.3650577391807825
2023-10-10,1567.7130126953125,7.3573731565409695
2023-10-11,1566.2547607421875,7.356442545785667
2023-10-12,1539.6124267578125,7.339285992796745
2023-10-13,1552.0894775390625,7.34735735213481
2023-10-14,1555.2568359375,7.349395978780101
2023-10-15,1558.06982421875,7.351203041998188
2023-10-16,1600.5343017578125,7.378092791081421
2023-10-17,1565.4395751953125,7.355921942254261
2023-10-18,1563.7498779296875,7.3548419837185675
2023-10-19,1567.45703125,7.35720985985065
2023-10-20,1604.6668701171875,7.38067145646168
2023-10-21,1629.304443359375,7.395908480863709
2023-10-22,1663.429931640625,7.4166369735258035
2023-10-23,1765.3826904296875,7.476122767638148
2023-10-24,1784.4375,7.4868585185006715
2023-10-25,1787.3975830078125,7.488515976707266
2023-10-26,1804.039306640625,7.497783488988651
2023-10-27,1780.0452880859375,7.484394085707378
2023-10-28,1776.6181640625,7.48246692834193
2023-10-29,1795.5460205078125,7.493064444364019
2023-10-30,1810.088623046875,7.501131086070545
2023-10-31,1816.458984375,7.504644271926567
2023-11-01,1847.0897216796875,7.521366555998132
2023-11-02,1800.6209716796875,7.49588686865736
2023-11-03,1832.795166015625,7.513597493649789
2023-11-04,1857.6986083984375,7.527093693297889
2023-11-05,1894.15771484375,7.54652954105204
2023-11-06,1899.83740234375,7.5495235837787344
2023-11-07,1888.124267578125,7.543339164231228
2023-11-08,1889.3223876953125,7.543973518739289
2023-11-09,2120.56103515625,7.659435971879922
2023-11-10,2078.289794921875,7.639300620512185
2023-11-11,2052.7138671875,7.626918034284423
2023-11-12,2045.18701171875,7.623244512568991
2023-11-13,2055.265380859375,7.628160257696917
2023-11-14,1979.0526123046875,7.590373530547155
2023-11-15,2060.408447265625,7.630659517501326
2023-11-16,1960.881591796875,7.581149442831683
2023-11-17,1961.28076171875,7.581352988675672
2023-11-18,1963.2850341796875,7.582374387087328
2023-11-19,2013.2044677734375,7.607482994139479
2023-11-20,2022.2391357421875,7.611960659522245
2023-11-21,1937.0667724609375,7.568930134914518
2023-11-22,2064.42529296875,7.632607158170429
2023-11-23,2062.210693359375,7.6315338384837315
2023-11-24,2081.152099609375,7.640676913395648
2023-11-25,2084.4130859375,7.642242601050999
2023-11-26,2063.2861328125,7.632055200890637
2023-11-27,2027.4173583984375,7.614518024812819
2023-11-28,2049.338134765625,7.6252721589116526
2023-11-29,2029.92919921875,7.615756194195465
2023-11-30,2052.55615234375,7.626841198976111
2023-12-01,2087.139892578125,7.643549935294643
2023-12-02,2165.7041015625,7.680500807685237
2023-12-03,2193.691650390625,7.693341088747904
2023-12-04,2243.2158203125,7.715665749379819
2023-12-05,2293.841796875,7.737983331438051
2023-12-06,2231.661376953125,7.710501599157024
2023-12-07,2357.57958984375,7.765390774210812
2023-12-08,2358.73193359375,7.765879437339702
2023-12-09,2341.17529296875,7.758408344212889
2023-12-10,2352.462646484375,7.763217993112168
2023-12-11,2224.578857421875,7.70732289912188
2023-12-12,2202.0380859375,7.697138613199126
2023-12-13,2260.648681640625,7.723407078356496
2023-12-14,2316.5791015625,7.74784685128968
2023-12-15,2219.33740234375,7.704963962903337
2023-12-16,2226.926513671875,7.708377668810758
2023-12-17,2196.481201171875,7.694611904841479
2023-12-18,2217.2734375,7.704033538727248
2023-12-19,2177.87255859375,7.6861037887385955
2023-12-20,2201.911376953125,7.697081069857416
2023-12-21,2239.54248046875,7.71402687419652
2023-12-22,2326.52490234375,7.752130975007238
2023-12-23,2309.04638671875,7.744589898680096
2023-12-24,2265.692138671875,7.725635571224662
2023-12-25,2272.561767578125,7.728663006134672
2023-12-26,2231.46533203125,7.710413748224355
2023-12-27,2378.739990234375,7.774326210607549
2023-12-28,2347.566162109375,7.761134394757406
2023-12-29,2300.690673828125,7.740964649807082
2023-12-30,2292.0654296875,7.737208624411248
2023-12-31,2281.47119140625,7.732575773246864
2024-01-01,2352.327880859375,7.763160704429811
2024-01-02,2355.83642578125,7.76465111357564
2024-01-03,2210.761962890625,7.701092514677493
2024-01-04,2269.0380859375,7.727111269979428
2024-01-05,2268.647216796875,7.726938993095724
2024-01-06,2241.624755859375,7.7149562193562415
2024-01-07,2222.865966796875,7.706552618307887
2024-01-08,2333.03271484375,7.754924294573671
2024-01-09,2344.8271484375,7.759966967475981
2024-01-10,2582.103515625,7.856359661859733
2024-01-11,2619.619140625,7.870784220014792
2024-01-12,2524.460205078125,7.833782538688144
2024-01-13,2576.597900390625,7.854225164481141
2024-01-14,2472.2412109375,7.8128803910573215
2024-01-15,2511.36376953125,7.8285812190477
2024-01-16,2587.691162109375,7.858521313920787
2024-01-17,2528.369384765625,7.835329861984107
2024-01-18,2467.018798828125,7.810765736617116
2024-01-19,2489.49853515625,7.8198365776732475
2024-01-20,2469.589111328125,7.811807064095028
2024-01-21,2453.9130859375,7.805439207340267
2024-01-22,2310.826416015625,7.745360495387394
2024-01-23,2240.68603515625,7.714537363654076
2024-01-24,2233.561767578125,7.711352795470503
2024-01-25,2217.710205078125,7.704230503412909
2024-01-26,2267.19970703125,7.726300739715893
2024-01-27,2267.885986328125,7.726603393005607
2024-01-28,2257.208740234375,7.721884258245194
2024-01-29,2317.064208984375,7.74805623616941
2024-01-30,2344.49365234375,7.759824731059032
2024-01-31,2282.54443359375,7.733046079352479
2024-02-01,2303.82470703125,7.742325936903712
2024-02-02,2308.0380859375,7.744153129197861
2024-02-03,2296.038330078125,7.738940451585007
2024-02-04,2289.546142578125,7.736108885891932
2024-02-05,2298.888916015625,7.740181205203303
2024-02-06,2372.201904296875,7.7715738763504705
2024-02-07,2423.7451171875,7.793069191985467
2024-02-08,2419.906494140625,7.79148417961937
2024-02-09,2487.515625,7.819039750420055
2024-02-10,2501.228271484375,7.824537198797492
2024-02-11,2507.570556640625,7.827069657681744
2024-02-12,2658.115966796875,7.885372867665655
2024-02-13,2642.185302734375,7.879361619918138
2024-02-14,2777.90234375,7.9294513692586674
2024-02-15,2824.37890625,7.946043763213935
2024-02-16,2803.69140625,7.938692187265621
2024-02-17,2786.672607421875,7.93260354925832
2024-02-18,2878.998046875,7.965197612207986
2024-02-19,2943.57470703125,7.987380008486397
2024-02-20,3013.503662109375,8.01085868815693
2024-02-21,2970.35546875,7.996436911082705
2024-02-22,2971.00732421875,7.996656340696442
2024-02-23,2921.658203125,7.979906611863292
2024-02-24,2992.385986328125,8.003826336899504
2024-02-25,3112.697265625,8.043244917278686
2024-02-26,3178.99365234375,8.064319964162584
2024-02-27,3244.519287109375,8.084722478598763
2024-02-28,3385.703857421875,8.1273170979768
2024-02-29,3341.919677734375,8.114300674675722
2024-03-01,3435.053955078125,8.141787911979414
2024-03-02,3422.0498046875,8.137995008609085
2024-03-03,3490.99365234375,8.157941688811704
2024-03-04,3630.433837890625,8.19710743468802
2024-03-05,3554.964599609375,8.176100384271972
2024-03-06,3819.226318359375,8.24780314662685
2024-03-07,3874.34765625,8.262132580841346
2024-03-08,3892.06103515625,8.266694125391629
2024-03-09,3915.4189453125,8.272677612996645
2024-03-10,3881.193115234375,8.263897889274062
2024-03-11,4066.445068359375,8.31052444918149
2024-03-12,3980.273193359375,8.289105737470342
2024-03-13,4006.45703125,8.295662596400849
2024-03-14,3883.140380859375,8.26439948175893
2024-03-15,3735.22021484375,8.22556205562638
2024-03-16,3522.860107421875,8.167028469185503
2024-03-17,3642.4130859375,8.2004016766831
2024-03-18,3517.985107421875,8.165643692037229
2024-03-19,3157.6181640625,8.057573276822115
2024-03-20,3513.39306640625,8.164337535106124
2024-03-21,3492.9912109375,8.158513728610567
2024-03-22,3333.68798828125,8.111834474132744
2024-03-23,3336.593994140625,8.112705803426135
2024-03-24,3454.636474609375,8.147472513476293
2024-03-25,3590.8837890625,8.186153631982158
2024-03-26,3587.5048828125,8.185212221129667
2024-03-27,3500.115234375,8.16055117104266
2024-03-28,3561.2939453125,8.177879225592072
2024-03-29,3511.80615234375,8.16388575742977
2024-03-30,3507.9443359375,8.162785485617462
2024-03-31,3647.8564453125,8.20189499880603
2024-04-01,3505.030029296875,8.161954366991726
2024-04-02,3277.234619140625,8.094755241845645
2024-04-03,3311.44189453125,8.105138991200429
2024-04-04,3330.04052734375,8.11073975327393
2024-04-05,3318.88525390625,8.107384238632502
2024-04-06,3354.183837890625,8.117963752416724
2024-04-07,3453.49462890625,8.147141933266852
2024-04-08,3695.292724609375,8.214815052060219
2024-04-09,3505.163330078125,8.161992397549353
2024-04-10,3543.737060546875,8.172937116124599
2024-04-11,3505.247802734375,8.162016496751141
2024-04-12,3243.034912109375,8.084264871623832
2024-04-13,3004.900390625,8.007999698541369
2024-04-14,3156.94189453125,8.057359083108679
2024-04-15,3101.600341796875,8.039673496556892
2024-04-16,3084.920166015625,8.034281057889773
2024-04-17,2984.7275390625,8.001263744964751
2024-04-18,3066.027587890625,8.028138057398657
2024-04-19,3059.278564453125,8.02593440389929
2024-04-20,3157.627197265625,8.057576137582897
2024-04-21,3147.28857421875,8.054296591055094
2024-04-22,3201.652099609375,8.0714222366885
2024-04-23,3219.91162109375,8.077109191296486
2024-04-24,3139.80517578125,8.051916031047833
2024-04-25,3156.509521484375,8.057222114272124
2024-04-26,3130.164794921875,8.048840932283014
2024-04-27,3252.168212890625,8.087077195311085
2024-04-28,3262.774658203125,8.090333234509885
2024-04-29,3215.428955078125,8.075716050813066
2024-04-30,3012.286865234375,8.010454825166335
2024-05-01,2969.78466796875,7.996244726800898
2024-05-02,2988.16845703125,8.002415922518708
2024-05-03,3103.5419921875,8.040299316352632
2024-05-04,3117.576416015625,8.044811189207467
2024-05-05,3137.2490234375,8.051101587710585
2024-05-06,3062.728759765625,8.027061549129622
2024-05-07,3006.5771484375,8.008557550698377
2024-05-08,2973.6572265625,7.997547863673602
2024-05-09,3036.0205078125,8.01830289337166
2024-05-10,2909.791259765625,7.975836625553368
2024-05-11,2911.60205078125,7.976458741592409
2024-05-12,2928.701904296875,7.982314567765482
2024-05-13,2949.359619140625,7.989343347511555
2024-05-14,2881.157958984375,7.965947561413671
2024-05-15,3037.056640625,8.018644115061168
2024-05-16,2945.131103515625,7.9879086124176135
2024-05-17,3094.11865234375,8.037258379571504
2024-05-18,3122.948974609375,8.04653301856791
2024-05-19,3071.843017578125,8.030032991913073
2024-05-20,3663.85546875,8.206271278714139
2024-05-21,3789.312744140625,8.239939947633639
2024-05-22,3737.2177734375,8.226096702724012
2024-05-23,3776.92724609375,8.236666060174208
2024-05-24,3726.9345703125,8.2233413437342
2024-05-25,3749.236572265625,8.22930751750992
2024-05-26,3825.8974609375,8.249548349049707
2024-05-27,3892.0068359375,8.266680199711727
2024-05-28,3840.25634765625,8.253294400555758
2024-05-29,3763.196533203125,8.233024017027414
2024-05-30,3746.849609375,8.228670661712519
2024-05-31,3760.026611328125,8.23218131383978
2024-06-01,3813.198974609375,8.246223741713841
2024-06-02,3780.89599609375,8.237716296528676
2024-06-03,3766.38916015625,8.233872039023437
2024-06-04,3812.515869140625,8.246044583304545
2024-06-05,3864.260986328125,8.25952573609706
2024-06-06,3811.60595703125,8.245805890341751
2024-06-07,3678.629150390625,8.210295448281785
2024-06-08,3680.949951171875,8.210926136756262
2024-06-09,3705.90380859375,8.21768245092123
2024-06-10,3666.717529296875,8.207052134642609
2024-06-11,3498.33056640625,8.160041152659083
2024-06-12,3559.61767578125,8.177408423635411
2024-06-13,3469.28125,8.15170271892115
2024-06-14,3480.27197265625,8.154865722776869
2024-06-15,3565.549560546875,8.179073475398924
2024-06-16,3620.5634765625,8.194384949215577
2024-06-17,3511.37890625,8.163764090097722
2024-06-18,3483.681396484375,8.155844886168639
2024-06-19,3559.347412109375,8.177332495837291
2024-06-20,3511.0869140625,8.163680930650559
2024-06-21,3516.07568359375,8.165100784055124
2024-06-22,3494.8134765625,8.159035284592107
2024-06-23,3418.61181640625,8.136989846020684
2024-06-24,3350.25634765625,8.116792143579909
2024-06-25,3395.029052734375,8.130067597462624
2024-06-26,3369.477294921875,8.122512905951897
2024-06-27,3444.800537109375,8.144621282528972
2024-06-28,3373.635986328125,8.123746369416045
2024-06-29,3372.9677734375,8.123548280743105
2024-06-30,3432.88916015625,8.141157506352213
2024-07-01,3440.341552734375,8.143326034024232
2024-07-02,3416.354736328125,8.136329395046197
2024-07-03,3292.916748046875,8.099529000564791
2024-07-04,3054.52197265625,8.024378385600125
2024-07-05,2981.5986328125,8.000214889623388
2024-07-06,3069.3779296875,8.029230191282974
2024-07-07,2929.38720703125,7.982548535779447
2024-07-08,3018.73193359375,8.012592132652125
2024-07-09,3064.032958984375,8.027487287651313
2024-07-10,3102.21875,8.039872860270123
2024-07-11,3100.330810546875,8.039264097859439
2024-07-12,3134.15869140625,8.050116057054026
2024-07-13,3177.19873046875,8.063755185183407
2024-07-14,3244.0791015625,8.084586798896867
2024-07-15,3489.552734375,8.157528850644207
2024-07-16,3443.513427734375,8.144247574420849
2024-07-17,3388.75244140625,8.128217121257101
2024-07-18,3426.258544921875,8.139224141571383
2024-07-19,3505.73486328125,8.16215543891399
2024-07-20,3519.29541015625,8.166016080986694
2024-07-21,3536.60546875,8.17092263894949
2024-07-22,3440.419921875,8.14334881322997
2024-07-23,3481.995849609375,8.155360928371472
2024-07-24,3336.33935546875,8.11262948356539
2024-07-25,3174.42724609375,8.062882500122567
2024-07-26,3275.951416015625,8.09436361458693
2024-07-27,3247.60791015625,8.08567397667822
2024-07-28,3271.464599609375,8.092993053407406
2024-07-29,3320.539306640625,8.107882490477525
2024-07-30,3278.667724609375,8.095192437342599
2024-07-31,3231.295654296875,8.080638467146288
2024-08-01,3201.564453125,8.071394860920817
2024-08-02,2986.01318359375,8.001694393224604
2024-08-03,2903.3857421875,7.973632832285609
2024-08-04,2686.39892578125,7.895956886450225
2024-08-05,2417.206298828125,7.790367730320565
2024-08-06,2458.723876953125,7.807397745123442
2024-08-07,2336.58935546875,7.756447604708497
2024-08-08,2683.352783203125,7.89482233011691
2024-08-09,2599.5986328125,7.863112340097798
2024-08-10,2610.02294921875,7.867114293082201
2024-08-11,2553.252197265625,7.8451231970338196
2024-08-12,2724.431884765625,7.910015202706998
2024-08-13,2703.671875,7.9023660817966315
2024-08-14,2662.914794921875,7.887176589403395
2024-08-15,2570.087646484375,7.851695280998166
2024-08-16,2593.1865234375,7.860642716402214
2024-08-17,2614.546875,7.8688460823257556
2024-08-18,2613.357177734375,7.868390948767771
2024-08-19,2637.306396484375,7.877513370913563
2024-08-20,2573.10693359375,7.852869371306904
2024-08-21,2631.3955078125,7.875269595782945
2024-08-22,2622.951416015625,7.8720554573985835
2024-08-23,2764.447021484375,7.92459590172544
2024-08-24,2769.3896484375,7.926382231377815
2024-08-25,2749.15771484375,7.919049858234266
2024-08-26,2681.340576171875,7.894072163428595
2024-08-27,2458.7265625,7.807398837375173
2024-08-28,2528.41552734375,7.835348111753053
2024-08-29,2528.792724609375,7.83549728388421
2024-08-30,2525.822021484375,7.834321841791679
2024-08-31,2513.393798828125,7.82938922993368
2024-09-01,2427.90234375,7.794782930509718
2024-09-02,2538.187255859375,7.8392054264271165
2024-09-03,2420.603759765625,7.791772275540356
2024-09-04,2448.97705078125,7.803425686055362
2024-09-05,2367.737548828125,7.769690157440975
2024-09-06,2223.87646484375,7.707007107444509
2024-09-07,2274.107177734375,7.729342805009124
2024-09-08,2297.29296875,7.739486738635278
2024-09-09,2358.482177734375,7.7657735460853665
2024-09-10,2389.5810546875,7.7788733386345745
2024-09-11,2339.841552734375,7.757838493552475
2024-09-12,2361.78173828125,7.767171587018248
2024-09-13,2441.607177734375,7.800411780852517
2024-09-14,2418.595703125,7.790942362753633
2024-09-15,2320.897216796875,7.749709121277014
2024-09-16,2295.28369140625,7.738611727668392
2024-09-17,2341.707763671875,7.758635755702341
2024-09-18,2369.72900390625,7.77053088324801
2024-09-19,2464.752197265625,7.809846552930816
2024-09-20,2561.072021484375,7.848181208211116
2024-09-21,2615.857177734375,7.869347115419404
2024-09-22,2582.862548828125,7.856653577908403
2024-09-23,2648.54638671875,7.881766235167152
2024-09-24,2654.35498046875,7.883956958950561
2024-09-25,2579.388671875,7.8553077009531815
2024-09-26,2632.199951171875,7.8755752588499135
2024-09-27,2695.900634765625,7.899487614812038
2024-09-28,2677.5390625,7.892653391384484
2024-09-29,2659.346923828125,7.8858358542735765
2024-09-30,2603.062744140625,7.864444009252893
2024-10-01,2448.921142578125,7.803402856588141
2024-10-02,2365.231689453125,7.768631262069809
2024-10-03,2349.791259765625,7.762081777561326
2024-10-04,2414.7939453125,7.789369239594505
2024-10-05,2415.6318359375,7.789716161655353
2024-10-06,2439.957763671875,7.799736008166885
2024-10-07,2421.796630859375,7.792264953147185
2024-10-08,2439.8408203125,7.79968807858234
2024-10-09,2368.283447265625,7.769920687854741
2024-10-10,2383.85791015625,7.776475424964477
2024-10-11,2436.513427734375,7.798323373343432
2024-10-12,2476.523193359375,7.814610917362743
2024-10-13,2467.677001953125,7.811032502049262
2024-10-14,2628.89990234375,7.874320749582723
2024-10-15,2606.02197265625,7.865580189213424
2024-10-16,2611.10205078125,7.867527652876447
2024-10-17,2604.2734375,7.86490900453607
2024-10-18,2641.55224609375,7.879121995357757
2024-10-19,2648.656982421875,7.88180799142812
2024-10-20,2746.364013671875,7.918033138966999
2024-10-21,2665.712158203125,7.888226527243981
2024-10-22,2620.197509765625,7.871004979320532
2024-10-23,2509.098876953125,7.827678954499088
2024-10-24,2534.49853515625,7.837751079950608
2024-10-25,2435.93408203125,7.798085568542171
2024-10-26,2479.603271484375,7.815853855186619
2024-10-27,2505.940673828125,7.826419461523803
2024-10-28,2565.34814453125,7.849849477256627
2024-10-29,2637.95751953125,7.877760229861494
2024-10-30,2657.37255859375,7.8850931536922655
2024-10-31,2515.79931640625,7.830345851684507
2024-11-01,2511.885498046875,7.82878894456149
2024-11-02,2491.068603515625,7.820467055435184
2024-11-03,2456.42529296875,7.806462439165281
2024-11-04,2397.0263671875,7.781984234452107
2024-11-05,2422.650634765625,7.792617523365528
2024-11-06,2724.169189453125,7.909918776006227
2024-11-07,2895.58544921875,7.970942597271241
2024-11-08,2962.296630859375,7.9937201352758365
2024-11-09,3131.14453125,8.049153881631172
2024-11-10,3191.331298828125,8.068193443774677
2024-11-11,3374.81298828125,8.124095190891762
2024-11-12,3246.25732421875,8.0852580191835
2024-11-13,3192.595947265625,8.068589641414558
2024-11-14,3058.94873046875,8.025826583784477
2024-11-15,3103.04052734375,8.040137725060399
2024-11-16,3133.27392578125,8.049833719553197
2024-11-17,3075.66162109375,8.03127531842804
2024-11-18,3207.8564453125,8.073358219017715
2024-11-19,3111.384033203125,8.04282293293166
2024-11-20,3072.18798828125,8.03014528649725
2024-11-21,3361.053955078125,8.120009880877456
2024-11-22,3331.600830078125,8.111208197214152
2024-11-23,3396.223388671875,8.130419325206548
2024-11-24,3363.659912109375,8.120784919700867
2024-11-25,3413.5439453125,8.135506310750126
2024-11-26,3326.517333984375,8.109681190045977
2024-11-27,3657.249267578125,8.204466577592436
2024-11-28,3579.8115234375,8.183065430924342
2024-11-29,3593.494384765625,8.186880374298573
2024-11-30,3705.705322265625,8.217628889994131
2024-12-01,3711.1650390625,8.219101133006898
2024-12-02,3644.198486328125,8.200891726251037
2024-12-03,3620.711669921875,8.194425879398839
2024-12-04,3841.3310546875,8.25357421434475
2024-12-05,3811.00830078125,8.245649078982549
2024-12-06,4005.810546875,8.29550122276471
2024-12-07,4002.692626953125,8.294722570371938
2024-12-08,4005.70458984375,8.29547477158052
2024-12-09,3718.6904296875,8.221126850258074
2024-12-10,3631.833740234375,8.197492962306226
2024-12-11,3832.822021484375,8.25135663108684
2024-12-12,3883.1015625,8.264389485068213
2024-12-13,3911.205322265625,8.271600872039135
2024-12-14,3868.4052734375,8.260597627050828
2024-12-15,3951.941162109375,8.281962170626711
2024-12-16,3987.48095703125,8.290914971415551
2024-12-17,3886.76611328125,8.265332757516568
2024-12-18,3618.791259765625,8.193895342918657
2024-12-19,3417.927978515625,8.136789792217614
2024-12-20,3472.553466796875,8.152645471715687
2024-12-21,3337.222412109375,8.112894126847804
2024-12-22,3277.53515625,8.09484694212495
2024-12-23,3415.785400390625,8.136162731035382
2024-12-24,3492.0498046875,8.158244179368523
2024-12-25,3493.2353515625,8.158583620596723
2024-12-26,3331.225830078125,8.111095632376577
2024-12-27,3328.9169921875,8.110402302505213
2024-12-28,3397.90234375,8.130913562486935
2024-12-29,3349.513427734375,8.116570368817545
2024-12-30,3356.392578125,8.118622038732893
2024-12-31,3332.53173828125,8.111487575872854
2025-01-01,3353.504150390625,8.117761093168555
2025-01-02,3451.392578125,8.146533074415675
2025-01-03,3605.009765625,8.190079758626615
2025-01-04,3657.706787109375,8.204591669125024
2025-01-05,3634.103759765625,8.19811780104317
2025-01-06,3688.611328125,8.213005332361758
2025-01-07,3381.577392578125,8.126097563808576
2025-01-08,3326.329345703125,8.109624676408927
2025-01-09,3219.4306640625,8.076959810502348
2025-01-10,3267.489990234375,8.091777382061206
2025-01-11,3282.2177734375,8.096274623329732
2025-01-12,3265.951171875,8.091306322982337
2025-01-13,3135.499755859375,8.050543852119693
2025-01-14,3223.6845703125,8.07828026084767
2025-01-15,3450.53759765625,8.146285323293496
2025-01-16,3308.34521484375,8.104203408269372
2025-01-17,3474.107177734375,8.153092797716743
2025-01-18,3305.78955078125,8.10343061960381
2025-01-19,3208.96435546875,8.073703533372488
2025-01-20,3278.035400390625,8.094999558632473
2025-01-21,3327.40625,8.10994837556733
2025-01-22,3240.224609375,8.08339793026476
2025-01-23,3334.714111328125,8.112142230935541
2025-01-24,3309.554931640625,8.104568997590325
2025-01-25,3317.26953125,8.106897293182769
2025-01-26,3236.13427734375,8.082134772170322
2025-01-27,3178.92041015625,8.064296924471646
2025-01-28,3077.112548828125,8.031746952107808
2025-01-29,3112.9990234375,8.043341856736934
2025-01-30,3247.780029296875,8.085726974017955
2025-01-31,3298.26513671875,8.101151893071554
2025-02-01,3118.32861328125,8.045052436393156
2025-02-02,2868.69287109375,7.961611759394878
2025-02-03,2884.566650390625,7.967129959823001
2025-02-04,2735.05126953125,7.913905460395648
2025-02-05,2787.779052734375,7.9330005193621025
2025-02-06,2688.40087890625,7.896701827021159
2025-02-07,2622.211181640625,7.871773203277331
2025-02-08,2632.308349609375,7.8756164396901065
2025-02-09,2628.72119140625,7.874252767910258
2025-02-10,2661.166748046875,7.886519932692297
2025-02-11,2602.781982421875,7.864336145214002
2025-02-12,2736.902099609375,7.91458193916798
2025-02-13,2675.902587890625,7.892042018451997
2025-02-14,2726.091552734375,7.9106241967014554
2025-02-15,2693.559814453125,7.898618948836381
2025-02-16,2663.31591796875,7.887327211135443
2025-02-17,2743.19970703125,7.916880294350531
2025-02-18,2669.3388671875,7.8895861054469885
2025-02-19,2715.77099609375,7.906831168516138
2025-02-20,2740.386474609375,7.915854238563132
2025-02-21,2659.655517578125,7.885951888719413
2025-02-22,2764.029296875,7.92444478427965
2025-02-23,2821.310302734375,7.944956702377174
2025-02-24,2513.8212890625,7.829559300331677
2025-02-25,2493.592529296875,7.821479732497755
2025-02-26,2331.45263671875,7.754246801531525
2025-02-27,2305.484375,7.743046074352053
2025-02-28,2237.9052734375,7.713295561540648
2025-03-01,2216.643310546875,7.7037493083308854
2025-03-02,2519.694580078125,7.831892974778655
2025-03-03,2145.573974609375,7.671162382797518
2025-03-04,2170.01513671875,7.682489421956605
2025-03-05,2241.977294921875,7.7151134764273355
2025-03-06,2202.476806640625,7.697337827285252
2025-03-07,2138.987548828125,7.668087888040744
2025-03-08,2201.51025390625,7.6968988828757405
2025-03-09,2015.5091552734375,7.608627124979768
2025-03-10,1861.1513671875,7.528950589813662
2025-03-11,1919.844970703125,7.559999717336365
2025-03-12,1908.982666015625,7.554325743546034
2025-03-13,1862.9696044921875,7.529927055112714
2025-03-14,1909.467529296875,7.554579701701336
2025-03-15,1937.3946533203125,7.569099387269427
2025-03-16,1887.43505859375,7.542974074488232
2025-03-17,1927.0029296875,7.563721188749225
2025-03-18,1932.54345703125,7.566592267676397
2025-03-19,2057.7490234375,7.629367957274825
2025-03-20,1982.099853515625,7.591912093800322
2025-03-21,1964.8475341796875,7.583169930544793
2025-03-22,1980.037841796875,7.590871235524572
2025-03-23,2005.2991943359375,7.6035485527155595
2025-03-24,2077.47900390625,7.638910420255549
2025-03-25,2067.76416015625,7.634223186647347
2025-03-26,2009.1893310546875,7.605486601815349
2025-03-27,2002.357421875,7.602080476345248
2025-03-28,1895.5029296875,7.54723948055662
2025-03-29,1827.3203125,7.5106058625763845
2025-03-30,1806.2186279296875,7.498990783089664
2025-03-31,1823.47998046875,7.508502031558773
2025-04-01,1905.491455078125,7.55249523595756
2025-04-02,1795.313232421875,7.492934788440539
2025-04-03,1815.63720703125,7.504191763339533
2025-04-04,1815.335205078125,7.50402541564005
2025-04-05,1805.9732666015625,7.498854931321172
2025-04-06,1576.72802734375,7.363107110037593
2025-04-07,1555.240966796875,7.349385775178213
2025-04-08,1472.5531005859375,7.294752976394005
2025-04-09,1668.0400390625,7.419404586864708
2025-04-10,1522.518798828125,7.328121346849779
2025-04-11,1567.1497802734375,7.357013821880965
2025-04-12,1643.528564453125,7.404600773210693
2025-04-13,1596.685791015625,7.3756853793367005
2025-04-14,1622.7698974609375,7.391889781407309
2025-04-15,1588.6324462890625,7.37062882844536
2025-04-16,1578.1053466796875,7.363980258797069
2025-04-17,1582.54833984375,7.3667917000565355
2025-04-18,1588.9246826171875,7.370812766179346
2025-04-19,1612.9228515625,7.385803247819858
2025-04-20,1587.5142822265625,7.369924727404526
2025-04-21,1579.7344970703125,7.365012072071822
2025-04-22,1757.3316650390625,7.471551838180928
2025-04-23,1796.104248046875,7.493375291747154
2025-04-24,1769.8316650390625,7.478639716547451
2025-04-25,1786.634521484375,7.488088973528379
2025-04-26,1821.881103515625,7.50762481966189
2025-04-27,1792.864990234375,7.491570172518195
2025-04-28,1798.851806640625,7.49490385514928
2025-04-29,1799.1756591796875,7.49508387186289
2025-04-30,1793.775390625,7.492077834460014
2025-05-01,1839.2215576171875,7.5170976945727475
2025-05-02,1842.7078857421875,7.518991445781481
2025-05-03,1833.8397216796875,7.514167256238274
2025-05-04,1808.59423828125,7.500305158567174
2025-05-05,1819.697509765625,7.506425562832041
2025-05-06,1815.0875244140625,7.503888968353934
2025-05-07,1811.606689453125,7.50196940424155
2025-05-08,2206.5146484375,7.699169467453711
2025-05-09,2345.50732421875,7.760257000432045
2025-05-10,2582.422607421875,7.8564832324602785
2025-05-11,2510.23779296875,7.828132765873008
2025-05-12,2496.397705078125,7.822604053766934
2025-05-13,2680.129638671875,7.8936204449737435
2025-05-14,2610.063232421875,7.867129727004832
2025-05-15,2546.85693359375,7.842615302845786
2025-05-16,2536.297607421875,7.838460661756118
2025-05-17,2475.75439453125,7.81430043443013
2025-05-18,2498.233642578125,7.823339218168427
2025-05-19,2529.166748046875,7.835645178876332
2025-05-20,2524.173095703125,7.833668801223684
2025-05-21,2552.34716796875,7.844768672817714
2025-05-22,2664.156982421875,7.887642957259671
2025-05-23,2526.44189453125,7.834567226063083
2025-05-24,2530.646240234375,7.83622998002732
2025-05-25,2551.763916015625,7.8445401307871565
2025-05-26,2564.138427734375,7.849377805559174
2025-05-27,2663.06982421875,7.887234805604907
2025-05-28,2682.212890625,7.894397438254777
2025-05-29,2632.65478515625,7.875748040059761
2025-05-30,2529.943603515625,7.835952290372572
2025-05-31,2529.08740234375,7.8356138061138045
2025-06-01,2536.266357421875,7.8384483405709275
2025-06-02,2607.097412109375,7.865992778831656
2025-06-03,2593.2802734375,7.860678868180942
2025-06-04,2608.64306640625,7.866585467194311
2025-06-05,2416.28564453125,7.789986782418387
2025-06-06,2477.19482421875,7.814882079694192
2025-06-07,2526.50537109375,7.834592350632633
2025-06-08,2510.787109375,7.8283515723593835
2025-06-09,2681.51708984375,7.894137991642928
2025-06-10,2813.517578125,7.942190786632384
2025-06-11,2773.529296875,7.9278759025817385
2025-06-12,2651.795166015625,7.88299211077211
2025-06-13,2579.486083984375,7.855345465820133
2025-06-14,2533.444091796875,7.837334957096736
2025-06-15,2546.837158203125,7.84260753819001
2025-06-16,2540.60498046875,7.840157512938832
2025-06-17,2510.761474609375,7.82834136245493
2025-06-18,2524.301513671875,7.833719675192047
2025-06-19,2521.653564453125,7.832670141686172
2025-06-20,2407.30419921875,7.786262810860704
2025-06-21,2300.49560546875,7.7408798593432095
2025-06-22,2228.213134765625,7.708955258395394
2025-06-23,2421.824951171875,7.7922766470056
2025-06-24,2448.0087890625,7.80303023392908
2025-06-25,2419.310302734375,7.791237779660743
2025-06-26,2416.146728515625,7.789929289212092
2025-06-27,2423.866943359375,7.793119454329227
2025-06-28,2437.109375,7.798567933619315
2025-06-29,2500.9599609375,7.824429921528159
2025-06-30,2486.46435546875,7.818617042829341
2025-07-01,2405.792724609375,7.785634743450892
2025-07-02,2571.33544921875,7.85218067297453
2025-07-03,2591.00732421875,7.8598020073503765
2025-07-04,2508.518310546875,7.8274475432984545
2025-07-05,2517.280029296875,7.830934244130419
2025-07-06,2571.236572265625,7.852142218694173
2025-07-07,2543.01318359375,7.841104949676771
2025-07-08,2615.505859375,7.869212803058587
2025-07-09,2770.777587890625,7.926883277437602
2025-07-10,2954.84521484375,7.991201547704742
2025-07-11,2957.88623046875,7.992230180891033
2025-07-12,2942.91162109375,7.987154717573162
2025-07-13,2973.35888671875,7.9974475310569355
2025-07-14,3013.350830078125,8.01080797114311
2025-07-15,3139.8896484375,8.051942934475028
2025-07-16,3371.5068359375,8.123115055738205
2025-07-17,3476.784423828125,8.153863129461103
2025-07-18,3549.016357421875,8.174425761658663
2025-07-19,3595.273681640625,8.187375395669383
2025-07-20,3759.471435546875,8.23203365084983
2025-07-21,3763.371337890625,8.233070467066934
2025-07-22,3749.1455078125,8.229283228416044
2025-07-23,3629.70361328125,8.196906274691601
2025-07-24,3708.005615234375,8.218249441041227
2025-07-25,3727.266845703125,8.223430494904742
2025-07-26,3741.39599609375,8.227214081751658
2025-07-27,3875.24658203125,8.262364573835466
2025-07-28,3787.42578125,8.239441853916055
2025-07-29,3793.454833984375,8.241032448547866
2025-07-30,3808.20166015625,8.24491235148289
2025-07-31,3696.707763671875,8.21519790892881
2025-08-01,3488.365966796875,8.157188701198393
2025-08-02,3392.7412109375,8.129393490415792
2025-08-03,3497.379150390625,8.159769152802026
2025-08-04,3718.986083984375,8.221206352047775
2025-08-05,3611.8994140625,8.191989066436635
2025-08-06,3683.920654296875,8.211732859221666
2025-08-07,3914.325927734375,8.272398416776857
2025-08-08,4009.848876953125,8.296508833045104
2025-08-09,4263.59912109375,8.357868946673143
2025-08-10,4254.2177734375,8.355666187077412
2025-08-11,4226.966796875,8.349239945526476
2025-08-12,4590.9248046875,8.43183676526244
2025-08-13,4756.27587890625,8.46722026262673
2025-08-14,4548.16650390625,8.422479464557858
2025-08-15,4439.98876953125,8.398407126038219
2025-08-16,4426.18017578125,8.395292228273446
2025-08-17,4473.271484375,8.405875295616303
2025-08-18,4312.5048828125,8.369274193585351
2025-08-19,4073.464111328125,8.312249049432795
2025-08-20,4334.50048828125,8.374361654958648
2025-08-21,4223.2099609375,8.348350772129825
2025-08-22,4831.3486328125,8.482880927715952
2025-08-23,4776.09033203125,8.471377568635463
2025-08-24,4779.6474609375,8.472122069823675
2025-08-25,4372.98779296875,8.383201759954359
2025-08-26,4600.4267578125,8.433904351611497
2025-08-27,4503.39306640625,8.412586406389043
2025-08-28,4507.177734375,8.413426457097259
2025-08-29,4360.15283203125,8.380262388946907
2025-08-30,4374.1533203125,8.383468253277275
2025-08-31,4390.01904296875,8.387088843865902
2025-09-01,4314.47021484375,8.369729818423258
2025-09-02,4325.36572265625,8.372251975942707
2025-09-03,4450.38916015625,8.400746823057112
2025-09-04,4298.744140625,8.366078198703965
2025-09-05,4306.98876953125,8.367994277558546
2025-09-06,4274.2421875,8.3603620995755
2025-09-07,4305.34765625,8.36761316998913
2025-09-08,4308.072265625,8.368245812886048
2025-09-09,4309.04150390625,8.368470769480858
2025-09-10,4349.14599609375,8.37773478207183
2025-09-11,4461.2333984375,8.403180553516975
2025-09-12,4715.24609375,8.458556387501904
2025-09-13,4668.1796875,8.448524486131745
2025-09-14,4609.59765625,8.435895855880378
2025-09-15,4526.8203125,8.417775054247045
2025-09-16,4503.564453125,8.412624462906663
2025-09-17,4592.7333984375,8.432230637450054
2025-09-18,4589.9189453125,8.431617643925359
2025-09-19,4470.9169921875,8.405348810234637
2025-09-20,4482.265625,8.407883917441907
2025-09-21,4451.3291015625,8.400958005074362
2025-09-22,4202.87744140625,8.343524674790823
2025-09-23,4165.50390625,8.334592533177098
2025-09-24,4153.46923828125,8.331699225035557
2025-09-25,3868.333984375,8.260579198340714
2025-09-26,4035.887939453125,8.302981615838565
2025-09-27,4018.658203125,8.298703345578854
2025-09-28,4141.4765625,8.32880766084085
2025-09-29,4217.341796875,8.34696030260216
2025-09-30,4145.95751953125,8.329889046809912
2025-10-01,4351.1123046875,8.378186793623499
2025-10-02,4487.923828125,8.409145474715586
2025-10-03,4514.87060546875,8.415131806629507
2025-10-04,4489.197265625,8.409429182041185
2025-10-05,4515.4228515625,8.415254116296865
2025-10-06,4687.771484375,8.452712585268227
2025-10-07,4451.15185546875,8.40091818559154
2025-10-08,4527.64794921875,8.41795786712951
2025-10-09,4369.1435546875,8.382322285973437
2025-10-10,3843.0087890625,8.254010877593844
2025-10-11,3750.611572265625,8.229674191604891
2025-10-12,4164.427734375,8.334334146451392
2025-10-13,4245.4677734375,8.353607286652746
2025-10-14,4125.412109375,8.32492119908161
2025-10-15,3987.45947265625,8.290909583444272
2025-10-16,3894.75439453125,8.26738589971368
2025-10-17,3832.558837890625,8.251287962980536
2025-10-18,3890.34619140625,8.266253427872767
2025-10-19,3984.649658203125,8.290204672228594
2025-10-20,3980.76025390625,8.289228098606168
2025-10-21,3876.76416015625,8.262756105321904
2025-10-22,3808.122314453125,8.24489151578751
2025-10-23,3856.0263671875,8.25739249367062
2025-10-24,3934.5673828125,8.277556213972115
2025-10-25,3953.470947265625,8.28234919287278
2025-10-26,4157.9892578125,8.332786884915944
2025-10-27,4120.1220703125,8.323638070621277
2025-10-28,3982.262451171875,8.289605391837416
2025-10-29,3903.35302734375,8.26959121334485
2025-10-30,3804.375244140625,8.243907063421835
2025-10-31,3847.080322265625,8.255069781729967
2025-11-01,3874.18798828125,8.262091368417192
2025-11-02,3911.063232421875,8.271564542464724
2025-11-03,3602.30810546875,8.189330059409484
2025-11-04,3292.574462890625,8.099425049273812
2025-11-05,3425.171142578125,8.138906718083884
2025-11-06,3312.2578125,8.105385354414029
2025-11-07,3435.301025390625,8.141859835573845
2025-11-08,3400.3759765625,8.1316412858325
2025-11-09,3582.621337890625,8.183850028742338
2025-11-10,3568.4599609375,8.179889398210163
2025-11-11,3415.2822265625,8.136015411800232
2025-11-12,3413.09423828125,8.135374560093418
2025-11-13,3232.757080078125,8.08109063728357
2025-11-14,3103.78564453125,8.040377821099968
2025-11-15,3166.63134765625,8.060423635486613
2025-11-16,3092.847412109375,8.036847438170172
2025-11-17,3024.538818359375,8.014513902101529
2025-11-18,3122.97900390625,8.046542634207725
2025-11-19,3023.07080078125,8.014028415206901
2025-11-20,2831.777587890625,7.948659916380193
2025-11-21,2765.69921875,7.925048763994403
2025-11-22,2767.607421875,7.9257384793218115
2025-11-23,2801.676025390625,7.9379730975821
2025-11-24,2952.71337890625,7.990479816046492
2025-11-25,2957.936279296875,7.992247101218863
2025-11-26,3027.81201171875,8.015595529313957
2025-11-27,3014.542236328125,8.011203268887245
2025-11-28,3032.304443359375,8.017078151800458
2025-11-29,2991.685302734375,8.003592153995221
2025-11-30,2992.112548828125,8.003734954973822
2025-12-01,2800.18896484375,7.937442181330317
2025-12-02,2997.939697265625,8.005680564139242
2025-12-03,3191.57177734375,8.06826879460262
2025-12-04,3134.31640625,8.050166377057321
2025-12-05,3024.432861328125,8.014478869029174
2025-12-06,3040.207763671875,8.019681135378086
2025-12-07,3061.3017578125,8.026595515534638
2025-12-08,3125.197998046875,8.047252919538382
2025-12-09,3321.114990234375,8.1080558459608
2025-12-10,3325.39013671875,8.109342280558321
2025-12-11,3237.056884765625,8.082419827069835
2025-12-12,3084.172607421875,8.034038701801167
2025-12-13,3116.6953125,8.044528524748856
2025-12-14,3060.5947265625,8.026364531147708
2025-12-15,2964.18310546875,7.994356760981827
2025-12-16,2964.180908203125,7.994356019709658
2025-12-17,2831.403564453125,7.948527826860899
2025-12-18,2827.069091796875,7.946995797365535
2025-12-19,2977.970703125,7.998997375426926
2025-12-20,2977.58251953125,7.998867015213597
2025-12-21,3001.61376953125,8.006905346198522
2025-12-22,3006.07373046875,8.0083900977795
2025-12-23,2963.3740234375,7.9940837709393255
2025-12-24,2945.590576171875,7.988064611183865
2025-12-25,2903.57958984375,7.973699596127043
2025-12-26,2925.74560546875,7.981304635035034
2025-12-27,2947.998291015625,7.988881673599298
2025-12-28,2948.568115234375,7.989074946830282
2025-12-29,2934.538330078125,7.984305421790107
2025-12-30,2971.416748046875,7.9967941376034934
2025-12-31,2967.03759765625,7.995319292153995
2026-01-01,3000.394287109375,8.006498988050666
2026-01-02,3124.422607421875,8.04700477947423
2026-01-03,3125.91748046875,8.04748311283029
2026-01-04,3140.71044921875,8.05220431102286
2026-01-05,3226.13037109375,8.079038670482893
2026-01-06,3295.94677734375,8.100448743248426
2026-01-07,3166.843994140625,8.060490785502356
2026-01-08,3104.382568359375,8.040570123824216
2026-01-09,3083.047119140625,8.03367371130508
2026-01-10,3082.39599609375,8.033462494353717
2026-01-11,3118.88525390625,8.045230926545436
2026-01-12,3092.3251953125,8.03667857730524
2026-01-13,3322.095458984375,8.108351025156045
2026-01-14,3354.72265625,8.118124380191459
2026-01-15,3317.101318359375,8.106846583659749
2026-01-16,3295.482177734375,8.100307772416969
2026-01-17,3308.8642578125,8.104360284962473
2026-01-18,3281.15771484375,8.095951600944419
2026-01-19,3186.62109375,8.066716416150598
2026-01-20,2935.605712890625,7.98466908674158
2026-01-21,2978.901123046875,7.9993097608387975
2026-01-22,2949.63330078125,7.989436136787466
2026-01-23,2953.25634765625,7.99066368720624
2026-01-24,2948.74072265625,7.989133484521513
2026-01-25,2815.90234375,7.943038037610549
2026-01-26,2926.45703125,7.981547765982104
2026-01-27,3022.2109375,8.013743941025457
2026-01-28,3006.607421875,8.00856761971826
2026-01-29,2818.232666015625,7.943865253285882
2026-01-30,2702.375244140625,7.90188638531761
2026-01-31,2445.091796875,7.801837945938338
2026-02-01,2267.96484375,7.726638163735438
2026-02-02,2344.356689453125,7.759766310388429
2026-02-03,2227.558837890625,7.708661573312892
2026-02-04,2143.504150390625,7.670197222304235
2026-02-05,1821.68310546875,7.507516135946872
2026-02-06,2063.386962890625,7.63210406838065
2026-02-07,2090.54931640625,7.645182141241277
2026-02-08,2088.762939453125,7.6443272747213555
2026-02-09,2103.567626953125,7.651390052241916
2026-02-10,2019.4974365234375,7.61060396564066
2026-02-11,1940.621337890625,7.570763478042768
2026-02-12,1946.940673828125,7.5740145343523
2026-02-13,2048.52734375,7.624876445079436
2026-02-14,2086.009765625,7.64300831705743
2026-02-15,1966.04296875,7.583778156394012
2026-02-16,1997.917724609375,7.5998607794864395
2026-02-17,1992.1943359375,7.596991991587608
2026-02-18,1953.97412109375,7.577620588448366
2026-02-19,1948.2010498046875,7.574661687195497
2026-02-20,1969.0223388671875,7.585292423860287
2026-02-21,1973.7371826171875,7.587684071624605
2026-02-22,1957.805908203125,7.579579690599426
2026-02-23,1855.5028076171875,7.525910993631918
2026-02-24,1852.969482421875,7.524544756868506
2026-02-25,2054.6279296875,7.6278500544245595
2026-02-26,2026.7926025390625,7.614209823772251
2026-02-27,1930.7618408203125,7.565669940187431
2026-02-28,1965.050537109375,7.583273242603369
2026-03-01,1939.066650390625,7.569962028241695
2026-03-02,2027.2689208984375,7.614444807064347
2026-03-03,1982.7689208984375,7.592249591673382
2026-03-04,2126.50537109375,7.662235240481117
2026-03-05,2071.60546875,7.636079174413987
2026-03-06,1978.751220703125,7.590221228101222
2026-03-07,1969.4554443359375,7.585512359324869
2026-03-08,1936.604736328125,7.568691582866955
2026-03-09,1992.938232421875,7.597365327470545
2026-03-10,2037.1204833984375,7.619292561948669
2026-03-11,2051.5732421875,7.626362213018041
2026-03-12,2073.13623046875,7.636817826855773
2026-03-13,2092.5634765625,7.6461451371783165
2026-03-14,2097.086669921875,7.648304360482689
2026-03-15,2177.476318359375,7.685921833057587
2026-03-16,2351.176025390625,7.762670918298138
2026-03-17,2318.053466796875,7.748483089551231
2026-03-18,2203.671630859375,7.697880171359667
2026-03-19,2137.423828125,7.667356564211027
2026-03-20,2146.4970703125,7.671592522796458
2026-03-21,2076.68994140625,7.63853053079035
2026-03-22,2053.04833984375,7.627080962695824
2026-03-23,2152.14599609375,7.674220761031506
2026-03-24,2155.704345703125,7.675872791690111
2026-03-25,2168.021484375,7.681570272277502
2026-03-26,2059.578369140625,7.630256565660351
2026-03-27,1991.27197265625,7.596528895767897
2026-03-28,1992.694580078125,7.597243062146309
2026-03-29,1982.5596923828125,7.592144062706568
2026-03-30,2023.514892578125,7.612591324100117
2026-03-31,2104.708251953125,7.651932138863969
2026-04-01,2138.737060546875,7.667970775180796
2026-04-02,2056.8525390625,7.62893219970483
2026-04-03,2053.38525390625,7.627245053533074
2026-04-04,2065.3515625,7.633055739088575
2026-04-05,2108.99560546875,7.653967096772834
2026-04-06,2107.761474609375,7.653381750796684
2026-04-07,2241.806640625,7.715037355767013
2026-04-08,2190.33544921875,7.691809984239982
2026-04-09,2189.14404296875,7.6912658984501
2026-04-10,2245.148681640625,7.716527025885667
2026-04-11,2285.39013671875,7.734292026924334
2026-04-12,2192.201171875,7.692661419347213
2026-04-13,2370.71484375,7.770946810485899
2026-04-14,2323.30859375,7.750747566715562
2026-04-15,2359.43701171875,7.766178315204577
2026-04-16,2348.64501953125,7.761593853414236
2026-04-17,2421.07177734375,7.791965604306811
2026-04-18,2351.1005859375,7.762638831945348
2026-04-19,2264.9169921875,7.725293389204739
2026-04-20,2315.21240234375,7.7472567127839795
2026-04-21,2327.970458984375,7.752752119331116
2026-04-22,2376.088134765625,7.773210773551155
2026-04-23,2331.513916015625,7.7542730849269494
2026-04-24,2315.690185546875,7.747463058391883
2026-04-25,2318.8291015625,7.7488176396552815
2026-04-26,2369.72900390625,7.77053088324801
2026-04-27,2303.06396484375,7.741995674008904
2026-04-28,2289.419677734375,7.736053648596549
2026-04-29,2253.415771484375,7.720202464677959
2026-04-30,2256.251220703125,7.721459963112901
2026-05-01,2295.09375,7.738528971333523
2026-05-02,2316.23193359375,7.747696977717559
2026-05-03,2321.6357421875,7.7500272775091315
2026-05-04,2346.39697265625,7.760636227454538
2026-05-05,2361.1826171875,7.766917881484235
2026-05-06,2350.802001953125,7.762511826343172
2026-05-07,2291.107666015625,7.736790676554679
2026-05-08,2306.97216796875,7.743691193934856
2026-05-09,2326.727294921875,7.75221796473815
2026-05-10,2369.0439453125,7.770241754139752
2026-05-11,2339.36083984375,7.7576330256748385
2026-05-12,2274.6435546875,7.729578639851332
2026-05-13,2257.576416015625,7.722047134559056
2026-05-14,2280.934814453125,7.732340644257945
2026-05-15,2223.328857421875,7.7067608370859535
2026-05-16,2179.751953125,7.686966366339178
2026-05-17,2127.645263671875,7.662771137163331
2026-05-18,2128.51611328125,7.663180355491491
2026-05-19,2109.9638671875,7.654426101767798
2026-05-20,2126.9833984375,7.6624600100158045
2026-05-21,2131.41064453125,7.664539313924357
2026-05-22,2064.636962890625,7.63270968504406
2026-05-23,2115.951416015625,7.657259832419525
2026-05-24,2097.993896484375,7.648736879745326
2026-05-25,2111.370361328125,7.655092476007095
2026-05-26,2070.858154296875,7.635718367643314
2026-05-27,2022.1982421875,7.611940437399429
2026-05-28,2007.552734375,7.6046717141558515
2026-05-29,2011.978515625,7.606873853043831
2026-05-30,2019.458251953125,7.610584562322904
2026-05-31,2004.341552734375,7.6030708831784715
2026-06-01,2003.22119140625,7.602511759626906
2026-06-02,1857.71630859375,7.52710322127563
2026-06-03,1811.7322998046875,7.502038738274046
2026-06-04,1769.58056640625,7.478497829354429
2026-06-05,1580.86083984375,7.3657248129962705
2026-06-06,1568.7677001953125,7.358045685809469
2026-06-07,1686.396240234375,7.430349128882019
2026-06-08,1690.1485595703125,7.432571709124885
2026-06-09,1637.7066650390625,7.401052167203333
2026-06-10,1620.1376953125,7.390266421720862
2026-06-11,1672.2806396484375,7.421943626239656
2026-06-12,1665.1278076171875,7.417657160800188
2026-06-13,1680.214599609375,7.426676802102242
2026-06-14,1724.61328125,7.452758119549687
2026-06-15,1794.961181640625,7.492738674861588
2026-06-16,1790.398193359375,7.490193328486204
2026-06-17,1747.885498046875,7.466162049520121
2026-06-18,1709.533447265625,7.443975774413326
2026-06-19,1710.982421875,7.444823000242108
2026-06-20,1739.3013916015625,7.461238812506677
2026-06-21,1704.58056640625,7.4410743573463645
2026-06-22,1726.5108642578125,7.453857809458851
2026-06-23,1665.436767578125,7.417842690883661
2026-06-24,1619.9249267578125,7.390135085645106
2026-06-25,1564.816650390625,7.355523939810998
2026-06-26,1576.6160888671875,7.363036113360741
2026-06-27,1571.5882568359375,7.359842015548942
2026-06-28,1570.3612060546875,7.35906093943163
2026-06-29,1610.205810546875,7.384117282446423
2026-06-30,1569.5838623046875,7.358565807351955
2026-07-01,1608.960693359375,7.383343717458046
2026-07-02,1698.16943359375,7.4373061461062235
2026-07-03,1756.5186767578125,7.471089104588613
2026-07-04,1779.032958984375,7.483825214185829
2026-07-05,1783.0059814453125,7.486055972566045
2026-07-06,1797.57373046875,7.494193107095419
2026-07-07,1776.1199951171875,7.482186486087952
