date,close,logprice
2010-07-19,5148.2998046875,8.546421804139086
2010-07-20,5139.5,8.544711077452977
2010-07-21,5214.60009765625,8.559217681398936
2010-07-22,5313.7998046875,8.578062452423712
2010-07-23,5312.60009765625,8.57783665496693
2010-07-26,5351.10009765625,8.58505744448212
2010-07-27,5365.7001953125,8.587782158256715
2010-07-28,5319.7001953125,8.579172226483161
2010-07-29,5314.0,8.57810012631976
2010-07-30,5258.0,8.567506005289827
2010-08-02,5397.10009765625,8.593617069353497
2010-08-03,5396.5,8.593505874265402
2010-08-04,5386.2001953125,8.591595442252347
2010-08-05,5365.7998046875,8.587800722180678
2010-08-06,5332.39990234375,8.58155667892577
2010-08-09,5410.5,8.596096789011703
2010-08-10,5376.39990234375,8.58977426603312
2010-08-11,5245.2001953125,8.565068688893694
2010-08-12,5266.10009765625,8.56904534816581
2010-08-13,5275.39990234375,8.570809766341622
2010-08-16,5276.10009765625,8.570942485919602
2010-08-17,5350.60009765625,8.58496400138593
2010-08-18,5302.89990234375,8.576009101293085
2010-08-19,5211.2998046875,8.558584586297334
2010-08-20,5195.2998046875,8.555509612106366
2010-08-23,5234.7998046875,8.563083880870922
2010-08-24,5156.0,8.547916364059079
2010-08-25,5109.39990234375,8.538837240361053
2010-08-26,5155.7998046875,8.547877535665137
2010-08-27,5201.60009765625,8.556721568323912
2010-08-31,5225.2001953125,8.56124839099136
2010-09-01,5366.39990234375,8.587912553431169
2010-09-02,5371.0,8.58876938990546
2010-09-03,5428.2001953125,8.59936290224083
2010-09-06,5439.2001953125,8.601387306120563
2010-09-07,5407.7998046875,8.595597598673606
2010-09-08,5429.7001953125,8.599639198754074
2010-09-09,5494.2001953125,8.611448304890592
2010-09-10,5501.60009765625,8.612794255756144
2010-09-13,5565.5,8.62434210693328
2010-09-14,5567.39990234375,8.62468342004646
2010-09-15,5555.60009765625,8.622561724620049
2010-09-16,5540.10009765625,8.6197678477471
2010-09-17,5508.5,8.61404763278012
2010-09-20,5602.5,8.630968205675082
2010-09-21,5576.2001953125,8.62626285482895
2010-09-22,5551.89990234375,8.621895472907354
2010-09-23,5547.10009765625,8.62103056526041
2010-09-24,5598.5,8.630253983700252
2010-09-27,5573.39990234375,8.625760542099686
2010-09-28,5578.39990234375,8.62665725840066
2010-09-29,5569.2998046875,8.625024616704746
2010-09-30,5548.60009765625,8.621300940267437
2010-10-01,5592.89990234375,8.629253197708772
2010-10-04,5556.0,8.622633703874234
2010-10-05,5635.7998046875,8.63689435157284
2010-10-06,5681.39990234375,8.644952943028745
2010-10-07,5662.10009765625,8.64155014436691
2010-10-08,5657.60009765625,8.640755070264342
2010-10-11,5672.39990234375,8.643367570371154
2010-10-12,5661.60009765625,8.641461834010453
2010-10-13,5747.39990234375,8.656502840625523
2010-10-14,5727.2001953125,8.65298206818459
2010-10-15,5703.39990234375,8.64881775009807
2010-10-18,5742.5,8.655649934563254
2010-10-19,5703.89990234375,8.648905413262689
2010-10-20,5728.89990234375,8.65327880215675
2010-10-21,5757.89990234375,8.658328086919548
2010-10-22,5741.39990234375,8.655458345004137
2010-10-25,5752.0,8.657302899400882
2010-10-26,5707.2998046875,8.64950130195654
2010-10-27,5646.0,8.638702608813434
2010-10-28,5677.89990234375,8.644336707843312
2010-10-29,5675.2001953125,8.643861118434444
2010-11-01,5694.60009765625,8.647273653513423
2010-11-02,5757.39990234375,8.65824124593255
2010-11-03,5749.0,8.656781205623291
2010-11-04,5862.7998046875,8.676382550839286
2010-11-05,5875.39990234375,8.678529405179848
2010-11-08,5850.0,8.674196940225903
2010-11-09,5875.2001953125,8.678495414229666
2010-11-10,5816.89990234375,8.668522735982707
2010-11-11,5815.2001953125,8.668230491756974
2010-11-12,5796.89990234375,8.665078554042775
2010-11-15,5820.39990234375,8.669124250107853
2010-11-16,5681.89990234375,8.645040945635191
2010-11-17,5692.60009765625,8.646922381912633
2010-11-18,5768.7001953125,8.660202064681933
2010-11-19,5732.7998046875,8.653959312481385
2010-11-22,5680.7998046875,8.644847312486721
2010-11-23,5581.2998046875,8.627176968157222
2010-11-24,5657.10009765625,8.640666689663586
2010-11-25,5698.89990234375,8.648028435607008
2010-11-26,5668.7001953125,8.642715127992437
2010-11-29,5551.0,8.621733370690162
2010-11-30,5528.2998046875,8.617635597820518
2010-12-01,5642.5,8.63808250869169
2010-12-02,5767.60009765625,8.660011345364362
2010-12-03,5745.2998046875,8.656137374245445
2010-12-06,5770.2998046875,8.66047931737025
2010-12-07,5808.5,8.66707764095353
2010-12-08,5794.5,8.664664470774445
2010-12-09,5808.0,8.666991556504632
2010-12-10,5813.0,8.66785206770135
2010-12-13,5860.7998046875,8.67604135869932
2010-12-14,5891.2001953125,8.68121502419202
2010-12-15,5882.2001953125,8.679686153779993
2010-12-16,5881.10009765625,8.67949911483139
2010-12-17,5871.7998046875,8.677916476505995
2010-12-20,5891.60009765625,8.681282903190894
2010-12-21,5951.7998046875,8.691448940982122
2010-12-22,5983.5,8.69676096001357
2010-12-23,5996.10009765625,8.698864553155234
2010-12-24,6008.89990234375,8.700996966239408
2010-12-29,5996.39990234375,8.698914551852347
2010-12-30,5971.0,8.694669696546992
2010-12-31,5899.89990234375,8.682690664045442
2011-01-04,6013.89990234375,8.7018287193035
2011-01-05,6043.89990234375,8.706804761763719
2011-01-06,6019.5,8.70275947837508
2011-01-07,5984.2998046875,8.696894619450015
2011-01-10,5956.2998046875,8.692204729119913
2011-01-11,6014.0,8.701845363548474
2011-01-12,6050.7001953125,8.707929279090532
2011-01-13,6023.89990234375,8.703490152864873
2011-01-14,6002.10009765625,8.699864703244828
2011-01-17,5985.7001953125,8.697128602847073
2011-01-18,6056.39990234375,8.708870827009745
2011-01-19,5976.7001953125,8.695623887839343
2011-01-20,5867.89990234375,8.677252080893751
2011-01-21,5896.2998046875,8.68208028140401
2011-01-24,5943.89990234375,8.690120746138664
2011-01-25,5917.7001953125,8.685703171878409
2011-01-26,5969.2001953125,8.694368226777359
2011-01-27,5965.10009765625,8.693681115222109
2011-01-28,5881.39990234375,8.679550091186343
2011-01-31,5862.89990234375,8.676399624047495
2011-02-01,5957.7998046875,8.69245653161563
2011-02-02,6000.10009765625,8.699531431013742
2011-02-03,5983.2998046875,8.696727501559216
2011-02-04,5997.39990234375,8.69908130467774
2011-02-07,6051.0,8.707978826622321
2011-02-08,6091.2998046875,8.714616770555645
2011-02-09,6052.2998046875,8.708193611798839
2011-02-10,6020.0,8.702842538302868
2011-02-11,6062.89990234375,8.709943496343454
2011-02-14,6060.10009765625,8.709481596692001
2011-02-15,6037.10009765625,8.705679059354056
2011-02-16,6085.2998046875,8.713631273671773
2011-02-17,6087.39990234375,8.713976324108838
2011-02-18,6083.0,8.713253274320705
2011-02-21,6014.7998046875,8.70197834517618
2011-02-22,5996.7998046875,8.698981240034595
2011-02-23,5923.5,8.686682769394814
2011-02-24,5920.0,8.68609172787805
2011-02-25,6001.2001953125,8.699714760758432
2011-02-28,5994.0,8.69851424787661
2011-03-01,5935.7998046875,8.688757058653074
2011-03-02,5914.89990234375,8.685229853588613
2011-03-03,6005.10009765625,8.700364403426988
2011-03-04,5990.39990234375,8.697913450541092
2011-03-07,5973.7998046875,8.695138487114361
2011-03-08,5974.7998046875,8.695305870746758
2011-03-09,5937.2998046875,8.689009730669198
2011-03-10,5845.2998046875,8.67339316509503
2011-03-11,5828.7001953125,8.670549303425934
2011-03-14,5775.2001953125,8.661328200644126
2011-03-15,5695.2998046875,8.647396517987762
2011-03-16,5598.2001953125,8.630200431371023
2011-03-17,5696.10009765625,8.647537026261885
2011-03-18,5718.10009765625,8.651391878440165
2011-03-21,5786.10009765625,8.663213785361593
2011-03-22,5762.7001953125,8.659161427753508
2011-03-23,5795.89990234375,8.664906033164415
2011-03-24,5880.89990234375,8.679465073798823
2011-03-25,5900.7998046875,8.682843180822895
2011-03-28,5904.5,8.683470051041336
2011-03-29,5932.2001953125,8.688150451055268
2011-03-30,5948.2998046875,8.690860710594846
2011-03-31,5908.7998046875,8.684198011043787
2011-04-01,6009.89990234375,8.701163372206485
2011-04-04,6017.0,8.702344075220351
2011-04-05,6007.10009765625,8.700697398213283
2011-04-06,6041.10009765625,8.706341409717778
2011-04-07,6007.39990234375,8.700747305356744
2011-04-08,6055.7998046875,8.70877173722073
2011-04-11,6053.39990234375,8.708375360509926
2011-04-12,5964.5,8.693580508722
2011-04-13,6010.39990234375,8.701246564807072
2011-04-14,5963.7998046875,8.693463108032084
2011-04-15,5996.0,8.698847859222488
2011-04-18,5870.10009765625,8.677626965088379
2011-04-19,5896.89990234375,8.682182051520972
2011-04-20,6022.2998046875,8.703224492705724
2011-04-21,6018.2998046875,8.70256007394305
2011-04-26,6069.39990234375,8.711015016290464
2011-04-27,6068.2001953125,8.71081733190055
2011-04-28,6069.89990234375,8.71109739336465
2011-05-03,6082.89990234375,8.713236818874408
2011-05-04,5984.10009765625,8.696861247063916
2011-05-05,5920.0,8.68609172787805
2011-05-06,5976.7998046875,8.695640553983152
2011-05-09,5942.7001953125,8.689918887402698
2011-05-10,6018.89990234375,8.702659781129332
2011-05-11,5976.0,8.695506726812653
2011-05-12,5945.0,8.690305809124883
2011-05-13,5925.89990234375,8.6870878367225
2011-05-16,5923.7001953125,8.686716565618262
2011-05-17,5861.0,8.676075516476429
2011-05-18,5923.5,8.686682769394814
2011-05-19,5956.0,8.6921543938039
2011-05-20,5948.5,8.69089436591658
2011-05-23,5835.89990234375,8.671783757738172
2011-05-24,5858.39990234375,8.67563179107742
2011-05-25,5870.10009765625,8.677626965088379
2011-05-26,5881.0,8.679482094459956
2011-05-27,5938.89990234375,8.68927919357912
2011-05-31,5990.0,8.697846691109495
2011-06-01,5928.60009765625,8.68754339290103
2011-06-02,5847.89990234375,8.673837884720838
2011-06-03,5855.0,8.675051276031818
2011-06-06,5863.2001953125,8.676450841923227
2011-06-07,5864.7001953125,8.67670664218725
2011-06-08,5808.89990234375,8.667146486365974
2011-06-09,5856.2998046875,8.675273250486322
2011-06-10,5765.7998046875,8.659699157631582
2011-06-13,5773.5,8.661033761391911
2011-06-14,5803.10009765625,8.666147553336387
2011-06-15,5742.60009765625,8.655667365435496
2011-06-16,5698.7998046875,8.64801087107051
2011-06-17,5714.89990234375,8.650832061175041
2011-06-20,5693.39990234375,8.647062871055232
2011-06-21,5775.2998046875,8.6613454482741
2011-06-22,5773.0,8.660947155060933
2011-06-23,5674.39990234375,8.643720092677908
2011-06-24,5697.7001953125,8.647817897898323
2011-06-27,5722.2998046875,8.652126067324426
2011-06-28,5766.89990234375,8.659889936493
2011-06-29,5856.0,8.675222055641148
2011-06-30,5945.7001953125,8.690423581047781
2011-07-01,5989.7998046875,8.697813268962918
2011-07-04,6017.5,8.702427169657227
2011-07-05,6024.0,8.703506769479729
2011-07-06,6002.89990234375,8.699997948507415
2011-07-07,6054.60009765625,8.708573608827804
2011-07-08,5990.60009765625,8.69794686933961
2011-07-11,5929.2001953125,8.687644608580488
2011-07-12,5869.0,8.677439540558334
2011-07-13,5906.39990234375,8.683791771210984
2011-07-14,5847.0,8.67368398817567
2011-07-15,5843.7001953125,8.673119470273406
2011-07-18,5752.7998046875,8.657441937837426
2011-07-19,5790.0,8.663887570567042
2011-07-20,5853.7998046875,8.674846268629398
2011-07-21,5899.89990234375,8.682690664045442
2011-07-22,5935.0,8.688622307043769
2011-07-25,5925.2998046875,8.686986564670455
2011-07-26,5929.7001953125,8.687728933430826
2011-07-27,5856.60009765625,8.675324526083537
2011-07-28,5873.2001953125,8.678154942343651
2011-07-29,5815.2001953125,8.668230491756974
2011-08-01,5774.39990234375,8.661189616976595
2011-08-02,5718.39990234375,8.65144430788756
2011-08-03,5584.5,8.62775018198088
2011-08-04,5393.10009765625,8.592875655828108
2011-08-05,5247.0,8.565411763686711
2011-08-08,5069.0,8.53089883847235
2011-08-09,5164.89990234375,8.549641001374415
2011-08-10,5007.2001953125,8.518632194616822
2011-08-11,5162.7998046875,8.5492343091303
2011-08-12,5320.0,8.57922858233569
2011-08-15,5350.60009765625,8.58496400138593
2011-08-16,5357.60009765625,8.586271410823452
2011-08-17,5331.60009765625,8.581406678046363
2011-08-18,5092.2001953125,8.535465274558915
2011-08-19,5040.7998046875,8.525320039881516
2011-08-22,5095.2998046875,8.53607378684763
2011-08-23,5129.39990234375,8.54274395322171
2011-08-24,5205.89990234375,8.557547858005803
2011-08-25,5131.10009765625,8.543075359162563
2011-08-26,5129.89990234375,8.542841425760756
2011-08-30,5268.7001953125,8.569538968858511
2011-08-31,5394.5,8.593135194991396
2011-09-01,5418.7001953125,8.597611249310143
2011-09-02,5292.0,8.573951525234847
2011-09-05,5102.60009765625,8.537505511866643
2011-09-06,5156.7998046875,8.548071473186425
2011-09-07,5318.60009765625,8.578965408170108
2011-09-08,5340.39990234375,8.583055817229623
2011-09-09,5214.7001953125,8.559236876868132
2011-09-12,5129.60009765625,8.542782981453025
2011-09-13,5174.2998046875,8.551459305537204
2011-09-14,5227.0,8.561592778712923
2011-09-15,5337.5,8.58251265753688
2011-09-16,5368.39990234375,8.588285173332709
2011-09-19,5259.60009765625,8.567810275780003
2011-09-20,5363.7001953125,8.587409350839646
2011-09-21,5288.39990234375,8.573271003169818
2011-09-22,5041.60009765625,8.5254787903731
2011-09-23,5066.7998046875,8.530464695061971
2011-09-26,5089.39990234375,8.534915205215688
2011-09-27,5294.10009765625,8.574348290363538
2011-09-28,5217.60009765625,8.559792823751753
2011-09-29,5196.7998046875,8.555798292944079
2011-09-30,5128.5,8.542568497747466
2011-10-03,5075.5,8.532180321224486
2011-10-04,4944.39990234375,8.506010882262789
2011-10-05,5102.2001953125,8.537427136527102
2011-10-06,5291.2998046875,8.573819204441437
2011-10-07,5303.39990234375,8.576103384881062
2011-10-10,5399.0,8.593969030218288
2011-10-11,5395.7001953125,8.59335765524157
2011-10-12,5441.7998046875,8.601865131582278
2011-10-13,5403.39990234375,8.594783645975312
2011-10-14,5466.39990234375,8.606375525601749
2011-10-17,5436.7001953125,8.600927574060828
2011-10-18,5410.39990234375,8.596078288211002
2011-10-19,5450.5,8.603462626568414
2011-10-20,5384.7001953125,8.591316914003956
2011-10-21,5488.7001953125,8.610446747876663
2011-10-24,5548.10009765625,8.621210823387367
2011-10-25,5525.5,8.617129020028838
2011-10-26,5553.2001953125,8.62212965233181
2011-10-27,5713.7998046875,8.650639546245461
2011-10-28,5702.2001953125,8.648607378521756
2011-10-31,5544.2001953125,8.62050765048338
2011-11-01,5421.60009765625,8.598146271834343
2011-11-02,5484.10009765625,8.609608293188174
2011-11-03,5545.60009765625,8.620760117130969
2011-11-04,5527.2001953125,8.617436672511193
2011-11-07,5510.7998046875,8.614465046728675
2011-11-08,5567.2998046875,8.624665440638145
2011-11-09,5460.39990234375,8.605277308244373
2011-11-10,5444.7998046875,8.60241626787526
2011-11-11,5545.39990234375,8.620724016632813
2011-11-14,5519.0,8.615951963439501
2011-11-15,5517.39990234375,8.61566199611653
2011-11-16,5509.0,8.614138397472717
2011-11-17,5423.10009765625,8.598422904656378
2011-11-18,5362.89990234375,8.587260134319417
2011-11-21,5222.60009765625,8.560750659863846
2011-11-22,5206.7998046875,8.55772070508126
2011-11-23,5139.7998046875,8.54476940918632
2011-11-24,5127.60009765625,8.542393011483195
2011-11-25,5164.7001953125,8.549602334430993
2011-11-28,5312.7998046875,8.577874245463873
2011-11-29,5337.0,8.582418976333944
2011-11-30,5505.39990234375,8.613484689995891
2011-12-01,5489.2998046875,8.610555986239861
2011-12-02,5552.2998046875,8.621967500132094
2011-12-05,5568.0,8.624791202014256
2011-12-06,5568.7001953125,8.624916947576432
2011-12-07,5546.89990234375,8.620994474524423
2011-12-08,5483.7998046875,8.609553534670773
2011-12-09,5529.2001953125,8.617798453914029
2011-12-12,5427.89990234375,8.599307579801625
2011-12-13,5490.2001953125,8.610719999287271
2011-12-14,5366.7998046875,8.587987070323587
2011-12-15,5400.89990234375,8.59432086725021
2011-12-16,5387.2998046875,8.591799574498845
2011-12-19,5365.0,8.587651655064798
2011-12-20,5419.60009765625,8.597777308991365
2011-12-21,5389.7001953125,8.592245039965059
2011-12-22,5457.0,8.604654467186231
2011-12-23,5512.7001953125,8.614809835705646
2011-12-28,5507.39990234375,8.613847903721275
2011-12-29,5566.7998046875,8.62457562646046
2011-12-30,5572.2998046875,8.625563139031463
2012-01-03,5699.89990234375,8.64820389267612
2012-01-04,5668.5,8.642679811457654
2012-01-05,5624.2998046875,8.63485174015778
2012-01-06,5649.7001953125,8.63935775995606
2012-01-09,5612.2998046875,8.632715861870906
2012-01-10,5696.7001953125,8.64764237308468
2012-01-11,5670.7998046875,8.643085445801686
2012-01-12,5662.39990234375,8.641603092344758
2012-01-13,5636.60009765625,8.637036343158844
2012-01-16,5657.39990234375,8.640719684438002
2012-01-17,5694.0,8.647168267837984
2012-01-18,5702.39990234375,8.64864240071097
2012-01-19,5741.2001953125,8.655423560716681
2012-01-20,5728.60009765625,8.653226468805222
2012-01-23,5782.60009765625,8.66260870440216
2012-01-24,5751.89990234375,8.65728549701437
2012-01-25,5723.0,8.652248422409102
2012-01-26,5795.2001953125,8.664785301391554
2012-01-27,5733.5,8.65408144347836
2012-01-30,5671.10009765625,8.643138398652868
2012-01-31,5681.60009765625,8.644988179376984
2012-02-01,5790.7001953125,8.664008495088277
2012-02-02,5796.10009765625,8.664940573418473
2012-02-03,5901.10009765625,8.682894069742694
2012-02-06,5892.2001953125,8.681384754485357
2012-02-07,5890.2998046875,8.681062175976301
2012-02-08,5875.89990234375,8.678614502149308
2012-02-09,5895.5,8.681944627016728
2012-02-10,5852.39990234375,8.674607095817477
2012-02-13,5905.7001953125,8.683673298284699
2012-02-14,5899.89990234375,8.682690664045442
2012-02-15,5892.2001953125,8.681384754485357
2012-02-16,5885.39990234375,8.680229970205357
2012-02-17,5905.10009765625,8.683571679826699
2012-02-20,5945.2998046875,8.6903562375737
2012-02-21,5928.2001953125,8.687475937544777
2012-02-22,5916.60009765625,8.685517255071806
2012-02-23,5937.89990234375,8.689110798048539
2012-02-24,5935.10009765625,8.688639172555504
2012-02-27,5915.60009765625,8.685348224800872
2012-02-28,5927.89990234375,8.687425281263817
2012-02-29,5871.5,8.677865416805135
2012-03-01,5931.2998046875,8.687998659319822
2012-03-02,5911.10009765625,8.684587234813327
2012-03-05,5874.7998046875,8.678427262633894
2012-03-06,5765.7998046875,8.659699157631582
2012-03-07,5791.39990234375,8.664129320677109
2012-03-08,5859.7001953125,8.675853720052809
2012-03-09,5887.5,8.680586738324672
2012-03-12,5892.7998046875,8.68148651254654
2012-03-13,5955.89990234375,8.692137587474587
2012-03-14,5945.39990234375,8.690373073867395
2012-03-15,5940.7001953125,8.689582283408363
2012-03-16,5965.60009765625,8.69376493259948
2012-03-19,5961.10009765625,8.693010323170244
2012-03-20,5891.39990234375,8.681248922827232
2012-03-21,5892.0,8.681350777582521
2012-03-22,5845.7001953125,8.673461660625808
2012-03-23,5854.89990234375,8.675034179787257
2012-03-26,5902.7001953125,8.683165185421771
2012-03-27,5869.60009765625,8.677541784037418
2012-03-28,5809.0,8.667163717992533
2012-03-29,5742.0,8.655562860681009
2012-03-30,5768.5,8.660167360367344
2012-04-02,5874.89990234375,8.678444300968277
2012-04-03,5838.2998046875,8.67219490410157
2012-04-04,5703.7998046875,8.64888786412328
2012-04-05,5723.7001953125,8.652370762524843
2012-04-10,5595.60009765625,8.629735871054605
2012-04-11,5634.7001953125,8.636699221032316
2012-04-12,5710.5,8.650061864490661
2012-04-13,5651.7998046875,8.639729322916578
2012-04-16,5666.2998046875,8.642291591925233
2012-04-17,5767.0,8.659907293615413
2012-04-18,5745.2998046875,8.656137374245445
2012-04-19,5744.60009765625,8.656015579097
2012-04-20,5772.2001953125,8.660808603164865
2012-04-23,5665.60009765625,8.64216809859434
2012-04-24,5709.5,8.649886733141702
2012-04-25,5718.89990234375,8.651531741111986
2012-04-26,5748.7001953125,8.656729055248437
2012-04-27,5777.10009765625,8.661657122557978
2012-04-30,5737.7998046875,8.654831106543936
2012-05-01,5812.2001953125,8.66771446926428
2012-05-02,5758.10009765625,8.658362855122487
2012-05-03,5766.60009765625,8.659837947992099
2012-05-04,5655.10009765625,8.640313089128533
2012-05-08,5554.60009765625,8.622381709861516
2012-05-09,5530.10009765625,8.61796119519456
2012-05-10,5544.0,8.620471540869739
2012-05-11,5575.5,8.626137278405416
2012-05-14,5465.5,8.60621088773389
2012-05-15,5437.60009765625,8.601093083991868
2012-05-16,5405.2998046875,8.595135196562303
2012-05-17,5338.39990234375,8.582681243296229
2012-05-18,5267.60009765625,8.569330148375105
2012-05-21,5304.5,8.576310795899326
2012-05-22,5403.2998046875,8.59476512086423
2012-05-23,5266.39990234375,8.569102277610401
2012-05-24,5350.10009765625,8.584870549557316
2012-05-25,5351.5,8.58513217442443
2012-05-29,5391.10009765625,8.592504742828218
2012-05-30,5297.2998046875,8.574952498902183
2012-05-31,5320.89990234375,8.579397722606561
2012-06-01,5260.2001953125,8.567924364952836
2012-06-06,5384.10009765625,8.591205462841238
2012-06-07,5447.7998046875,8.602967100584335
2012-06-08,5435.10009765625,8.600633216617775
2012-06-11,5432.39990234375,8.600136286253282
2012-06-12,5473.7001953125,8.607710119250282
2012-06-13,5483.7998046875,8.609553534670773
2012-06-14,5467.10009765625,8.60650360815783
2012-06-15,5478.7998046875,8.608641342211891
2012-06-18,5491.10009765625,8.610883896516516
2012-06-19,5586.2998046875,8.62807241579306
2012-06-20,5622.2998046875,8.634496077096847
2012-06-21,5566.39990234375,8.624503786853799
2012-06-22,5513.7001953125,8.614991218562665
2012-06-25,5450.7001953125,8.603499355609058
2012-06-26,5447.0,8.602820277383675
2012-06-27,5523.89990234375,8.616839393862424
2012-06-28,5493.10009765625,8.611248055943063
2012-06-29,5571.2001953125,8.625365784631397
2012-07-02,5640.60009765625,8.637745739125656
2012-07-03,5687.7001953125,8.646061261815554
2012-07-04,5684.5,8.64549845156916
2012-07-05,5692.60009765625,8.646922381912633
2012-07-06,5662.60009765625,8.641638446925334
2012-07-09,5627.2998046875,8.635384997681196
2012-07-10,5664.10009765625,8.641903307826198
2012-07-11,5664.5,8.641973908313544
2012-07-12,5608.2998046875,8.632002887465136
2012-07-13,5666.10009765625,8.64225634660509
2012-07-16,5662.39990234375,8.641603092344758
2012-07-17,5629.10009765625,8.63570486779948
2012-07-18,5685.7998046875,8.64572708312954
2012-07-19,5714.2001953125,8.650709618108458
2012-07-20,5651.7998046875,8.639729322916578
2012-07-23,5533.89990234375,8.618648072424657
2012-07-24,5499.2001953125,8.612357941612098
2012-07-25,5498.2998046875,8.612194197010687
2012-07-26,5573.2001953125,8.625724709284384
2012-07-27,5627.2001953125,8.635367296428365
2012-07-30,5693.60009765625,8.647098033136995
2012-07-31,5635.2998046875,8.636805629084769
2012-08-01,5712.7998046875,8.650464516046323
2012-08-02,5662.2998046875,8.641585414585727
2012-08-03,5787.2998046875,8.663421106813486
2012-08-06,5808.7998046875,8.667129254442482
2012-08-07,5841.2001953125,8.672691567603366
2012-08-08,5845.89990234375,8.673495823106494
2012-08-09,5851.5,8.674453317614821
2012-08-10,5847.10009765625,8.673701107518829
2012-08-13,5831.89990234375,8.671098110019894
2012-08-14,5864.7998046875,8.676723626606877
2012-08-15,5833.0,8.671286726753637
2012-08-16,5834.5,8.671543851246161
2012-08-17,5852.39990234375,8.674607095817477
2012-08-20,5824.39990234375,8.669811252070001
2012-08-21,5857.5,8.67547817038195
2012-08-22,5774.2001953125,8.66115503148059
2012-08-23,5776.60009765625,8.661570570199537
2012-08-24,5776.60009765625,8.661570570199537
2012-08-28,5775.7001953125,8.661414773981857
2012-08-29,5743.5,8.65582405958546
2012-08-30,5719.5,8.651636667965729
2012-08-31,5711.5,8.650236965174003
2012-09-03,5758.39990234375,8.658414920365844
2012-09-04,5672.0,8.643297068211963
2012-09-05,5657.89990234375,8.640808060355381
2012-09-06,5777.2998046875,8.661691690693573
2012-09-07,5794.7998046875,8.664716208962709
2012-09-10,5793.2001953125,8.664440128640797
2012-09-11,5792.2001953125,8.664267497576049
2012-09-12,5782.10009765625,8.662522234369757
2012-09-13,5819.89990234375,8.669038341667571
2012-09-14,5915.60009765625,8.685348224800872
2012-09-17,5893.5,8.681605327666624
2012-09-18,5868.2001953125,8.677303255128177
2012-09-19,5888.5,8.680756575281602
2012-09-20,5854.60009765625,8.67498297270112
2012-09-21,5852.60009765625,8.67464130262013
2012-09-24,5838.7998046875,8.672280541805629
2012-09-25,5859.7001953125,8.675853720052809
2012-09-26,5768.10009765625,8.660098032776801
2012-09-27,5779.39990234375,8.662055133152512
2012-09-28,5742.10009765625,8.655580293071079
2012-10-01,5820.5,8.669141447688295
2012-10-02,5809.5,8.667249787622916
2012-10-03,5825.7998046875,8.670051574534112
2012-10-04,5827.7998046875,8.670394816122407
2012-10-05,5871.0,8.677780256064185
2012-10-08,5841.7001953125,8.672777162786684
2012-10-09,5810.2998046875,8.667387450009912
2012-10-10,5776.7001953125,8.661587898175737
2012-10-11,5829.7998046875,8.670737939936338
2012-10-12,5793.2998046875,8.664457322681274
2012-10-15,5805.60009765625,8.66657826478497
2012-10-16,5870.5,8.677695088070266
2012-10-17,5910.89990234375,8.684553366548647
2012-10-18,5917.10009765625,8.685601759494268
2012-10-19,5896.2001953125,8.682063387721584
2012-10-22,5882.89990234375,8.679805099989762
2012-10-23,5797.89990234375,8.665251045162817
2012-10-24,5804.7998046875,8.666440406834038
2012-10-25,5805.10009765625,8.666492137334963
2012-10-26,5806.7001953125,8.666767735885749
2012-10-29,5795.10009765625,8.664768028731878
2012-10-30,5849.89990234375,8.674179829369042
2012-10-31,5782.7001953125,8.662626014399084
2012-11-01,5861.89990234375,8.67622904544162
2012-11-02,5868.60009765625,8.67737140016497
2012-11-05,5839.10009765625,8.672331971081666
2012-11-06,5884.89990234375,8.680145010602187
2012-11-07,5791.60009765625,8.664163887768972
2012-11-08,5776.10009765625,8.661484010349136
2012-11-09,5769.7001953125,8.660375398934281
2012-11-12,5767.2998046875,8.659959278511357
2012-11-13,5786.2998046875,8.663248299729046
2012-11-14,5722.0,8.652073673610056
2012-11-15,5677.7998046875,8.644319078342914
2012-11-16,5605.60009765625,8.631521394477518
2012-11-19,5737.7001953125,8.654813746189268
2012-11-20,5748.10009765625,8.656624661392495
2012-11-21,5752.0,8.657302899400882
2012-11-22,5791.0,8.66406026722579
2012-11-23,5819.10009765625,8.668900906374375
2012-11-26,5786.7001953125,8.66331749365027
2012-11-27,5799.7001953125,8.66556150473515
2012-11-28,5803.2998046875,8.66618196659682
2012-11-29,5870.2998046875,8.677660985570292
2012-11-30,5866.7998046875,8.677064586081453
2012-12-03,5871.2001953125,8.67781435449705
2012-12-04,5869.0,8.677439540558334
2012-12-05,5892.10009765625,8.681367766178242
2012-12-06,5901.39990234375,8.682944873333048
2012-12-07,5914.39990234375,8.685145317731283
2012-12-10,5921.60009765625,8.686361978123422
2012-12-11,5925.0,8.686935966003333
2012-12-12,5945.89990234375,8.690457168963558
2012-12-13,5929.60009765625,8.687712052560322
2012-12-14,5921.7998046875,8.68639570273509
2012-12-17,5912.2001953125,8.684773324590658
2012-12-18,5935.89990234375,8.688773921892327
2012-12-19,5961.60009765625,8.693094196788149
2012-12-20,5958.2998046875,8.69254045169295
2012-12-21,5940.0,8.68946441235669
2012-12-24,5954.2001953125,8.691852164677321
2012-12-27,5954.2998046875,8.691868893799377
2012-12-28,5925.39990234375,8.687003457792166
2012-12-31,5897.7998046875,8.682334645884177
2013-01-02,6027.39990234375,8.704071003089352
2013-01-03,6047.2998046875,8.70736713812268
2013-01-04,6089.7998046875,8.714370487370106
2013-01-07,6064.60009765625,8.710223883121213
2013-01-08,6053.60009765625,8.708408431512241
2013-01-09,6098.7001953125,8.715830944720395
2013-01-10,6101.5,8.716289921571894
2013-01-11,6121.60009765625,8.719578795198666
2013-01-14,6107.89990234375,8.717338278244801
2013-01-15,6117.2998046875,8.718876069760919
2013-01-16,6104.0,8.716699572964293
2013-01-17,6132.39990234375,8.721341453511661
2013-01-18,6154.39990234375,8.724922536277012
2013-01-21,6181.0,8.729235349659273
2013-01-22,6179.2001953125,8.72894412384225
2013-01-23,6197.60009765625,8.7319174150748
2013-01-24,6264.89990234375,8.742717889923002
2013-01-25,6284.5,8.745841563364893
2013-01-28,6294.39990234375,8.747415612679957
2013-01-29,6339.2001953125,8.754507887314507
2013-01-30,6323.10009765625,8.751964888655474
2013-01-31,6276.89990234375,8.744631491455277
2013-02-01,6347.2001953125,8.755769080531508
2013-02-04,6246.7998046875,8.739824580347682
2013-02-05,6282.7998046875,8.74557098888202
2013-02-06,6295.2998046875,8.747558571188296
2013-02-07,6228.39990234375,8.736874741288082
2013-02-08,6263.89990234375,8.74255825771278
2013-02-11,6277.10009765625,8.744663384925488
2013-02-12,6338.39990234375,8.75438163424395
2013-02-13,6359.10009765625,8.757642152243731
2013-02-14,6327.39990234375,8.752644672830499
2013-02-15,6328.2998046875,8.752786885804273
2013-02-18,6318.2001953125,8.751189667360894
2013-02-19,6379.10009765625,8.760782315866177
2013-02-20,6395.39990234375,8.763334245653382
2013-02-21,6291.5,8.746954795032023
2013-02-22,6335.7001953125,8.753955614715734
2013-02-25,6355.39990234375,8.757060108841793
2013-02-26,6270.39990234375,8.743595411871201
2013-02-27,6325.89990234375,8.752407580525697
2013-02-28,6360.7998046875,8.757909403881623
2013-03-01,6378.60009765625,8.760703931832596
2013-03-04,6345.60009765625,8.755516953715077
2013-03-05,6432.0,8.769040810858803
2013-03-06,6427.60009765625,8.768356512360866
2013-03-07,6439.2001953125,8.77015961811132
2013-03-08,6483.60009765625,8.77703120570006
2013-03-11,6503.60009765625,8.780111163737121
2013-03-12,6510.60009765625,8.781186911853794
2013-03-13,6481.5,8.776707244040098
2013-03-14,6529.39990234375,8.78407031947844
2013-03-15,6489.7001953125,8.777971613764016
2013-03-18,6457.89990234375,8.773059451406173
2013-03-19,6441.2998046875,8.770485631758863
2013-03-20,6432.7001953125,8.76914966614537
2013-03-21,6388.60009765625,8.762270446321597
2013-03-22,6392.7998046875,8.762927605508304
2013-03-25,6378.39990234375,8.760672545877824
2013-03-26,6399.39990234375,8.763959499692737
2013-03-27,6387.60009765625,8.762113905255122
2013-03-28,6411.7001953125,8.765879755822914
2013-04-02,6490.7001953125,8.778125692216435
2013-04-03,6420.2998046875,8.767220094143118
2013-04-04,6344.10009765625,8.755280541509288
2013-04-05,6249.7998046875,8.740304710967436
2013-04-08,6276.89990234375,8.744631491455277
2013-04-09,6313.2001953125,8.750397989461925
2013-04-10,6387.39990234375,8.762082563523222
2013-04-11,6416.10009765625,8.766565750680302
2013-04-12,6384.39990234375,8.76161277851233
2013-04-15,6343.60009765625,8.755201725018898
2013-04-16,6304.60009765625,8.749034820163265
2013-04-17,6244.2001953125,8.739408343150895
2013-04-18,6243.7001953125,8.739328265638322
2013-04-19,6286.60009765625,8.746175678543272
2013-04-22,6280.60009765625,8.745220811848602
2013-04-23,6406.10009765625,8.765005955656806
2013-04-24,6431.7998046875,8.7690096854813
2013-04-25,6442.60009765625,8.77068747948867
2013-04-26,6426.39990234375,8.768169769663498
2013-04-29,6458.0,8.77307495131822
2013-04-30,6430.10009765625,8.768745384397628
2013-05-01,6451.2998046875,8.772036909593957
2013-05-02,6460.7001953125,8.773492980270204
2013-05-03,6521.5,8.782859689810337
2013-05-07,6557.2998046875,8.78833418206227
2013-05-08,6583.5,8.792321797796399
2013-05-09,6592.7001953125,8.79371828489758
2013-05-10,6625.0,8.798605650854423
2013-05-13,6631.7998046875,8.799631510094061
2013-05-14,6686.10009765625,8.807786038099842
2013-05-15,6693.60009765625,8.808907139570884
2013-05-16,6687.7998046875,8.808040220806877
2013-05-17,6723.10009765625,8.813304651195958
2013-05-20,6755.60009765625,8.818127083999366
2013-05-21,6803.89990234375,8.825251241817845
2013-05-22,6840.2998046875,8.830586840750705
2013-05-23,6696.7998046875,8.809385050180797
2013-05-24,6654.2998046875,8.803018511873532
2013-05-28,6762.0,8.819073983267831
2013-05-29,6627.2001953125,8.79893770067261
2013-05-30,6657.0,8.803424211600703
2013-05-31,6583.10009765625,8.792261052829451
2013-06-03,6525.10009765625,8.7834115727102
2013-06-04,6558.60009765625,8.788532459417645
2013-06-05,6419.2998046875,8.7670643260456
2013-06-06,6336.10009765625,8.754018731610673
2013-06-07,6412.0,8.765926513729443
2013-06-10,6400.5,8.764131391296164
2013-06-11,6340.10009765625,8.754649835580494
2013-06-12,6299.5,8.748225544150685
2013-06-13,6304.60009765625,8.749034820163265
2013-06-14,6308.2998046875,8.749621474646533
2013-06-17,6330.5,8.753134500960307
2013-06-18,6374.2001953125,8.760013902597095
2013-06-19,6348.7998046875,8.756021066886811
2013-06-20,6159.5,8.725750884402029
2013-06-21,6116.2001953125,8.718696299559756
2013-06-24,6029.10009765625,8.704353041047925
2013-06-25,6101.89990234375,8.716355461068607
2013-06-26,6165.5,8.726724515310584
2013-06-27,6243.39990234375,8.73928016912809
2013-06-28,6215.5,8.73480145123177
2013-07-01,6307.7998046875,8.749542210846192
2013-07-02,6303.89990234375,8.748923752976333
2013-07-03,6229.89990234375,8.737115544612896
2013-07-04,6421.7001953125,8.767438189553577
2013-07-05,6375.5,8.760217798323596
2013-07-08,6450.10009765625,8.771850928685872
2013-07-09,6513.10009765625,8.78157082732992
2013-07-10,6505.0,8.780326390946605
2013-07-11,6543.39990234375,8.786212172113116
2013-07-12,6544.89990234375,8.7864413844675
2013-07-15,6586.10009765625,8.792716661371717
2013-07-16,6556.39990234375,8.788196935920407
2013-07-17,6571.89990234375,8.790558248113557
2013-07-18,6634.39990234375,8.800023498417312
2013-07-19,6630.7001953125,8.799465687756264
2013-07-22,6623.2001953125,8.79833394531374
2013-07-23,6597.39990234375,8.794430896203837
2013-07-24,6620.39990234375,8.797911055315577
2013-07-25,6588.0,8.79300509129753
2013-07-26,6554.7998046875,8.787952854875202
2013-07-29,6560.2998046875,8.788791582827903
2013-07-30,6571.0,8.790421306897867
2013-07-31,6621.10009765625,8.79801681301873
2013-08-01,6682.0,8.807172622916703
2013-08-02,6647.89990234375,8.802056279614431
2013-08-05,6619.60009765625,8.79779023889738
2013-08-06,6604.2001953125,8.795461118831383
2013-08-07,6511.2001953125,8.781279080009222
2013-08-08,6529.7001953125,8.78411630931948
2013-08-09,6583.39990234375,8.792306593358452
2013-08-12,6574.2998046875,8.79092335779147
2013-08-13,6611.89990234375,8.796626320039836
2013-08-14,6587.39990234375,8.792913997644039
2013-08-15,6483.2998046875,8.776984888851613
2013-08-16,6500.0,8.779557455883728
2013-08-19,6465.7001953125,8.77426659088078
2013-08-20,6453.5,8.772377898275243
2013-08-21,6390.7998046875,8.762614704591906
2013-08-22,6446.89990234375,8.771354658952108
2013-08-23,6492.10009765625,8.778341347131798
2013-08-27,6441.0,8.77043908654689
2013-08-28,6430.10009765625,8.768745384397628
2013-08-29,6483.10009765625,8.776954085076817
2013-08-30,6412.89990234375,8.766066850473134
2013-09-02,6506.2001953125,8.780510877434844
2013-09-03,6468.39990234375,8.774684046606353
2013-09-04,6474.7001953125,8.775657583613533
2013-09-05,6532.39990234375,8.784529674253067
2013-09-06,6547.2998046875,8.786808000074402
2013-09-09,6530.7001953125,8.784269443981824
2013-09-10,6584.0,8.792397742356906
2013-09-11,6588.39990234375,8.793065791086068
2013-09-12,6589.0,8.793156870913819
2013-09-13,6583.7998046875,8.79236733555919
2013-09-16,6622.89990234375,8.79828860472797
2013-09-17,6570.2001953125,8.790299582142655
2013-09-18,6558.7998046875,8.788562908597019
2013-09-19,6625.39990234375,8.798666011650598
2013-09-20,6596.39990234375,8.794279309850138
2013-09-23,6557.39990234375,8.788349447018156
2013-09-24,6571.5,8.790497395922063
2013-09-25,6551.5,8.78744931004464
2013-09-26,6565.60009765625,8.789599191189428
2013-09-27,6512.7001953125,8.7815094257523
2013-09-30,6462.2001953125,8.773725126299563
2013-10-01,6460.0,8.773384596776648
2013-10-02,6437.5,8.769895544971991
2013-10-03,6449.0,8.771680359010377
2013-10-04,6453.89990234375,8.772439863093394
2013-10-07,6437.2998046875,8.769864446187459
2013-10-08,6365.7998046875,8.75869515976469
2013-10-09,6337.89990234375,8.754302746870195
2013-10-10,6430.5,8.768807574706141
2013-10-11,6487.2001953125,8.777586313737713
2013-10-14,6507.7001953125,8.7807414001777
2013-10-15,6549.10009765625,8.78708292951967
2013-10-16,6571.60009765625,8.790512627892527
2013-10-17,6576.2001953125,8.791212379598738
2013-10-18,6622.60009765625,8.798243335815878
2013-10-21,6654.2001953125,8.803003542586985
2013-10-22,6695.7001953125,8.80922083746809
2013-10-23,6674.5,8.806049574095788
2013-10-24,6713.2001953125,8.811831045527825
2013-10-25,6721.2998046875,8.813036838129909
2013-10-28,6725.7998046875,8.813706127463476
2013-10-29,6774.7001953125,8.820950393154378
2013-10-30,6777.7001953125,8.82139311916048
2013-10-31,6731.39990234375,8.814538410271405
2013-11-01,6734.7001953125,8.815028573423453
2013-11-04,6763.60009765625,8.819310586102775
2013-11-05,6746.7998046875,8.81682356843495
2013-11-06,6741.7001953125,8.81606742659294
2013-11-07,6697.2001953125,8.809444836745694
2013-11-08,6708.39990234375,8.811115736900163
2013-11-11,6728.39990234375,8.81409263840359
2013-11-12,6726.7998046875,8.813854797613615
2013-11-13,6630.0,8.799360083179907
2013-11-14,6666.10009765625,8.804790274904997
2013-11-15,6693.39990234375,8.808877230657384
2013-11-18,6723.5,8.813364131263924
2013-11-19,6698.0,8.80956425335415
2013-11-20,6681.10009765625,8.807037938249442
2013-11-21,6681.2998046875,8.807067829142204
2013-11-22,6674.2998046875,8.806019579592094
2013-11-25,6694.60009765625,8.809056524848558
2013-11-26,6636.2001953125,8.800294818925286
2013-11-27,6649.5,8.802296942853218
2013-11-28,6654.5,8.803048596526612
2013-11-29,6650.60009765625,8.802462369827554
2013-12-02,6595.2998046875,8.794112523509753
2013-12-03,6532.39990234375,8.784529674253067
2013-12-04,6510.0,8.781094735202615
2013-12-05,6498.2998046875,8.779295853159104
2013-12-06,6552.0,8.787525625532906
2013-12-09,6559.5,8.788669659521085
2013-12-10,6523.2998046875,8.783135631906172
2013-12-11,6507.7001953125,8.7807414001777
2013-12-12,6445.2998046875,8.771106431698291
2013-12-13,6440.0,8.770283819098399
2013-12-16,6522.2001953125,8.782967051264938
2013-12-17,6486.2001953125,8.777432152149867
2013-12-18,6492.10009765625,8.778341347131798
2013-12-19,6584.7001953125,8.792504084714583
2013-12-20,6606.60009765625,8.79582444312922
2013-12-23,6678.60009765625,8.806663678349498
2013-12-24,6694.2001953125,8.808996788003565
2013-12-27,6750.89990234375,8.817431093846146
2013-12-30,6731.2998046875,8.814523539902396
2013-12-31,6749.10009765625,8.817164456113085
2014-01-02,6717.89990234375,8.812530870142172
2014-01-03,6730.7001953125,8.81443445813514
2014-01-06,6730.7001953125,8.81443445813514
2014-01-07,6755.5,8.818112266900014
2014-01-08,6721.7998046875,8.813111225736154
2014-01-09,6691.2998046875,8.808563424936008
2014-01-10,6739.89990234375,8.815800352511761
2014-01-13,6757.2001953125,8.818363910952927
2014-01-14,6766.89990234375,8.819798344094412
2014-01-15,6819.89990234375,8.827600073654102
2014-01-16,6815.39990234375,8.826940022136668
2014-01-17,6829.2998046875,8.828977429694246
2014-01-20,6836.7001953125,8.830060466625078
2014-01-21,6834.2998046875,8.829709301289745
2014-01-22,6826.2998046875,8.828538049493584
2014-01-23,6773.2998046875,8.820743662916707
2014-01-24,6663.7001953125,8.804430194136053
2014-01-27,6550.7001953125,8.787327222963604
2014-01-28,6572.2998046875,8.790619096602288
2014-01-29,6544.2998046875,8.786349690907908
2014-01-30,6538.5,8.785463060346556
2014-01-31,6510.39990234375,8.781156162247386
2014-02-03,6465.7001953125,8.77426659088078
2014-02-04,6449.2998046875,8.771726846484245
2014-02-05,6457.89990234375,8.773059451406173
2014-02-06,6558.2998046875,8.78848667223149
2014-02-07,6571.7001953125,8.790527859630982
2014-02-10,6591.60009765625,8.793551404951833
2014-02-11,6672.7001953125,8.805779883872809
2014-02-12,6675.0,8.80612448326845
2014-02-13,6659.39990234375,8.803784654721566
2014-02-14,6663.60009765625,8.80441517269074
2014-02-17,6736.0,8.815221555922163
2014-02-18,6796.39990234375,8.824148324842783
2014-02-19,6796.7001953125,8.824192507989622
2014-02-20,6813.0,8.826587830773668
2014-02-21,6838.10009765625,8.830265208532621
2014-02-24,6865.89990234375,8.834322395167375
2014-02-25,6830.5,8.829153156327543
2014-02-26,6799.2001953125,8.824560265910222
2014-02-27,6810.2998046875,8.82619142235771
2014-02-28,6809.7001953125,8.826103373991279
2014-03-03,6708.39990234375,8.811115736900163
2014-03-04,6823.7998046875,8.828171751796205
2014-03-05,6775.39990234375,8.821053670182124
2014-03-06,6788.5,8.822985283040335
2014-03-07,6712.7001953125,8.811756562627506
2014-03-10,6689.5,8.808294411913675
2014-03-11,6685.5,8.80769628105472
2014-03-12,6620.89990234375,8.797986576602401
2014-03-13,6553.7998046875,8.78780028327614
2014-03-14,6527.89990234375,8.783840562939334
2014-03-17,6568.39990234375,8.790025535750097
2014-03-18,6605.2998046875,8.795627606492165
2014-03-19,6573.10009765625,8.790740856758037
2014-03-20,6542.39990234375,8.786059334683706
2014-03-21,6557.2001953125,8.788318991338262
2014-03-24,6520.39990234375,8.782690987755101
2014-03-25,6604.89990234375,8.795567062010969
2014-03-26,6605.2998046875,8.795627606492165
2014-03-27,6588.2998046875,8.793050597956
2014-03-28,6615.60009765625,8.797185790145148
2014-03-31,6598.39990234375,8.794582459582596
2014-04-01,6652.60009765625,8.802763049361156
2014-04-02,6659.0,8.803724602110622
2014-04-03,6649.10009765625,8.802236800832112
2014-04-04,6695.60009765625,8.809205887813603
2014-04-07,6622.7998046875,8.798273490742531
2014-04-08,6590.7001953125,8.793414873037804
2014-04-09,6635.60009765625,8.800204386935139
2014-04-10,6642.0,8.801168401936692
2014-04-11,6561.7001953125,8.789005024472518
2014-04-14,6583.7998046875,8.79236733555919
2014-04-15,6541.60009765625,8.785937077776264
2014-04-16,6584.2001953125,8.792428148230076
2014-04-17,6625.2998046875,8.798650903368248
2014-04-22,6681.7998046875,8.807142662079897
2014-04-23,6674.7001953125,8.806079567699836
2014-04-24,6703.0,8.810310466357958
2014-04-25,6685.7001953125,8.807726225309475
2014-04-28,6700.2001953125,8.80989268483005
2014-04-29,6769.89990234375,8.820241580323417
2014-04-30,6780.0,8.821732380934442
2014-05-01,6808.89990234375,8.825985844588267
2014-05-02,6822.39990234375,8.827966580777355
2014-05-06,6798.60009765625,8.824472001978746
2014-05-07,6796.39990234375,8.824148324842783
2014-05-08,6839.2998046875,8.830440637640915
2014-05-09,6814.60009765625,8.826822662681288
2014-05-12,6851.7998046875,8.832266641954647
2014-05-13,6873.10009765625,8.835370534911414
2014-05-14,6878.5,8.83615588390105
2014-05-15,6840.89990234375,8.830674566632863
2014-05-16,6855.7998046875,8.832850259834878
2014-05-19,6844.60009765625,8.831215313467492
2014-05-20,6802.0,8.82497196556714
2014-05-21,6821.0,8.82776136765472
2014-05-22,6820.60009765625,8.827702737825227
2014-05-23,6815.7998046875,8.826998696699796
2014-05-27,6844.89990234375,8.831259114145027
2014-05-28,6851.2001953125,8.832179126903142
2014-05-29,6871.2998046875,8.835108567420386
2014-05-30,6844.5,8.831200689035567
2014-06-02,6864.10009765625,8.834060224053346
2014-06-03,6836.2998046875,8.830001900015684
2014-06-04,6818.60009765625,8.827409465494636
2014-06-05,6813.5,8.826661217189875
2014-06-06,6858.2001953125,8.833200324097604
2014-06-09,6875.0,8.835646922534773
2014-06-10,6873.60009765625,8.835443279641874
2014-06-11,6838.89990234375,8.830382164690905
2014-06-12,6843.10009765625,8.830996138590105
2014-06-13,6777.89990234375,8.821422584035487
2014-06-16,6754.60009765625,8.817979047702735
2014-06-17,6766.7998046875,8.819783551737789
2014-06-18,6778.60009765625,8.821525884343549
2014-06-19,6808.10009765625,8.825868373091106
2014-06-20,6825.2001953125,8.828376952269487
2014-06-23,6800.60009765625,8.824766136925756
2014-06-24,6787.10009765625,8.822779045034112
2014-06-25,6733.60009765625,8.814865212400194
2014-06-26,6735.10009765625,8.815087951043784
2014-06-27,6757.7998046875,8.818452643379917
2014-06-30,6743.89990234375,8.816393657095821
2014-07-01,6802.89990234375,8.825104256484607
2014-07-02,6816.39990234375,8.827086737906576
2014-07-03,6865.2001953125,8.834220479512128
2014-07-04,6866.10009765625,8.834351552655361
2014-07-07,6823.5,8.828127815678169
2014-07-08,6738.5,8.815592627209213
2014-07-09,6718.0,8.812545770172237
2014-07-10,6672.39990234375,8.80573487964405
2014-07-11,6690.2001953125,8.808399077235455
2014-07-14,6746.10009765625,8.816719853586854
2014-07-15,6710.5,8.81142874283786
2014-07-16,6784.7001953125,8.822425384898102
2014-07-17,6738.2998046875,8.815562917587432
2014-07-18,6749.5,8.817223707048882
2014-07-21,6728.39990234375,8.81409263840359
2014-07-22,6795.2998046875,8.82398644697874
2014-07-23,6798.2001953125,8.82441317897109
2014-07-24,6821.5,8.827834668002929
2014-07-25,6791.60009765625,8.823441847820833
2014-07-28,6788.10009765625,8.82292637251178
2014-07-29,6807.7998046875,8.825824263928883
2014-07-30,6773.39990234375,8.820758441077945
2014-07-31,6730.10009765625,8.814345295879763
2014-08-01,6679.2001953125,8.80675352812169
2014-08-04,6677.5,8.806498944984115
2014-08-05,6682.5,8.807247448013074
2014-08-06,6636.2001953125,8.800294818925286
2014-08-07,6597.39990234375,8.794430896203837
2014-08-08,6567.39990234375,8.78987328007982
2014-08-11,6632.7998046875,8.799782287355546
2014-08-12,6632.39990234375,8.799721993903098
2014-08-13,6656.7001953125,8.80337917458122
2014-08-14,6685.2998046875,8.80766633590328
2014-08-15,6689.10009765625,8.808234629523746
2014-08-18,6741.2998046875,8.816008034673468
2014-08-19,6779.2998046875,8.82162910195644
2014-08-20,6755.5,8.818112266900014
2014-08-21,6777.7001953125,8.82139311916048
2014-08-22,6775.2998046875,8.82103889638322
2014-08-26,6822.7998046875,8.828025195140274
2014-08-27,6830.7001953125,8.829182464925564
2014-08-28,6805.7998046875,8.825530440095102
2014-08-29,6819.7998046875,8.827585396255273
2014-09-01,6825.2998046875,8.82839154651512
2014-09-02,6829.2001953125,8.828962843996694
2014-09-03,6873.60009765625,8.835443279641874
2014-09-04,6878.0,8.83608319099221
2014-09-05,6855.10009765625,8.832748194027843
2014-09-08,6834.7998046875,8.829782458997935
2014-09-09,6829.0,8.82893352896109
2014-09-10,6830.10009765625,8.829094608044011
2014-09-11,6799.60009765625,8.824619080266672
2014-09-12,6807.0,8.825706773447951
2014-09-15,6804.2001953125,8.825295376262279
2014-09-16,6792.2001953125,8.823530202720594
2014-09-17,6780.89990234375,8.821865101085988
2014-09-18,6819.2998046875,8.827512077632411
2014-09-19,6837.89990234375,8.830235931651588
2014-09-22,6773.60009765625,8.820787996745253
2014-09-23,6676.10009765625,8.80628927832664
2014-09-24,6706.2998046875,8.810802632959074
2014-09-25,6639.7001953125,8.80082209014277
2014-09-26,6649.39990234375,8.802281889328944
2014-09-29,6646.60009765625,8.80186073939981
2014-09-30,6622.7001953125,8.798258450257082
2014-10-01,6557.5,8.788364711741028
2014-10-02,6446.39990234375,8.771277099288124
2014-10-03,6527.89990234375,8.783840562939334
2014-10-06,6563.7001953125,8.78930977708287
2014-10-07,6495.60009765625,8.778880318625149
2014-10-08,6482.2001953125,8.776815268030568
2014-10-09,6431.89990234375,8.76902524829115
2014-10-10,6340.0,8.754634047431272
2014-10-13,6366.2001953125,8.758758054930436
2014-10-14,6392.7001953125,8.76291202389241
2014-10-15,6211.60009765625,8.734173806416628
2014-10-16,6195.89990234375,8.731643046200283
2014-10-17,6310.2998046875,8.749938467035333
2014-10-20,6267.10009765625,8.74306902227779
2014-10-21,6372.2998046875,8.759715720250712
2014-10-22,6399.7001953125,8.764006423768103
2014-10-23,6419.2001953125,8.767048808753861
2014-10-24,6388.7001953125,8.762286114366328
2014-10-27,6363.5,8.758333819432101
2014-10-28,6402.2001953125,8.76439699078636
2014-10-29,6453.89990234375,8.772439863093394
2014-10-30,6463.60009765625,8.77394173220674
2014-10-31,6546.5,8.786685834667807
2014-11-03,6488.0,8.77770959579525
2014-11-04,6454.0,8.772455372611907
2014-11-05,6539.10009765625,8.78555483523678
2014-11-06,6551.2001953125,8.787403547769218
2014-11-07,6567.2001953125,8.789842870774661
2014-11-10,6611.2998046875,8.796535555675694
2014-11-11,6627.39990234375,8.798967834668323
2014-11-12,6611.0,8.796490207333578
2014-11-13,6635.5,8.800189301877303
2014-11-14,6654.39990234375,8.803033554313206
2014-11-17,6672.0,8.805674944038582
2014-11-18,6709.10009765625,8.811220107358615
2014-11-19,6696.60009765625,8.809355228472684
2014-11-20,6678.89990234375,8.8067085676907
2014-11-21,6750.7998046875,8.817416266430573
2014-11-24,6729.7998046875,8.814300675493136
2014-11-25,6731.10009765625,8.814493871042057
2014-11-26,6729.2001953125,8.81421157386963
2014-11-27,6723.39990234375,8.813349243422566
2014-11-28,6722.60009765625,8.813230277977313
2014-12-01,6656.39990234375,8.803334062178157
2014-12-02,6742.10009765625,8.816126742562501
2014-12-03,6716.60009765625,8.812337367638685
2014-12-04,6679.39990234375,8.806783427516807
2014-12-05,6742.7998046875,8.81623051894007
2014-12-08,6672.2001953125,8.805704948881074
2014-12-09,6529.5,8.784085649660462
2014-12-10,6500.0,8.779557455883728
2014-12-11,6461.7001953125,8.773647750277597
2014-12-12,6300.60009765625,8.748400161439518
2014-12-15,6182.7001953125,8.729510379835736
2014-12-16,6331.7998046875,8.753339804058815
2014-12-17,6336.5,8.75408184452212
2014-12-18,6466.0,8.774312958285378
2014-12-19,6545.2998046875,8.78650248396985
2014-12-22,6576.7001953125,8.79128840845707
2014-12-23,6598.2001953125,8.794552193145819
2014-12-24,6609.89990234375,8.796323789364013
2014-12-29,6633.5,8.799887847356972
2014-12-30,6547.0,8.786762208441091
2014-12-31,6566.10009765625,8.789675342790943
2015-01-02,6547.7998046875,8.786884364518377
2015-01-05,6417.2001953125,8.766737194912702
2015-01-06,6366.5,8.75880514701349
2015-01-07,6419.7998046875,8.767142213127322
2015-01-08,6570.0,8.790269111478656
2015-01-09,6501.10009765625,8.779726687356543
2015-01-12,6501.39990234375,8.779772802286374
2015-01-13,6542.2001953125,8.786028809175892
2015-01-14,6388.5,8.762254778031378
2015-01-15,6498.7998046875,8.77937279340197
2015-01-16,6550.2998046875,8.78726609928982
2015-01-19,6585.5,8.7926255414391
2015-01-20,6620.10009765625,8.79786576930862
2015-01-21,6728.0,8.814033201652784
2015-01-22,6796.60009765625,8.824177780490913
2015-01-23,6832.7998046875,8.829489796047389
2015-01-26,6852.39990234375,8.832354220604909
2015-01-27,6811.60009765625,8.826382334489207
2015-01-28,6825.89990234375,8.828479465184468
2015-01-29,6810.60009765625,8.82623551532821
2015-01-30,6749.39990234375,8.817208876557956
2015-02-02,6782.60009765625,8.822115802648476
2015-02-03,6871.7998046875,8.835181331209405
2015-02-04,6860.0,8.83346272071993
2015-02-05,6865.89990234375,8.834322395167375
2015-02-06,6853.39990234375,8.832500144230824
2015-02-09,6837.2001953125,8.830133598648265
2015-02-10,6829.10009765625,8.828948186586313
2015-02-11,6818.2001953125,8.827350815028945
2015-02-12,6828.10009765625,8.828801743686233
2015-02-13,6873.5,8.835428716911474
2015-02-16,6857.10009765625,8.83303990505681
2015-02-17,6898.10009765625,8.839001304504324
2015-02-18,6898.10009765625,8.839001304504324
2015-02-19,6888.89990234375,8.83766668541705
2015-02-20,6915.2001953125,8.841477194556507
2015-02-23,6912.2001953125,8.841043273506662
2015-02-24,6949.60009765625,8.846439396997779
2015-02-25,6935.39990234375,8.844393995447438
2015-02-26,6949.7001953125,8.846453800263287
2015-02-27,6946.7001953125,8.84602203376804
2015-03-02,6940.60009765625,8.845143519165505
2015-03-03,6889.10009765625,8.83769574555822
2015-03-04,6919.2001953125,8.842055463219914
2015-03-05,6961.10009765625,8.84809280084638
2015-03-06,6911.7998046875,8.84098534662224
2015-03-09,6876.5,8.835865080554763
2015-03-10,6702.7998046875,8.810280599387626
2015-03-11,6721.5,8.813066622894308
2015-03-12,6761.10009765625,8.81894089213657
2015-03-13,6740.60009765625,8.81590423520352
2015-03-16,6804.10009765625,8.825280664997228
2015-03-17,6837.60009765625,8.83019208613405
2015-03-18,6945.2001953125,8.845806080591922
2015-03-19,6962.2998046875,8.848265130455905
2015-03-20,7022.5,8.856874558978399
2015-03-23,7037.7001953125,8.859036718979397
2015-03-24,7019.7001953125,8.856475788887435
2015-03-25,6991.0,8.852378886511985
2015-03-26,6895.2998046875,8.838595270745127
2015-03-27,6855.0,8.832733591996416
2015-03-30,6891.39990234375,8.838029522229435
2015-03-31,6773.0,8.820699399214904
2015-04-01,6809.5,8.826073975009011
2015-04-02,6833.5,8.829592266404855
2015-04-07,6961.7998046875,8.84819331252667
2015-04-08,6937.39990234375,8.844682329459607
2015-04-09,7015.39990234375,8.855862997660669
2015-04-10,7089.7998046875,8.86641238283521
2015-04-13,7064.2998046875,8.86280918259037
2015-04-14,7075.2998046875,8.864365096834483
2015-04-15,7096.7998046875,8.86739922968517
2015-04-16,7060.5,8.862271149509306
2015-04-17,6994.60009765625,8.85289371572355
2015-04-20,7052.10009765625,8.861080737639407
2015-04-21,7062.89990234375,8.862610997192364
2015-04-22,7028.2001953125,8.857685934290089
2015-04-23,7053.7001953125,8.861307608519454
2015-04-24,7070.7001953125,8.863714791513248
2015-04-27,7104.0,8.868413284672005
2015-04-28,7030.5,8.85801310603087
2015-04-29,6946.2998046875,8.845964394579223
2015-04-30,6960.60009765625,8.848020970539277
2015-05-01,6986.0,8.851663425366777
2015-05-05,6927.60009765625,8.843268725951582
2015-05-06,6933.7001953125,8.844148888406924
2015-05-07,6887.0,8.837390855544697
2015-05-08,7046.7998046875,8.860328864336504
2015-05-11,7029.89990234375,8.857927746060914
2015-05-12,6933.7998046875,8.84416325428037
2015-05-13,6949.60009765625,8.846439396997779
2015-05-14,6973.0,8.84980082722101
2015-05-15,6960.5,8.848006589828621
2015-05-18,6968.89990234375,8.849212658061402
2015-05-19,6995.10009765625,8.852965196883723
2015-05-20,7007.2998046875,8.854707713909836
2015-05-21,7013.5,8.855592142159725
2015-05-22,7031.7001953125,8.858183804114917
2015-05-26,6949.0,8.846353043314327
2015-05-27,7033.2998046875,8.858411263678644
2015-05-28,7040.89990234375,8.859491268020372
2015-05-29,6984.39990234375,8.85143435566592
2015-06-01,6953.60009765625,8.847014804106095
2015-06-02,6928.2998046875,8.843369723654622
2015-06-03,6950.5,8.846568878417147
2015-06-04,6859.2001953125,8.833346124318243
2015-06-05,6804.60009765625,8.825354147400844
2015-06-08,6790.0,8.823206220552741
2015-06-09,6753.7998046875,8.817860559506432
2015-06-10,6830.2998046875,8.8291238468705
2015-06-11,6846.7001953125,8.831522091878277
2015-06-12,6784.89990234375,8.822454819373668
2015-06-15,6710.5,8.81142874283786
2015-06-16,6710.10009765625,8.811369147537954
2015-06-17,6680.60009765625,8.806963097474252
2015-06-18,6707.89990234375,8.81104120070054
2015-06-19,6710.5,8.81142874283786
2015-06-22,6825.7001953125,8.828450207510668
2015-06-23,6834.89990234375,8.829797104185232
2015-06-24,6844.7998046875,8.831244490353651
2015-06-25,6807.7998046875,8.825824263928883
2015-06-26,6753.7001953125,8.817845810755738
2015-06-29,6620.5,8.797926174779812
2015-06-30,6521.0,8.782783017393202
2015-07-01,6608.60009765625,8.796127124887455
2015-07-02,6630.5,8.799435495117654
2015-07-03,6585.7998046875,8.7926710653725
2015-07-06,6535.7001953125,8.78503476573756
2015-07-07,6432.2001953125,8.769071935267545
2015-07-08,6490.7001953125,8.778125692216435
2015-07-09,6581.60009765625,8.792033170692488
2015-07-10,6673.39990234375,8.805884739527535
2015-07-13,6738.0,8.815518423966498
2015-07-14,6753.7998046875,8.817860559506432
2015-07-15,6753.7998046875,8.817860559506432
2015-07-16,6796.5,8.824163052775303
2015-07-17,6775.10009765625,8.821009420200568
2015-07-20,6788.7001953125,8.82301477296604
2015-07-21,6769.10009765625,8.82012343205716
2015-07-22,6667.2998046875,8.804970230061711
2015-07-23,6655.0,8.803123730829212
2015-07-24,6579.7998046875,8.79175959903699
2015-07-27,6505.10009765625,8.780341778630866
2015-07-28,6555.2998046875,8.788029131946336
2015-07-29,6631.0,8.799510901368867
2015-07-30,6668.89990234375,8.805210193124514
2015-07-31,6696.2998046875,8.80931038486585
2015-08-03,6688.60009765625,8.808159878259637
2015-08-04,6686.60009765625,8.807860817313154
2015-08-05,6752.39990234375,8.817653261764782
2015-08-06,6747.10009765625,8.816868076393504
2015-08-07,6718.5,8.812620194315464
2015-08-10,6736.2001953125,8.81525127568725
2015-08-11,6664.5,8.804550211044074
2015-08-12,6571.2001953125,8.790451772924795
2015-08-13,6568.2998046875,8.790010296358394
2015-08-14,6550.7001953125,8.787327222963604
2015-08-17,6550.2998046875,8.78726609928982
2015-08-18,6526.2998046875,8.783595416135979
2015-08-19,6403.5,8.764599994866126
2015-08-20,6367.89990234375,8.759025008547622
2015-08-21,6187.7001953125,8.730318761151521
2015-08-24,5898.89990234375,8.682521155278627
2015-08-25,6081.2998046875,8.712973735777448
2015-08-26,5979.2001953125,8.696042091396542
2015-08-27,6192.0,8.731013415269564
2015-08-28,6247.89990234375,8.740000670639548
2015-09-01,6058.5,8.709217523671578
2015-09-02,6083.2998046875,8.71330255876912
2015-09-03,6194.10009765625,8.731352520824954
2015-09-04,6042.89990234375,8.706639291991994
2015-09-07,6074.5,8.711854960294797
2015-09-08,6146.10009765625,8.723573029192403
2015-09-09,6229.0,8.736971085254146
2015-09-10,6155.7998046875,8.725149974073815
2015-09-11,6117.7998046875,8.718957801829514
2015-09-14,6084.60009765625,8.713516283895746
2015-09-15,6137.60009765625,8.722189081160211
2015-09-16,6229.2001953125,8.737003223975531
2015-09-17,6187.0,8.73020559553099
2015-09-18,6104.10009765625,8.716715971528435
2015-09-21,6108.7001953125,8.717469295543149
2015-09-22,5935.7998046875,8.688757058653074
2015-09-23,6032.2001953125,8.70486709801512
2015-09-24,5961.5,8.693077406246188
2015-09-25,6109.0,8.717518372649767
2015-09-28,5958.89990234375,8.692641162878719
2015-09-29,5909.2001953125,8.684265770499726
2015-09-30,6061.60009765625,8.709729086727803
2015-10-01,6072.5,8.711525660876328
2015-10-02,6130.0,8.720950028930258
2015-10-05,6298.89990234375,8.748130278456413
2015-10-06,6326.2001953125,8.752455049794275
2015-10-07,6336.39990234375,8.75406604740275
2015-10-08,6374.7998046875,8.760107966347261
2015-10-09,6416.2001953125,8.766581351570862
2015-10-12,6371.2001953125,8.759543144525404
2015-10-13,6342.2998046875,8.75499672687398
2015-10-14,6269.60009765625,8.743467851314808
2015-10-15,6338.7001953125,8.75442900990029
2015-10-16,6378.0,8.760609847570002
2015-10-19,6352.2998046875,8.756572200284113
2015-10-20,6345.10009765625,8.7554381558564
2015-10-21,6348.39990234375,8.75595807625059
2015-10-22,6376.2998046875,8.760343240175068
2015-10-23,6444.10009765625,8.77092027764243
2015-10-26,6417.0,8.766705997750515
2015-10-27,6365.2998046875,8.758616611954116
2015-10-28,6437.7998046875,8.76994211548951
2015-10-29,6395.7998046875,8.763396773383858
2015-10-30,6361.10009765625,8.757956612705952
2015-11-02,6361.7998046875,8.758066604458984
2015-11-03,6383.60009765625,8.76148749582302
2015-11-04,6412.89990234375,8.766066850473134
2015-11-05,6364.89990234375,8.758553784606065
2015-11-06,6353.7998046875,8.756808307359153
2015-11-09,6295.2001953125,8.747542748246396
2015-11-10,6275.2998046875,8.744376540498111
2015-11-11,6297.2001953125,8.747860400156242
2015-11-12,6178.7001953125,8.728863203947371
2015-11-13,6118.2998046875,8.719039527218525
2015-11-16,6146.39990234375,8.72362180766506
2015-11-17,6268.7998046875,8.74334019659394
2015-11-18,6279.0,8.744966011114109
2015-11-19,6329.89990234375,8.753039701797354
2015-11-20,6334.60009765625,8.753781964899458
2015-11-23,6305.5,8.749177547395929
2015-11-24,6277.2001953125,8.744679331279155
2015-11-25,6337.60009765625,8.75425544227668
2015-11-26,6393.10009765625,8.762974578028205
2015-11-27,6375.2001953125,8.760170772719832
2015-11-30,6356.10009765625,8.757170276062531
2015-12-01,6395.7001953125,8.7633811990767
2015-12-02,6420.89990234375,8.767313558565505
2015-12-03,6275.0,8.744328763999984
2015-12-04,6238.2998046875,8.738462957040026
2015-12-07,6223.5,8.736087728441031
2015-12-08,6135.2001953125,8.72179798828539
2015-12-09,6126.7001953125,8.720411579802084
2015-12-10,6088.10009765625,8.71409134120272
2015-12-11,5952.7998046875,8.69161694327286
2015-12-14,5874.10009765625,8.678308152412871
2015-12-15,6017.7998046875,8.702476990549506
2015-12-16,6061.2001953125,8.709663111485412
2015-12-17,6102.5,8.716453802267115
2015-12-18,6052.39990234375,8.708210150442287
2015-12-21,6034.7998046875,8.705297960601548
2015-12-22,6083.10009765625,8.713269729496226
2015-12-23,6241.0,8.738895704934043
2015-12-24,6254.60009765625,8.741072487628779
2015-12-29,6314.60009765625,8.750619706992612
2015-12-30,6274.10009765625,8.744185342983611
2015-12-31,6242.2998046875,8.739103951906003
2016-01-04,6093.39990234375,8.714961481172656
2016-01-05,6137.2001953125,8.722123922895417
2016-01-06,6073.39990234375,8.711673842954664
2016-01-07,5954.10009765625,8.691835353267836
2016-01-08,5912.39990234375,8.684807102820725
2016-01-11,5871.7998046875,8.677916476505995
2016-01-12,5929.2001953125,8.687644608580488
2016-01-13,5961.0,8.692993531219926
2016-01-14,5918.2001953125,8.6857876605922
2016-01-15,5804.10009765625,8.666319860177941
2016-01-18,5779.89990234375,8.662141643582858
2016-01-19,5876.7998046875,8.678767641830904
2016-01-20,5673.60009765625,8.643579133092285
2016-01-21,5773.7998046875,8.661085687763034
2016-01-22,5900.0,8.68270762989381
2016-01-25,5877.0,8.678801706612651
2016-01-26,5911.5,8.684654885303168
2016-01-27,5990.39990234375,8.697913450541092
2016-01-28,5931.7998046875,8.688082954321425
2016-01-29,6083.7998046875,8.713384747625353
2016-02-01,6060.10009765625,8.709481596692001
2016-02-02,5922.0,8.686429508661536
2016-02-03,5837.10009765625,8.671989393875709
2016-02-04,5898.7998046875,8.682504186266238
2016-02-05,5848.10009765625,8.673872117845415
2016-02-08,5689.39990234375,8.646360056241075
2016-02-09,5632.2001953125,8.636255443248835
2016-02-10,5672.2998046875,8.643349923776913
2016-02-11,5537.0,8.619208116822968
2016-02-12,5707.60009765625,8.649553916166282
2016-02-15,5824.2998046875,8.669794066004814
2016-02-16,5862.2001953125,8.676280272054548
2016-02-17,6030.2998046875,8.704552007338938
2016-02-18,5972.0,8.69483715865908
2016-02-19,5950.2001953125,8.69118014424466
2016-02-22,6037.7001953125,8.705778456054984
2016-02-23,5962.2998046875,8.693211558899167
2016-02-24,5867.2001953125,8.677132830605938
2016-02-25,6012.7998046875,8.70164577673636
2016-02-26,6096.0,8.715388097366482
2016-02-29,6097.10009765625,8.715568543299087
2016-03-01,6152.89990234375,8.724678778502158
2016-03-02,6147.10009765625,8.723735720759501
2016-03-03,6130.5,8.721031591672443
2016-03-04,6199.39990234375,8.732207776404177
2016-03-07,6182.39990234375,8.729461808782297
2016-03-08,6125.39990234375,8.720199323460188
2016-03-09,6146.2998046875,8.723605521957504
2016-03-10,6036.7001953125,8.70561281635944
2016-03-11,6139.7998046875,8.722547415509874
2016-03-14,6174.60009765625,8.728199397885902
2016-03-15,6140.0,8.722580021141189
2016-03-16,6175.5,8.728345129878068
2016-03-17,6201.10009765625,8.732481990399283
2016-03-18,6189.60009765625,8.730625759012717
2016-03-21,6184.60009765625,8.729817625930467
2016-03-22,6192.7001953125,8.731126489514754
2016-03-23,6199.10009765625,8.732159414959236
2016-03-24,6106.5,8.717109056611143
2016-03-29,6105.89990234375,8.71701077983319
2016-03-30,6203.2001953125,8.73282059840243
2016-03-31,6174.89990234375,8.72824795121803
2016-04-01,6146.10009765625,8.723573029192403
2016-04-04,6164.7001953125,8.726594784296335
2016-04-05,6091.2001953125,8.714600417692932
2016-04-06,6161.60009765625,8.726091778909815
2016-04-07,6136.89990234375,8.722074991736893
2016-04-08,6204.39990234375,8.733013981010759
2016-04-11,6200.10009765625,8.732320715686123
2016-04-12,6242.39990234375,8.739119987158528
2016-04-13,6362.89990234375,8.758239511904238
2016-04-14,6365.10009765625,8.758585237129633
2016-04-15,6343.7998046875,8.7552332061786
2016-04-18,6353.5,8.756761121144589
2016-04-19,6405.39990234375,8.764896648344905
2016-04-20,6410.2998046875,8.765661320223074
2016-04-21,6381.39990234375,8.761142772699749
2016-04-22,6310.39990234375,8.749954329492816
2016-04-25,6260.89990234375,8.742079208130486
2016-04-26,6284.5,8.745841563364893
2016-04-27,6319.89990234375,8.751458648778728
2016-04-28,6322.39990234375,8.751854146444693
2016-04-29,6241.89990234375,8.73903988655087
2016-05-03,6185.60009765625,8.729979304801688
2016-05-04,6112.0,8.718009330846357
2016-05-05,6117.2998046875,8.718876069760919
2016-05-06,6125.7001953125,8.72024834648121
2016-05-09,6114.7998046875,8.718467309185932
2016-05-10,6156.7001953125,8.725296230419254
2016-05-11,6162.5,8.726237818350945
2016-05-12,6104.2001953125,8.716732369823669
2016-05-13,6138.5,8.722335691620895
2016-05-16,6151.39990234375,8.724434961294964
2016-05-17,6167.7998046875,8.727097457629442
2016-05-18,6165.7998046875,8.72677314030427
2016-05-19,6053.39990234375,8.708375360509926
2016-05-20,6156.2998046875,8.725231194989197
2016-05-23,6136.39990234375,8.721993514056361
2016-05-24,6219.2998046875,8.735412607802918
2016-05-25,6262.89990234375,8.742398600016047
2016-05-26,6265.7001953125,8.742845624103904
2016-05-27,6270.7998046875,8.743659186048031
2016-05-31,6230.7998046875,8.737259983106155
2016-06-01,6191.89990234375,8.730997249496738
2016-06-02,6185.60009765625,8.729979304801688
2016-06-03,6209.60009765625,8.733851776341298
2016-06-06,6273.39990234375,8.744073735840638
2016-06-07,6284.5,8.745841563364893
2016-06-08,6301.5,8.748542979277547
2016-06-09,6231.89990234375,8.737436525538367
2016-06-10,6115.7998046875,8.718630833466698
2016-06-13,6045.0,8.706986763048892
2016-06-14,5923.5,8.686682769394814
2016-06-15,5966.7998046875,8.693966016546568
2016-06-16,5950.5,8.691230528622494
2016-06-17,6021.10009765625,8.70302526208232
2016-06-20,6204.0,8.73294952429643
2016-06-21,6226.60009765625,8.736585732103011
2016-06-22,6261.2001953125,8.742127170208168
2016-06-23,6338.10009765625,8.75433433338211
2016-06-24,6138.7001953125,8.722368304156218
2016-06-27,5982.2001953125,8.696543704914179
2016-06-28,6140.39990234375,8.722645149695156
2016-06-29,6360.10009765625,8.757799394835514
2016-06-30,6504.2998046875,8.780218745596942
2016-07-01,6577.7998046875,8.79145559221587
2016-07-04,6522.2998046875,8.782982323506113
2016-07-05,6545.39990234375,8.786517776911937
2016-07-06,6463.60009765625,8.77394173220674
2016-07-07,6533.7998046875,8.784743952678394
2016-07-08,6590.60009765625,8.793399685210499
2016-07-11,6682.89990234375,8.807307289446445
2016-07-12,6680.7001953125,8.806978080695055
2016-07-13,6670.39990234375,8.805435092486293
2016-07-14,6654.5,8.803048596526612
2016-07-15,6669.2001953125,8.80525522097205
2016-07-18,6695.39990234375,8.809175987834136
2016-07-19,6697.39990234375,8.809474655781695
2016-07-20,6729.0,8.814181823188319
2016-07-21,6699.89990234375,8.809847865318762
2016-07-22,6730.5,8.814404714084148
2016-07-25,6710.10009765625,8.811369147537954
2016-07-26,6724.0,8.813438494528507
2016-07-27,6750.39990234375,8.81735702690334
2016-07-28,6721.10009765625,8.813007125127363
2016-07-29,6724.39990234375,8.813497966636232
2016-08-01,6694.0,8.808966881771273
2016-08-02,6645.39990234375,8.801680150276162
2016-08-03,6634.39990234375,8.800023498417312
2016-08-04,6740.2001953125,8.81584490603386
2016-08-05,6793.5,8.823721551664379
2016-08-08,6809.10009765625,8.826015246161553
2016-08-09,6851.2998046875,8.832193665764665
2016-08-10,6866.39990234375,8.834395216181674
2016-08-11,6914.7001953125,8.841404887455791
2016-08-12,6916.0,8.84159284680318
2016-08-15,6941.2001953125,8.845229977354494
2016-08-16,6893.89990234375,8.838392227439018
2016-08-17,6859.2001953125,8.833346124318243
2016-08-18,6869.0,8.834773814213882
2016-08-19,6859.0,8.83331693749932
2016-08-22,6828.5,8.828860309118479
2016-08-23,6868.5,8.83470102076526
2016-08-24,6835.7998046875,8.829928758360122
2016-08-25,6816.89990234375,8.827160087720252
2016-08-26,6838.10009765625,8.830265208532621
2016-08-30,6820.7998046875,8.827732017376109
2016-08-31,6781.5,8.82195359540277
2016-09-01,6746.0,8.816705015621595
2016-09-02,6894.60009765625,8.838493789655807
2016-09-05,6879.39990234375,8.836286703626651
2016-09-06,6826.10009765625,8.828508793533798
2016-09-07,6846.60009765625,8.831507471932156
2016-09-08,6858.7001953125,8.833273226865137
2016-09-09,6777.0,8.821289805136113
2016-09-12,6700.89990234375,8.809997110142419
2016-09-13,6665.60009765625,8.804715265717434
2016-09-14,6673.2998046875,8.805869739915877
2016-09-15,6730.2998046875,8.814374969148421
2016-09-16,6710.2998046875,8.81139890924889
2016-09-19,6813.60009765625,8.82667590815942
2016-09-20,6830.7998046875,8.829197047420166
2016-09-21,6834.7998046875,8.829782458997935
2016-09-22,6911.39990234375,8.84092748703078
2016-09-23,6909.39990234375,8.840638068177714
2016-09-26,6818.0,8.827321452697849
2016-09-27,6807.7001953125,8.825809632167287
2016-09-28,6849.39990234375,8.831916321921423
2016-09-29,6919.39990234375,8.842084325536891
2016-09-30,6899.2998046875,8.83917520785463
2016-10-03,6983.5,8.851305502745825
2016-10-04,7074.2998046875,8.864223750078493
2016-10-05,7033.2998046875,8.858411263678644
2016-10-06,7000.0,8.85366542803745
2016-10-07,7044.39990234375,8.859988240057968
2016-10-10,7097.5,8.867497888347126
2016-10-11,7070.89990234375,8.863743035421981
2016-10-12,7024.0,8.857088135314953
2016-10-13,6977.7001953125,8.85047465655209
2016-10-14,7013.60009765625,8.855606414198217
2016-10-17,6947.60009765625,8.846151569235971
2016-10-18,7000.10009765625,8.85367972760039
2016-10-19,7021.89990234375,8.8567891017626
2016-10-20,7026.89990234375,8.857500906369488
2016-10-21,7020.5,8.856589719554696
2016-10-24,6986.39990234375,8.851720667121473
2016-10-25,7017.60009765625,8.856176572139473
2016-10-26,6958.10009765625,8.847661741589475
2016-10-27,6986.60009765625,8.85174932171426
2016-10-28,6996.2998046875,8.853136688949215
2016-10-31,6954.2001953125,8.847101100665434
2016-11-01,6917.10009765625,8.841751899748768
2016-11-02,6845.39990234375,8.831332158564411
2016-11-03,6790.5,8.823279855544122
2016-11-04,6693.2998046875,8.808862275865174
2016-11-07,6806.89990234375,8.825692068233874
2016-11-08,6843.10009765625,8.830996138590105
2016-11-09,6911.7998046875,8.84098534662224
2016-11-10,6828.0,8.828787083914332
2016-11-11,6730.39990234375,8.814389841726879
2016-11-14,6753.2001953125,8.817771774524513
2016-11-15,6792.7001953125,8.823603813860293
2016-11-16,6749.7001953125,8.817253367370919
2016-11-17,6794.7001953125,8.823898204245054
2016-11-18,6775.7998046875,8.821112691132669
2016-11-21,6778.0,8.821437352166997
2016-11-22,6819.7001953125,8.827570790239657
2016-11-23,6817.7001953125,8.82727747920426
2016-11-24,6829.2001953125,8.828962843996694
2016-11-25,6840.7998046875,8.830659934290626
2016-11-28,6799.5,8.824604359049014
2016-11-29,6772.0,8.820551743253025
2016-11-30,6783.7998046875,8.82229266711407
2016-12-01,6752.89990234375,8.817727306770442
2016-12-02,6730.7001953125,8.81443445813514
2016-12-05,6746.7998046875,8.81682356843495
2016-12-06,6779.7998046875,8.821702853166274
2016-12-07,6902.2001953125,8.839595508643342
2016-12-08,6931.60009765625,8.843845959854649
2016-12-09,6954.2001953125,8.847101100665434
2016-12-12,6890.39990234375,8.837884403302166
2016-12-13,6968.60009765625,8.849169636760948
2016-12-14,6949.2001953125,8.846381852125496
2016-12-15,6999.0,8.85352256068954
2016-12-16,7011.60009765625,8.855321213276204
2016-12-19,7017.2001953125,8.856119584888424
2016-12-20,7044.0,8.859931469616097
2016-12-21,7041.39990234375,8.85956227914883
2016-12-22,7063.7001953125,8.862724300175966
2016-12-23,7068.2001953125,8.863361157219634
2016-12-28,7106.10009765625,8.86870886283924
2016-12-29,7120.2998046875,8.87070511091946
2016-12-30,7142.7998046875,8.873860107979
2017-01-03,7177.89990234375,8.87876212654815
2017-01-04,7189.7001953125,8.88040475239267
2017-01-05,7195.2998046875,8.881183286929733
2017-01-06,7210.10009765625,8.8832381133527
2017-01-09,7237.7998046875,8.887072544814329
2017-01-10,7275.5,8.892267818200333
2017-01-11,7290.5,8.89432740975634
2017-01-12,7292.39990234375,8.8945879755378
2017-01-13,7337.7998046875,8.900794322543543
2017-01-16,7327.10009765625,8.899335095545595
2017-01-17,7220.39990234375,8.88466561848926
2017-01-18,7247.60009765625,8.88842567203624
2017-01-19,7208.39990234375,8.883002278096553
2017-01-20,7198.39990234375,8.881614044520525
2017-01-23,7151.2001953125,8.875035481085492
2017-01-24,7150.2998046875,8.874909565534509
2017-01-25,7164.39990234375,8.876879582720338
2017-01-26,7161.5,8.87647473521992
2017-01-27,7184.5,8.879681206669261
2017-01-30,7118.5,8.870452308053801
2017-01-31,7099.2001953125,8.867737408136547
2017-02-01,7107.7001953125,8.868934009897737
2017-02-02,7140.7998046875,8.873580066523377
2017-02-03,7188.2998046875,8.880209956088674
2017-02-06,7172.2001953125,8.877967747792296
2017-02-07,7186.2001953125,8.879917826360344
2017-02-08,7188.7998046875,8.880279511146895
2017-02-09,7229.5,8.885925156468181
2017-02-10,7258.7998046875,8.889969777993873
2017-02-13,7278.89990234375,8.892735017456696
2017-02-14,7268.60009765625,8.891318993203933
2017-02-15,7302.39990234375,8.89595832685453
2017-02-16,7277.89990234375,8.892597624621047
2017-02-17,7300.0,8.895629627136483
2017-02-20,7299.89990234375,8.895615915034767
2017-02-21,7274.7998046875,8.892171573405045
2017-02-22,7302.2998046875,8.895944619259268
2017-02-23,7271.39990234375,8.891704110772311
2017-02-24,7243.7001953125,8.887887431525167
2017-02-27,7253.0,8.889170455363413
2017-02-28,7263.39990234375,8.890603304305714
2017-03-01,7382.89990234375,8.906921781110526
2017-03-02,7382.39990234375,8.906854054751182
2017-03-03,7374.2998046875,8.90575623496348
2017-03-06,7350.10009765625,8.90246921084289
2017-03-07,7339.0,8.900957872545062
2017-03-08,7334.60009765625,8.900358169343894
2017-03-09,7315.0,8.897682313454224
2017-03-10,7343.10009765625,8.901516389070023
2017-03-13,7367.10009765625,8.904779433892834
2017-03-14,7357.89990234375,8.903529831650433
2017-03-15,7368.60009765625,8.90498302109742
2017-03-16,7416.0,8.91139510724569
2017-03-17,7425.0,8.9126079636709
2017-03-20,7429.7998046875,8.913254193161388
2017-03-21,7378.2998046875,8.906298512284621
2017-03-22,7324.7001953125,8.899007504080078
2017-03-23,7340.7001953125,8.901189511515543
2017-03-24,7336.7998046875,8.900658032623795
2017-03-27,7293.5,8.894738819526268
2017-03-28,7343.39990234375,8.901557216317842
2017-03-29,7373.7001953125,8.905674920971707
2017-03-30,7369.5,8.905105140276813
2017-03-31,7322.89990234375,8.89876169002647
2017-04-03,7282.7001953125,8.893256978371642
2017-04-04,7321.7998046875,8.898611451690373
2017-04-05,7331.7001953125,8.899962718231668
2017-04-06,7303.2001953125,8.896067913994285
2017-04-07,7349.39990234375,8.902373942934044
2017-04-10,7348.89990234375,8.90230590785423
2017-04-11,7365.5,8.904562215254993
2017-04-12,7349.0,8.90231952852887
2017-04-13,7327.60009765625,8.899403333038485
2017-04-18,7147.5,8.874517924196466
2017-04-19,7114.39990234375,8.86987616435887
2017-04-20,7118.5,8.870452308053801
2017-04-21,7114.60009765625,8.869904303414671
2017-04-24,7264.7001953125,8.89078230816217
2017-04-25,7275.60009765625,8.892281576288118
2017-04-26,7288.7001953125,8.894080509422642
2017-04-27,7237.2001953125,8.886989697232243
2017-04-28,7203.89990234375,8.882377811466354
2017-05-02,7250.10009765625,8.888770554326687
2017-05-03,7234.5,8.886616528177136
2017-05-04,7248.10009765625,8.88849465801049
2017-05-05,7297.39990234375,8.895273385928988
2017-05-08,7300.89990234375,8.895752893832496
2017-05-09,7342.2001953125,8.901393830821036
2017-05-10,7385.2001953125,8.907233302968061
2017-05-11,7386.60009765625,8.907422840102354
2017-05-12,7435.39990234375,8.91400764390965
2017-05-15,7454.39990234375,8.916559727962047
2017-05-16,7522.0,8.925587339030281
2017-05-17,7503.5,8.923124857336044
2017-05-18,7436.39990234375,8.914142126623867
2017-05-19,7470.7001953125,8.918744008046326
2017-05-22,7496.2998046875,8.922164818407621
2017-05-23,7485.2998046875,8.920696350118053
2017-05-24,7514.89990234375,8.924642982383629
2017-05-25,7517.7001953125,8.925015545078432
2017-05-26,7547.60009765625,8.928984923852274
2017-05-30,7526.5,8.926185405300558
2017-05-31,7520.0,8.925321416943886
2017-06-01,7543.7998046875,8.928481286936725
2017-06-02,7547.60009765625,8.928984923852274
2017-06-05,7525.7998046875,8.926092370306293
2017-06-06,7525.0,8.925986089617076
2017-06-07,7478.60009765625,8.919800900733515
2017-06-08,7450.0,8.915969311373605
2017-06-09,7527.2998046875,8.926291664809604
2017-06-12,7511.89990234375,8.924243695765208
2017-06-13,7500.39990234375,8.922711618415425
2017-06-14,7474.39990234375,8.919239114413315
2017-06-15,7419.39990234375,8.911853457195898
2017-06-16,7463.5,8.917779752073294
2017-06-19,7523.7998046875,8.925826582502806
2017-06-20,7472.7001953125,8.919011684741008
2017-06-21,7447.7998046875,8.91567393952577
2017-06-22,7439.2998046875,8.914532011125115
2017-06-23,7424.10009765625,8.912486757356856
2017-06-26,7446.7998046875,8.915539662670033
2017-06-27,7434.39990234375,8.913873143107402
2017-06-28,7387.7998046875,8.907585243589713
2017-06-29,7350.2998046875,8.902496381128405
2017-06-30,7312.7001953125,8.897367868302117
2017-07-03,7377.10009765625,8.906135899676109
2017-07-04,7357.2001953125,8.903434731103767
2017-07-05,7367.60009765625,8.904847300899773
2017-07-06,7337.2998046875,8.900726179905538
2017-07-07,7350.89990234375,8.902578020405272
2017-07-10,7370.0,8.905172985183382
2017-07-11,7329.7998046875,8.899703482732486
2017-07-12,7416.89990234375,8.911516445938837
2017-07-13,7413.39990234375,8.911044439288792
2017-07-14,7378.39990234375,8.906312078686085
2017-07-17,7404.10009765625,8.90978919300452
2017-07-18,7390.2001953125,8.907910103604074
2017-07-19,7430.89990234375,8.913402247785994
2017-07-20,7487.89990234375,8.921043650325524
2017-07-21,7452.89990234375,8.916358484272752
2017-07-24,7377.7001953125,8.906217242377421
2017-07-25,7434.7998046875,8.913926932464157
2017-07-26,7452.2998046875,8.916277962351764
2017-07-27,7443.0,8.915029272359911
2017-07-28,7368.39990234375,8.904955852024676
2017-07-31,7372.0,8.905444318789714
2017-08-01,7423.7001953125,8.912432890476113
2017-08-02,7411.39990234375,8.910774621141028
2017-08-03,7474.7998046875,8.919292615918637
2017-08-04,7511.7001953125,8.924217109989499
2017-08-07,7531.89990234375,8.926902600037081
2017-08-08,7542.7001953125,8.928335512982931
2017-08-09,7498.10009765625,8.922404947120892
2017-08-10,7389.89990234375,8.907869468836136
2017-08-11,7310.0,8.896998552743824
2017-08-14,7353.89990234375,8.902986050447362
2017-08-15,7383.89990234375,8.907057220070186
2017-08-16,7433.0,8.913684824725294
2017-08-17,7387.89990234375,8.907598792546208
2017-08-18,7324.0,8.898911905794401
2017-08-21,7318.89990234375,8.898215309096138
2017-08-22,7381.7001953125,8.906759269830037
2017-08-23,7382.7001953125,8.906894730800353
2017-08-24,7407.10009765625,8.910194291848837
2017-08-25,7401.5,8.909437961353547
2017-08-29,7337.39990234375,8.900739822113998
2017-08-30,7365.2998046875,8.904535034746784
2017-08-31,7430.60009765625,8.913361901295056
2017-09-01,7438.5,8.914424494597299
2017-09-04,7411.5,8.910788126953914
2017-09-05,7372.89990234375,8.905566381652239
2017-09-06,7354.10009765625,8.903013273089805
2017-09-07,7397.0,8.908829791587868
2017-09-08,7377.60009765625,8.9062036746893
2017-09-11,7413.60009765625,8.911071443445064
2017-09-12,7400.7001953125,8.909329895704154
2017-09-13,7379.7001953125,8.906488292827948
2017-09-14,7295.39990234375,8.894999278144423
2017-09-15,7215.5,8.883986768876133
2017-09-18,7253.2998046875,8.889211789775576
2017-09-19,7275.2998046875,8.892240301456896
2017-09-20,7272.0,8.891786635857315
2017-09-21,7263.89990234375,8.890672140222494
2017-09-22,7310.60009765625,8.897080642077036
2017-09-25,7301.2998046875,8.895807666723138
2017-09-26,7285.7001953125,8.893668828672563
2017-09-27,7313.5,8.897477234327143
2017-09-28,7322.7998046875,8.898748020805026
2017-09-29,7372.7998046875,8.90555280513051
2017-10-02,7438.7998046875,8.914464798239958
2017-10-03,7468.10009765625,8.918395908114402
2017-10-04,7467.60009765625,8.9183289544405
2017-10-05,7508.0,8.9237243977064
2017-10-06,7522.89990234375,8.925706967921224
2017-10-09,7507.89990234375,8.923711065484301
2017-10-10,7538.2998046875,8.927751945480791
2017-10-11,7533.7998046875,8.927154815651459
2017-10-12,7556.2001953125,8.930123723150313
2017-10-13,7535.39990234375,8.927367182292473
2017-10-16,7527.0,8.926251835034533
2017-10-17,7516.2001953125,8.924815996063739
2017-10-18,7542.89990234375,8.928361989494302
2017-10-19,7523.0,8.925720273560222
2017-10-20,7523.2001953125,8.92574688430711
2017-10-23,7524.5,8.925919642226773
2017-10-24,7526.5,8.926185405300558
2017-10-25,7447.2001953125,8.91559342802858
2017-10-26,7486.5,8.920856677577774
2017-10-27,7505.0,8.923324744067562
2017-10-30,7487.7998046875,8.92103028231492
2017-10-31,7493.10009765625,8.921737889097484
2017-11-01,7488.0,8.921057018157429
2017-11-02,7555.2998046875,8.930004556869525
2017-11-03,7560.39990234375,8.930679364909992
2017-11-06,7562.2998046875,8.930930629881267
2017-11-07,7513.10009765625,8.924403455540922
2017-11-08,7529.7001953125,8.926610505301777
2017-11-09,7484.10009765625,8.920536062191797
2017-11-10,7433.0,8.913684824725294
2017-11-13,7415.2001953125,8.9112872529011
2017-11-14,7414.39990234375,8.911179321066896
2017-11-15,7372.60009765625,8.90552571776325
2017-11-16,7386.89990234375,8.907463426921666
2017-11-17,7380.7001953125,8.90662379050756
2017-11-20,7389.5,8.907815352654627
2017-11-21,7411.2998046875,8.910761115145734
2017-11-22,7419.0,8.911799556189527
2017-11-23,7417.2001953125,8.911556932785604
2017-11-24,7409.60009765625,8.91053174890618
2017-11-27,7383.89990234375,8.907057220070186
2017-11-28,7460.7001953125,8.917404548754696
2017-11-29,7393.60009765625,8.908370053324216
2017-11-30,7326.7001953125,8.899280515527325
2017-12-01,7300.5,8.895698117941619
2017-12-04,7339.0,8.900957872545062
2017-12-05,7327.5,8.899389672585048
2017-12-06,7348.0,8.902183446335016
2017-12-07,7320.7998046875,8.898474863922049
2017-12-08,7394.0,8.908424139496578
2017-12-11,7453.5,8.916438999710484
2017-12-12,7500.39990234375,8.922711618415425
2017-12-13,7496.5,8.922191523934957
2017-12-14,7448.10009765625,8.915714258401536
2017-12-15,7490.60009765625,8.921404193149138
2017-12-18,7537.0,8.92757950384347
2017-12-19,7544.10009765625,8.928521092737496
2017-12-20,7525.2001953125,8.926012693291435
2017-12-21,7604.0,8.93642970360832
2017-12-22,7592.7001953125,8.934942564081343
2017-12-27,7620.7001953125,8.938623533607764
2017-12-28,7622.89990234375,8.938912140896388
2017-12-29,7687.7998046875,8.947389910338073
2018-01-02,7648.10009765625,8.942212542728258
2018-01-03,7671.10009765625,8.945215312714762
2018-01-04,7695.89990234375,8.948442985808743
2018-01-05,7724.2001953125,8.952113561818493
2018-01-08,7696.5,8.948520959050128
2018-01-09,7731.0,8.952993499320474
2018-01-10,7748.5,8.95525455522739
2018-01-11,7762.89990234375,8.957111242124913
2018-01-12,7778.60009765625,8.959131664948107
2018-01-15,7769.10009765625,8.957909619106864
2018-01-16,7755.89990234375,8.956209110444263
2018-01-17,7725.39990234375,8.952268867719756
2018-01-18,7701.0,8.94910546953925
2018-01-19,7730.7998046875,8.95296760384711
2018-01-22,7715.39990234375,8.950973597847133
2018-01-23,7731.7998046875,8.95309694820403
2018-01-24,7643.39990234375,8.941597796567251
2018-01-25,7615.7998046875,8.937980289976489
2018-01-26,7665.5,8.944485020750509
2018-01-29,7671.5,8.94526744238526
2018-01-30,7588.0,8.934323331054905
2018-01-31,7533.60009765625,8.927128307158613
2018-02-01,7490.39990234375,8.921377466587158
2018-02-02,7443.39990234375,8.91508299956682
2018-02-05,7335.0,8.900412690577083
2018-02-06,7141.39990234375,8.873664100869474
2018-02-07,7279.39990234375,8.892803706796373
2018-02-08,7170.7001953125,8.877758585075604
2018-02-09,7092.39990234375,8.866779053413692
2018-02-12,7177.10009765625,8.878650694338004
2018-02-13,7168.0,8.877381954654766
2018-02-14,7214.0,8.883778861463485
2018-02-15,7234.7998046875,8.886657968287105
2018-02-16,7294.7001953125,8.894903362828272
2018-02-19,7247.7001953125,8.888439483085923
2018-02-20,7246.7998046875,8.888315244150304
2018-02-21,7281.60009765625,8.89310591067375
2018-02-22,7252.39990234375,8.889087714086283
2018-02-23,7244.39990234375,8.88798402211014
2018-02-26,7289.60009765625,8.894203967209462
2018-02-27,7282.5,8.89322948883359
2018-02-28,7231.89990234375,8.886257061039244
2018-03-01,7175.60009765625,8.878441674434425
2018-03-02,7069.89990234375,8.863601600706057
2018-03-05,7116.0,8.870101048785726
2018-03-06,7146.7998046875,8.874419955730348
2018-03-07,7157.7998046875,8.875957922883376
2018-03-08,7203.2001953125,8.882280677827097
2018-03-09,7224.5,8.885233306433665
2018-03-12,7214.7998046875,8.883889723724954
2018-03-13,7138.7998046875,8.87329994662257
2018-03-14,7132.7001953125,8.872445150736166
2018-03-15,7139.7998046875,8.873440016381368
2018-03-16,7164.10009765625,8.876837735396817
2018-03-19,7042.89990234375,8.859775282283737
2018-03-20,7061.2998046875,8.86238442185411
2018-03-21,7039.0,8.85922139360813
2018-03-22,6952.60009765625,8.84687098336604
2018-03-23,6921.89990234375,8.842445563290926
2018-03-26,6888.7001953125,8.837637695312845
2018-03-27,7000.10009765625,8.85367972760039
2018-03-28,7044.7001953125,8.860030867758349
2018-03-29,7056.60009765625,8.86171864192404
2018-04-03,7030.5,8.85801310603087
2018-04-04,7034.0,8.858510813033927
2018-04-05,7199.5,8.881766858148325
2018-04-06,7183.60009765625,8.879555942738914
2018-04-09,7194.7998046875,8.881113794707474
2018-04-10,7266.7998046875,8.891071281687216
2018-04-11,7257.10009765625,8.88973559243866
2018-04-12,7258.2998046875,8.889900893710696
2018-04-13,7264.60009765625,8.890768529431709
2018-04-16,7198.2001953125,8.881586300882457
2018-04-17,7226.10009765625,8.885454764041237
2018-04-18,7317.2998046875,8.89799665976166
2018-04-19,7328.89990234375,8.899580702081696
2018-04-20,7368.2001953125,8.904928748482483
2018-04-23,7398.89990234375,8.909086606295554
2018-04-24,7425.39990234375,8.912661821122077
2018-04-25,7379.2998046875,8.906434035679753
2018-04-26,7421.39990234375,8.912122984450281
2018-04-27,7502.2001953125,8.922951615877954
2018-04-30,7509.2998046875,8.923897505349938
2018-05-01,7520.39990234375,8.925374594033118
2018-05-02,7543.2001953125,8.928401800043993
2018-05-03,7502.7001953125,8.923018260772244
2018-05-04,7567.10009765625,8.931565194789433
2018-05-08,7565.7998046875,8.931393344981355
2018-05-09,7662.5,8.944093580244466
2018-05-10,7701.0,8.94910546953925
2018-05-11,7724.60009765625,8.952165333132283
2018-05-14,7711.0,8.95040315983296
2018-05-15,7723.0,8.951958168569265
2018-05-16,7734.2001953125,8.953407356925648
2018-05-17,7788.0,8.960339366492091
2018-05-18,7778.7998046875,8.95915733852242
2018-05-21,7859.2001953125,8.969440123924162
2018-05-22,7877.5,8.97176587363143
2018-05-23,7788.39990234375,8.960390713702786
2018-05-24,7716.7001953125,8.951142115801733
2018-05-25,7730.2998046875,8.952902925394373
2018-05-29,7632.60009765625,8.940183839184845
2018-05-30,7689.60009765625,8.947624058241933
2018-05-31,7678.2001953125,8.946140449108881
2018-06-01,7701.7998046875,8.949209321397142
2018-06-04,7741.2998046875,8.954324885906692
2018-06-05,7686.7998046875,8.947259825649454
2018-06-06,7712.39990234375,8.950584689503001
2018-06-07,7704.39990234375,8.94954686053468
2018-06-08,7681.10009765625,8.946518057765903
2018-06-11,7737.39990234375,8.953820980216927
2018-06-12,7703.7998046875,8.949468967248253
2018-06-13,7703.7001953125,8.949456037262856
2018-06-14,7765.7998046875,8.957484731526108
2018-06-15,7633.89990234375,8.940354121134295
2018-06-18,7631.2998046875,8.940013464250494
2018-06-19,7603.89990234375,8.936416539705757
2018-06-20,7627.39990234375,8.939502293245946
2018-06-21,7556.39990234375,8.93015015235905
2018-06-22,7682.2998046875,8.946674235049748
2018-06-25,7509.7998046875,8.923964087237426
2018-06-26,7537.89990234375,8.927698894665385
2018-06-27,7621.7001953125,8.938754746536937
2018-06-28,7615.60009765625,8.937954066906707
2018-06-29,7636.89990234375,8.94074702786832
2018-07-02,7547.89990234375,8.929024644919817
2018-07-03,7593.2998046875,8.935021532786111
2018-07-04,7573.10009765625,8.932357786728337
2018-07-05,7603.2001953125,8.936324515976413
2018-07-06,7617.7001953125,8.938229791487613
2018-07-09,7688.0,8.947415950650129
2018-07-10,7692.0,8.94793610670867
2018-07-11,7592.0,8.934850340289763
2018-07-12,7651.2998046875,8.94263082149714
2018-07-13,7661.89990234375,8.944015261007122
2018-07-16,7600.5,8.935969313584074
2018-07-17,7626.2998046875,8.939358053136427
2018-07-18,7676.2998046875,8.945892913775957
2018-07-19,7684.0,8.946895523888447
2018-07-20,7678.7998046875,8.946218538498124
2018-07-23,7655.7998046875,8.943218783977882
2018-07-24,7709.10009765625,8.95015674089387
2018-07-25,7658.2998046875,8.943545280485802
2018-07-26,7663.2001953125,8.94418495555575
2018-07-27,7701.2998046875,8.94914439939925
2018-07-30,7700.89990234375,8.94909247144721
2018-07-31,7748.7998046875,8.955293246443448
2018-08-01,7652.89990234375,8.942839927192663
2018-08-02,7575.89990234375,8.932727422310803
2018-08-03,7659.10009765625,8.94364977510951
2018-08-06,7663.7998046875,8.944263197791713
2018-08-07,7718.5,8.951375323621896
2018-08-08,7776.7001953125,8.958887387779885
2018-08-09,7741.7998046875,8.95438947245755
2018-08-10,7667.0,8.944680683558895
2018-08-13,7642.5,8.94148005376499
2018-08-14,7611.60009765625,8.937428691257775
2018-08-15,7497.89990234375,8.922378247292603
2018-08-16,7556.39990234375,8.93015015235905
2018-08-17,7558.60009765625,8.930441279759386
2018-08-20,7591.2998046875,8.934758107992174
2018-08-21,7565.7001953125,8.931380179151793
2018-08-22,7574.2001953125,8.932503040025876
2018-08-23,7563.2001953125,8.931049685863028
2018-08-24,7577.5,8.932938608931957
2018-08-28,7617.2001953125,8.938164152725644
2018-08-29,7563.2001953125,8.931049685863028
2018-08-30,7516.0,8.924789360533357
2018-08-31,7432.39990234375,8.913604087219337
2018-09-03,7504.60009765625,8.92327145785857
2018-09-04,7457.89990234375,8.917029139134048
2018-09-05,7383.2998046875,8.906975945669014
2018-09-06,7319.0,8.898228985601227
2018-09-07,7277.7001953125,8.892570184044235
2018-09-10,7279.2998046875,8.89278995589028
2018-09-11,7273.5,8.891992885213517
2018-09-12,7313.39990234375,8.897463547536788
2018-09-13,7281.60009765625,8.89310591067375
2018-09-14,7304.0,8.896177422274805
2018-09-17,7302.10009765625,8.895917270373644
2018-09-18,7300.2001953125,8.895657050775862
2018-09-19,7331.10009765625,8.89988086515523
2018-09-20,7367.2998046875,8.904806541482229
2018-09-21,7490.2001953125,8.921350804500197
2018-09-24,7458.39990234375,8.917096179889025
2018-09-25,7507.60009765625,8.923671132789748
2018-09-26,7511.5,8.924190458502478
2018-09-27,7545.39990234375,8.928693372096085
2018-09-28,7510.2001953125,8.92401740156833
2018-10-01,7495.7001953125,8.922084827829272
2018-10-02,7474.60009765625,8.91926589818648
2018-10-03,7510.2998046875,8.924030664692062
2018-10-04,7418.2998046875,8.911705173071002
2018-10-05,7318.5,8.898160667924001
2018-10-08,7233.2998046875,8.88645061555304
2018-10-09,7237.60009765625,8.887044952204437
2018-10-10,7145.7001953125,8.87426608350685
2018-10-11,7006.89990234375,8.854650642888698
2018-10-12,6995.89990234375,8.853079528195046
2018-10-15,7029.2001953125,8.85782820810657
2018-10-16,7059.39990234375,8.862115327206586
2018-10-17,7054.60009765625,8.86143517914473
2018-10-18,7027.0,8.857515151192198
2018-10-19,7049.7998046875,8.8607544989049
2018-10-22,7042.7998046875,8.859761069620065
2018-10-23,6955.2001953125,8.847244888316034
2018-10-24,6963.0,8.848365694942547
2018-10-25,7004.10009765625,8.854250984802228
2018-10-26,6939.60009765625,8.84499942902449
2018-10-29,7026.2998046875,8.857415502665118
2018-10-30,7035.89990234375,8.858780879255931
2018-10-31,7128.10009765625,8.871800011933113
2018-11-01,7114.7001953125,8.869918372645651
2018-11-02,7094.10009765625,8.867018745419564
2018-11-05,7103.7998046875,8.868385103628457
2018-11-06,7040.7001953125,8.85946290376775
2018-11-07,7117.2998046875,8.870283691561323
2018-11-08,7140.7001953125,8.873566117095796
2018-11-09,7105.2998046875,8.868596235937584
2018-11-12,7053.10009765625,8.861222529317345
2018-11-13,7053.7998046875,8.86132172999739
2018-11-14,7033.7998046875,8.85848235153813
2018-11-15,7038.0,8.85907931788153
2018-11-16,7013.89990234375,8.855649159475357
2018-11-19,7000.89990234375,8.853793977252325
2018-11-20,6947.89990234375,8.846194720570942
2018-11-21,7050.2001953125,8.860811291901369
2018-11-22,6960.2998046875,8.847977827786883
2018-11-23,6952.89990234375,8.846914103669164
2018-11-26,7036.0,8.85879510585745
2018-11-27,7016.89990234375,8.856076790128988
2018-11-28,7004.5,8.85430807863617
2018-11-29,7039.0,8.85922139360813
2018-11-30,6980.2001953125,8.85083287662198
2018-12-03,7062.39990234375,8.862540202234788
2018-12-04,7022.7998046875,8.856917250083853
2018-12-05,6921.7998046875,8.842431102177443
2018-12-06,6704.10009765625,8.810474573085095
2018-12-07,6778.10009765625,8.821452120080412
2018-12-10,6721.5,8.813066622894308
2018-12-11,6806.89990234375,8.825692068233874
2018-12-12,6880.2001953125,8.836403028659932
2018-12-13,6877.5,8.83601049279873
2018-12-14,6845.2001953125,8.831302984236064
2018-12-17,6773.2001953125,8.82072895662726
2018-12-18,6701.60009765625,8.810101597411679
2018-12-19,6765.89990234375,8.81965055501658
2018-12-20,6711.89990234375,8.811637334797423
2018-12-21,6721.2001953125,8.813022018062957
2018-12-24,6686.0,8.807771066980044
2018-12-27,6584.7001953125,8.792504084714583
2018-12-28,6734.0,8.814924599721019
2018-12-31,6728.10009765625,8.814048079315038
2019-01-02,6734.2001953125,8.814954328312757
2019-01-03,6692.7001953125,8.80877268832963
2019-01-04,6837.39990234375,8.830162807112108
2019-01-07,6810.89990234375,8.82627953466346
2019-01-08,6861.60009765625,8.833695943908497
2019-01-09,6906.60009765625,8.840232769288626
2019-01-10,6942.89990234375,8.845474819588098
2019-01-11,6918.2001953125,8.841910927400539
2019-01-14,6855.0,8.832733591996416
2019-01-15,6895.0,8.838551790227402
2019-01-16,6862.7001953125,8.833856257751115
2019-01-17,6834.89990234375,8.829797104185232
2019-01-18,6968.2998046875,8.849126543537793
2019-01-21,6970.60009765625,8.849456597273129
2019-01-22,6901.39990234375,8.83947955440474
2019-01-23,6842.89990234375,8.830966883100919
2019-01-24,6819.0,8.827468112520654
2019-01-25,6809.2001953125,8.826029946624034
2019-01-28,6747.10009765625,8.816868076393504
2019-01-29,6833.89990234375,8.829650785559446
2019-01-30,6941.60009765625,8.845287588547542
2019-01-31,6968.89990234375,8.849212658061402
2019-02-01,7020.2001953125,8.856547014464015
2019-02-04,7034.10009765625,8.85852504347806
2019-02-05,7177.39990234375,8.87869246586436
2019-02-06,7173.10009765625,8.878093210811759
2019-02-07,7093.60009765625,8.866948261832608
2019-02-08,7071.2001953125,8.86378550336758
2019-02-11,7129.10009765625,8.871940291930299
2019-02-12,7133.10009765625,8.872501215217042
2019-02-13,7190.7998046875,8.880557683010819
2019-02-14,7197.0,8.881419551507804
2019-02-15,7236.7001953125,8.886920607355057
2019-02-18,7219.5,8.884540977411273
2019-02-19,7179.2001953125,8.878943262427049
2019-02-20,7228.60009765625,8.885800672291307
2019-02-21,7167.39990234375,8.877298232169075
2019-02-22,7178.60009765625,8.878859670561392
2019-02-25,7183.7001953125,8.879569876832893
2019-02-26,7151.10009765625,8.87502148366491
2019-02-27,7107.2001953125,8.868863661181043
2019-02-28,7074.7001953125,8.864280346392736
2019-03-01,7106.7001953125,8.868793307515059
2019-03-04,7134.39990234375,8.87268342018513
2019-03-05,7183.39990234375,8.879528073968466
2019-03-06,7196.0,8.881280595070423
2019-03-07,7157.60009765625,8.875930021877101
2019-03-08,7104.2998046875,8.868455486017933
2019-03-11,7130.60009765625,8.872150675035831
2019-03-12,7151.2001953125,8.875035481085492
2019-03-13,7159.2001953125,8.87615354914998
2019-03-14,7185.39990234375,8.879806454910522
2019-03-15,7228.2998046875,8.885759129087601
2019-03-18,7299.2001953125,8.895520058848138
2019-03-19,7324.0,8.898911905794401
2019-03-20,7291.0,8.89439598980643
2019-03-21,7355.2998046875,8.903176394228922
2019-03-22,7207.60009765625,8.882891317401725
2019-03-25,7177.60009765625,8.878720357931586
2019-03-26,7196.2998046875,8.881322256888426
2019-03-27,7194.2001953125,8.881030451962967
2019-03-28,7234.2998046875,8.886588855486213
2019-03-29,7279.2001953125,8.89277627187407
2019-04-01,7317.39990234375,8.898010339257413
2019-04-02,7391.10009765625,8.90803186587492
2019-04-03,7418.2998046875,8.911705173071002
2019-04-04,7401.89990234375,8.909491989799239
2019-04-05,7446.89990234375,8.915553104280676
2019-04-08,7451.89990234375,8.916224299310244
2019-04-09,7425.60009765625,8.912688781638206
2019-04-10,7421.89990234375,8.912190354914635
2019-04-11,7418.0,8.911664758049536
2019-04-12,7437.10009765625,8.91423628002596
2019-04-15,7436.89990234375,8.914209361199484
2019-04-16,7469.89990234375,8.9186368780831
2019-04-17,7471.2998046875,8.91882426629493
2019-04-18,7459.89990234375,8.917297275191398
2019-04-23,7523.10009765625,8.925733579022182
2019-04-24,7471.7998046875,8.918891186815204
2019-04-25,7434.10009765625,8.913832815611348
2019-04-26,7428.2001953125,8.91303887355159
2019-04-29,7440.7001953125,8.914720235672041
2019-04-30,7418.2001953125,8.911691745460043
2019-05-01,7385.2998046875,8.907246790578501
2019-05-02,7351.2998046875,8.902632420746965
2019-05-03,7380.60009765625,8.906610228334273
2019-05-07,7260.5,8.890203975970792
2019-05-08,7271.0,8.891649112650057
2019-05-09,7207.39990234375,8.882863541430513
2019-05-10,7203.2998046875,8.882294506220532
2019-05-13,7163.7001953125,8.876781913521068
2019-05-14,7241.60009765625,8.887597468924671
2019-05-15,7297.0,8.89521858376562
2019-05-16,7353.5,8.902931669340369
2019-05-17,7348.60009765625,8.902265111162608
2019-05-20,7310.89990234375,8.897121650822724
2019-05-21,7328.89990234375,8.899580702081696
2019-05-22,7334.2001953125,8.90030364513798
2019-05-23,7231.0,8.886132618174951
2019-05-24,7277.7001953125,8.892570184044235
2019-05-28,7269.0,8.891374009484636
2019-05-29,7185.2998046875,8.879792524112677
2019-05-30,7218.2001953125,8.88436092038371
2019-05-31,7161.7001953125,8.876502689212014
2019-06-03,7184.7998046875,8.879722935172614
2019-06-04,7214.2998046875,8.883820419331231
2019-06-05,7220.2001953125,8.88463795938508
2019-06-06,7259.89990234375,8.890121320167836
2019-06-07,7331.89990234375,8.899989956703795
2019-06-10,7375.5,8.905918975520104
2019-06-11,7398.5,8.90903255594259
2019-06-12,7367.60009765625,8.904847300899773
2019-06-13,7368.60009765625,8.90498302109742
2019-06-14,7345.7998046875,8.901883973719602
2019-06-17,7357.2998046875,8.903448270044947
2019-06-18,7443.0,8.915029272359911
2019-06-19,7403.5,8.909708140348773
2019-06-20,7424.39990234375,8.912527139171523
2019-06-21,7407.5,8.910248279447721
2019-06-24,7416.7001953125,8.911489519632351
2019-06-25,7422.39990234375,8.912257720840515
2019-06-26,7416.39990234375,8.91144903005609
2019-06-27,7402.2998046875,8.909546015326017
2019-06-28,7425.60009765625,8.912688781638206
2019-07-01,7497.5,8.922324910623164
2019-07-02,7559.2001953125,8.930520669306137
2019-07-03,7609.2998046875,8.937126436726043
2019-07-04,7603.60009765625,8.936377111175421
2019-07-05,7553.10009765625,8.929713366927373
2019-07-08,7549.2998046875,8.929210096841356
2019-07-09,7536.5,8.927513162250584
2019-07-10,7530.7001953125,8.926743303896176
2019-07-11,7509.7998046875,8.923964087237426
2019-07-12,7506.0,8.923457979694966
2019-07-15,7531.7001953125,8.926876084857447
2019-07-16,7577.2001953125,8.932899043030465
2019-07-17,7535.5,8.92738046585973
2019-07-18,7493.10009765625,8.921737889097484
2019-07-19,7508.7001953125,8.92381765325574
2019-07-22,7514.89990234375,8.924642982383629
2019-07-23,7556.89990234375,8.93021631924605
2019-07-24,7501.5,8.922858279527068
2019-07-25,7489.10009765625,8.921203922117614
2019-07-26,7549.10009765625,8.929183642775685
2019-07-29,7686.60009765625,8.947233844795182
2019-07-30,7646.7998046875,8.942042513113133
2019-07-31,7586.7998046875,8.934165148366441
2019-08-01,7584.89990234375,8.933914694905013
2019-08-02,7407.10009765625,8.910194291848837
2019-08-05,7223.89990234375,8.885150238736115
2019-08-06,7171.7001953125,8.877898031747625
2019-08-07,7198.7001953125,8.88165576027811
2019-08-08,7285.89990234375,8.893696239118901
2019-08-09,7253.89990234375,8.889294520787585
2019-08-12,7226.7001953125,8.885537806447473
2019-08-13,7250.89990234375,8.888880864607124
2019-08-14,7147.89990234375,8.874573872591977
2019-08-15,7067.0,8.863191340690854
2019-08-16,7117.2001953125,8.870269696075004
2019-08-19,7189.7001953125,8.88040475239267
2019-08-20,7125.0,8.871365005136852
2019-08-21,7204.0,8.882391706295847
2019-08-22,7128.2001953125,8.871814054518383
2019-08-23,7095.0,8.867145589594143
2019-08-27,7089.60009765625,8.866384214219803
2019-08-28,7114.7001953125,8.869918372645651
2019-08-29,7184.2998046875,8.879653341389595
2019-08-30,7207.2001953125,8.882835832436866
2019-09-02,7281.89990234375,8.893147082739194
2019-09-03,7268.2001953125,8.891263973896274
2019-09-04,7311.2998046875,8.897176348795924
2019-09-05,7271.2001953125,8.89167664566567
2019-09-06,7282.2998046875,8.89320199853984
2019-09-09,7235.7998046875,8.886796179560804
2019-09-10,7268.0,8.891236429516061
2019-09-11,7338.0,8.900821604915228
2019-09-12,7344.7001953125,8.901734270254497
2019-09-13,7367.5,8.90483371461185
2019-09-16,7321.39990234375,8.898556832160235
2019-09-17,7320.39990234375,8.89842023693084
2019-09-18,7314.10009765625,8.897559284376717
2019-09-19,7356.39990234375,8.90332594834982
2019-09-20,7344.89990234375,8.901761460515626
2019-09-23,7326.10009765625,8.899198606589158
2019-09-24,7291.39990234375,8.894450837067035
2019-09-25,7290.0,8.894258825002703
2019-09-26,7351.10009765625,8.902605254157484
2019-09-27,7426.2001953125,8.912769593074495
2019-09-30,7408.2001953125,8.91034280016612
2019-10-01,7360.2998046875,8.903855945225843
2019-10-02,7122.5,8.871014066372064
2019-10-03,7077.60009765625,8.86469015996711
2019-10-04,7155.39990234375,8.875622581741583
2019-10-07,7197.89990234375,8.88154458222716
2019-10-08,7143.2001953125,8.873916161545443
2019-10-09,7166.5,8.87717266936327
2019-10-10,7186.39990234375,8.87994561632596
2019-10-11,7247.10009765625,8.888356681302598
2019-10-14,7213.5,8.883709549385827
2019-10-15,7211.60009765625,8.883446133209596
2019-10-16,7168.0,8.877381954654766
2019-10-17,7182.2998046875,8.879374917814456
2019-10-18,7150.60009765625,8.874951561908283
2019-10-21,7163.60009765625,8.876767940524871
2019-10-22,7212.5,8.883570910816355
2019-10-23,7260.7001953125,8.890231548803591
2019-10-24,7328.2998046875,8.899498817728807
2019-10-25,7324.5,8.898980172169825
2019-10-28,7331.2998046875,8.899908105856971
2019-10-29,7306.2998046875,8.896492241920841
2019-10-30,7330.7998046875,8.899839902800995
2019-10-31,7248.39990234375,8.888536020365201
2019-11-01,7302.39990234375,8.89595832685453
2019-11-04,7369.7001953125,8.905132305293892
2019-11-05,7388.10009765625,8.907625889908486
2019-11-06,7396.7001953125,8.908789260188206
2019-11-07,7406.39990234375,8.910099757091618
2019-11-08,7359.39990234375,8.90373367339112
2019-11-11,7328.5,8.899526135467354
2019-11-12,7365.39990234375,8.904548625093236
2019-11-13,7351.2001953125,8.902618870755466
2019-11-14,7292.7998046875,8.894642812269813
2019-11-15,7302.89990234375,8.896026795151228
2019-11-18,7307.7001953125,8.89668389247911
2019-11-19,7323.7998046875,8.898884571271104
2019-11-20,7262.5,8.890479401160167
2019-11-21,7238.60009765625,8.887183110006637
2019-11-22,7326.7998046875,8.899294110828789
2019-11-25,7396.2998046875,8.908735127743794
2019-11-26,7403.10009765625,8.909654123580411
2019-11-27,7429.7998046875,8.913254193161388
2019-11-28,7416.39990234375,8.91144903005609
2019-11-29,7346.5,8.901979288316001
2019-12-02,7285.89990234375,8.893696239118901
2019-12-03,7158.7998046875,8.876097620860397
2019-12-04,7188.5,8.880237805862647
2019-12-05,7137.89990234375,8.873173880744122
2019-12-06,7239.7001953125,8.887335075035141
2019-12-09,7233.89990234375,8.886533575305963
2019-12-10,7213.7998046875,8.883751110134076
2019-12-11,7216.2998046875,8.884097608092189
2019-12-12,7273.5,8.891992885213517
2019-12-13,7353.39990234375,8.902918057001001
2019-12-16,7519.10009765625,8.925201741918254
2019-12-17,7525.2998046875,8.926025929977923
2019-12-18,7540.7998046875,8.9280835302687
2019-12-19,7573.7998046875,8.932450176198957
2019-12-20,7582.5,8.933598239562736
2019-12-23,7623.60009765625,8.939003990870217
2019-12-24,7632.2001953125,8.94013144382609
2019-12-27,7644.89990234375,8.941794025058838
2019-12-30,7587.10009765625,8.934204728562793
2019-12-31,7542.39990234375,8.928295699794177
2020-01-02,7604.2998046875,8.936469130065108
2020-01-03,7622.39990234375,8.938846546909181
2020-01-06,7575.2998046875,8.932648207770942
2020-01-07,7573.89990234375,8.93246339241768
2020-01-08,7574.89990234375,8.932595416078215
2020-01-09,7598.10009765625,8.935653507871933
2020-01-10,7587.89990234375,8.934310139394853
2020-01-13,7617.60009765625,8.938216651260072
2020-01-14,7622.39990234375,8.938846546909181
2020-01-15,7642.7998046875,8.941519281610223
2020-01-16,7609.7998046875,8.93719214363552
2020-01-17,7674.60009765625,8.945671466558007
2020-01-20,7651.39990234375,8.942643903849689
2020-01-21,7610.7001953125,8.937310456519599
2020-01-22,7571.89990234375,8.932199292794365
2020-01-23,7507.7001953125,8.923684465544245
2020-01-24,7586.0,8.934059722248843
2020-01-27,7412.10009765625,8.910869092124672
2020-01-28,7480.7001953125,8.920081675586472
2020-01-29,7483.60009765625,8.92046925166063
2020-01-30,7382.0,8.906799883589944
2020-01-31,7286.0,8.89370997756851
2020-02-03,7326.2998046875,8.899225865882189
2020-02-04,7439.7998046875,8.914599219493
2020-02-05,7482.5,8.920322239726854
2020-02-06,7504.7998046875,8.92329806878673
2020-02-07,7466.7001953125,8.918208439608579
2020-02-10,7446.89990234375,8.915553104280676
2020-02-11,7499.39990234375,8.922578283302355
2020-02-12,7534.39990234375,8.927234466527906
2020-02-13,7452.0,8.916237731721479
2020-02-14,7409.10009765625,8.910464266604277
2020-02-17,7433.2998046875,8.91372515818977
2020-02-18,7382.0,8.906799883589944
2020-02-19,7457.0,8.916908467543795
2020-02-20,7436.60009765625,8.914169047260257
2020-02-21,7403.89990234375,8.90976215419948
2020-02-24,7156.7998046875,8.875818205388104
2020-02-25,7017.89990234375,8.856219293052522
2020-02-26,7042.5,8.859718499750528
2020-02-27,6796.39990234375,8.824148324842783
2020-02-28,6580.60009765625,8.791881220412582
2020-03-02,6654.89990234375,8.80310868974596
2020-03-03,6718.2001953125,8.812575569566354
2020-03-04,6815.60009765625,8.826969395669426
2020-03-05,6705.39990234375,8.81066843634496
2020-03-06,6462.60009765625,8.773787007695764
2020-03-09,5965.7998046875,8.693798408475388
2020-03-10,5960.2001953125,8.692859349312803
2020-03-11,5876.5,8.678716625572909
2020-03-12,5237.5,8.563599564230394
2020-03-13,5366.10009765625,8.587856684866049
2020-03-16,5151.10009765625,8.546965582041548
2020-03-17,5294.89990234375,8.574499353672449
2020-03-18,5080.60009765625,8.533184663055684
2020-03-19,5151.60009765625,8.547062643975003
2020-03-20,5190.7998046875,8.554643069236409
2020-03-23,4993.89990234375,8.515972427055292
2020-03-24,5446.0,8.602636673233706
2020-03-25,5688.2001953125,8.646149166945372
2020-03-26,5815.7001953125,8.668316469623436
2020-03-27,5510.2998046875,8.6143743116808
2020-03-30,5563.7001953125,8.624018668649917
2020-03-31,5672.0,8.643297068211963
2020-04-01,5454.60009765625,8.604214586259333
2020-04-02,5480.2001953125,8.608896911266116
2020-04-03,5415.5,8.597020491275792
2020-04-06,5582.39990234375,8.627374052938913
2020-04-07,5704.5,8.649010616036424
2020-04-08,5677.7001953125,8.644301534531545
2020-04-09,5842.7001953125,8.672948331176846
2020-04-14,5791.2998046875,8.664112036683086
2020-04-15,5597.7001953125,8.630111112962876
2020-04-16,5628.39990234375,8.635580471563477
2020-04-17,5787.0,8.663369301573839
2020-04-20,5812.7998046875,8.66781762786652
2020-04-21,5641.0,8.637816633739977
2020-04-22,5770.60009765625,8.66053135715421
2020-04-23,5826.60009765625,8.670188935588781
2020-04-24,5752.2001953125,8.657337703265405
2020-04-27,5846.7998046875,8.673649748610112
2020-04-28,5958.5,8.692574050530862
2020-04-29,6115.2998046875,8.71854907466884
2020-04-30,5901.2001953125,8.682911032140494
2020-05-01,5763.10009765625,8.659230820304783
2020-05-04,5753.7998046875,8.657615751133527
2020-05-05,5849.39990234375,8.674094354168192
2020-05-06,5853.7998046875,8.674846268629398
2020-05-07,5936.0,8.688790784847216
2020-05-11,5939.7001953125,8.689413938913315
2020-05-12,5994.7998046875,8.698647673190521
2020-05-13,5904.10009765625,8.683402320346657
2020-05-14,5741.5,8.655475779216244
2020-05-15,5799.7998046875,8.665578679505614
2020-05-18,6048.60009765625,8.707582135433215
2020-05-19,6002.2001953125,8.699881380211215
2020-05-20,6067.2001953125,8.710652524812186
2020-05-21,6015.2998046875,8.70206147000748
2020-05-22,5993.2998046875,8.6983974250183
2020-05-26,6067.7998046875,8.710751347947824
2020-05-27,6144.2998046875,8.723280069972862
2020-05-28,6218.7998046875,8.735332209668803
2020-05-29,6076.60009765625,8.712200624088245
2020-06-01,6166.39990234375,8.726870462383214
2020-06-02,6220.10009765625,8.735541278474516
2020-06-03,6382.39990234375,8.761299465850275
2020-06-04,6341.39990234375,8.754854827843563
2020-06-05,6484.2998046875,8.777139119400383
2020-06-08,6472.60009765625,8.77533317657467
2020-06-09,6335.7001953125,8.753955614715734
2020-06-10,6329.10009765625,8.752913340364609
2020-06-11,6076.7001953125,8.712217096594287
2020-06-12,6105.2001953125,8.716896178032139
2020-06-15,6064.7001953125,8.710240388221068
2020-06-16,6242.7998046875,8.739184047382356
2020-06-17,6253.2998046875,8.740864572153985
2020-06-18,6224.10009765625,8.736184148257223
2020-06-19,6292.60009765625,8.74712963433726
2020-06-22,6244.60009765625,8.73947238490583
2020-06-23,6320.10009765625,8.751490325252227
2020-06-24,6123.7001953125,8.719921799882357
2020-06-25,6147.10009765625,8.723735720759501
2020-06-26,6159.2998046875,8.72571838199665
2020-06-29,6225.7998046875,8.736457195760439
2020-06-30,6169.7001953125,8.727405525007764
2020-07-01,6158.0,8.725507328484445
2020-07-02,6240.39990234375,8.738799546224058
2020-07-03,6157.2998046875,8.725393617032129
2020-07-06,6285.89990234375,8.746064293327409
2020-07-07,6189.89990234375,8.730674194682585
2020-07-08,6156.2001953125,8.725215014786151
2020-07-09,6049.60009765625,8.707747449279264
2020-07-10,6095.39990234375,8.715289651304252
2020-07-13,6176.2001953125,8.728458506223378
2020-07-14,6179.7998046875,8.729041155863525
2020-07-15,6292.7001953125,8.747145541412008
2020-07-16,6250.7001953125,8.740448767705415
2020-07-17,6290.2998046875,8.746764012260913
2020-07-20,6261.5,8.742175052004088
2020-07-21,6269.7001953125,8.743483816744124
2020-07-22,6207.10009765625,8.733449092859463
2020-07-23,6211.39990234375,8.734141576631146
2020-07-24,6123.7998046875,8.719938065957066
2020-07-27,6104.89990234375,8.7168469903979
2020-07-28,6129.2998046875,8.72083579804849
2020-07-29,6131.5,8.721194697202082
2020-07-30,5990.0,8.697846691109495
2020-07-31,5897.7998046875,8.682334645884177
2020-08-03,6032.89990234375,8.704983086614696
2020-08-04,6036.0,8.70549681988774
2020-08-05,6104.7001953125,8.716814277282044
2020-08-06,6026.89990234375,8.703988045139344
2020-08-07,6032.2001953125,8.70486709801512
2020-08-10,6050.60009765625,8.707912735801163
2020-08-11,6154.2998046875,8.724906271739144
2020-08-12,6280.10009765625,8.745141198452455
2020-08-13,6185.60009765625,8.729979304801688
2020-08-14,6090.0,8.714403360703942
2020-08-17,6127.39990234375,8.720525779462024
2020-08-18,6076.60009765625,8.712200624088245
2020-08-19,6112.0,8.718009330846357
2020-08-20,6013.2998046875,8.701728929215804
2020-08-21,6001.89990234375,8.699831348477662
2020-08-24,6104.7001953125,8.716814277282044
2020-08-25,6037.0,8.705662478796427
2020-08-26,6045.60009765625,8.707086029859786
2020-08-27,6000.0,8.699514748210191
2020-08-28,5963.60009765625,8.69342962092963
2020-09-01,5862.10009765625,8.676263196808478
2020-09-02,5941.0,8.689632748355741
2020-09-03,5850.89990234375,8.674350757855834
2020-09-04,5799.10009765625,8.665458028920131
2020-09-07,5937.39990234375,8.689026589648158
2020-09-08,5930.2998046875,8.687830047996679
2020-09-09,6012.7998046875,8.70164577673636
2020-09-10,6003.2998046875,8.700064564481437
2020-09-11,6032.10009765625,8.704850503989139
2020-09-14,6026.2998046875,8.703888470309202
2020-09-15,6105.5,8.716945283273077
2020-09-16,6078.5,8.712513233995848
2020-09-17,6049.89990234375,8.707797005820867
2020-09-18,6007.10009765625,8.700697398213283
2020-09-21,5804.2998046875,8.666354267509348
2020-09-22,5829.5,8.670686512373345
2020-09-23,5899.2998046875,8.682588945679507
2020-09-24,5822.7998046875,8.669536491147793
2020-09-25,5842.7001953125,8.672948331176846
2020-09-28,5927.89990234375,8.687425281263817
2020-09-29,5897.5,8.68228381128183
2020-09-30,5866.10009765625,8.6769453134314
2020-10-01,5879.5,8.67922700326347
2020-10-02,5902.10009765625,8.683063515314378
2020-10-05,5942.89990234375,8.689952492274076
2020-10-06,5949.89990234375,8.69112967526266
2020-10-07,5946.2998046875,8.690524423526004
2020-10-08,5978.0,8.695841342843883
2020-10-09,6016.7001953125,8.702294247705506
2020-10-12,6001.39990234375,8.699748038053292
2020-10-13,5969.7001953125,8.694451986585035
2020-10-14,5935.10009765625,8.688639172555504
2020-10-15,5832.5,8.671201003895584
2020-10-16,5919.60009765625,8.686024174524796
2020-10-19,5884.7001953125,8.68011107452456
2020-10-20,5889.2001953125,8.680875477155775
2020-10-21,5776.5,8.661553241923073
2020-10-22,5785.7001953125,8.663144668658266
2020-10-23,5860.2998046875,8.675956042471839
2020-10-26,5792.0,8.664232934065552
2020-10-27,5729.0,8.653296274408579
2020-10-28,5582.7998046875,8.627445686649803
2020-10-29,5581.7998046875,8.627266549011615
2020-10-30,5577.2998046875,8.626460032285095
2020-11-02,5655.0,8.640295388550221
2020-11-03,5786.7998046875,8.663334707004053
2020-11-04,5883.2998046875,8.679873074757122
2020-11-05,5906.2001953125,8.683757958666817
2020-11-06,5910.0,8.684401110400144
2020-11-09,6186.2998046875,8.73009241710255
2020-11-10,6296.89990234375,8.747812712275968
2020-11-11,6382.10009765625,8.761252491086273
2020-11-12,6338.89990234375,8.754460515394978
2020-11-13,6316.39990234375,8.750904689131742
2020-11-16,6421.2998046875,8.767375837980715
2020-11-17,6365.2998046875,8.758616611954116
2020-11-18,6385.2001953125,8.761738121978636
2020-11-19,6334.39990234375,8.753750360935054
2020-11-20,6351.5,8.756446284463516
2020-11-23,6333.7998046875,8.753655620139902
2020-11-24,6432.2001953125,8.769071935267545
2020-11-25,6391.10009765625,8.762661691811505
2020-11-26,6362.89990234375,8.758239511904238
2020-11-27,6367.60009765625,8.75897792681741
2020-11-30,6266.2001953125,8.742925420461148
2020-12-01,6384.7001953125,8.761659812832134
2020-12-02,6463.39990234375,8.77391075900143
2020-12-03,6490.2998046875,8.778064003498288
2020-12-04,6550.2001953125,8.78725089233207
2020-12-07,6555.39990234375,8.788044401559475
2020-12-08,6558.7998046875,8.788562908597019
2020-12-09,6564.2998046875,8.789401125250972
2020-12-10,6599.7998046875,8.794794594931368
2020-12-11,6546.7998046875,8.786731629798451
2020-12-14,6531.7998046875,8.784437805226242
2020-12-15,6513.2998046875,8.78160148922158
2020-12-16,6570.89990234375,8.79040607353633
2020-12-17,6551.10009765625,8.787388268367279
2020-12-18,6529.2001953125,8.784039733193575
2020-12-21,6416.2998046875,8.76659687611791
2020-12-23,6495.7998046875,8.778911063122703
2020-12-24,6502.10009765625,8.77988049564788
2020-12-29,6602.7001953125,8.795233964849437
2020-12-30,6555.7998046875,8.788105403199724
2020-12-31,6460.5,8.773461993162275
2021-01-04,6571.89990234375,8.790558248113557
2021-01-05,6612.2998046875,8.796686800424695
2021-01-06,6841.89990234375,8.830820735548006
2021-01-07,6857.0,8.833025307284364
2021-01-08,6873.2998046875,8.83539959081444
2021-01-11,6798.5,8.824457278595741
2021-01-12,6754.10009765625,8.81790502133558
2021-01-13,6745.5,8.816630894878871
2021-01-14,6802.0,8.82497196556714
2021-01-15,6735.7001953125,8.815177047109882
2021-01-18,6720.7001953125,8.812947623820223
2021-01-19,6713.0,8.811801223938751
2021-01-20,6740.39990234375,8.815874534838189
2021-01-21,6715.39990234375,8.812158660772143
2021-01-22,6695.10009765625,8.809131209119743
2021-01-25,6638.89990234375,8.8007015513866
2021-01-26,6654.0,8.802973456578423
2021-01-27,6567.39990234375,8.78987328007982
2021-01-28,6526.2001953125,8.783580153255306
2021-01-29,6407.5,8.765224458238226
2021-02-01,6466.39990234375,8.77437480331753
2021-02-02,6516.7001953125,8.782123421792909
2021-02-03,6507.7998046875,8.780756706447148
2021-02-04,6503.7001953125,8.780126554733561
2021-02-05,6489.2998046875,8.777909915539944
2021-02-08,6523.5,8.783166320705803
2021-02-09,6531.60009765625,8.784407230179507
2021-02-10,6524.39990234375,8.783304258972024
2021-02-11,6528.7001953125,8.783963151203318
2021-02-12,6589.7998046875,8.793278248383746
2021-02-15,6756.10009765625,8.818201093930464
2021-02-16,6748.89990234375,8.817134793153755
2021-02-17,6710.89990234375,8.811488334586379
2021-02-18,6617.2001953125,8.797427628248743
2021-02-19,6624.0,8.798454696065095
2021-02-22,6612.2001953125,8.796671736055531
2021-02-23,6625.89990234375,8.798741475945816
2021-02-24,6659.0,8.803724602110622
2021-02-25,6652.0,8.802672840312818
2021-02-26,6483.39990234375,8.77700032803946
2021-03-01,6588.5,8.793080983985307
2021-03-02,6613.7998046875,8.796913624666269
2021-03-03,6675.5,8.80619938683015
2021-03-04,6650.89990234375,8.802507448155193
2021-03-05,6630.5,8.799435495117654
2021-03-08,6719.10009765625,8.812709510510661
2021-03-09,6730.2998046875,8.814374969148421
2021-03-10,6725.60009765625,8.813676434341167
2021-03-11,6737.0,8.81537000096066
2021-03-12,6761.5,8.819000037913414
2021-03-15,6749.7001953125,8.817253367370919
2021-03-16,6803.60009765625,8.825207177193551
2021-03-17,6762.7001953125,8.819177526459622
2021-03-18,6779.7001953125,8.821688160976295
2021-03-19,6708.7001953125,8.811160499623348
2021-03-22,6726.10009765625,8.813750774386362
2021-03-23,6699.2001953125,8.809743424419478
2021-03-24,6712.89990234375,8.81178631281071
2021-03-25,6674.7998046875,8.80609449101157
2021-03-26,6740.60009765625,8.81590423520352
2021-03-29,6736.2001953125,8.81525127568725
2021-03-30,6772.10009765625,8.820566524250735
2021-03-31,6713.60009765625,8.811890613307957
2021-04-01,6737.2998046875,8.815414501185813
2021-04-06,6823.60009765625,8.828142485117908
2021-04-07,6885.2998046875,8.837143954831637
2021-04-08,6942.2001953125,8.84537403428199
2021-04-09,6915.7998046875,8.841563899693572
2021-04-12,6889.10009765625,8.83769574555822
2021-04-13,6890.5,8.8378989303152
2021-04-14,6939.60009765625,8.84499942902449
2021-04-15,6983.5,8.851305502745825
2021-04-16,7019.5,8.856447269412007
2021-04-19,7000.10009765625,8.85367972760039
2021-04-20,6859.89990234375,8.833448129118393
2021-04-21,6895.2998046875,8.838595270745127
2021-04-22,6938.2001953125,8.84479768201575
2021-04-23,6938.60009765625,8.844855318118514
2021-04-26,6963.10009765625,8.848380070489979
2021-04-27,6945.0,8.845777255188445
2021-04-28,6963.7001953125,8.848466249316989
2021-04-29,6961.5,8.84815024734934
2021-04-30,6969.7998046875,8.849341780915601
2021-05-04,6923.2001953125,8.842633397681924
2021-05-05,7039.2998046875,8.859263984644222
2021-05-06,7076.2001953125,8.864492347037812
2021-05-07,7129.7001953125,8.872024464181017
2021-05-10,7123.7001953125,8.871182559766636
2021-05-11,6948.0,8.846209127360996
2021-05-12,7004.60009765625,8.854322369012504
2021-05-13,6963.2998046875,8.848408750842786
2021-05-14,7043.60009765625,8.85987469595116
2021-05-17,7032.89990234375,8.858354403637952
2021-05-18,7034.2001953125,8.858539273719693
2021-05-19,6950.2001953125,8.846525743224914
2021-05-20,7019.7998046875,8.856489978762431
2021-05-21,7018.10009765625,8.856247819030367
2021-05-24,7051.60009765625,8.861009834260395
2021-05-25,7029.7998046875,8.857913507114374
2021-05-26,7026.89990234375,8.857500906369488
2021-05-27,7019.7001953125,8.856475788887435
2021-05-28,7022.60009765625,8.856888812726048
2021-06-01,7080.5,8.865099805663114
2021-06-02,7108.0,8.868976189274543
2021-06-03,7064.39990234375,8.862823351998502
2021-06-04,7069.0,8.863474306170954
2021-06-07,7077.2001953125,8.864633655836274
2021-06-08,7095.10009765625,8.867159697691417
2021-06-09,7081.0,8.865170419651774
2021-06-10,7088.2001953125,8.86618673614572
2021-06-11,7134.10009765625,8.872641396890804
2021-06-14,7146.7001953125,8.874406018013902
2021-06-15,7172.5,8.87800954785552
2021-06-16,7185.0,8.879750798513125
2021-06-17,7153.39990234375,8.875343033485919
2021-06-18,7017.5,8.856162308236037
2021-06-21,7062.2998046875,8.862526028813996
2021-06-22,7090.0,8.866440619526173
2021-06-23,7074.10009765625,8.864195519743948
2021-06-24,7110.0,8.869257522797287
2021-06-25,7136.10009765625,8.872921701299394
2021-06-28,7073.0,8.86403999703599
2021-06-29,7087.60009765625,8.866102071062379
2021-06-30,7037.5,8.859008272447946
2021-07-01,7125.2001953125,8.87139310232984
2021-07-02,7123.2998046875,8.871126352758129
2021-07-05,7164.89990234375,8.876949369800938
2021-07-06,7100.89990234375,8.867976801806687
2021-07-07,7151.0,8.875007486048396
2021-07-08,7030.7001953125,8.858041580885041
2021-07-09,7121.89990234375,8.870929809027322
2021-07-12,7125.39990234375,8.871421130206548
2021-07-13,7124.7001953125,8.871322926400676
2021-07-14,7091.2001953125,8.866609885215796
2021-07-15,7012.0,8.855378246041125
2021-07-16,7008.10009765625,8.854821915855581
2021-07-19,6844.39990234375,8.831186064389764
2021-07-20,6881.10009765625,8.836533816060232
2021-07-21,6998.2998046875,8.853422513491457
2021-07-22,6968.2998046875,8.849126543537793
2021-07-23,7027.60009765625,8.857600546387001
2021-07-26,7025.39990234375,8.85728741818228
2021-07-27,6996.10009765625,8.853108143877224
2021-07-28,7016.60009765625,8.85603406312752
2021-07-29,7078.39990234375,8.864803158651533
2021-07-30,7032.2998046875,8.858269072797421
2021-08-02,7081.7001953125,8.865269298439493
2021-08-03,7105.7001953125,8.868652585332434
2021-08-04,7123.89990234375,8.871210593544943
2021-08-05,7120.39990234375,8.870719168888282
2021-08-06,7123.0,8.871084263978354
2021-08-09,7132.2998046875,8.87238901465133
2021-08-10,7161.0,8.87640491500694
2021-08-11,7220.10009765625,8.884624095732077
2021-08-12,7193.2001953125,8.880891441443422
2021-08-13,7218.7001953125,8.884430187329754
2021-08-16,7154.0,8.875426919818963
2021-08-17,7181.10009765625,8.87920786724952
2021-08-18,7169.2998046875,8.877563272574983
2021-08-19,7058.89990234375,8.862044497148135
2021-08-20,7087.89990234375,8.866144370055366
2021-08-23,7109.0,8.869116865929483
2021-08-24,7125.7998046875,8.871477252126397
2021-08-25,7150.10009765625,8.87488163526226
2021-08-26,7125.0,8.871365005136852
2021-08-27,7148.0,8.87458787627932
2021-08-31,7119.7001953125,8.87062089611955
2021-09-01,7149.7998046875,8.874839635951659
2021-09-02,7163.89990234375,8.876809790769162
2021-09-03,7138.39990234375,8.87324392690553
2021-09-06,7187.2001953125,8.880056972279116
2021-09-07,7149.39990234375,8.874783702423622
2021-09-08,7095.5,8.867216059274591
2021-09-09,7024.2001953125,8.857116636519338
2021-09-10,7029.2001953125,8.85782820810657
2021-09-13,7068.39990234375,8.863389411118009
2021-09-14,7034.10009765625,8.85852504347806
2021-09-15,7016.5,8.856019797191191
2021-09-16,7027.5,8.857586302780687
2021-09-17,6963.60009765625,8.84845187500838
2021-09-20,6903.89990234375,8.839841734156385
2021-09-21,6981.0,8.850947451970402
2021-09-22,7083.39990234375,8.865509283618234
2021-09-23,7078.39990234375,8.864803158651533
2021-09-24,7051.5,8.860995639132295
2021-09-27,7063.39990234375,8.862681787138367
2021-09-28,7028.10009765625,8.857671691899963
2021-09-29,7108.2001953125,8.869004353665837
2021-09-30,7086.39990234375,8.865932719388136
2021-10-01,7027.10009765625,8.857529395811996
2021-10-04,7011.0,8.855235623206967
2021-10-05,7077.10009765625,8.864619512056054
2021-10-06,6995.89990234375,8.853079528195046
2021-10-07,7078.0,8.864746660905409
2021-10-08,7095.60009765625,8.867230166377714
2021-10-11,7146.89990234375,8.874433961573244
2021-10-12,7130.2001953125,8.872094590898106
2021-10-13,7141.7998046875,8.873720097054091
2021-10-14,7207.7001953125,8.882905205098023
2021-10-15,7234.0,8.886547412512042
2021-10-18,7203.7998046875,8.88236391644379
2021-10-19,7217.5,8.88426391153709
2021-10-20,7223.10009765625,8.885039516137883
2021-10-21,7190.2998046875,8.880488147298838
2021-10-22,7204.60009765625,8.882475003445123
2021-10-25,7222.7998046875,8.88499794130062
2021-10-26,7277.60009765625,8.892556429926596
2021-10-27,7253.2998046875,8.889211789775576
2021-10-28,7249.5,8.888687779953248
2021-10-29,7237.60009765625,8.887044952204437
2021-11-01,7288.60009765625,8.894066776062658
2021-11-02,7274.7998046875,8.892171573405045
2021-11-03,7248.89990234375,8.888604998727647
2021-11-04,7279.89990234375,8.892872391418148
2021-11-05,7304.0,8.896177422274805
2021-11-08,7300.39990234375,8.89568440677903
2021-11-09,7274.0,8.892061625546935
2021-11-10,7340.2001953125,8.901121395802353
2021-11-11,7384.2001953125,8.907097887856402
2021-11-12,7347.89990234375,8.902169823806704
2021-11-15,7351.89990234375,8.902714048918865
2021-11-16,7327.0,8.899321434159964
2021-11-17,7291.2001953125,8.894423447297047
2021-11-18,7256.0,8.889583991794973
2021-11-19,7223.60009765625,8.885108736097244
2021-11-22,7255.5,8.889515080931147
2021-11-23,7266.7001953125,8.891057574132256
2021-11-24,7286.2998046875,8.893751124771292
2021-11-25,7310.39990234375,8.89705325745047
2021-11-26,7044.0,8.859931469616097
2021-11-29,7110.0,8.869257522797287
2021-11-30,7059.5,8.86212950644958
2021-12-01,7168.7001953125,8.877479633381881
2021-12-02,7129.2001953125,8.871954332545828
2021-12-03,7122.2998046875,8.87098595852706
2021-12-06,7232.2998046875,8.886312356506943
2021-12-07,7339.89990234375,8.901080484232704
2021-12-08,7337.39990234375,8.900739822113998
2021-12-09,7321.2998046875,8.898543160138237
2021-12-10,7291.7998046875,8.894505681319584
2021-12-13,7231.39990234375,8.886187920524016
2021-12-14,7218.60009765625,8.884416320795953
2021-12-15,7170.7998046875,8.877772476143486
2021-12-16,7260.60009765625,8.890217762482225
2021-12-17,7269.89990234375,8.89149780184182
2021-12-20,7198.0,8.881558488638976
2021-12-21,7297.39990234375,8.895273385928988
2021-12-22,7341.7001953125,8.901325729024252
2021-12-23,7373.2998046875,8.905620619673126
2021-12-24,7372.10009765625,8.905457896784382
2021-12-29,7420.7001953125,8.912028697654321
2021-12-30,7403.0,8.909640602443098
2021-12-31,7384.5,8.907138487866366
2022-01-04,7505.2001953125,8.923351418636843
2022-01-05,7516.89990234375,8.924909084917962
2022-01-06,7450.39990234375,8.91602298809993
2022-01-07,7485.2998046875,8.920696350118053
2022-01-10,7445.2998046875,8.91533821357361
2022-01-11,7491.39990234375,8.921510961896736
2022-01-12,7551.7001953125,8.929528008323405
2022-01-13,7563.89990234375,8.931142196261879
2022-01-14,7543.0,8.928375259853631
2022-01-17,7611.2001953125,8.937376151339214
2022-01-18,7563.60009765625,8.93110255921841
2022-01-19,7589.7001953125,8.934547369650705
2022-01-20,7585.0,8.933927891782632
2022-01-21,7494.10009765625,8.921871336304227
2022-01-24,7297.2001953125,8.895246018679467
2022-01-25,7371.5,8.905376492289875
2022-01-26,7469.7998046875,8.918623477859773
2022-01-27,7554.2998046875,8.929872190688116
2022-01-28,7466.10009765625,8.918128066517825
2022-01-31,7464.39990234375,8.917900318576383
2022-02-01,7535.7998046875,8.927420250707943
2022-02-02,7583.0,8.933664178700935
2022-02-03,7528.7998046875,8.926490919602529
2022-02-04,7516.39990234375,8.924842565922575
2022-02-07,7573.5,8.93241059096708
2022-02-08,7567.10009765625,8.931565194789433
2022-02-09,7643.39990234375,8.941597796567251
2022-02-10,7672.39990234375,8.94538474011928
2022-02-11,7661.0,8.94389780251682
2022-02-14,7531.60009765625,8.926862794588475
2022-02-15,7608.89990234375,8.937073880924235
2022-02-16,7603.7998046875,8.936403375629903
2022-02-17,7537.39990234375,8.927632560992867
2022-02-18,7513.60009765625,8.924470003750933
2022-02-21,7484.2998046875,8.920562746010049
2022-02-22,7494.2001953125,8.921884693076414
2022-02-23,7498.2001953125,8.922418296767711
2022-02-24,7207.0,8.88280805492444
2022-02-25,7489.5,8.921257318608774
2022-02-28,7458.2998046875,8.917082759003948
2022-03-01,7330.2001953125,8.899758106282976
2022-03-02,7429.60009765625,8.913227313606011
2022-03-03,7238.89990234375,8.887224526644529
2022-03-04,6987.10009765625,8.851820884720942
2022-03-07,6959.5,8.847862911667455
2022-03-08,6964.10009765625,8.848523674371261
2022-03-09,7190.7001953125,8.880543830578874
2022-03-10,7099.10009765625,8.867723308187372
2022-03-11,7155.60009765625,8.875650559564589
2022-03-14,7193.5,8.880933119477088
2022-03-15,7175.7001953125,8.878455624063267
2022-03-16,7291.7001953125,8.894492020761419
2022-03-17,7385.2998046875,8.907246790578501
2022-03-18,7404.7001953125,8.909870239091267
2022-03-21,7442.39990234375,8.91494864333274
2022-03-22,7476.7001953125,8.919546823273784
2022-03-23,7460.60009765625,8.917391132007593
2022-03-24,7467.39990234375,8.91830214556035
2022-03-25,7483.39990234375,8.920442500098861
2022-03-28,7473.10009765625,8.919065198415218
2022-03-29,7537.2998046875,8.92761928077393
2022-03-30,7578.7998046875,8.933110128987307
2022-03-31,7515.7001953125,8.92474947087568
2022-04-01,7537.89990234375,8.927698894665385
2022-04-04,7558.89990234375,8.930480943022166
2022-04-05,7613.7001953125,8.937704560715739
2022-04-06,7587.7001953125,8.934283819904358
2022-04-07,7551.7998046875,8.929541198560768
2022-04-08,7669.60009765625,8.945019754495688
2022-04-11,7618.2998046875,8.938308501040687
2022-04-12,7576.7001953125,8.932833053418907
2022-04-13,7580.7998046875,8.933373988200364
2022-04-14,7616.39990234375,8.938059083278587
2022-04-19,7601.2998046875,8.936074538583549
2022-04-20,7629.2001953125,8.939738295102924
2022-04-21,7628.0,8.93958096672031
2022-04-22,7521.7001953125,8.925547481191632
2022-04-25,7380.5,8.906596665977052
2022-04-26,7386.2001953125,8.907368699744953
2022-04-27,7425.60009765625,8.912688781638206
2022-04-28,7509.2001953125,8.923884240459968
2022-04-29,7544.60009765625,8.92858736749857
2022-05-03,7561.2998046875,8.930798386231965
2022-05-04,7493.5,8.92179125708505
2022-05-05,7503.2998046875,8.923098176722574
2022-05-06,7387.89990234375,8.907598792546208
2022-05-09,7216.60009765625,8.884139220376737
2022-05-10,7243.2001953125,8.88781840364664
2022-05-11,7347.7001953125,8.902142644646963
2022-05-12,7233.2998046875,8.88645061555304
2022-05-13,7418.2001953125,8.911691745460043
2022-05-16,7464.7998046875,8.917953891755346
2022-05-17,7518.39990234375,8.925108615359584
2022-05-18,7438.10009765625,8.914370731998153
2022-05-19,7302.7001953125,8.895999448512962
2022-05-20,7390.0,8.907883013942248
2022-05-23,7513.39990234375,8.924443359003144
2022-05-24,7484.39990234375,8.920576120272104
2022-05-25,7522.7998046875,8.925693662105182
2022-05-26,7564.89990234375,8.931274394455308
2022-05-27,7585.5,8.933993809188147
2022-05-30,7600.10009765625,8.935916696931933
2022-05-31,7607.7001953125,8.936916196944104
2022-06-01,7533.0,8.927048647825695
2022-06-06,7608.2001953125,8.936981917668785
2022-06-07,7598.89990234375,8.935758766105563
2022-06-08,7593.0,8.934982049213234
2022-06-09,7476.2001953125,8.919479946616129
2022-06-10,7317.5,8.89802401856604
2022-06-13,7205.7998046875,8.882641509169066
2022-06-14,7187.5,8.880098685105606
2022-06-15,7273.39990234375,8.891979123153295
2022-06-16,7045.0,8.86007342433278
2022-06-17,7016.2998046875,8.855991264707965
2022-06-20,7121.7998046875,8.87091575401938
2022-06-21,7152.10009765625,8.875161312512716
2022-06-22,7089.2001953125,8.866327805731695
2022-06-23,7020.5,8.856589719554696
2022-06-24,7208.7998046875,8.883057753827206
2022-06-27,7258.2998046875,8.889900893710696
2022-06-28,7323.39990234375,8.898829966657
2022-06-29,7312.2998046875,8.897313114028599
2022-06-30,7169.2998046875,8.877563272574983
2022-07-01,7168.7001953125,8.877479633381881
2022-07-04,7232.7001953125,8.886367716427456
2022-07-05,7025.5,8.857301666046395
2022-07-06,7107.7998046875,8.868948024089992
2022-07-07,7189.10009765625,8.88032128261155
2022-07-08,7196.2001953125,8.881308415043714
2022-07-11,7196.60009765625,8.881363984819673
2022-07-12,7209.89990234375,8.883210347012547
2022-07-13,7156.39990234375,8.875762326569665
2022-07-14,7039.7998046875,8.859335011913592
2022-07-15,7159.0,8.876125585396185
2022-07-18,7223.2001953125,8.885053374032877
2022-07-19,7296.2998046875,8.895122622561177
2022-07-20,7264.2998046875,8.890727192101174
2022-07-21,7270.5,8.89158034395354
2022-07-22,7276.39990234375,8.892391499967104
2022-07-25,7306.2998046875,8.896492241920841
2022-07-26,7306.2998046875,8.896492241920841
2022-07-27,7348.2001953125,8.902210690834934
2022-07-28,7345.2998046875,8.901815905295388
2022-07-29,7423.39990234375,8.9123924390793
2022-08-01,7413.39990234375,8.911044439288792
2022-08-02,7409.10009765625,8.910464266604277
2022-08-03,7445.7001953125,8.91539198976394
2022-08-04,7448.10009765625,8.915714258401536
2022-08-05,7439.7001953125,8.914585830686253
2022-08-08,7482.39990234375,8.92030886206888
2022-08-09,7488.2001953125,8.921083753285151
2022-08-10,7507.10009765625,8.923604531393291
2022-08-11,7465.89990234375,8.918101252251482
2022-08-12,7500.89990234375,8.922778279305707
2022-08-15,7509.2001953125,8.923884240459968
2022-08-16,7536.10009765625,8.927460098765684
2022-08-17,7515.7998046875,8.924762724293503
2022-08-18,7541.89990234375,8.928229405699435
2022-08-19,7550.39990234375,8.929355808038206
2022-08-22,7533.7998046875,8.927154815651459
2022-08-23,7488.10009765625,8.921070385810635
2022-08-24,7471.5,8.918851061181448
2022-08-25,7479.7001953125,8.91994798932469
2022-08-26,7427.2998046875,8.912917653717038
2022-08-30,7361.60009765625,8.904032592666832
2022-08-31,7284.2001953125,8.893462924724687
2022-09-01,7148.5,8.874657823469219
2022-09-02,7281.2001953125,8.893050989595961
2022-09-05,7287.39990234375,8.893902095036971
2022-09-06,7300.39990234375,8.89568440677903
2022-09-07,7237.7998046875,8.887072544814329
2022-09-08,7262.10009765625,8.890424335638064
2022-09-09,7351.10009765625,8.902605254157484
2022-09-12,7473.0,8.91905180393029
2022-09-13,7385.89990234375,8.90732804297079
2022-09-14,7277.2998046875,8.892515166438587
2022-09-15,7282.10009765625,8.893174574542615
2022-09-16,7236.7001953125,8.886920607355057
2022-09-20,7192.7001953125,8.880821928936506
2022-09-21,7237.60009765625,8.887044952204437
2022-09-22,7159.5,8.87619542511406
2022-09-23,7018.60009765625,8.856319060845502
2022-09-26,7021.0,8.85666093701725
2022-09-27,6984.60009765625,8.851463018463903
2022-09-28,7005.39990234375,8.854436545270657
2022-09-29,6881.60009765625,8.836606476220394
2022-09-30,6893.7998046875,8.838377707590402
2022-10-03,6908.7998046875,8.840551212050382
2022-10-04,7086.5,8.86594684460696
2022-10-05,7052.60009765625,8.861151635991487
2022-10-06,6997.2998046875,8.853279611432296
2022-10-07,6991.10009765625,8.852393204483613
2022-10-10,6959.2998046875,8.847834145492882
2022-10-11,6885.2001953125,8.837129487764354
2022-10-12,6826.2001953125,8.828523457385911
2022-10-13,6850.2998046875,8.832047697406184
2022-10-14,6858.7998046875,8.833287749828505
2022-10-17,6920.2001953125,8.842199978151706
2022-10-18,6936.7001953125,8.844581464246453
2022-10-19,6925.0,8.842893331055539
2022-10-20,6943.89990234375,8.84561884125123
2022-10-21,6969.7001953125,8.849327489244452
2022-10-24,7014.0,8.855663430700124
2022-10-25,7013.5,8.855592142159725
2022-10-26,7056.10009765625,8.861647783761777
2022-10-27,7073.7001953125,8.864138987656192
2022-10-28,7047.7001953125,8.860456629156287
2022-10-31,7094.5,8.867075114947369
2022-11-01,7186.2001953125,8.879917826360344
2022-11-02,7144.10009765625,8.874042133888222
2022-11-03,7188.60009765625,8.880251730458786
2022-11-04,7334.7998046875,8.900385397046811
2022-11-07,7300.0,8.895629627136483
2022-11-08,7306.10009765625,8.896464908008191
2022-11-09,7296.2998046875,8.895122622561177
2022-11-10,7375.2998046875,8.905891831864823
2022-11-11,7318.0,8.898092345579153
2022-11-14,7385.2001953125,8.907233302968061
2022-11-15,7369.39990234375,8.905091557491541
2022-11-16,7351.2001953125,8.902618870755466
2022-11-17,7346.5,8.901979288316001
2022-11-18,7385.5,8.907273897480655
2022-11-21,7376.89990234375,8.906108761908381
2022-11-22,7452.7998046875,8.916345053483427
2022-11-23,7465.2001953125,8.918007527472037
2022-11-24,7466.60009765625,8.918195033642812
2022-11-25,7486.7001953125,8.920883418062092
2022-11-28,7474.0,8.91918561004543
2022-11-29,7512.0,8.9242570208881
2022-11-30,7573.10009765625,8.932357786728337
2022-12-01,7558.5,8.930428036788763
2022-12-02,7556.2001953125,8.930123723150313
2022-12-05,7567.5,8.931618040895874
2022-12-06,7521.39990234375,8.925507556845341
2022-12-07,7489.2001953125,8.921217287807218
2022-12-08,7472.2001953125,8.918944772284302
2022-12-09,7476.60009765625,8.919533435238462
2022-12-12,7446.0,8.915432254432663
2022-12-13,7502.89990234375,8.923044878438978
2022-12-14,7495.89990234375,8.922111470353078
2022-12-15,7426.2001953125,8.912769593074495
2022-12-16,7332.10009765625,8.900017261029015
2022-12-19,7361.2998046875,8.903991800028047
2022-12-20,7370.60009765625,8.905254406245295
2022-12-21,7497.2998046875,8.9222982086578
2022-12-22,7469.2998046875,8.918556539421278
2022-12-23,7473.0,8.91905180393029
2022-12-28,7497.2001953125,8.922284922536223
2022-12-29,7512.7001953125,8.924350226782913
2022-12-30,7451.7001953125,8.916197499472627
2023-01-03,7554.10009765625,8.929845754131955
2023-01-04,7585.2001953125,8.933954285015409
2023-01-05,7633.5,8.940301734696996
2023-01-06,7699.5,8.948910670668468
2023-01-09,7724.89990234375,8.95220414405659
2023-01-10,7694.5,8.948261066903907
2023-01-11,7725.0,8.952217101765946
2023-01-12,7794.0,8.961109485898655
2023-01-13,7844.10009765625,8.967516948282272
2023-01-16,7860.10009765625,8.969554620412932
2023-01-17,7851.0,8.968396191198256
2023-01-18,7830.7001953125,8.965807209675397
2023-01-19,7747.2998046875,8.955099649339338
2023-01-20,7770.60009765625,8.958102673024998
2023-01-23,7784.7001953125,8.959915572969386
2023-01-24,7757.39990234375,8.956402492899777
2023-01-25,7744.89990234375,8.954789828602667
2023-01-26,7761.10009765625,8.956879368291421
2023-01-27,7765.2001953125,8.957407517003503
2023-01-30,7784.89990234375,8.959941226426125
2023-01-31,7771.7001953125,8.95824423478064
2023-02-01,7761.10009765625,8.956879368291421
2023-02-02,7820.2001953125,8.964465433635265
2023-02-03,7901.7998046875,8.974845835885473
2023-02-06,7836.7001953125,8.966573131288904
2023-02-07,7864.7001953125,8.97013969592445
2023-02-08,7885.2001953125,8.972742888461328
2023-02-09,7911.2001953125,8.97603478064388
2023-02-10,7882.5,8.972400391419216
2023-02-13,7947.60009765625,8.980625287566449
2023-02-14,7953.89990234375,8.981417641120151
2023-02-15,7997.7998046875,8.986921758421762
2023-02-16,8012.5,8.988758101228925
2023-02-17,8004.39990234375,8.987746657267087
2023-02-20,8014.2998046875,8.98898270061458
2023-02-21,7977.7998046875,8.984417938729537
2023-02-22,7930.60009765625,8.978483986123395
2023-02-23,7907.7001953125,8.975592272002865
2023-02-24,7878.7001953125,8.971918219412766
2023-02-27,7935.10009765625,8.979051247582426
2023-02-28,7876.2998046875,8.97161350463732
2023-03-01,7914.89990234375,8.976502325658233
2023-03-02,7944.0,8.980172205725008
2023-03-03,7947.10009765625,8.980562373514088
2023-03-06,7929.7998046875,8.978383068999696
2023-03-07,7919.5,8.977083351502475
2023-03-08,7929.89990234375,8.978395691893962
2023-03-09,7880.0,8.972083182851925
2023-03-10,7748.39990234375,8.955241636817012
2023-03-13,7548.60009765625,8.929117407522142
2023-03-14,7637.10009765625,8.940773241736657
2023-03-15,7344.5,8.90170701277147
2023-03-16,7410.0,8.910585718290132
2023-03-17,7335.39990234375,8.900467208837867
2023-03-20,7403.89990234375,8.90976215419948
2023-03-21,7536.2001953125,8.927473381098746
2023-03-22,7566.7998046875,8.931525509979737
2023-03-23,7499.60009765625,8.922604977790323
2023-03-24,7405.5,8.909978246367027
2023-03-27,7471.7998046875,8.918891186815204
2023-03-28,7484.2998046875,8.920562746010049
2023-03-29,7564.2998046875,8.931195064726282
2023-03-30,7620.39990234375,8.938584127926172
2023-03-31,7631.7001953125,8.940065929771702
2023-04-03,7673.0,8.945462952177666
2023-04-04,7634.5,8.940432727623566
2023-04-05,7662.89990234375,8.944145768421793
2023-04-06,7741.60009765625,8.954363676181211
2023-04-11,7785.7001953125,8.960044021818009
2023-04-12,7824.7998046875,8.965053431015582
2023-04-13,7843.39990234375,8.967427680353927
2023-04-14,7871.89990234375,8.971054722993692
2023-04-17,7879.5,8.972019729062126
2023-04-18,7909.39990234375,8.97580719218764
2023-04-19,7898.7998046875,8.974466103456297
2023-04-20,7902.60009765625,8.97494711059054
2023-04-21,7914.10009765625,8.976401270040293
2023-04-24,7912.2001953125,8.976161175726688
2023-04-25,7891.10009765625,8.973490833481291
2023-04-26,7852.60009765625,8.968599978565717
2023-04-27,7831.60009765625,8.965922122852632
2023-04-28,7870.60009765625,8.970889589794968
2023-05-02,7773.0,8.958411469230219
2023-05-03,7788.39990234375,8.960390713702786
2023-05-04,7702.60009765625,8.949313225862689
2023-05-05,7778.39990234375,8.959105927940648
2023-05-09,7764.10009765625,8.957265836742662
2023-05-10,7741.2998046875,8.954324885906692
2023-05-11,7730.60009765625,8.952941770865294
2023-05-12,7754.60009765625,8.95604150724765
2023-05-15,7777.7001953125,8.959015968757134
2023-05-16,7751.10009765625,8.955590060358395
2023-05-17,7723.2001953125,8.951984090195293
2023-05-18,7742.2998046875,8.954454054837253
2023-05-19,7756.89990234375,8.95633803623638
2023-05-22,7771.0,8.958154135209242
2023-05-23,7763.0,8.95712413640568
2023-05-24,7627.10009765625,8.939462986197201
2023-05-25,7570.89990234375,8.932067216822372
2023-05-26,7627.2001953125,8.939476110057926
2023-05-30,7522.10009765625,8.925600646261103
2023-05-31,7446.10009765625,8.915445697487113
2023-06-01,7490.2998046875,8.921364103038297
2023-06-02,7607.2998046875,8.936863565905643
2023-06-05,7600.0,8.935903526274423
2023-06-06,7628.10009765625,8.939594089032775
2023-06-07,7624.2998046875,8.93909576836564
2023-06-08,7599.7001953125,8.935864077511132
2023-06-09,7562.39990234375,8.930943866197781
2023-06-12,7570.7001953125,8.932040838232265
2023-06-13,7594.7998046875,8.93521905585265
2023-06-14,7602.7001953125,8.93625875203119
2023-06-15,7628.2998046875,8.939620269131954
2023-06-16,7642.7001953125,8.941506248425178
2023-06-19,7588.5,8.934389222400101
2023-06-20,7569.2998046875,8.9318558460752
2023-06-21,7559.2001953125,8.930520669306137
2023-06-22,7502.0,8.922924930641832
2023-06-23,7461.89990234375,8.917565339371075
2023-06-26,7453.60009765625,8.916452429238106
2023-06-27,7461.5,8.917511745371522
2023-06-28,7500.5,8.922724963968944
2023-06-29,7471.7001953125,8.918877855350019
2023-06-30,7531.5,8.92684950414287
2023-07-03,7527.2998046875,8.926291664809604
2023-07-04,7519.7001953125,8.925281548504536
2023-07-05,7442.10009765625,8.914908359186477
2023-07-06,7280.5,8.89295482015096
2023-07-07,7256.89990234375,8.889708005927359
2023-07-10,7273.7998046875,8.892034103129085
2023-07-11,7282.5,8.89322948883359
2023-07-12,7416.10009765625,8.911408604681064
2023-07-13,7440.2001953125,8.914653035437235
2023-07-14,7434.60009765625,8.913900070985877
2023-07-17,7406.39990234375,8.910099757091618
2023-07-18,7453.7001953125,8.916465858585376
2023-07-19,7588.2001953125,8.934349713852962
2023-07-20,7646.10009765625,8.941951005676845
2023-07-21,7663.7001953125,8.944250200319848
2023-07-24,7678.60009765625,8.946192530575882
2023-07-25,7691.7998046875,8.947910079938294
2023-07-26,7676.89990234375,8.945971086100684
2023-07-27,7692.7998046875,8.94804008007178
2023-07-28,7694.2998046875,8.94823504858993
2023-07-31,7699.39990234375,8.948897670044152
2023-08-01,7666.2998046875,8.944589353535754
2023-08-02,7561.60009765625,8.93083809990735
2023-08-03,7529.2001953125,8.926544099390693
2023-08-04,7564.39990234375,8.931208297543138
2023-08-07,7554.5,8.929898691179895
2023-08-08,7527.39990234375,8.926304962671162
2023-08-09,7587.2998046875,8.934231050134988
2023-08-10,7618.60009765625,8.938347917584828
2023-08-11,7524.2001953125,8.925879797631074
2023-08-14,7507.2001953125,8.923617865035792
2023-08-15,7389.60009765625,8.907828898493763
2023-08-16,7356.89990234375,8.903393914068841
2023-08-17,7310.2001953125,8.89702593886848
2023-08-18,7262.39990234375,8.890465618255373
2023-08-21,7257.7998046875,8.889832004682148
2023-08-22,7270.7998046875,8.891621578876356
2023-08-23,7320.5,8.898433910633537
2023-08-24,7333.60009765625,8.900221819963843
2023-08-25,7338.60009765625,8.900903381028577
2023-08-29,7465.0,8.91798070997329
2023-08-30,7473.7001953125,8.91914549622409
2023-08-31,7439.10009765625,8.914505165895443
2023-09-01,7464.5,8.917913728493644
2023-09-04,7452.7998046875,8.916345053483427
2023-09-05,7437.89990234375,8.91434381679077
2023-09-06,7426.10009765625,8.912756113996604
2023-09-07,7441.7001953125,8.914854622595556
2023-09-08,7478.2001953125,8.919747426416011
2023-09-11,7496.89990234375,8.922244867719083
2023-09-12,7527.5,8.926318260355888
2023-09-13,7526.0,8.926118971153382
2023-09-14,7673.10009765625,8.94547599753194
2023-09-15,7711.39990234375,8.950455019769983
2023-09-18,7652.89990234375,8.942839927192663
2023-09-19,7660.2001953125,8.94379339755141
2023-09-20,7731.7001953125,8.953084065043685
2023-09-21,7678.60009765625,8.946192530575882
2023-09-22,7683.89990234375,8.94688249703938
2023-09-25,7624.0,8.939056445334039
2023-09-26,7625.7001953125,8.93927942615304
2023-09-27,7593.2001953125,8.935008414638414
2023-09-28,7601.89990234375,8.936153482183334
2023-09-29,7608.10009765625,8.936968761033555
2023-10-02,7510.7001953125,8.924083975473646
2023-10-03,7470.2001953125,8.918677077675717
2023-10-04,7412.5,8.910923043305981
2023-10-05,7451.5,8.916170633388848
2023-10-06,7494.60009765625,8.921938053230134
2023-10-09,7492.2001953125,8.921617784417933
2023-10-10,7628.2001953125,8.93960721117305
2023-10-11,7620.0,8.938531648680692
2023-10-12,7644.7998046875,8.941780931583079
2023-10-13,7599.60009765625,8.935850906160567
2023-10-16,7630.60009765625,8.939921770944128
2023-10-17,7675.2001953125,8.94574965619502
2023-10-18,7588.0,8.934323331054905
2023-10-19,7499.5,8.922591630635415
2023-10-20,7402.10009765625,8.90951903591009
2023-10-23,7374.7998046875,8.905824035712467
2023-10-24,7389.7001953125,8.907842444149413
2023-10-25,7414.2998046875,8.911165820536407
2023-10-26,7354.60009765625,8.903081260062622
2023-10-27,7291.2998046875,8.894437108791989
2023-10-30,7327.39990234375,8.899376011945
2023-10-31,7321.7001953125,8.89859784710472
2023-11-01,7342.39990234375,8.901421030340252
2023-11-02,7446.5,8.915499402325922
2023-11-03,7417.7001953125,8.91162434139463
2023-11-06,7417.7998046875,8.91163776991069
2023-11-07,7410.0,8.910585718290132
2023-11-08,7401.7001953125,8.909465008925675
2023-11-09,7455.7001953125,8.916734145700833
2023-11-10,7360.60009765625,8.903896743406767
2023-11-13,7425.7998046875,8.912715675672784
2023-11-14,7440.5,8.914693329870104
2023-11-15,7486.89990234375,8.920910092613298
2023-11-16,7411.0,8.910720661951359
2023-11-17,7504.2998046875,8.923231442538228
2023-11-20,7496.39990234375,8.922178171260438
2023-11-21,7482.0,8.920255414908091
2023-11-22,7469.5,8.918583341482371
2023-11-23,7483.60009765625,8.92046925166063
2023-11-24,7488.2001953125,8.921083753285151
2023-11-27,7460.7001953125,8.917404548754696
2023-11-28,7455.2001953125,8.916667080669603
2023-11-29,7423.5,8.912405923060051
2023-11-30,7453.7998046875,8.916479222244607
2023-12-01,7529.39990234375,8.926570623374326
2023-12-04,7513.0,8.92439013236916
2023-12-05,7489.7998046875,8.92129734780793
2023-12-06,7515.39990234375,8.924709514655996
2023-12-07,7513.7001953125,8.924483325858603
2023-12-08,7554.5,8.929898691179895
2023-12-11,7544.89990234375,8.9286271043603
2023-12-12,7542.7998046875,8.928348718958869
2023-12-13,7548.39990234375,8.929090886317596
2023-12-14,7649.0,8.942330199321866
2023-12-15,7576.39990234375,8.932793418893054
2023-12-18,7614.5,8.937809603291745
2023-12-19,7638.0,8.940891067785461
2023-12-20,7715.7001953125,8.951012518334576
2023-12-21,7694.7001953125,8.948287084540947
2023-12-22,7697.5,8.948650879798656
2023-12-27,7725.0,8.952217101765946
2023-12-28,7722.7001953125,8.951919348097062
2023-12-29,7733.2001953125,8.953278052714708
2024-01-02,7721.5,8.951763924663055
2024-01-03,7682.2998046875,8.946674235049748
2024-01-04,7723.10009765625,8.95197112946627
2024-01-05,7689.60009765625,8.947624058241933
2024-01-08,7694.2001953125,8.948222102640033
2024-01-09,7684.0,8.946895523888447
2024-01-10,7651.7998046875,8.94269616773587
2024-01-11,7576.60009765625,8.932819842084832
2024-01-12,7624.89990234375,8.93917447382797
2024-01-15,7594.89990234375,8.935232235528114
2024-01-16,7558.2998046875,8.930401550321376
2024-01-17,7446.2998046875,8.915472517480207
2024-01-18,7459.10009765625,8.917190055580397
2024-01-19,7461.89990234375,8.917565339371075
2024-01-22,7487.7001953125,8.921016979336722
2024-01-23,7485.7001953125,8.920749838946467
2024-01-24,7527.7001953125,8.92634485519487
2024-01-25,7529.7001953125,8.926610505301777
2024-01-26,7635.10009765625,8.940511327934344
2024-01-29,7632.7001953125,8.940196953588666
2024-01-30,7666.2998046875,8.944589353535754
2024-01-31,7630.60009765625,8.939921770944128
2024-02-01,7622.2001953125,8.938820346545775
2024-02-02,7615.5,8.937940923055558
2024-02-05,7612.89990234375,8.937599442965965
2024-02-06,7681.0,8.946505025998682
2024-02-07,7628.7998046875,8.939685812388927
2024-02-08,7595.5,8.935311245647718
2024-02-09,7572.60009765625,8.93229176138864
2024-02-12,7573.7001953125,8.932437024276197
2024-02-13,7512.2998046875,8.924296930193881
2024-02-14,7568.39990234375,8.931736950554448
2024-02-15,7597.5,8.935574524790947
2024-02-16,7711.7001953125,8.950493960445579
2024-02-19,7728.5,8.952670073592373
2024-02-20,7719.2001953125,8.951466036008343
2024-02-21,7662.5,8.944093580244466
2024-02-22,7684.5,8.946960592047366
2024-02-23,7706.2998046875,8.949793429787148
2024-02-26,7684.2998046875,8.946934539874777
2024-02-27,7683.0,8.946765374867635
2024-02-28,7625.0,8.939187601475613
2024-02-29,7630.0,8.939843124278502
2024-03-01,7682.5,8.94670029400464
2024-03-04,7640.2998046875,8.941192122841883
2024-03-05,7646.2001953125,8.941964096925949
2024-03-06,7679.2998046875,8.946283650720718
2024-03-07,7692.5,8.948001107196196
2024-03-08,7659.7001953125,8.943728122975541
2024-03-11,7669.2001953125,8.944967611911364
2024-03-12,7747.7998046875,8.955164185871892
2024-03-13,7772.2001953125,8.958308568697817
2024-03-14,7743.2001953125,8.954570343058624
2024-03-15,7727.39990234375,8.95252772048902
2024-03-18,7722.60009765625,8.9519063865289
2024-03-19,7738.2998046875,8.95393727897715
2024-03-20,7737.39990234375,8.953820980216927
2024-03-21,7882.60009765625,8.972413090058062
2024-03-22,7930.89990234375,8.978521788939968
2024-03-25,7917.60009765625,8.976843420916554
2024-03-26,7931.0,8.97853441008332
2024-03-27,7932.0,8.978660489639687
2024-03-28,7952.60009765625,8.981254210486084
2024-04-02,7935.10009765625,8.979051247582426
2024-04-03,7937.39990234375,8.979341032393085
2024-04-04,7975.89990234375,8.984179761706324
2024-04-05,7911.2001953125,8.97603478064388
2024-04-08,7943.5,8.980109263160077
2024-04-09,7934.7998046875,8.97901340323928
2024-04-10,7961.2001953125,8.982335045778113
2024-04-11,7923.7998046875,8.97762614307318
2024-04-12,7995.60009765625,8.98664668157024
2024-04-15,7965.5,8.98287499501295
2024-04-16,7820.39990234375,8.964490970638963
2024-04-17,7848.0,8.9680140012452
2024-04-18,7877.10009765625,8.971715107208752
2024-04-19,7895.89990234375,8.974098904024826
2024-04-22,8023.89990234375,8.990179854781278
2024-04-23,8044.7998046875,8.992781174677768
2024-04-24,8040.39990234375,8.992234100033546
2024-04-25,8078.89990234375,8.997010991545762
2024-04-26,8139.7998046875,9.004520864675413
2024-04-29,8147.0,9.005405040310642
2024-04-30,8144.10009765625,9.005049029684349
2024-05-01,8121.2001953125,9.002233229537795
2024-05-02,8172.2001953125,9.008493453350678
2024-05-03,8213.5,9.013534420981255
2024-05-07,8313.7001953125,9.025660058940181
2024-05-08,8354.099609375,9.03050766854062
2024-05-09,8381.400390625,9.033770290567734
2024-05-10,8433.7998046875,9.0400026973266
2024-05-13,8415.0,9.037771106624906
2024-05-14,8428.099609375,9.039326593716957
2024-05-15,8445.7998046875,9.041424532239668
2024-05-16,8438.7001953125,9.040583570435242
2024-05-17,8420.2998046875,9.038400712859907
2024-05-20,8424.2001953125,9.038863818407084
2024-05-21,8416.5,9.037949343859136
2024-05-22,8370.2998046875,9.032444981801117
2024-05-23,8339.2001953125,9.028722590911483
2024-05-24,8317.599609375,9.026128983700092
2024-05-28,8254.2001953125,9.0184774643572
2024-05-29,8183.10009765625,9.009826342843652
2024-05-30,8231.099609375,9.015674894633715
2024-05-31,8275.400390625,9.021042584648738
2024-06-03,8262.7998046875,9.01951876848653
2024-06-04,8232.0,9.015784277513886
2024-06-05,8247.0,9.017604776833355
2024-06-06,8285.2998046875,9.022238115649824
2024-06-07,8245.400390625,9.017410795442881
2024-06-10,8228.5,9.015359017035438
2024-06-11,8147.7998046875,9.005503207173412
2024-06-12,8215.5,9.013777892891886
2024-06-13,8163.7001953125,9.007452800486268
2024-06-14,8146.89990234375,9.005392753791533
2024-06-17,8142.2001953125,9.004815716738108
2024-06-18,8191.2998046875,9.01082787056565
2024-06-19,8205.099609375,9.012511143532768
2024-06-20,8272.5,9.020692039795767
2024-06-21,8237.7001953125,9.016476481436545
2024-06-24,8281.599609375,9.021791418258653
2024-06-25,8247.7998046875,9.017701753419624
2024-06-26,8225.2998046875,9.014970025387205
2024-06-27,8179.7001953125,9.00941077798534
2024-06-28,8164.10009765625,9.007501784713986
2024-07-01,8166.7998046875,9.007832410346618
2024-07-02,8121.2001953125,9.002233229537795
2024-07-03,8171.10009765625,9.008358829665351
2024-07-04,8241.2998046875,9.016913353750672
2024-07-05,8203.900390625,9.012364977556519
2024-07-08,8193.5,9.011096435986278
2024-07-09,8139.7998046875,9.004520864675413
2024-07-10,8193.5,9.011096435986278
2024-07-11,8223.2998046875,9.014726843589685
2024-07-12,8252.900390625,9.018319980045112
2024-07-15,8183.0,9.009814110527381
2024-07-16,8164.89990234375,9.007599745971643
2024-07-17,8187.5,9.010363879943508
2024-07-18,8204.900390625,9.012486863368233
2024-07-19,8155.7001953125,9.006472372229183
2024-07-22,8198.7998046875,9.011743057257888
2024-07-23,8167.39990234375,9.007905887794829
2024-07-24,8153.7001953125,9.006227114897568
2024-07-25,8186.39990234375,9.010229507843462
2024-07-26,8285.7001953125,9.022286439906065
2024-07-29,8292.400390625,9.023094758765343
2024-07-30,8274.400390625,9.020921737272454
2024-07-31,8368.0,9.032170186304704
2024-08-01,8283.400390625,9.022008838271583
2024-08-02,8174.7001953125,9.008799321736701
2024-08-05,8008.2001953125,8.988221320097225
2024-08-06,8026.7001953125,8.990528787902797
2024-08-07,8166.89990234375,9.007844666927557
2024-08-08,8145.0,9.005159521036145
2024-08-09,8168.10009765625,9.007991614624485
2024-08-12,8210.2998046875,9.013144718794056
2024-08-13,8235.2001953125,9.016172952615278
2024-08-14,8281.099609375,9.021731041626373
2024-08-15,8347.400390625,9.02970543890744
2024-08-16,8311.400390625,9.025383392379245
2024-08-19,8356.900390625,9.03084287065614
2024-08-20,8273.2998046875,9.020788717465939
2024-08-21,8283.400390625,9.022008838271583
2024-08-22,8288.0,9.022563964499264
2024-08-23,8327.7998046875,9.02735457118352
2024-08-27,8345.5,9.029477750418472
2024-08-28,8343.900390625,9.029286058764793
2024-08-29,8379.599609375,9.033555413023802
2024-08-30,8376.599609375,9.033197336589774
2024-09-02,8363.7998046875,9.031668124906677
2024-09-03,8298.5,9.023830054560774
2024-09-04,8269.599609375,9.020341372018011
2024-09-05,8241.7001953125,9.016961936002092
2024-09-06,8181.5,9.00963078686895
2024-09-09,8270.7998046875,9.02048649491191
2024-09-10,8206.0,9.012620873002131
2024-09-11,8193.900390625,9.01114530165326
2024-09-12,8241.0,9.016876974763383
2024-09-13,8273.099609375,9.020764519414447
2024-09-16,8278.400390625,9.02140503917776
2024-09-17,8309.900390625,9.025202901089928
2024-09-18,8253.7001953125,9.018416887301571
2024-09-19,8328.7001953125,9.02746268400745
2024-09-20,8230.0,9.015541293671115
2024-09-23,8259.7001953125,9.0191435698893
2024-09-24,8282.7998046875,9.021936330885378
2024-09-25,8268.7001953125,9.020232604602496
2024-09-26,8284.900390625,9.022189906930814
2024-09-27,8320.7998046875,9.02651365956612
2024-09-30,8237.0,9.016391478941248
2024-10-01,8276.7001953125,9.02119964081009
2024-10-02,8290.900390625,9.02291385388713
2024-10-03,8282.5,9.02190013417405
2024-10-04,8280.599609375,9.021670661348534
2024-10-07,8303.599609375,9.02444438764579
2024-10-08,8190.60009765625,9.010742446159954
2024-10-09,8243.7001953125,9.017204574938656
2024-10-10,8237.7001953125,9.016476481436545
2024-10-11,8253.7001953125,9.018416887301571
2024-10-14,8292.7001953125,9.023130912261788
2024-10-15,8249.2998046875,9.01788360356779
2024-10-16,8329.099609375,9.027510639207687
2024-10-17,8385.099609375,9.03421155365902
2024-10-18,8358.2998046875,9.031010312750691
2024-10-21,8318.2001953125,9.026201187735342
2024-10-22,8306.5,9.024793619826534
2024-10-23,8258.599609375,9.019010313325108
2024-10-24,8269.400390625,9.020317281232593
2024-10-25,8248.7998046875,9.017822990526048
2024-10-28,8285.599609375,9.022274300129622
2024-10-29,8219.599609375,9.014276777542111
2024-10-30,8159.60009765625,9.006950439117073
2024-10-31,8110.10009765625,9.000865489530979
2024-11-01,8177.2001953125,9.009105096595862
2024-11-04,8184.2001953125,9.009960769125104
2024-11-05,8172.39990234375,9.008517890416138
2024-11-06,8166.7001953125,9.00782021340475
2024-11-07,8140.7001953125,9.004631474377316
2024-11-08,8072.39990234375,8.996206102722011
2024-11-11,8125.2001953125,9.002725646317469
2024-11-12,8025.7998046875,8.99041660716759
2024-11-13,8030.2998046875,8.990977141821373
2024-11-14,8071.2001953125,8.996057473292863
2024-11-15,8063.60009765625,8.995115398017019
2024-11-18,8109.2998046875,9.000766806105672
2024-11-19,8099.0,8.99949587624899
2024-11-20,8085.10009765625,8.99777815259706
2024-11-21,8149.2998046875,9.005687289008852
2024-11-22,8262.099609375,9.019434024211193
2024-11-25,8291.7001953125,9.023010317006287
2024-11-26,8258.599609375,9.019010313325108
2024-11-27,8274.7998046875,9.020970007165605
2024-11-28,8281.2001953125,9.021743187999604
2024-11-29,8287.2998046875,9.022479477905216
2024-12-02,8312.900390625,9.025563851097337
2024-12-03,8359.400390625,9.031141979897036
2024-12-04,8335.7998046875,9.028314747952306
2024-12-05,8349.400390625,9.029945005760487
2024-12-06,8308.599609375,9.02504635492118
2024-12-09,8352.099609375,9.030268236461144
2024-12-10,8280.400390625,9.02164660256585
2024-12-11,8301.599609375,9.024203499236885
2024-12-12,8311.7998046875,9.025431447393668
2024-12-13,8300.2998046875,9.024046914179026
2024-12-16,8262.099609375,9.019434024211193
2024-12-17,8195.2001953125,9.011303919837754
2024-12-18,8199.099609375,9.011779623488717
2024-12-19,8105.2998046875,9.000273423576653
2024-12-20,8084.60009765625,8.997716308531416
2024-12-23,8102.7001953125,8.99995264255527
2024-12-24,8137.0,9.004176840696656
2024-12-27,8149.7998046875,9.005748642091188
2024-12-30,8121.0,9.002208578282412
2024-12-31,8173.0,9.00859131751613
2025-01-02,8260.099609375,9.019191925688679
2025-01-03,8224.0,9.014811987694946
2025-01-06,8249.7001953125,9.017932138706293
2025-01-07,8245.2998046875,9.017398596332315
2025-01-08,8251.0,9.018089684104343
2025-01-09,8319.7001953125,9.026381498948759
2025-01-10,8248.5,9.01778664461598
2025-01-13,8224.2001953125,9.014836330213901
2025-01-14,8201.5,9.012072343352541
2025-01-15,8301.099609375,9.024143268066814
2025-01-16,8391.900390625,9.035022280442414
2025-01-17,8505.2001953125,9.04843304309644
2025-01-20,8520.5,9.050230303547448
2025-01-21,8548.2998046875,9.053487688903953
2025-01-22,8545.099609375,9.053113252518028
2025-01-23,8565.2001953125,9.05546278413509
2025-01-24,8502.400390625,9.048103801508404
2025-01-27,8503.7001953125,9.048256664850998
2025-01-28,8533.900390625,9.051801791618074
2025-01-29,8557.7998046875,9.054598403934685
2025-01-30,8646.900390625,9.064956199364184
2025-01-31,8674.0,9.068085324395312
2025-02-03,8583.599609375,9.057608639394042
2025-02-04,8570.7998046875,9.05611633333844
2025-02-05,8623.2998046875,9.062223098373849
2025-02-06,8727.2998046875,9.074211300267232
2025-02-07,8700.5,9.071135774255634
2025-02-10,8767.7998046875,9.07884117643255
2025-02-11,8777.400390625,9.079935559715592
2025-02-12,8807.400390625,9.083347600543151
2025-02-13,8764.7001953125,9.078487592014206
2025-02-14,8732.5,9.074806976680987
2025-02-17,8768.0,9.078864009187797
2025-02-18,8766.7001953125,9.078715754050794
2025-02-19,8712.5,9.07251405506878
2025-02-20,8663.0,9.06681636189014
2025-02-21,8659.400390625,9.066400760201502
2025-02-24,8659.0,9.066354521447801
2025-02-25,8668.7001953125,9.067474138733012
2025-02-26,8731.5,9.0746924553799
2025-02-27,8756.2001953125,9.077517322167642
2025-02-28,8809.7001953125,9.083608688307207
2025-03-03,8871.2998046875,9.090576603991392
2025-03-04,8759.0,9.07783702216309
2025-03-05,8755.7998046875,9.077471594595112
2025-03-06,8682.7998046875,9.069099313787422
2025-03-07,8679.900390625,9.068765331854102
2025-03-10,8600.2001953125,9.059540760495368
2025-03-11,8496.0,9.04735074348172
2025-03-12,8541.0,9.052633375946147
2025-03-13,8542.599609375,9.052820644369225
2025-03-14,8632.2998046875,9.063266238110497
2025-03-17,8680.2998046875,9.068811346768456
2025-03-18,8705.2001953125,9.071675849676215
2025-03-19,8706.7001953125,9.071848145631286
2025-03-20,8702.0,9.071308163280625
2025-03-21,8646.7998046875,9.064944566696061
2025-03-24,8638.0,9.063926353520646
2025-03-25,8663.7998046875,9.066908681845018
2025-03-26,8689.599609375,9.069882142327417
2025-03-27,8666.099609375,9.067174096507394
2025-03-28,8658.900390625,9.06634301781598
2025-03-31,8582.7998046875,9.057515456814658
2025-04-01,8634.7998046875,9.063555806141496
2025-04-02,8608.5,9.060505366216526
2025-04-03,8474.7001953125,9.044840556438569
2025-04-04,8055.0,8.994048295611075
2025-04-07,7702.10009765625,8.949248310610352
2025-04-08,7910.5,8.97594626988912
2025-04-09,7679.5,8.946309719855684
2025-04-10,7913.2998046875,8.976300142505213
2025-04-11,7964.2001953125,8.982711802401106
2025-04-14,8134.2998046875,9.003844943998828
2025-04-15,8249.099609375,9.017859335115137
2025-04-16,8275.599609375,9.021066657967571
2025-04-17,8275.7001953125,9.021078812413288
2025-04-22,8328.599609375,9.027450606907477
2025-04-23,8403.2001953125,9.036367887911055
2025-04-24,8407.400390625,9.036867595863598
2025-04-25,8415.2998046875,9.037806733404109
2025-04-28,8417.2998046875,9.038044367525496
2025-04-29,8463.5,9.043518078629152
2025-04-30,8494.900390625,9.047221308389847
2025-05-01,8496.7998046875,9.047444878020734
2025-05-02,8596.400390625,9.059098835391584
2025-05-06,8597.400390625,9.059215156385859
2025-05-07,8559.2998046875,9.054773667272292
2025-05-08,8531.599609375,9.051532150381199
2025-05-09,8554.7998046875,9.054247785080833
2025-05-12,8605.0,9.06009870864564
2025-05-13,8602.900390625,9.059854680107845
2025-05-14,8585.0,9.057771773331575
2025-05-15,8633.7998046875,9.06343998899086
2025-05-16,8684.599609375,9.069306576216418
2025-05-19,8699.2998046875,9.07099781918398
2025-05-20,8781.099609375,9.08035691903498
2025-05-21,8786.5,9.0809717316349
2025-05-22,8739.2998046875,9.075585351560145
2025-05-23,8718.0,9.073145132798338
2025-05-27,8778.099609375,9.080015217799994
2025-05-28,8726.0,9.074062353683555
2025-05-29,8716.5,9.07297306018327
2025-05-30,8772.400390625,9.079365752662213
2025-06-02,8774.2998046875,9.079582250812722
2025-06-03,8787.0,9.081028635495842
2025-06-04,8801.2998046875,9.082654694637101
2025-06-05,8811.0,9.08375621986673
2025-06-06,8837.900390625,9.086804615048422
2025-06-09,8832.2998046875,9.086170713217866
2025-06-10,8853.099609375,9.0885229150303
2025-06-11,8864.400390625,9.089798578389408
2025-06-12,8884.900390625,9.092108529566426
2025-06-13,8850.599609375,9.08824048817863
2025-06-16,8875.2001953125,9.091016171307515
2025-06-17,8834.0,9.086363192156472
2025-06-18,8843.5,9.087438004874848
2025-06-19,8791.7998046875,9.081574725656731
2025-06-20,8774.7001953125,9.07962788197405
2025-06-23,8758.0,9.077722847361343
2025-06-24,8759.0,9.07783702216309
2025-06-25,8718.7998046875,9.073236870353051
2025-06-26,8735.599609375,9.075161864674168
2025-06-27,8798.900390625,9.0823820370479
2025-06-30,8761.0,9.078065332666364
2025-07-01,8785.2998046875,9.080835126924205
2025-07-02,8774.7001953125,9.07962788197405
2025-07-03,8823.2001953125,9.08513991712818
2025-07-04,8822.900390625,9.08510593741849
2025-07-07,8806.5,9.08324536417235
2025-07-08,8854.2001953125,9.0886472237562
2025-07-09,8867.0,9.090091799380007
2025-07-10,8975.7001953125,9.102276226504182
2025-07-11,8941.099609375,9.098413859415347
2025-07-14,8998.099609375,9.104768679508215
2025-07-15,8938.2998046875,9.098100671634757
2025-07-16,8926.599609375,9.096790818529607
2025-07-17,8972.599609375,9.10193072459012
2025-07-18,8992.099609375,9.104101649627166
2025-07-21,9013.0,9.10642325855641
2025-07-22,9023.7998046875,9.107620788727514
2025-07-23,9061.5,9.111789948246905
2025-07-24,9138.400390625,9.120240637165184
2025-07-25,9120.2998046875,9.118257955849058
2025-07-28,9081.400390625,9.113983687745819
2025-07-29,9136.2998046875,9.120010747106875
2025-07-30,9136.900390625,9.120076481179865
2025-07-31,9132.7998046875,9.119627586456634
2025-08-01,9068.599609375,9.112573133104227
2025-08-04,9128.2998046875,9.119134735512567
2025-08-05,9142.7001953125,9.12071104700146
2025-08-06,9164.2998046875,9.123070758521386
2025-08-07,9100.7998046875,9.116117579267787
2025-08-08,9095.7001953125,9.115557074829185
2025-08-11,9129.7001953125,9.119288135734688
2025-08-12,9147.7998046875,9.121268670850688
2025-08-13,9165.2001953125,9.123169003495414
2025-08-14,9177.2001953125,9.12447744747837
2025-08-15,9138.900390625,9.120295349839239
2025-08-18,9157.7001953125,9.122350355764
2025-08-19,9189.2001953125,9.125784181672586
2025-08-20,9288.099609375,9.1364892478438
2025-08-21,9309.2001953125,9.138758458451099
2025-08-22,9321.400390625,9.140068152897086
2025-08-26,9265.7998046875,9.13408546037815
2025-08-27,9255.5,9.13297324839974
2025-08-28,9216.7998046875,9.12878316353292
2025-08-29,9187.2998046875,9.1255773533177
2025-09-01,9196.2998046875,9.126556486992309
2025-09-02,9116.7001953125,9.11786319690606
2025-09-03,9178.0,9.124564594954778
2025-09-04,9216.900390625,9.128794076798997
2025-09-05,9208.2001953125,9.127849691619819
2025-09-08,9221.400390625,9.129282191202025
2025-09-09,9242.5,9.131567690810787
2025-09-10,9225.400390625,9.129715870744633
2025-09-11,9297.599609375,9.13751153930731
2025-09-12,9283.2998046875,9.135972344977477
2025-09-15,9277.0,9.135293497653272
2025-09-16,9195.7001953125,9.126491283710967
2025-09-17,9208.400390625,9.127871432365248
2025-09-18,9228.099609375,9.130008413489287
2025-09-19,9216.7001953125,9.128772356103513
2025-09-22,9226.7001953125,9.129856754941919
2025-09-23,9223.2998046875,9.129488148907935
2025-09-24,9250.400390625,9.132422115042655
2025-09-25,9214.0,9.128479345495862
2025-09-26,9284.7998046875,9.136133912400618
2025-09-29,9299.7998046875,9.137748152531964
2025-09-30,9350.400390625,9.143174443892612
2025-10-01,9446.400390625,9.153389036877774
2025-10-02,9427.7001953125,9.151407464156318
2025-10-03,9491.2998046875,9.158130847945522
2025-10-06,9479.099609375,9.15684461282435
2025-10-07,9483.599609375,9.157319228809403
2025-10-08,9548.900390625,9.164181284502456
2025-10-09,9509.400390625,9.16003610314421
2025-10-10,9427.5,9.151386229132513
2025-10-13,9442.900390625,9.153018456719135
2025-10-14,9452.7998046875,9.154066252235138
2025-10-15,9424.7998046875,9.151099771208658
2025-10-16,9436.099609375,9.152297996785434
2025-10-17,9354.599609375,9.143623438153028
2025-10-20,9403.599609375,9.148847832123923
2025-10-21,9427.0,9.15133319139615
2025-10-22,9515.0,9.16062477973025
2025-10-23,9578.599609375,9.16728668171767
2025-10-24,9645.599609375,9.17425709130536
2025-10-27,9653.7998046875,9.175106878972846
2025-10-28,9696.7001953125,9.179540920564817
2025-10-29,9756.099609375,9.185647969346727
2025-10-30,9760.099609375,9.186057885233645
2025-10-31,9717.2998046875,9.181663060989852
2025-11-03,9701.400390625,9.18002552423863
2025-11-04,9715.0,9.18142636181154
2025-11-05,9777.099609375,9.187798155586636
2025-11-06,9735.7998046875,9.183565072077924
2025-11-07,9682.599609375,9.178085698903768
2025-11-10,9787.2001953125,9.188830708444213
2025-11-11,9899.599609375,9.200249591807346
2025-11-12,9911.400390625,9.201440928200837
2025-11-13,9807.7001953125,9.190923090346699
2025-11-14,9698.400390625,9.179716242709635
2025-11-17,9675.400390625,9.177341901085613
2025-11-18,9552.2998046875,9.164537221727722
2025-11-19,9507.400390625,9.15982576282142
2025-11-20,9527.7001953125,9.16195864489278
2025-11-21,9539.7001953125,9.163217337880651
2025-11-24,9534.900390625,9.162714071270461
2025-11-25,9609.5,9.17050747147446
2025-11-26,9691.599609375,9.17901476962775
2025-11-27,9693.900390625,9.179252140988902
2025-11-28,9720.5,9.181992336460695
2025-12-01,9702.5,9.18013886324306
2025-12-02,9701.7998046875,9.180066694154782
2025-12-03,9692.099609375,9.17906635936761
2025-12-04,9710.900390625,9.18100428516609
2025-12-05,9667.0,9.176473302464606
2025-12-08,9645.099609375,9.174205252852596
2025-12-09,9642.0,9.173883834965567
2025-12-10,9655.5,9.17528298016078
2025-12-11,9703.2001953125,9.18021102712334
2025-12-12,9649.0,9.174609562020384
2025-12-15,9751.2998046875,9.185155868407746
2025-12-16,9684.7998046875,9.178312904970511
2025-12-17,9774.2998046875,9.187511751053911
2025-12-18,9837.7998046875,9.19398736796014
2025-12-19,9897.400390625,9.200027414835175
2025-12-22,9866.0,9.196849781793684
2025-12-23,9889.2001953125,9.199198551307418
2025-12-24,9870.7001953125,9.197326071685595
2025-12-29,9866.5,9.19690045960948
2025-12-30,9940.7001953125,9.204392739354041
2025-12-31,9931.400390625,9.203456773342175
2026-01-02,9951.099609375,9.205438337551495
2026-01-05,10004.599609375,9.210800227164077
2026-01-06,10122.7001953125,9.222535724970566
2026-01-07,10048.2001953125,9.215148812406047
2026-01-08,10044.7001953125,9.214800430642605
2026-01-09,10124.599609375,9.22272334643974
2026-01-12,10140.7001953125,9.2243123275533
2026-01-13,10137.400390625,9.223986872543088
2026-01-14,10184.400390625,9.22861245511886
2026-01-15,10238.900390625,9.233949509099427
2026-01-16,10235.2998046875,9.233597789770684
2026-01-19,10195.400390625,9.22969195547181
2026-01-20,10126.7998046875,9.222940634665227
2026-01-21,10138.099609375,9.224055844331728
2026-01-22,10150.099609375,9.225238798153306
2026-01-23,10143.400390625,9.224578565172957
2026-01-26,10148.900390625,9.22512064270216
2026-01-27,10207.7998046875,9.230907393782495
2026-01-28,10154.400390625,9.225662426542513
2026-01-29,10171.7998046875,9.227374445330591
2026-01-30,10223.5,9.232444270883109
2026-02-02,10341.599609375,9.243929837197536
2026-02-03,10314.599609375,9.241315608404426
2026-02-04,10402.2998046875,9.249782195748814
2026-02-05,10309.2001953125,9.240791998377468
2026-02-06,10369.7998046875,9.24665299579976
2026-02-09,10386.2001953125,9.248233299715558
2026-02-10,10353.7998046875,9.245108862205141
2026-02-11,10472.099609375,9.2564698195169
2026-02-12,10402.400390625,9.24979186528854
2026-02-13,10446.400390625,9.254012737825633
2026-02-16,10473.7001953125,9.25662265072464
2026-02-17,10556.2001953125,9.264468662516562
2026-02-18,10686.2001953125,9.27670848669676
2026-02-19,10627.0,9.271153211372695
2026-02-20,10686.900390625,9.27677400786997
2026-02-23,10684.7001953125,9.276568108895633
2026-02-24,10680.599609375,9.276184254138121
2026-02-25,10806.400390625,9.287893866338809
2026-02-26,10846.7001953125,9.291616183247575
2026-02-27,10910.599609375,9.297490036929632
2026-03-02,10780.099609375,9.28545708462206
2026-03-03,10484.099609375,9.257615065483149
2026-03-04,10567.7001953125,9.265557476696088
2026-03-05,10413.900390625,9.250896768728474
2026-03-06,10284.7998046875,9.238422337112736
2026-03-09,10249.5,9.234984202888942
2026-03-10,10412.2001953125,9.250733493293472
2026-03-11,10353.7998046875,9.245108862205141
2026-03-12,10305.2001953125,9.240403920143379
2026-03-13,10261.2001953125,9.23612508998399
2026-03-16,10317.7001953125,9.241616164909537
2026-03-17,10403.599609375,9.249907141531098
2026-03-18,10305.2998046875,9.240413586029698
2026-03-19,10063.5,9.216670295671053
2026-03-20,9918.2998046875,9.20213679493336
2026-03-23,9894.2001953125,9.199704025594723
2026-03-24,9965.2001953125,9.206854322290807
2026-03-25,10106.7998046875,9.220963724288453
2026-03-26,9972.2001953125,9.207556520185264
2026-03-27,9967.400390625,9.207075085789473
2026-03-30,10128.0,9.223059144383958
2026-03-31,10176.5,9.227836419592935
2026-04-01,10364.7998046875,9.246170710133184
2026-04-02,10436.2998046875,9.25304537377494
2026-04-07,10348.7998046875,9.244625831069772
2026-04-08,10608.900390625,9.269448587276255
2026-04-09,10603.5,9.268939414279119
2026-04-10,10600.5,9.26865644879902
2026-04-13,10583.0,9.267004219093725
2026-04-14,10609.099609375,9.269467365554133
2026-04-15,10559.599609375,9.264790640762548
2026-04-16,10590.0,9.267665438595452
2026-04-17,10667.599609375,9.274966352667962
2026-04-20,10609.099609375,9.269467365554133
2026-04-21,10498.099609375,9.25894953018169
2026-04-22,10476.5,9.256889932629162
2026-04-23,10457.0,9.25502688959859
2026-04-24,10379.099609375,9.247549410122724
2026-04-27,10321.099609375,9.241945584655396
2026-04-28,10332.7998046875,9.24307856166177
2026-04-29,10213.099609375,9.231426450724994
2026-04-30,10378.7998046875,9.247520524282058
2026-05-01,10363.900390625,9.246083930542124
2026-05-05,10219.099609375,9.232013759032654
2026-05-06,10438.7001953125,9.253275351320864
2026-05-07,10277.0,9.237663667625073
2026-05-08,10233.099609375,9.233382805171598
2026-05-11,10269.400390625,9.236923916663631
2026-05-12,10265.2998046875,9.236524535523122
2026-05-13,10325.400390625,9.242362195830383
2026-05-14,10372.900390625,9.246951952630974
2026-05-15,10195.400390625,9.22969195547181
2026-05-18,10323.7998046875,9.242207169395892
2026-05-19,10330.599609375,9.242865605867157
2026-05-20,10432.2998046875,9.25266202269975
2026-05-21,10443.5,9.253735054295372
2026-05-22,10466.2998046875,9.255915832106387
2026-05-26,10491.400390625,9.258311190156679
2026-05-27,10505.0,9.2596066132791
2026-05-28,10426.0,9.252057965328051
2026-05-29,10409.2998046875,9.250454897549288
2026-06-01,10339.0,9.243678431586693
2026-06-02,10373.5,9.247009756333194
2026-06-03,10332.2998046875,9.24303017089574
2026-06-04,10360.2998046875,9.245736454071158
2026-06-05,10368.099609375,9.246489025931611
2026-06-08,10373.2001953125,9.246980854899743
2026-06-09,10227.2998046875,9.23281587539418
2026-06-10,10254.7998046875,9.235501148588723
2026-06-11,10303.900390625,9.240277781238499
2026-06-12,10471.7001953125,9.256431678008074
2026-06-15,10430.599609375,9.252499035256584
2026-06-16,10494.2001953125,9.25857802118614
2026-06-17,10508.599609375,9.259949211356263
2026-06-18,10399.7001953125,9.24953225734015
2026-06-19,10363.2998046875,9.246025979064644
2026-06-22,10437.900390625,9.253198729201799
2026-06-23,10428.900390625,9.25233611488421
2026-06-24,10461.599609375,9.255466652253357
2026-06-25,10529.900390625,9.261974145503507
2026-06-26,10508.0,9.259892150805431
2026-06-29,10484.2001953125,9.257624659578848
2026-06-30,10497.099609375,9.25885427030915
2026-07-01,10478.2998046875,9.25706171233679
2026-07-02,10652.900390625,9.27358747120843
2026-07-03,10679.0,9.276034475171546
2026-07-06,10651.7998046875,9.273484152604704
2026-07-07,10665.900390625,9.274807052154348
2026-07-08,10489.0,9.258082367961604
2026-07-09,10472.5,9.25650805282119
2026-07-10,10497.2998046875,9.258873341615603
2026-07-13,10498.2998046875,9.258968599671517
2026-07-14,10529.400390625,9.26192666054612
2026-07-15,10515.900390625,9.260643713631556
2026-07-16,10572.2001953125,9.265983211915728
