date,close,logprice
2010-07-12,1198.5,7.088826053874439
2010-07-13,1213.300048828125,7.101099239301893
2010-07-14,1206.800048828125,7.095727547745732
2010-07-15,1208.0999755859375,7.096804136316874
2010-07-16,1188.0,7.080026499922591
2010-07-19,1181.699951171875,7.074709317324731
2010-07-20,1191.5,7.082968296538797
2010-07-21,1191.5999755859375,7.0830522003506555
2010-07-22,1195.5,7.08631978689838
2010-07-23,1187.699951171875,7.0797739016686965
2010-07-26,1183.0,7.075808863978387
2010-07-27,1158.0,7.05444965813294
2010-07-28,1160.4000244140625,7.0565200732866
2010-07-29,1168.4000244140625,7.06339059140888
2010-07-30,1181.699951171875,7.074709317324731
2010-08-02,1183.4000244140625,7.076146950873033
2010-08-03,1185.199951171875,7.077666774501194
2010-08-04,1193.699951171875,7.084812965196138
2010-08-05,1197.199951171875,7.0877407351932735
2010-08-06,1203.4000244140625,7.092906183073822
2010-08-09,1200.699951171875,7.090659958370289
2010-08-10,1196.199951171875,7.08690510379109
2010-08-11,1197.5,7.08799132928507
2010-08-12,1214.800048828125,7.102334773365967
2010-08-13,1214.9000244140625,7.102417067956229
2010-08-16,1224.5,7.110287876392222
2010-08-17,1226.5999755859375,7.112001373288033
2010-08-18,1229.699951171875,7.114525476471053
2010-08-19,1233.800048828125,7.117854156350934
2010-08-20,1227.199951171875,7.112490390824753
2010-08-23,1226.9000244140625,7.11224596169612
2010-08-24,1231.800048828125,7.116231832892596
2010-08-25,1239.5,7.122463351475245
2010-08-26,1235.4000244140625,7.11915010302387
2010-08-27,1236.0,7.119635638017636
2010-08-30,1237.0999755859375,7.120525190133871
2010-08-31,1248.300048828125,7.129537943772702
2010-09-01,1246.300048828125,7.127934480010799
2010-09-02,1251.5,7.132098110871829
2010-09-03,1249.199951171875,7.130258586321407
2010-09-07,1257.300048828125,7.136721882434834
2010-09-08,1255.5999755859375,7.135368805523658
2010-09-09,1248.9000244140625,7.130018462417492
2010-09-10,1244.5,7.126489121807647
2010-09-13,1245.0999755859375,7.126971107350252
2010-09-14,1269.699951171875,7.146535892619318
2010-09-15,1266.699951171875,7.144170333942081
2010-09-16,1271.9000244140625,7.148267143652393
2010-09-17,1275.5999755859375,7.151171915996625
2010-09-20,1279.0,7.153833801578843
2010-09-21,1272.4000244140625,7.1486601790624
2010-09-22,1290.199951171875,7.162552486252748
2010-09-23,1294.300048828125,7.1657253251738995
2010-09-24,1296.0,7.16703787691222
2010-09-27,1296.699951171875,7.167577816899154
2010-09-28,1306.5999755859375,7.175183603721465
2010-09-29,1308.5,7.1766367219702
2010-09-30,1307.800048828125,7.176101652463254
2010-10-01,1316.0999755859375,7.182428078289968
2010-10-04,1315.4000244140625,7.181896099427432
2010-10-05,1338.9000244140625,7.199603678537752
2010-10-06,1346.4000244140625,7.205189661009441
2010-10-07,1333.9000244140625,7.195862279449766
2010-10-08,1344.199951171875,7.203554283210821
2010-10-11,1353.300048828125,7.210301369163243
2010-10-12,1345.699951171875,7.2046695664629405
2010-10-13,1369.5,7.222200988703133
2010-10-14,1376.699951171875,7.227444574601384
2010-10-15,1371.0999755859375,7.223368598556423
2010-10-18,1371.199951171875,7.223441512233738
2010-10-19,1335.0999755859375,7.196761456109732
2010-10-20,1343.300048828125,7.202884588418349
2010-10-21,1324.699951171875,7.188941260830455
2010-10-22,1324.4000244140625,7.188714824107146
2010-10-25,1338.300048828125,7.199155467287515
2010-10-26,1338.0,7.198931240688173
2010-10-27,1322.199951171875,7.187052257970023
2010-10-28,1342.0999755859375,7.201990812212818
2010-10-29,1357.0999755859375,7.213105331097448
2010-11-01,1350.199951171875,7.208007972444146
2010-11-02,1356.4000244140625,7.212589428250645
2010-11-03,1337.0999755859375,7.198258350361654
2010-11-04,1382.699951171875,7.231793353080964
2010-11-05,1397.300048828125,7.242297117031027
2010-11-08,1402.800048828125,7.246225553073639
2010-11-09,1409.800048828125,7.251203163974563
2010-11-10,1399.0999755859375,7.2435844342894065
2010-11-11,1403.0999755859375,7.246439335999863
2010-11-12,1365.4000244140625,7.2192027228647
2010-11-15,1368.4000244140625,7.22139747094477
2010-11-16,1338.300048828125,7.199155467287515
2010-11-17,1336.800048828125,7.198034013807309
2010-11-18,1352.9000244140625,7.2100057336550405
2010-11-19,1352.199951171875,7.209488138546441
2010-11-22,1357.699951171875,7.213547334642381
2010-11-23,1377.5,7.22802554102707
2010-11-24,1372.9000244140625,7.2246805876864
2010-11-26,1362.300048828125,7.2169297626144315
2010-11-29,1366.0,7.2196420401307355
2010-11-30,1385.0,7.233455418621439
2010-12-01,1387.300048828125,7.235114726283194
2010-12-02,1388.5,7.235979306746854
2010-12-03,1405.4000244140625,7.248077256129709
2010-12-06,1415.300048828125,7.255096836239987
2010-12-07,1408.300048828125,7.250138616875683
2010-12-08,1382.5,7.23164873339649
2010-12-09,1392.0999755859375,7.238568659856943
2010-12-10,1384.300048828125,7.23294991096648
2010-12-13,1397.300048828125,7.242297117031027
2010-12-14,1403.5999755859375,7.246795626315171
2010-12-15,1385.5,7.233816364303033
2010-12-16,1370.4000244140625,7.222857964825192
2010-12-17,1378.5999755859375,7.228823752742236
2010-12-20,1385.5,7.233816364303033
2010-12-21,1388.199951171875,7.235763187731787
2010-12-22,1386.800048828125,7.234754249020073
2010-12-23,1380.0,7.22983877815125
2010-12-27,1382.4000244140625,7.2315764157104265
2010-12-28,1405.199951171875,7.247934885643504
2010-12-29,1413.0999755859375,7.253541134311747
2010-12-30,1405.5999755859375,7.248219519503748
2010-12-31,1421.0999755859375,7.259186481418122
2011-01-03,1422.5999755859375,7.260241445137836
2011-01-04,1378.5,7.2287512304638515
2011-01-05,1373.4000244140625,7.225044713962943
2011-01-06,1371.4000244140625,7.223587412652555
2011-01-07,1368.5,7.221470528480734
2011-01-10,1373.699951171875,7.225263072786189
2011-01-11,1384.0,7.232733136177615
2011-01-12,1385.699951171875,7.233960670867514
2011-01-13,1386.9000244140625,7.2348263372656225
2011-01-14,1360.4000244140625,7.215534071079278
2011-01-18,1368.0999755859375,7.221178177080835
2011-01-19,1370.199951171875,7.222711957933033
2011-01-20,1346.5,7.205263912251653
2011-01-21,1341.0,7.201170883281678
2011-01-24,1344.5,7.203777475708919
2011-01-25,1332.300048828125,7.194662087615662
2011-01-26,1333.0,7.195187320178709
2011-01-27,1318.4000244140625,7.184174177673155
2011-01-28,1340.699951171875,7.200947108187641
2011-01-31,1333.800048828125,7.195787326806486
2011-02-01,1339.5999755859375,7.2001263226951595
2011-02-02,1331.5,7.194061405253987
2011-02-03,1352.300048828125,7.209562161586779
2011-02-04,1348.300048828125,7.2065998548546135
2011-02-07,1347.5999755859375,7.2060804934156995
2011-02-08,1363.4000244140625,7.217736876835434
2011-02-09,1364.800048828125,7.218763212514176
2011-02-10,1361.9000244140625,7.216636080501384
2011-02-11,1359.9000244140625,7.21516646456775
2011-02-14,1364.5999755859375,7.21861660649032
2011-02-15,1373.5999755859375,7.225190291809487
2011-02-16,1374.699951171875,7.22599076895826
2011-02-17,1384.699951171875,7.233238753398066
2011-02-18,1388.199951171875,7.235763187731787
2011-02-22,1400.5,7.2445845947001635
2011-02-23,1413.4000244140625,7.25375344553004
2011-02-24,1415.300048828125,7.255096836239987
2011-02-25,1408.699951171875,7.250422537604427
2011-02-28,1409.300048828125,7.250848440844542
2011-03-01,1430.699951171875,7.265919079843452
2011-03-02,1437.199951171875,7.270452021264881
2011-03-03,1416.0,7.255591274253665
2011-03-04,1428.199951171875,7.264170154926433
2011-03-07,1434.0999755859375,7.268292736711206
2011-03-08,1426.9000244140625,7.263259555046392
2011-03-09,1429.300048828125,7.264940127077334
2011-03-10,1412.199951171875,7.252904016506318
2011-03-11,1421.5,7.259467931091055
2011-03-14,1424.5999755859375,7.261646334406767
2011-03-15,1392.5999755859375,7.238927764977165
2011-03-16,1396.0,7.241366283322318
2011-03-17,1404.0,7.247080584585756
2011-03-18,1415.9000244140625,7.2555206675337125
2011-03-21,1426.199951171875,7.2627688093576825
2011-03-22,1427.5,7.263679941530166
2011-03-23,1437.9000244140625,7.270939011812666
2011-03-24,1434.800048828125,7.268780779689438
2011-03-25,1426.0999755859375,7.262698707623261
2011-03-28,1419.800048828125,7.258271329996132
2011-03-29,1416.0,7.255591274253665
2011-03-30,1423.800048828125,7.261084666964003
2011-03-31,1438.9000244140625,7.271634228736543
2011-04-01,1428.0999755859375,7.264100151363402
2011-04-04,1432.199951171875,7.266966968479748
2011-04-05,1451.800048828125,7.280559478483558
2011-04-06,1457.699951171875,7.284615096583276
2011-04-07,1458.5,7.285163789307776
2011-04-08,1473.4000244140625,7.295327950818594
2011-04-11,1467.4000244140625,7.291247422917527
2011-04-12,1452.9000244140625,7.28131685488097
2011-04-13,1454.9000244140625,7.2826924655019205
2011-04-14,1471.699951171875,7.294173440992024
2011-04-15,1485.300048828125,7.303372083909737
2011-04-18,1492.300048828125,7.308073865657468
2011-04-19,1494.5,7.309546981723993
2011-04-20,1498.300048828125,7.312086443638115
2011-04-21,1503.199951171875,7.315351415616468
2011-04-25,1508.5999755859375,7.318937331236273
2011-04-26,1503.0,7.315218389752975
2011-04-27,1516.699951171875,7.32429216886369
2011-04-28,1530.800048828125,7.333545785448676
2011-04-29,1556.0,7.349873704738337
2011-05-02,1556.699951171875,7.350323443675371
2011-05-03,1540.0999755859375,7.339602612512162
2011-05-04,1514.9000244140625,7.323104725280234
2011-05-05,1480.9000244140625,7.30040530652942
2011-05-06,1491.199951171875,7.307336411187143
2011-05-09,1502.9000244140625,7.315151870184684
2011-05-10,1516.5999755859375,7.324226250168944
2011-05-11,1501.0999755859375,7.3139534354020155
2011-05-12,1506.5999755859375,7.317610719186853
2011-05-13,1493.4000244140625,7.308810694949574
2011-05-16,1490.4000244140625,7.306799835668258
2011-05-17,1479.800048828125,7.299662255487886
2011-05-18,1495.5999755859375,7.310282726779033
2011-05-19,1492.199951171875,7.308006787315175
2011-05-20,1508.800048828125,7.319069944241417
2011-05-23,1515.300048828125,7.32336875036552
2011-05-24,1523.199951171875,7.328568631980821
2011-05-25,1526.5999755859375,7.330798303371927
2011-05-26,1522.800048828125,7.328306056573042
2011-05-27,1536.300048828125,7.33713223891955
2011-05-31,1535.9000244140625,7.336871823317189
2011-06-01,1542.4000244140625,7.341094939684901
2011-06-02,1532.0,7.3343293503005365
2011-06-03,1541.699951171875,7.340640950994681
2011-06-06,1546.5,7.343749592125124
2011-06-07,1543.300048828125,7.341678291545563
2011-06-08,1538.0999755859375,7.338303151584894
2011-06-09,1542.0999755859375,7.340900387031912
2011-06-10,1528.5999755859375,7.332107546837266
2011-06-13,1515.0,7.323170717943469
2011-06-14,1523.800048828125,7.328962526082566
2011-06-15,1525.5999755859375,7.330143038283284
2011-06-16,1529.300048828125,7.3325654252824926
2011-06-17,1538.5999755859375,7.338628175157122
2011-06-20,1541.5,7.340511247326205
2011-06-21,1546.0,7.343426229147367
2011-06-22,1552.9000244140625,7.347879445296737
2011-06-23,1520.0999755859375,7.326531385089147
2011-06-24,1500.5,7.313553664880422
2011-06-27,1496.0,7.310550158534422
2011-06-28,1499.699951171875,7.313020334529039
2011-06-29,1509.9000244140625,7.319798718619748
2011-06-30,1502.300048828125,7.314752578570624
2011-07-01,1482.300048828125,7.301350247460598
2011-07-05,1512.300048828125,7.321386982044022
2011-07-06,1528.699951171875,7.332172948066042
2011-07-07,1530.199951171875,7.333153692888115
2011-07-08,1541.199951171875,7.340316581070114
2011-07-11,1548.800048828125,7.345235748048736
2011-07-12,1561.9000244140625,7.353658323494679
2011-07-13,1585.199951171875,7.368465830513778
2011-07-14,1589.0,7.370860166536716
2011-07-15,1589.800048828125,7.371363531852388
2011-07-18,1602.0999755859375,7.379070532413881
2011-07-19,1600.9000244140625,7.378321265334259
2011-07-20,1596.699951171875,7.375694247765004
2011-07-21,1586.800048828125,7.369474719411617
2011-07-22,1601.300048828125,7.378571108821233
2011-07-25,1612.0,7.385230923066573
2011-07-26,1616.5999755859375,7.388080442197639
2011-07-27,1615.0,7.387090235656757
2011-07-28,1613.4000244140625,7.386099047634932
2011-07-29,1628.300048828125,7.395291834757354
2011-08-01,1619.0,7.389563953677635
2011-08-02,1641.9000244140625,7.403609401687379
2011-08-03,1663.4000244140625,7.416618994111792
2011-08-04,1656.199951171875,7.412281071117577
2011-08-05,1648.800048828125,7.40780305919059
2011-08-08,1710.199951171875,7.444365573170734
2011-08-09,1740.0,7.461640392208575
2011-08-10,1781.300048828125,7.48509874120995
2011-08-11,1748.800048828125,7.466685145343205
2011-08-12,1740.199951171875,7.461755300073008
2011-08-15,1755.5,7.470508995608487
2011-08-16,1782.4000244140625,7.485716063430262
2011-08-17,1791.199951171875,7.490641038024537
2011-08-18,1818.9000244140625,7.505987215168227
2011-08-19,1848.9000244140625,7.522346159840949
2011-08-22,1888.699951171875,7.543644014849031
2011-08-23,1858.300048828125,7.5274173965553
2011-08-24,1754.0999755859375,7.4697111699314505
2011-08-25,1759.800048828125,7.4729554729578656
2011-08-26,1794.0999755859375,7.492258768817367
2011-08-29,1788.4000244140625,7.489076658011169
2011-08-30,1826.699951171875,7.5102663125524005
2011-08-31,1828.5,7.511251237589436
2011-09-01,1826.0,7.509883061154913
2011-09-02,1873.699951171875,7.5356703385447315
2011-09-06,1869.9000244140625,7.533640245539261
2011-09-07,1814.199951171875,7.503399851266432
2011-09-08,1854.4000244140625,7.525316485750965
2011-09-09,1856.4000244140625,7.526394420518315
2011-09-12,1809.9000244140625,7.501026887604003
2011-09-13,1826.800048828125,7.5103211080396175
2011-09-14,1823.5,7.508513010248735
2011-09-15,1778.5,7.48352559138851
2011-09-16,1812.0999755859375,7.502241659245311
2011-09-19,1776.4000244140625,7.482344137161508
2011-09-20,1806.5999755859375,7.499201891201926
2011-09-21,1805.5,7.498592840717513
2011-09-22,1739.199951171875,7.4611804882918955
2011-09-23,1637.5,7.400925967509407
2011-09-26,1592.5,7.373060387446318
2011-09-27,1650.5999755859375,7.408894122367561
2011-09-28,1616.300048828125,7.387894895625578
2011-09-29,1615.5,7.387399785264553
2011-09-30,1620.4000244140625,7.390428326395224
2011-10-03,1656.0,7.412160334945205
2011-10-04,1614.699951171875,7.386904429647824
2011-10-05,1640.300048828125,7.402634460686241
2011-10-06,1651.9000244140625,7.409681434340477
2011-10-07,1634.5,7.3990922261642655
2011-10-10,1669.5999755859375,7.42033934114029
2011-10-11,1659.699951171875,7.414392112706823
2011-10-12,1681.300048828125,7.427322611726769
2011-10-13,1667.300048828125,7.4189608598521595
2011-10-14,1681.800048828125,7.42761995643205
2011-10-17,1675.5,7.4238669071773655
2011-10-18,1651.699951171875,7.409560309964699
2011-10-19,1646.0,7.406103381237015
2011-10-20,1611.9000244140625,7.385168901549025
2011-10-21,1635.0999755859375,7.399459228609306
2011-10-24,1651.5,7.409439244830844
2011-10-25,1699.5999755859375,7.438148193876064
2011-10-26,1722.699951171875,7.451648078108372
2011-10-27,1746.699951171875,7.465483544479847
2011-10-28,1746.199951171875,7.465197249414203
2011-10-31,1724.199951171875,7.452518425456531
2011-11-01,1711.0,7.444833273892193
2011-11-02,1728.699951171875,7.455124931683166
2011-11-03,1764.199951171875,7.4754525811474615
2011-11-04,1755.300048828125,7.470395089279838
2011-11-07,1790.300048828125,7.490138509830938
2011-11-08,1798.4000244140625,7.494652673274807
2011-11-09,1790.9000244140625,7.490473579404981
2011-11-10,1758.9000244140625,7.47244390651858
2011-11-11,1787.5,7.488573274568163
2011-11-14,1777.800048828125,7.483131951273051
2011-11-15,1781.699951171875,7.485323216284566
2011-11-16,1773.800048828125,7.480879444469765
2011-11-17,1719.800048828125,7.449963312368542
2011-11-18,1724.699951171875,7.452808372986271
2011-11-21,1678.300048828125,7.425536684407933
2011-11-22,1702.199951171875,7.439676782357556
2011-11-23,1695.699951171875,7.43585088511782
2011-11-25,1685.5,7.4298175346741155
2011-11-28,1710.800048828125,7.444716404893859
2011-11-29,1713.4000244140625,7.446234993778842
2011-11-30,1745.5,7.46479632654509
2011-12-01,1735.300048828125,7.458935616234604
2011-12-02,1747.0,7.465655310134056
2011-12-05,1730.699951171875,7.456281201718019
2011-12-06,1727.9000244140625,7.454662091448402
2011-12-07,1740.9000244140625,7.462157513888489
2011-12-08,1709.800048828125,7.444131712149932
2011-12-09,1712.800048828125,7.445884765783252
2011-12-12,1664.199951171875,7.4170997771260305
2011-12-13,1659.9000244140625,7.414512653280326
2011-12-14,1584.300048828125,7.367897979200996
2011-12-15,1574.5999755859375,7.361756535245437
2011-12-16,1595.5999755859375,7.375005104730385
2011-12-19,1594.4000244140625,7.3742527842109675
2011-12-20,1615.5999755859375,7.387461668577806
2011-12-21,1611.9000244140625,7.385168901549025
2011-12-22,1608.9000244140625,7.3833060098313705
2011-12-23,1604.699951171875,7.380692071777118
2011-12-27,1594.199951171875,7.374127291365215
2011-12-28,1562.9000244140625,7.354298364469149
2011-12-29,1539.9000244140625,7.339472774088684
2011-12-30,1565.800048828125,7.356152185657953
2012-01-03,1599.699951171875,7.377571360124248
2012-01-04,1611.9000244140625,7.385168901549025
2012-01-05,1619.4000244140625,7.389811004328006
2012-01-06,1616.0999755859375,7.387771103247821
2012-01-09,1607.5,7.382435456111774
2012-01-10,1631.0,7.396948602621014
2012-01-11,1639.199951171875,7.401963567136912
2012-01-12,1647.300048828125,7.406892892594243
2012-01-13,1630.4000244140625,7.396580677442738
2012-01-17,1655.199951171875,7.411677096931499
2012-01-18,1659.5,7.414271631160029
2012-01-19,1654.0999755859375,7.411012318488449
2012-01-20,1663.699951171875,7.4167992873165804
2012-01-23,1678.0,7.425357887027151
2012-01-24,1664.199951171875,7.4170997771260305
2012-01-25,1699.800048828125,7.438265904790331
2012-01-26,1726.300048828125,7.453735697107346
2012-01-27,1731.800048828125,7.456916637208714
2012-01-30,1731.0,7.456454555176209
2012-01-31,1737.800048828125,7.460375252502772
2012-02-01,1747.0999755859375,7.4657125355063485
2012-02-02,1756.800048828125,7.471249279108998
2012-02-03,1737.9000244140625,7.460432780818713
2012-02-06,1722.800048828125,7.451706181522261
2012-02-07,1746.4000244140625,7.465311819215385
2012-02-08,1729.300048828125,7.455472009567651
2012-02-09,1739.0,7.461065514354283
2012-02-10,1723.300048828125,7.451996364621614
2012-02-13,1723.0,7.45182223652793
2012-02-14,1715.9000244140625,7.447693017519714
2012-02-15,1726.300048828125,7.453735697107346
2012-02-16,1726.800048828125,7.454025291957976
2012-02-17,1724.5,7.452692432376896
2012-02-21,1757.0999755859375,7.471419987869325
2012-02-22,1770.0,7.478734825567875
2012-02-23,1784.9000244140625,7.487117683913574
2012-02-24,1775.0999755859375,7.481612024597132
2012-02-27,1773.5999755859375,7.4807666445368435
2012-02-28,1787.0,7.488293515159428
2012-02-29,1709.9000244140625,7.444190182532612
2012-03-01,1721.0999755859375,7.450718886090785
2012-03-02,1708.800048828125,7.443546677340387
2012-03-05,1703.0,7.440146680662688
2012-03-06,1671.4000244140625,7.42141689217429
2012-03-07,1683.300048828125,7.428511460432417
2012-03-08,1698.0999755859375,7.4372652435749735
2012-03-09,1710.9000244140625,7.444774841100322
2012-03-12,1699.199951171875,7.43791280231167
2012-03-13,1693.699951171875,7.434670735067811
2012-03-14,1642.5,7.403974750358765
2012-03-15,1659.0999755859375,7.414030550934065
2012-03-16,1655.5,7.411858356987301
2012-03-19,1666.9000244140625,7.4187209075954295
2012-03-20,1646.699951171875,7.406528534571845
2012-03-21,1650.0,7.408530566894626
2012-03-22,1642.300048828125,7.403853007075065
2012-03-23,1662.300048828125,7.415957493915248
2012-03-26,1685.5,7.4298175346741155
2012-03-27,1684.800048828125,7.429402170361266
2012-03-28,1657.9000244140625,7.413307034971315
2012-03-29,1652.199951171875,7.409862982575006
2012-03-30,1669.300048828125,7.420159685112001
2012-04-02,1677.5,7.425059868845837
2012-04-03,1670.0,7.4205789054108005
2012-04-04,1612.300048828125,7.385417040254458
2012-04-05,1628.5,7.395414624716288
2012-04-09,1642.5,7.403974750358765
2012-04-10,1659.5,7.414271631160029
2012-04-11,1659.0,7.413970290190444
2012-04-12,1679.5,7.426251409052347
2012-04-13,1659.0999755859375,7.414030550934065
2012-04-16,1648.699951171875,7.407742347950996
2012-04-17,1650.300048828125,7.408712398136945
2012-04-18,1638.800048828125,7.401719575467764
2012-04-19,1640.5999755859375,7.4028172926874705
2012-04-20,1642.0999755859375,7.403731174630206
2012-04-23,1631.9000244140625,7.3975002740974025
2012-04-24,1643.0,7.404279118037268
2012-04-25,1641.4000244140625,7.403304830069537
2012-04-26,1659.5999755859375,7.414331873747901
2012-04-27,1664.0,7.416979621381154
2012-04-30,1663.4000244140625,7.416618994111792
2012-05-01,1661.699951171875,7.415596424322727
2012-05-02,1653.4000244140625,7.410589067584549
2012-05-03,1634.199951171875,7.39890863707169
2012-05-04,1644.699951171875,7.405313246059058
2012-05-07,1638.5999755859375,7.401597482808372
2012-05-08,1604.0,7.38025578842646
2012-05-09,1593.699951171875,7.3738136052273715
2012-05-10,1595.0999755859375,7.37469169387274
2012-05-11,1583.5999755859375,7.367455999815164
2012-05-14,1560.5999755859375,7.352825626038638
2012-05-15,1556.800048828125,7.3503877427961575
2012-05-16,1536.199951171875,7.337067081779576
2012-05-17,1574.5,7.36169304054108
2012-05-18,1591.5999755859375,7.372495063213453
2012-05-21,1588.4000244140625,7.370482514627319
2012-05-22,1576.300048828125,7.362835638608913
2012-05-23,1548.0999755859375,7.34478363577608
2012-05-24,1557.300048828125,7.350708862855639
2012-05-25,1568.800048828125,7.358066306006642
2012-05-29,1548.5999755859375,7.345106560187375
2012-05-30,1563.4000244140625,7.3546182314022355
2012-05-31,1562.5999755859375,7.3541063639386435
2012-06-01,1620.5,7.390490022581602
2012-06-04,1612.199951171875,7.385354954562858
2012-06-05,1615.199951171875,7.3872140367682375
2012-06-06,1632.800048828125,7.39805164140017
2012-06-07,1586.5999755859375,7.369348625480241
2012-06-08,1590.0999755859375,7.37155217096456
2012-06-11,1595.5,7.374942445718299
2012-06-12,1612.699951171875,7.385665041709217
2012-06-13,1618.0999755859375,7.389007885317658
2012-06-14,1618.4000244140625,7.389193300938843
2012-06-15,1627.0,7.394493107219038
2012-06-18,1625.699951171875,7.393693741205039
2012-06-19,1622.199951171875,7.391538501536303
2012-06-20,1614.800048828125,7.386966419216663
2012-06-21,1564.5,7.355321563108937
2012-06-22,1566.0,7.356279876550748
2012-06-25,1587.5,7.369915730766847
2012-06-26,1574.0,7.3613754289773485
2012-06-27,1577.5,7.363596594415368
2012-06-28,1549.699951171875,7.345816611285175
2012-06-29,1603.5,7.37994401913321
2012-07-02,1597.199951171875,7.376007344617988
2012-07-03,1621.300048828125,7.390983605672673
2012-07-05,1608.9000244140625,7.3833060098313705
2012-07-06,1578.4000244140625,7.364166970176007
2012-07-09,1588.5999755859375,7.370608388830743
2012-07-10,1579.300048828125,7.364737020793583
2012-07-11,1575.199951171875,7.362137496326867
2012-07-12,1564.9000244140625,7.355577218770163
2012-07-13,1591.5999755859375,7.372495063213453
2012-07-16,1591.199951171875,7.372243696853409
2012-07-17,1589.0999755859375,7.370923081855138
2012-07-18,1570.4000244140625,7.359085658508649
2012-07-19,1580.0999755859375,7.365243399706493
2012-07-20,1582.5,7.366761154018331
2012-07-23,1577.0999755859375,7.363342981013161
2012-07-24,1576.0,7.362645270417825
2012-07-25,1608.0,7.382746449738912
2012-07-26,1615.0,7.387090235656757
2012-07-27,1617.9000244140625,7.388884306101261
2012-07-30,1619.699951171875,7.38999619574595
2012-07-31,1610.5,7.384299968771254
2012-08-01,1603.699951171875,7.3800687080675935
2012-08-02,1587.4000244140625,7.369852752036681
2012-08-03,1606.0,7.381501894506707
2012-08-06,1612.9000244140625,7.385789095059886
2012-08-07,1609.699951171875,7.383803074878503
2012-08-08,1612.9000244140625,7.385789095059886
2012-08-09,1617.0999755859375,7.388389685486463
2012-08-10,1619.699951171875,7.38999619574595
2012-08-13,1609.5999755859375,7.383740964737638
2012-08-14,1599.4000244140625,7.377383853162303
2012-08-15,1603.699951171875,7.3800687080675935
2012-08-16,1616.0999755859375,7.387771103247821
2012-08-17,1616.300048828125,7.387894895625578
2012-08-20,1620.0999755859375,7.390243139646894
2012-08-21,1639.9000244140625,7.402390558236931
2012-08-22,1637.4000244140625,7.40086491185261
2012-08-23,1669.5999755859375,7.42033934114029
2012-08-24,1669.800048828125,7.4204591670018
2012-08-27,1672.4000244140625,7.422015014080629
2012-08-28,1666.5,7.418480897747794
2012-08-29,1659.800048828125,7.414452421582425
2012-08-30,1653.5,7.410649532421847
2012-08-31,1684.5999755859375,7.429283411388765
2012-09-04,1692.9000244140625,7.434198328064648
2012-09-05,1690.800048828125,7.432957097571346
2012-09-06,1702.5999755859375,7.439911759110674
2012-09-07,1737.5,7.460202577438947
2012-09-10,1728.699951171875,7.455124931683166
2012-09-11,1731.800048828125,7.456916637208714
2012-09-12,1730.5999755859375,7.456223434065357
2012-09-13,1769.0999755859375,7.478226207874295
2012-09-14,1769.800048828125,7.4786218524228785
2012-09-17,1767.699951171875,7.477434517919432
2012-09-18,1768.4000244140625,7.477830475757823
2012-09-19,1769.0,7.478169694159785
2012-09-20,1767.699951171875,7.477434517919432
2012-09-21,1775.5,7.481837352383143
2012-09-24,1762.0999755859375,7.47426154471959
2012-09-25,1763.800048828125,7.475225879137562
2012-09-26,1750.5999755859375,7.467713851352226
2012-09-27,1777.5999755859375,7.483019405151082
2012-09-28,1771.0999755859375,7.479356087677898
2012-10-01,1780.5,7.484649502717833
2012-10-02,1772.699951171875,7.480259059475244
2012-10-03,1777.300048828125,7.482850665239149
2012-10-04,1794.0999755859375,7.492258768817367
2012-10-05,1778.5999755859375,7.483581803238978
2012-10-08,1773.5,7.480710274213677
2012-10-09,1763.0,7.47477218239787
2012-10-10,1763.199951171875,7.474885591265693
2012-10-11,1768.800048828125,7.478056657148463
2012-10-12,1758.0,7.471932078245122
2012-10-15,1736.0,7.459338895220296
2012-10-16,1744.699951171875,7.4643378720993105
2012-10-17,1751.5,7.468227842637542
2012-10-18,1743.300048828125,7.46353517575819
2012-10-19,1722.800048828125,7.451706181522261
2012-10-22,1725.0999755859375,7.4530402846474395
2012-10-23,1708.300048828125,7.443254031535886
2012-10-24,1700.5,7.43867760444725
2012-10-25,1712.0,7.445417556701687
2012-10-26,1710.9000244140625,7.444774841100322
2012-10-31,1717.5,7.448625024096504
2012-11-01,1714.0999755859375,7.446643426269932
2012-11-02,1674.0999755859375,7.423030971838344
2012-11-05,1682.199951171875,7.427857710501987
2012-11-06,1714.0999755859375,7.446643426269932
2012-11-07,1713.199951171875,7.446118217240092
2012-11-08,1725.4000244140625,7.453214200792277
2012-11-09,1730.300048828125,7.4560501110820585
2012-11-12,1730.300048828125,7.4560501110820585
2012-11-13,1724.199951171875,7.452518425456531
2012-11-14,1729.5,7.4555876283772236
2012-11-15,1713.300048828125,7.446176642838386
2012-11-16,1714.300048828125,7.44676014149627
2012-11-19,1734.0,7.458186157340487
2012-11-20,1723.199951171875,7.451938278066397
2012-11-21,1727.9000244140625,7.454662091448402
2012-11-23,1751.300048828125,7.4681136761596925
2012-11-26,1749.5,7.467085311807743
2012-11-27,1742.199951171875,7.462903933358087
2012-11-28,1716.5,7.448042612897747
2012-11-29,1727.199951171875,7.454256850930492
2012-11-30,1710.9000244140625,7.444774841100322
2012-12-03,1719.5999755859375,7.449846970424602
2012-12-04,1694.4000244140625,7.435083989255819
2012-12-05,1692.4000244140625,7.433902933271617
2012-12-06,1700.300048828125,7.438560013780799
2012-12-07,1704.0,7.440733707389261
2012-12-10,1713.0,7.44600149832412
2012-12-11,1708.199951171875,7.443195434927499
2012-12-12,1716.5999755859375,7.448100855061783
2012-12-13,1695.5999755859375,7.435791925080002
2012-12-14,1695.800048828125,7.435909913663465
2012-12-17,1697.0,7.436617265234227
2012-12-18,1669.5,7.42027945938371
2012-12-19,1666.5,7.418480897747794
2012-12-20,1644.9000244140625,7.40543488592039
2012-12-21,1659.0999755859375,7.414030550934065
2012-12-24,1658.5999755859375,7.413729137297422
2012-12-26,1659.800048828125,7.414452421582425
2012-12-27,1662.5999755859375,7.416137906412721
2012-12-28,1654.9000244140625,7.411495877777488
2012-12-31,1674.800048828125,7.423449063299588
2013-01-02,1687.9000244140625,7.431240446159046
2013-01-03,1673.699951171875,7.42279199434583
2013-01-04,1648.0999755859375,7.407378373426675
2013-01-07,1645.5,7.405799568383395
2013-01-08,1661.5,7.415476087794649
2013-01-09,1654.800048828125,7.411435464094221
2013-01-10,1677.300048828125,7.424940665811855
2013-01-11,1660.0,7.414572881350589
2013-01-14,1668.9000244140625,7.419920020378192
2013-01-15,1683.4000244140625,7.428570851280305
2013-01-16,1682.699951171875,7.428154896164676
2013-01-17,1690.4000244140625,7.432720480744619
2013-01-18,1686.5999755859375,7.430469932665228
2013-01-22,1692.800048828125,7.434139270508572
2013-01-23,1686.300048828125,7.430292087631915
2013-01-24,1669.5,7.42027945938371
2013-01-25,1656.4000244140625,7.412401866410643
2013-01-28,1652.4000244140625,7.40998407029752
2013-01-29,1660.699951171875,7.414994449810572
2013-01-30,1679.9000244140625,7.4264895613492135
2013-01-31,1660.5999755859375,7.414934247125977
2013-02-01,1669.4000244140625,7.42021957404109
2013-02-04,1675.300048828125,7.423747561845386
2013-02-05,1672.4000244140625,7.422015014080629
2013-02-06,1677.699951171875,7.425179057672149
2013-02-07,1670.4000244140625,7.420818412304018
2013-02-08,1666.0,7.418180822726788
2013-02-11,1648.199951171875,7.407439032704161
2013-02-12,1648.699951171875,7.407742347950996
2013-02-13,1644.199951171875,7.405009193020839
2013-02-14,1634.699951171875,7.399214550387384
2013-02-15,1608.800048828125,7.383243868809092
2013-02-19,1603.5999755859375,7.380006365543818
2013-02-20,1577.5999755859375,7.363659968372925
2013-02-21,1578.199951171875,7.364040205147811
2013-02-22,1572.4000244140625,7.360358409074329
2013-02-25,1586.199951171875,7.369096466866137
2013-02-26,1615.199951171875,7.3872140367682375
2013-02-27,1595.199951171875,7.374754368598167
2013-02-28,1577.699951171875,7.363723338314479
2013-03-01,1571.9000244140625,7.360040373265754
2013-03-04,1572.0999755859375,7.360167568667882
2013-03-05,1574.5999755859375,7.361756535245437
2013-03-06,1574.5999755859375,7.361756535245437
2013-03-07,1574.800048828125,7.361883590075504
2013-03-08,1576.5999755859375,7.363025893140547
2013-03-11,1577.800048828125,7.363786781607956
2013-03-12,1591.5,7.3724322467221475
2013-03-13,1588.300048828125,7.370419571583491
2013-03-14,1590.5999755859375,7.37186656717407
2013-03-15,1592.5,7.373060387446318
2013-03-18,1604.5999755859375,7.38062976810451
2013-03-19,1611.300048828125,7.384796615883082
2013-03-20,1607.5,7.382435456111774
2013-03-21,1613.800048828125,7.38634695567102
2013-03-22,1606.199951171875,7.381626389354582
2013-03-25,1604.5999755859375,7.38062976810451
2013-03-26,1595.800048828125,7.375130487472077
2013-03-27,1606.199951171875,7.381626389354582
2013-03-28,1594.800048828125,7.374503646124283
2013-04-01,1600.0,7.3777589082278725
2013-04-02,1575.0999755859375,7.362074025807682
2013-04-03,1552.800048828125,7.347815063300012
2013-04-04,1551.800048828125,7.347170857925324
2013-04-05,1575.4000244140625,7.36226450276628
2013-04-08,1572.0,7.360103972989152
2013-04-09,1586.199951171875,7.369096466866137
2013-04-10,1558.300048828125,7.3513507937857945
2013-04-11,1564.300048828125,7.355193749781765
2013-04-12,1501.0,7.313886831633462
2013-04-15,1360.5999755859375,7.21568103996736
2013-04-16,1386.800048828125,7.234754249020073
2013-04-17,1382.199951171875,7.231431676330912
2013-04-18,1392.0,7.238496840894365
2013-04-19,1395.300048828125,7.240864759892875
2013-04-22,1421.0,7.259116128097101
2013-04-23,1408.5999755859375,7.250351564979162
2013-04-24,1423.4000244140625,7.260803672017104
2013-04-25,1461.800048828125,7.28742386544903
2013-04-26,1453.5999755859375,7.281798500286376
2013-04-29,1467.4000244140625,7.291247422917527
2013-04-30,1472.199951171875,7.294513126457831
2013-05-01,1446.300048828125,7.2767638838404025
2013-05-02,1467.699951171875,7.291451795348689
2013-05-03,1464.300048828125,7.289132624906922
2013-05-06,1468.0999755859375,7.291724310115715
2013-05-07,1449.0,7.278628942320682
2013-05-08,1473.9000244140625,7.295667244406972
2013-05-09,1468.800048828125,7.292201053109775
2013-05-10,1436.800048828125,7.270173731531875
2013-05-13,1434.5,7.268571635421419
2013-05-14,1424.699951171875,7.261716509950619
2013-05-15,1396.5,7.241724385385232
2013-05-16,1387.0999755859375,7.234970498168449
2013-05-17,1364.9000244140625,7.21883646274922
2013-05-20,1384.300048828125,7.23294991096648
2013-05-21,1377.800048828125,7.228243338598292
2013-05-22,1367.5999755859375,7.220812639913389
2013-05-23,1392.0,7.238496840894365
2013-05-24,1386.800048828125,7.234754249020073
2013-05-28,1379.0999755859375,7.229186373777397
2013-05-29,1391.300048828125,7.237993875943155
2013-05-30,1411.5,7.252408247693544
2013-05-31,1392.5999755859375,7.238927764977165
2013-06-03,1411.699951171875,7.252549896301979
2013-06-04,1397.0999755859375,7.242153921181627
2013-06-05,1398.4000244140625,7.24308402235984
2013-06-06,1415.699951171875,7.255379352910005
2013-06-07,1383.0,7.232010331664759
2013-06-10,1386.199951171875,7.2343214342594395
2013-06-11,1377.0,7.227662498728654
2013-06-12,1391.800048828125,7.238353187493466
2013-06-13,1377.5999755859375,7.228098115951296
2013-06-14,1387.300048828125,7.235114726283194
2013-06-17,1382.800048828125,7.231865743358522
2013-06-18,1366.5999755859375,7.220081164481858
2013-06-19,1373.5999755859375,7.225190291809487
2013-06-20,1285.9000244140625,7.159214160262366
2013-06-21,1291.5999755859375,7.163637019981935
2013-06-24,1276.800048828125,7.152112264938123
2013-06-25,1274.800048828125,7.150544620845758
2013-06-26,1229.5999755859375,7.114444172369097
2013-06-27,1211.4000244140625,7.09953201470044
2013-06-28,1223.800048828125,7.1097160909272175
2013-07-01,1255.9000244140625,7.1356077454635765
2013-07-02,1243.5999755859375,7.125765658552834
2013-07-03,1252.0999755859375,7.132577401176409
2013-07-05,1212.9000244140625,7.100769485443504
2013-07-08,1234.9000244140625,7.118745293893849
2013-07-09,1245.9000244140625,7.127613458900341
2013-07-10,1247.4000244140625,7.128816683663982
2013-07-11,1280.0999755859375,7.154693459790067
2013-07-12,1277.800048828125,7.152895166380893
2013-07-15,1283.800048828125,7.157579746911736
2013-07-16,1290.800048828125,7.1630174980056065
2013-07-17,1277.9000244140625,7.152973403719487
2013-07-18,1284.5999755859375,7.1582026458185055
2013-07-19,1293.300048828125,7.164952408175876
2013-07-22,1336.4000244140625,7.19773472875113
2013-07-23,1335.0999755859375,7.196761456109732
2013-07-24,1319.699951171875,7.185159680023371
2013-07-25,1329.0,7.192182058713246
2013-07-26,1321.699951171875,7.1866740288203355
2013-07-29,1328.4000244140625,7.191730507881139
2013-07-30,1324.0,7.188412736496954
2013-07-31,1312.4000244140625,7.179612819689554
2013-08-01,1311.0,7.1785454837637
2013-08-02,1310.5999755859375,7.178240307977239
2013-08-05,1302.5999755859375,7.172117527369738
2013-08-06,1283.199951171875,7.157112199060406
2013-08-07,1286.0999755859375,7.15936964328902
2013-08-08,1310.699951171875,7.178316587372028
2013-08-09,1312.9000244140625,7.179993728535588
2013-08-12,1334.699951171875,7.196461789896509
2013-08-13,1321.199951171875,7.186295656559228
2013-08-14,1334.0,7.195937226475569
2013-08-15,1361.5999755859375,7.216415739888688
2013-08-16,1371.699951171875,7.223806089887565
2013-08-19,1366.199951171875,7.219788406557648
2013-08-20,1373.0999755859375,7.224826218547455
2013-08-21,1370.5999755859375,7.22300386133904
2013-08-22,1371.199951171875,7.223441512233738
2013-08-23,1395.699951171875,7.241151325529913
2013-08-26,1393.0,7.239214973779806
2013-08-27,1420.5999755859375,7.258834579377969
2013-08-28,1419.0,7.257707677160043
2013-08-29,1412.9000244140625,7.253399626051161
2013-08-30,1396.0999755859375,7.241437896507271
2013-09-03,1412.0,7.252762418053187
2013-09-04,1389.9000244140625,7.23698709865605
2013-09-05,1373.0999755859375,7.224826218547455
2013-09-06,1386.699951171875,7.234682067548074
2013-09-09,1386.800048828125,7.234754249020073
2013-09-10,1364.0999755859375,7.218250131601514
2013-09-11,1363.9000244140625,7.218103539833014
2013-09-12,1330.4000244140625,7.193234946229636
2013-09-13,1308.4000244140625,7.176560314323708
2013-09-16,1317.9000244140625,7.183794858174817
2013-09-17,1309.5,7.1774006639477665
2013-09-18,1307.800048828125,7.176101652463254
2013-09-19,1369.4000244140625,7.222127984515254
2013-09-20,1332.5,7.194812156039999
2013-09-23,1326.9000244140625,7.1906006919417145
2013-09-24,1316.0,7.182352111885263
2013-09-25,1335.9000244140625,7.197360519271133
2013-09-26,1323.5999755859375,7.18811055760226
2013-09-27,1338.4000244140625,7.199230167913845
2013-09-30,1326.5,7.190299173577794
2013-10-01,1286.0,7.1592919047975645
2013-10-02,1320.5999755859375,7.185841439273372
2013-10-03,1317.4000244140625,7.183415394738597
2013-10-04,1309.699951171875,7.177553345053441
2013-10-07,1324.800048828125,7.189016820487973
2013-10-08,1324.199951171875,7.188563745617067
2013-10-09,1306.9000244140625,7.175413218283886
2013-10-10,1296.5999755859375,7.167500713911601
2013-10-11,1268.0,7.145196134997171
2013-10-14,1276.4000244140625,7.15179891353137
2013-10-15,1273.0,7.149131598557407
2013-10-16,1282.0,7.156176637480615
2013-10-17,1322.699951171875,7.187430344116506
2013-10-18,1314.4000244140625,7.18113558529736
2013-10-21,1315.699951171875,7.182124085259893
2013-10-22,1342.5,7.20228882638302
2013-10-23,1333.9000244140625,7.195862279449766
2013-10-24,1350.199951171875,7.208007972444146
2013-10-25,1352.4000244140625,7.209636088886128
2013-10-28,1352.0,7.20934025660291
2013-10-29,1345.199951171875,7.204297943568073
2013-10-30,1349.0,7.207118856207756
2013-10-31,1323.5999755859375,7.18811055760226
2013-11-01,1313.0999755859375,7.180146014272268
2013-11-04,1314.5999755859375,7.181287697258
2013-11-05,1308.0,7.176254532017144
2013-11-06,1317.699951171875,7.183643034495636
2013-11-07,1308.4000244140625,7.176560314323708
2013-11-08,1284.5,7.158124816549939
2013-11-11,1281.0,7.155396301896734
2013-11-12,1271.0999755859375,7.147637927093588
2013-11-13,1268.300048828125,7.14543273857226
2013-11-14,1286.199951171875,7.159447375737673
2013-11-15,1287.300048828125,7.160302318596237
2013-11-18,1272.199951171875,7.1485029258638475
2013-11-19,1273.4000244140625,7.149445786755268
2013-11-20,1257.9000244140625,7.137198962253414
2013-11-21,1243.5,7.12568526324346
2013-11-22,1244.0,7.126087273299125
2013-11-25,1241.0999755859375,7.123753342464165
2013-11-26,1241.4000244140625,7.123995073646108
2013-11-27,1237.800048828125,7.121090928752768
2013-11-29,1250.5999755859375,7.131378695611318
2013-12-02,1222.300048828125,7.108489648730958
2013-12-03,1221.699951171875,7.1079985704426525
2013-12-04,1248.199951171875,7.129457753381111
2013-12-05,1233.199951171875,7.1173676564173425
2013-12-06,1230.300048828125,7.115013360754105
2013-12-09,1235.300048828125,7.119069174070109
2013-12-10,1262.4000244140625,7.1407699694310125
2013-12-11,1258.5,7.1376758145753705
2013-12-12,1226.0,7.111512116496157
2013-12-13,1235.699951171875,7.119392850595598
2013-12-16,1245.5,7.127292334702235
2013-12-17,1231.199951171875,7.115744542865698
2013-12-18,1236.0999755859375,7.119716521142897
2013-12-19,1195.0,7.085901464365611
2013-12-20,1205.0999755859375,7.094317809774394
2013-12-23,1198.4000244140625,7.08874263313517
2013-12-24,1205.0999755859375,7.094317809774394
2013-12-26,1214.0999755859375,7.101758320441156
2013-12-27,1216.0999755859375,7.103404275911251
2013-12-30,1203.0999755859375,7.092656817746849
2013-12-31,1201.9000244140625,7.0916589372716325
2014-01-02,1225.0,7.110696122978827
2014-01-03,1238.4000244140625,7.12157552254966
2014-01-06,1237.800048828125,7.121090928752768
2014-01-07,1229.4000244140625,7.114281544331427
2014-01-08,1225.300048828125,7.110941030805335
2014-01-09,1229.300048828125,7.114200220393562
2014-01-10,1246.699951171875,7.128255300185031
2014-01-13,1250.9000244140625,7.131618590737893
2014-01-14,1245.199951171875,7.127051399354374
2014-01-15,1238.0999755859375,7.121333205707671
2014-01-16,1240.0,7.122866658599083
2014-01-17,1251.699951171875,7.13225786732453
2014-01-21,1242.300048828125,7.124719818524247
2014-01-22,1239.0,7.122059881629142
2014-01-23,1262.5999755859375,7.140928346597185
2014-01-24,1264.5,7.14243206611002
2014-01-27,1263.5999755859375,7.141720049606893
2014-01-28,1251.0,7.1316985104669115
2014-01-29,1262.199951171875,7.1406114704652035
2014-01-30,1242.199951171875,7.124639240817421
2014-01-31,1240.0999755859375,7.122947280821554
2014-02-03,1260.4000244140625,7.13918442925321
2014-02-04,1251.699951171875,7.13225786732453
2014-02-05,1257.300048828125,7.136721882434834
2014-02-06,1257.5999755859375,7.136960402261725
2014-02-07,1263.300048828125,7.141482662487242
2014-02-10,1274.800048828125,7.150544620845758
2014-02-11,1290.0999755859375,7.162474994806928
2014-02-12,1295.300048828125,7.166497645232592
2014-02-13,1300.4000244140625,7.170427207204021
2014-02-14,1319.0,7.1846291527173145
2014-02-18,1324.699951171875,7.188941260830455
2014-02-19,1320.5999755859375,7.185841439273372
2014-02-20,1317.0999755859375,7.183187610468775
2014-02-21,1323.9000244140625,7.188337223384628
2014-02-24,1338.300048828125,7.199155467287515
2014-02-25,1343.0,7.202661196523238
2014-02-26,1328.199951171875,7.191579884343983
2014-02-27,1331.5999755859375,7.194136487366488
2014-02-28,1321.4000244140625,7.186447078071692
2014-03-03,1350.0999755859375,7.207933924680049
2014-03-04,1337.800048828125,7.19878178918313
2014-03-05,1340.199951171875,7.200574099105609
2014-03-06,1351.699951171875,7.209118302366289
2014-03-07,1338.0999755859375,7.199005958065623
2014-03-10,1341.4000244140625,7.201469141866071
2014-03-11,1346.5,7.205263912251653
2014-03-12,1370.300048828125,7.222785008585319
2014-03-13,1372.199951171875,7.2241705346729645
2014-03-14,1379.0,7.229113877793302
2014-03-17,1372.9000244140625,7.2246805876864
2014-03-18,1359.0,7.214504414151143
2014-03-19,1341.4000244140625,7.201469141866071
2014-03-20,1330.5,7.193310090417744
2014-03-21,1336.0,7.197435354096591
2014-03-24,1311.199951171875,7.178697990190353
2014-03-25,1311.4000244140625,7.178850566446312
2014-03-26,1303.4000244140625,7.172731532629339
2014-03-27,1294.699951171875,7.166034249350748
2014-03-28,1293.800048828125,7.1653389413499715
2014-03-31,1283.4000244140625,7.157268104339371
2014-04-01,1279.5999755859375,7.154302788995914
2014-04-02,1290.5,7.162785019158669
2014-04-03,1284.4000244140625,7.158046981223505
2014-04-04,1303.199951171875,7.172578019819967
2014-04-07,1298.0,7.168579897264035
2014-04-08,1308.699951171875,7.176789519751031
2014-04-09,1305.5,7.174341388139183
2014-04-10,1320.0999755859375,7.185462751792613
2014-04-11,1318.699951171875,7.184401644786182
2014-04-14,1327.199951171875,7.1908267020859045
2014-04-15,1300.0,7.170119543449628
2014-04-16,1303.0999755859375,7.172501301415489
2014-04-17,1293.4000244140625,7.165029707888372
2014-04-21,1288.0,7.160845906664299
2014-04-22,1280.5999755859375,7.155083978020151
2014-04-23,1284.199951171875,7.157891197337735
2014-04-24,1290.5,7.162785019158669
2014-04-25,1300.699951171875,7.170657822529812
2014-04-28,1298.9000244140625,7.16927305020919
2014-04-29,1296.0,7.16703787691222
2014-04-30,1295.5999755859375,7.1667291684533465
2014-05-01,1283.0999755859375,7.157034284873568
2014-05-02,1302.5999755859375,7.172117527369738
2014-05-05,1309.0,7.1770187659099
2014-05-06,1308.300048828125,7.17648390083864
2014-05-07,1288.5999755859375,7.161311617758351
2014-05-08,1287.4000244140625,7.160379978582367
2014-05-09,1287.300048828125,7.160302318596237
2014-05-12,1295.5999755859375,7.1667291684533465
2014-05-13,1294.5999755859375,7.165957027253027
2014-05-14,1305.699951171875,7.174494537017864
2014-05-15,1293.5,7.165107001626084
2014-05-16,1293.300048828125,7.164952408175876
2014-05-19,1293.699951171875,7.165261571180851
2014-05-20,1294.5,7.165879799191592
2014-05-21,1288.0,7.160845906664299
2014-05-22,1294.9000244140625,7.166188769928808
2014-05-23,1291.5999755859375,7.163637019981935
2014-05-27,1265.4000244140625,7.143143576006337
2014-05-28,1259.300048828125,7.1383113287858215
2014-05-29,1256.300048828125,7.135926210876984
2014-05-30,1245.5999755859375,7.1273726009195455
2014-06-02,1243.699951171875,7.125846047399322
2014-06-03,1244.300048828125,7.126328441023026
2014-06-04,1244.0,7.126087273299125
2014-06-05,1253.0,7.133295954896068
2014-06-06,1252.0999755859375,7.132577401176409
2014-06-09,1253.5,7.133694917598348
2014-06-10,1259.800048828125,7.1387082959464605
2014-06-11,1260.800048828125,7.139501757831505
2014-06-12,1273.5999755859375,7.149602795920785
2014-06-13,1273.699951171875,7.149681291260057
2014-06-16,1274.9000244140625,7.150623042293863
2014-06-17,1271.699951171875,7.148109828630754
2014-06-18,1272.4000244140625,7.1486601790624
2014-06-19,1313.699951171875,7.180602825307063
2014-06-20,1316.199951171875,7.182504038924217
2014-06-23,1318.0,7.183870715062453
2014-06-24,1320.9000244140625,7.186068619912717
2014-06-25,1322.199951171875,7.187052257970023
2014-06-26,1316.0999755859375,7.182428078289968
2014-06-27,1319.0,7.1846291527173145
2014-06-30,1321.800048828125,7.186749759976982
2014-07-01,1326.4000244140625,7.19022380278729
2014-07-02,1330.699951171875,7.193460361856133
2014-07-03,1320.4000244140625,7.185690018468937
2014-07-07,1316.5,7.182731978936364
2014-07-08,1316.0,7.182352111885263
2014-07-09,1323.800048828125,7.1882617045696415
2014-07-10,1338.699951171875,7.199454236317567
2014-07-11,1337.0,7.198183577101943
2014-07-14,1306.300048828125,7.1749540298714685
2014-07-15,1296.9000244140625,7.167732099166634
2014-07-16,1299.5999755859375,7.1698117850091165
2014-07-17,1316.699951171875,7.182883848278585
2014-07-18,1309.199951171875,7.177171505330871
2014-07-21,1313.699951171875,7.180602825307063
2014-07-22,1306.0999755859375,7.174800857891137
2014-07-23,1304.5,7.173575104576783
2014-07-24,1290.5999755859375,7.162862486584908
2014-07-25,1303.0999755859375,7.172501301415489
2014-07-28,1303.300048828125,7.172654826001666
2014-07-29,1298.300048828125,7.168811032975484
2014-07-30,1294.9000244140625,7.166188769928808
2014-07-31,1281.300048828125,7.155630504623799
2014-08-01,1293.5999755859375,7.165184289389936
2014-08-04,1287.699951171875,7.160612922360871
2014-08-05,1284.0,7.157735484249907
2014-08-06,1306.699951171875,7.17526011662759
2014-08-07,1310.800048828125,7.178392954075289
2014-08-08,1308.9000244140625,7.176942387450024
2014-08-11,1308.5,7.1766367219702
2014-08-12,1308.800048828125,7.176866003156035
2014-08-13,1312.800048828125,7.17991757696976
2014-08-14,1313.9000244140625,7.180755111229146
2014-08-15,1304.5,7.173575104576783
2014-08-18,1297.699951171875,7.168348708116517
2014-08-19,1295.0999755859375,7.166343172378439
2014-08-20,1293.4000244140625,7.165029707888372
2014-08-21,1273.699951171875,7.149681291260057
2014-08-22,1278.5999755859375,7.153520989238255
2014-08-25,1277.300048828125,7.152503792276339
2014-08-26,1283.800048828125,7.157579746911736
2014-08-27,1281.9000244140625,7.156098650363305
2014-08-28,1288.699951171875,7.161389199404902
2014-08-29,1285.800048828125,7.1591364096824845
2014-09-02,1263.699951171875,7.141799166125618
2014-09-03,1268.9000244140625,7.145905681643205
2014-09-04,1265.0999755859375,7.142906430122495
2014-09-05,1265.800048828125,7.1434596509161175
2014-09-08,1252.699951171875,7.133056461871838
2014-09-09,1246.800048828125,7.128335587055938
2014-09-10,1243.5,7.12568526324346
2014-09-11,1237.4000244140625,7.120767702827018
2014-09-12,1229.9000244140625,7.114688164098809
2014-09-15,1233.5999755859375,7.117691983018158
2014-09-16,1235.199951171875,7.11898813973997
2014-09-17,1234.4000244140625,7.1183403208270315
2014-09-18,1225.699951171875,7.1112673485101885
2014-09-19,1215.300048828125,7.102746279054591
2014-09-22,1216.800048828125,7.10397978107339
2014-09-23,1221.0,7.107425474110705
2014-09-24,1218.5999755859375,7.1054579177798765
2014-09-25,1221.199951171875,7.107589220876997
2014-09-26,1214.0999755859375,7.101758320441156
2014-09-29,1217.5,7.104554854956745
2014-09-30,1210.5,7.098788776378113
2014-10-01,1214.5999755859375,7.102170063362979
2014-10-02,1214.199951171875,7.101840662482097
2014-10-03,1192.199951171875,7.083555577829505
2014-10-06,1206.699951171875,7.095644599615375
2014-10-07,1211.699951171875,7.09977957094027
2014-10-08,1205.300048828125,7.094483818105477
2014-10-09,1224.5999755859375,7.110369519107497
2014-10-10,1221.0,7.107425474110705
2014-10-13,1229.300048828125,7.114200220393562
2014-10-14,1233.5999755859375,7.117691983018158
2014-10-15,1244.0999755859375,7.126167636296571
2014-10-16,1240.5,7.123269803131856
2014-10-17,1238.300048828125,7.1214947896526315
2014-10-20,1244.0,7.126087273299125
2014-10-21,1251.0,7.1316985104669115
2014-10-22,1244.800048828125,7.126730192649805
2014-10-23,1228.5,7.1135491919612335
2014-10-24,1231.199951171875,7.115744542865698
2014-10-27,1229.0999755859375,7.114037453357569
2014-10-28,1229.199951171875,7.11411879053283
2014-10-29,1224.300048828125,7.110124570962353
2014-10-30,1198.0999755859375,7.088492227268537
2014-10-31,1171.0999755859375,7.0656987362009716
2014-11-03,1169.4000244140625,7.064246096618996
2014-11-04,1167.4000244140625,7.062534353682884
2014-11-05,1145.4000244140625,7.043509221274636
2014-11-06,1142.300048828125,7.040799095485348
2014-11-07,1169.5999755859375,7.064417068121657
2014-11-10,1159.5999755859375,7.055830375993635
2014-11-11,1162.800048828125,7.058586210676571
2014-11-12,1158.9000244140625,7.055226579406928
2014-11-13,1161.0999755859375,7.057123089606294
2014-11-14,1185.0,7.077498053569231
2014-11-17,1183.0,7.075808863978387
2014-11-18,1196.699951171875,7.087323006777159
2014-11-19,1193.5999755859375,7.0847292089953555
2014-11-20,1190.699951171875,7.082296607449213
2014-11-21,1197.5,7.08799132928507
2014-11-24,1195.5,7.08631978689838
2014-11-25,1197.0999755859375,7.087657223862985
2014-11-26,1196.5999755859375,7.087239460553071
2014-11-28,1175.199951171875,7.069193583310888
2014-12-01,1218.0,7.1049654482698426
2014-12-02,1199.199951171875,7.089409906071138
2014-12-03,1208.5,7.097135200143538
2014-12-04,1207.5,7.096307385526727
2014-12-05,1190.0999755859375,7.081792595674099
2014-12-08,1194.699951171875,7.085650345952561
2014-12-09,1231.5,7.115988217560592
2014-12-10,1228.9000244140625,7.11387475915715
2014-12-11,1225.0999755859375,7.110777732371904
2014-12-12,1222.0,7.108244139731541
2014-12-15,1207.199951171875,7.096058867006219
2014-12-16,1193.9000244140625,7.084980558800344
2014-12-17,1194.300048828125,7.085315559558685
2014-12-18,1194.699951171875,7.085650345952561
2014-12-19,1195.9000244140625,7.086654339389564
2014-12-22,1179.699951171875,7.073015406457506
2014-12-23,1177.9000244140625,7.071488491691508
2014-12-24,1173.5,7.067746015291078
2014-12-26,1195.300048828125,7.086152519734035
2014-12-29,1181.699951171875,7.074709317324731
2014-12-30,1200.199951171875,7.090243447872088
2014-12-31,1183.9000244140625,7.076569373039317
2015-01-02,1186.0,7.078341579557671
2015-01-05,1203.9000244140625,7.093321586220125
2015-01-06,1219.300048828125,7.106032242612248
2015-01-07,1210.5999755859375,7.098871363290676
2015-01-08,1208.4000244140625,7.097052469716143
2015-01-09,1216.0,7.103322062526113
2015-01-12,1232.699951171875,7.1169621249467605
2015-01-13,1234.300048828125,7.118259326309248
2015-01-14,1234.4000244140625,7.1183403208270315
2015-01-15,1264.699951171875,7.142590180277465
2015-01-16,1276.9000244140625,7.152190563550428
2015-01-20,1294.199951171875,7.165647984894742
2015-01-21,1293.699951171875,7.165261571180851
2015-01-22,1300.699951171875,7.170657822529812
2015-01-23,1292.5999755859375,7.164410953941233
2015-01-26,1279.4000244140625,7.154146516098468
2015-01-27,1291.699951171875,7.163714421436525
2015-01-28,1285.9000244140625,7.159214160262366
2015-01-29,1254.5999755859375,7.134572056203004
2015-01-30,1278.5,7.153442794731241
2015-02-02,1276.199951171875,7.151642153173687
2015-02-03,1259.699951171875,7.138628837596547
2015-02-04,1263.800048828125,7.141878372975313
2015-02-05,1262.0,7.140453043101158
2015-02-06,1233.9000244140625,7.117935183690583
2015-02-09,1240.800048828125,7.12351165121446
2015-02-10,1231.5999755859375,7.1160693962273
2015-02-11,1219.0,7.105786129481271
2015-02-12,1220.0999755859375,7.106688081571402
2015-02-13,1226.5,7.111919863698544
2015-02-17,1208.0999755859375,7.096804136316874
2015-02-18,1199.699951171875,7.089826763820603
2015-02-19,1207.0999755859375,7.095976047481696
2015-02-20,1204.4000244140625,7.093736816878304
2015-02-23,1200.300048828125,7.090326845211233
2015-02-24,1196.9000244140625,7.0874901802770705
2015-02-25,1201.0,7.0909098220799835
2015-02-26,1209.5999755859375,7.098044985241685
2015-02-27,1212.5999755859375,7.100522073503981
2015-03-02,1207.699951171875,7.096472962850655
2015-03-03,1204.0,7.093404625868766
2015-03-04,1200.5999755859375,7.090576690482858
2015-03-05,1195.9000244140625,7.086654339389564
2015-03-06,1164.0999755859375,7.059703514281717
2015-03-09,1166.4000244140625,7.061677382185517
2015-03-10,1160.0999755859375,7.0562614662365695
2015-03-11,1150.699951171875,7.048125689396002
2015-03-12,1152.0999755859375,7.049341621853085
2015-03-13,1152.5999755859375,7.0497755178208354
2015-03-16,1153.300048828125,7.05038271956964
2015-03-17,1148.300048828125,7.046037909304241
2015-03-18,1151.4000244140625,7.048733893445515
2015-03-19,1169.0999755859375,7.063989480129989
2015-03-20,1184.800048828125,7.077329304165713
2015-03-23,1188.0,7.080026499922591
2015-03-24,1191.699951171875,7.083136097123256
2015-03-25,1197.300048828125,7.0878243415046605
2015-03-26,1205.0999755859375,7.094317809774394
2015-03-27,1199.800048828125,7.089910195915879
2015-03-30,1184.800048828125,7.077329304165713
2015-03-31,1183.0999755859375,7.0758933706239455
2015-04-01,1208.0999755859375,7.096804136316874
2015-04-02,1200.9000244140625,7.090826574996442
2015-04-06,1218.5999755859375,7.1054579177798765
2015-04-07,1210.5999755859375,7.098871363290676
2015-04-08,1203.0999755859375,7.092656817746849
2015-04-09,1193.5999755859375,7.0847292089953555
2015-04-10,1204.5999755859375,7.09390282034226
2015-04-13,1199.300048828125,7.089493372951528
2015-04-14,1192.800048828125,7.084058804386246
2015-04-15,1201.5,7.091326055176523
2015-04-16,1198.0,7.088408778675395
2015-04-17,1202.9000244140625,7.09249060729603
2015-04-20,1193.5,7.084645445778885
2015-04-21,1202.9000244140625,7.09249060729603
2015-04-22,1186.9000244140625,7.079100165632063
2015-04-23,1194.4000244140625,7.085399266665421
2015-04-24,1175.199951171875,7.069193583310888
2015-04-27,1203.300048828125,7.0928231020226296
2015-04-28,1214.0,7.101675971619444
2015-04-29,1209.800048828125,7.098210376033307
2015-04-30,1182.4000244140625,7.075301570841825
2015-05-01,1174.5,7.068597804098967
2015-05-04,1186.800048828125,7.07901592955934
2015-05-05,1193.199951171875,7.084394011718597
2015-05-06,1190.300048828125,7.081960696195529
2015-05-07,1182.4000244140625,7.075301570841825
2015-05-08,1189.0999755859375,7.080951976911986
2015-05-11,1183.199951171875,7.075977870128735
2015-05-12,1192.5999755859375,7.0838910562177135
2015-05-13,1218.4000244140625,7.1052938216187576
2015-05-14,1225.4000244140625,7.111022620214896
2015-05-15,1225.5,7.111104202968168
2015-05-18,1227.800048828125,7.112979268762189
2015-05-19,1206.9000244140625,7.095810387852588
2015-05-20,1208.9000244140625,7.097466154403216
2015-05-21,1204.4000244140625,7.093736816878304
2015-05-22,1204.300048828125,7.093653804811252
2015-05-26,1187.199951171875,7.079352831284304
2015-05-27,1185.9000244140625,7.078257279557698
2015-05-28,1188.0999755859375,7.0801106509154135
2015-05-29,1189.4000244140625,7.081204277798862
2015-06-01,1188.300048828125,7.080279034386718
2015-06-02,1194.0999755859375,7.085148022093763
2015-06-03,1184.699951171875,7.077244815745109
2015-06-04,1174.9000244140625,7.068938337353221
2015-06-05,1167.800048828125,7.062876957661498
2015-06-08,1173.199951171875,7.067490295483687
2015-06-09,1177.300048828125,7.0709790015588165
2015-06-10,1186.0999755859375,7.078425872451753
2015-06-11,1179.9000244140625,7.07318498879751
2015-06-12,1178.800048828125,7.072252292285429
2015-06-15,1185.300048828125,7.077751227280194
2015-06-16,1180.5,7.073693356525568
2015-06-17,1176.4000244140625,7.070214227433038
2015-06-18,1201.5,7.091326055176523
2015-06-19,1201.5,7.091326055176523
2015-06-22,1183.699951171875,7.076400363709425
2015-06-23,1176.199951171875,7.0700441405124
2015-06-24,1172.5999755859375,7.066978763709662
2015-06-25,1171.5,7.066040257947851
2015-06-26,1172.9000244140625,7.067234614342587
2015-06-29,1178.5,7.071997722376186
2015-06-30,1171.5,7.066040257947851
2015-07-01,1169.0,7.063903961472068
2015-07-02,1163.0,7.0587581525186645
2015-07-06,1172.9000244140625,7.067234614342587
2015-07-07,1152.4000244140625,7.04960202439578
2015-07-08,1163.300048828125,7.059016114796523
2015-07-09,1159.0,7.055312843339752
2015-07-10,1157.699951171875,7.054190515034844
2015-07-13,1155.199951171875,7.052028725870447
2015-07-14,1153.300048828125,7.05038271956964
2015-07-15,1147.199951171875,7.045079427282484
2015-07-16,1143.800048828125,7.042111374170606
2015-07-17,1131.800048828125,7.031564607850431
2015-07-20,1106.699951171875,7.009137849150268
2015-07-21,1103.4000244140625,7.006151622964542
2015-07-22,1091.4000244140625,6.995216577121623
2015-07-23,1094.0,6.9975959829819265
2015-07-24,1085.5999755859375,6.989888086031655
2015-07-27,1096.5,6.999878567857943
2015-07-28,1096.300048828125,6.999696197219511
2015-07-29,1092.699951171875,6.996406931890943
2015-07-30,1088.4000244140625,6.99246402934024
2015-07-31,1094.9000244140625,6.998418336177362
2015-08-03,1089.4000244140625,6.993382387360133
2015-08-04,1090.699951171875,6.994574926167001
2015-08-05,1085.699951171875,6.98998017426394
2015-08-06,1090.199951171875,6.994116399841952
2015-08-07,1094.0999755859375,6.997687364168456
2015-08-10,1104.199951171875,7.00687632562958
2015-08-11,1107.5999755859375,7.0099507692544964
2015-08-12,1123.199951171875,7.023936989799212
2015-08-13,1115.699951171875,7.017237245834568
2015-08-14,1112.9000244140625,7.014724521916716
2015-08-17,1118.5999755859375,7.0198331605619355
2015-08-18,1117.0999755859375,7.018491298721944
2015-08-19,1128.0999755859375,7.02829005896912
2015-08-20,1153.0,7.050122520269059
2015-08-21,1159.5999755859375,7.055830375993635
2015-08-24,1153.4000244140625,7.050469402348351
2015-08-25,1138.199951171875,7.037203303269598
2015-08-26,1124.5999755859375,7.0251826741489936
2015-08-27,1122.4000244140625,7.0232245505399105
2015-08-28,1133.0999755859375,7.032712496840265
2015-08-31,1131.5999755859375,7.031387817852595
2015-09-01,1138.699951171875,7.0376424969359705
2015-09-02,1132.5,7.032182857357189
2015-09-03,1123.699951171875,7.024382047460866
2015-09-04,1120.5999755859375,7.021619513344585
2015-09-08,1120.4000244140625,7.021441065176441
2015-09-09,1102.199951171875,7.005063417148531
2015-09-10,1109.5,7.011664742372648
2015-09-11,1103.5,7.006242225696791
2015-09-14,1107.699951171875,7.010041028442246
2015-09-15,1102.800048828125,7.005607723426142
2015-09-16,1119.199951171875,7.020369379723568
2015-09-17,1117.300048828125,7.018670383255184
2015-09-18,1138.0999755859375,7.037115462836247
2015-09-21,1133.0999755859375,7.032712496840265
2015-09-22,1125.0,7.025538314638521
2015-09-23,1131.5999755859375,7.031387817852595
2015-09-24,1153.800048828125,7.050816164142189
2015-09-25,1146.0,7.044032897274685
2015-09-28,1132.0,7.0317412587631285
2015-09-29,1127.0999755859375,7.027403219587078
2015-09-30,1115.5,7.017058013872587
2015-10-01,1114.199951171875,7.015891893763231
2015-10-02,1137.0999755859375,7.036236419160215
2015-10-05,1138.0999755859375,7.037115462836247
2015-10-06,1146.800048828125,7.04473077658693
2015-10-07,1149.0,7.046647277848756
2015-10-08,1144.699951171875,7.042897830268603
2015-10-09,1156.300048828125,7.052980573362819
2015-10-12,1164.9000244140625,7.060390546363807
2015-10-13,1165.800048828125,7.0611628674952405
2015-10-14,1180.0999755859375,7.073354438943572
2015-10-15,1187.9000244140625,7.079942341847781
2015-10-16,1183.5999755859375,7.0763158998991
2015-10-19,1173.300048828125,7.067575612045639
2015-10-20,1178.0,7.071573364211532
2015-10-21,1167.5999755859375,7.062705618070348
2015-10-22,1166.5999755859375,7.061848793392002
2015-10-23,1163.300048828125,7.059016114796523
2015-10-26,1167.0,7.062191632286556
2015-10-27,1166.800048828125,7.0620202798414615
2015-10-28,1177.0999755859375,7.070809044677578
2015-10-29,1147.199951171875,7.045079427282484
2015-10-30,1141.5,7.04009846596985
2015-11-02,1135.800048828125,7.035092570433404
2015-11-03,1114.199951171875,7.015891893763231
2015-11-04,1106.5,7.008957159491104
2015-11-05,1104.4000244140625,7.007057502162176
2015-11-06,1087.5999755859375,6.991728690310667
2015-11-09,1087.9000244140625,6.992004533868495
2015-11-10,1088.199951171875,6.9922801891812805
2015-11-11,1084.699951171875,6.989058685030844
2015-11-12,1080.800048828125,6.9854568318237495
2015-11-13,1080.800048828125,6.9854568318237495
2015-11-16,1083.699951171875,6.988136345872083
2015-11-17,1068.699951171875,6.974198189841578
2015-11-18,1068.800048828125,6.974291848467377
2015-11-19,1078.0,6.982862751468942
2015-11-20,1076.4000244140625,6.981377441533968
2015-11-23,1066.800048828125,6.972418838078504
2015-11-24,1074.300048828125,6.979424611123603
2015-11-25,1070.5,6.975881108029737
2015-11-27,1056.199951171875,6.962432794042833
2015-11-30,1065.800048828125,6.971481015676272
2015-12-01,1063.800048828125,6.9696027282079385
2015-12-02,1054.199951171875,6.9605374181034
2015-12-03,1061.699951171875,6.967626630029016
2015-12-04,1084.5,6.988874330266929
2015-12-07,1076.4000244140625,6.981377441533968
2015-12-08,1076.300048828125,6.981284557636902
2015-12-09,1077.5999755859375,6.982491602440194
2015-12-10,1073.0999755859375,6.978306912182115
2015-12-11,1076.9000244140625,6.981841845005522
2015-12-14,1064.699951171875,6.970448302459636
2015-12-15,1062.9000244140625,6.9687563235088295
2015-12-16,1078.0,6.982862751468942
2015-12-17,1050.800048828125,6.957307104278956
2015-12-18,1066.199951171875,6.9718561585922565
2015-12-21,1081.9000244140625,6.986474056259442
2015-12-22,1074.800048828125,6.9798899221712984
2015-12-23,1069.4000244140625,6.974853045344314
2015-12-24,1077.199951171875,6.982120315608697
2015-12-28,1070.5,6.975881108029737
2015-12-29,1077.5,6.9823988219779025
2015-12-30,1060.0999755859375,6.96611849924909
2015-12-31,1060.300048828125,6.966307211982987
2016-01-04,1075.0999755859375,6.980168936782539
2016-01-05,1078.4000244140625,6.983233762797195
2016-01-06,1091.9000244140625,6.995674599379268
2016-01-07,1107.699951171875,7.010041028442246
2016-01-08,1097.800048828125,7.001063500593949
2016-01-11,1096.5,6.999878567857943
2016-01-12,1085.5999755859375,6.989888086031655
2016-01-13,1087.5,6.991636762962839
2016-01-14,1073.9000244140625,6.979052183598189
2016-01-15,1091.5,6.995308175989998
2016-01-19,1089.9000244140625,6.993841250295543
2016-01-20,1107.0999755859375,7.009499240813156
2016-01-21,1099.0999755859375,7.0022469198620785
2016-01-22,1097.199951171875,7.0005167145609635
2016-01-25,1106.199951171875,7.008685953420164
2016-01-26,1121.699951171875,7.02260062712071
2016-01-27,1116.0999755859375,7.017595722787229
2016-01-28,1115.5999755859375,7.01714763386909
2016-01-29,1116.4000244140625,7.017864523530728
2016-02-01,1127.9000244140625,7.028112797291462
2016-02-02,1127.300048828125,7.027580715364709
2016-02-03,1141.300048828125,7.0399232853424545
2016-02-04,1157.5999755859375,7.0541041542270335
2016-02-05,1157.800048828125,7.054276973818098
2016-02-08,1197.9000244140625,7.088325323118004
2016-02-09,1198.699951171875,7.08899287447882
2016-02-10,1194.699951171875,7.085650345952561
2016-02-11,1247.9000244140625,7.129217437077926
2016-02-12,1239.0999755859375,7.122140568919386
2016-02-16,1207.9000244140625,7.096638613823222
2016-02-17,1211.0999755859375,7.0992842963684195
2016-02-18,1226.0999755859375,7.111593659326374
2016-02-19,1230.4000244140625,7.115094618593758
2016-02-22,1209.5,7.097962330050082
2016-02-23,1222.300048828125,7.108489648730958
2016-02-24,1238.699951171875,7.121817682141307
2016-02-25,1238.199951171875,7.121413951650367
2016-02-26,1219.800048828125,7.106442229891971
2016-02-29,1233.9000244140625,7.117935183690583
2016-03-01,1230.300048828125,7.115013360754105
2016-03-02,1241.0999755859375,7.123753342464165
2016-03-03,1257.4000244140625,7.136801395365266
2016-03-04,1269.9000244140625,7.146693455420173
2016-03-07,1263.199951171875,7.141403424287121
2016-03-08,1262.0999755859375,7.140532259920585
2016-03-09,1256.5999755859375,7.13616492054018
2016-03-10,1272.0,7.148345743900068
2016-03-11,1258.699951171875,7.137834682504955
2016-03-14,1244.4000244140625,7.126408784642625
2016-03-15,1230.4000244140625,7.115094618593758
2016-03-16,1229.300048828125,7.114200220393562
2016-03-17,1264.5,7.14243206611002
2016-03-18,1253.800048828125,7.133934257783977
2016-03-21,1243.800048828125,7.125926527927004
2016-03-22,1248.199951171875,7.129457753381111
2016-03-23,1223.699951171875,7.109634295089583
2016-03-24,1221.4000244140625,7.107753040777623
2016-03-28,1219.9000244140625,7.106524187167858
2016-03-29,1235.5999755859375,7.119311941285554
2016-03-30,1226.9000244140625,7.11224596169612
2016-03-31,1234.199951171875,7.118178226324395
2016-04-01,1222.199951171875,7.1084077525098035
2016-04-04,1218.0,7.1049654482698426
2016-04-05,1228.4000244140625,7.113467808441352
2016-04-06,1222.5,7.108653221349027
2016-04-07,1236.199951171875,7.119797397726608
2016-04-08,1242.5,7.124880757970784
2016-04-11,1256.699951171875,7.136244477766857
2016-04-12,1259.4000244140625,7.138390715440114
2016-04-13,1246.800048828125,7.128335587055938
2016-04-14,1225.0,7.110696122978827
2016-04-15,1233.0999755859375,7.117286583077553
2016-04-18,1233.5999755859375,7.117691983018158
2016-04-19,1253.0,7.133295954896068
2016-04-20,1253.199951171875,7.13345552011528
2016-04-21,1249.0,7.130098510125578
2016-04-22,1228.699951171875,7.113711939133861
2016-04-25,1238.9000244140625,7.121979187827934
2016-04-26,1242.199951171875,7.124639240817421
2016-04-27,1249.199951171875,7.130258586321407
2016-04-28,1265.5,7.143222579985179
2016-04-29,1289.199951171875,7.161777112066535
2016-05-02,1294.699951171875,7.166034249350748
2016-05-03,1290.699951171875,7.16293994801041
2016-05-04,1273.300048828125,7.149367272927088
2016-05-05,1271.4000244140625,7.147873953704812
2016-05-06,1292.9000244140625,7.164643055143687
2016-05-09,1265.5999755859375,7.143301577722885
2016-05-10,1263.9000244140625,7.141957476969531
2016-05-11,1274.5999755859375,7.1503876637259
2016-05-12,1270.300048828125,7.147008410467677
2016-05-13,1271.9000244140625,7.148267143652393
2016-05-16,1273.4000244140625,7.149445786755268
2016-05-17,1276.199951171875,7.151642153173687
2016-05-18,1273.699951171875,7.149681291260057
2016-05-19,1254.199951171875,7.13425315917723
2016-05-20,1252.4000244140625,7.1328170089460725
2016-05-23,1251.0999755859375,7.131778423809276
2016-05-24,1228.9000244140625,7.11387475915715
2016-05-25,1223.5,7.109470882882726
2016-05-26,1220.0999755859375,7.106688081571402
2016-05-27,1213.800048828125,7.101511253629242
2016-05-31,1214.800048828125,7.102334773365967
2016-06-01,1211.9000244140625,7.09994467511972
2016-06-02,1209.800048828125,7.098210376033307
2016-06-03,1240.0999755859375,7.122947280821554
2016-06-06,1244.5999755859375,7.126569452519126
2016-06-07,1244.4000244140625,7.126408784642625
2016-06-08,1259.800048828125,7.1387082959464605
2016-06-09,1270.199951171875,7.146929608927585
2016-06-10,1273.4000244140625,7.149445786755268
2016-06-13,1284.4000244140625,7.158046981223505
2016-06-14,1285.5999755859375,7.1589807954329
2016-06-15,1285.800048828125,7.1591364096824845
2016-06-16,1296.0999755859375,7.167115015592771
2016-06-17,1292.5,7.164333606382584
2016-06-20,1290.0,7.162397497355718
2016-06-21,1270.5,7.1471658027602185
2016-06-22,1268.0,7.145196134997171
2016-06-23,1261.199951171875,7.139818888955297
2016-06-24,1320.0,7.1853870155804165
2016-06-27,1322.5,7.1872791637324545
2016-06-28,1315.300048828125,7.181820092597917
2016-06-29,1323.9000244140625,7.188337223384628
2016-06-30,1318.4000244140625,7.184174177673155
2016-07-01,1336.699951171875,7.1979591324485686
2016-07-05,1356.4000244140625,7.212589428250645
2016-07-06,1364.9000244140625,7.21883646274922
2016-07-07,1360.0999755859375,7.215313487488511
2016-07-08,1356.5999755859375,7.212736830515471
2016-07-11,1355.0,7.2115567333138015
2016-07-12,1334.0999755859375,7.196012167884736
2016-07-13,1342.4000244140625,7.202214353899818
2016-07-14,1331.300048828125,7.193911224114897
2016-07-15,1326.5,7.190299173577794
2016-07-18,1328.4000244140625,7.191730507881139
2016-07-19,1331.5,7.194061405253987
2016-07-20,1318.800048828125,7.184477548222238
2016-07-21,1330.5,7.193310090417744
2016-07-22,1323.0999755859375,7.187732728596198
2016-07-25,1319.300048828125,7.184856608900361
2016-07-26,1320.699951171875,7.18591714107836
2016-07-27,1326.5999755859375,7.190374538687971
2016-07-28,1332.300048828125,7.194662087615662
2016-07-29,1349.0,7.207118856207756
2016-08-01,1351.4000244140625,7.20889638918383
2016-08-02,1364.4000244140625,7.218470068438116
2016-08-03,1356.0999755859375,7.2123681940907565
2016-08-04,1358.800048828125,7.214357272221169
2016-08-05,1336.4000244140625,7.19773472875113
2016-08-08,1333.4000244140625,7.195487368493591
2016-08-09,1339.0,7.199678345691172
2016-08-10,1344.300048828125,7.203628746782549
2016-08-11,1342.5,7.20228882638302
2016-08-12,1335.800048828125,7.197285678845005
2016-08-15,1340.300048828125,7.2006487849151934
2016-08-16,1350.5,7.20823017323267
2016-08-17,1342.699951171875,7.202437754713037
2016-08-18,1351.199951171875,7.20874832935673
2016-08-19,1340.4000244140625,7.2007233740771674
2016-08-22,1337.699951171875,7.198706963799989
2016-08-23,1340.5999755859375,7.200872535712562
2016-08-24,1324.4000244140625,7.188714824107146
2016-08-25,1320.0999755859375,7.185462751792613
2016-08-26,1321.5,7.186522734044344
2016-08-29,1322.9000244140625,7.187581593923291
2016-08-30,1311.699951171875,7.179079247596029
2016-08-31,1306.9000244140625,7.175413218283886
2016-09-01,1312.199951171875,7.17946035969989
2016-09-02,1322.0999755859375,7.186976642049927
2016-09-06,1349.4000244140625,7.207415346285857
2016-09-07,1344.300048828125,7.203628746782549
2016-09-08,1336.800048828125,7.198034013807309
2016-09-09,1330.0999755859375,7.193009388004192
2016-09-12,1321.0,7.186144304522325
2016-09-13,1319.0,7.1846291527173145
2016-09-14,1321.5,7.186522734044344
2016-09-15,1313.5,7.180450609125595
2016-09-16,1305.800048828125,7.174571196145797
2016-09-19,1313.5,7.180450609125595
2016-09-20,1313.699951171875,7.180602825307063
2016-09-21,1326.9000244140625,7.1906006919417145
2016-09-22,1340.4000244140625,7.2007233740771674
2016-09-23,1337.199951171875,7.198333118030743
2016-09-26,1339.699951171875,7.200200950835881
2016-09-27,1325.9000244140625,7.189846771533873
2016-09-28,1319.4000244140625,7.184932385292683
2016-09-29,1321.699951171875,7.1866740288203355
2016-09-30,1313.300048828125,7.180298369770832
2016-10-03,1309.0,7.1770187659099
2016-10-04,1266.300048828125,7.143854580016244
2016-10-05,1265.199951171875,7.142985452838286
2016-10-06,1249.800048828125,7.130738856563732
2016-10-07,1248.9000244140625,7.130018462417492
2016-10-11,1253.0,7.133295954896068
2016-10-12,1251.0999755859375,7.131778423809276
2016-10-13,1255.0,7.134890851565884
2016-10-14,1253.0999755859375,7.133375740688307
2016-10-17,1254.4000244140625,7.134412669058884
2016-10-18,1260.800048828125,7.139501757831505
2016-10-19,1267.9000244140625,7.1451172867894135
2016-10-20,1265.5999755859375,7.143301577722885
2016-10-21,1265.9000244140625,7.143538629928715
2016-10-24,1262.0,7.140453043101158
2016-10-25,1271.9000244140625,7.148267143652393
2016-10-26,1264.800048828125,7.142669324500673
2016-10-27,1267.9000244140625,7.1451172867894135
2016-10-28,1275.5,7.1510935375818665
2016-10-31,1271.5,7.147952584862174
2016-11-01,1286.4000244140625,7.159602917403295
2016-11-02,1306.800048828125,7.1753367170915645
2016-11-03,1302.0999755859375,7.171733605984922
2016-11-04,1303.300048828125,7.172654826001666
2016-11-07,1278.300048828125,7.153286387371679
2016-11-08,1273.4000244140625,7.149445786755268
2016-11-09,1272.5999755859375,7.1488173116142955
2016-11-10,1265.5,7.143222579985179
2016-11-14,1221.199951171875,7.107589220876997
2016-11-15,1224.0,7.1098794630722715
2016-11-16,1223.4000244140625,7.109389166764376
2016-11-17,1216.5,7.103733162223577
2016-11-18,1208.5,7.097135200143538
2016-11-21,1209.5999755859375,7.098044985241685
2016-11-22,1211.0,7.099201743553092
2016-11-23,1189.0999755859375,7.080951976911986
2016-11-25,1178.199951171875,7.0717430876446015
2016-11-28,1190.5999755859375,7.082212640213609
2016-11-29,1187.9000244140625,7.079942341847781
2016-11-30,1170.800048828125,7.0654425965226535
2016-12-01,1166.9000244140625,7.062105959734216
2016-12-02,1175.0999755859375,7.069108508563738
2016-12-05,1174.0,7.068172000388042
2016-12-06,1167.5999755859375,7.062705618070348
2016-12-07,1175.0,7.069023426578259
2016-12-08,1169.800048828125,7.0645881147495
2016-12-09,1159.4000244140625,7.05565792996313
2016-12-12,1163.5,7.059187982742347
2016-12-13,1156.699951171875,7.053326360088054
2016-12-14,1161.300048828125,7.057295388297802
2016-12-15,1127.800048828125,7.028024154668102
2016-12-16,1135.300048828125,7.034652255179494
2016-12-19,1140.5,7.039222041724443
2016-12-20,1131.5,7.031299465073592
2016-12-21,1131.0999755859375,7.0309458679529815
2016-12-22,1128.800048828125,7.02891044379527
2016-12-23,1131.9000244140625,7.031652937207473
2016-12-27,1137.300048828125,7.036412354123771
2016-12-28,1139.4000244140625,7.038257108473417
2016-12-29,1156.4000244140625,7.053067031254317
2016-12-30,1150.0,7.047517221357296
2017-01-03,1160.4000244140625,7.0565200732866
2017-01-04,1163.800048828125,7.059445834178338
2017-01-05,1179.699951171875,7.073015406457506
2017-01-06,1171.9000244140625,7.066381663097445
2017-01-09,1183.5,7.0762314289540384
2017-01-10,1184.199951171875,7.076822678864669
2017-01-11,1195.5999755859375,7.086403409989858
2017-01-12,1198.9000244140625,7.089159769077327
2017-01-13,1195.300048828125,7.086152519734035
2017-01-17,1212.0,7.10002716662926
2017-01-18,1211.300048828125,7.099449482333269
2017-01-19,1200.9000244140625,7.090826574996442
2017-01-20,1204.300048828125,7.093653804811252
2017-01-23,1215.0,7.102499355774649
2017-01-24,1210.300048828125,7.098623582088377
2017-01-25,1197.300048828125,7.0878243415046605
2017-01-26,1189.5,7.081288329743012
2017-01-27,1188.0999755859375,7.0801106509154135
2017-01-30,1193.199951171875,7.084394011718597
2017-01-31,1208.5999755859375,7.097217923727174
2017-02-01,1205.5999755859375,7.094732627061736
2017-02-02,1216.699951171875,7.103897514661797
2017-02-03,1218.5,7.1053758730652605
2017-02-06,1230.0,7.114769448366463
2017-02-07,1234.199951171875,7.118178226324395
2017-02-08,1237.5999755859375,7.120929279531915
2017-02-09,1235.0999755859375,7.118907197677097
2017-02-10,1234.4000244140625,7.1183403208270315
2017-02-13,1224.4000244140625,7.11020622701087
2017-02-14,1223.9000244140625,7.109797780336052
2017-02-15,1231.699951171875,7.116150568304566
2017-02-16,1240.0,7.122866658599083
2017-02-17,1237.5999755859375,7.120929279531915
2017-02-21,1237.5,7.120848494442845
2017-02-22,1232.0,7.116394144093465
2017-02-23,1250.199951171875,7.13105877844146
2017-02-24,1256.9000244140625,7.136403670354821
2017-02-27,1257.4000244140625,7.136801395365266
2017-02-28,1252.5999755859375,7.132976650600603
2017-03-01,1248.9000244140625,7.130018462417492
2017-03-02,1231.9000244140625,7.116312991786146
2017-03-03,1225.5,7.111104202968168
2017-03-06,1224.5,7.110287876392222
2017-03-07,1215.0999755859375,7.102581636822341
2017-03-08,1208.5,7.097135200143538
2017-03-09,1202.4000244140625,7.092074858743207
2017-03-10,1200.699951171875,7.090659958370289
2017-03-13,1202.4000244140625,7.092074858743207
2017-03-14,1201.9000244140625,7.0916589372716325
2017-03-15,1200.0999755859375,7.090160145294039
2017-03-16,1226.5,7.111919863698544
2017-03-17,1229.800048828125,7.1146068732234875
2017-03-20,1233.5999755859375,7.117691983018158
2017-03-21,1246.0999755859375,7.127773933356443
2017-03-22,1249.300048828125,7.13033871252217
2017-03-23,1246.9000244140625,7.1284157695823485
2017-03-24,1248.199951171875,7.129457753381111
2017-03-27,1255.4000244140625,7.135209545330669
2017-03-28,1255.300048828125,7.135129905721736
2017-03-29,1253.4000244140625,7.133615157268844
2017-03-30,1245.0,7.126890808898808
2017-03-31,1247.300048828125,7.128736533278721
2017-04-03,1250.800048828125,7.131538664621202
2017-04-04,1255.0,7.134890851565884
2017-04-05,1245.4000244140625,7.127212062041742
2017-04-06,1250.300048828125,7.1311388405540805
2017-04-07,1254.300048828125,7.134332965959214
2017-04-10,1251.0999755859375,7.131778423809276
2017-04-11,1271.199951171875,7.147716576811457
2017-04-12,1275.300048828125,7.150936762320413
2017-04-13,1285.9000244140625,7.159214160262366
2017-04-17,1289.4000244140625,7.161932291810956
2017-04-18,1291.699951171875,7.163714421436525
2017-04-19,1281.4000244140625,7.155708528257568
2017-04-20,1281.9000244140625,7.156098650363305
2017-04-21,1287.4000244140625,7.160379978582367
2017-04-24,1275.800048828125,7.151328750080409
2017-04-25,1265.5999755859375,7.143301577722885
2017-04-26,1262.0999755859375,7.140532259920585
2017-04-27,1263.699951171875,7.141799166125618
2017-04-28,1266.0999755859375,7.143696569243321
2017-05-01,1253.300048828125,7.133535390577122
2017-05-02,1255.0999755859375,7.134970510214514
2017-05-03,1246.4000244140625,7.128014694704146
2017-05-04,1226.5,7.111919863698544
2017-05-05,1224.800048828125,7.110532884209676
2017-05-08,1225.300048828125,7.110941030805335
2017-05-09,1214.300048828125,7.101923098270697
2017-05-10,1217.300048828125,7.104390610527375
2017-05-11,1222.699951171875,7.108816767215471
2017-05-12,1226.199951171875,7.1116751955079005
2017-05-15,1228.5999755859375,7.113630568858378
2017-05-16,1235.0,7.118826249062078
2017-05-17,1257.5,7.136880901973894
2017-05-18,1251.699951171875,7.13225786732453
2017-05-19,1252.699951171875,7.133056461871838
2017-05-22,1260.699951171875,7.13942236250626
2017-05-23,1254.800048828125,7.134731515229596
2017-05-24,1252.4000244140625,7.1328170089460725
2017-05-25,1255.800048828125,7.135528137562096
2017-05-26,1267.5999755859375,7.144880608556697
2017-05-30,1262.0999755859375,7.140532259920585
2017-05-31,1272.0,7.148345743900068
2017-06-01,1267.0,7.144407180321139
2017-06-02,1276.800048828125,7.152112264938123
2017-06-05,1279.300048828125,7.154068370490834
2017-06-06,1294.4000244140625,7.1658025651655235
2017-06-07,1290.0999755859375,7.162474994806928
2017-06-08,1276.300048828125,7.151720584246205
2017-06-09,1268.5,7.145590379039336
2017-06-12,1266.0999755859375,7.143696569243321
2017-06-13,1265.800048828125,7.1434596509161175
2017-06-14,1272.800048828125,7.14897451538634
2017-06-15,1252.199951171875,7.132657244317339
2017-06-16,1254.0,7.134093721192866
2017-06-19,1244.199951171875,7.126247992836324
2017-06-20,1241.0,7.123672785204607
2017-06-21,1243.4000244140625,7.125604861470159
2017-06-22,1247.5999755859375,7.128976965164826
2017-06-23,1256.199951171875,7.135846531150573
2017-06-26,1246.300048828125,7.127934480010799
2017-06-27,1246.4000244140625,7.128014694704146
2017-06-28,1248.0,7.129297548929373
2017-06-29,1244.199951171875,7.126247992836324
2017-06-30,1240.699951171875,7.1234309760935215
2017-07-03,1217.9000244140625,7.104883363139097
2017-07-05,1220.4000244140625,7.106933972847482
2017-07-06,1222.199951171875,7.1084077525098035
2017-07-07,1208.5999755859375,7.097217923727174
2017-07-10,1212.0999755859375,7.100109651334512
2017-07-11,1213.5999755859375,7.101346407917264
2017-07-12,1218.0999755859375,7.1050475266631725
2017-07-13,1216.300048828125,7.103568782769194
2017-07-14,1226.5999755859375,7.112001373288033
2017-07-17,1232.800048828125,7.117043323613404
2017-07-18,1241.0999755859375,7.123753342464165
2017-07-19,1241.199951171875,7.1238338932347745
2017-07-20,1244.800048828125,7.126730192649805
2017-07-21,1254.300048828125,7.134332965959214
2017-07-24,1253.9000244140625,7.134013992666994
2017-07-25,1251.699951171875,7.13225786732453
2017-07-26,1249.0,7.130098510125578
2017-07-27,1259.5999755859375,7.1385494698444765
2017-07-28,1268.4000244140625,7.145511561912112
2017-07-31,1266.5999755859375,7.144091404807055
2017-08-01,1272.5999755859375,7.1488173116142955
2017-08-02,1271.800048828125,7.148188537226234
2017-08-03,1267.800048828125,7.145038432364125
2017-08-04,1258.300048828125,7.137516921402757
2017-08-07,1258.199951171875,7.137437368328008
2017-08-08,1256.4000244140625,7.13600578709625
2017-08-09,1273.0,7.149131598557407
2017-08-10,1283.699951171875,7.157501774053858
2017-08-11,1287.699951171875,7.160612922360871
2017-08-14,1284.199951171875,7.157891197337735
2017-08-15,1273.699951171875,7.149681291260057
2017-08-16,1276.9000244140625,7.152190563550428
2017-08-17,1286.4000244140625,7.159602917403295
2017-08-18,1285.699951171875,7.15905855811235
2017-08-21,1290.800048828125,7.1630174980056065
2017-08-22,1285.0999755859375,7.158591796315303
2017-08-23,1288.9000244140625,7.161544439352515
2017-08-24,1286.5,7.159680631721799
2017-08-25,1292.5,7.164333606382584
2017-08-28,1309.699951171875,7.177553345053441
2017-08-29,1313.0999755859375,7.180146014272268
2017-08-30,1308.0999755859375,7.176330963030423
2017-08-31,1316.199951171875,7.182504038924217
2017-09-01,1324.5,7.188790308712124
2017-09-05,1339.199951171875,7.199827663274544
2017-09-06,1333.9000244140625,7.195862279449766
2017-09-07,1345.0999755859375,7.204223620564166
2017-09-08,1346.0,7.204892510204673
2017-09-11,1331.0,7.193685818395112
2017-09-12,1328.0,7.191429330036379
2017-09-13,1323.4000244140625,7.187959480025944
2017-09-14,1324.699951171875,7.188941260830455
2017-09-15,1320.4000244140625,7.185690018468937
2017-09-18,1306.300048828125,7.1749540298714685
2017-09-19,1306.199951171875,7.174877400086743
2017-09-20,1312.0,7.179307969504034
2017-09-21,1290.5999755859375,7.162862486584908
2017-09-22,1293.300048828125,7.164952408175876
2017-09-25,1306.800048828125,7.1753367170915645
2017-09-26,1297.0,7.167809184316444
2017-09-27,1283.4000244140625,7.157268104339371
2017-09-28,1285.5,7.158903026705945
2017-09-29,1281.5,7.155786545804125
2017-10-02,1272.699951171875,7.1488958686322235
2017-10-03,1271.5,7.147952584862174
2017-10-04,1273.699951171875,7.149681291260057
2017-10-05,1269.9000244140625,7.146693455420173
2017-10-06,1271.5999755859375,7.148031209837164
2017-10-09,1281.800048828125,7.15602065716353
2017-10-10,1290.5999755859375,7.162862486584908
2017-10-11,1285.800048828125,7.1591364096824845
2017-10-12,1293.300048828125,7.164952408175876
2017-10-13,1301.5,7.17127272443462
2017-10-16,1299.9000244140625,7.170042636195466
2017-10-17,1283.0,7.1569563646156364
2017-10-18,1279.9000244140625,7.154537247936722
2017-10-19,1286.9000244140625,7.159991523470839
2017-10-20,1277.4000244140625,7.152582060239797
2017-10-23,1277.699951171875,7.152816827381636
2017-10-24,1275.0,7.150701457592526
2017-10-25,1275.4000244140625,7.15101515302345
2017-10-26,1266.300048828125,7.143854580016244
2017-10-27,1268.5,7.145590379039336
2017-10-30,1274.0999755859375,7.149995306825525
2017-10-31,1267.0,7.144407180321139
2017-11-01,1274.0999755859375,7.149995306825525
2017-11-02,1274.9000244140625,7.150623042293863
2017-11-03,1266.5,7.14401246944173
2017-11-06,1279.4000244140625,7.154146516098468
2017-11-07,1273.699951171875,7.149681291260057
2017-11-08,1281.5999755859375,7.155864557264421
2017-11-09,1285.5999755859375,7.1589807954329
2017-11-10,1272.4000244140625,7.1486601790624
2017-11-13,1277.300048828125,7.152503792276339
2017-11-14,1281.5,7.155786545804125
2017-11-15,1276.5,7.151877236681538
2017-11-16,1277.4000244140625,7.152582060239797
2017-11-17,1295.800048828125,7.166883581697694
2017-11-20,1274.5999755859375,7.1503876637259
2017-11-21,1281.0999755859375,7.155474343805278
2017-11-22,1291.5999755859375,7.163637019981935
2017-11-24,1286.699951171875,7.159836042242607
2017-11-27,1293.800048828125,7.1653389413499715
2017-11-28,1294.699951171875,7.166034249350748
2017-11-29,1282.0999755859375,7.156254618516409
2017-11-30,1273.199951171875,7.149288657057226
2017-12-01,1278.800048828125,7.153677455368455
2017-12-04,1274.300048828125,7.150152325535839
2017-12-05,1261.5999755859375,7.140136016297162
2017-12-06,1262.800048828125,7.1410867953503905
2017-12-07,1249.800048828125,7.130738856563732
2017-12-08,1245.199951171875,7.127051399354374
2017-12-11,1243.699951171875,7.125846047399322
2017-12-12,1238.5,7.121656248929415
2017-12-13,1245.4000244140625,7.127212062041742
2017-12-14,1253.800048828125,7.133934257783977
2017-12-15,1254.300048828125,7.134332965959214
2017-12-18,1262.199951171875,7.1406114704652035
2017-12-19,1260.699951171875,7.13942236250626
2017-12-20,1266.0999755859375,7.143696569243321
2017-12-21,1267.300048828125,7.144643970617273
2017-12-22,1275.4000244140625,7.15101515302345
2017-12-26,1284.0999755859375,7.157813343824642
2017-12-27,1287.0,7.160069207596127
2017-12-28,1294.0999755859375,7.165570732961955
2017-12-29,1306.300048828125,7.1749540298714685
2018-01-02,1313.699951171875,7.180602825307063
2018-01-03,1316.199951171875,7.182504038924217
2018-01-04,1319.4000244140625,7.184932385292683
2018-01-05,1320.300048828125,7.185614299467753
2018-01-08,1318.5999755859375,7.18432582816406
2018-01-09,1311.699951171875,7.179079247596029
2018-01-10,1317.4000244140625,7.183415394738597
2018-01-11,1320.5999755859375,7.185841439273372
2018-01-12,1333.4000244140625,7.195487368493591
2018-01-16,1335.4000244140625,7.196986169705978
2018-01-17,1338.0,7.198931240688173
2018-01-18,1326.0,7.189922170745808
2018-01-19,1331.9000244140625,7.194361791537236
2018-01-22,1330.9000244140625,7.193610702436535
2018-01-23,1335.699951171875,7.1972107414268525
2018-01-24,1355.9000244140625,7.212220737474062
2018-01-25,1362.4000244140625,7.217003147268372
2018-01-26,1351.5999755859375,7.209044336777052
2018-01-30,1335.4000244140625,7.196986169705978
2018-01-31,1339.0,7.199678345691172
2018-02-01,1344.300048828125,7.203628746782549
2018-02-02,1333.699951171875,7.195712277017322
2018-02-05,1333.0,7.195187320178709
2018-02-06,1326.0999755859375,7.1899975642731295
2018-02-07,1311.5999755859375,7.179003026356539
2018-02-08,1316.9000244140625,7.183035787255215
2018-02-09,1313.0999755859375,7.180146014272268
2018-02-12,1324.199951171875,7.188563745617067
2018-02-13,1328.0999755859375,7.191504610023506
2018-02-14,1355.5,7.21192566893872
2018-02-15,1352.0999755859375,7.209414200308309
2018-02-16,1353.199951171875,7.210227400823102
2018-02-20,1328.800048828125,7.192031595045115
2018-02-21,1330.0,7.1929342212158
2018-02-22,1330.5999755859375,7.1933852289596265
2018-02-23,1328.199951171875,7.191579884343983
2018-02-26,1330.699951171875,7.193460361856133
2018-02-27,1315.5,7.181972100480348
2018-02-28,1315.5,7.181972100480348
2018-03-01,1302.9000244140625,7.172347846947133
2018-03-02,1321.0999755859375,7.186219983404206
2018-03-05,1318.0999755859375,7.183946566196258
2018-03-06,1333.5999755859375,7.195637313129699
2018-03-07,1326.0,7.189922170745808
2018-03-08,1319.9000244140625,7.185311273631812
2018-03-09,1322.4000244140625,7.187203564968749
2018-03-12,1319.4000244140625,7.184932385292683
2018-03-13,1325.9000244140625,7.189846771533873
2018-03-14,1324.4000244140625,7.188714824107146
2018-03-15,1316.800048828125,7.182959867003701
2018-03-16,1311.300048828125,7.178774327773803
2018-03-19,1316.800048828125,7.182959867003701
2018-03-20,1311.0999755859375,7.178621739884303
2018-03-21,1320.699951171875,7.18591714107836
2018-03-22,1326.5999755859375,7.190374538687971
2018-03-23,1349.300048828125,7.207341254624486
2018-03-26,1354.4000244140625,7.211113848844666
2018-03-27,1341.300048828125,7.2013946083116265
2018-03-28,1324.199951171875,7.188563745617067
2018-03-29,1322.800048828125,7.187506018020341
2018-04-02,1342.0999755859375,7.201990812212818
2018-04-03,1332.800048828125,7.195037308048326
2018-04-04,1335.800048828125,7.197285678845005
2018-04-05,1324.300048828125,7.188639333803812
2018-04-06,1331.9000244140625,7.194361791537236
2018-04-09,1336.300048828125,7.197659916326807
2018-04-10,1342.0,7.201916317531627
2018-04-11,1356.5,7.212663132098986
2018-04-12,1338.4000244140625,7.199230167913845
2018-04-13,1344.800048828125,7.204000618403243
2018-04-16,1347.5,7.206006302783152
2018-04-17,1347.199951171875,7.205783607243907
2018-04-18,1351.199951171875,7.20874832935673
2018-04-19,1346.800048828125,7.205486723541838
2018-04-20,1336.699951171875,7.1979591324485686
2018-04-23,1322.5,7.1872791637324545
2018-04-24,1331.4000244140625,7.193986317503739
2018-04-25,1321.199951171875,7.186295656559228
2018-04-26,1316.300048828125,7.182580086526343
2018-04-27,1320.300048828125,7.185614299467753
2018-04-30,1316.199951171875,7.182504038924217
2018-05-01,1303.800048828125,7.173038393941063
2018-05-02,1302.5999755859375,7.172117527369738
2018-05-03,1310.699951171875,7.178316587372028
2018-05-04,1312.699951171875,7.179841326612648
2018-05-07,1312.199951171875,7.17946035969989
2018-05-08,1312.0,7.179307969504034
2018-05-09,1311.300048828125,7.178774327773803
2018-05-10,1320.800048828125,7.185992929574516
2018-05-11,1319.0,7.1846291527173145
2018-05-14,1316.5,7.182731978936364
2018-05-15,1288.9000244140625,7.161544439352515
2018-05-16,1290.199951171875,7.162552486252748
2018-05-17,1288.199951171875,7.1610011362086405
2018-05-18,1290.199951171875,7.162552486252748
2018-05-21,1290.199951171875,7.162552486252748
2018-05-22,1291.699951171875,7.163714421436525
2018-05-23,1289.300048828125,7.161854752288601
2018-05-24,1303.699951171875,7.172961617215234
2018-05-25,1303.300048828125,7.172654826001666
2018-05-29,1298.699951171875,7.16911900551835
2018-05-30,1301.5,7.17127272443462
2018-05-31,1300.0999755859375,7.17019644478952
2018-06-01,1294.800048828125,7.166111559763029
2018-06-04,1293.0999755859375,7.164797696421547
2018-06-05,1297.5,7.1681946150400435
2018-06-06,1297.0999755859375,7.167886263524592
2018-06-07,1298.699951171875,7.16911900551835
2018-06-08,1298.0999755859375,7.168656917091413
2018-06-11,1298.9000244140625,7.16927305020919
2018-06-12,1295.0999755859375,7.166343172378439
2018-06-13,1296.9000244140625,7.167732099166634
2018-06-14,1304.0,7.1731917424865985
2018-06-15,1274.5999755859375,7.1503876637259
2018-06-18,1276.199951171875,7.151642153173687
2018-06-19,1275.5999755859375,7.151171915996625
2018-06-20,1271.199951171875,7.147716576811457
2018-06-21,1267.199951171875,7.144564982527865
2018-06-22,1267.4000244140625,7.144722856152524
2018-06-25,1265.5999755859375,7.143301577722885
2018-06-26,1256.5999755859375,7.13616492054018
2018-06-27,1252.800048828125,7.133136364211733
2018-06-28,1247.800048828125,7.1291373188080565
2018-06-29,1251.300048828125,7.131938328892926
2018-07-02,1239.800048828125,7.122705394651691
2018-07-03,1251.5999755859375,7.132177992288445
2018-07-05,1257.300048828125,7.136721882434834
2018-07-06,1254.300048828125,7.134332965959214
2018-07-09,1258.0999755859375,7.137357905951583
2018-07-10,1253.800048828125,7.133934257783977
2018-07-11,1242.800048828125,7.125122216807695
2018-07-12,1245.0,7.126890808898808
2018-07-13,1239.5999755859375,7.1225440062184795
2018-07-16,1238.0999755859375,7.121333205707671
2018-07-17,1225.699951171875,7.1112673485101885
2018-07-18,1226.300048828125,7.111756824585418
2018-07-19,1222.4000244140625,7.108571438384493
2018-07-20,1229.5,7.1143628616562475
2018-07-23,1224.0,7.1098794630722715
2018-07-24,1223.9000244140625,7.109797780336052
2018-07-25,1231.4000244140625,7.115907032303374
2018-07-26,1225.300048828125,7.110941030805335
2018-07-27,1222.5999755859375,7.108734997625655
2018-07-30,1221.300048828125,7.1076711841574935
2018-07-31,1223.699951171875,7.109634295089583
2018-08-01,1217.9000244140625,7.104883363139097
2018-08-02,1210.5999755859375,7.098871363290676
2018-08-03,1214.199951171875,7.101840662482097
2018-08-06,1208.5999755859375,7.097217923727174
2018-08-07,1209.5999755859375,7.098044985241685
2018-08-08,1212.5999755859375,7.100522073503981
2018-08-09,1211.9000244140625,7.09994467511972
2018-08-10,1211.0999755859375,7.0992842963684195
2018-08-13,1191.300048828125,7.082800467792577
2018-08-14,1193.0,7.084226422097916
2018-08-15,1177.5,7.071148825890573
2018-08-16,1176.199951171875,7.0700441405124
2018-08-17,1176.5,7.070299208167417
2018-08-20,1186.800048828125,7.07901592955934
2018-08-21,1192.5999755859375,7.0838910562177135
2018-08-22,1196.300048828125,7.086988779992811
2018-08-23,1187.0,7.079184394609668
2018-08-24,1206.300048828125,7.095313143048934
2018-08-27,1209.0,7.097548850614793
2018-08-28,1207.4000244140625,7.096224586582686
2018-08-29,1204.5,7.093819822054926
2018-08-30,1197.699951171875,7.088158289185217
2018-08-31,1200.300048828125,7.090326845211233
2018-09-04,1192.699951171875,7.083974882645472
2018-09-05,1194.9000244140625,7.085817799287596
2018-09-06,1197.9000244140625,7.088325323118004
2018-09-07,1193.5999755859375,7.0847292089953555
2018-09-10,1193.0,7.084226422097916
2018-09-11,1195.4000244140625,7.086236156813495
2018-09-12,1204.699951171875,7.09398581174145
2018-09-13,1202.0,7.091742115095153
2018-09-14,1195.0,7.085901464365611
2018-09-17,1199.699951171875,7.089826763820603
2018-09-18,1196.800048828125,7.087406648019114
2018-09-19,1202.199951171875,7.091908449989418
2018-09-20,1206.199951171875,7.095230160535933
2018-09-21,1196.199951171875,7.08690510379109
2018-09-24,1199.300048828125,7.089493372951528
2018-09-25,1200.0,7.090076835776092
2018-09-26,1194.0,7.085064293952548
2018-09-27,1182.300048828125,7.075217014168335
2018-09-28,1191.5,7.082968296538797
2018-10-01,1187.0999755859375,7.07926861649335
2018-10-02,1202.4000244140625,7.092074858743207
2018-10-03,1198.300048828125,7.088659205436301
2018-10-04,1197.199951171875,7.0877407351932735
2018-10-05,1201.199951171875,7.09107629545972
2018-10-08,1184.4000244140625,7.076991616840457
2018-10-09,1187.199951171875,7.079352831284304
2018-10-10,1189.300048828125,7.081120218789387
2018-10-11,1223.5,7.109470882882726
2018-10-12,1218.0999755859375,7.1050475266631725
2018-10-15,1226.4000244140625,7.1118383474647
2018-10-16,1227.300048828125,7.112571953388457
2018-10-17,1223.699951171875,7.109634295089583
2018-10-18,1226.5,7.111919863698544
2018-10-19,1225.300048828125,7.110941030805335
2018-10-22,1221.199951171875,7.107589220876997
2018-10-23,1233.4000244140625,7.1175298823515085
2018-10-24,1227.800048828125,7.112979268762189
2018-10-25,1229.0999755859375,7.114037453357569
2018-10-26,1232.5,7.116799905916845
2018-10-29,1224.5,7.110287876392222
2018-10-30,1222.5999755859375,7.108734997625655
2018-10-31,1212.300048828125,7.100274701029799
2018-11-01,1236.0,7.119635638017636
2018-11-02,1230.9000244140625,7.115500907950568
2018-11-05,1229.800048828125,7.1146068732234875
2018-11-06,1223.800048828125,7.1097160909272175
2018-11-07,1226.199951171875,7.1116751955079005
2018-11-08,1222.9000244140625,7.108980386159395
2018-11-09,1206.4000244140625,7.095396017490812
2018-11-12,1201.300048828125,7.091159623373399
2018-11-13,1199.199951171875,7.089409906071138
2018-11-14,1207.9000244140625,7.096638613823222
2018-11-15,1212.800048828125,7.1006870551487635
2018-11-16,1220.800048828125,7.107261700527018
2018-11-19,1223.0999755859375,7.10914387853251
2018-11-20,1219.0,7.105786129481271
2018-11-21,1225.800048828125,7.111349010885311
2018-11-23,1221.0,7.107425474110705
2018-11-26,1220.199951171875,7.106770018701258
2018-11-27,1211.199951171875,7.099366842369342
2018-11-28,1221.4000244140625,7.107753040777623
2018-11-29,1224.0999755859375,7.109961139136966
2018-11-30,1220.199951171875,7.106770018701258
2018-12-03,1233.9000244140625,7.117935183690583
2018-12-04,1241.0999755859375,7.123753342464165
2018-12-06,1238.0999755859375,7.121333205707671
2018-12-07,1246.800048828125,7.128335587055938
2018-12-10,1243.699951171875,7.125846047399322
2018-12-11,1241.9000244140625,7.124397763612625
2018-12-12,1244.4000244140625,7.126408784642625
2018-12-13,1242.699951171875,7.125041671519983
2018-12-14,1237.0,7.1204443723924875
2018-12-17,1247.4000244140625,7.128816683663982
2018-12-18,1249.199951171875,7.130258586321407
2018-12-19,1252.0999755859375,7.132577401176409
2018-12-20,1263.5999755859375,7.141720049606893
2018-12-21,1253.800048828125,7.133934257783977
2018-12-24,1267.5,7.144801735465339
2018-12-26,1269.199951171875,7.146142021237464
2018-12-27,1277.300048828125,7.152503792276339
2018-12-28,1279.9000244140625,7.154537247936722
2018-12-31,1278.300048828125,7.153286387371679
2019-01-02,1281.0,7.155396301896734
2019-01-03,1291.800048828125,7.163791911396889
2019-01-04,1282.699951171875,7.156722472239129
2019-01-07,1286.800048828125,7.1599138333102585
2019-01-08,1283.199951171875,7.157112199060406
2019-01-09,1289.300048828125,7.161854752288601
2019-01-10,1284.699951171875,7.158280469030149
2019-01-11,1287.0999755859375,7.16014688568706
2019-01-14,1289.0999755859375,7.161699560510216
2019-01-15,1286.199951171875,7.159447375737673
2019-01-16,1291.5999755859375,7.163637019981935
2019-01-17,1291.0,7.1631723908466425
2019-01-18,1281.300048828125,7.155630504623799
2019-01-22,1282.5,7.1565665770449245
2019-01-23,1283.0999755859375,7.157034284873568
2019-01-24,1279.0999755859375,7.15391196551844
2019-01-25,1297.4000244140625,7.168117559596638
2019-01-28,1302.4000244140625,7.171964013993716
2019-01-29,1308.199951171875,7.176407388202448
2019-01-30,1309.9000244140625,7.177706096041715
2019-01-31,1319.699951171875,7.185159680023371
2019-02-01,1316.9000244140625,7.183035787255215
2019-02-04,1314.300048828125,7.181059520639392
2019-02-05,1314.199951171875,7.180983357309509
2019-02-06,1309.5,7.1774006639477665
2019-02-07,1309.4000244140625,7.177324314652219
2019-02-08,1313.699951171875,7.180602825307063
2019-02-11,1307.0,7.175489713624222
2019-02-12,1309.199951171875,7.177171505330871
2019-02-13,1310.800048828125,7.178392954075289
2019-02-14,1309.800048828125,7.177629770063022
2019-02-15,1318.0999755859375,7.183946566196258
2019-02-19,1340.0999755859375,7.200499498808092
2019-02-20,1343.300048828125,7.202884588418349
2019-02-21,1323.5,7.188035021667156
2019-02-22,1329.199951171875,7.192332499745467
2019-02-25,1325.9000244140625,7.189846771533873
2019-02-26,1325.0999755859375,7.189243188846273
2019-02-27,1317.699951171875,7.183643034495636
2019-02-28,1312.800048828125,7.17991757696976
2019-03-01,1296.4000244140625,7.167346490099591
2019-03-04,1284.800048828125,7.158358381196953
2019-03-05,1282.0,7.156176637480615
2019-03-06,1284.9000244140625,7.158436192290184
2019-03-07,1283.800048828125,7.157579746911736
2019-03-08,1297.0,7.167809184316444
2019-03-11,1288.800048828125,7.161466869749267
2019-03-12,1296.300048828125,7.167269369273299
2019-03-13,1307.5,7.175872195939078
2019-03-14,1293.4000244140625,7.165029707888372
2019-03-15,1301.800048828125,7.171503238646448
2019-03-18,1300.300048828125,7.170350323608704
2019-03-19,1305.0,7.173958319756794
2019-03-20,1300.5,7.170504084888706
2019-03-21,1306.0999755859375,7.174800857891137
2019-03-22,1311.5999755859375,7.179003026356539
2019-03-25,1321.9000244140625,7.186825393054272
2019-03-26,1314.300048828125,7.181059520639392
2019-03-27,1309.9000244140625,7.177706096041715
2019-03-28,1289.800048828125,7.162242484433405
2019-03-29,1293.0,7.164720378771857
2019-04-01,1288.4000244140625,7.161156436406176
2019-04-02,1290.0,7.162397497355718
2019-04-03,1289.9000244140625,7.162319993898187
2019-04-04,1289.0,7.161622002939187
2019-04-05,1290.4000244140625,7.162707545730762
2019-04-08,1297.0999755859375,7.167886263524592
2019-04-09,1303.5,7.172808233373557
2019-04-10,1309.0999755859375,7.177095138536552
2019-04-11,1288.5999755859375,7.161311617758351
2019-04-12,1290.5999755859375,7.162862486584908
2019-04-15,1286.800048828125,7.1599138333102585
2019-04-16,1272.5999755859375,7.1488173116142955
2019-04-17,1272.199951171875,7.1485029258638475
2019-04-18,1271.9000244140625,7.148267143652393
2019-04-22,1273.5,7.149524294419511
2019-04-23,1269.300048828125,7.146220884862676
2019-04-24,1275.5,7.1510935375818665
2019-04-25,1275.800048828125,7.151328750080409
2019-04-26,1284.9000244140625,7.158436192290184
2019-04-29,1278.5999755859375,7.153520989238255
2019-04-30,1282.800048828125,7.156800505882708
2019-05-01,1281.4000244140625,7.155708528257568
2019-05-02,1269.699951171875,7.146535892619318
2019-05-03,1279.199951171875,7.1539901233489145
2019-05-06,1281.699951171875,7.155942562639401
2019-05-07,1283.5,7.157346000311195
2019-05-08,1279.4000244140625,7.154146516098468
2019-05-09,1283.5,7.157346000311195
2019-05-10,1285.699951171875,7.15905855811235
2019-05-13,1300.0999755859375,7.17019644478952
2019-05-14,1294.699951171875,7.166034249350748
2019-05-15,1296.300048828125,7.167269369273299
2019-05-16,1285.0,7.158513997329321
2019-05-17,1274.5,7.15030922381617
2019-05-20,1276.0999755859375,7.151563811608152
2019-05-21,1272.0,7.148345743900068
2019-05-22,1273.5999755859375,7.149602795920785
2019-05-23,1284.800048828125,7.158358381196953
2019-05-24,1283.0,7.1569563646156364
2019-05-28,1276.5,7.151877236681538
2019-05-29,1280.5999755859375,7.155083978020151
2019-05-30,1287.0999755859375,7.16014688568706
2019-05-31,1305.800048828125,7.174571196145797
2019-06-03,1322.699951171875,7.187430344116506
2019-06-04,1323.4000244140625,7.187959480025944
2019-06-05,1328.300048828125,7.191655244898319
2019-06-06,1337.5999755859375,7.198632224078297
2019-06-07,1341.199951171875,7.201319978185777
2019-06-10,1324.699951171875,7.188941260830455
2019-06-11,1326.4000244140625,7.19022380278729
2019-06-12,1331.9000244140625,7.194361791537236
2019-06-13,1339.199951171875,7.199827663274544
2019-06-14,1340.0999755859375,7.200499498808092
2019-06-17,1338.699951171875,7.199454236317567
2019-06-18,1346.5999755859375,7.2053381579810285
2019-06-19,1344.5999755859375,7.203851831877817
2019-06-20,1392.9000244140625,7.239143201221491
2019-06-21,1396.199951171875,7.241509504564144
2019-06-24,1414.300048828125,7.254390022551042
2019-06-25,1414.9000244140625,7.254814153456881
2019-06-26,1411.5999755859375,7.2524790745058025
2019-06-27,1408.4000244140625,7.250209604615506
2019-06-28,1409.699951171875,7.251132160139633
2019-07-01,1385.5999755859375,7.233888520188322
2019-07-02,1404.5999755859375,7.247507826343415
2019-07-03,1417.699951171875,7.256791084681796
2019-07-05,1396.699951171875,7.241867555352088
2019-07-08,1397.0,7.242082359256962
2019-07-09,1397.5,7.242440205029254
2019-07-10,1410.0999755859375,7.251415885529474
2019-07-11,1404.300048828125,7.247294271744571
2019-07-12,1409.9000244140625,7.251274076187482
2019-07-15,1411.4000244140625,7.252337415864493
2019-07-16,1409.199951171875,7.2507774118175465
2019-07-17,1421.300048828125,7.259327259099518
2019-07-18,1426.0999755859375,7.262698707623261
2019-07-19,1425.0999755859375,7.261997248547693
2019-07-22,1425.300048828125,7.262137631119123
2019-07-23,1420.0999755859375,7.258482553459176
2019-07-24,1422.800048828125,7.260382074392633
2019-07-25,1413.9000244140625,7.254107139864972
2019-07-26,1418.5,7.257355254248906
2019-07-29,1419.5999755859375,7.258130403574495
2019-07-30,1429.699951171875,7.265219876882411
2019-07-31,1426.0999755859375,7.262698707623261
2019-08-01,1420.9000244140625,7.259045769826141
2019-08-02,1445.5999755859375,7.276279722389486
2019-08-05,1464.5999755859375,7.289337429957529
2019-08-06,1472.4000244140625,7.294649018086001
2019-08-07,1507.300048828125,7.318075282210914
2019-08-08,1497.699951171875,7.311685844396276
2019-08-09,1496.5999755859375,7.3109511313332405
2019-08-12,1505.300048828125,7.316747525303929
2019-08-13,1502.199951171875,7.314685946747501
2019-08-14,1515.9000244140625,7.323764617071298
2019-08-15,1519.5999755859375,7.3262024052473596
2019-08-16,1512.5,7.321519189904997
2019-08-19,1500.4000244140625,7.313487034479435
2019-08-20,1504.5999755859375,7.31628234489984
2019-08-21,1504.5999755859375,7.31628234489984
2019-08-22,1497.300048828125,7.311418797754455
2019-08-23,1526.5999755859375,7.330798303371927
2019-08-26,1526.300048828125,7.330601816912247
2019-08-27,1541.0,7.340186835320115
2019-08-28,1537.800048828125,7.338108134350015
2019-08-29,1526.5,7.330732812174933
2019-08-30,1519.0999755859375,7.325873317142218
2019-09-03,1545.9000244140625,7.3433615597950705
2019-09-04,1550.300048828125,7.346203771068236
2019-09-05,1515.4000244140625,7.323434725607912
2019-09-06,1506.199951171875,7.317345169249163
2019-09-09,1502.199951171875,7.314685946747501
2019-09-10,1490.300048828125,7.306732753718704
2019-09-11,1494.4000244140625,7.309480083811612
2019-09-12,1498.699951171875,7.3123533120706306
2019-09-13,1490.9000244140625,7.307135259809739
2019-09-16,1503.0999755859375,7.315284904896706
2019-09-17,1505.0999755859375,7.316614603937426
2019-09-18,1507.5,7.318207928601341
2019-09-19,1498.4000244140625,7.3121531674233
2019-09-20,1507.300048828125,7.318075282210914
2019-09-23,1523.699951171875,7.328896834429548
2019-09-24,1532.0999755859375,7.334394606386676
2019-09-25,1504.5999755859375,7.31628234489984
2019-09-26,1507.5,7.318207928601341
2019-09-27,1499.0999755859375,7.3126201907324555
2019-09-30,1465.699951171875,7.290088189719394
2019-10-01,1482.0,7.301147805856032
2019-10-02,1501.0,7.313886831633462
2019-10-03,1507.0999755859375,7.317942537226266
2019-10-04,1506.199951171875,7.317345169249163
2019-10-07,1497.699951171875,7.311685844396276
2019-10-08,1497.199951171875,7.311351943417312
2019-10-09,1506.0999755859375,7.317278791007682
2019-10-10,1494.800048828125,7.309747730276651
2019-10-11,1482.699951171875,7.301619996092082
2019-10-14,1491.699951171875,7.307671655426677
2019-10-15,1477.5999755859375,7.298174412362248
2019-10-16,1488.0,7.305188215393037
2019-10-17,1492.300048828125,7.308073865657468
2019-10-18,1488.199951171875,7.305322582152971
2019-10-21,1482.4000244140625,7.301417691440431
2019-10-22,1481.699951171875,7.300945323260565
2019-10-23,1489.9000244140625,7.30646429897967
2019-10-24,1498.9000244140625,7.312486801024536
2019-10-25,1499.5,7.312886998189064
2019-10-28,1490.0,7.306531398939505
2019-10-29,1487.0,7.304515946460155
2019-10-30,1493.199951171875,7.308676714340104
2019-10-31,1511.4000244140625,7.320791668739896
2019-11-01,1508.0,7.318539548567902
2019-11-04,1508.0,7.318539548567902
2019-11-05,1480.800048828125,7.30033779423344
2019-11-06,1490.199951171875,7.306665585353471
2019-11-07,1464.199951171875,7.289064263864553
2019-11-08,1461.300048828125,7.287081762894775
2019-11-11,1455.5,7.283104763185678
2019-11-12,1452.0999755859375,7.280766046723757
2019-11-13,1461.699951171875,7.287355387490222
2019-11-14,1471.800048828125,7.2942414536682865
2019-11-15,1467.300048828125,7.291179289490954
2019-11-18,1470.9000244140625,7.293629753923341
2019-11-19,1473.300048828125,7.295260094855319
2019-11-20,1473.300048828125,7.295260094855319
2019-11-21,1463.0999755859375,7.288312734697586
2019-11-22,1463.0999755859375,7.288312734697586
2019-11-25,1456.5999755859375,7.2838602150228215
2019-11-26,1459.800048828125,7.286054752466034
2019-11-27,1453.4000244140625,7.281660934980431
2019-11-29,1465.5999755859375,7.290019977261799
2019-12-02,1462.300048828125,7.287765851009151
2019-12-03,1478.199951171875,7.298580377318635
2019-12-04,1474.0,7.295735072749282
2019-12-05,1476.9000244140625,7.297700591962878
2019-12-06,1459.0999755859375,7.2855750695377015
2019-12-09,1459.300048828125,7.285712181133663
2019-12-10,1462.5999755859375,7.287970936144616
2019-12-11,1469.4000244140625,7.292609449801164
2019-12-12,1466.699951171875,7.2907702249615625
2019-12-13,1475.5999755859375,7.296819949177344
2019-12-16,1475.0,7.29641326877392
2019-12-17,1474.5999755859375,7.296142028999153
2019-12-18,1472.5999755859375,7.294784808355733
2019-12-19,1478.199951171875,7.298580377318635
2019-12-20,1474.699951171875,7.296209825146347
2019-12-23,1482.5,7.301485130871881
2019-12-24,1499.0999755859375,7.3126201907324555
2019-12-26,1509.300048828125,7.319401278516886
2019-12-27,1513.800048828125,7.3223783571304
2019-12-30,1514.5,7.322840630467292
2019-12-31,1519.5,7.326136612356848
2020-01-02,1524.5,7.329421766428309
2020-01-03,1549.199951171875,7.345493916122313
2020-01-06,1566.199951171875,7.356407551140662
2020-01-07,1571.800048828125,7.359976769497175
2020-01-08,1557.4000244140625,7.350773058819053
2020-01-09,1551.699951171875,7.347106351621934
2020-01-10,1557.5,7.350837250661608
2020-01-13,1548.4000244140625,7.344977434470777
2020-01-14,1542.4000244140625,7.341094939684901
2020-01-15,1552.0999755859375,7.347364115927442
2020-01-16,1549.0,7.3453648404168685
2020-01-17,1558.800048828125,7.351671604788729
2020-01-21,1556.4000244140625,7.350130756796638
2020-01-22,1555.300048828125,7.349423763445181
2020-01-23,1564.5999755859375,7.355385463646952
2020-01-24,1571.0999755859375,7.35953127441408
2020-01-27,1576.800048828125,7.363152786805104
2020-01-28,1569.199951171875,7.358321183218825
2020-01-29,1569.800048828125,7.358703532797392
2020-01-30,1583.5,7.367392865978695
2020-01-31,1582.9000244140625,7.367013902115322
2020-02-03,1577.199951171875,7.363406371044731
2020-02-04,1550.4000244140625,7.346268256883446
2020-02-05,1557.800048828125,7.351029879830131
2020-02-06,1565.0999755859375,7.3557049830974135
2020-02-07,1568.5999755859375,7.357938765214329
2020-02-10,1574.699951171875,7.3618200259184725
2020-02-11,1565.5999755859375,7.356024400487805
2020-02-12,1567.4000244140625,7.357173490194917
2020-02-13,1575.0999755859375,7.362074025807682
2020-02-14,1582.699951171875,7.366887497488081
2020-02-18,1600.0,7.3777589082278725
2020-02-19,1607.5,7.382435456111774
2020-02-20,1616.5999755859375,7.388080442197639
2020-02-21,1644.5999755859375,7.40525245769181
2020-02-24,1672.4000244140625,7.422015014080629
2020-02-25,1646.9000244140625,7.4066500267044155
2020-02-26,1640.0,7.402451520818244
2020-02-27,1640.0,7.402451520818244
2020-02-28,1564.0999755859375,7.35506584207118
2020-03-02,1592.300048828125,7.372934821527534
2020-03-03,1642.0999755859375,7.403731174630206
2020-03-04,1641.0999755859375,7.403122012808937
2020-03-05,1666.4000244140625,7.418420904597544
2020-03-06,1670.800048828125,7.421057861847419
2020-03-09,1674.5,7.423269892234259
2020-03-10,1659.0999755859375,7.414030550934065
2020-03-11,1641.4000244140625,7.403304830069537
2020-03-12,1589.300048828125,7.371048977425811
2020-03-13,1515.699951171875,7.32363262522271
2020-03-16,1485.9000244140625,7.30377594469279
2020-03-17,1524.9000244140625,7.329684129131238
2020-03-18,1477.300048828125,7.297971409379836
2020-03-19,1478.5999755859375,7.298850956611393
2020-03-20,1484.0,7.302496423727326
2020-03-23,1567.0,7.356918242356021
2020-03-24,1660.199951171875,7.414693326609945
2020-03-25,1632.300048828125,7.397745372073684
2020-03-26,1650.0999755859375,7.408591156323254
2020-03-27,1623.9000244140625,7.392585957505257
2020-03-30,1622.0,7.3914152346753585
2020-03-31,1583.4000244140625,7.367329728156092
2020-04-01,1578.199951171875,7.364040205147811
2020-04-02,1625.699951171875,7.393693741205039
2020-04-03,1633.699951171875,7.398602630144402
2020-04-06,1677.0,7.424761761823209
2020-04-07,1664.800048828125,7.417460304409149
2020-04-08,1665.4000244140625,7.417820628461298
2020-04-09,1736.199951171875,7.459454067834147
2020-04-13,1744.800048828125,7.46439524287236
2020-04-14,1756.699951171875,7.471192300223968
2020-04-15,1727.199951171875,7.454256850930492
2020-04-16,1720.4000244140625,7.450312115100504
2020-04-17,1689.199951171875,7.432010294153723
2020-04-20,1701.5999755859375,7.439324249538318
2020-04-21,1678.199951171875,7.425477040340435
2020-04-22,1728.699951171875,7.455124931683166
2020-04-23,1733.300048828125,7.4577824131178785
2020-04-24,1723.5,7.45211238595692
2020-04-27,1711.9000244140625,7.445359158042116
2020-04-28,1710.5,7.444541004417659
2020-04-29,1703.4000244140625,7.440381547039529
2020-04-30,1684.199951171875,7.429045923604011
2020-05-01,1694.5,7.435142991047106
2020-05-04,1706.9000244140625,7.442434153073447
2020-05-05,1704.4000244140625,7.4409684359498955
2020-05-06,1684.199951171875,7.429045923604011
2020-05-07,1721.800048828125,7.451125562582621
2020-05-08,1709.9000244140625,7.444190182532612
2020-05-11,1695.300048828125,7.435615024105963
2020-05-12,1704.4000244140625,7.4409684359498955
2020-05-13,1713.9000244140625,7.446526768643268
2020-05-14,1738.0999755859375,7.460547827523025
2020-05-15,1753.4000244140625,7.469312053078326
2020-05-18,1731.800048828125,7.456916637208714
2020-05-19,1744.199951171875,7.4640512487983175
2020-05-20,1750.5999755859375,7.467713851352226
2020-05-21,1720.5,7.450370225237535
2020-05-22,1734.5999755859375,7.458532104175605
2020-05-26,1704.800048828125,7.441203109425963
2020-05-27,1710.300048828125,7.444424101255096
2020-05-28,1713.300048828125,7.446176642838386
2020-05-29,1736.9000244140625,7.459857208116079
2020-06-01,1737.800048828125,7.460375252502772
2020-06-02,1725.199951171875,7.45309823647081
2020-06-03,1697.800048828125,7.437088603063512
2020-06-04,1718.9000244140625,7.449439844537417
2020-06-05,1676.199951171875,7.424284576534555
2020-06-08,1698.300048828125,7.437383058461901
2020-06-09,1714.699951171875,7.446993388708614
2020-06-10,1713.300048828125,7.446176642838386
2020-06-11,1732.0,7.4570320891223805
2020-06-12,1729.300048828125,7.455472009567651
2020-06-15,1720.300048828125,7.4502540015864875
2020-06-16,1729.5999755859375,7.455645432769505
2020-06-17,1729.199951171875,7.455414124556069
2020-06-18,1724.800048828125,7.45286640902412
2020-06-19,1745.9000244140625,7.465025474974383
2020-06-22,1756.699951171875,7.471192300223968
2020-06-23,1772.0999755859375,7.479920549204389
2020-06-24,1765.800048828125,7.476359152119608
2020-06-25,1762.0999755859375,7.47426154471959
2020-06-26,1772.5,7.4801462584062826
2020-06-29,1774.800048828125,7.481443047016657
2020-06-30,1793.0,7.491645473605133
2020-07-01,1773.199951171875,7.480541075334171
2020-07-02,1784.0,7.486613313139955
2020-07-06,1788.5,7.4891325586990725
2020-07-07,1804.199951171875,7.49787253215895
2020-07-08,1815.5,7.504116190854391
2020-07-09,1799.199951171875,7.495097373506308
2020-07-10,1798.199951171875,7.494541416396782
2020-07-13,1811.0,7.501634457883413
2020-07-14,1810.5999755859375,7.5014135475573775
2020-07-15,1811.4000244140625,7.501855319418856
2020-07-16,1798.699951171875,7.494819433587583
2020-07-17,1808.300048828125,7.50014248339316
2020-07-20,1815.9000244140625,7.504336505010358
2020-07-21,1842.4000244140625,7.518824361757703
2020-07-22,1864.0999755859375,7.53053362877823
2020-07-23,1889.0999755859375,7.543855791239159
2020-07-24,1897.300048828125,7.548187127605672
2020-07-27,1931.0,7.565793282428515
2020-07-28,1944.699951171875,7.572862977402529
2020-07-29,1953.5,7.577377914495125
2020-07-30,1942.300048828125,7.571628141977419
2020-07-31,1962.800048828125,7.582127329092518
2020-08-03,1966.0,7.583756300707112
2020-08-04,2001.199951171875,7.601502255214627
2020-08-05,2031.0999755859375,7.616332785177321
2020-08-06,2051.5,7.626326511882241
2020-08-07,2010.0999755859375,7.605939738913655
2020-08-10,2024.4000244140625,7.613028651399823
2020-08-11,1932.5999755859375,7.5666215129324526
2020-08-12,1934.9000244140625,7.567810937159622
2020-08-13,1956.699951171875,7.579014634829729
2020-08-14,1937.0,7.5688956634069955
2020-08-17,1985.0,7.59337419312129
2020-08-18,1999.4000244140625,7.600602426743775
2020-08-19,1958.699951171875,7.580036241931854
2020-08-20,1933.800048828125,7.5672422832992785
2020-08-21,1934.5999755859375,7.567655853128751
2020-08-24,1927.699951171875,7.564082836073813
2020-08-25,1911.800048828125,7.555800511170056
2020-08-26,1940.699951171875,7.570803986557991
2020-08-27,1921.5999755859375,7.560913438620649
2020-08-28,1964.5999755859375,7.5830439288137805
2020-08-31,1967.5999755859375,7.584569792513143
2020-09-01,1968.199951171875,7.584874673656367
2020-09-02,1934.4000244140625,7.5675524924815285
2020-09-03,1927.5999755859375,7.564030972100654
2020-09-04,1923.9000244140625,7.562109667512808
2020-09-08,1933.0,7.566828479208331
2020-09-09,1944.699951171875,7.572862977402529
2020-09-10,1954.199951171875,7.577736156523995
2020-09-11,1937.800048828125,7.569308613148615
2020-09-14,1953.0999755859375,7.577173120342685
2020-09-15,1956.300048828125,7.5788102380266915
2020-09-16,1960.199951171875,7.580801762925312
2020-09-17,1940.0,7.570443252057374
2020-09-18,1952.0999755859375,7.576660982662484
2020-09-21,1901.199951171875,7.550240519057062
2020-09-22,1898.5999755859375,7.5488720385887165
2020-09-23,1859.9000244140625,7.5282780149476265
2020-09-24,1868.300048828125,7.532784231600847
2020-09-25,1857.699951171875,7.527094416113176
2020-09-28,1872.800048828125,7.535189942248959
2020-09-29,1894.300048828125,7.5466046819105745
2020-09-30,1887.5,7.54300848112318
2020-10-01,1908.4000244140625,7.5540204864349
2020-10-02,1900.199951171875,7.5497143970763405
2020-10-05,1912.5,7.556166565700691
2020-10-06,1901.0999755859375,7.550187932155509
2020-10-07,1883.5999755859375,7.540940105408016
2020-10-08,1888.5999755859375,7.5435910799018995
2020-10-09,1919.5,7.559820014440852
2020-10-12,1922.5,7.5613817013797995
2020-10-13,1888.5,7.543538142152512
2020-10-14,1901.300048828125,7.5502931673969815
2020-10-15,1903.199951171875,7.551291933332944
2020-10-16,1900.800048828125,7.550030154856523
2020-10-19,1906.4000244140625,7.552971938590901
2020-10-20,1910.4000244140625,7.5550679359778385
2020-10-21,1924.5999755859375,7.562473420237034
2020-10-22,1901.0999755859375,7.550187932155509
2020-10-23,1902.0,7.550661243105336
2020-10-26,1902.699951171875,7.551029183383809
2020-10-27,1908.800048828125,7.554230076924187
2020-10-28,1876.199951171875,7.537003707666839
2020-10-29,1865.5999755859375,7.531337983069733
2020-10-30,1877.4000244140625,7.537643132907079
2020-11-02,1890.4000244140625,7.544543738787458
2020-11-03,1908.5,7.554072872185285
2020-11-04,1894.5999755859375,7.546763000555304
2020-11-05,1945.300048828125,7.573171510904334
2020-11-06,1950.300048828125,7.575738510914745
2020-11-09,1853.199951171875,7.524669127194487
2020-11-10,1875.4000244140625,7.536577262003581
2020-11-11,1860.699951171875,7.528708013751791
2020-11-12,1872.5999755859375,7.535083105467267
2020-11-13,1885.699951171875,7.542054357838977
2020-11-16,1887.300048828125,7.54290254111604
2020-11-17,1884.5,7.5414178127071905
2020-11-18,1873.5,7.535563618233742
2020-11-19,1861.0999755859375,7.5289229766318355
2020-11-20,1872.5999755859375,7.535083105467267
2020-11-23,1837.800048828125,7.5163245096355755
2020-11-24,1804.800048828125,7.49820508835833
2020-11-25,1805.699951171875,7.498703580180728
2020-11-27,1781.9000244140625,7.48543550343451
2020-11-30,1775.699951171875,7.48194996286683
2020-12-01,1814.0999755859375,7.503344742489329
2020-12-02,1825.699951171875,7.509718727374586
2020-12-03,1836.800048828125,7.5157802327085035
2020-12-04,1835.9000244140625,7.515290116764304
2020-12-07,1861.800048828125,7.529299066908689
2020-12-08,1870.800048828125,7.534121451951862
2020-12-09,1834.5999755859375,7.514581739767988
2020-12-10,1833.5999755859375,7.514036513205595
2020-12-11,1839.800048828125,7.517412175582966
2020-12-14,1828.699951171875,7.511360584179584
2020-12-15,1852.300048828125,7.524183415489485
2020-12-16,1856.0999755859375,7.526232778051633
2020-12-17,1887.199951171875,7.542849502220148
2020-12-18,1885.699951171875,7.542054357838977
2020-12-21,1879.199951171875,7.538601407361239
2020-12-22,1866.5999755859375,7.531873860052217
2020-12-23,1874.699951171875,7.536203899557312
2020-12-24,1879.9000244140625,7.53897387590681
2020-12-28,1877.199951171875,7.537536557909116
2020-12-29,1879.699951171875,7.538867442645997
2020-12-30,1891.0,7.544861068658458
2020-12-31,1893.0999755859375,7.545970963119523
2021-01-04,1944.699951171875,7.572862977402529
2021-01-05,1952.699951171875,7.57696828424101
2021-01-06,1906.9000244140625,7.553234178643592
2021-01-07,1912.300048828125,7.556062010602644
2021-01-08,1834.0999755859375,7.514309163645792
2021-01-11,1849.5999755859375,7.522724665278414
2021-01-12,1842.9000244140625,7.519095710085624
2021-01-13,1853.5999755859375,7.5248849599470065
2021-01-14,1850.300048828125,7.523103093476972
2021-01-15,1829.300048828125,7.5116886856894975
2021-01-19,1839.5,7.5172490745448295
2021-01-20,1865.9000244140625,7.53149880248754
2021-01-21,1865.300048828125,7.531177203227606
2021-01-22,1855.699951171875,7.526017236037783
2021-01-25,1854.9000244140625,7.525586078394562
2021-01-26,1850.699951171875,7.523319198500104
2021-01-27,1844.9000244140625,7.520180367696991
2021-01-28,1837.9000244140625,7.516378907755101
2021-01-29,1847.300048828125,7.521480418996749
2021-02-01,1860.800048828125,7.528761808004793
2021-02-02,1830.5,7.512344432560291
2021-02-03,1832.199951171875,7.5132726829311105
2021-02-04,1788.9000244140625,7.489356198444698
2021-02-05,1810.9000244140625,7.501579251729026
2021-02-08,1831.9000244140625,7.513108971918594
2021-02-09,1835.300048828125,7.514963261469409
2021-02-10,1840.5999755859375,7.517846871140569
2021-02-11,1824.9000244140625,7.509280483373071
2021-02-12,1821.5999755859375,7.507470501346992
2021-02-16,1797.199951171875,7.493985150027005
2021-02-17,1771.0999755859375,7.479356087677898
2021-02-18,1773.4000244140625,7.480653900712717
2021-02-19,1775.800048828125,7.482006332094636
2021-02-22,1806.699951171875,7.499257228753742
2021-02-23,1804.4000244140625,7.497983419064535
2021-02-24,1796.4000244140625,7.493539954804132
2021-02-25,1774.4000244140625,7.481217630355155
2021-02-26,1728.0999755859375,7.454777803932255
2021-03-01,1722.5,7.451532002887814
2021-03-02,1733.0999755859375,7.4576669773683975
2021-03-03,1715.300048828125,7.447343299882009
2021-03-04,1700.199951171875,7.438501141464211
2021-03-05,1698.0,7.437206366871292
2021-03-08,1677.699951171875,7.425179057672149
2021-03-09,1716.5999755859375,7.448100855061783
2021-03-10,1721.5,7.450951282778578
2021-03-11,1722.300048828125,7.451415914192235
2021-03-12,1719.5,7.449788829872321
2021-03-15,1728.9000244140625,7.455240661231884
2021-03-16,1730.5999755859375,7.456223434065357
2021-03-17,1726.800048828125,7.454025291957976
2021-03-18,1732.199951171875,7.457147527708441
2021-03-19,1741.4000244140625,7.462444680414305
2021-03-22,1737.800048828125,7.460375252502772
2021-03-23,1724.699951171875,7.452808372986271
2021-03-24,1732.9000244140625,7.457551598734758
2021-03-25,1724.9000244140625,7.4529243709244835
2021-03-26,1732.199951171875,7.457147527708441
2021-03-29,1712.0999755859375,7.445475951951054
2021-03-30,1683.9000244140625,7.428867825114786
2021-03-31,1713.800048828125,7.446468434726164
2021-04-01,1726.5,7.453851516830047
2021-04-05,1727.0,7.454141078146678
2021-04-06,1741.5,7.462502089806056
2021-04-07,1740.0999755859375,7.461697847791268
2021-04-08,1756.800048828125,7.471249279108998
2021-04-09,1743.300048828125,7.46353517575819
2021-04-12,1731.199951171875,7.456570060447376
2021-04-13,1746.199951171875,7.465197249414203
2021-04-14,1734.9000244140625,7.458705067904599
2021-04-15,1765.4000244140625,7.4761325864153285
2021-04-16,1779.0,7.483806687665835
2021-04-19,1769.4000244140625,7.4783957988472185
2021-04-20,1777.300048828125,7.482850665239149
2021-04-21,1792.300048828125,7.491255017480828
2021-04-22,1781.199951171875,7.485042546034497
2021-04-23,1777.0,7.482681828154651
2021-04-26,1779.199951171875,7.4839190766123975
2021-04-27,1778.0,7.48324441607385
2021-04-28,1773.199951171875,7.480541075334171
2021-04-29,1768.0999755859375,7.477660788875966
2021-04-30,1767.300048828125,7.477208264824408
2021-05-03,1791.4000244140625,7.490752729669577
2021-05-04,1775.800048828125,7.482006332094636
2021-05-05,1784.0999755859375,7.4866693516964125
2021-05-06,1815.5,7.504116190854391
2021-05-07,1831.0999755859375,7.5126721448146645
2021-05-10,1837.5,7.516161231086992
2021-05-11,1835.9000244140625,7.515290116764304
2021-05-12,1822.5999755859375,7.508019318666842
2021-05-13,1823.800048828125,7.508677542272306
2021-05-14,1837.9000244140625,7.516378907755101
2021-05-17,1867.5,7.5323559170069725
2021-05-18,1867.800048828125,7.532516572817669
2021-05-19,1881.300048828125,7.539718332171544
2021-05-20,1881.800048828125,7.539984070520228
2021-05-21,1876.699951171875,7.537270168279149
2021-05-24,1884.5999755859375,7.54147086281815
2021-05-25,1898.0999755859375,7.548608651958579
2021-05-26,1901.300048828125,7.5502931673969815
2021-05-27,1895.699951171875,7.547343416690213
2021-05-28,1902.5,7.550924089735841
2021-06-01,1902.9000244140625,7.551134330137885
2021-06-02,1907.5,7.553548763158612
2021-06-03,1871.199951171875,7.534335189175417
2021-06-04,1889.800048828125,7.544226308186246
2021-06-07,1896.800048828125,7.547923560493564
2021-06-08,1892.199951171875,7.545495426465394
2021-06-09,1893.199951171875,7.5460237722407735
2021-06-10,1894.199951171875,7.546551839014298
2021-06-11,1877.4000244140625,7.537643132907079
2021-06-14,1864.0,7.530479995245536
2021-06-15,1854.5,7.525370396929645
2021-06-16,1859.5,7.528062913365125
2021-06-17,1773.800048828125,7.480879444469765
2021-06-18,1767.9000244140625,7.4775476943216175
2021-06-21,1781.800048828125,7.485379395690362
2021-06-22,1776.300048828125,7.48228785569451
2021-06-23,1782.300048828125,7.485659971425936
2021-06-24,1775.5999755859375,7.481893659210127
2021-06-25,1776.5999755859375,7.482456690593586
2021-06-28,1779.5999755859375,7.484143885213038
2021-06-29,1762.800048828125,7.474658760667017
2021-06-30,1770.800048828125,7.479186728432034
2021-07-01,1775.9000244140625,7.48206262940798
2021-07-02,1782.5999755859375,7.485828238000856
2021-07-06,1793.5,7.491924296972337
2021-07-07,1801.5,7.496374930188148
2021-07-08,1799.5999755859375,7.495319683400634
2021-07-09,1810.0,7.501082124259871
2021-07-12,1805.5,7.498592840717513
2021-07-13,1809.4000244140625,7.500750591084547
2021-07-14,1824.300048828125,7.508951657559576
2021-07-15,1828.4000244140625,7.511196559810282
2021-07-16,1814.5,7.503565226653125
2021-07-19,1808.699951171875,7.500363607167215
2021-07-20,1810.9000244140625,7.501579251729026
2021-07-21,1802.9000244140625,7.497151772089706
2021-07-22,1805.0,7.498315870766981
2021-07-23,1801.4000244140625,7.496319432902469
2021-07-26,1798.699951171875,7.494819433587583
2021-07-27,1799.5,7.495264127519086
2021-07-28,1799.5,7.495264127519086
2021-07-29,1831.199951171875,7.512726741973806
2021-07-30,1812.5999755859375,7.502517544151597
2021-08-02,1818.0999755859375,7.505547265296888
2021-08-03,1810.0999755859375,7.50113735786482
2021-08-04,1810.5,7.501358329205696
2021-08-05,1805.0999755859375,7.498371257369368
2021-08-06,1760.0,7.473069088032197
2021-08-09,1723.4000244140625,7.452054376971886
2021-08-10,1728.800048828125,7.455182833436616
2021-08-11,1750.4000244140625,7.4675996261753665
2021-08-12,1749.0,7.466799475018602
2021-08-13,1775.199951171875,7.481668344112681
2021-08-16,1786.9000244140625,7.488237567547419
2021-08-17,1785.0,7.487173694213739
2021-08-18,1781.5999755859375,7.48526710223971
2021-08-19,1780.199951171875,7.484480969096381
2021-08-20,1781.0,7.484930283289661
2021-08-23,1803.199951171875,7.497318116206915
2021-08-24,1805.5999755859375,7.498648211982024
2021-08-25,1788.199951171875,7.488964778995477
2021-08-26,1792.199951171875,7.4911991672053215
2021-08-27,1816.5999755859375,7.504721887628686
2021-08-30,1809.0,7.500529485395295
2021-08-31,1815.0,7.503840746698951
2021-09-01,1813.0999755859375,7.502793352966393
2021-09-02,1808.699951171875,7.500363607167215
2021-09-03,1830.9000244140625,7.512562941553019
2021-09-07,1795.9000244140625,7.493261581619024
2021-09-08,1790.699951171875,7.4903618565750945
2021-09-09,1797.4000244140625,7.494096468807261
2021-09-10,1789.5999755859375,7.48974739653373
2021-09-13,1792.0,7.491087593534876
2021-09-14,1804.699951171875,7.4981496249111625
2021-09-15,1792.4000244140625,7.491310796532867
2021-09-16,1754.5999755859375,7.469996175779965
2021-09-17,1749.4000244140625,7.467028164941432
2021-09-20,1761.800048828125,7.4740913203906025
2021-09-21,1776.0,7.4821189235521155
2021-09-22,1776.699951171875,7.482512962559379
2021-09-23,1747.699951171875,7.46605588883381
2021-09-24,1749.699951171875,7.467199595744004
2021-09-27,1750.0,7.4673710669175595
2021-09-28,1735.800048828125,7.4592237093401845
2021-09-29,1721.5,7.450951282778578
2021-09-30,1755.300048828125,7.470395089279838
2021-10-01,1757.0,7.471363088187097
2021-10-04,1766.199951171875,7.476585597388837
2021-10-05,1759.5999755859375,7.472841775599785
2021-10-06,1760.5,7.473353138595107
2021-10-07,1757.9000244140625,7.471875207694043
2021-10-08,1756.300048828125,7.470964630229389
2021-10-11,1754.5999755859375,7.469996175779965
2021-10-12,1758.300048828125,7.472102739920569
2021-10-13,1793.699951171875,7.492035777332955
2021-10-14,1796.699951171875,7.493706900761966
2021-10-15,1767.199951171875,7.477151624475687
2021-10-18,1764.800048828125,7.475792676167033
2021-10-19,1769.699951171875,7.4785652920859516
2021-10-20,1784.0999755859375,7.4866693516964125
2021-10-21,1781.199951171875,7.485042546034497
2021-10-22,1795.5,7.493038813666137
2021-10-25,1806.0,7.498869733976931
2021-10-26,1792.699951171875,7.491478115023594
2021-10-27,1797.9000244140625,7.49437460971146
2021-10-28,1801.5999755859375,7.496430424394049
2021-10-29,1783.0,7.48605261786314
2021-11-01,1795.0999755859375,7.492815996076633
2021-11-02,1788.699951171875,7.489244350701092
2021-11-03,1763.5999755859375,7.475112439640472
2021-11-04,1793.0,7.491645473605133
2021-11-05,1816.4000244140625,7.504611812664702
2021-11-08,1827.4000244140625,7.510649483924519
2021-11-09,1830.199951171875,7.512180502802158
2021-11-10,1847.5999755859375,7.521642765342517
2021-11-11,1863.199951171875,7.530050692363537
2021-11-12,1867.9000244140625,7.532570097235584
2021-11-15,1866.0999755859375,7.531605957456493
2021-11-16,1853.5999755859375,7.5248849599470065
2021-11-17,1869.699951171875,7.533533243055742
2021-11-18,1861.0,7.528869256642251
2021-11-19,1851.199951171875,7.52358933006294
2021-11-22,1806.0,7.498869733976931
2021-11-23,1783.5,7.486333004798946
2021-11-24,1784.0999755859375,7.4866693516964125
2021-11-26,1785.300048828125,7.4873417746690105
2021-11-29,1782.300048828125,7.485659971425936
2021-11-30,1773.5999755859375,7.4807666445368435
2021-12-01,1781.5999755859375,7.48526710223971
2021-12-02,1760.699951171875,7.473466708500175
2021-12-03,1782.0,7.485491608030754
2021-12-06,1777.5,7.482963161677396
2021-12-07,1782.5999755859375,7.485828238000856
2021-12-08,1783.4000244140625,7.486276947390396
2021-12-09,1774.5999755859375,7.481330310643735
2021-12-10,1782.9000244140625,7.4859965447341805
2021-12-13,1786.300048828125,7.487901747789623
2021-12-14,1770.4000244140625,7.478960802526979
2021-12-15,1762.5999755859375,7.4745452568143955
2021-12-16,1796.5999755859375,7.49365125520607
2021-12-17,1803.800048828125,7.497650856801196
2021-12-20,1793.699951171875,7.492035777332955
2021-12-21,1787.9000244140625,7.488797039412935
2021-12-22,1801.5999755859375,7.496430424394049
2021-12-23,1811.199951171875,7.501744861049872
2021-12-27,1808.0999755859375,7.500031835654502
2021-12-28,1810.199951171875,7.501192588419186
2021-12-29,1805.0999755859375,7.498371257369368
2021-12-30,1812.699951171875,7.50257269853219
2021-12-31,1827.5,7.510704191623933
2022-01-03,1799.4000244140625,7.495208568550909
2022-01-04,1814.0,7.503289630675082
2022-01-05,1824.5999755859375,7.5091160505308725
2022-01-06,1788.699951171875,7.489244350701092
2022-01-07,1797.0,7.493873886783559
2022-01-10,1798.4000244140625,7.494652673274807
2022-01-11,1818.5999755859375,7.5058222398671655
2022-01-12,1827.199951171875,7.510539992738767
2022-01-13,1821.199951171875,7.507250876649664
2022-01-14,1816.5,7.5046668516612565
2022-01-18,1812.300048828125,7.502352062755433
2022-01-19,1843.0999755859375,7.519204202311382
2022-01-20,1842.5,7.5188786240634915
2022-01-21,1831.800048828125,7.513054395624703
2022-01-24,1841.699951171875,7.518444310589031
2022-01-25,1852.699951171875,7.52439928720085
2022-01-26,1829.9000244140625,7.512016612875388
2022-01-27,1793.300048828125,7.491812804182463
2022-01-28,1784.9000244140625,7.487117683913574
2022-01-31,1795.0,7.492760300922379
2022-02-01,1800.300048828125,7.495708623785792
2022-02-02,1809.199951171875,7.5006400106148945
2022-02-03,1803.0,7.497207223203318
2022-02-04,1806.5999755859375,7.499201891201926
2022-02-07,1820.5999755859375,7.5069213826612895
2022-02-08,1826.5999755859375,7.510211580891728
2022-02-09,1835.199951171875,7.514908719768673
2022-02-10,1836.199951171875,7.515453471117657
2022-02-11,1840.800048828125,7.517955565246647
2022-02-14,1868.0,7.532623618788788
2022-02-15,1854.800048828125,7.5255321788425835
2022-02-16,1870.199951171875,7.533800629892841
2022-02-17,1900.699951171875,7.549977492667243
2022-02-18,1898.5999755859375,7.5488720385887165
2022-02-22,1906.0999755859375,7.552814535926642
2022-02-23,1909.199951171875,7.554439559556566
2022-02-24,1925.0999755859375,7.562733180742608
2022-02-25,1886.5,7.542478539404365
2022-02-28,1899.4000244140625,7.549293338662418
2022-03-01,1942.4000244140625,7.571679613434198
2022-03-02,1920.9000244140625,7.560549117902566
2022-03-03,1934.4000244140625,7.5675524924815285
2022-03-04,1965.0999755859375,7.583298401169895
2022-03-07,1993.9000244140625,7.59784781105723
2022-03-08,2040.0999755859375,7.620754093277593
2022-03-09,1985.9000244140625,7.593827503163821
2022-03-10,1998.0999755859375,7.599951995787448
2022-03-11,1982.699951171875,7.59221480651743
2022-03-14,1959.5999755859375,7.580495637305723
2022-03-15,1928.5,7.564497777648283
2022-03-16,1908.0,7.553810852008231
2022-03-17,1942.0999755859375,7.571525128260445
2022-03-18,1928.199951171875,7.564342178907116
2022-03-21,1928.5999755859375,7.564549617417328
2022-03-22,1920.699951171875,7.56044495648876
2022-03-23,1936.5999755859375,7.568689124570768
2022-03-24,1961.5999755859375,7.581515733295898
2022-03-25,1953.800048828125,7.577531498210205
2022-03-28,1939.5999755859375,7.570237032644034
2022-03-29,1912.0,7.555905093611346
2022-03-30,1933.5,7.567087111047352
2022-03-31,1949.199951171875,7.57517428591901
2022-04-01,1919.0999755859375,7.559611592402581
2022-04-04,1929.199951171875,7.5648606628847785
2022-04-05,1922.9000244140625,7.5615897548530215
2022-04-06,1918.4000244140625,7.5592467969995125
2022-04-07,1933.800048828125,7.5672422832992785
2022-04-08,1941.5999755859375,7.571267641838194
2022-04-11,1944.300048828125,7.572657319215252
2022-04-12,1972.0999755859375,7.586854231436295
2022-04-13,1981.0,7.591357046698551
2022-04-14,1970.9000244140625,7.586245582585715
2022-04-18,1982.9000244140625,7.592315710917061
2022-04-19,1955.699951171875,7.57850343963152
2022-04-20,1952.300048828125,7.576763468699321
2022-04-21,1944.9000244140625,7.572965853401922
2022-04-22,1931.0,7.565793282428515
2022-04-25,1893.199951171875,7.5460237722407735
2022-04-26,1901.4000244140625,7.550345748764975
2022-04-27,1885.9000244140625,7.542160452463896
2022-04-28,1888.699951171875,7.543644014849031
2022-04-29,1909.300048828125,7.554491987293255
2022-05-02,1861.800048828125,7.529299066908689
2022-05-03,1868.800048828125,7.533051818761971
2022-05-04,1867.0,7.532088143541722
2022-05-05,1874.0,7.535830462798367
2022-05-06,1881.199951171875,7.539665124115054
2022-05-09,1857.0999755859375,7.52677139705267
2022-05-10,1839.9000244140625,7.517466514569281
2022-05-11,1852.5999755859375,7.524345323641658
2022-05-12,1823.800048828125,7.508677542272306
2022-05-13,1807.4000244140625,7.499644640975691
2022-05-16,1813.5,7.503013958722957
2022-05-17,1818.199951171875,7.505602252832557
2022-05-18,1815.9000244140625,7.504336505010358
2022-05-19,1841.199951171875,7.518172785423357
2022-05-20,1841.800048828125,7.518498659798356
2022-05-23,1847.800048828125,7.52175104766165
2022-05-24,1865.0999755859375,7.531069936853453
2022-05-25,1846.199951171875,7.520884725108144
2022-05-26,1847.4000244140625,7.521534537373873
2022-05-27,1851.300048828125,7.523643400370178
2022-05-31,1842.699951171875,7.5189871398426735
2022-06-01,1843.300048828125,7.519312748991644
2022-06-02,1866.5,7.5318202983546385
2022-06-03,1845.4000244140625,7.5204513483741415
2022-06-06,1839.199951171875,7.517085946900404
2022-06-07,1847.5,7.521588652822357
2022-06-08,1851.9000244140625,7.523967431251211
2022-06-09,1848.800048828125,7.522292085370883
2022-06-10,1871.5,7.534495527344483
2022-06-13,1828.0,7.510977752014095
2022-06-14,1809.5,7.500805843003797
2022-06-15,1815.300048828125,7.504006049194487
2022-06-16,1845.699951171875,7.520613861858174
2022-06-17,1835.5999755859375,7.515126669220361
2022-06-21,1834.5999755859375,7.514581739767988
2022-06-22,1834.300048828125,7.514418242939792
2022-06-23,1825.699951171875,7.509718727374586
2022-06-24,1826.5,7.510156846235337
2022-06-27,1820.9000244140625,7.507086176745488
2022-06-28,1817.5,7.505217209407674
2022-06-29,1813.699951171875,7.5031242097015465
2022-06-30,1804.0999755859375,7.497817117926213
2022-07-01,1798.9000244140625,7.4949306595403025
2022-07-05,1761.800048828125,7.4740913203906025
2022-07-06,1734.9000244140625,7.458705067904599
2022-07-07,1737.9000244140625,7.460432780818713
2022-07-08,1740.5999755859375,7.461985146329179
2022-07-11,1730.0,7.455876687491824
2022-07-12,1723.300048828125,7.451996364621614
2022-07-13,1734.199951171875,7.458301462787065
2022-07-14,1704.5,7.441027091577958
2022-07-15,1702.4000244140625,7.439794313488292
2022-07-18,1709.199951171875,7.443780675202046
2022-07-19,1710.0,7.444248649496705
2022-07-20,1699.5,7.438089369136171
2022-07-21,1712.699951171875,7.445826323128879
2022-07-22,1727.0999755859375,7.454198966214003
2022-07-25,1719.0,7.449498005382849
2022-07-26,1717.699951171875,7.448741437216523
2022-07-27,1719.0999755859375,7.449556162845794
2022-07-28,1750.300048828125,7.467542508693793
2022-07-29,1762.9000244140625,7.474715473140505
2022-08-01,1769.0,7.478169694159785
2022-08-02,1771.0999755859375,7.479356087677898
2022-08-03,1758.0,7.471932078245122
2022-08-04,1788.5,7.4891325586990725
2022-08-05,1772.9000244140625,7.480371916675028
2022-08-08,1786.800048828125,7.4881816168050985
2022-08-09,1794.0,7.492203042618741
2022-08-10,1795.5999755859375,7.4930944933111725
2022-08-11,1789.699951171875,7.4898032597405075
2022-08-12,1798.5999755859375,7.494763849906489
2022-08-15,1781.4000244140625,7.485154864702755
2022-08-16,1773.199951171875,7.480541075334171
2022-08-17,1760.300048828125,7.4732395557904505
2022-08-18,1755.300048828125,7.470395089279838
2022-08-19,1747.5999755859375,7.465998683107229
2022-08-22,1734.0,7.458186157340487
2022-08-23,1746.800048828125,7.465540849564305
2022-08-24,1747.800048828125,7.46611316113035
2022-08-25,1757.699951171875,7.4717613874392965
2022-08-26,1736.0999755859375,7.459396483185313
2022-08-29,1736.5999755859375,7.459684443568004
2022-08-30,1723.199951171875,7.451938278066397
2022-08-31,1712.800048828125,7.445884765783252
2022-09-01,1696.5999755859375,7.436381512983641
2022-09-02,1709.800048828125,7.444131712149932
2022-09-06,1700.4000244140625,7.43861881084247
2022-09-07,1715.300048828125,7.447343299882009
2022-09-08,1708.0,7.443078374348516
2022-09-09,1716.199951171875,7.447867794921718
2022-09-12,1728.0999755859375,7.454777803932255
2022-09-13,1705.0,7.4413203897176174
2022-09-14,1696.5,7.436322584224285
2022-09-15,1665.4000244140625,7.417820628461298
2022-09-16,1671.699951171875,7.42159632249992
2022-09-19,1666.199951171875,7.418300834235728
2022-09-20,1659.699951171875,7.414392112706823
2022-09-21,1664.5999755859375,7.41734011864537
2022-09-22,1670.800048828125,7.421057861847419
2022-09-23,1645.300048828125,7.405678047069943
2022-09-26,1623.300048828125,7.392216423396343
2022-09-27,1626.699951171875,7.3943086717557325
2022-09-28,1660.4000244140625,7.414813830882607
2022-09-29,1658.5,7.4136688583871075
2022-09-30,1662.4000244140625,7.416017635030997
2022-10-03,1692.9000244140625,7.434198328064648
2022-10-04,1721.0999755859375,7.450718886090785
2022-10-05,1711.4000244140625,7.445067042249504
2022-10-06,1711.699951171875,7.445242279175519
2022-10-07,1700.5,7.43867760444725
2022-10-10,1667.300048828125,7.4189608598521595
2022-10-11,1678.699951171875,7.4257749342415
2022-10-12,1670.300048828125,7.420758559229048
2022-10-13,1670.0,7.4205789054108005
2022-10-14,1641.699951171875,7.403487539558055
2022-10-17,1657.0,7.4127640174265625
2022-10-18,1649.0,7.407924322559599
2022-10-19,1627.5,7.394800374082724
2022-10-20,1630.800048828125,7.396826000886308
2022-10-21,1651.0,7.409136443920128
2022-10-24,1648.699951171875,7.407742347950996
2022-10-25,1652.800048828125,7.410226127908044
2022-10-26,1664.0,7.416979621381154
2022-10-27,1660.699951171875,7.414994449810572
2022-10-28,1639.5999755859375,7.402207573739927
2022-10-31,1635.9000244140625,7.399948405524059
2022-11-01,1645.0,7.405495663199472
2022-11-02,1645.699951171875,7.405921074931212
2022-11-03,1627.300048828125,7.394677508672175
2022-11-04,1672.5,7.422074792002384
2022-11-07,1676.5,7.424463565906283
2022-11-08,1712.0999755859375,7.445475951951054
2022-11-09,1710.0999755859375,7.444307113042614
2022-11-10,1750.300048828125,7.467542508693793
2022-11-11,1766.0,7.476472381163905
2022-11-14,1773.5999755859375,7.4807666445368435
2022-11-15,1773.800048828125,7.480879444469765
2022-11-16,1773.0,7.480428306074208
2022-11-17,1760.800048828125,7.473523557942899
2022-11-18,1751.9000244140625,7.468456206177539
2022-11-21,1737.4000244140625,7.460145035877888
2022-11-22,1738.300048828125,7.460662931217079
2022-11-23,1744.9000244140625,7.464452540395853
2022-11-25,1753.300048828125,7.469255033325352
2022-11-28,1740.0999755859375,7.461697847791268
2022-11-29,1748.4000244140625,7.466456376952819
2022-11-30,1746.0,7.465082736399547
2022-12-01,1801.0999755859375,7.496152854787927
2022-12-02,1795.9000244140625,7.493261581619024
2022-12-05,1767.4000244140625,7.4772648328974505
2022-12-06,1769.300048828125,7.478339294716382
2022-12-07,1785.5,7.487453767034503
2022-12-08,1788.699951171875,7.489244350701092
2022-12-09,1798.0999755859375,7.494485817259892
2022-12-12,1780.5,7.484649502717833
2022-12-13,1813.9000244140625,7.503234515823355
2022-12-14,1807.5,7.49969995403292
2022-12-15,1777.199951171875,7.4827943435870035
2022-12-16,1790.0,7.489970898834801
2022-12-19,1787.699951171875,7.488685129107665
2022-12-20,1815.9000244140625,7.504336505010358
2022-12-21,1815.9000244140625,7.504336505010358
2022-12-22,1787.0,7.488293515159428
2022-12-23,1795.9000244140625,7.493261581619024
2022-12-27,1814.800048828125,7.503730574695322
2022-12-28,1807.9000244140625,7.499921243192069
2022-12-29,1819.5,7.506317017052215
2022-12-30,1819.699951171875,7.506426904486133
2023-01-03,1839.699951171875,7.5173577672903855
2023-01-04,1852.800048828125,7.52445331373237
2023-01-05,1834.800048828125,7.5146907893352495
2023-01-06,1864.199951171875,7.530587259434521
2023-01-09,1872.699951171875,7.535136492692812
2023-01-10,1871.5999755859375,7.534548945947574
2023-01-11,1874.5999755859375,7.536150569288774
2023-01-12,1895.5,7.54723793495639
2023-01-13,1918.4000244140625,7.5592467969995125
2023-01-17,1907.199951171875,7.553391451269035
2023-01-18,1904.4000244140625,7.551922290140182
2023-01-19,1922.0999755859375,7.56117360461132
2023-01-20,1926.4000244140625,7.563408267787914
2023-01-23,1927.0999755859375,7.563771548535065
2023-01-24,1933.9000244140625,7.567293980992516
2023-01-25,1941.199951171875,7.571061592377483
2023-01-26,1929.0999755859375,7.564808839238169
2023-01-27,1928.5999755859375,7.564549617417328
2023-01-30,1922.9000244140625,7.5615897548530215
2023-01-31,1929.5,7.565016180977674
2023-02-01,1927.800048828125,7.564134760678286
2023-02-02,1916.300048828125,7.558151547954867
2023-02-03,1862.9000244140625,7.52988970540107
2023-02-06,1866.199951171875,7.531659530635456
2023-02-07,1871.699951171875,7.534602361697269
2023-02-08,1877.4000244140625,7.537643132907079
2023-02-09,1866.199951171875,7.531659530635456
2023-02-10,1862.800048828125,7.529836037320442
2023-02-13,1851.9000244140625,7.523967431251211
2023-02-14,1854.0,7.5251007461258
2023-02-15,1834.199951171875,7.514363671503905
2023-02-16,1842.0,7.518607216815252
2023-02-17,1840.4000244140625,7.517738231546942
2023-02-21,1833.0,7.513709247839705
2023-02-22,1832.0,7.513163545234075
2023-02-23,1818.0,7.505492274737424
2023-02-24,1808.800048828125,7.500418947958521
2023-02-27,1817.0,7.504942068396171
2023-02-28,1828.9000244140625,7.511469985559572
2023-03-01,1837.699951171875,7.516270042131141
2023-03-02,1833.5,7.5139819875113805
2023-03-03,1847.699951171875,7.521696874934672
2023-03-06,1847.9000244140625,7.521805151395167
2023-03-07,1813.9000244140625,7.503234515823355
2023-03-08,1812.699951171875,7.50257269853219
2023-03-09,1829.300048828125,7.5116886856894975
2023-03-10,1862.0,7.529406457837013
2023-03-13,1911.699951171875,7.555748151993242
2023-03-14,1906.199951171875,7.552866984888099
2023-03-15,1926.5999755859375,7.563512057651426
2023-03-16,1919.0,7.5595594960077
2023-03-17,1969.800048828125,7.585687318523968
2023-03-20,1979.199951171875,7.590447976967586
2023-03-21,1938.0,7.569411792450712
2023-03-22,1946.800048828125,7.573942303040522
2023-03-23,1993.800048828125,7.5977976690785844
2023-03-24,1982.0999755859375,7.591912155386678
2023-03-27,1952.4000244140625,7.576814676517634
2023-03-28,1972.4000244140625,7.587006366727817
2023-03-29,1966.0999755859375,7.583807151695937
2023-03-30,1980.300048828125,7.591003652019768
2023-03-31,1969.0,7.585281078639126
2023-04-03,1983.9000244140625,7.592819895654822
2023-04-04,2022.199951171875,7.611941282511257
2023-04-05,2020.9000244140625,7.6112982478049895
2023-04-06,2011.9000244140625,7.60683484033002
2023-04-10,1989.0999755859375,7.595437541837091
2023-04-11,2004.800048828125,7.603299608497412
2023-04-12,2010.9000244140625,7.606337674172885
2023-04-13,2041.300048828125,7.6213421626996505
2023-04-14,2002.199951171875,7.602001830598146
2023-04-17,1994.199951171875,7.597998221909623
2023-04-18,2007.4000244140625,7.604595643541732
2023-04-19,1995.199951171875,7.598499550452974
2023-04-20,2007.5999755859375,7.604695245619959
2023-04-21,1979.5,7.590599566546185
2023-04-24,1989.0999755859375,7.595437541837091
2023-04-25,1994.0,7.597897950521784
2023-04-26,1985.699951171875,7.593726751203106
2023-04-27,1989.9000244140625,7.59583967746861
2023-04-28,1990.0999755859375,7.59594015544451
2023-05-01,1983.4000244140625,7.592567835061222
2023-05-02,2014.300048828125,7.608027043725119
2023-05-03,2028.5999755859375,7.615101166906964
2023-05-04,2048.0,7.6246189861593985
2023-05-05,2017.4000244140625,7.609564844722481
2023-05-08,2026.300048828125,7.6139667729684675
2023-05-09,2036.199951171875,7.618840580693071
2023-05-10,2030.5,7.616037347126352
2023-05-11,2014.699951171875,7.608225555685935
2023-05-12,2014.5,7.608126304631402
2023-05-15,2018.0,7.609862200913554
2023-05-16,1988.4000244140625,7.5950855864987625
2023-05-17,1980.699951171875,7.5912055719112645
2023-05-18,1956.5,7.578912441650467
2023-05-19,1978.699951171875,7.5901953177215224
2023-05-22,1974.800048828125,7.588222431110313
2023-05-23,1972.4000244140625,7.587006366727817
2023-05-24,1962.800048828125,7.582127329092518
2023-05-25,1943.0999755859375,7.57203990229249
2023-05-26,1944.0999755859375,7.572554411468566
2023-05-30,1958.0,7.579678823090456
2023-05-31,1963.9000244140625,7.5826875835525955
2023-06-01,1978.0,7.589841512182657
2023-06-02,1952.4000244140625,7.576814676517634
2023-06-05,1958.0,7.579678823090456
2023-06-06,1965.5,7.583501944861915
2023-06-07,1942.699951171875,7.571834011910578
2023-06-08,1963.5999755859375,7.5825347897505795
2023-06-09,1962.199951171875,7.581821546844913
2023-06-12,1955.300048828125,7.57829893830442
2023-06-13,1944.5999755859375,7.572811566820757
2023-06-14,1955.300048828125,7.57829893830442
2023-06-15,1957.800048828125,7.579576697767632
2023-06-16,1958.4000244140625,7.579883104784338
2023-06-20,1935.5,7.568120970017703
2023-06-21,1933.300048828125,7.566983691594818
2023-06-22,1912.699951171875,7.556271109868112
2023-06-23,1919.0999755859375,7.559611592402581
2023-06-26,1923.699951171875,7.562005668529734
2023-06-27,1914.0,7.5569505720129
2023-06-28,1912.300048828125,7.556062010602644
2023-06-29,1909.199951171875,7.554439559556566
2023-06-30,1921.0999755859375,7.56065320492602
2023-07-03,1921.699951171875,7.560965464529564
2023-07-05,1919.5999755859375,7.559872097265783
2023-07-06,1908.699951171875,7.554177635453971
2023-07-07,1926.199951171875,7.563304403777306
2023-07-10,1925.0,7.562681246721884
2023-07-11,1931.300048828125,7.56594865556107
2023-07-12,1956.199951171875,7.57875906989569
2023-07-13,1959.199951171875,7.580291480715476
2023-07-14,1960.0999755859375,7.580750758875711
2023-07-17,1952.4000244140625,7.576814676517634
2023-07-18,1977.199951171875,7.589436956737211
2023-07-19,1977.5,7.589588699641809
2023-07-20,1968.300048828125,7.584925529826199
2023-07-21,1964.300048828125,7.582891251598004
2023-07-24,1960.300048828125,7.5808528266448745
2023-07-25,1962.0999755859375,7.581770594783233
2023-07-26,1968.9000244140625,7.585230302547636
2023-07-27,1945.4000244140625,7.573222902984976
2023-07-28,1960.4000244140625,7.580903825489005
2023-07-31,1970.5,7.586042596635059
2023-08-01,1940.699951171875,7.570803986557991
2023-08-02,1937.4000244140625,7.569102159593741
2023-08-03,1932.0,7.566311014772463
2023-08-04,1939.5999755859375,7.570237032644034
2023-08-07,1933.5,7.567087111047352
2023-08-08,1924.0999755859375,7.562213592238408
2023-08-09,1915.4000244140625,7.557681769833714
2023-08-10,1914.4000244140625,7.557159549347017
2023-08-11,1912.9000244140625,7.556375706921461
2023-08-14,1910.5999755859375,7.55517259505769
2023-08-15,1902.5,7.550924089735841
2023-08-16,1896.0999755859375,7.547554411164222
2023-08-17,1884.0999755859375,7.54120551932601
2023-08-18,1886.0999755859375,7.542266471112922
2023-08-21,1893.300048828125,7.54607664304826
2023-08-22,1896.4000244140625,7.547712643901862
2023-08-23,1918.5,7.559298909687007
2023-08-24,1918.199951171875,7.559142499838671
2023-08-25,1911.0999755859375,7.555434258720061
2023-08-28,1917.9000244140625,7.558986129170371
2023-08-29,1936.5,7.568637498954807
2023-08-30,1944.300048828125,7.572657319215252
2023-08-31,1938.199951171875,7.569514961107938
2023-09-01,1939.800048828125,7.570340179131174
2023-09-05,1926.199951171875,7.563304403777306
2023-09-06,1918.0999755859375,7.559090378999389
2023-09-07,1917.5,7.558777533241411
2023-09-08,1918.4000244140625,7.5592467969995125
2023-09-11,1923.300048828125,7.561797765049001
2023-09-12,1911.300048828125,7.555538943337627
2023-09-13,1909.0999755859375,7.554387193012356
2023-09-14,1910.0,7.554858521040676
2023-09-15,1923.699951171875,7.562005668529734
2023-09-18,1931.5,7.566052182106336
2023-09-19,1932.0,7.566311014772463
2023-09-20,1945.5999755859375,7.573325679223501
2023-09-21,1919.199951171875,7.559663686083568
2023-09-22,1925.4000244140625,7.562889030023861
2023-09-25,1916.5999755859375,7.558308049171447
2023-09-26,1900.4000244140625,7.549819682159568
2023-09-27,1871.5999755859375,7.534548945947574
2023-09-28,1860.4000244140625,7.528546810472959
2023-09-29,1848.0999755859375,7.521913350081353
2023-10-02,1830.0,7.512071245835466
2023-10-03,1824.5999755859375,7.5091160505308725
2023-10-04,1818.5,7.5057672644270435
2023-10-05,1816.5999755859375,7.504721887628686
2023-10-06,1830.199951171875,7.512180502802158
2023-10-09,1849.5,7.522670611272509
2023-10-10,1861.0,7.528869256642251
2023-10-11,1872.800048828125,7.535189942248959
2023-10-12,1869.300048828125,7.53331933433936
2023-10-13,1927.4000244140625,7.563927236084025
2023-10-16,1921.0999755859375,7.56065320492602
2023-10-17,1922.699951171875,7.561485701782688
2023-10-18,1955.300048828125,7.57829893830442
2023-10-19,1968.4000244140625,7.584976321394822
2023-10-20,1982.5,7.592113953509003
2023-10-23,1976.300048828125,7.588981713353227
2023-10-24,1975.0,7.5883236773352225
2023-10-25,1984.0999755859375,7.592920677495569
2023-10-26,1987.199951171875,7.594481867167841
2023-10-27,1988.5999755859375,7.595186140268963
2023-10-30,1996.199951171875,7.599000627791948
2023-10-31,1985.199951171875,7.593474919117212
2023-11-01,1978.800048828125,7.590245904029177
2023-11-02,1985.5999755859375,7.593676402154784
2023-11-03,1991.5,7.596643402621699
2023-11-06,1981.5999755859375,7.591659865854771
2023-11-07,1966.800048828125,7.584163160363961
2023-11-08,1951.5,7.5763535866206695
2023-11-09,1964.199951171875,7.582840291864634
2023-11-10,1932.5999755859375,7.5666215129324526
2023-11-13,1945.5,7.573274292424609
2023-11-14,1961.800048828125,7.581617723019666
2023-11-15,1960.0999755859375,7.580750758875711
2023-11-16,1983.9000244140625,7.592819895654822
2023-11-17,1981.5999755859375,7.591659865854771
2023-11-20,1977.699951171875,7.5896898076386305
2023-11-21,1999.300048828125,7.600552422700397
2023-11-22,1991.4000244140625,7.596593200213732
2023-11-24,2002.199951171875,7.602001830598146
2023-11-27,2011.800048828125,7.606785146971102
2023-11-28,2039.699951171875,7.620557993261648
2023-11-29,2047.0999755859375,7.624179424520405
2023-11-30,2038.0999755859375,7.619773268313499
2023-12-01,2071.0,7.635786861395585
2023-12-04,2024.0999755859375,7.612880424239801
2023-12-05,2018.5,7.610109940292996
2023-12-06,2030.5,7.616037347126352
2023-12-07,2029.9000244140625,7.615741821765947
2023-12-08,1998.300048828125,7.600052122522075
2023-12-11,1978.0,7.589841512182657
2023-12-12,1977.800048828125,7.589740419523991
2023-12-13,1982.300048828125,7.592013090328221
2023-12-14,2030.199951171875,7.615889565299437
2023-12-15,2021.0999755859375,7.611397184555132
2023-12-18,2026.300048828125,7.6139667729684675
2023-12-19,2038.4000244140625,7.619920477354915
2023-12-20,2034.5,7.618005367441745
2023-12-21,2039.0999755859375,7.620263801047742
2023-12-22,2057.10009765625,7.629052550431204
2023-12-26,2058.199951171875,7.629587069678288
2023-12-27,2081.89990234375,7.641036170374455
2023-12-28,2073.89990234375,7.637186124531112
2023-12-29,2062.39990234375,7.631625584834141
2024-01-02,2064.39990234375,7.632594858969664
2024-01-03,2034.199951171875,7.617857876187895
2024-01-04,2042.300048828125,7.621831926631511
2024-01-05,2042.4000244140625,7.621880877880889
2024-01-08,2026.5999755859375,7.614114778967409
2024-01-09,2026.4000244140625,7.614016110735463
2024-01-10,2021.699951171875,7.611693996468268
2024-01-11,2014.300048828125,7.608027043725119
2024-01-12,2046.699951171875,7.623983995128402
2024-01-16,2026.0,7.613818684808629
2024-01-17,2002.5999755859375,7.60220160308252
2024-01-18,2018.5999755859375,7.610159468710207
2024-01-19,2026.5,7.614065446068364
2024-01-22,2019.800048828125,7.610753799767189
2024-01-23,2023.699951171875,7.612682773949469
2024-01-24,2013.9000244140625,7.6078284317355935
2024-01-25,2016.9000244140625,7.609316970247847
2024-01-26,2016.800048828125,7.609267400084402
2024-01-29,2025.199951171875,7.613423715985481
2024-01-30,2031.5,7.616529715427782
2024-01-31,2048.39990234375,7.62481423191399
2024-02-01,2053.0,7.627057417018934
2024-02-02,2036.0999755859375,7.618791480387221
2024-02-05,2025.699951171875,7.613670574715439
2024-02-06,2034.5,7.618005367441745
2024-02-07,2035.199951171875,7.618349349153996
2024-02-08,2032.199951171875,7.616874205024557
2024-02-09,2023.300048828125,7.612485144918063
2024-02-12,2018.199951171875,7.60996127983653
2024-02-13,1992.9000244140625,7.597346155589825
2024-02-14,1990.300048828125,7.596040684658222
2024-02-15,2002.0999755859375,7.601951896483427
2024-02-16,2011.5,7.606635991389843
2024-02-20,2027.5,7.614558785989568
2024-02-21,2022.300048828125,7.61199078067235
2024-02-22,2019.699951171875,7.610704240338412
2024-02-23,2038.5999755859375,7.620018564758416
2024-02-26,2028.5,7.615051882646502
2024-02-27,2034.0,7.617759576608505
2024-02-28,2033.0,7.617267813628347
2024-02-29,2045.699951171875,7.6234952843260535
2024-03-01,2086.89990234375,7.643434943465897
2024-03-04,2117.699951171875,7.6580858500123865
2024-03-05,2133.5,7.665519102628054
2024-03-06,2150.300048828125,7.67336266897893
2024-03-07,2158.0,7.67693714581808
2024-03-08,2178.60009765625,7.686437792473576
2024-03-11,2182.5,7.688226287713757
2024-03-12,2160.39990234375,7.678048623515879
2024-03-13,2175.39990234375,7.68496778976858
2024-03-14,2163.0,7.679251425953058
2024-03-15,2157.300048828125,7.676612741410463
2024-03-18,2160.699951171875,7.678187499653334
2024-03-19,2156.300048828125,7.676149091561022
2024-03-20,2157.89990234375,7.676890760286194
2024-03-21,2182.39990234375,7.68818042290196
2024-03-22,2158.10009765625,7.676983529198448
2024-03-25,2174.800048828125,7.684692007723543
2024-03-26,2175.60009765625,7.685059812435847
2024-03-27,2190.60009765625,7.691930802469327
2024-03-28,2217.39990234375,7.7040905732973695
2024-04-01,2236.5,7.712667422872903
2024-04-02,2261.0,7.72356247227797
2024-04-03,2294.39990234375,7.73822660784243
2024-04-04,2288.800048828125,7.735782963069405
2024-04-05,2325.699951171875,7.751776326981187
2024-04-08,2331.699951171875,7.754352873313949
2024-04-09,2343.5,7.759400817362761
2024-04-10,2329.60009765625,7.7534518999221165
2024-04-11,2354.800048828125,7.764211097889678
2024-04-12,2356.199951171875,7.764805410088767
2024-04-15,2365.800048828125,7.768871530750796
2024-04-16,2390.800048828125,7.7793833373734405
2024-04-17,2371.699951171875,7.771362255983032
2024-04-18,2382.300048828125,7.775821707065487
2024-04-19,2398.39990234375,7.782557086631083
2024-04-22,2332.199951171875,7.754567286149724
2024-04-23,2327.699951171875,7.752635913591029
2024-04-24,2324.5,7.751260241130639
2024-04-25,2329.800048828125,7.753537726923752
2024-04-26,2334.800048828125,7.75568153424283
2024-04-29,2345.39990234375,7.760211200389609
2024-04-30,2291.39990234375,7.736918220840929
2024-05-01,2299.89990234375,7.740620880250078
2024-05-02,2299.199951171875,7.740316494087754
2024-05-03,2299.0,7.740229524763182
2024-05-06,2321.60009765625,7.750011924194124
2024-05-07,2315.199951171875,7.747251334786979
2024-05-08,2313.60009765625,7.746560074174096
2024-05-09,2332.10009765625,7.754524470072458
2024-05-10,2367.300048828125,7.769505364821181
2024-05-13,2336.10009765625,7.756238193054161
2024-05-14,2353.39990234375,7.763616328534013
2024-05-15,2388.699951171875,7.778504543444617
2024-05-16,2380.0,7.77485576666552
2024-05-17,2412.199951171875,7.788294452906988
2024-05-20,2433.89990234375,7.797250147945767
2024-05-21,2421.699951171875,7.792225031703708
2024-05-22,2389.199951171875,7.7787138404211325
2024-05-23,2335.0,7.755767170102998
2024-05-24,2332.5,7.754695932721499
2024-05-28,2355.199951171875,7.764380907802506
2024-05-29,2340.300048828125,7.7580344261264225
2024-05-30,2342.89990234375,7.75914471559081
2024-05-31,2322.89990234375,7.750571642020127
2024-06-03,2346.60009765625,7.760722792605584
2024-06-04,2325.5,7.751690348664152
2024-06-05,2354.10009765625,7.763913809285012
2024-06-06,2370.300048828125,7.770771828996774
2024-06-07,2305.199951171875,7.742922698380781
2024-06-10,2307.699951171875,7.74400661535175
2024-06-11,2307.5,7.743919966377007
2024-06-12,2336.0,7.756195343948118
2024-06-13,2300.199951171875,7.740751333430707
2024-06-14,2331.39990234375,7.754224182598346
2024-06-17,2312.39990234375,7.746041182976764
2024-06-18,2330.39990234375,7.7537951637398645
2024-06-20,2353.800048828125,7.7637863431879435
2024-06-21,2316.39990234375,7.747769493193004
2024-06-24,2330.0,7.753623546559746
2024-06-25,2316.60009765625,7.747855914653234
2024-06-26,2299.199951171875,7.740316494087754
2024-06-27,2324.5,7.751260241130639
2024-06-28,2327.699951171875,7.752635913591029
2024-07-01,2327.60009765625,7.7525930147382836
2024-07-02,2323.0,7.750614732770409
2024-07-03,2359.800048828125,7.766332169357455
2024-07-05,2388.5,7.778420832830016
2024-07-08,2355.199951171875,7.764380907802506
2024-07-09,2360.10009765625,7.766459311381319
2024-07-10,2372.199951171875,7.771573053011698
2024-07-11,2415.0,7.789454566086673
2024-07-12,2414.0,7.789040401657477
2024-07-15,2422.89990234375,7.7927204085078605
2024-07-16,2462.39990234375,7.808891723425643
2024-07-17,2454.800048828125,7.805800590405819
2024-07-18,2451.800048828125,7.804577747576109
2024-07-19,2395.5,7.781347256323177
2024-07-22,2392.0,7.779885115070522
2024-07-23,2404.60009765625,7.785138889153072
2024-07-24,2413.300048828125,7.788750404694495
2024-07-25,2351.89990234375,7.76297874958556
2024-07-26,2380.0,7.77485576666552
2024-07-29,2377.300048828125,7.773720689443547
2024-07-30,2405.0,7.785305182539862
2024-07-31,2426.5,7.794205168845271
2024-08-01,2435.0,7.79770203551669
2024-08-02,2425.699951171875,7.793875401381676
2024-08-05,2401.699951171875,7.783932078589066
2024-08-06,2389.10009765625,7.778672045843722
2024-08-07,2390.5,7.779257828066158
2024-08-08,2422.199951171875,7.792431476928365
2024-08-09,2432.10009765625,7.796510400814827
2024-08-12,2462.39990234375,7.808891723425643
2024-08-13,2466.699951171875,7.8106364841514395
2024-08-14,2439.39990234375,7.79950734637624
2024-08-15,2453.10009765625,7.805107849645363
2024-08-16,2498.60009765625,7.823485893082116
2024-08-19,2501.800048828125,7.824765771297838
2024-08-20,2511.300048828125,7.828555845777486
2024-08-21,2508.39990234375,7.827400339737175
2024-08-22,2478.89990234375,7.8155701529802535
2024-08-23,2508.39990234375,7.827400339737175
2024-08-26,2517.699951171875,7.831101045936028
2024-08-27,2516.0,7.830425617820331
2024-08-28,2501.0,7.824445930877619
2024-08-29,2525.699951171875,7.834273511679216
2024-08-30,2493.800048828125,7.821562950142294
2024-09-03,2489.89990234375,7.819997788788769
2024-09-04,2493.39990234375,7.821402480744976
2024-09-05,2511.39990234375,7.828595606669679
2024-09-06,2493.5,7.821442624986177
2024-09-09,2501.800048828125,7.824765771297838
2024-09-10,2512.300048828125,7.828953966644502
2024-09-11,2512.10009765625,7.82887437458728
2024-09-12,2551.199951171875,7.84431909655657
2024-09-13,2581.300048828125,7.856048445897884
2024-09-16,2580.39990234375,7.8556996668126935
2024-09-17,2564.300048828125,7.849440834917736
2024-09-18,2570.699951171875,7.851933495349086
2024-09-19,2588.0,7.858640655620791
2024-09-20,2619.89990234375,7.870891390812996
2024-09-23,2626.5,7.873407440394017
2024-09-24,2651.199951171875,7.882767628254931
2024-09-25,2659.199951171875,7.885780586299169
2024-09-26,2669.89990234375,7.889796260932641
2024-09-27,2644.300048828125,7.880161677448205
2024-09-30,2636.10009765625,7.877055868215637
2024-10-01,2667.300048828125,7.888822022101402
2024-10-02,2647.10009765625,7.881220017022597
2024-10-03,2657.10009765625,7.884990618236591
2024-10-04,2645.800048828125,7.880728774483236
2024-10-07,2644.800048828125,7.880350745528695
2024-10-08,2615.0,7.869019376499023
2024-10-09,2606.0,7.8655717576847906
2024-10-10,2620.60009765625,7.871158615435328
2024-10-11,2657.60009765625,7.88517877560506
2024-10-14,2647.800048828125,7.881484403944573
2024-10-15,2661.39990234375,7.886607542416078
2024-10-16,2674.0,7.891330757661889
2024-10-17,2691.0,7.897668150726906
2024-10-18,2713.699951171875,7.90606827834049
2024-10-21,2723.10009765625,7.909526252062851
2024-10-22,2744.199951171875,7.917244854693865
2024-10-23,2714.39990234375,7.906326177492916
2024-10-24,2734.89990234375,7.913850115408907
2024-10-25,2740.89990234375,7.91604157697261
2024-10-28,2742.89990234375,7.916770998235205
2024-10-29,2768.39990234375,7.926024779692368
2024-10-30,2788.5,7.933259095829609
2024-10-31,2738.300048828125,7.915092586706181
2024-11-01,2738.60009765625,7.91520215555732
2024-11-04,2736.10009765625,7.914288863473888
2024-11-05,2740.300048828125,7.915822700258254
2024-11-06,2667.60009765625,7.888934507366431
2024-11-07,2698.39990234375,7.900414247557012
2024-11-08,2687.5,7.896366672435918
2024-11-11,2611.199951171875,7.867565146070291
2024-11-12,2600.0,7.8632667240095735
2024-11-13,2580.800048828125,7.8558547262907075
2024-11-14,2568.199951171875,7.850960524384587
2024-11-15,2565.699951171875,7.849986605825533
2024-11-18,2610.60009765625,7.867335396362277
2024-11-19,2627.10009765625,7.873635892368931
2024-11-20,2648.199951171875,7.881635424467425
2024-11-21,2672.10009765625,7.890619995652563
2024-11-22,2709.89990234375,7.904666976787061
2024-11-25,2616.800048828125,7.869707494883653
2024-11-26,2620.300048828125,7.87104411265143
2024-11-27,2639.89990234375,7.878496279642658
2024-11-29,2657.0,7.884952945759814
2024-12-02,2634.89990234375,7.876600472528579
2024-12-03,2644.699951171875,7.880312897846962
2024-12-04,2653.800048828125,7.88374787250166
2024-12-05,2626.60009765625,7.873445550330778
2024-12-06,2638.60009765625,7.8780037894603065
2024-12-09,2664.89990234375,7.887921775798393
2024-12-10,2697.60009765625,7.900117804008696
2024-12-11,2733.800048828125,7.913447879579452
2024-12-12,2687.5,7.896366672435918
2024-12-13,2656.0,7.884576510596324
2024-12-16,2651.39990234375,7.882843044532792
2024-12-17,2644.39990234375,7.880199438529968
2024-12-18,2636.5,7.877207558970524
2024-12-19,2592.199951171875,7.860262196152717
2024-12-20,2628.699951171875,7.874244687814029
2024-12-23,2612.300048828125,7.86798635701028
2024-12-24,2620.0,7.8709295967551425
2024-12-26,2638.800048828125,7.878079565852628
2024-12-27,2617.199951171875,7.869860304338956
2024-12-30,2606.10009765625,7.865610167406165
2024-12-31,2629.199951171875,7.8744348778179445
2025-01-02,2658.89990234375,7.885667745684397
2025-01-03,2645.0,7.8804263442924
2025-01-06,2638.39990234375,7.877927914791898
2025-01-07,2656.699951171875,7.884840011709641
2025-01-08,2664.5,7.8877717017368365
2025-01-09,2683.800048828125,7.89498899786051
2025-01-10,2708.5,7.904150255097954
2025-01-13,2673.5,7.891143754388787
2025-01-14,2677.5,7.892638802321904
2025-01-15,2712.5,7.905625997848715
2025-01-16,2746.39990234375,7.9180462065855695
2025-01-17,2744.300048828125,7.917281330108373
2025-01-21,2755.0,7.9211727215870145
2025-01-22,2767.60009765625,7.925735832910192
2025-01-23,2763.10009765625,7.92410855215582
2025-01-24,2777.300048828125,7.929234529301571
2025-01-27,2737.5,7.914800374124757
2025-01-28,2766.800048828125,7.925446714374299
2025-01-29,2769.10009765625,7.926277671905906
2025-01-30,2823.0,7.945555428253489
2025-01-31,2812.5,7.941829046512676
2025-02-03,2833.89990234375,7.949409099352944
2025-02-04,2853.300048828125,7.95623151526931
2025-02-05,2871.60009765625,7.962624678709936
2025-02-06,2856.0,7.957177323459475
2025-02-07,2867.300048828125,7.961126116433862
2025-02-10,2914.300048828125,7.977384949480431
2025-02-11,2912.5,7.976767097873956
2025-02-12,2909.0,7.975564658495202
2025-02-13,2925.89990234375,7.981357371269596
2025-02-14,2883.60009765625,7.9667948263965105
2025-02-18,2931.60009765625,7.983303661363282
2025-02-19,2919.39990234375,7.979133361245682
2025-02-20,2940.0,7.986164860332727
2025-02-21,2937.60009765625,7.98534823366972
2025-02-24,2947.89990234375,7.988848298303912
2025-02-25,2904.5,7.974016537432587
2025-02-26,2916.800048828125,7.978242420664705
2025-02-27,2883.199951171875,7.966656050478625
2025-02-28,2836.800048828125,7.950431952532339
2025-03-03,2890.199951171875,7.969080965969854
2025-03-04,2909.60009765625,7.975770927236241
2025-03-05,2915.300048828125,7.977728026190001
2025-03-06,2916.60009765625,7.978173866762372
2025-03-07,2904.699951171875,7.974085376919482
2025-03-10,2891.0,7.969357742016346
2025-03-11,2912.89990234375,7.976904393974166
2025-03-12,2939.10009765625,7.985858724245289
2025-03-13,2984.300048828125,8.001120508824924
2025-03-14,2994.5,8.004532551704518
2025-03-17,3000.0,8.006367567650246
2025-03-18,3035.10009765625,8.017999684055582
2025-03-19,3035.89990234375,8.018263167729483
2025-03-20,3040.0,8.019612794400267
2025-03-21,3018.199951171875,8.012415890006555
2025-03-24,3013.10009765625,8.010724760502212
2025-03-25,3023.699951171875,8.014236509880472
2025-03-26,3020.89990234375,8.013310046889949
2025-03-27,3060.199951171875,8.026235536331852
2025-03-28,3086.5,8.03479304183395
2025-03-31,3122.800048828125,8.046485329882143
2025-04-01,3118.89990234375,8.045235623224508
2025-04-02,3139.89990234375,8.051946200159703
2025-04-03,3097.0,8.038189179973203
2025-04-04,3012.0,8.010359588919783
2025-04-07,2951.300048828125,7.990001046774565
2025-04-08,2968.39990234375,7.995778333197363
2025-04-09,3056.5,8.02502574946878
2025-04-10,3155.199951171875,8.05680714893287
2025-04-11,3222.199951171875,8.077819619903226
2025-04-14,3204.800048828125,8.072404980147489
2025-04-15,3218.699951171875,8.076732815140671
2025-04-16,3326.60009765625,8.109706069712608
2025-04-17,3308.699951171875,8.104310627222715
2025-04-21,3406.199951171875,8.133352565069663
2025-04-22,3400.800048828125,8.131765991402416
2025-04-23,3276.300048828125,8.094470030775227
2025-04-24,3332.0,8.111328003286733
2025-04-25,3282.39990234375,8.0963301113765
2025-04-28,3332.5,8.111478052052863
2025-04-29,3318.800048828125,8.107358565502714
2025-04-30,3305.0,8.103191752285786
2025-05-01,3210.0,8.07402621612406
2025-05-02,3231.89990234375,8.080825448351897
2025-05-05,3311.300048828125,8.105096155255932
2025-05-06,3411.39990234375,8.134878014580329
2025-05-07,3381.39990234375,8.126045075022446
2025-05-08,3296.60009765625,8.10064694292058
2025-05-09,3335.39990234375,8.112347861908756
2025-05-12,3220.0,8.077136638538454
2025-05-13,3240.300048828125,8.083421212161552
2025-05-14,3181.39990234375,8.065076599768261
2025-05-15,3220.699951171875,8.077353991056018
2025-05-16,3182.0,8.065265208897733
2025-05-19,3228.89990234375,8.079896770693928
2025-05-20,3280.300048828125,8.095690175495562
2025-05-21,3309.300048828125,8.104491980398265
2025-05-22,3292.300048828125,8.099341702488031
2025-05-23,3363.60009765625,8.120767136991995
2025-05-27,3299.10009765625,8.101405012585873
2025-05-28,3293.60009765625,8.099736500106001
2025-05-29,3317.10009765625,8.106846215656715
2025-05-30,3288.89990234375,8.098308411655925
2025-06-02,3370.60009765625,8.122846078014877
2025-06-03,3350.199951171875,8.116775309954896
2025-06-04,3373.5,8.12370606006748
2025-06-05,3350.699951171875,8.116924543642376
2025-06-06,3322.699951171875,8.108532969716217
2025-06-09,3332.10009765625,8.111358044148902
2025-06-10,3320.89990234375,8.107991080104602
2025-06-11,3321.300048828125,8.10811156623504
2025-06-12,3380.89990234375,8.125897196337576
2025-06-13,3431.199951171875,8.140665318972044
2025-06-16,3396.39990234375,8.130471297372337
2025-06-17,3386.60009765625,8.127581776067315
2025-06-18,3389.800048828125,8.12852621598838
2025-06-20,3368.10009765625,8.122104095127305
2025-06-23,3377.699951171875,8.124950269021166
2025-06-24,3317.39990234375,8.106936593134355
2025-06-25,3327.10009765625,8.10985636202704
2025-06-26,3333.5,8.111778082058114
2025-06-27,3273.699951171875,8.093676107785052
2025-06-30,3294.39990234375,8.099979306630418
2025-07-01,3336.699951171875,8.11273755896759
2025-07-02,3348.0,8.116118431609365
2025-07-03,3331.60009765625,8.111207977373303
2025-07-04,3332.5,8.111478052052863
2025-07-07,3332.199951171875,8.111388010841548
2025-07-08,3307.0,8.103796712981794
2025-07-09,3311.60009765625,8.105186764753794
2025-07-10,3317.39990234375,8.106936593134355
2025-07-11,3356.0,8.118505067587098
2025-07-14,3351.5,8.117163285798012
2025-07-15,3329.800048828125,8.110667535774732
2025-07-16,3352.5,8.117461615155834
2025-07-17,3340.10009765625,8.113756054879833
2025-07-18,3353.0,8.117610746466228
2025-07-21,3401.89990234375,8.132089349343557
2025-07-22,3439.199951171875,8.142994150984547
2025-07-23,3394.10009765625,8.129793937892053
2025-07-24,3371.0,8.12296471523406
2025-07-25,3334.0,8.111928063310739
2025-07-28,3309.10009765625,8.104431557586858
2025-07-29,3323.39990234375,8.108743604882672
2025-07-30,3295.800048828125,8.100404224391887
2025-07-31,3293.199951171875,8.099615000597316
2025-08-01,3347.699951171875,8.11602880727419
2025-08-04,3374.39990234375,8.123972780784179
2025-08-05,3381.89990234375,8.126192931842445
2025-08-06,3380.0,8.125630988477065
2025-08-07,3400.300048828125,8.131618956365811
2025-08-08,3439.10009765625,8.14296511662579
2025-08-11,3353.10009765625,8.117640599183844
2025-08-12,3348.89990234375,8.1163871835281
2025-08-13,3358.699951171875,8.119309258790581
2025-08-14,3335.199951171875,8.112287911926348
2025-08-15,3336.0,8.112527763478637
2025-08-18,3331.699951171875,8.111237948563224
2025-08-19,3313.39990234375,8.105730102031313
2025-08-20,3343.39990234375,8.114743503059865
2025-08-21,3336.89990234375,8.112797482000532
2025-08-22,3374.39990234375,8.123972780784179
2025-08-25,3373.800048828125,8.12379499899895
2025-08-26,3388.60009765625,8.128172164543061
2025-08-27,3404.60009765625,8.132882766064089
2025-08-28,3431.800048828125,8.140840198079658
2025-08-29,3473.699951171875,8.152975573229819
2025-09-02,3549.39990234375,8.17453382658701
2025-09-03,3593.199951171875,8.186798435766015
2025-09-04,3565.800048828125,8.179143725294125
2025-09-05,3613.199951171875,8.192349071761871
2025-09-08,3638.10009765625,8.199216873173507
2025-09-09,3643.300048828125,8.200645156731959
2025-09-10,3643.60009765625,8.200727509672786
2025-09-11,3636.89990234375,8.19888692256914
2025-09-12,3649.39990234375,8.2023180227429
2025-09-15,3682.199951171875,8.211265665362522
2025-09-16,3688.89990234375,8.213083563139017
2025-09-17,3681.800048828125,8.211157055274487
2025-09-18,3643.699951171875,8.200754914477026
2025-09-19,3671.5,8.208355576891664
2025-09-22,3740.699951171875,8.227028025617445
2025-09-23,3780.60009765625,8.23763803200695
2025-09-24,3732.10009765625,8.224726383058846
2025-09-25,3736.89990234375,8.226011643561785
2025-09-26,3775.300048828125,8.236235141657787
2025-09-29,3820.89990234375,8.248241250386604
2025-09-30,3840.800048828125,8.25343596992974
2025-10-01,3867.5,8.260363582447221
2025-10-02,3839.699951171875,8.253149504813205
2025-10-03,3880.800048828125,8.263796609512982
2025-10-06,3948.5,8.281091038937635
2025-10-07,3976.60009765625,8.288182486381706
2025-10-08,4043.300048828125,8.304816481289226
2025-10-09,3946.300048828125,8.280533722421648
2025-10-10,3975.89990234375,8.288006391992694
2025-10-13,4108.60009765625,8.320837640627152
2025-10-14,4138.7001953125,8.328137055037917
2025-10-15,4176.89990234375,8.33732460020327
2025-10-16,4280.2001953125,8.361755062087669
2025-10-17,4189.89990234375,8.340432122975391
2025-10-20,4336.39990234375,8.374799767267016
2025-10-21,4087.699951171875,8.315737731726966
2025-10-22,4044.39990234375,8.305088463071202
2025-10-23,4125.5,8.324942503544397
2025-10-24,4118.39990234375,8.323219993689625
2025-10-27,4001.89990234375,8.294524502922767
2025-10-28,3966.199951171875,8.285563724140669
2025-10-29,3983.699951171875,8.289966302407413
2025-10-30,4001.300048828125,8.294374599504033
2025-10-31,3982.199951171875,8.28958969711834
2025-11-03,4000.300048828125,8.294124649495783
2025-11-04,3947.699951171875,8.280888397455453
2025-11-05,3980.300048828125,8.289112484589658
2025-11-06,3979.89990234375,8.289011947797325
2025-11-07,3999.39990234375,8.293899604433177
2025-11-10,4111.7998046875,8.321616120319346
2025-11-11,4106.7998046875,8.320399367866491
2025-11-12,4204.39990234375,8.343886851722043
2025-11-13,4186.89990234375,8.339715858960922
2025-11-14,4087.60009765625,8.315713303628906
2025-11-17,4068.300048828125,8.310980512764104
2025-11-18,4061.300048828125,8.309258410410761
2025-11-19,4077.699951171875,8.31328837098063
2025-11-20,4056.5,8.30807581183512
2025-11-21,4076.699951171875,8.313043104617195
2025-11-24,4091.89990234375,8.316764664979495
2025-11-25,4139.2001953125,8.328257858617814
2025-11-26,4165.2001953125,8.334519619547246
2025-11-28,4218.2998046875,8.347187435963644
2025-12-01,4239.2998046875,8.352153394184935
2025-12-02,4186.60009765625,8.339644250986328
2025-12-03,4199.2998046875,8.342673077203631
2025-12-04,4211.7998046875,8.345645342372986
2025-12-05,4212.89990234375,8.345906502461952
2025-12-08,4187.2001953125,8.339787578421014
2025-12-09,4206.7001953125,8.34443381775488
2025-12-10,4196.39990234375,8.341982270585895
2025-12-11,4285.5,8.362992510338938
2025-12-12,4300.10009765625,8.366393579935423
2025-12-15,4306.7001953125,8.367927273927458
2025-12-16,4304.5,8.36741626609801
2025-12-17,4347.5,8.377356246228437
2025-12-18,4339.5,8.3755144130843
2025-12-19,4361.39990234375,8.380548363327613
2025-12-22,4444.60009765625,8.399445177119254
2025-12-23,4482.7998046875,8.408003086608563
2025-12-24,4480.60009765625,8.40751226680818
2025-12-26,4529.10009765625,8.418278544803755
2025-12-29,4325.10009765625,8.372190563064926
2025-12-30,4370.10009765625,8.382541193469468
2025-12-31,4325.60009765625,8.372306160644143
2026-01-02,4314.39990234375,8.369713521388062
2026-01-05,4436.89990234375,8.397711191364179
2026-01-06,4482.2001953125,8.407869319876628
2026-01-07,4449.2998046875,8.40050201551867
2026-01-08,4449.7001953125,8.400592001050814
2026-01-09,4490.2998046875,8.409674750152496
2026-01-12,4604.2998046875,8.434745886029118
2026-01-13,4589.2001953125,8.431461038484148
2026-01-14,4626.2998046875,8.439512649313857
2026-01-15,4616.2998046875,8.437348755101262
2026-01-16,4588.39990234375,8.431286637123822
2026-01-20,4759.60009765625,8.467918930598742
2026-01-21,4831.7998046875,8.482974307607247
2026-01-22,4908.7998046875,8.498784751944644
2026-01-23,4976.2001953125,8.512421865786672
2026-01-26,5079.7001953125,8.533007522160208
2026-01-27,5079.89990234375,8.533046836115355
2026-01-28,5301.60009765625,8.575763959194164
2026-01-29,5318.39990234375,8.578927766859113
2026-01-30,4713.89990234375,8.458270849147539
2026-02-02,4622.5,8.43869096326128
2026-02-03,4903.7001953125,8.49774534102304
2026-02-04,4920.39990234375,8.501145087147412
2026-02-05,4861.39990234375,8.48908172116707
2026-02-06,4951.2001953125,8.507385289872659
2026-02-09,5050.89990234375,8.527321704877853
2026-02-10,5003.7998046875,8.517952863729644
2026-02-11,5071.60009765625,8.531411647909303
2026-02-12,4923.7001953125,8.501815599039745
2026-02-13,5022.0,8.52158353971753
2026-02-17,4882.89990234375,8.493494564638718
2026-02-18,4986.5,8.514489539841923
2026-02-19,4975.89990234375,8.512361518128209
2026-02-20,5059.2998046875,8.528983374186064
2026-02-23,5204.7001953125,8.55731738002657
2026-02-24,5155.7998046875,8.547877535665137
2026-02-25,5206.39990234375,8.557643898267756
2026-02-26,5176.5,8.551884431206167
2026-02-27,5230.5,8.562262154783815
2026-03-02,5294.39990234375,8.57440491872215
2026-03-03,5107.39990234375,8.538445728329147
2026-03-04,5120.2001953125,8.540948817916115
2026-03-05,5065.2998046875,8.530168606379707
2026-03-06,5146.10009765625,8.545994444198614
2026-03-09,5091.5,8.53532776161172
2026-03-10,5229.7001953125,8.562109231383857
2026-03-11,5167.39990234375,8.550124920752683
2026-03-12,5115.7998046875,8.540089030714851
2026-03-13,5052.5,8.527638449277775
2026-03-16,4994.0,8.515992470839718
2026-03-17,5001.0,8.517393171418904
2026-03-18,4889.89990234375,8.494927112391053
2026-03-19,4600.7001953125,8.433963787265732
2026-03-20,4570.39990234375,8.42735598604314
2026-03-23,4404.10009765625,8.390291226389055
2026-03-24,4399.2998046875,8.389200671944693
2026-03-25,4549.7998046875,8.422838512007234
2026-03-26,4375.5,8.383776077975886
2026-03-27,4492.0,8.410053315858335
2026-03-30,4526.0,8.417593826193484
2026-03-31,4647.60009765625,8.444106257320895
2026-04-01,4783.2001953125,8.472865098399714
2026-04-02,4651.5,8.444945027208613
2026-04-06,4656.7998046875,8.44608375401617
2026-04-07,4657.10009765625,8.446148236772482
2026-04-08,4749.5,8.465794628330237
2026-04-09,4792.2001953125,8.474744915907731
2026-04-10,4761.89990234375,8.468402006738472
2026-04-13,4742.39990234375,8.464298595069556
2026-04-14,4825.0,8.481566013773087
2026-04-15,4800.0,8.476371196895983
2026-04-16,4785.39990234375,8.473324874552453
2026-04-17,4857.60009765625,8.488299787865062
2026-04-20,4806.60009765625,8.477745272766242
2026-04-21,4698.39990234375,8.454977283423307
2026-04-22,4732.5,8.462208883083479
2026-04-23,4705.10009765625,8.456402326534143
2026-04-24,4722.2998046875,8.460051206669272
2026-04-27,4675.39990234375,8.450069978672687
2026-04-28,4591.5,8.431962047053577
2026-04-29,4545.2001953125,8.42182705301501
2026-04-30,4614.7001953125,8.437002181730875
2026-05-01,4629.89990234375,8.440290527482377
2026-05-04,4519.5,8.416156647238466
2026-05-05,4555.7998046875,8.424156382576067
2026-05-06,4681.89990234375,8.45145926857066
2026-05-07,4699.7998046875,8.455275192043628
2026-05-08,4720.39990234375,8.459648800063464
2026-05-11,4718.7001953125,8.459288658305873
2026-05-12,4677.60009765625,8.450540457738887
2026-05-13,4697.7001953125,8.454828347795702
2026-05-14,4678.10009765625,8.450647344447532
2026-05-15,4555.7998046875,8.424156382576067
2026-05-18,4552.5,8.423431811601763
2026-05-19,4506.2998046875,8.413231653330019
2026-05-20,4531.2998046875,8.41876410992189
2026-05-21,4539.7998046875,8.42063819417933
2026-05-22,4521.0,8.416488487294606
2026-05-26,4500.39990234375,8.411921538997456
2026-05-27,4447.5,8.400097419539991
2026-05-28,4499.2998046875,8.411677064693304
2026-05-29,4560.5,8.425187545620213
2026-06-01,4475.2001953125,8.406306366090995
2026-06-02,4489.10009765625,8.409407536964212
2026-06-03,4436.7001953125,8.397666179862853
2026-06-04,4475.7998046875,8.406440342043604
2026-06-05,4337.10009765625,8.374961223498993
2026-06-08,4335.89990234375,8.374684457600189
2026-06-09,4260.0,8.357024439263416
2026-06-10,4108.2001953125,8.320740302897182
2026-06-11,4090.300048828125,8.316373607917688
2026-06-12,4215.0,8.346404870435956
2026-06-15,4328.0,8.372860820526318
2026-06-16,4330.89990234375,8.373530629043536
2026-06-17,4358.89990234375,8.379974988529845
2026-06-18,4224.10009765625,8.34856152246712
2026-06-22,4181.89990234375,8.338520944346731
2026-06-23,4129.89990234375,8.326008448940723
2026-06-24,3990.300048828125,8.291621707264065
2026-06-25,4030.5,8.301645716723655
2026-06-26,4078.699951171875,8.313533577203224
2026-06-29,4022.300048828125,8.299609169446613
2026-06-30,4022.89990234375,8.299758290293921
2026-07-01,4068.300048828125,8.310980512764104
2026-07-02,4112.7001953125,8.321835073600054
2026-07-06,4155.10009765625,8.332091797891366
2026-07-07,4145.2998046875,8.329730394190795
2026-07-08,4070.89990234375,8.311619360223228
2026-07-09,4130.60009765625,8.326177977495696
2026-07-10,4128.89990234375,8.325766283001716
