date,close,logprice
2010-07-12,1821.030029296875,7.507157570144565
2010-07-13,1845.030029296875,7.520250832383841
2010-07-14,1853.4100341796875,7.524782483068921
2010-07-15,1856.239990234375,7.52630821007014
2010-07-16,1803.47998046875,7.497473399904246
2010-07-19,1819.280029296875,7.5061961135067286
2010-07-20,1840.6700439453125,7.517884938633045
2010-07-21,1817.300048828125,7.505107188955715
2010-07-22,1863.0999755859375,7.529997032922308
2010-07-23,1875.3800048828125,7.536566587140702
2010-07-26,1890.4000244140625,7.544543738787458
2010-07-27,1888.81005859375,7.543702311145598
2010-07-28,1872.6199951171875,7.535093796177777
2010-07-29,1860.300048828125,7.528493070271388
2010-07-30,1864.0,7.530479995245536
2010-08-02,1898.989990234375,7.549077439726448
2010-08-03,1891.81005859375,7.545289352708455
2010-08-04,1909.199951171875,7.554439559556566
2010-08-05,1904.949951171875,7.552211014864955
2010-08-06,1902.8800048828125,7.551123809544947
2010-08-09,1915.1700439453125,7.55756169346653
2010-08-10,1899.239990234375,7.549209079991333
2010-08-11,1845.3800048828125,7.520440499972941
2010-08-12,1832.1700439453125,7.5132563596741235
2010-08-13,1818.800048828125,7.505932248797196
2010-08-16,1821.510009765625,7.5074211117756136
2010-08-17,1845.3699951171875,7.520435075728208
2010-08-18,1850.800048828125,7.523373283415017
2010-08-19,1823.0,7.508238774678663
2010-08-20,1825.75,7.509746140500219
2010-08-23,1808.31005859375,7.500148018833988
2010-08-24,1775.27001953125,7.48170781401946
2010-08-25,1790.8800048828125,7.490462400867445
2010-08-26,1769.02001953125,7.478181010959091
2010-08-27,1791.6400146484375,7.490886688672053
2010-08-30,1772.0699462890625,7.479903603461077
2010-08-31,1767.4300537109375,7.47728182341536
2010-09-01,1820.050048828125,7.506619279048853
2010-09-02,1840.5799560546875,7.517835994447975
2010-09-03,1870.31005859375,7.53385950283884
2010-09-07,1856.5,7.5264482736171345
2010-09-08,1880.0,7.539027055823995
2010-09-09,1886.1400146484375,7.542287699381857
2010-09-10,1892.3399658203125,7.545569419421776
2010-09-13,1921.6700439453125,7.5609499015072155
2010-09-14,1928.5899658203125,7.5645444272318425
2010-09-15,1939.5999755859375,7.570237032644034
2010-09-16,1948.1099853515625,7.57461494326139
2010-09-17,1955.8299560546875,7.578569912283369
2010-09-20,1989.4300537109375,7.595603471526362
2010-09-21,1989.1099853515625,7.595442574133386
2010-09-22,1982.760009765625,7.592245097376168
2010-09-23,1982.1500244140625,7.591937405473392
2010-09-24,2023.8399658203125,7.612751959010699
2010-09-27,2010.989990234375,7.606382412253738
2010-09-28,2012.4300537109375,7.607098252768687
2010-09-29,2009.0799560546875,7.605432162955127
2010-09-30,1998.0400390625,7.59992199857853
2010-10-01,1996.5999755859375,7.5992010006745065
2010-10-04,1975.3299560546875,7.588490729737996
2010-10-05,2024.6300048828125,7.613142249208352
2010-10-06,2006.52001953125,7.604157166996471
2010-10-07,2011.6300048828125,7.6067006201155865
2010-10-08,2027.030029296875,7.614326960992918
2010-10-11,2026.97998046875,7.614302269969459
2010-10-12,2041.550048828125,7.621464626172143
2010-10-13,2057.25,7.629125418485822
2010-10-14,2054.510009765625,7.627792660429203
2010-10-15,2097.72998046875,7.6486110773695195
2010-10-18,2104.14990234375,7.651666817680797
2010-10-19,2069.72998046875,7.635173433532833
2010-10-20,2085.75,7.642883781782184
2010-10-21,2090.10009765625,7.644967237427425
2010-10-22,2104.2099609375,7.651695360198882
2010-10-25,2113.550048828125,7.656124300269699
2010-10-26,2119.050048828125,7.658723177068243
2010-10-27,2125.8798828125,7.6619410581582965
2010-10-28,2129.72998046875,7.663750480934528
2010-10-29,2124.449951171875,7.661268201344625
2010-11-01,2128.419921875,7.663135162702371
2010-11-02,2151.719970703125,7.674022787676711
2010-11-03,2158.360107421875,7.6771040028057955
2010-11-04,2187.800048828125,7.690651774004058
2010-11-05,2186.7099609375,7.6901533922832455
2010-11-08,2188.93994140625,7.691172660602961
2010-11-09,2176.8798828125,7.685647884155362
2010-11-10,2187.739990234375,7.690624322035516
2010-11-11,2173.110107421875,7.683914649668468
2010-11-12,2137.949951171875,7.66760268213039
2010-11-15,2131.47998046875,7.664571843934439
2010-11-16,2093.6298828125,7.646654624524705
2010-11-17,2100.0,7.649692623711514
2010-11-18,2134.77001953125,7.666114200671486
2010-11-19,2135.27001953125,7.666348390514069
2010-11-22,2150.860107421875,7.67362309108672
2010-11-23,2116.610107421875,7.657571081958567
2010-11-24,2160.52001953125,7.6781042214856186
2010-11-26,2153.909912109375,7.675040033308454
2010-11-29,2144.56005859375,7.670689709437359
2010-11-30,2117.330078125,7.657911176848203
2010-12-01,2162.830078125,7.679172864441386
2010-12-02,2185.300048828125,7.689508420220006
2010-12-03,2191.169921875,7.692190891072527
2010-12-06,2189.81005859375,7.691570087813445
2010-12-07,2189.35009765625,7.69136001970779
2010-12-08,2200.60009765625,7.696485373812913
2010-12-09,2201.570068359375,7.696926052242979
2010-12-10,2215.340087890625,7.703161209244471
2010-12-13,2207.449951171875,7.699593260045276
2010-12-14,2212.590087890625,7.70191909374382
2010-12-15,2202.449951171875,7.697325633907143
2010-12-16,2218.02001953125,7.704370193807924
2010-12-17,2218.2900390625,7.704491925394769
2010-12-20,2223.0400390625,7.706630925076174
2010-12-21,2234.570068359375,7.711804125393337
2010-12-22,2235.909912109375,7.712403543709032
2010-12-23,2230.27001953125,7.70987794211556
2010-12-27,2229.860107421875,7.70969413038861
2010-12-28,2227.419921875,7.708599208923222
2010-12-29,2231.639892578125,7.7104919720340925
2010-12-30,2225.719970703125,7.7078357245973494
2010-12-31,2217.860107421875,7.704298094425223
2011-01-03,2254.22998046875,7.720563721545972
2011-01-04,2251.4599609375,7.719334156300135
2011-01-05,2270.39990234375,7.727711263392982
2011-01-06,2277.510009765625,7.730838024191689
2011-01-07,2276.699951171875,7.7304822836310905
2011-01-10,2284.3798828125,7.733849880418759
2011-01-11,2288.72998046875,7.735752349022557
2011-01-12,2304.8798828125,7.742783842494802
2011-01-13,2305.530029296875,7.743065876631063
2011-01-14,2323.429931640625,7.750799791685825
2011-01-18,2328.7900390625,7.753104115138901
2011-01-19,2303.320068359375,7.742106869043466
2011-01-20,2286.080078125,7.734593873542189
2011-01-21,2268.320068359375,7.726794778505886
2011-01-24,2300.389892578125,7.7408339060628295
2011-01-25,2304.030029296875,7.742415055279837
2011-01-26,2314.18994140625,7.74681498796587
2011-01-27,2330.070068359375,7.753653618364828
2011-01-28,2270.510009765625,7.7277597591456075
2011-01-31,2281.909912109375,7.732768052039506
2011-02-01,2324.949951171875,7.7514537914120725
2011-02-02,2321.090087890625,7.7497922197782385
2011-02-03,2323.070068359375,7.750644895190842
2011-02-04,2338.199951171875,7.757136660689935
2011-02-07,2349.199951171875,7.761830102863363
2011-02-08,2363.610107421875,7.767945435745112
2011-02-09,2360.949951171875,7.7668193387125335
2011-02-10,2364.35009765625,7.768258463016206
2011-02-11,2379.14990234375,7.77449851897098
2011-02-14,2385.60009765625,7.777205984946192
2011-02-15,2381.919921875,7.775662131329576
2011-02-16,2397.93994140625,7.782365289988688
2011-02-17,2397.570068359375,7.7822110319236
2011-02-18,2392.469970703125,7.780081571818089
2011-02-22,2322.860107421875,7.750554510303553
2011-02-23,2300.93994140625,7.741072988610958
2011-02-24,2313.31005859375,7.746434703655506
2011-02-25,2346.2900390625,7.7605906528856385
2011-02-28,2350.989990234375,7.762591790868043
2011-03-01,2315.260009765625,7.747277275446982
2011-03-02,2326.77001953125,7.752236327103695
2011-03-03,2371.760009765625,7.77138757867754
2011-03-04,2359.9599609375,7.7663999321712875
2011-03-07,2328.070068359375,7.752794906490905
2011-03-08,2337.550048828125,7.756858672196993
2011-03-09,2322.68994140625,7.750481250511317
2011-03-10,2284.2900390625,7.7338105500440335
2011-03-11,2299.260009765625,7.740342615264958
2011-03-14,2290.719970703125,7.736621444822643
2011-03-15,2259.6201171875,7.722951988397623
2011-03-16,2202.969970703125,7.697561715616895
2011-03-17,2225.239990234375,7.707620049563279
2011-03-18,2221.070068359375,7.705744371509978
2011-03-21,2262.699951171875,7.724314047877698
2011-03-22,2257.9599609375,7.7222170124609395
2011-03-23,2270.5,7.727755350538006
2011-03-24,2312.090087890625,7.745907194383755
2011-03-25,2316.360107421875,7.747752313403077
2011-03-28,2303.10009765625,7.74201136290405
2011-03-29,2325.5400390625,7.751707565915418
2011-03-30,2336.52001953125,7.756417930274649
2011-03-31,2338.989990234375,7.7574744870685555
2011-04-01,2342.919921875,7.759153260320228
2011-04-04,2334.5400390625,7.755570165286618
2011-04-05,2327.8701171875,7.752709015708795
2011-04-06,2332.340087890625,7.754627372125026
2011-04-07,2332.8798828125,7.754858784546165
2011-04-08,2321.179931640625,7.749830926596081
2011-04-11,2314.5,7.746948960471325
2011-04-12,2298.300048828125,7.739925019436208
2011-04-13,2316.6298828125,7.74786877184201
2011-04-14,2311.25,7.7455437827013345
2011-04-15,2307.580078125,7.743954669187642
2011-04-18,2292.340087890625,7.737328447233378
2011-04-19,2306.77001953125,7.743603565095006
2011-04-20,2357.760009765625,7.765467298888686
2011-04-21,2377.300048828125,7.773720689443547
2011-04-25,2383.719970703125,7.776417559332658
2011-04-26,2396.030029296875,7.781568492252325
2011-04-27,2413.590087890625,7.7888705810625645
2011-04-28,2409.89990234375,7.787340491324929
2011-04-29,2404.080078125,7.784922605468457
2011-05-02,2404.239990234375,7.784989120220869
2011-05-03,2392.800048828125,7.780219527722009
2011-05-04,2387.510009765625,7.778006264918086
2011-05-05,2375.2099609375,7.772841117166548
2011-05-06,2383.179931640625,7.776190980601879
2011-05-09,2390.969970703125,7.779454408075033
2011-05-10,2411.35009765625,7.78794207612399
2011-05-11,2393.080078125,7.780336550835738
2011-05-12,2407.889892578125,7.786506079709725
2011-05-13,2379.239990234375,7.774536383833957
2011-05-16,2337.85009765625,7.756987024346173
2011-05-17,2343.510009765625,7.759405088642576
2011-05-18,2362.949951171875,7.7676660967560345
2011-05-19,2369.669921875,7.770505950959262
2011-05-20,2351.429931640625,7.762778903637571
2011-05-23,2316.780029296875,7.747933582202966
2011-05-24,2303.550048828125,7.742206711436714
2011-05-25,2310.949951171875,7.745413953255739
2011-05-26,2325.929931640625,7.751875208652658
2011-05-27,2336.090087890625,7.756233908226178
2011-05-31,2372.5400390625,7.7717164066588555
2011-06-01,2322.47998046875,7.7503908508311445
2011-06-02,2326.699951171875,7.7522062126472475
2011-06-03,2292.31005859375,7.737315347303867
2011-06-06,2274.47998046875,7.7295067252429215
2011-06-07,2268.9599609375,7.727076838496998
2011-06-08,2252.889892578125,7.719969067768011
2011-06-09,2256.64990234375,7.721636648411688
2011-06-10,2221.090087890625,7.705753384931621
2011-06-13,2222.280029296875,7.7062889880451655
2011-06-14,2250.340087890625,7.7188366339500405
2011-06-15,2209.010009765625,7.7002997347659505
2011-06-16,2199.929931640625,7.696180789584948
2011-06-17,2192.9599609375,7.693007490584776
2011-06-20,2204.360107421875,7.698192545048867
2011-06-21,2251.820068359375,7.719494087470438
2011-06-22,2235.75,7.712332021226291
2011-06-23,2255.050048828125,7.720927446292755
2011-06-24,2217.06005859375,7.703937299278138
2011-06-27,2252.239990234375,7.719680551181291
2011-06-28,2285.75,7.734449477044536
2011-06-29,2294.429931640625,7.738239695840007
2011-06-30,2325.070068359375,7.751505454496112
2011-07-01,2361.389892578125,7.767005662197111
2011-07-05,2371.2099609375,7.771155635893172
2011-07-06,2378.580078125,7.7742589827956134
2011-07-07,2412.889892578125,7.7885804336589715
2011-07-08,2405.889892578125,7.7856751318041955
2011-07-11,2362.0,7.767263996757308
2011-07-12,2343.7900390625,7.759524572906136
2011-07-13,2352.429931640625,7.76320408637861
2011-07-14,2325.06005859375,7.751501149341051
2011-07-15,2356.669921875,7.765004851498075
2011-07-18,2344.010009765625,7.759618421065611
2011-07-19,2398.169921875,7.78246119290813
2011-07-20,2387.800048828125,7.778127739360289
2011-07-21,2404.239990234375,7.784989120220869
2011-07-22,2429.5,7.795440753845957
2011-07-25,2424.14990234375,7.793236186178023
2011-07-26,2429.449951171875,7.79542015316942
2011-07-27,2367.159912109375,7.769446166213548
2011-07-28,2371.77001953125,7.771391799064284
2011-07-29,2362.81005859375,7.767606892489259
2011-08-01,2354.050048828125,7.763892548778626
2011-08-02,2292.85009765625,7.737550906824842
2011-08-03,2312.780029296875,7.746205555805324
2011-08-04,2207.199951171875,7.6994800007808735
2011-08-05,2194.3798828125,7.693654772069751
2011-08-08,2060.2900390625,7.630602047534255
2011-08-09,2160.7900390625,7.678229192629989
2011-08-10,2073.090087890625,7.636795569229399
2011-08-11,2167.070068359375,7.681131335281903
2011-08-12,2182.050048828125,7.68802010326476
2011-08-15,2214.1201171875,7.7026103652691384
2011-08-16,2194.27001953125,7.6936047050633976
2011-08-17,2181.6201171875,7.687823052788597
2011-08-18,2073.030029296875,7.6367665982434865
2011-08-19,2038.219970703125,7.619832142552422
2011-08-22,2044.72998046875,7.623021020868413
2011-08-23,2129.27001953125,7.66353448612857
2011-08-24,2145.0400390625,7.6709134974175095
2011-08-25,2108.2099609375,7.653594506664068
2011-08-26,2161.969970703125,7.678775108511168
2011-08-29,2223.9599609375,7.707044652032829
2011-08-30,2237.68994140625,7.713199336560024
2011-08-31,2241.010009765625,7.714681940442279
2011-09-01,2219.050048828125,7.7048344773551785
2011-09-02,2167.830078125,7.681481982239264
2011-09-06,2167.60009765625,7.681375888744666
2011-09-07,2223.75,7.706950238980045
2011-09-08,2214.2900390625,7.702687106975118
2011-09-09,2163.659912109375,7.679556470549999
2011-09-12,2191.840087890625,7.692496692802093
2011-09-13,2220.580078125,7.705523737187056
2011-09-14,2252.75,7.7199069711151465
2011-09-15,2286.56005859375,7.734803809358769
2011-09-16,2306.090087890625,7.743308766800796
2011-09-19,2308.760009765625,7.744465867082015
2011-09-20,2295.889892578125,7.738875800095325
2011-09-21,2258.300048828125,7.7223676184448875
2011-09-22,2184.590087890625,7.6891834871340325
2011-09-23,2206.860107421875,7.699326018394517
2011-09-26,2234.280029296875,7.711674320608407
2011-09-27,2253.550048828125,7.7202620512597715
2011-09-28,2220.840087890625,7.705640821253054
2011-09-29,2197.679931640625,7.6951575063623405
2011-09-30,2139.179931640625,7.668177825058641
2011-10-03,2085.0400390625,7.642543337435809
2011-10-04,2129.2099609375,7.663506279541228
2011-10-05,2182.77001953125,7.688350000350266
2011-10-06,2217.989990234375,7.704356654930956
2011-10-07,2202.760009765625,7.697466402949714
2011-10-10,2278.64990234375,7.731338398464716
2011-10-11,2294.919921875,7.738453229456697
2011-10-12,2307.179931640625,7.743781248908134
2011-10-13,2326.8798828125,7.752283543066897
2011-10-14,2371.93994140625,7.7714634399851965
2011-10-17,2334.3798828125,7.755501560019129
2011-10-18,2364.8701171875,7.768478380681158
2011-10-19,2316.81005859375,7.747946543771126
2011-10-20,2306.2900390625,7.743395468749246
2011-10-21,2335.929931640625,7.756165348481402
2011-10-24,2384.419921875,7.776711154400199
2011-10-25,2335.8701171875,7.756139741883302
2011-10-26,2334.7900390625,7.75567724702899
2011-10-27,2399.830078125,7.783153213048293
2011-10-28,2401.2900390625,7.783761388201952
2011-10-31,2360.080078125,7.766450828852896
2011-11-01,2298.3701171875,7.739955506008813
2011-11-02,2318.320068359375,7.748598093901407
2011-11-03,2367.7099609375,7.769678505790072
2011-11-04,2356.320068359375,7.764856387988926
2011-11-07,2371.0400390625,7.771083972916706
2011-11-08,2400.010009765625,7.783228187063017
2011-11-09,2314.10009765625,7.746776164232156
2011-11-10,2312.070068359375,7.745898535716852
2011-11-11,2355.780029296875,7.764627174239782
2011-11-14,2341.320068359375,7.758470181066746
2011-11-15,2366.239990234375,7.7690574722913945
2011-11-16,2324.3701171875,7.751204363978015
2011-11-17,2272.090087890625,7.7284554304152575
2011-11-18,2253.949951171875,7.720439489904164
2011-11-21,2211.139892578125,7.701263450035523
2011-11-22,2216.330078125,7.7036079889973665
2011-11-23,2166.5400390625,7.680886721998115
2011-11-25,2150.8798828125,7.6736322852224275
2011-11-28,2224.219970703125,7.707161558169684
2011-11-29,2211.389892578125,7.701376507499197
2011-11-30,2295.199951171875,7.738575243393138
2011-12-01,2309.199951171875,7.7446564020417386
2011-12-02,2302.0400390625,7.741550982294122
2011-12-05,2326.949951171875,7.752313655194705
2011-12-06,2321.489990234375,7.749964495684312
2011-12-07,2320.5400390625,7.749555213030327
2011-12-08,2282.590087890625,7.733066080645612
2011-12-09,2318.679931640625,7.74875330773879
2011-12-12,2292.239990234375,7.737284780134294
2011-12-13,2268.3701171875,7.7268168425332195
2011-12-14,2233.030029296875,7.711114699710718
2011-12-15,2226.7099609375,7.708280421208364
2011-12-16,2238.179931640625,7.713418284049665
2011-12-19,2215.27001953125,7.703129580029676
2011-12-20,2281.93994140625,7.732781211673516
2011-12-21,2249.030029296875,7.718254304158692
2011-12-22,2266.77001953125,7.7261111983086055
2011-12-23,2287.570068359375,7.7352454276573335
2011-12-27,2293.1201171875,7.737668665780488
2011-12-28,2267.080078125,7.726247973273615
2011-12-29,2285.070068359375,7.734151967348039
2011-12-30,2277.830078125,7.7309785486547264
2012-01-03,2321.9599609375,7.750166918757532
2012-01-04,2329.7099609375,7.7534990585270975
2012-01-05,2348.97998046875,7.761736462046499
2012-01-06,2356.169921875,7.764792665207663
2012-01-09,2350.64990234375,7.762447123092974
2012-01-10,2367.3798828125,7.769539087896673
2012-01-11,2372.25,7.7715941508538675
2012-01-12,2381.989990234375,7.775691547653844
2012-01-13,2371.97998046875,7.77148032014471
2012-01-17,2393.239990234375,7.78040337131876
2012-01-18,2425.9599609375,7.793982585220026
2012-01-19,2441.699951171875,7.800449777003512
2012-01-20,2437.02001953125,7.798531268417583
2012-01-23,2437.219970703125,7.798613312458249
2012-01-24,2433.9599609375,7.797274823509747
2012-01-25,2465.659912109375,7.810214763471383
2012-01-26,2454.6298828125,7.805731268297931
2012-01-27,2461.77001953125,7.808635890330551
2012-01-30,2465.320068359375,7.8100769232238525
2012-01-31,2467.949951171875,7.8111431057158764
2012-02-01,2488.179931640625,7.819306771035368
2012-02-02,2495.830078125,7.82237664949765
2012-02-03,2529.169921875,7.835646433766361
2012-02-06,2528.300048828125,7.835302438424622
2012-02-07,2532.06005859375,7.836788502806512
2012-02-08,2545.719970703125,7.842168785127592
2012-02-09,2563.929931640625,7.849296489913884
2012-02-10,2547.320068359375,7.842797131928962
2012-02-13,2569.489990234375,7.851462710816358
2012-02-14,2575.239990234375,7.853698008845997
2012-02-15,2556.010009765625,7.8462027316734915
2012-02-16,2592.2900390625,7.860296948998533
2012-02-17,2584.239990234375,7.857186736067532
2012-02-21,2590.239990234375,7.859505810723033
2012-02-22,2579.780029296875,7.855459414318374
2012-02-23,2594.929931640625,7.861314793940891
2012-02-24,2604.2099609375,7.864884630238353
2012-02-27,2606.760009765625,7.865863353603109
2012-02-28,2633.4599609375,7.87605383506285
2012-02-29,2623.10009765625,7.872112140654658
2012-03-01,2643.5400390625,7.879874221792124
2012-03-02,2641.580078125,7.879132531543316
2012-03-05,2614.919921875,7.868988753420199
2012-03-06,2588.949951171875,7.859007648228986
2012-03-07,2607.85009765625,7.866281443502084
2012-03-08,2637.179931640625,7.877465417487994
2012-03-09,2646.85009765625,7.881125569590731
2012-03-12,2646.85009765625,7.881125569590731
2012-03-13,2697.429931640625,7.900054721499513
2012-03-14,2708.409912109375,7.904116993370476
2012-03-15,2714.7900390625,7.906469895698995
2012-03-16,2712.780029296875,7.905729229127326
2012-03-19,2733.260009765625,7.913250318528917
2012-03-20,2737.6298828125,7.914847818775497
2012-03-21,2736.8798828125,7.9145738216371955
2012-03-22,2731.5,7.912606187835772
2012-03-23,2728.550048828125,7.9115256294406935
2012-03-26,2778.02001953125,7.929493729743056
2012-03-27,2782.1201171875,7.930968548110438
2012-03-28,2770.969970703125,7.926952707815129
2012-03-29,2762.050048828125,7.923728454307643
2012-03-30,2755.27001953125,7.921270727503425
2012-04-02,2784.419921875,7.93179484408683
2012-04-03,2782.780029296875,7.931205717545683
2012-04-04,2745.0,7.917536353943631
2012-04-05,2762.5,7.923891345826008
2012-04-09,2739.97998046875,7.915705892957158
2012-04-10,2695.1201171875,7.89919805273484
2012-04-11,2708.1298828125,7.904013595515858
2012-04-12,2740.260009765625,7.9158080889550035
2012-04-13,2698.989990234375,7.900632904316935
2012-04-16,2670.10009765625,7.889871240450467
2012-04-17,2723.580078125,7.909702499044316
2012-04-18,2716.139892578125,7.906966994192407
2012-04-19,2686.820068359375,7.896113642606803
2012-04-20,2676.0400390625,7.892093383416642
2012-04-23,2653.5,7.88363480226795
2012-04-24,2638.72998046875,7.878053012385764
2012-04-25,2709.6201171875,7.904563725888276
2012-04-26,2725.22998046875,7.910308100038454
2012-04-27,2741.340087890625,7.916202162991684
2012-04-30,2723.679931640625,7.909739160968093
2012-05-01,2726.919921875,7.910928017498772
2012-05-02,2734.77001953125,7.913802623397734
2012-05-03,2704.590087890625,7.90270564112484
2012-05-04,2637.919921875,7.877745977196731
2012-05-07,2639.280029296875,7.878261442771117
2012-05-08,2629.8701171875,7.874689738852516
2012-05-09,2621.35009765625,7.871444768480349
2012-05-10,2616.239990234375,7.869493447755518
2012-05-11,2615.97998046875,7.869394059821794
2012-05-14,2590.280029296875,7.859521268268743
2012-05-15,2580.75,7.855835333345699
2012-05-16,2561.56005859375,7.848371749754301
2012-05-17,2509.050048828125,7.827659493886929
2012-05-18,2478.530029296875,7.815420933302856
2012-05-21,2545.429931640625,7.8420548465996065
2012-05-22,2539.199951171875,7.839604330542417
2012-05-23,2547.080078125,7.842702914659941
2012-05-24,2531.35009765625,7.836508074826063
2012-05-25,2527.050048828125,7.834807912822507
2012-05-29,2558.969970703125,7.847360101312947
2012-05-30,2537.39990234375,7.838895175219759
2012-05-31,2524.8701171875,7.833944901648819
2012-06-01,2458.830078125,7.8074409378053575
2012-06-04,2478.1298828125,7.815259475186972
2012-06-05,2487.5,7.819033469032748
2012-06-06,2546.320068359375,7.842404485418409
2012-06-07,2535.409912109375,7.838110603982421
2012-06-08,2559.2099609375,7.84745388083526
2012-06-11,2517.179931640625,7.830894479128
2012-06-12,2546.199951171875,7.842357311450683
2012-06-13,2527.43994140625,7.834962188557408
2012-06-14,2539.969970703125,7.83990753738487
2012-06-15,2571.22998046875,7.852139655022905
2012-06-18,2592.52001953125,7.860385662168853
2012-06-19,2620.830078125,7.87124637028894
2012-06-20,2623.330078125,7.872199811875352
2012-06-21,2556.9599609375,7.8465743165598685
2012-06-22,2585.530029296875,7.857685806271584
2012-06-25,2533.5400390625,7.83737282864445
2012-06-26,2549.840087890625,7.8437859255549505
2012-06-27,2565.530029296875,7.849920375360047
2012-06-28,2536.64990234375,7.838599553365685
2012-06-29,2615.719970703125,7.869294662009127
2012-07-02,2625.030029296875,7.872847614692434
2012-07-03,2645.840087890625,7.880743907433122
2012-07-05,2647.469970703125,7.881359734900611
2012-07-06,2612.2900390625,7.867982525220434
2012-07-09,2610.31005859375,7.867224289657079
2012-07-10,2585.52001953125,7.857681934808136
2012-07-11,2570.989990234375,7.85204631392279
2012-07-12,2545.300048828125,7.842003819413711
2012-07-13,2584.969970703125,7.85746917012578
2012-07-16,2577.050048828125,7.854400631817334
2012-07-17,2591.64990234375,7.860049979809369
2012-07-18,2625.8701171875,7.873167593314901
2012-07-19,2655.81005859375,7.884504993955392
2012-07-20,2618.0400390625,7.870181240112446
2012-07-23,2589.929931640625,7.859386100907025
2012-07-24,2567.4599609375,7.850672347109549
2012-07-25,2549.199951171875,7.843534844285846
2012-07-26,2584.85009765625,7.8574227959598275
2012-07-27,2647.030029296875,7.881193546815896
2012-07-30,2642.1201171875,7.879336948540654
2012-07-31,2642.530029296875,7.879492081652151
2012-08-01,2635.1298828125,7.876687751150625
2012-08-02,2625.52001953125,7.873034258084551
2012-08-03,2676.0,7.892078421248119
2012-08-06,2694.090087890625,7.898815796608164
2012-08-07,2717.159912109375,7.907342463825927
2012-08-08,2714.02001953125,7.906186216760847
2012-08-09,2719.610107421875,7.908243806155869
2012-08-10,2722.9599609375,7.909474788539764
2012-08-13,2728.679931640625,7.911573229711522
2012-08-14,2727.7900390625,7.911247050848341
2012-08-15,2735.469970703125,7.914058535817278
2012-08-16,2768.090087890625,7.925912862411204
2012-08-17,2780.300048828125,7.930314132093665
2012-08-20,2784.330078125,7.931762576971226
2012-08-21,2772.199951171875,7.927396490165759
2012-08-22,2783.419921875,7.931435638348585
2012-08-23,2762.02001953125,7.923717582144001
2012-08-24,2778.050048828125,7.929504539288835
2012-08-27,2782.550048828125,7.9311230699881605
2012-08-28,2782.68994140625,7.931173343679286
2012-08-29,2784.0,7.931644021454311
2012-08-30,2753.739990234375,7.920715263151934
2012-08-31,2772.239990234375,7.927410933125887
2012-09-04,2772.030029296875,7.927335193330797
2012-09-05,2766.949951171875,7.925500891864712
2012-09-06,2829.7099609375,7.947929498083864
2012-09-07,2825.110107421875,7.946302618899534
2012-09-10,2788.35009765625,7.933205337044215
2012-09-11,2784.889892578125,7.93196361570123
2012-09-12,2791.679931640625,7.934398819646331
2012-09-13,2831.35009765625,7.94850894318696
2012-09-14,2855.22998046875,7.956907672425092
2012-09-17,2856.43994140625,7.957331352704992
2012-09-18,2857.3798828125,7.957660359024284
2012-09-19,2864.030029296875,7.959985013115259
2012-09-20,2861.699951171875,7.959171115756643
2012-09-21,2861.639892578125,7.95915012850256
2012-09-24,2843.97998046875,7.952959751682023
2012-09-25,2804.530029296875,7.938991256431403
2012-09-26,2781.6298828125,7.9307923236660365
2012-09-27,2821.60009765625,7.94505941353208
2012-09-28,2799.18994140625,7.937085347665431
2012-10-01,2794.280029296875,7.935329760026217
2012-10-02,2799.2900390625,7.937121106534485
2012-10-03,2818.840087890625,7.944080762967544
2012-10-04,2828.60009765625,7.947537203110987
2012-10-05,2811.93994140625,7.941629894738833
2012-10-08,2786.919921875,7.932692294336826
2012-10-09,2741.919921875,7.91641365541973
2012-10-10,2728.5400390625,7.911521960904729
2012-10-11,2719.2099609375,7.90809666156198
2012-10-12,2720.139892578125,7.908438589062408
2012-10-15,2739.8701171875,7.915665795772268
2012-10-16,2778.3798828125,7.929623260838038
2012-10-17,2775.6201171875,7.928629466868958
2012-10-18,2744.169921875,7.91723391181007
2012-10-19,2678.320068359375,7.892945036794054
2012-10-22,2694.56005859375,7.898990226452946
2012-10-23,2666.02001953125,7.888342009911979
2012-10-24,2655.550048828125,7.884407086918183
2012-10-25,2657.659912109375,7.885201282294485
2012-10-26,2665.830078125,7.888270762070104
2012-10-31,2647.919921875,7.8815296756158695
2012-11-01,2687.52001953125,7.8963741215360805
2012-11-02,2656.280029296875,7.884681937755883
2012-11-05,2672.909912109375,7.8909230126564
2012-11-06,2681.050048828125,7.8939638060319215
2012-11-07,2612.68994140625,7.868135598474695
2012-11-08,2572.570068359375,7.852660704794755
2012-11-09,2584.10009765625,7.857132601635285
2012-11-12,2582.77001953125,7.8566177529457635
2012-11-13,2561.860107421875,7.848488878086058
2012-11-14,2531.8701171875,7.836713485418931
2012-11-15,2524.360107421875,7.833742886789257
2012-11-16,2534.159912109375,7.837617465484017
2012-11-19,2595.830078125,7.8616616204139715
2012-11-20,2594.659912109375,7.861210731947699
2012-11-21,2600.47998046875,7.863451314844233
2012-11-23,2639.590087890625,7.878378914346368
2012-11-26,2651.669921875,7.882944879711446
2012-11-27,2641.419921875,7.879071900746402
2012-11-28,2665.27001953125,7.888060652116979
2012-11-29,2680.030029296875,7.893583278403648
2012-11-30,2677.8798828125,7.892780671926469
2012-12-03,2671.840087890625,7.890522685519289
2012-12-04,2667.889892578125,7.88904313653552
2012-12-05,2637.889892578125,7.877734593428957
2012-12-06,2656.300048828125,7.884689474406985
2012-12-07,2640.5400390625,7.878738735471713
2012-12-10,2647.570068359375,7.881397542983468
2012-12-11,2682.070068359375,7.8943441889139985
2012-12-12,2674.570068359375,7.89154392430428
2012-12-13,2654.010009765625,7.883826986462141
2012-12-14,2628.090087890625,7.874012659036218
2012-12-17,2664.260009765625,7.887681628160959
2012-12-18,2705.389892578125,7.903001318630566
2012-12-19,2690.989990234375,7.897664431000321
2012-12-20,2693.550048828125,7.8986153232838126
2012-12-21,2664.669921875,7.887835472221752
2012-12-24,2658.050048828125,7.885348068602361
2012-12-26,2637.179931640625,7.877465417487994
2012-12-27,2632.93994140625,7.875856349287906
2012-12-28,2606.360107421875,7.865709932106752
2012-12-31,2660.929931640625,7.886430939041614
2013-01-02,2746.469970703125,7.9180717190630165
2013-01-03,2732.260009765625,7.912884388111468
2013-01-04,2724.489990234375,7.910036530033793
2013-01-07,2724.219970703125,7.909937416836941
2013-01-08,2718.719970703125,7.907916449517375
2013-01-09,2727.64990234375,7.911195675809743
2013-01-10,2744.179931640625,7.917237559451307
2013-01-11,2748.260009765625,7.918723266684897
2013-01-14,2735.699951171875,7.914142605759236
2013-01-15,2722.97998046875,7.909482140633788
2013-01-16,2734.72998046875,7.913787982548478
2013-01-17,2747.14990234375,7.918319254079931
2013-01-18,2743.239990234375,7.916894978993159
2013-01-22,2746.18994140625,7.91796975414926
2013-01-23,2762.169921875,7.923771853392954
2013-01-24,2723.530029296875,7.909684122757757
2013-01-25,2736.72998046875,7.914519048883005
2013-01-28,2742.429931640625,7.916599642740277
2013-01-29,2743.580078125,7.917018944381789
2013-01-30,2738.7099609375,7.915242271336814
2013-01-31,2731.530029296875,7.912617181477292
2013-02-01,2763.9599609375,7.924419698870012
2013-02-04,2715.679931640625,7.9067976362411185
2013-02-05,2754.989990234375,7.921169088271657
2013-02-06,2746.35009765625,7.918028071885282
2013-02-07,2746.5,7.918082652782675
2013-02-08,2775.56005859375,7.928607828733696
2013-02-11,2774.639892578125,7.928276249319567
2013-02-12,2762.6201171875,7.923934826215564
2013-02-13,2773.77001953125,7.9279626917173776
2013-02-14,2771.429931640625,7.92711868679415
2013-02-15,2764.669921875,7.9246765295700055
2013-02-19,2782.860107421875,7.93123449343598
2013-02-20,2739.989990234375,7.91570954617631
2013-02-21,2711.510009765625,7.905260957871434
2013-02-22,2737.280029296875,7.914720016301404
2013-02-25,2700.969970703125,7.9013662358867265
2013-02-26,2713.02001953125,7.905817691743851
2013-02-27,2741.260009765625,7.9161729512587184
2013-02-28,2738.580078125,7.91519484539749
2013-03-01,2747.75,7.91853767394901
2013-03-04,2759.530029296875,7.922815664971777
2013-03-05,2799.25,7.937106803140306
2013-03-06,2792.56005859375,7.934714037818169
2013-03-07,2799.489990234375,7.937192533227769
2013-03-08,2804.110107421875,7.938841515365637
2013-03-11,2811.860107421875,7.941601503265563
2013-03-12,2800.81005859375,7.937663960962824
2013-03-13,2798.679931640625,7.936903132008903
2013-03-14,2807.300048828125,7.939978463712327
2013-03-15,2799.409912109375,7.937163928278082
2013-03-18,2792.300048828125,7.934620925453379
2013-03-19,2787.27001953125,7.932817908160679
2013-03-20,2805.909912109375,7.939483154697755
2013-03-21,2774.85009765625,7.928352005858851
2013-03-22,2800.81005859375,7.937663960962824
2013-03-25,2789.449951171875,7.933599705261165
2013-03-26,2806.5,7.939693434382254
2013-03-27,2809.97998046875,7.9409326379140674
2013-03-28,2818.68994140625,7.9440274962058135
2013-04-01,2797.070068359375,7.936327744142875
2013-04-02,2820.6201171875,7.944712039469641
2013-04-03,2795.0400390625,7.935601710732569
2013-04-04,2794.919921875,7.935558734686817
2013-04-05,2771.75,7.927234168652461
2013-04-08,2786.1298828125,7.93240877307092
2013-04-09,2804.669921875,7.939041136121688
2013-04-10,2859.2099609375,7.95830062821887
2013-04-11,2859.070068359375,7.95825170001758
2013-04-12,2856.47998046875,7.957345369727128
2013-04-15,2797.469970703125,7.936470705795357
2013-04-16,2838.409912109375,7.950999284255927
2013-04-17,2781.97998046875,7.930918176364308
2013-04-18,2741.949951171875,7.916424607283131
2013-04-19,2780.4599609375,7.9303716465733896
2013-04-22,2810.070068359375,7.940964697376119
2013-04-23,2835.3701171875,7.949927760440401
2013-04-24,2834.1201171875,7.949486803681123
2013-04-25,2848.659912109375,7.954603956403647
2013-04-26,2840.550048828125,7.951752991566696
2013-04-29,2866.949951171875,7.961004008867333
2013-04-30,2887.43994140625,7.968125555100749
2013-05-01,2873.35009765625,7.96323390942374
2013-05-02,2911.139892578125,7.976299999127574
2013-05-03,2944.590087890625,7.987724897226711
2013-05-06,2955.360107421875,7.9913757861791614
2013-05-07,2952.8798828125,7.990536204591694
2013-05-08,2968.239990234375,7.995724460261727
2013-05-09,2961.1201171875,7.993322893704835
2013-05-10,2981.02001953125,8.000020809365434
2013-05-13,2982.090087890625,8.00037970542859
2013-05-14,2996.050048828125,8.00505004971391
2013-05-15,3002.6201171875,8.007240558878328
2013-05-16,2999.340087890625,8.006147572750018
2013-05-17,3028.9599609375,8.015974592365259
2013-05-20,3020.969970703125,8.013333241152933
2013-05-21,3026.449951171875,8.015145578327957
2013-05-22,2999.1298828125,8.006077486518283
2013-05-23,2991.449951171875,8.003513482344779
2013-05-24,2991.02001953125,8.003369751864403
2013-05-28,3011.93994140625,8.010339648948824
2013-05-29,2994.820068359375,8.004639431402389
2013-05-30,3011.830078125,8.01030317236326
2013-05-31,2981.760009765625,8.000269012463498
2013-06-03,2990.7900390625,8.0032928585941
2013-06-04,2973.68994140625,7.997558865164796
2013-06-05,2937.139892578125,7.985191561177038
2013-06-06,2950.300048828125,7.989662155628766
2013-06-07,2990.8701171875,8.003319633142608
2013-06-10,2990.489990234375,8.00319252929104
2013-06-11,2959.840087890625,7.992890521497462
2013-06-12,2926.139892578125,7.981439390614276
2013-06-13,2962.89990234375,7.99392376446622
2013-06-14,2943.860107421875,7.98747696086034
2013-06-17,2971.260009765625,7.9967413875423095
2013-06-18,2996.090087890625,8.00506341357443
2013-06-19,2959.5,7.99277561413078
2013-06-20,2890.330078125,7.969125988468652
2013-06-21,2877.93994140625,7.9648300190593995
2013-06-24,2848.199951171875,7.954442477641824
2013-06-25,2866.5,7.960847052348438
2013-06-26,2893.85009765625,7.970343108219011
2013-06-27,2906.840087890625,7.974821889720257
2013-06-28,2909.60009765625,7.975770927236241
2013-07-01,2927.35009765625,7.981852889261198
2013-07-02,2929.6298828125,7.982631374172873
2013-07-03,2941.409912109375,7.986644307321614
2013-07-05,2963.219970703125,7.9940317840022885
2013-07-08,2966.1298828125,7.99501331230299
2013-07-09,2984.320068359375,8.001127217086083
2013-07-10,3000.659912109375,8.006587514163364
2013-07-11,3059.4599609375,8.025993696017649
2013-07-12,3079.070068359375,8.032382904521485
2013-07-15,3079.85009765625,8.032636205191091
2013-07-16,3077.469970703125,8.031863100319084
2013-07-17,3085.280029296875,8.03439770346699
2013-07-18,3077.820068359375,8.031976855366988
2013-07-19,3044.929931640625,8.021233168923782
2013-07-22,3055.22998046875,8.024610148794801
2013-07-23,3031.39990234375,8.016779805782654
2013-07-24,3041.159912109375,8.01999427166454
2013-07-25,3061.669921875,8.02671577219503
2013-07-26,3076.22998046875,8.031460093912859
2013-07-29,3068.949951171875,8.029090746624876
2013-07-30,3085.330078125,8.034413925145966
2013-07-31,3090.18994140625,8.035987837713366
2013-08-01,3126.300048828125,8.047605491284994
2013-08-02,3143.52001953125,8.053098476351032
2013-08-05,3143.18994140625,8.052993468126585
2013-08-06,3122.199951171875,8.046293144883554
2013-08-07,3118.68994140625,8.045168302049877
2013-08-08,3130.1298828125,8.048829778779488
2013-08-09,3118.570068359375,8.04512986432347
2013-08-12,3125.929931640625,8.047487096027913
2013-08-13,3141.06005859375,8.052315620207088
2013-08-14,3129.449951171875,8.048612533641212
2013-08-15,3076.22998046875,8.031460093912859
2013-08-16,3073.909912109375,8.030705617263562
2013-08-19,3069.760009765625,8.029354664810818
2013-08-20,3082.169921875,8.033389147999129
2013-08-21,3071.469970703125,8.029911543803177
2013-08-22,3101.820068359375,8.039744337012017
2013-08-23,3124.27001953125,8.046955941133232
2013-08-26,3122.669921875,8.046443659053926
2013-08-27,3059.580078125,8.0260329561587
2013-08-28,3072.169921875,8.030139405848201
2013-08-29,3093.360107421875,8.037013192491234
2013-08-30,3073.81005859375,8.030673132532277
2013-09-03,3091.760009765625,8.036495790189699
2013-09-04,3124.5400390625,8.04704236383736
2013-09-05,3129.93994140625,8.048769095300985
2013-09-06,3133.3798828125,8.049867535696388
2013-09-09,3169.929931640625,8.06146476304364
2013-09-10,3185.070068359375,8.066229567249168
2013-09-11,3179.860107421875,8.064592483429804
2013-09-12,3175.570068359375,8.06324244429935
2013-09-13,3178.280029296875,8.064095458160292
2013-09-16,3168.68994140625,8.061073513757508
2013-09-17,3190.830078125,8.06803637450784
2013-09-18,3231.31005859375,8.080642924882847
2013-09-19,3237.610107421875,8.082590715443944
2013-09-20,3224.72998046875,8.07860449873814
2013-09-23,3219.340087890625,8.07693167588617
2013-09-24,3218.659912109375,8.076720375549488
2013-09-25,3208.550048828125,8.07357441589332
2013-09-26,3234.0400390625,8.081487420722905
2013-09-27,3230.300048828125,8.08033030627632
2013-09-30,3218.199951171875,8.076577460852555
2013-10-01,3253.050048828125,8.087348311792478
2013-10-02,3253.260009765625,8.087412852503167
2013-10-03,3213.830078125,8.075218675617004
2013-10-04,3242.570068359375,8.084121525320073
2013-10-07,3215.68994140625,8.075797214396717
2013-10-08,3153.8701171875,8.056385586328664
2013-10-09,3142.5400390625,8.052786681532798
2013-10-10,3210.840087890625,8.07428789150732
2013-10-11,3233.830078125,8.081422496432909
2013-10-14,3256.02001953125,8.088260875608212
2013-10-15,3244.659912109375,8.08476581998161
2013-10-16,3281.669921875,8.096107694342155
2013-10-17,3301.280029296875,8.102065559911319
2013-10-18,3353.8798828125,8.117873128626911
2013-10-21,3361.179931640625,8.12004736144259
2013-10-22,3366.929931640625,8.121756608620991
2013-10-23,3346.050048828125,8.115535839243666
2013-10-24,3362.3798828125,8.120404300688385
2013-10-25,3383.830078125,8.126763506145348
2013-10-28,3382.679931640625,8.126423553498032
2013-10-29,3391.75,8.129101291365417
2013-10-30,3385.3798828125,8.127221404400395
2013-10-31,3377.72998046875,8.124959159438854
2013-11-01,3379.760009765625,8.125559982928309
2013-11-04,3384.75,8.12703532737522
2013-11-05,3388.820068359375,8.128237077355847
2013-11-06,3385.3798828125,8.127221404400395
2013-11-07,3321.409912109375,8.108144644084867
2013-11-08,3366.840087890625,8.121729924089223
2013-11-11,3362.97998046875,8.120582758843797
2013-11-12,3365.22998046875,8.121251584607837
2013-11-13,3405.56005859375,8.133164686289703
2013-11-14,3415.139892578125,8.135973735317602
2013-11-15,3422.580078125,8.138149954441843
2013-11-18,3388.8701171875,8.128251846053368
2013-11-19,3378.1298828125,8.125077546247436
2013-11-20,3367.169921875,8.121827884735008
2013-11-21,3402.739990234375,8.132336265538434
2013-11-22,3422.02001953125,8.13798630467794
2013-11-25,3427.489990234375,8.139583491004597
2013-11-26,3445.760009765625,8.144899771530243
2013-11-27,3470.47998046875,8.152048186276831
2013-11-29,3487.820068359375,8.157032197792129
2013-12-02,3481.14990234375,8.15511794989596
2013-12-03,3479.340087890625,8.154597924870007
2013-12-04,3483.010009765625,8.15565214425381
2013-12-05,3477.72998046875,8.154135055462397
2013-12-06,3504.260009765625,8.16173465300356
2013-12-09,3516.169921875,8.165127585815627
2013-12-10,3514.199951171875,8.16456716842927
2013-12-11,3468.989990234375,8.151618761475351
2013-12-12,3460.2900390625,8.149107690857182
2013-12-13,3456.39990234375,8.147982835713497
2013-12-16,3475.7900390625,8.153577081529445
2013-12-17,3469.320068359375,8.151713908023275
2013-12-18,3509.6298828125,8.163265864407874
2013-12-19,3498.6298828125,8.160126708782661
2013-12-20,3531.18994140625,8.169390187006755
2013-12-23,3569.39990234375,8.180152766062625
2013-12-24,3572.800048828125,8.18110489475252
2013-12-26,3584.580078125,8.184396613153588
2013-12-27,3574.02001953125,8.181446297139402
2013-12-30,3570.080078125,8.180343305369457
2013-12-31,3592.0,8.18646442942209
2014-01-02,3563.570068359375,8.178518149540638
2014-01-03,3538.72998046875,8.171523179177681
2014-01-06,3526.9599609375,8.168191578013266
2014-01-07,3557.85009765625,8.176911736269172
2014-01-08,3567.5400390625,8.179631572571122
2014-01-09,3552.580078125,8.175429401061328
2014-01-10,3565.080078125,8.178941794903276
2014-01-13,3512.800048828125,8.164168733147566
2014-01-14,3580.64990234375,8.183299599886432
2014-01-15,3609.840087890625,8.19141875336258
2014-01-16,3611.2900390625,8.191820339032931
2014-01-17,3591.25,8.186255610293498
2014-01-21,3617.699951171875,8.193593730280648
2014-01-22,3627.719970703125,8.196359622672585
2014-01-23,3613.760009765625,8.19250406323765
2014-01-24,3541.47998046875,8.172299992338155
2014-01-27,3509.02001953125,8.163092080762508
2014-01-28,3505.719970703125,8.162151190843232
2014-01-29,3467.820068359375,8.151281453151725
2014-01-30,3532.409912109375,8.169735611645907
2014-01-31,3521.919921875,8.166761552248836
2014-02-03,3440.5,8.143372088642534
2014-02-04,3470.199951171875,8.151967494096876
2014-02-05,3454.89990234375,8.147548763956825
2014-02-06,3497.60009765625,8.159832325903151
2014-02-07,3561.909912109375,8.17805217215116
2014-02-10,3582.110107421875,8.183707321238638
2014-02-11,3621.719970703125,8.194704322009773
2014-02-12,3627.360107421875,8.196260419554859
2014-02-13,3659.56005859375,8.20509821660049
2014-02-14,3663.8798828125,8.206277942181453
2014-02-18,3679.429931640625,8.210513109282937
2014-02-19,3652.85009765625,8.203262990545765
2014-02-20,3671.929931640625,8.208472669761106
2014-02-21,3662.60009765625,8.205928583369943
2014-02-24,3685.81005859375,8.21224560640657
2014-02-25,3679.139892578125,8.210434279002168
2014-02-26,3676.60009765625,8.209743717610335
2014-02-27,3699.800048828125,8.216034056314793
2014-02-28,3696.10009765625,8.215033515094047
2014-03-03,3668.3701171875,8.207502732644496
2014-03-04,3719.929931640625,8.221460111509323
2014-03-05,3727.18994140625,8.223409861799185
2014-03-06,3720.929931640625,8.221728897650816
2014-03-07,3703.39990234375,8.217006569234366
2014-03-10,3706.340087890625,8.217800169470017
2014-03-11,3691.5,8.21378815849922
2014-03-12,3707.06005859375,8.217994404420557
2014-03-13,3651.489990234375,8.202890579781418
2014-03-14,3627.8701171875,8.19640101048049
2014-03-17,3662.510009765625,8.205903986363397
2014-03-18,3706.6201171875,8.217875720744882
2014-03-19,3682.739990234375,8.211412316677471
2014-03-20,3693.969970703125,8.21445703151746
2014-03-21,3653.070068359375,8.203323207656874
2014-03-24,3617.389892578125,8.1935080206072
2014-03-25,3629.72998046875,8.196913538946356
2014-03-26,3582.889892578125,8.183924986321493
2014-03-27,3563.1298828125,8.178394618158526
2014-03-28,3571.489990234375,8.180738151912779
2014-03-31,3595.739990234375,8.187505087703268
2014-04-01,3658.39990234375,8.20478114565014
2014-04-02,3665.989990234375,8.206853697963401
2014-04-03,3637.580078125,8.19907392584224
2014-04-04,3539.3798828125,8.17170681643625
2014-04-07,3507.75,8.162730085274106
2014-04-08,3538.22998046875,8.171381875566075
2014-04-09,3600.43994140625,8.188811322923844
2014-04-10,3487.760009765625,8.157014978122058
2014-04-11,3446.85009765625,8.145216077801082
2014-04-14,3474.6298828125,8.15324324378329
2014-04-15,3487.85009765625,8.157040807515973
2014-04-16,3533.090087890625,8.169928146012435
2014-04-17,3534.530029296875,8.170335621627224
2014-04-21,3559.949951171875,8.177501765087667
2014-04-22,3588.81005859375,8.185575966535575
2014-04-23,3557.0400390625,8.176684028298512
2014-04-24,3591.030029296875,8.186194356568416
2014-04-25,3533.10009765625,8.169930979155998
2014-04-28,3545.030029296875,8.173301909818043
2014-04-29,3573.989990234375,8.181437894997593
2014-04-30,3582.02001953125,8.18368217153057
2014-05-01,3594.360107421875,8.18712125915827
2014-05-02,3587.639892578125,8.185249853754478
2014-05-05,3605.090087890625,8.190102039112949
2014-05-06,3556.510009765625,8.17653500866859
2014-05-07,3546.469970703125,8.17370801330138
2014-05-08,3540.419921875,8.172000621091374
2014-05-09,3555.699951171875,8.17630721488812
2014-05-12,3612.72998046875,8.192218992807817
2014-05-13,3611.1298828125,8.191775989285405
2014-05-14,3593.25,8.186812364431342
2014-05-15,3565.169921875,8.178966995632564
2014-05-16,3587.199951171875,8.185127219266075
2014-05-19,3615.6201171875,8.193018659905762
2014-05-20,3600.31005859375,8.188775248122603
2014-05-21,3635.610107421875,8.198532218365592
2014-05-22,3650.860107421875,8.202718064685417
2014-05-23,3677.330078125,8.209942245595698
2014-05-27,3723.070068359375,8.222303894098347
2014-05-28,3712.260009765625,8.219396137187278
2014-05-29,3735.719970703125,8.225695842230934
2014-05-30,3736.820068359375,8.225990279640019
2014-06-02,3732.9599609375,8.224956753150527
2014-06-03,3730.070068359375,8.224182297544367
2014-06-04,3743.590087890625,8.227800346531605
2014-06-05,3776.949951171875,8.236672071677317
2014-06-06,3794.570068359375,8.241326394442188
2014-06-09,3795.739990234375,8.241634661660585
2014-06-10,3800.860107421875,8.242982664160914
2014-06-11,3797.85009765625,8.242190421835092
2014-06-12,3763.800048828125,8.233184377303845
2014-06-13,3775.56005859375,8.236304010571269
2014-06-16,3779.929931640625,8.23746075183882
2014-06-17,3781.320068359375,8.23782845208267
2014-06-18,3804.610107421875,8.24396879656245
2014-06-19,3800.800048828125,8.242966862719513
2014-06-20,3802.639892578125,8.24345081308937
2014-06-23,3805.31005859375,8.244152754122736
2014-06-24,3799.530029296875,8.242632661565086
2014-06-25,3827.330078125,8.249922731543085
2014-06-26,3826.909912109375,8.249812945067463
2014-06-27,3844.43994140625,8.254383212398396
2014-06-30,3849.47998046875,8.255693348150938
2014-07-01,3894.330078125,8.267276948165355
2014-07-02,3899.27001953125,8.268544640119242
2014-07-03,3923.010009765625,8.274614497765212
2014-07-07,3910.7099609375,8.271474212183882
2014-07-08,3864.070068359375,8.259476328801375
2014-07-09,3892.909912109375,8.266912206348445
2014-07-10,3880.0400390625,8.26360075191008
2014-07-11,3904.580078125,8.269905522080535
2014-07-14,3929.4599609375,8.276257280901346
2014-07-15,3914.4599609375,8.272432657898035
2014-07-16,3932.330078125,8.276987424367592
2014-07-17,3878.010009765625,8.263077416966265
2014-07-18,3939.889892578125,8.27890805585532
2014-07-21,3934.139892578125,8.277447558199361
2014-07-22,3961.6201171875,8.284408341083447
2014-07-23,3986.18994140625,8.290591151771444
2014-07-24,3983.18994140625,8.289838270070279
2014-07-25,3965.169921875,8.285303988604651
2014-07-28,3967.239990234375,8.285825915340487
2014-07-29,3959.030029296875,8.283754332148563
2014-07-30,3976.070068359375,8.288049190447989
2014-07-31,3892.5,8.266806903708153
2014-08-01,3879.669921875,8.263505357316816
2014-08-04,3908.77001953125,8.270978030481032
2014-08-05,3874.93994140625,8.2622854426754
2014-08-06,3874.27001953125,8.262112541984868
2014-08-07,3857.93994140625,8.257888626057373
2014-08-08,3888.090087890625,8.265673336065653
2014-08-11,3910.4599609375,8.271410283129129
2014-08-12,3905.22998046875,8.270071954385642
2014-08-13,3949.199951171875,8.28126829337324
2014-08-14,3969.110107421875,8.28629719425311
2014-08-15,3987.510009765625,8.290922257376
2014-08-18,4020.5,8.299161551988204
2014-08-19,4040.1298828125,8.304032119649436
2014-08-20,4040.7099609375,8.3041756884213
2014-08-21,4047.030029296875,8.305738564985939
2014-08-22,4052.75,8.307150942021682
2014-08-25,4067.47998046875,8.3107789172541
2014-08-26,4071.669921875,8.311808494501513
2014-08-27,4073.179931640625,8.312179283358295
2014-08-28,4066.27001953125,8.310481401115435
2014-08-29,4082.56005859375,8.314479535965743
2014-09-02,4095.81005859375,8.317719793230475
2014-09-03,4070.9599609375,8.311634113263628
2014-09-04,4066.1298828125,8.310446937311282
2014-09-05,4089.919921875,8.31628066984151
2014-09-08,4095.469970703125,8.317636756662417
2014-09-09,4061.8798828125,8.309401170755907
2014-09-10,4094.969970703125,8.317514663098653
2014-09-11,4092.64990234375,8.316947937125184
2014-09-12,4069.22998046875,8.311209066549178
2014-09-15,4029.889892578125,8.301494332626566
2014-09-16,4067.27001953125,8.310727296506677
2014-09-17,4073.570068359375,8.312275060623842
2014-09-18,4103.080078125,8.319493209221024
2014-09-19,4100.08984375,8.318764165562067
2014-09-22,4061.22998046875,8.309241157569806
2014-09-23,4051.570068359375,8.306859756175367
2014-09-24,4094.31005859375,8.31735349823228
2014-09-25,4007.820068359375,8.296002748633066
2014-09-26,4053.719970703125,8.307390249811943
2014-09-29,4047.179931640625,8.305775604386817
2014-09-30,4049.449951171875,8.306336336351494
2014-10-01,3984.739990234375,8.29022734197753
2014-10-02,3985.8701171875,8.290510915492096
2014-10-03,4027.31005859375,8.30085395282014
2014-10-06,4016.27001953125,8.298108895050387
2014-10-07,3958.590087890625,8.283643202440345
2014-10-08,4041.1201171875,8.304277189256231
2014-10-09,3969.320068359375,8.286350091597523
2014-10-10,3870.860107421875,8.261232011309772
2014-10-13,3808.0,8.244859395911256
2014-10-14,3810.449951171875,8.245502558568235
2014-10-15,3785.969970703125,8.23905740006933
2014-10-16,3765.280029296875,8.233577514439446
2014-10-17,3815.469970703125,8.24681912635489
2014-10-20,3870.080078125,8.261030477831714
2014-10-21,3971.389892578125,8.2868714112971
2014-10-22,3949.590087890625,8.281367077292584
2014-10-23,4012.27001953125,8.297112449790973
2014-10-24,4042.02001953125,8.304499850828899
2014-10-27,4046.02001953125,8.30548896569648
2014-10-28,4106.6298828125,8.32035799127194
2014-10-29,4090.550048828125,8.316434726260425
2014-10-30,4100.64013671875,8.31889837141225
2014-10-31,4158.2099609375,8.33283996279906
2014-11-03,4169.27978515625,8.335498586484386
2014-11-04,4156.22998046875,8.332363687663241
2014-11-05,4153.27001953125,8.331651259463543
2014-11-06,4164.080078125,8.334250660607822
2014-11-07,4160.5,8.333390538340485
2014-11-10,4175.9501953125,8.337097203081512
2014-11-11,4187.16015625,8.33977801612352
2014-11-12,4195.39990234375,8.341743942687707
2014-11-13,4213.47998046875,8.346044183918043
2014-11-14,4224.990234375,8.34877222839807
2014-11-17,4213.7900390625,8.3461177685055
2014-11-18,4242.18994140625,8.352834910502736
2014-11-19,4222.66015625,8.348220577210736
2014-11-20,4242.08984375,8.352811314473659
2014-11-21,4251.31982421875,8.354984760583763
2014-11-24,4284.31982421875,8.362717084294303
2014-11-25,4288.22998046875,8.363629334817253
2014-11-26,4317.990234375,8.370545349463812
2014-11-28,4337.7900390625,8.375120289814951
2014-12-01,4287.81005859375,8.363531405732633
2014-12-02,4305.9599609375,8.367755379445756
2014-12-03,4312.93017578125,8.369372807270622
2014-12-04,4311.93017578125,8.369140919457088
2014-12-05,4311.56982421875,8.369057345139765
2014-12-08,4278.33984375,8.361320326353932
2014-12-09,4294.669921875,8.365129979747998
2014-12-10,4224.8701171875,8.348743797824662
2014-12-11,4246.47998046875,8.353845678848597
2014-12-12,4199.27978515625,8.342668309842429
2014-12-15,4157.41015625,8.33264760079149
2014-12-16,4089.60009765625,8.316202468622329
2014-12-17,4165.10009765625,8.334495587362873
2014-12-18,4267.77001953125,8.358846726136452
2014-12-19,4281.77978515625,8.362124039792656
2014-12-22,4293.669921875,8.364897105869527
2014-12-23,4279.2998046875,8.361544678156758
2014-12-24,4283.10009765625,8.362432348263651
2014-12-26,4314.08984375,8.369641652821718
2014-12-29,4312.64013671875,8.369305556282663
2014-12-30,4282.35009765625,8.362257226119498
2014-12-31,4236.27978515625,8.351440753916018
2015-01-02,4230.240234375,8.350014063424116
2015-01-05,4160.9599609375,8.333501086475097
2015-01-06,4110.830078125,8.321380252578534
2015-01-07,4160.0,8.333270353255308
2015-01-08,4240.5498046875,8.35244821073632
2015-01-09,4213.27978515625,8.345996669732731
2015-01-12,4169.97021484375,8.335664172044016
2015-01-13,4166.2001953125,8.334759675230064
2015-01-14,4145.83984375,8.329860663149264
2015-01-15,4089.64990234375,8.31621464692413
2015-01-16,4142.14013671875,8.328967874487681
2015-01-20,4171.2099609375,8.335961431203213
2015-01-21,4192.08984375,8.340954657963483
2015-01-22,4270.35986328125,8.3594533797866
2015-01-23,4278.14013671875,8.3612736466371
2015-01-26,4275.72021484375,8.360707838489644
2015-01-27,4165.5,8.334591595414963
2015-01-28,4140.3798828125,8.328542821743202
2015-01-29,4181.35009765625,8.33838946323872
2015-01-30,4148.43017578125,8.330485270766177
2015-02-02,4188.58984375,8.340119403465282
2015-02-03,4229.14990234375,8.349756283130345
2015-02-04,4221.2001953125,8.34787477306636
2015-02-05,4256.18017578125,8.356127364660468
2015-02-06,4228.68017578125,8.349645208171722
2015-02-09,4216.08984375,8.346663400181521
2015-02-10,4281.16015625,8.36197931638888
2015-02-11,4297.27978515625,8.365737493397521
2015-02-12,4347.97021484375,8.377464397905712
2015-02-13,4384.02978515625,8.385723622664136
2015-02-17,4385.33984375,8.386022403228516
2015-02-18,4390.91015625,8.387291809466488
2015-02-19,4411.85986328125,8.39205161724004
2015-02-20,4443.0498046875,8.39909631257092
2015-02-23,4449.490234375,8.400544814525434
2015-02-24,4451.02978515625,8.40089076078323
2015-02-25,4440.58984375,8.398542494294238
2015-02-26,4462.27001953125,8.40341288852036
2015-02-27,4440.669921875,8.39856052734971
2015-03-02,4483.0498046875,8.408058853771957
2015-03-03,4458.77978515625,8.402630416809185
2015-03-04,4445.35986328125,8.399616103789384
2015-03-05,4452.06005859375,8.401122202554612
2015-03-06,4399.22998046875,8.389184800152368
2015-03-09,4412.990234375,8.392307796345051
2015-03-10,4329.080078125,8.373110345336267
2015-03-11,4305.3798828125,8.367620655201582
2015-03-12,4336.22998046875,8.374760581488927
2015-03-13,4314.89990234375,8.369829405645621
2015-03-16,4370.47021484375,8.382625882951844
2015-03-17,4375.6298828125,8.383805761642853
2015-03-18,4422.5,8.394460426033941
2015-03-19,4426.81982421875,8.395436732608387
2015-03-20,4458.5400390625,8.402576645923194
2015-03-23,4445.5400390625,8.399656634170617
2015-03-24,4430.990234375,8.39637836726454
2015-03-25,4329.2900390625,8.373158844288078
2015-03-26,4315.259765625,8.369912802313888
2015-03-27,4332.85986328125,8.37398307948629
2015-03-30,4382.81982421875,8.385447591706814
2015-03-31,4333.68994140625,8.374174638560257
2015-04-01,4311.259765625,8.368985429397803
2015-04-02,4316.009765625,8.37008658903186
2015-04-06,4350.97998046875,8.378156381576735
2015-04-07,4344.080078125,8.376569295634702
2015-04-08,4375.9599609375,8.383881194365603
2015-04-09,4403.9501953125,8.390257188812344
2015-04-10,4422.02001953125,8.394351888664323
2015-04-13,4409.2099609375,8.391450805212413
2015-04-14,4397.64013671875,8.388823343464676
2015-04-15,4424.52978515625,8.394919288554167
2015-04-16,4418.830078125,8.393630251828624
2015-04-17,4351.7998046875,8.378344786716566
2015-04-20,4417.39990234375,8.393306544592189
2015-04-21,4435.97998046875,8.397503835490902
2015-04-22,4460.81005859375,8.403085656009223
2015-04-23,4477.06982421875,8.406724054326348
2015-04-24,4536.77978515625,8.41997274094052
2015-04-27,4525.0400390625,8.417381704506482
2015-04-28,4515.27001953125,8.41522026905315
2015-04-29,4488.14990234375,8.40919584734522
2015-04-30,4414.25,8.392593223182908
2015-05-01,4479.06005859375,8.407168495046571
2015-05-04,4482.60986328125,8.407960714555681
2015-05-05,4409.39013671875,8.39149166788433
2015-05-06,4379.75,8.384746924115932
2015-05-07,4401.5498046875,8.389711986226581
2015-05-08,4458.64990234375,8.402601286708459
2015-05-11,4438.64013671875,8.39810333300055
2015-05-12,4420.64990234375,8.39404200099226
2015-05-13,4426.56005859375,8.39537805092331
2015-05-14,4495.0400390625,8.41072985433268
2015-05-15,4494.2900390625,8.410562989839947
2015-05-18,4512.9501953125,8.41470636393905
2015-05-19,4503.72021484375,8.412659048628
2015-05-20,4505.2998046875,8.41300971714833
2015-05-21,4529.47021484375,8.418360261272234
2015-05-22,4527.16015625,8.417850124819891
2015-05-26,4472.9599609375,8.405805652115678
2015-05-27,4546.06005859375,8.422016215630489
2015-05-28,4535.66015625,8.419725921139195
2015-05-29,4508.25,8.41366433058738
2015-06-01,4521.85009765625,8.416676502721064
2015-06-02,4508.89013671875,8.413806312792408
2015-06-03,4519.85986328125,8.416236268646815
2015-06-04,4487.02978515625,8.408946244054297
2015-06-05,4477.18994140625,8.406750883386628
2015-06-08,4431.509765625,8.396495609859878
2015-06-09,4427.60986328125,8.39561518319018
2015-06-10,4485.4599609375,8.408596324627428
2015-06-11,4488.47021484375,8.409267213292749
2015-06-12,4453.7900390625,8.401510706845956
2015-06-15,4432.919921875,8.39681377048873
2015-06-16,4455.89990234375,8.401984317787429
2015-06-17,4468.97998046875,8.404915469278922
2015-06-18,4531.85009765625,8.418885545179027
2015-06-19,4513.419921875,8.41481044266767
2015-06-22,4544.0400390625,8.42157177177557
2015-06-23,4548.740234375,8.422605602043054
2015-06-24,4524.60009765625,8.417284476020056
2015-06-25,4514.009765625,8.414941120783427
2015-06-26,4484.27978515625,8.408333178578275
2015-06-29,4379.8701171875,8.384774349320654
2015-06-30,4396.759765625,8.38862313171482
2015-07-01,4429.22998046875,8.395981028623575
2015-07-02,4433.39013671875,8.396919838253355
2015-07-06,4418.66015625,8.393591797047796
2015-07-07,4429.06005859375,8.395942664136914
2015-07-08,4351.580078125,8.378294294478952
2015-07-09,4352.02978515625,8.37839763252804
2015-07-10,4420.14990234375,8.393928889054068
2015-07-13,4494.47021484375,8.410603078968188
2015-07-14,4523.47021484375,8.417034724906426
2015-07-15,4528.35986328125,8.418115091831323
2015-07-16,4594.89990234375,8.432702250514154
2015-07-17,4661.60009765625,8.447114036777949
2015-07-20,4679.68017578125,8.45098504806823
2015-07-21,4674.41015625,8.449858263976614
2015-07-22,4623.240234375,8.438851087677026
2015-07-23,4602.830078125,8.434426627673107
2015-07-24,4557.3701171875,8.42450100744952
2015-07-27,4519.08984375,8.416065890548015
2015-07-28,4560.22998046875,8.425128335549987
2015-07-29,4581.60009765625,8.429803582394527
2015-07-30,4598.58984375,8.43350497977286
2015-07-31,4588.91015625,8.431397836136064
2015-08-03,4580.4599609375,8.429554700217954
2015-08-04,4567.47021484375,8.426714767123894
2015-08-05,4602.240234375,8.43429847140036
2015-08-06,4528.509765625,8.418148194293853
2015-08-07,4520.080078125,8.41628498906868
2015-08-10,4573.10986328125,8.427948747703883
2015-08-11,4513.990234375,8.414936793966856
2015-08-12,4528.18994140625,8.418077567193645
2015-08-13,4519.31982421875,8.416116780135287
2015-08-14,4530.740234375,8.418640612274386
2015-08-17,4566.3701171875,8.426473883197401
2015-08-18,4542.06982421875,8.421138095558954
2015-08-19,4510.89990234375,8.414251947480036
2015-08-20,4385.1298828125,8.385974524165231
2015-08-21,4197.27001953125,8.342189597583195
2015-08-24,4038.60009765625,8.303653400425441
2015-08-25,4016.320068359375,8.298121356492482
2015-08-26,4219.60009765625,8.34749563895114
2015-08-27,4324.81982421875,8.37212575935804
2015-08-28,4329.1201171875,8.373119594155096
2015-08-31,4274.580078125,8.360441149207059
2015-09-01,4142.6298828125,8.329086102535815
2015-09-02,4256.22998046875,8.35613906632582
2015-09-03,4234.64990234375,8.351055935981567
2015-09-04,4184.72021484375,8.339195126410054
2015-09-08,4303.52978515625,8.36719084521261
2015-09-09,4253.4501953125,8.35548574324018
2015-09-10,4296.2998046875,8.365509420692137
2015-09-11,4323.22998046875,8.371758082528277
2015-09-14,4308.759765625,8.368405384292098
2015-09-15,4360.27978515625,8.380291505191613
2015-09-16,4383.669921875,8.38564153425019
2015-09-17,4384.9599609375,8.385935773849544
2015-09-18,4323.85986328125,8.371903769187025
2015-09-21,4336.1298828125,8.374737497194033
2015-09-22,4274.10009765625,8.360328855739672
2015-09-23,4273.52978515625,8.360195412315317
2015-09-24,4261.10009765625,8.357282644811939
2015-09-25,4224.740234375,8.348713054912952
2015-09-28,4103.47021484375,8.319588288567427
2015-09-29,4083.3701171875,8.314677935555006
2015-09-30,4181.06005859375,8.338320095901505
2015-10-01,4192.9599609375,8.34116219810001
2015-10-02,4267.4501953125,8.358771783906292
2015-10-05,4331.43017578125,8.373653061098972
2015-10-06,4306.7001953125,8.367927273927458
2015-10-07,4333.4599609375,8.374121569103425
2015-10-08,4350.14990234375,8.377965583797895
2015-10-09,4370.009765625,8.382520522783935
2015-10-12,4382.56005859375,8.38538832088717
2015-10-13,4352.93994140625,8.378606744399054
2015-10-14,4346.919921875,8.377222809350286
2015-10-15,4418.22021484375,8.393492227654946
2015-10-16,4438.6201171875,8.398098822705556
2015-10-19,4462.06982421875,8.403368023507142
2015-10-20,4438.18017578125,8.397999701086933
2015-10-21,4413.52001953125,8.392427840426267
2015-10-22,4503.22021484375,8.412548023135066
2015-10-23,4624.08984375,8.439034840040186
2015-10-26,4630.85009765625,8.440495736631924
2015-10-27,4639.22998046875,8.44230367896348
2015-10-28,4678.580078125,8.450749940765919
2015-10-29,4670.759765625,8.449077028142236
2015-10-30,4648.830078125,8.444370870823642
2015-11-02,4703.919921875,8.456151466022636
2015-11-03,4719.0498046875,8.459362745747299
2015-11-04,4717.5498046875,8.459044834619409
2015-11-05,4702.89990234375,8.455934597930272
2015-11-06,4707.22998046875,8.456854899453107
2015-11-09,4655.52001953125,8.44580889550863
2015-11-10,4641.72998046875,8.442842416350775
2015-11-11,4636.93994140625,8.441809932270974
2015-11-12,4588.93017578125,8.431402198716045
2015-11-13,4502.14013671875,8.412308148640763
2015-11-16,4565.47021484375,8.426276792071418
2015-11-17,4565.81982421875,8.426353365999894
2015-11-18,4653.43994140625,8.445361997430146
2015-11-19,4655.35009765625,8.445772395831828
2015-11-20,4686.35986328125,8.452411411526988
2015-11-23,4674.7900390625,8.449939529283757
2015-11-24,4669.41015625,8.44878803781429
2015-11-25,4672.8798828125,8.449530837857434
2015-11-27,4680.47021484375,8.451153857121804
2015-11-30,4664.509765625,8.447738020004785
2015-12-01,4716.16015625,8.458750221269346
2015-12-02,4686.22021484375,8.45238161216836
2015-12-03,4606.75,8.43527789821497
2015-12-04,4716.1201171875,8.458741731474442
2015-12-07,4693.6201171875,8.4539594436915
2015-12-08,4694.77001953125,8.454204406317203
2015-12-09,4622.14013671875,8.438613109872481
2015-12-10,4643.0498046875,8.443126714795795
2015-12-11,4537.56005859375,8.42014471453923
2015-12-14,4570.16015625,8.427303528405476
2015-12-15,4597.330078125,8.433230996170657
2015-12-16,4664.56005859375,8.447748801994779
2015-12-17,4598.14013671875,8.433407182613964
2015-12-18,4514.830078125,8.415122830176095
2015-12-21,4560.5498046875,8.425198466443707
2015-12-22,4589.259765625,8.431474018943343
2015-12-23,4624.58984375,8.439142963581574
2015-12-24,4622.77001953125,8.43874937573182
2015-12-28,4621.35009765625,8.438442170315152
2015-12-29,4691.080078125,8.453418128770052
2015-12-30,4652.009765625,8.445054612867866
2015-12-31,4593.27001953125,8.432347471957934
2016-01-04,4497.85986328125,8.41135697669405
2016-01-05,4484.18017578125,8.40831096531637
2016-01-06,4443.990234375,8.399307953271732
2016-01-07,4305.72021484375,8.367699700161593
2016-01-08,4270.77978515625,8.359551709024295
2016-01-11,4283.5498046875,8.36253733843759
2016-01-12,4333.72021484375,8.374181624138869
2016-01-13,4183.1201171875,8.33881268658992
2016-01-14,4272.97021484375,8.360064465070643
2016-01-15,4141.080078125,8.32871192122988
2016-01-19,4147.06982421875,8.33015729738912
2016-01-20,4136.27978515625,8.32755206021473
2016-01-21,4142.60009765625,8.329078912595083
2016-01-22,4259.77001953125,8.35697045178059
2016-01-25,4196.52978515625,8.342013221116245
2016-01-26,4233.85009765625,8.350867046641099
2016-01-27,4128.85986328125,8.325756585683402
2016-01-28,4186.06005859375,8.339515250393166
2016-01-29,4279.169921875,8.361514326279222
2016-02-01,4286.56005859375,8.363239839123828
2016-02-02,4193.10009765625,8.34119561944872
2016-02-03,4171.97021484375,8.336143676795981
2016-02-04,4167.77001953125,8.33513640425521
2016-02-05,4024.469970703125,8.300148496884166
2016-02-08,3960.669921875,8.28416846213118
2016-02-09,3947.800048828125,8.280913753077327
2016-02-10,3966.280029296875,8.285583914075016
2016-02-11,3962.219970703125,8.284559745834203
2016-02-12,4019.18994140625,8.298835654194907
2016-02-16,4104.330078125,8.319797812009448
2016-02-17,4199.10009765625,8.34262551885118
2016-02-18,4151.490234375,8.331222641386901
2016-02-19,4164.08984375,8.334253005810933
2016-02-22,4231.27001953125,8.350257468000944
2016-02-23,4162.5400390625,8.33388075323643
2016-02-24,4200.66015625,8.342996971979492
2016-02-25,4241.06005859375,8.352568530797038
2016-02-26,4235.6201171875,8.35128502309349
2016-02-29,4201.1201171875,8.343106463283238
2016-03-01,4333.60986328125,8.374156160342864
2016-03-02,4334.39013671875,8.374336195746558
2016-03-03,4325.85986328125,8.372366211924794
2016-03-04,4329.0,8.37309184744198
2016-03-07,4303.330078125,8.367144438733485
2016-03-08,4265.509765625,8.358316975790508
2016-03-09,4293.22998046875,8.364794637828293
2016-03-10,4286.97021484375,8.363335518788386
2016-03-11,4361.830078125,8.38064699096498
2016-03-14,4367.330078125,8.381907135269671
2016-03-15,4367.080078125,8.381849890419568
2016-03-16,4404.2001953125,8.390313954418964
2016-03-17,4400.259765625,8.389418855805745
2016-03-18,4410.830078125,8.391818177060738
2016-03-21,4426.97998046875,8.39547291057797
2016-03-22,4437.6201171875,8.397873502079294
2016-03-23,4402.56005859375,8.389941482206613
2016-03-24,4405.52978515625,8.390615800186495
2016-03-28,4398.06982421875,8.38892104734583
2016-03-29,4467.72021484375,8.404633538453044
2016-03-30,4490.8798828125,8.409803926529317
2016-03-31,4483.66015625,8.408194991009829
2016-04-01,4532.080078125,8.418936291480982
2016-04-04,4511.7001953125,8.414429344895899
2016-04-05,4470.75,8.405311458768146
2016-04-06,4543.77978515625,8.421514496452916
2016-04-07,4475.2900390625,8.406326441806995
2016-04-08,4474.93017578125,8.40624602740985
2016-04-11,4458.7099609375,8.402614756747724
2016-04-12,4496.0400390625,8.410952297019305
2016-04-13,4554.72021484375,8.423919384063032
2016-04-14,4554.6298828125,8.423899551247237
2016-04-15,4543.16015625,8.421378118549859
2016-04-18,4569.31005859375,8.427117500629528
2016-04-19,4537.08984375,8.420041081925469
2016-04-20,4540.43994140625,8.42077918973401
2016-04-21,4540.7998046875,8.420858443952927
2016-04-22,4474.18994140625,8.40608059564293
2016-04-25,4474.1298828125,8.406067172208155
2016-04-26,4452.97021484375,8.401326616515085
2016-04-27,4416.6298828125,8.393132214291766
2016-04-28,4363.990234375,8.381142109181209
2016-04-29,4341.2998046875,8.375929076422652
2016-05-02,4381.2998046875,8.385100718407305
2016-05-03,4341.39013671875,8.375949883806507
2016-05-04,4312.009765625,8.369159377341603
2016-05-05,4309.47998046875,8.368572521634908
2016-05-06,4330.169921875,8.373362063153804
2016-05-09,4341.22998046875,8.37591299258062
2016-05-10,4402.0400390625,8.389823357697587
2016-05-11,4361.02978515625,8.38046349771081
2016-05-12,4342.81005859375,8.37627689650905
2016-05-13,4326.52978515625,8.37252106437679
2016-05-16,4380.47998046875,8.384913581948446
2016-05-17,4322.56005859375,8.371603111872428
2016-05-18,4338.22998046875,8.375221705303998
2016-05-19,4315.580078125,8.369987027419658
2016-05-20,4362.89990234375,8.38089223046844
2016-05-23,4355.10009765625,8.379102873558915
2016-05-24,4444.2998046875,8.399377611284976
2016-05-25,4476.43017578125,8.40658117200355
2016-05-26,4487.9599609375,8.409153525803
2016-05-27,4512.5400390625,8.41461547552421
2016-05-31,4523.89013671875,8.41712755239621
2016-06-01,4520.06982421875,8.416282720542966
2016-06-02,4531.35009765625,8.418775208876234
2016-06-03,4509.7900390625,8.414005876881431
2016-06-06,4523.6298828125,8.417070021955656
2016-06-07,4513.08984375,8.414737307395297
2016-06-08,4520.6298828125,8.416406617721861
2016-06-09,4512.68994140625,8.414648694033675
2016-06-10,4461.0498046875,8.403139399532991
2016-06-13,4422.759765625,8.394519161589923
2016-06-14,4424.91015625,8.39500525356359
2016-06-15,4409.509765625,8.391518798004318
2016-06-16,4424.22998046875,8.394851526586262
2016-06-17,4374.3798828125,8.383520047674072
2016-06-20,4400.16015625,8.389396218391648
2016-06-21,4413.39990234375,8.392400624321764
2016-06-22,4404.72998046875,8.390434238073464
2016-06-23,4467.47998046875,8.40457976587497
2016-06-24,4285.7001953125,8.363039223823158
2016-06-27,4201.0498046875,8.343089726535313
2016-06-28,4290.47021484375,8.364151613105319
2016-06-29,4364.740234375,8.381313955477651
2016-06-30,4417.7001953125,8.39337452185686
2016-07-01,4437.4501953125,8.397835210129138
2016-07-05,4410.75,8.391800022008175
2016-07-06,4444.7001953125,8.399467698049577
2016-07-07,4459.580078125,8.402809887694676
2016-07-08,4528.35986328125,8.418115091831323
2016-07-11,4554.7099609375,8.42391713279022
2016-07-12,4577.60986328125,8.428932276977475
2016-07-13,4565.77001953125,8.426342457781642
2016-07-14,4596.490234375,8.433048298723069
2016-07-15,4589.830078125,8.431598282352994
2016-07-18,4619.68017578125,8.438080755658179
2016-07-19,4603.27978515625,8.43452432518884
2016-07-20,4657.2001953125,8.446169730100612
2016-07-21,4647.02001953125,8.443981437130626
2016-07-22,4666.06982421875,8.44807241693978
2016-07-25,4665.93017578125,8.448042487999036
2016-07-26,4672.10986328125,8.4493660394887
2016-07-27,4702.8798828125,8.455930341072955
2016-07-28,4721.41015625,8.45986279587652
2016-07-29,4730.22998046875,8.461729101967567
2016-08-01,4756.0400390625,8.467170676417478
2016-08-02,4719.2099609375,8.459396683412502
2016-08-03,4734.330078125,8.462595512637973
2016-08-04,4743.81005859375,8.464595901636919
2016-08-05,4791.2099609375,8.474538259954917
2016-08-08,4784.740234375,8.473187014926497
2016-08-09,4795.75,8.475485388016446
2016-08-10,4783.39013671875,8.47290480772136
2016-08-11,4803.31005859375,8.477060554774596
2016-08-12,4807.080078125,8.477845126404052
2016-08-15,4827.1201171875,8.482005319789973
2016-08-16,4797.18994140625,8.47578559659189
2016-08-17,4805.4501953125,8.477506010108602
2016-08-18,4808.68017578125,8.478177933718039
2016-08-19,4806.14013671875,8.47764957457267
2016-08-22,4808.56005859375,8.4781529541637
2016-08-23,4818.47998046875,8.480213800560028
2016-08-24,4783.490234375,8.472925733593195
2016-08-25,4775.43017578125,8.471239338025894
2016-08-26,4783.68994140625,8.472967481951146
2016-08-29,4791.08984375,8.474513189316353
2016-08-30,4775.990234375,8.471356610341495
2016-08-31,4771.0498046875,8.470321644507418
2016-09-01,4783.93994140625,8.473019741497787
2016-09-02,4798.740234375,8.47610871127777
2016-09-06,4829.509765625,8.482500243695162
2016-09-07,4831.85986328125,8.482986737389714
2016-09-08,4804.0,8.477204183199873
2016-09-09,4681.5400390625,8.451382402956384
2016-09-12,4764.64990234375,8.468979340638523
2016-09-13,4722.85009765625,8.460167730594263
2016-09-14,4746.06005859375,8.465070091486595
2016-09-15,4819.89990234375,8.480508439680406
2016-09-16,4818.0498046875,8.480124520333405
2016-09-19,4796.06982421875,8.475552074886036
2016-09-20,4805.22021484375,8.477458150706711
2016-09-21,4853.75,8.487506881045878
2016-09-22,4891.35986328125,8.495225634459443
2016-09-23,4858.91015625,8.488569444062083
2016-09-26,4817.169921875,8.479941881464772
2016-09-27,4866.7099609375,8.490173415071796
2016-09-28,4875.27001953125,8.491930770519849
2016-09-29,4838.2998046875,8.484318657974153
2016-09-30,4875.7001953125,8.492019002925867
2016-10-03,4866.6298828125,8.490156960673556
2016-10-04,4859.47021484375,8.488684701661185
2016-10-05,4877.75,8.492439326950008
2016-10-06,4873.919921875,8.491653804397947
2016-10-07,4864.52001953125,8.48972332984154
2016-10-10,4893.77001953125,8.495718250567272
2016-10-11,4821.91015625,8.48092542651652
2016-10-12,4819.64013671875,8.480454543825623
2016-10-13,4803.10009765625,8.477016842100639
2016-10-14,4808.47998046875,8.478136300780815
2016-10-17,4796.169921875,8.475572945435335
2016-10-18,4839.72021484375,8.484612191189331
2016-10-19,4836.60986328125,8.483969312816125
2016-10-20,4832.7099609375,8.483162657823609
2016-10-21,4851.85986328125,8.487117387388235
2016-10-24,4909.97021484375,8.499023154546897
2016-10-25,4891.4501953125,8.495244101961257
2016-10-26,4860.58984375,8.488915076556907
2016-10-27,4836.4501953125,8.483936299898227
2016-10-28,4805.58984375,8.477535070113959
2016-10-31,4801.27001953125,8.476635749301252
2016-11-01,4766.93994140625,8.469459856301514
2016-11-02,4726.91015625,8.461027024107427
2016-11-03,4679.10009765625,8.450861083596623
2016-11-04,4660.4599609375,8.446869426312608
2016-11-07,4773.72998046875,8.470883244861124
2016-11-08,4804.919921875,8.477395655682795
2016-11-09,4825.18017578125,8.481603355206715
2016-11-10,4747.02978515625,8.4652743930537
2016-11-11,4751.9501953125,8.46631038020315
2016-11-14,4702.0400390625,8.455751744389685
2016-11-15,4764.47021484375,8.468941627292944
2016-11-16,4792.27001953125,8.474759486190111
2016-11-17,4826.58984375,8.481895460794792
2016-11-18,4808.0400390625,8.478044803772404
2016-11-21,4859.0,8.488587934405903
2016-11-22,4873.83984375,8.491637374340801
2016-11-23,4853.85986328125,8.48752951551158
2016-11-25,4870.02001953125,8.490853326854891
2016-11-28,4857.02001953125,8.488180364126677
2016-11-29,4873.2099609375,8.49150812850211
2016-11-30,4810.81005859375,8.478620760270259
2016-12-01,4734.10009765625,8.462546934264468
2016-12-02,4739.3701171875,8.463659519189603
2016-12-05,4778.14013671875,8.47180665703262
2016-12-06,4788.669921875,8.47400797373983
2016-12-07,4851.93994140625,8.487133891876502
2016-12-08,4859.18994140625,8.488627024279104
2016-12-09,4895.89990234375,8.496153379200434
2016-12-12,4874.2998046875,8.491731743308506
2016-12-13,4935.83984375,8.504278118492778
2016-12-14,4921.22021484375,8.501311789883777
2016-12-15,4933.41015625,8.503785743175689
2016-12-16,4914.85986328125,8.500018520126215
2016-12-19,4934.85009765625,8.504077576057965
2016-12-20,4953.7998046875,8.507910198390515
2016-12-21,4948.91015625,8.506922660867119
2016-12-22,4934.39013671875,8.503984365045381
2016-12-23,4940.02001953125,8.505124662710447
2016-12-27,4965.81005859375,8.510331716966457
2016-12-28,4926.2900390625,8.5023414561722
2016-12-29,4918.27978515625,8.500714111185665
2016-12-30,4863.6201171875,8.489538319688792
2017-01-03,4911.330078125,8.499300075779194
2017-01-04,4937.2099609375,8.504555665395385
2017-01-05,4964.9501953125,8.510158545273372
2017-01-06,5007.080078125,8.518608205436527
2017-01-09,5024.89990234375,8.52216081279728
2017-01-10,5035.169921875,8.52420255272124
2017-01-11,5050.2099609375,8.527185097828397
2017-01-12,5041.43017578125,8.525445085847693
2017-01-13,5059.509765625,8.529024873324094
2017-01-17,5044.64990234375,8.526083535403306
2017-01-18,5055.85009765625,8.528301286980575
2017-01-19,5051.169921875,8.527375163136607
2017-01-20,5063.2001953125,8.529754012036008
2017-01-23,5065.7001953125,8.530247649045823
2017-01-24,5101.06005859375,8.537203651739862
2017-01-25,5151.47021484375,8.547037431526954
2017-01-26,5156.919921875,8.548094765885992
2017-01-27,5168.06005859375,8.550252666639832
2017-01-30,5129.330078125,8.542730340577867
2017-01-31,5116.77001953125,8.540278663400153
2017-02-01,5152.68994140625,8.5472741760165
2017-02-02,5147.7001953125,8.546305329901386
2017-02-03,5161.60009765625,8.549001906850652
2017-02-06,5167.9599609375,8.550233297935812
2017-02-07,5185.8798828125,8.553694804012496
2017-02-08,5196.580078125,8.55575601092129
2017-02-09,5212.16015625,8.558749666139859
2017-02-10,5226.68994140625,8.56153345830155
2017-02-13,5256.81982421875,8.567281526733668
2017-02-14,5271.06982421875,8.569988623631204
2017-02-15,5302.39013671875,8.575912967076386
2017-02-16,5300.64013671875,8.575582872759806
2017-02-17,5324.72021484375,8.580115447383877
2017-02-21,5350.72998046875,8.584988275529717
2017-02-22,5352.1298828125,8.585249869602631
2017-02-23,5332.3701171875,8.581551093215774
2017-02-24,5343.31005859375,8.583600601079542
2017-02-27,5347.5498046875,8.58439375455274
2017-02-28,5330.31005859375,8.581164687811988
2017-03-01,5390.990234375,8.592484363981841
2017-03-02,5363.259765625,8.587327234435865
2017-03-03,5373.47998046875,8.589231018670612
2017-03-06,5360.31005859375,8.586777099144355
2017-03-07,5351.27978515625,8.58509102346212
2017-03-08,5359.81005859375,8.586683816607424
2017-03-09,5363.97998046875,8.587461512192656
2017-03-10,5385.89990234375,8.591539688413057
2017-03-13,5394.56982421875,8.593148138501798
2017-03-14,5382.169921875,8.590846903043197
2017-03-15,5416.25,8.59715897305412
2017-03-16,5412.080078125,8.596388785582729
2017-03-17,5408.759765625,8.595775097060923
2017-03-20,5413.31005859375,8.596616025517458
2017-03-21,5332.52978515625,8.581581035919452
2017-03-22,5367.5498046875,8.588126808645612
2017-03-23,5355.14013671875,8.585812151861333
2017-03-24,5364.0,8.587465244401569
2017-03-27,5374.27001953125,8.58937803345304
2017-03-28,5407.2099609375,8.595488519946286
2017-03-29,5430.27001953125,8.59974413904544
2017-03-30,5439.740234375,8.601486587675865
2017-03-31,5436.22998046875,8.600841081305619
2017-04-03,5432.2001953125,8.600099523366572
2017-04-04,5440.41015625,8.60160973337731
2017-04-05,5418.52001953125,8.597577998019185
2017-04-06,5420.8798828125,8.598013421260285
2017-04-07,5418.3701171875,8.597550332823383
2017-04-10,5421.68017578125,8.5981610419266
2017-04-11,5398.39990234375,8.593857874261799
2017-04-12,5377.02978515625,8.589891416157595
2017-04-13,5353.58984375,8.585522613702764
2017-04-17,5399.2001953125,8.594006109603537
2017-04-18,5391.66015625,8.592608623204127
2017-04-19,5399.64013671875,8.594087588983353
2017-04-20,5443.52978515625,8.602182986998422
2017-04-21,5442.0498046875,8.601911071210079
2017-04-24,5508.02978515625,8.613962267451253
2017-04-25,5548.18994140625,8.621227016862788
2017-04-26,5541.08984375,8.619946483092512
2017-04-27,5571.27978515625,8.625380070471515
2017-04-28,5583.52978515625,8.627576433367231
2017-05-01,5629.6298828125,8.635798978797357
2017-05-02,5644.06982421875,8.638360684302762
2017-05-03,5625.16015625,8.635004698889517
2017-05-04,5626.31982421875,8.635210834966703
2017-05-05,5646.08984375,8.63871852150121
2017-05-08,5659.06982421875,8.641014815680778
2017-05-09,5678.31005859375,8.644408942550418
2017-05-10,5681.68017578125,8.645002273568638
2017-05-11,5674.22021484375,8.643688425832394
2017-05-12,5686.81005859375,8.645904747521628
2017-05-15,5704.47998046875,8.649007106602403
2017-05-16,5724.43994140625,8.652499996808482
2017-05-17,5580.5498046875,8.62704258182747
2017-05-18,5626.31005859375,8.635209099261344
2017-05-19,5651.56005859375,8.639686902592588
2017-05-22,5699.39990234375,8.648116167989713
2017-05-23,5703.35009765625,8.648809017604151
2017-05-24,5730.2998046875,8.653523130275032
2017-05-25,5778.3701171875,8.661876935254952
2017-05-26,5788.35986328125,8.663604259847892
2017-05-30,5794.6298828125,8.664686885367054
2017-05-31,5788.7998046875,8.663680261461254
2017-06-01,5816.509765625,8.668455664207531
2017-06-02,5881.4599609375,8.679560302749593
2017-06-05,5878.1201171875,8.678992281813878
2017-06-06,5856.77001953125,8.675353539403071
2017-06-07,5877.58984375,8.678902066345884
2017-06-08,5885.2998046875,8.680212962268914
2017-06-09,5741.93994140625,8.6555524011011
2017-06-12,5708.18017578125,8.649655543582298
2017-06-13,5751.81982421875,8.65727157488711
2017-06-14,5727.06982421875,8.652959304430368
2017-06-15,5700.89013671875,8.648377605966884
2017-06-16,5681.47998046875,8.644967037717032
2017-06-19,5772.22021484375,8.660812071425815
2017-06-20,5726.31005859375,8.652826633439991
2017-06-21,5782.39013671875,8.662572394654678
2017-06-22,5779.8701171875,8.662136490339117
2017-06-23,5803.10986328125,8.666149236163948
2017-06-26,5777.58984375,8.66174189265506
2017-06-27,5671.60009765625,8.64322656108187
2017-06-28,5753.02978515625,8.657481914175852
2017-06-29,5653.02001953125,8.639945198068498
2017-06-30,5646.919921875,8.638865528923272
2017-07-03,5596.9599609375,8.629978865200862
2017-07-05,5648.81982421875,8.639201921652633
2017-07-06,5597.89990234375,8.630146788948
2017-07-07,5656.47021484375,8.640555339701416
2017-07-10,5694.14990234375,8.647194593860215
2017-07-11,5709.7998046875,8.649939241560379
2017-07-12,5778.9501953125,8.661977318061659
2017-07-13,5793.35986328125,8.664467689533408
2017-07-14,5838.080078125,8.672157268025193
2017-07-17,5839.740234375,8.67244159441775
2017-07-18,5880.10009765625,8.679329064158702
2017-07-19,5916.16015625,8.685442895176564
2017-07-20,5921.22021484375,8.686297824011039
2017-07-21,5921.52978515625,8.6863501041508
2017-07-24,5941.3701171875,8.689695045218063
2017-07-25,5930.64990234375,8.687889081660087
2017-07-26,5950.72998046875,8.691269176807456
2017-07-27,5917.02978515625,8.685589876491344
2017-07-28,5908.919921875,8.684218339362664
2017-07-31,5880.330078125,8.679368175052666
2017-08-01,5895.169921875,8.681888637301594
2017-08-02,5914.22998046875,8.685116587121449
2017-08-03,5891.2001953125,8.68121502419202
2017-08-04,5899.91015625,8.68269240202363
2017-08-07,5934.72998046875,8.688576809878839
2017-08-08,5926.35009765625,8.687163804629474
2017-08-09,5919.39013671875,8.685988705125233
2017-08-10,5788.18994140625,8.663574903627277
2017-08-11,5831.52978515625,8.671034643750103
2017-08-14,5908.169921875,8.68409140455707
2017-08-15,5907.72998046875,8.684016938556157
2017-08-16,5917.419921875,8.685655808871564
2017-08-17,5796.31982421875,8.66497848208017
2017-08-18,5790.91015625,8.664044752729685
2017-08-21,5786.5400390625,8.663289816656313
2017-08-22,5873.330078125,8.678177056586664
2017-08-23,5851.77978515625,8.674501130734123
2017-08-24,5834.43994140625,8.671533557492992
2017-08-25,5822.52978515625,8.669490117272462
2017-08-28,5838.080078125,8.672157268025193
2017-08-29,5862.14013671875,8.676270026941893
2017-08-30,5932.89990234375,8.68826839477699
2017-08-31,5988.60009765625,8.697612957227621
2017-09-01,5987.89990234375,8.69749602902434
2017-09-05,5932.72998046875,8.68823975375638
2017-09-06,5951.1298828125,8.691336376782669
2017-09-07,5964.31005859375,8.693548662895747
2017-09-08,5913.3701171875,8.684971187670055
2017-09-11,5980.52978515625,8.696264435856058
2017-09-12,5995.64013671875,8.698787840196358
2017-09-13,6004.3798828125,8.70024446237279
2017-09-14,5968.81982421875,8.694304502459046
2017-09-15,5988.0,8.69751274553952
2017-09-18,5981.1201171875,8.696363139970716
2017-09-19,5991.080078125,8.698026988398368
2017-09-20,5973.60986328125,8.695106690865376
2017-09-21,5934.91015625,8.688607168976366
2017-09-22,5932.31982421875,8.68817061687842
2017-09-25,5867.35009765625,8.677158379491923
2017-09-26,5881.33984375,8.679539879518815
2017-09-27,5937.7900390625,8.68909229583405
2017-09-28,5933.06982421875,8.688297034977316
2017-09-29,5979.2998046875,8.696058750572025
2017-10-02,5981.919921875,8.696496852586586
2017-10-03,5995.06005859375,8.698691085525487
2017-10-04,5998.83984375,8.699321370138858
2017-10-05,6057.14013671875,8.708993043038014
2017-10-06,6064.56982421875,8.710218891281261
2017-10-09,6058.52978515625,8.709222439918674
2017-10-10,6063.52001953125,8.710045771737516
2017-10-11,6081.25,8.712965545934315
2017-10-12,6069.990234375,8.711112275217818
2017-10-13,6092.4501953125,8.714805610712153
2017-10-16,6114.52978515625,8.7184231498509
2017-10-17,6122.60986328125,8.71974373285173
2017-10-18,6114.35009765625,8.718393762449644
2017-10-19,6092.6201171875,8.714833500887694
2017-10-20,6108.81982421875,8.717488878716503
2017-10-23,6067.830078125,8.710756337130553
2017-10-24,6080.22021484375,8.71279619385097
2017-10-25,6055.0400390625,8.708646268527263
2017-10-26,6037.8701171875,8.705806599135704
2017-10-27,6213.47021484375,8.73447482961482
2017-10-30,6227.58984375,8.736744673969241
2017-10-31,6248.56005859375,8.74010632556145
2017-11-01,6248.64990234375,8.740120703770712
2017-11-02,6236.39013671875,8.738156790234656
2017-11-03,6295.580078125,8.747603091259993
2017-11-06,6313.60986328125,8.750462878054845
2017-11-07,6320.77978515625,8.751597863257011
2017-11-08,6345.81005859375,8.75555004080862
2017-11-09,6312.2099609375,8.750241125745852
2017-11-10,6309.06982421875,8.749743531708322
2017-11-13,6316.18017578125,8.750869901849784
2017-11-14,6293.64013671875,8.74729490038105
2017-11-15,6258.35986328125,8.741673427094721
2017-11-16,6339.14013671875,8.754498413110127
2017-11-17,6314.509765625,8.750605401624739
2017-11-20,6308.60986328125,8.749670624335636
2017-11-21,6378.6298828125,8.760708601366076
2017-11-22,6386.1201171875,8.761882182554064
2017-11-24,6409.2900390625,8.765503785443975
2017-11-27,6405.97021484375,8.764985680586603
2017-11-28,6422.56005859375,8.767572080219997
2017-11-29,6311.3798828125,8.750109613531581
2017-11-30,6365.56005859375,8.758657497473097
2017-12-01,6337.8701171875,8.75429804732828
2017-12-04,6263.7001953125,8.742526374985088
2017-12-05,6265.10986328125,8.742751403214921
2017-12-06,6293.0498046875,8.747201097795234
2017-12-07,6316.27978515625,8.750885672234224
2017-12-08,6344.56982421875,8.75535458024867
2017-12-11,6393.89013671875,8.763098147226119
2017-12-12,6383.64990234375,8.76149529776745
2017-12-13,6394.669921875,8.763220097649567
2017-12-14,6389.91015625,8.762475487217964
2017-12-15,6466.31982421875,8.77436241951479
2017-12-18,6513.27001953125,8.781596916236268
2017-12-19,6480.669921875,8.776579167008068
2017-12-20,6472.47998046875,8.775314618607197
2017-12-21,6472.68994140625,8.775347057105693
2017-12-22,6465.169921875,8.774184574213225
2017-12-26,6433.16015625,8.769221167144936
2017-12-27,6435.14990234375,8.76953041460642
2017-12-28,6441.419921875,8.770504279558406
2017-12-29,6396.419921875,8.763493725625336
2018-01-02,6511.33984375,8.781300527198033
2018-01-03,6575.7998046875,8.791151492946499
2018-01-04,6584.580078125,8.792485842686924
2018-01-05,6653.2900390625,8.802866754021238
2018-01-08,6676.6298828125,8.806368630662424
2018-01-09,6677.93994140625,8.806564826963045
2018-01-10,6662.66015625,8.80427410664672
2018-01-11,6708.490234375,8.811129202320291
2018-01-12,6758.5400390625,8.818562175159126
2018-01-16,6737.14013671875,8.815390801800985
2018-01-17,6810.27978515625,8.826188482757214
2018-01-18,6811.3798828125,8.826350004581347
2018-01-19,6834.330078125,8.829713730912575
2018-01-22,6906.27978515625,8.840186390473669
2018-01-23,6963.4599609375,8.848431750629198
2018-01-24,6919.35009765625,8.84207712767762
2018-01-25,6916.2998046875,8.841636195297905
2018-01-26,7022.97021484375,8.856941515062706
2018-01-29,6988.31982421875,8.851995437839548
2018-01-30,6930.72998046875,8.843720422923449
2018-01-31,6949.990234375,8.846495533431952
2018-02-01,6901.5,8.839494058263632
2018-02-02,6760.2900390625,8.818821073303369
2018-02-05,6495.919921875,8.778929554467965
2018-02-06,6665.97998046875,8.804772255633164
2018-02-07,6582.02001953125,8.792096971056127
2018-02-08,6306.10009765625,8.749272713378367
2018-02-09,6412.68017578125,8.766032586672015
2018-02-12,6523.85009765625,8.783219986416267
2018-02-13,6553.85986328125,8.787809447168897
2018-02-14,6675.02978515625,8.806128945454187
2018-02-15,6794.919921875,8.82393054165561
2018-02-16,6770.66015625,8.820353873153811
2018-02-20,6779.68994140625,8.82168664853272
2018-02-21,6759.259765625,8.818668660914735
2018-02-22,6761.85009765625,8.81905181467787
2018-02-23,6896.60009765625,8.838783829679256
2018-02-26,6989.10009765625,8.852107085546015
2018-02-27,6900.35009765625,8.839327428088943
2018-02-28,6854.419921875,8.832648967245163
2018-03-01,6750.5400390625,8.81737778645332
2018-03-02,6811.0400390625,8.826300109811985
2018-03-05,6881.27978515625,8.83655992891303
2018-03-06,6913.02001953125,8.841161871866321
2018-03-07,6929.39013671875,8.843527084951939
2018-03-08,6966.43017578125,8.848858202648504
2018-03-09,7101.18017578125,8.868016271157092
2018-03-12,7131.1201171875,8.87222360025434
2018-03-13,7046.509765625,8.860287704513668
2018-03-14,7040.97998046875,8.859502641235549
2018-03-15,7030.97021484375,8.858079985928455
2018-03-16,7019.9501953125,8.856511402309861
2018-03-19,6864.8798828125,8.834173821007846
2018-03-20,6885.919921875,8.837234014710171
2018-03-21,6853.4501953125,8.83250748260082
2018-03-22,6682.259765625,8.807211497591332
2018-03-23,6508.08984375,8.7808012733681
2018-03-26,6753.830078125,8.817865041926778
2018-03-27,6529.83984375,8.784137695744588
2018-03-28,6460.81005859375,8.773509984982361
2018-03-29,6581.1298828125,8.791961724291225
2018-04-02,6390.83984375,8.762620969682082
2018-04-03,6458.830078125,8.773203477918187
2018-04-04,6560.06005859375,8.788755037169663
2018-04-05,6594.83984375,8.794042780360712
2018-04-06,6433.2099609375,8.769228908984639
2018-04-09,6472.33984375,8.775292967209857
2018-04-10,6615.8701171875,8.797226604888621
2018-04-11,6583.43994140625,8.792312675161371
2018-04-12,6656.259765625,8.80331300902691
2018-04-13,6628.33984375,8.799109651183407
2018-04-16,6675.18017578125,8.80615147553056
2018-04-17,6816.3701171875,8.827082368265454
2018-04-18,6833.2099609375,8.829549821798453
2018-04-19,6774.89013671875,8.820978429633948
2018-04-20,6667.75,8.805037750666324
2018-04-23,6648.7998046875,8.802191636863215
2018-04-24,6509.0498046875,8.780948765208116
2018-04-25,6513.93994140625,8.781699765868321
2018-04-26,6649.64990234375,8.80231948599994
2018-04-27,6656.35009765625,8.803326579924304
2018-04-30,6605.56982421875,8.795668484880775
2018-05-01,6681.9599609375,8.807166630821152
2018-05-02,6644.47998046875,8.801541710819285
2018-05-03,6643.47998046875,8.801391198625565
2018-05-04,6769.1201171875,8.820126389540631
2018-05-07,6821.8701171875,8.827888923979922
2018-05-08,6815.47998046875,8.826951771653308
2018-05-09,6893.2099609375,8.838292142444605
2018-05-10,6963.5498046875,8.848444652716797
2018-05-11,6952.56005859375,8.846865224487745
2018-05-14,6964.3701171875,8.848562446688266
2018-05-15,6888.5400390625,8.83761444591786
2018-05-16,6929.97021484375,8.843610794172367
2018-05-17,6901.6298828125,8.839512877591366
2018-05-18,6866.25,8.83437338465683
2018-05-21,6905.52978515625,8.840077787759894
2018-05-22,6893.6201171875,8.838351642162493
2018-05-23,6953.6298828125,8.847019087512106
2018-05-24,6949.7001953125,8.846453800263287
2018-05-25,6960.919921875,8.848066917277615
2018-05-29,6926.5400390625,8.843115694643199
2018-05-30,6976.3701171875,8.8502840199709
2018-05-31,6967.72998046875,8.849044766413625
2018-06-01,7083.93017578125,8.865584142245064
2018-06-04,7143.56982421875,8.873967905768362
2018-06-05,7166.75,8.877207553287018
2018-06-06,7210.080078125,8.883235336753378
2018-06-07,7152.830078125,8.87526337249629
2018-06-08,7152.6201171875,8.87523401851796
2018-06-11,7168.47998046875,8.877448913973872
2018-06-12,7209.18017578125,8.883110517264852
2018-06-13,7205.259765625,8.88256656130557
2018-06-14,7279.58984375,8.892829799459335
2018-06-15,7255.759765625,8.88955088287105
2018-06-18,7251.41015625,8.888951233245555
2018-06-19,7228.0400390625,8.885723191135417
2018-06-20,7280.7001953125,8.892982317240461
2018-06-21,7217.490234375,8.884262558488027
2018-06-22,7197.509765625,8.88149037929333
2018-06-25,7038.169921875,8.859103461078998
2018-06-26,7068.2001953125,8.863361157219634
2018-06-27,6969.669921875,8.849323145656866
2018-06-28,7031.60009765625,8.858169568813933
2018-06-29,7040.7998046875,8.859477051319502
2018-07-02,7097.81982421875,8.867542948863235
2018-07-03,7014.5498046875,8.855741814381322
2018-07-05,7101.0498046875,8.867997911914362
2018-07-06,7207.330078125,8.882853853532252
2018-07-09,7276.0,8.892336539638013
2018-07-10,7282.60009765625,8.893243233697076
2018-07-11,7243.97998046875,8.887926055397712
2018-07-12,7366.25,8.904664036152123
2018-07-13,7375.81982421875,8.905962337635849
2018-07-16,7357.89990234375,8.903529831650433
2018-07-17,7403.89013671875,8.90976083521468
2018-07-18,7390.1298828125,8.907900589269872
2018-07-19,7352.35986328125,8.902776610509177
2018-07-20,7350.22998046875,8.902486881577058
2018-07-23,7371.77978515625,8.905414446552475
2018-07-24,7406.25,8.910079517317541
2018-07-25,7508.58984375,8.923802956654395
2018-07-26,7400.75,8.909336625407912
2018-07-27,7296.77978515625,8.895188404491023
2018-07-30,7193.10009765625,8.880877525752213
2018-07-31,7231.97998046875,8.886268133880785
2018-08-01,7272.89013671875,8.891909034405739
2018-08-02,7372.14990234375,8.905464652595969
2018-08-03,7395.490234375,8.908625665628502
2018-08-06,7438.990234375,8.914490397430027
2018-08-07,7462.64990234375,8.917665844915357
2018-08-08,7469.5498046875,8.91859000920062
2018-08-09,7466.9599609375,8.918243228886265
2018-08-10,7408.2998046875,8.910356245902292
2018-08-13,7401.169921875,8.909393364246837
2018-08-14,7447.169921875,8.915589362943953
2018-08-15,7354.66015625,8.903089426155644
2018-08-16,7374.2900390625,8.905754910684331
2018-08-17,7377.5400390625,8.906195533988067
2018-08-20,7371.419921875,8.905365629024603
2018-08-21,7397.22998046875,8.908860882150753
2018-08-22,7424.60009765625,8.912554103318943
2018-08-23,7413.83984375,8.911103781609267
2018-08-24,7485.39990234375,8.920709722593383
2018-08-27,7559.1298828125,8.930511367683584
2018-08-28,7570.25,8.931981370985254
2018-08-29,7660.18017578125,8.943790784100468
2018-08-30,7642.669921875,8.941502287325477
2018-08-31,7654.5498046875,8.943055495740229
2018-09-04,7622.31982421875,8.938836041222434
2018-09-05,7523.259765625,8.92575480249021
2018-09-06,7453.169921875,8.916394713746312
2018-09-07,7430.259765625,8.913316098826769
2018-09-10,7447.68017578125,8.915657877081806
2018-09-11,7507.8701171875,8.923707098300971
2018-09-12,7488.06005859375,8.921065038770795
2018-09-13,7561.68994140625,8.930849981415905
2018-09-14,7545.5,8.928706638058605
2018-09-17,7434.72998046875,8.913917540880192
2018-09-18,7494.39990234375,8.92191134093278
2018-09-19,7490.31982421875,8.921366775762356
2018-09-20,7569.02978515625,8.931820172452204
2018-09-21,7531.06982421875,8.926792385631702
2018-09-24,7548.75,8.929137265622112
2018-09-25,7563.18994140625,8.931048330099205
2018-09-26,7563.08984375,8.931035095165345
2018-09-27,7629.56982421875,8.939786743163397
2018-09-28,7627.64990234375,8.939535069277913
2018-10-01,7645.4501953125,8.941866004178411
2018-10-02,7628.27978515625,8.939617644751943
2018-10-03,7637.43017578125,8.940816461150826
2018-10-04,7490.0,8.921324076511265
2018-10-05,7399.009765625,8.909101454782093
2018-10-08,7352.81982421875,8.902839168185782
2018-10-09,7371.6201171875,8.905392786966516
2018-10-10,7044.5,8.860002449493331
2018-10-11,6964.02978515625,8.84851357789735
2018-10-12,7157.2099609375,8.875875513753382
2018-10-15,7068.669921875,8.863427611329882
2018-10-16,7276.43017578125,8.892395660455112
2018-10-17,7278.6298828125,8.89269792056797
2018-10-18,7116.08984375,8.87011367430327
2018-10-19,7107.22998046875,8.868867852014708
2018-10-22,7141.2099609375,8.87363750329269
2018-10-23,7118.669921875,8.870476178229676
2018-10-24,6789.14990234375,8.823081014238138
2018-10-25,7016.39013671875,8.856004139221922
2018-10-26,6852.39990234375,8.832354220604909
2018-10-29,6713.89990234375,8.811935268632856
2018-10-30,6810.1201171875,8.826165037341529
2018-10-31,6967.10009765625,8.848954362324102
2018-11-01,7069.169921875,8.863498343493458
2018-11-02,6965.2900390625,8.84869452771049
2018-11-05,6937.08984375,8.844637634685316
2018-11-06,6988.85009765625,8.852071314922064
2018-11-07,7203.1298828125,8.88227091649307
2018-11-08,7158.58984375,8.876068291360724
2018-11-09,7039.14990234375,8.859242689352927
2018-11-12,6829.10009765625,8.828948186586313
2018-11-13,6830.91015625,8.829213202288454
2018-11-14,6769.8701171875,8.820237180668741
2018-11-15,6890.4501953125,8.8378917022668
2018-11-16,6867.02001953125,8.834485523940621
2018-11-19,6642.919921875,8.801306893080316
2018-11-20,6526.9599609375,8.78369656424188
2018-11-21,6575.66015625,8.791130255998217
2018-11-23,6527.35009765625,8.78375633556907
2018-11-26,6678.33984375,8.80662470925816
2018-11-27,6701.0400390625,8.810018023042993
2018-11-28,6913.330078125,8.841206722255848
2018-11-29,6892.39990234375,8.838174620100258
2018-11-30,6949.009765625,8.846354448641444
2018-12-03,7062.1298828125,8.862501968108004
2018-12-04,6795.2099609375,8.82397322543642
2018-12-06,6838.85009765625,8.83037488210605
2018-12-07,6613.27978515625,8.79683499513539
2018-12-10,6682.740234375,8.80728339714243
2018-12-11,6704.240234375,8.810495476003023
2018-12-12,6763.9599609375,8.819363790565337
2018-12-13,6767.97021484375,8.819956500396314
2018-12-14,6594.9599609375,8.794060994009028
2018-12-17,6448.39013671875,8.771585787430354
2018-12-18,6491.52001953125,8.778251991756308
2018-12-19,6342.97021484375,8.755102425870666
2018-12-20,6243.18994140625,8.739246539299588
2018-12-21,6046.56005859375,8.70724480396253
2018-12-24,5899.35009765625,8.682597470886911
2018-12-26,6262.77001953125,8.742377861354832
2018-12-27,6288.2998046875,8.746446011834957
2018-12-28,6285.27001953125,8.74596408263629
2018-12-31,6329.97021484375,8.753050809731219
2019-01-02,6360.8701171875,8.75792045785495
2019-01-03,6147.1298828125,8.723740566147345
2019-01-04,6422.669921875,8.767589185913147
2019-01-07,6488.25,8.777748127728593
2019-01-08,6551.85009765625,8.787502746403087
2019-01-09,6600.68994140625,8.794929459127655
2019-01-10,6620.93994140625,8.797992623958807
2019-01-11,6601.39990234375,8.79503701193885
2019-01-14,6541.0400390625,8.785851459187318
2019-01-15,6669.64013671875,8.80532118493825
2019-01-16,6668.56005859375,8.80515923233422
2019-01-17,6718.4501953125,8.812612781221455
2019-01-18,6784.60986328125,8.822412070730932
2019-01-22,6646.81005859375,8.801892328124605
2019-01-23,6658.759765625,8.803688524815454
2019-01-24,6702.5498046875,8.810243300845281
2019-01-25,6787.3701171875,8.822818828469785
2019-01-28,6697.08984375,8.809428359341938
2019-01-29,6632.7900390625,8.799780815031268
2019-01-30,6807.91015625,8.82584047337559
2019-01-31,6906.83984375,8.840267481292992
2019-02-01,6875.52001953125,8.835722558878818
2019-02-04,6959.9599609375,8.847929000573053
2019-02-05,7023.52001953125,8.857019798630859
2019-02-06,6997.6201171875,8.853325386971111
2019-02-07,6904.97998046875,8.839998166558777
2019-02-08,6913.1298828125,8.84117776396673
2019-02-11,6909.18017578125,8.840606266565498
2019-02-12,7014.669921875,8.855758938239932
2019-02-13,7015.8798828125,8.855931413439741
2019-02-14,7022.419921875,8.856863155833995
2019-02-15,7055.18017578125,8.861517402696633
2019-02-19,7066.60986328125,8.86313613374477
2019-02-20,7062.33984375,8.86253169820642
2019-02-21,7035.16015625,8.85867573492546
2019-02-22,7090.6298828125,8.866529456597322
2019-02-25,7115.43017578125,8.870020969101251
2019-02-26,7123.22021484375,8.871115179525138
2019-02-27,7117.0,8.87024156729927
2019-02-28,7097.52978515625,8.867502084908416
2019-03-01,7151.56982421875,8.875087167423988
2019-03-04,7150.830078125,8.874983723792226
2019-03-05,7156.7900390625,8.875816840863187
2019-03-06,7112.47021484375,8.869604890706134
2019-03-07,7026.8798828125,8.857498057380594
2019-03-08,7015.68994140625,8.855904340003391
2019-03-11,7164.02001953125,8.876826557639463
2019-03-12,7201.27978515625,8.882014037147222
2019-03-13,7256.97998046875,8.889719040623202
2019-03-14,7243.009765625,8.887792112478968
2019-03-15,7306.990234375,8.896586735315028
2019-03-18,7326.27978515625,8.899223133321533
2019-03-19,7349.27978515625,8.902357598991589
2019-03-20,7380.75,8.906630538447205
2019-03-21,7493.27001953125,8.92176056595301
2019-03-22,7326.06005859375,8.8991931413114
2019-03-25,7316.9599609375,8.897950214809129
2019-03-26,7351.14990234375,8.902612029268436
2019-03-27,7308.18994140625,8.896750908047695
2019-03-28,7320.47021484375,8.898429841892762
2019-03-29,7378.77001953125,8.906362239684372
2019-04-01,7478.419921875,8.919776808263085
2019-04-02,7499.64013671875,8.922610316602407
2019-04-03,7544.97021484375,8.928636423526
2019-04-04,7540.56982421875,8.92805303165028
2019-04-05,7578.83984375,8.933115412008071
2019-04-08,7599.740234375,8.935869346002784
2019-04-09,7568.490234375,8.93174888590318
2019-04-10,7611.490234375,8.937414257489223
2019-04-11,7594.89013671875,8.935230949713763
2019-04-12,7628.14990234375,8.939600618119217
2019-04-15,7629.1201171875,8.939727798780478
2019-04-16,7654.72998046875,8.943079033853556
2019-04-17,7680.72021484375,8.946468599719285
2019-04-18,7689.72021484375,8.947639678852605
2019-04-22,7713.490234375,8.950726053407893
2019-04-23,7810.7099609375,8.963251142791513
2019-04-24,7784.41015625,8.959878314698878
2019-04-25,7816.919921875,8.96404588406846
2019-04-26,7826.68017578125,8.96529371130922
2019-04-29,7839.0400390625,8.966871661850446
2019-04-30,7781.4599609375,8.959499255214812
2019-05-01,7751.85009765625,8.955686816135989
2019-05-02,7724.06005859375,8.952095419099965
2019-05-03,7845.72998046875,8.967724711248506
2019-05-06,7794.08984375,8.961121013128855
2019-05-07,7640.14990234375,8.941172502693703
2019-05-08,7617.5498046875,8.938210049031795
2019-05-09,7582.75,8.933631209675331
2019-05-10,7586.52978515625,8.934129557031042
2019-05-13,7324.1298828125,8.898929639500142
2019-05-14,7401.8798828125,8.909489285147922
2019-05-15,7503.25,8.92309153899596
2019-05-16,7580.14013671875,8.933286966159288
2019-05-17,7503.68017578125,8.923148869279547
2019-05-20,7376.7001953125,8.906081689596547
2019-05-21,7451.02001953125,8.916106217374873
2019-05-22,7420.66015625,8.912023302048858
2019-05-23,7307.93017578125,8.896715362961455
2019-05-24,7300.9599609375,8.895761119989206
2019-05-28,7278.3798828125,8.892663572854525
2019-05-29,7216.85986328125,8.884175215297669
2019-05-30,7245.39990234375,8.888122050242353
2019-05-31,7127.9599609375,8.871780351982443
2019-06-03,6978.02001953125,8.85052049069234
2019-06-04,7166.75,8.877207553287018
2019-06-05,7220.89990234375,8.884734864333742
2019-06-06,7275.93017578125,8.892326943080318
2019-06-07,7417.2900390625,8.91156904560493
2019-06-10,7501.93017578125,8.922915623184663
2019-06-11,7513.85009765625,8.924503276195264
2019-06-12,7472.2900390625,8.918956795946347
2019-06-13,7510.68017578125,8.924081310002064
2019-06-14,7479.10986328125,8.919869061652069
2019-06-17,7526.52001953125,8.926188065169638
2019-06-18,7635.39990234375,8.94055059379827
2019-06-19,7667.740234375,8.944777227010464
2019-06-20,7738.0498046875,8.953904971617039
2019-06-21,7728.77978515625,8.952706274678226
2019-06-24,7723.02001953125,8.951960760762104
2019-06-25,7591.5400390625,8.934789753504804
2019-06-26,7627.0498046875,8.939456392192414
2019-06-27,7657.0498046875,8.943382045556838
2019-06-28,7671.080078125,8.94521270297729
2019-07-01,7768.14013671875,8.957786050065742
2019-07-02,7799.81982421875,8.961855912951751
2019-07-03,7857.68994140625,8.969247941641564
2019-07-05,7841.2998046875,8.967159891016799
2019-07-08,7785.7900390625,8.960055561336532
2019-07-09,7826.85986328125,8.965316669374879
2019-07-10,7903.39990234375,8.975048313258917
2019-07-11,7896.77978515625,8.974210333222508
2019-07-12,7943.240234375,8.98007656096678
2019-07-15,7966.93017578125,8.983054525162375
2019-07-16,7927.080078125,8.978040034732013
2019-07-17,7888.759765625,8.973194210815604
2019-07-18,7904.1298828125,8.975140671834758
2019-07-19,7834.89990234375,8.966343379002545
2019-07-22,7905.1201171875,8.975265944618261
2019-07-23,7954.56005859375,8.98150063548315
2019-07-24,8010.60986328125,8.988522174902059
2019-07-25,7929.8701171875,8.978391935829881
2019-07-26,8016.9501953125,8.989313353639034
2019-07-29,7989.080078125,8.98583089797981
2019-07-30,7952.47021484375,8.981237878233545
2019-07-31,7848.77978515625,8.968113357312822
2019-08-01,7801.14990234375,8.962026425189329
2019-08-02,7692.7998046875,8.94804008007178
2019-08-05,7415.68994140625,8.911353296960414
2019-08-06,7521.31982421875,8.92549691008379
2019-08-07,7551.89990234375,8.929554453280895
2019-08-08,7724.830078125,8.9521951051648
2019-08-09,7646.27001953125,8.941973228768976
2019-08-12,7561.68017578125,8.930848689954422
2019-08-13,7728.14990234375,8.95262477300544
2019-08-14,7490.1298828125,8.921341417190353
2019-08-15,7484.89013671875,8.920641618952923
2019-08-16,7604.10986328125,8.936444151594591
2019-08-19,7719.31982421875,8.951481533466144
2019-08-20,7664.47021484375,8.94435067147998
2019-08-21,7733.22021484375,8.953280641488416
2019-08-22,7707.43017578125,8.949940100462864
2019-08-23,7464.990234375,8.917979401784223
2019-08-26,7575.02001953125,8.932611273216487
2019-08-27,7566.02978515625,8.931423741896335
2019-08-28,7587.89990234375,8.934310139394853
2019-08-29,7702.31005859375,8.949275570458068
2019-08-30,7691.0,8.947806093057054
2019-09-03,7609.509765625,8.937154029020506
2019-09-04,7719.25,8.951472488040363
2019-09-05,7862.5400390625,8.969864993404315
2019-09-06,7852.5400390625,8.968592330293466
2019-09-09,7832.39990234375,8.96602424296093
2019-09-10,7814.740234375,8.963767002939733
2019-09-11,7887.580078125,8.97304465933359
2019-09-12,7917.33984375,8.976810550074322
2019-09-13,7892.9501953125,8.973725259706548
2019-09-16,7852.41015625,8.968575789927419
2019-09-17,7888.7900390625,8.973198048349046
2019-09-18,7888.56005859375,8.973168895105017
2019-09-19,7901.7900390625,8.974844600011206
2019-09-20,7823.5498046875,8.96489366975847
2019-09-23,7818.60986328125,8.96426205089313
2019-09-24,7710.0400390625,8.950278659677808
2019-09-25,7803.5400390625,8.962332760880255
2019-09-26,7771.990234375,8.958281553982774
2019-09-27,7681.580078125,8.946580544319476
2019-09-30,7749.4501953125,8.95537717729053
2019-10-01,7684.14013671875,8.946913761192052
2019-10-02,7550.7900390625,8.92940747770402
2019-10-03,7638.39013671875,8.940942144867854
2019-10-04,7754.10009765625,8.95597702731137
2019-10-07,7725.1298828125,8.952233914933666
2019-10-08,7604.27001953125,8.936465213173962
2019-10-09,7690.52978515625,8.947744952864827
2019-10-10,7740.35986328125,8.954203459466948
2019-10-11,7843.8798828125,8.96748887394204
2019-10-14,7842.330078125,8.967291273030614
2019-10-15,7942.85009765625,8.980027444197242
2019-10-16,7920.2099609375,8.977172994676463
2019-10-17,7942.14013671875,8.979938056551736
2019-10-18,7868.490234375,8.97062148493638
2019-10-21,7940.330078125,8.979710124929376
2019-10-22,7874.6201171875,8.97140022344299
2019-10-23,7889.47021484375,8.973284265177863
2019-10-24,7966.72021484375,8.983028170757407
2019-10-25,8029.22021484375,8.99084269323959
2019-10-28,8110.669921875,9.000935748121453
2019-10-29,8047.509765625,8.993117976670208
2019-10-30,8083.10986328125,8.99753196153573
2019-10-31,8083.830078125,8.997621058773282
2019-11-01,8161.169921875,9.007142810460056
2019-11-04,8210.66015625,9.013188608014103
2019-11-05,8210.1796875,9.01313008862597
2019-11-06,8196.0302734375,9.011405203036388
2019-11-07,8219.650390625,9.014282955591597
2019-11-08,8255.8896484375,9.018682121405938
2019-11-11,8241.91015625,9.016987411117437
2019-11-12,8263.7900390625,9.019638603780507
2019-11-13,8259.8095703125,9.01915681180768
2019-11-14,8257.830078125,9.018917129596527
2019-11-15,8315.51953125,9.025878870883817
2019-11-18,8328.48046875,9.027436301804249
2019-11-19,8338.740234375,9.028667432909263
2019-11-20,8283.75,9.022051043402437
2019-11-21,8265.6201171875,9.01986003674335
2019-11-22,8272.0498046875,9.020637617606234
2019-11-25,8371.9296875,9.032639684999806
2019-11-26,8385.75,9.034289115695588
2019-11-27,8444.7099609375,9.041295484180536
2019-11-29,8403.6796875,9.03642494694771
2019-12-02,8309.259765625,9.025125806339735
2019-12-03,8254.740234375,9.018542888188003
2019-12-04,8296.5302734375,9.023592667037004
2019-12-05,8308.400390625,9.025022377217622
2019-12-06,8397.3701171875,9.035673854524024
2019-12-09,8362.740234375,9.03154143160233
2019-12-10,8354.2900390625,9.030530463039852
2019-12-11,8402.6103515625,9.03629769269511
2019-12-12,8466.8896484375,9.043918500421347
2019-12-13,8487.7099609375,9.046374509226665
2019-12-16,8570.330078125,9.05606152638396
2019-12-17,8575.7001953125,9.056687924130546
2019-12-18,8580.6201171875,9.057261464600794
2019-12-19,8641.2900390625,9.06430716072914
2019-12-20,8678.490234375,9.06860285639384
2019-12-23,8696.009765625,9.07061955180237
2019-12-24,8699.509765625,9.071021954276288
2019-12-26,8778.3095703125,9.080039136237458
2019-12-27,8770.98046875,9.079203877150361
2019-12-30,8709.73046875,9.072196124333297
2019-12-31,8733.0703125,9.074872283738243
2020-01-02,8872.2197265625,9.090680295017764
2020-01-03,8793.900390625,9.08181362270651
2020-01-06,8848.51953125,9.088005439403826
2020-01-07,8846.4501953125,9.087771549662401
2020-01-08,8912.3701171875,9.09519549150977
2020-01-09,8989.6298828125,9.103826956741912
2020-01-10,8966.6396484375,9.101266263731873
2020-01-13,9070.650390625,9.112799248435207
2020-01-14,9033.419921875,9.108686303601159
2020-01-15,9035.669921875,9.108935347690384
2020-01-16,9125.0,9.118773178450692
2020-01-17,9173.73046875,9.124099294820352
2020-01-21,9166.6298828125,9.123324982194411
2020-01-22,9188.580078125,9.125716696135322
2020-01-23,9216.98046875,9.128802764945092
2020-01-24,9141.4697265625,9.120576453114277
2020-01-27,8952.1796875,9.09965232212052
2020-01-28,9090.9296875,9.11503245779429
2020-01-29,9101.6103515625,9.11620663855923
2020-01-30,9136.08984375,9.11998776588312
2020-01-31,8991.509765625,9.104036051699863
2020-02-03,9126.23046875,9.118908015250213
2020-02-04,9334.0595703125,9.141425308567015
2020-02-05,9367.48046875,9.144999445664334
2020-02-06,9445.919921875,9.153338172956122
2020-02-07,9401.099609375,9.148581941137246
2020-02-10,9516.83984375,9.16081812349216
2020-02-11,9517.8603515625,9.160925349537541
2020-02-12,9613.2001953125,9.170892453326188
2020-02-13,9595.7001953125,9.169070380798795
2020-02-14,9623.580078125,9.171971623922548
2020-02-18,9629.7998046875,9.172617715862428
2020-02-19,9718.73046875,9.181810278713323
2020-02-20,9627.830078125,9.172413150027342
2020-02-21,9446.6904296875,9.153419740066076
2020-02-24,9079.6298828125,9.113788708959763
2020-02-25,8834.8701171875,9.086461683704878
2020-02-26,8873.759765625,9.090853859860104
2020-02-27,8436.669921875,9.040342950711562
2020-02-28,8461.830078125,9.043320750497564
2020-03-02,8877.98046875,9.091329385430983
2020-03-03,8594.490234375,9.058876606503095
2020-03-04,8949.2802734375,9.099328391659633
2020-03-05,8671.66015625,9.067815534287226
2020-03-06,8530.33984375,9.051384480694438
2020-03-09,7948.02978515625,8.980679351167987
2020-03-10,8372.26953125,9.032680277415794
2020-03-11,8006.1201171875,8.98796154283586
2020-03-12,7263.64990234375,8.890637722856402
2020-03-13,7995.259765625,8.98660411575024
2020-03-16,7020.3798828125,8.856572609916483
2020-03-17,7473.9501953125,8.91917894629731
2020-03-18,7175.18017578125,8.878383151919673
2020-03-19,7288.52001953125,8.894055789238875
2020-03-20,6994.2900390625,8.852849386460717
2020-03-23,7006.919921875,8.854653500001392
2020-03-24,7553.830078125,8.929810008728298
2020-03-25,7469.6201171875,8.918599422374227
2020-03-26,7897.1298828125,8.974254666470408
2020-03-27,7588.3701171875,8.934372106511054
2020-03-30,7889.009765625,8.973225900973015
2020-03-31,7813.5,8.963608285853356
2020-04-01,7486.2900390625,8.92082863191134
2020-04-02,7635.66015625,8.940584678387719
2020-04-03,7528.10986328125,8.926399275112132
2020-04-06,8081.66015625,8.997352595292549
2020-04-07,8049.31005859375,8.993341659732566
2020-04-08,8229.5400390625,9.01548540378154
2020-04-09,8238.5302734375,9.01657724212052
2020-04-13,8332.740234375,9.02794764077439
2020-04-14,8692.16015625,9.070176766914116
2020-04-15,8591.9599609375,9.058582156697925
2020-04-16,8757.830078125,9.077703445269151
2020-04-17,8832.41015625,9.086183207231382
2020-04-20,8726.509765625,9.074120771141216
2020-04-21,8403.0,9.036344063928219
2020-04-22,8664.6396484375,9.067005614260996
2020-04-23,8641.5,9.064331457840547
2020-04-24,8786.599609375,9.080983068209235
2020-04-27,8837.66015625,9.086777432388569
2020-04-28,8677.599609375,9.06850022671068
2020-04-29,8982.759765625,9.103062437648289
2020-04-30,9000.509765625,9.105036495339338
2020-05-01,8718.1796875,9.073165743677926
2020-05-04,8834.1103515625,9.0863756837654
2020-05-05,8930.6201171875,9.097241113473837
2020-05-06,8984.8603515625,9.103296256699824
2020-05-07,9101.8798828125,9.116236251698968
2020-05-08,9220.349609375,9.129168234419058
2020-05-11,9298.919921875,9.137653534964079
2020-05-12,9112.4501953125,9.117396910766997
2020-05-13,9000.080078125,9.104988753848218
2020-05-14,9094.419921875,9.1154163090254
2020-05-15,9152.6396484375,9.121797602833466
2020-05-18,9331.9296875,9.141197098554427
2020-05-19,9298.5400390625,9.137612681770863
2020-05-20,9485.01953125,9.157468941539372
2020-05-21,9377.990234375,9.146120758315549
2020-05-22,9413.990234375,9.149952184609264
2020-05-26,9389.98046875,9.14739849219482
2020-05-27,9442.0498046875,9.152928375895064
2020-05-28,9416.7099609375,9.150241045517589
2020-05-29,9555.5302734375,9.164875352092873
2020-06-01,9598.8896484375,9.169402709145512
2020-06-02,9657.3095703125,9.175470376024775
2020-06-03,9704.6904296875,9.180364597071431
2020-06-04,9629.66015625,9.172603214060427
2020-06-05,9824.3896484375,9.192623312511355
2020-06-08,9901.51953125,9.200443512349652
2020-06-09,9967.169921875,9.20705196326951
2020-06-10,10094.259765625,9.219722201225803
2020-06-11,9588.48046875,9.168317705766198
2020-06-12,9663.7802734375,9.176140183309897
2020-06-15,9776.8896484375,9.1877766805889
2020-06-16,9949.3701171875,9.205264523343528
2020-06-17,9982.48046875,9.208586882386502
2020-06-18,10012.0498046875,9.211544627038643
2020-06-19,10008.6396484375,9.211203963817132
2020-06-22,10130.330078125,9.223289180929545
2020-06-23,10209.8203125,9.23110531183636
2020-06-24,10002.7001953125,9.210610355058721
2020-06-25,10101.830078125,9.220471882269326
2020-06-26,9849.3603515625,9.195161793129847
2020-06-29,9961.16015625,9.2064488253464
2020-06-30,10156.849609375,9.225903595230985
2020-07-01,10279.25,9.237882579149206
2020-07-02,10341.8896484375,9.243957882665
2020-07-06,10604.0595703125,9.268992185114044
2020-07-07,10524.009765625,9.261414570098275
2020-07-08,10666.7001953125,9.27488203641936
2020-07-09,10754.58984375,9.283087904642683
2020-07-10,10836.330078125,9.290659663992898
2020-07-13,10602.2099609375,9.268817745250685
2020-07-14,10689.51953125,9.277019057382253
2020-07-15,10701.6796875,9.278155988270091
2020-07-16,10626.4599609375,9.271102392441227
2020-07-17,10645.2197265625,9.272866218407412
2020-07-20,10952.080078125,9.301284678676854
2020-07-21,10833.0703125,9.29035880050883
2020-07-22,10870.75,9.293830974975165
2020-07-23,10580.58984375,9.266776454685303
2020-07-24,10483.1298828125,9.257522566227244
2020-07-27,10674.3798828125,9.275601745806457
2020-07-28,10532.5,9.262220993853171
2020-07-29,10662.98046875,9.274533252332173
2020-07-30,10715.509765625,9.279447481729362
2020-07-31,10905.8798828125,9.297057361562572
2020-08-03,11055.080078125,9.3106453368768
2020-08-04,11096.5400390625,9.314388630516762
2020-08-05,11125.4404296875,9.316989695436202
2020-08-06,11267.080078125,9.32964048545452
2020-08-07,11139.3896484375,9.318242722791558
2020-08-10,11085.169921875,9.313363450924806
2020-08-11,10876.080078125,9.294321168553962
2020-08-12,11157.7197265625,9.31988688948115
2020-08-13,11178.3701171875,9.321735950498827
2020-08-14,11164.4501953125,9.320489919471292
2020-08-17,11288.5703125,9.331546016042688
2020-08-18,11399.0302734375,9.34128356703091
2020-08-19,11318.6396484375,9.334206172136378
2020-08-20,11477.0498046875,9.348104651192687
2020-08-21,11555.16015625,9.35488738295427
2020-08-24,11626.169921875,9.361013863832708
2020-08-25,11721.8095703125,9.369206451409832
2020-08-26,11971.9404296875,9.390320893157295
2020-08-27,11926.16015625,9.386489598760246
2020-08-28,11995.849609375,9.392316003059321
2020-08-31,12110.7001953125,9.401844654472058
2020-09-01,12292.8603515625,9.416773913606272
2020-09-02,12420.5400390625,9.427106835948178
2020-09-03,11771.3701171875,9.373425601057013
2020-09-04,11622.1298828125,9.360666308171684
2020-09-08,11068.259765625,9.311836810601134
2020-09-09,11395.849609375,9.34100449874018
2020-09-10,11154.1201171875,9.319564225870131
2020-09-11,11087.400390625,9.313564642642868
2020-09-14,11277.759765625,9.330587902989786
2020-09-15,11438.8701171875,9.344772494075995
2020-09-16,11247.599609375,9.327910016810808
2020-09-17,11080.9501953125,9.312982714323978
2020-09-18,10936.98046875,9.29990502953771
2020-09-21,10980.2197265625,9.303850726389934
2020-09-22,11186.3701171875,9.32245136237103
2020-09-23,10833.330078125,9.290382779168905
2020-09-24,10896.4697265625,9.296194137460313
2020-09-25,11151.1298828125,9.319296106535633
2020-09-28,11364.4501953125,9.338245358109178
2020-09-29,11322.9501953125,9.334586935762681
2020-09-30,11418.0595703125,9.342951553738875
2020-10-01,11583.2001953125,9.357311068328917
2020-10-02,11255.6904296875,9.328629095723011
2020-10-05,11509.0595703125,9.350889792931506
2020-10-06,11291.26953125,9.331785098231183
2020-10-07,11503.1904296875,9.350379704543602
2020-10-08,11550.9404296875,9.354522135119076
2020-10-09,11725.849609375,9.369551052043228
2020-10-12,12088.1103515625,9.399977632928321
2020-10-13,12083.169921875,9.399568847816369
2020-10-14,11985.3603515625,9.391441213296961
2020-10-15,11898.5703125,9.384173530075293
2020-10-16,11852.169921875,9.380266245569674
2020-10-19,11634.349609375,9.3617171746789
2020-10-20,11677.83984375,9.365448294393387
2020-10-21,11665.3701171875,9.364379912815233
2020-10-22,11662.91015625,9.36416901334748
2020-10-23,11692.5703125,9.366708903052134
2020-10-26,11504.51953125,9.350495239863392
2020-10-27,11598.9501953125,9.358669872594952
2020-10-28,11142.759765625,9.318545217595858
2020-10-29,11350.740234375,9.337038239670555
2020-10-30,11052.9501953125,9.31045265731261
2020-11-02,11084.759765625,9.313326449792566
2020-11-03,11279.91015625,9.330778560148877
2020-11-04,11777.01953125,9.37390541426337
2020-11-05,12078.0703125,9.399146716385923
2020-11-06,12091.349609375,9.400245567599907
2020-11-09,11830.3896484375,9.3784268937451
2020-11-10,11624.2900390625,9.36085215668199
2020-11-11,11892.9296875,9.383699358618623
2020-11-12,11827.1396484375,9.378152139777375
2020-11-13,11937.83984375,9.38746845297015
2020-11-16,12013.3798828125,9.393776297864568
2020-11-17,11977.490234375,9.390784353426117
2020-11-18,11894.7099609375,9.383849039164245
2020-11-19,11985.4296875,9.391446998332613
2020-11-20,11906.4404296875,9.384834745275695
2020-11-23,11905.9404296875,9.38479275031492
2020-11-24,12079.8095703125,9.399290707317574
2020-11-25,12152.2197265625,9.4052671256265
2020-11-27,12258.2099609375,9.413951192381406
2020-11-30,12268.3203125,9.41477563448736
2020-12-01,12455.330078125,9.42990392900108
2020-12-02,12456.41015625,9.429990641379701
2020-12-03,12467.1298828125,9.430850850419567
2020-12-04,12528.48046875,9.435759769087614
2020-12-07,12596.4697265625,9.441171873250152
2020-12-08,12635.7197265625,9.444282981125374
2020-12-09,12364.6396484375,9.422596036662881
2020-12-10,12401.740234375,9.425592083228038
2020-12-11,12375.41015625,9.423466730827037
2020-12-14,12462.2099609375,9.430456141055442
2020-12-15,12595.919921875,9.441128224775731
2020-12-16,12668.16015625,9.446847050162289
2020-12-17,12752.0595703125,9.453448072467681
2020-12-18,12738.1796875,9.452359037245696
2020-12-21,12690.259765625,9.448590030603336
2020-12-22,12717.5595703125,9.45073896080724
2020-12-23,12653.1396484375,9.445660656913114
2020-12-24,12711.009765625,9.450223807575783
2020-12-28,12838.8603515625,9.460231815638286
2020-12-29,12843.490234375,9.460592365413289
2020-12-30,12845.3603515625,9.460737962989525
2020-12-31,12888.2802734375,9.464073671473043
2021-01-04,12694.66015625,9.44893672389074
2021-01-05,12802.3798828125,9.457386360969902
2021-01-06,12623.349609375,9.44330352158853
2021-01-07,12939.5703125,9.468045361359815
2021-01-08,13105.2001953125,9.480764391895118
2021-01-11,12902.490234375,9.465175613144083
2021-01-12,12892.08984375,9.46436921186466
2021-01-13,12973.6298828125,9.470674105757979
2021-01-14,12898.6904296875,9.464881068118068
2021-01-15,12803.9296875,9.457507409626691
2021-01-19,12996.5400390625,9.472438450177906
2021-01-20,13296.4501953125,9.495252375976921
2021-01-21,13404.990234375,9.50338232216364
2021-01-22,13366.400390625,9.500499403527254
2021-01-25,13483.2900390625,9.509206422866216
2021-01-26,13490.1904296875,9.509718065461508
2021-01-27,13112.650390625,9.481332721895216
2021-01-28,13201.5302734375,9.488088031660993
2021-01-29,12925.3798828125,9.466948090264829
2021-02-01,13248.900390625,9.491669838583766
2021-02-02,13456.1201171875,9.507189308836642
2021-02-03,13402.3701171875,9.503186844715545
2021-02-04,13560.8896484375,9.514945167634108
2021-02-05,13603.9599609375,9.518116202939684
2021-02-08,13695.01953125,9.524787507855343
2021-02-09,13687.080078125,9.524207606864495
2021-02-10,13655.26953125,9.521880772361847
2021-02-11,13734.349609375,9.527655244614238
2021-02-12,13807.7001953125,9.53298170069703
2021-02-16,13773.76953125,9.530521303806244
2021-02-17,13699.7099609375,9.525129940857624
2021-02-18,13637.509765625,9.52057934622723
2021-02-19,13580.7802734375,9.516410857005328
2021-02-22,13223.740234375,9.48976899580936
2021-02-23,13194.7099609375,9.48757126771346
2021-02-24,13302.1904296875,9.495683994610749
2021-02-25,12828.3095703125,9.459409692912923
2021-02-26,12909.4404296875,9.465714138957663
2021-03-01,13282.9501953125,9.494236551619526
2021-03-02,13059.9501953125,9.477305589294245
2021-03-03,12683.330078125,9.448043817969259
2021-03-04,12464.0,9.430599768110529
2021-03-05,12668.509765625,9.446874647267679
2021-03-08,12299.080078125,9.417279748167227
2021-03-09,12794.490234375,9.45676990679787
2021-03-10,12752.0703125,9.45344891485576
2021-03-11,13052.900390625,9.47676564021166
2021-03-12,12937.2900390625,9.4678691210113
2021-03-15,13082.5400390625,9.479033798747126
2021-03-16,13152.2802734375,9.484350427397176
2021-03-17,13202.3798828125,9.488152386475887
2021-03-18,12789.1396484375,9.456351624791758
2021-03-19,12866.990234375,9.462420414217965
2021-03-22,13086.509765625,9.479337189708783
2021-03-23,13017.7900390625,9.474072165492704
2021-03-24,12798.8798828125,9.457112936923286
2021-03-25,12780.509765625,9.455676614900115
2021-03-26,12979.1201171875,9.471097200378543
2021-03-29,12965.740234375,9.470065791165517
2021-03-30,12896.5302734375,9.464713583119206
2021-03-31,13091.4404296875,9.479713893314987
2021-04-01,13329.51953125,9.497736368355856
2021-04-05,13598.16015625,9.517689779943947
2021-04-06,13578.4599609375,9.516239989743532
2021-04-07,13616.7001953125,9.519052273941059
2021-04-08,13758.509765625,9.52941280370547
2021-04-09,13845.0595703125,9.535683738254708
2021-04-12,13819.349609375,9.533825034663941
2021-04-13,13986.490234375,9.545847159442376
2021-04-14,13803.91015625,9.532707175666577
2021-04-15,14026.1904296875,9.548681605910971
2021-04-16,14041.91015625,9.549801719340659
2021-04-19,13907.669921875,9.540195759877685
2021-04-20,13809.2998046875,9.5330975430678
2021-04-21,13935.150390625,9.542169732152395
2021-04-22,13762.3603515625,9.529692633954022
2021-04-23,13941.4404296875,9.542621009656862
2021-04-26,14026.16015625,9.548679447557973
2021-04-27,13960.2802734375,9.543971453008629
2021-04-28,13901.6201171875,9.539760667520099
2021-04-29,13970.2001953125,9.54468178252145
2021-04-30,13860.759765625,9.536817088386151
2021-05-03,13799.7197265625,9.532403561269668
2021-05-04,13544.669921875,9.51374838522079
2021-05-05,13503.3701171875,9.510694571582247
2021-05-06,13613.73046875,9.518834155718038
2021-05-07,13719.6298828125,9.526582924444613
2021-05-10,13359.080078125,9.499951588292154
2021-05-11,13351.26953125,9.499366755280843
2021-05-12,13001.6298828125,9.472830004185772
2021-05-13,13109.150390625,9.48106576845064
2021-05-14,13393.1201171875,9.502496430001239
2021-05-17,13312.91015625,9.496489531836321
2021-05-18,13217.6796875,9.48931058268336
2021-05-19,13237.91015625,9.490839973848917
2021-05-20,13494.08984375,9.510007079216933
2021-05-21,13411.740234375,9.503885739248762
2021-05-24,13641.75,9.52089022228806
2021-05-25,13657.73046875,9.522060975013087
2021-05-26,13702.740234375,9.525351108923125
2021-05-27,13657.849609375,9.522069698285641
2021-05-28,13686.509765625,9.524165938051356
2021-06-01,13654.58984375,9.521830996382352
2021-06-02,13675.7900390625,9.523382398130556
2021-06-03,13529.6796875,9.51264104664217
2021-06-04,13770.76953125,9.530303474783581
2021-06-07,13802.8896484375,9.532633244039573
2021-06-08,13810.8603515625,9.53321054363462
2021-06-09,13814.9404296875,9.533505925345867
2021-06-10,13960.349609375,9.54397641965428
2021-06-11,13998.2998046875,9.546691158700334
2021-06-14,14128.2001953125,9.555928092853234
2021-06-15,14030.41015625,9.548982406899416
2021-06-16,13983.009765625,9.545598283433298
2021-06-17,14163.8095703125,9.558445368515073
2021-06-18,14049.580078125,9.55034778663731
2021-06-21,14137.23046875,9.556567055255899
2021-06-22,14270.419921875,9.56594413693876
2021-06-23,14274.240234375,9.566211809596407
2021-06-24,14365.9599609375,9.572616795559828
2021-06-25,14345.1796875,9.571169254478527
2021-06-28,14524.98046875,9.583625237054836
2021-06-29,14572.75,9.586908625373853
2021-06-30,14554.7998046875,9.585676101683722
2021-07-01,14560.0498046875,9.586036742396441
2021-07-02,14727.6298828125,9.597480592424176
2021-07-06,14786.3603515625,9.601460436952395
2021-07-07,14810.5400390625,9.603094371084708
2021-07-08,14722.1396484375,9.597107738271088
2021-07-09,14826.08984375,9.60414373507622
2021-07-12,14877.8896484375,9.607631473627228
2021-07-13,14874.5400390625,9.607406308192045
2021-07-14,14900.4404296875,9.60914605053612
2021-07-15,14794.6904296875,9.602023640633481
2021-07-16,14681.3798828125,9.594335295217814
2021-07-19,14549.08984375,9.585283716948917
2021-07-20,14728.2099609375,9.597519978714171
2021-07-21,14842.6298828125,9.605258716843448
2021-07-22,14940.169921875,9.611808832241607
2021-07-23,15111.7900390625,9.623230515428297
2021-07-26,15125.9501953125,9.62416710375635
2021-07-27,14956.9697265625,9.612932672625888
2021-07-28,15018.099609375,9.617011393303635
2021-07-29,15048.3603515625,9.61902431750186
2021-07-30,14959.900390625,9.61312859312562
2021-08-02,14963.6201171875,9.613377208697486
2021-08-03,15061.419921875,9.619891781230447
2021-08-04,15083.3896484375,9.621349394051059
2021-08-05,15181.6396484375,9.627842058847618
2021-08-06,15109.3603515625,9.623069721582011
2021-08-09,15133.1103515625,9.624640360774528
2021-08-10,15053.580078125,9.619371120833494
2021-08-11,15027.759765625,9.617654420781218
2021-08-12,15088.98046875,9.621719986109605
2021-08-13,15136.6796875,9.62487619564153
2021-08-16,15140.76953125,9.625146353391303
2021-08-17,15002.830078125,9.615994134163047
2021-08-18,14857.919921875,9.606288330134365
2021-08-19,14933.9404296875,9.611391782682341
2021-08-20,15092.5703125,9.621957869430641
2021-08-23,15312.8203125,9.636445685435644
2021-08-24,15357.6796875,9.63937093327893
2021-08-25,15368.919921875,9.64010256222709
2021-08-26,15278.51953125,9.63420316871034
2021-08-27,15432.9501953125,9.64426012574034
2021-08-30,15605.08984375,9.65535241205774
2021-08-31,15582.509765625,9.653904395387446
2021-09-01,15611.5703125,9.655767605022692
2021-09-02,15604.25,9.655298592031144
2021-09-03,15652.8603515625,9.658408949335776
2021-09-07,15675.759765625,9.659870834222826
2021-09-08,15620.849609375,9.656361814320034
2021-09-09,15561.0498046875,9.652526263624086
2021-09-10,15440.75,9.644765397528568
2021-09-13,15434.5,9.644360542501621
2021-09-14,15382.900390625,9.641011807245507
2021-09-15,15503.5302734375,9.648823036550676
2021-09-16,15515.91015625,9.649621238149306
2021-09-17,15333.4697265625,9.637793281974158
2021-09-20,15012.1904296875,9.616617845338824
2021-09-21,15027.76953125,9.617655070620048
2021-09-22,15176.509765625,9.627504101300117
2021-09-23,15316.580078125,9.636691185876131
2021-09-24,15329.6796875,9.637546077159636
2021-09-27,15204.8203125,9.629367782382971
2021-09-28,14770.2998046875,9.600373673537936
2021-09-29,14752.8896484375,9.599194250949072
2021-09-30,14689.6201171875,9.594896408873542
2021-10-01,14791.8701171875,9.601832992416425
2021-10-04,14472.1201171875,9.579979327012182
2021-10-05,14674.150390625,9.593842748003281
2021-10-06,14766.75,9.600133310690051
2021-10-07,14897.1298828125,9.608923848064315
2021-10-08,14820.75,9.603783504857022
2021-10-11,14713.73046875,9.596536382310976
2021-10-12,14662.1103515625,9.593021918120131
2021-10-13,14774.599609375,9.600664742710832
2021-10-14,15052.419921875,9.619294049402512
2021-10-15,15146.919921875,9.625552484781355
2021-10-18,15300.8896484375,9.635666252646757
2021-10-19,15410.7197265625,9.642818632386552
2021-10-20,15388.7099609375,9.641389400118621
2021-10-21,15489.58984375,9.647923454283715
2021-10-22,15355.0703125,9.639201011991759
2021-10-25,15514.1904296875,9.649510395674948
2021-10-26,15559.490234375,9.652426035908766
2021-10-27,15598.3896484375,9.654922960245024
2021-10-28,15778.16015625,9.666381994208791
2021-10-29,15850.4697265625,9.670954414611565
2021-11-01,15905.2802734375,9.674406425746783
2021-11-02,15972.490234375,9.6786231610739
2021-11-03,16144.5,9.689334713372462
2021-11-04,16346.240234375,9.701753194797577
2021-11-05,16359.3798828125,9.702556704964781
2021-11-08,16336.0302734375,9.701128393575937
2021-11-09,16219.9404296875,9.693996655017006
2021-11-10,15985.5703125,9.679441738836854
2021-11-11,16032.4697265625,9.682371302766908
2021-11-12,16199.8896484375,9.69275970937243
2021-11-15,16189.1201171875,9.692094697893237
2021-11-16,16309.76953125,9.699519564997136
2021-11-17,16308.0703125,9.699415375464065
2021-11-18,16482.970703125,9.710083048330334
2021-11-19,16573.33984375,9.71555064978128
2021-11-22,16380.98046875,9.703876213292705
2021-11-23,16306.7197265625,9.69933255500521
2021-11-24,16367.8095703125,9.70307185385641
2021-11-26,16025.580078125,9.68194147945666
2021-11-29,16399.240234375,9.704990285566897
2021-11-30,16135.919921875,9.68880311692187
2021-12-01,15877.7197265625,9.672672130445331
2021-12-02,15990.759765625,9.679766319747664
2021-12-03,15712.0400390625,9.662182578902005
2021-12-06,15846.16015625,9.670682488520054
2021-12-07,16325.66015625,9.700493391688433
2021-12-08,16394.33984375,9.704691422762055
2021-12-09,16149.5703125,9.689648722259705
2021-12-10,16331.98046875,9.700880456550312
2021-12-13,16082.5498046875,9.685490100105325
2021-12-14,15914.900390625,9.675011080860603
2021-12-15,16289.58984375,9.698281522872112
2021-12-16,15863.9404296875,9.671803915130019
2021-12-17,15801.4599609375,9.667857617337182
2021-12-20,15627.6396484375,9.65679639783627
2021-12-21,15986.2802734375,9.679486150462994
2021-12-22,16180.1396484375,9.691539821504625
2021-12-23,16308.2099609375,9.699423938576494
2021-12-27,16567.5,9.715198223962382
2021-12-28,16488.66015625,9.710428160357443
2021-12-29,16491.009765625,9.710570648707662
2021-12-30,16429.099609375,9.70680940790914
2021-12-31,16320.080078125,9.700151535253916
2022-01-03,16501.76953125,9.711222898456594
2022-01-04,16279.73046875,9.697676083445893
2022-01-05,15771.7802734375,9.665977563467397
2022-01-06,15765.3603515625,9.66557042941298
2022-01-07,15592.1904296875,9.654525454407294
2022-01-10,15614.4296875,9.655950745675224
2022-01-11,15844.1201171875,9.670553739954391
2022-01-12,15905.099609375,9.674395066934775
2022-01-13,15495.6201171875,9.648312689891364
2022-01-14,15611.58984375,9.655768856097207
2022-01-18,15210.759765625,9.629758335723412
2022-01-19,15047.83984375,9.618989727898578
2022-01-20,14846.4599609375,9.60551672934342
2022-01-21,14438.400390625,9.577646630038165
2022-01-24,14509.580078125,9.582564405288887
2022-01-25,14149.1201171875,9.55740771860705
2022-01-26,14172.759765625,9.559077074880372
2022-01-27,14003.1103515625,9.547034751890497
2022-01-28,14454.6103515625,9.578768698124659
2022-01-31,14930.0498046875,9.611131226407611
2022-02-01,15019.6796875,9.617116599358372
2022-02-02,15139.740234375,9.625078369273243
2022-02-03,14501.1103515625,9.581980501446704
2022-02-04,14694.349609375,9.595218318559153
2022-02-07,14571.25,9.586805688234042
2022-02-08,14747.0302734375,9.598797004102805
2022-02-09,15056.9599609375,9.619595619153506
2022-02-10,14705.6396484375,9.595986348745727
2022-02-11,14253.83984375,9.564781612117537
2022-02-14,14268.58984375,9.565815885948798
2022-02-15,14620.8203125,9.590201840655851
2022-02-16,14603.6396484375,9.589026067617462
2022-02-17,14171.740234375,9.559005136320833
2022-02-18,14009.5400390625,9.547493807890072
2022-02-22,13870.5302734375,9.537521744260653
2022-02-23,13509.4296875,9.511143215962537
2022-02-24,13974.669921875,9.545001678558316
2022-02-25,14189.16015625,9.56023358279649
2022-02-28,14237.8095703125,9.563656350824587
2022-03-01,14005.990234375,9.547240390969396
2022-03-02,14243.6904296875,9.564069310778141
2022-03-03,14035.2099609375,9.549324448494382
2022-03-04,13837.830078125,9.535161430616766
2022-03-07,13319.3798828125,9.49697538766624
2022-03-08,13267.6103515625,9.493081032101982
2022-03-09,13742.2001953125,9.528226683620003
2022-03-10,13591.0,9.517163087955348
2022-03-11,13301.830078125,9.495656904602875
2022-03-14,13046.6396484375,9.476285881388462
2022-03-15,13458.5595703125,9.507370581893577
2022-03-16,13956.7900390625,9.543721409980897
2022-03-17,14118.599609375,9.555248328322486
2022-03-18,14420.080078125,9.576376964091551
2022-03-21,14376.08984375,9.573321678009114
2022-03-22,14654.330078125,9.592491139246153
2022-03-23,14447.5498046875,9.578280115473584
2022-03-24,14765.6904296875,9.600061554323322
2022-03-25,14754.3095703125,9.599290493351853
2022-03-28,14987.400390625,9.614965153150214
2022-03-29,15239.3203125,9.631634229328753
2022-03-30,15071.5498046875,9.620564126723508
2022-03-31,14838.490234375,9.60497977531779
2022-04-01,14861.2099609375,9.606509738977016
2022-04-04,15159.580078125,9.626387959480605
2022-04-05,14820.6396484375,9.603776059081786
2022-04-06,14498.8896484375,9.58182734950675
2022-04-07,14531.8095703125,9.584095289092867
2022-04-08,14327.259765625,9.569919278923601
2022-04-11,13990.2099609375,9.546113075476681
2022-04-12,13940.240234375,9.542534917621904
2022-04-13,14217.2900390625,9.562214111290126
2022-04-14,13893.2099609375,9.539155507748802
2022-04-18,13910.759765625,9.54041790352831
2022-04-19,14210.259765625,9.561719501404356
2022-04-20,13998.5302734375,9.546707622617811
2022-04-21,13720.4501953125,9.526642713810963
2022-04-22,13356.8701171875,9.499786146978902
2022-04-25,13533.2197265625,9.512902662297503
2022-04-26,13009.7099609375,9.473451277709813
2022-04-27,13003.3603515625,9.472963091622987
2022-04-28,13456.0595703125,9.507184809247557
2022-04-29,12854.7998046875,9.461472546236639
2022-05-02,13075.849609375,9.478522266506548
2022-05-03,13089.900390625,9.479596249297071
2022-05-04,13535.7099609375,9.513086654380734
2022-05-05,12850.5498046875,9.46114187576506
2022-05-06,12693.5302734375,9.44884771535613
2022-05-09,12187.7197265625,9.40818414398974
2022-05-10,12345.8603515625,9.421076091660524
2022-05-11,11967.5595703125,9.389954898928185
2022-05-12,11945.5,9.388109917402074
2022-05-13,12387.400390625,9.424435137485833
2022-05-16,12243.580078125,9.412757003342335
2022-05-17,12564.099609375,9.438598788784942
2022-05-18,11928.3095703125,9.38666980935331
2022-05-19,11875.6298828125,9.382243670259282
2022-05-20,11835.6201171875,9.378868917464938
2022-05-23,12034.2802734375,9.395514545640173
2022-05-24,11769.83984375,9.373295593003716
2022-05-25,11943.9296875,9.387978452354746
2022-05-26,12276.7900390625,9.41546577006038
2022-05-27,12681.419921875,9.447893202942215
2022-05-31,12642.099609375,9.444787762243015
2022-06-01,12548.3603515625,9.43734528674668
2022-06-02,12892.8896484375,9.464431248345084
2022-06-03,12548.0302734375,9.437318981918233
2022-06-06,12599.6298828125,9.441422718128173
2022-06-07,12711.6796875,9.450276510251195
2022-06-08,12615.1298828125,9.44265215692485
2022-06-09,12269.7802734375,9.414894629919308
2022-06-10,11832.8203125,9.378632331982352
2022-06-13,11288.3203125,9.331523869503188
2022-06-14,11311.6904296875,9.33359202122082
2022-06-15,11593.76953125,9.358223123424546
2022-06-16,11127.5703125,9.317181119674808
2022-06-17,11265.990234375,9.329543752631542
2022-06-21,11546.759765625,9.35416013681857
2022-06-22,11527.7099609375,9.352508977832795
2022-06-23,11697.6796875,9.367145783810678
2022-06-24,12105.849609375,9.40144405355727
2022-06-27,12008.240234375,9.393348379306964
2022-06-28,11637.76953125,9.362011081897142
2022-06-29,11658.259765625,9.363770200534725
2022-06-30,11503.7197265625,9.350425716534913
2022-07-01,11585.6796875,9.357525104761365
2022-07-05,11779.900390625,9.374150001365498
2022-07-06,11852.58984375,9.38030167489941
2022-07-07,12109.0498046875,9.401708369776506
2022-07-08,12125.6904296875,9.403081656839152
2022-07-11,11860.2802734375,9.3809503040969
2022-07-12,11744.990234375,9.371182065621829
2022-07-13,11728.5302734375,9.369779637415133
2022-07-14,11768.400390625,9.373173285378977
2022-07-15,11983.6201171875,9.391296006087975
2022-07-18,11877.5,9.382401133061077
2022-07-19,12249.419921875,9.413233861535343
2022-07-20,12439.6796875,9.428646617368422
2022-07-21,12619.41015625,9.442991396195463
2022-07-22,12396.4697265625,9.425167011587774
2022-07-25,12328.41015625,9.419661646745826
2022-07-26,12086.900390625,9.399877532791745
2022-07-27,12601.4697265625,9.441568731102352
2022-07-28,12717.8701171875,9.45076337925653
2022-07-29,12947.9697265625,9.468694276965127
2022-08-01,12940.7802734375,9.468138865575252
2022-08-02,12901.599609375,9.465106583389053
2022-08-03,13253.259765625,9.49199882120357
2022-08-04,13311.0400390625,9.49634904801053
2022-08-05,13207.6904296875,9.48855454723379
2022-08-08,13159.16015625,9.484873384928724
2022-08-09,13008.169921875,9.473332894577043
2022-08-10,13378.3203125,9.501390788619407
2022-08-11,13291.990234375,9.494916894774772
2022-08-12,13565.8701171875,9.515312367318035
2022-08-15,13667.1796875,9.522752594423554
2022-08-16,13635.2099609375,9.520410693836414
2022-08-17,13470.8603515625,9.508284139047143
2022-08-18,13505.990234375,9.510888587076256
2022-08-19,13242.900390625,9.49121686823629
2022-08-22,12890.5400390625,9.464248991026334
2022-08-23,12881.7900390625,9.463569968189853
2022-08-24,12917.8603515625,9.46636615615796
2022-08-25,13143.580078125,9.483688711407385
2022-08-26,12605.169921875,9.441862320044844
2022-08-29,12484.3203125,9.43222876090355
2022-08-30,12342.7001953125,9.420820089998436
2022-08-31,12272.0302734375,9.415077990474717
2022-09-01,12274.6201171875,9.415289004500533
2022-09-02,12098.4404296875,9.400831833169317
2022-09-06,12011.3095703125,9.393603949122316
2022-09-07,12259.3896484375,9.414047424273573
2022-09-08,12321.1904296875,9.419075858205863
2022-09-09,12588.2900390625,9.440522298835804
2022-09-12,12739.7197265625,9.452479929399273
2022-09-13,12033.6201171875,9.395459687822129
2022-09-14,12134.400390625,9.403799705372132
2022-09-15,11927.490234375,9.386601118641236
2022-09-16,11861.3798828125,9.38104301340717
2022-09-19,11953.26953125,9.388760120879168
2022-09-20,11851.5400390625,9.380213099221386
2022-09-21,11637.7900390625,9.36201284407282
2022-09-22,11501.650390625,9.350245816282708
2022-09-23,11311.240234375,9.333552221309903
2022-09-26,11254.1103515625,9.328488705486514
2022-09-27,11271.75,9.330054874482313
2022-09-28,11493.830078125,9.349565655430046
2022-09-29,11164.7802734375,9.320519484137703
2022-09-30,10971.2197265625,9.30303073455992
2022-10-03,11229.73046875,9.32632004644268
2022-10-04,11582.5400390625,9.357254074143235
2022-10-05,11573.1796875,9.356445604168398
2022-10-06,11485.5,9.348840649221287
2022-10-07,11039.4697265625,9.309232286663246
2022-10-10,10926.9697265625,9.298989299050069
2022-10-11,10791.349609375,9.28650013007588
2022-10-12,10785.6201171875,9.2859690552869
2022-10-13,11033.580078125,9.308698636023268
2022-10-14,10692.0595703125,9.27725664872781
2022-10-17,11062.5302734375,9.311319025894361
2022-10-18,11147.740234375,9.318992086785233
2022-10-19,11103.3798828125,9.315004834898623
2022-10-20,11046.7099609375,9.309887921520591
2022-10-21,11310.330078125,9.33347175331074
2022-10-24,11430.259765625,9.344019483181967
2022-10-25,11669.990234375,9.36477588846577
2022-10-26,11405.900390625,9.341886078610228
2022-10-27,11191.6298828125,9.322921445999759
2022-10-28,11546.2099609375,9.35411252018943
2022-10-31,11405.5703125,9.341857138948308
2022-11-01,11288.9501953125,9.331579667462684
2022-11-02,10906.33984375,9.297099536173256
2022-11-03,10690.599609375,9.27712009312661
2022-11-04,10857.0302734375,9.292568100607582
2022-11-07,10977.0,9.303557453687317
2022-11-08,11059.5,9.311045066097815
2022-11-09,10797.5498046875,9.287074517437091
2022-11-10,11605.9599609375,9.359274034885694
2022-11-11,11817.009765625,9.37729527804343
2022-11-14,11700.9404296875,9.36742449616143
2022-11-15,11871.150390625,9.381866398714335
2022-11-16,11699.08984375,9.367266326627481
2022-11-17,11676.8603515625,9.36536441473063
2022-11-18,11677.01953125,9.365378046699991
2022-11-21,11553.4501953125,9.354739389551414
2022-11-22,11724.83984375,9.369464933839527
2022-11-23,11838.7197265625,9.379130771388905
2022-11-25,11756.0302734375,9.37212160268329
2022-11-28,11587.75,9.357703784614406
2022-11-29,11503.4501953125,9.35040228633894
2022-11-30,12030.0595703125,9.39516376076964
2022-12-01,12041.8896484375,9.396146654092478
2022-12-02,11994.259765625,9.392183461458323
2022-12-05,11786.7998046875,9.374735523666239
2022-12-06,11549.6904296875,9.354413912966283
2022-12-07,11497.3896484375,9.349875301493482
2022-12-08,11637.5,9.361987921585323
2022-12-09,11563.330078125,9.355594169784403
2022-12-12,11706.4404296875,9.367894433411928
2022-12-13,11834.2099609375,9.378749765257506
2022-12-14,11740.919921875,9.370835448223255
2022-12-15,11345.2197265625,9.33655176472692
2022-12-16,11243.7197265625,9.32756500522718
2022-12-19,11084.58984375,9.313311120350972
2022-12-20,11072.419921875,9.312212603608184
2022-12-21,11235.8798828125,9.326867497780066
2022-12-22,10956.1396484375,9.301655276599426
2022-12-23,10985.4501953125,9.304326966711075
2022-12-27,10822.509765625,9.289383481660382
2022-12-28,10679.33984375,9.276066298220764
2022-12-29,10951.0498046875,9.301190603223366
2022-12-30,10939.759765625,9.30015911646841
2023-01-03,10862.6396484375,9.293084625503669
2023-01-04,10914.7998046875,9.297874927513734
2023-01-05,10741.2197265625,9.28184393019567
2023-01-06,11040.349609375,9.309311986845533
2023-01-09,11108.4501953125,9.31546137653164
2023-01-10,11205.7802734375,9.324185019994164
2023-01-11,11402.51953125,9.341589621476299
2023-01-12,11459.6103515625,9.346583988954436
2023-01-13,11541.48046875,9.353702822019917
2023-01-17,11557.1904296875,9.355063070272198
2023-01-18,11410.2900390625,9.342270862258067
2023-01-19,11295.669921875,9.332174738508902
2023-01-20,11619.0302734375,9.360399573690914
2023-01-23,11872.5400390625,9.3819834528381
2023-01-24,11846.6396484375,9.379799532377056
2023-01-25,11814.6904296875,9.377098987812445
2023-01-26,12051.48046875,9.396942791849249
2023-01-27,12166.599609375,9.406449739329066
2023-01-30,11912.3896484375,9.385334284409582
2023-01-31,12101.9296875,9.401120197175304
2023-02-01,12363.099609375,9.422471477029795
2023-02-02,12803.1396484375,9.457445704864433
2023-02-03,12573.3603515625,9.439335596928712
2023-02-06,12464.509765625,9.430640666313419
2023-02-07,12728.26953125,9.451580746038696
2023-02-08,12495.3798828125,9.433114245593012
2023-02-09,12381.169921875,9.423932042732861
2023-02-10,12304.919921875,9.41775445503275
2023-02-13,12502.3095703125,9.433668671848327
2023-02-14,12590.8896484375,9.440728787642549
2023-02-15,12687.8896484375,9.44840324651946
2023-02-16,12442.48046875,9.428871741010761
2023-02-17,12358.1796875,9.422073445691622
2023-02-21,12060.2998046875,9.39767432939901
2023-02-22,12066.26953125,9.398169196829286
2023-02-23,12180.1396484375,9.407562006587119
2023-02-24,11969.650390625,9.390129590993068
2023-02-27,12057.7900390625,9.397466206313782
2023-02-28,12042.1201171875,9.396165792828281
2023-03-01,11938.5703125,9.38752964045566
2023-03-02,12044.8701171875,9.396394131859866
2023-03-03,12290.8095703125,9.416607072669889
2023-03-06,12302.48046875,9.417556185155048
2023-03-07,12152.169921875,9.405263027215618
2023-03-08,12215.330078125,9.410447005686548
2023-03-09,11995.8798828125,9.392318526715442
2023-03-10,11830.2802734375,9.378417648444746
2023-03-13,11923.169921875,9.386238838308621
2023-03-14,12199.7900390625,9.409174020660346
2023-03-15,12251.3203125,9.413388990777205
2023-03-16,12581.3896484375,9.439973989053277
2023-03-17,12519.8798828125,9.435073050583506
2023-03-20,12562.6103515625,9.438480248966831
2023-03-21,12741.4404296875,9.452614986289701
2023-03-22,12567.150390625,9.43884157664985
2023-03-23,12729.23046875,9.451656239508239
2023-03-24,12767.0498046875,9.454622896861343
2023-03-27,12673.0703125,9.447234573279408
2023-03-28,12610.5703125,9.442290654938635
2023-03-29,12846.0302734375,9.46079011445808
2023-03-30,12963.1396484375,9.469865197390702
2023-03-31,13181.349609375,9.486558201097536
2023-04-03,13148.349609375,9.484051524739005
2023-04-04,13100.080078125,9.48037362200453
2023-04-05,12967.2001953125,9.470178386260006
2023-04-06,13062.599609375,9.477508434276178
2023-04-10,13051.23046875,9.476637697099035
2023-04-11,12964.150390625,9.469943164828601
2023-04-12,12848.349609375,9.460970647006782
2023-04-13,13109.3896484375,9.481084019490716
2023-04-14,13079.51953125,9.47880289125165
2023-04-17,13087.7099609375,9.479428897910662
2023-04-18,13091.7900390625,9.479740598146192
2023-04-19,13088.7099609375,9.479505302552967
2023-04-20,12985.98046875,9.471625629043738
2023-04-21,13000.76953125,9.472763829403274
2023-04-24,12969.759765625,9.470375754827847
2023-04-25,12725.1103515625,9.451332513409609
2023-04-26,12806.48046875,9.457706608408973
2023-04-27,13160.0302734375,9.484939505289846
2023-04-28,13245.990234375,9.491450161793784
2023-05-01,13231.4697265625,9.490353341382036
2023-05-02,13113.66015625,9.481409725911751
2023-05-03,13030.2099609375,9.475025783645053
2023-05-04,12982.48046875,9.471356071288303
2023-05-05,13259.1298828125,9.492441641889389
2023-05-08,13291.6396484375,9.494890518697535
2023-05-09,13201.1103515625,9.488056222579393
2023-05-10,13347.830078125,9.499109109652762
2023-05-11,13389.7802734375,9.50224702879983
2023-05-12,13340.1796875,9.498535789206484
2023-05-15,13413.509765625,9.504017669519875
2023-05-16,13426.009765625,9.504949131865109
2023-05-17,13589.259765625,9.517035036612764
2023-05-18,13834.6201171875,9.534929433744118
2023-05-19,13803.490234375,9.532676754701974
2023-05-22,13849.740234375,9.536021755798801
2023-05-23,13672.5400390625,9.523144723654196
2023-05-24,13604.48046875,9.518154463700267
2023-05-25,13938.5302734375,9.54241224643458
2023-05-26,14298.41015625,9.567903632182665
2023-05-30,14354.990234375,9.57185291226061
2023-05-31,14254.08984375,9.564799151097235
2023-06-01,14441.509765625,9.57786196138755
2023-06-02,14546.6396484375,9.585115293928697
2023-06-05,14556.5,9.585792908238279
2023-06-06,14558.08984375,9.58590212109411
2023-06-07,14303.2900390625,9.568244862447056
2023-06-08,14484.5400390625,9.580837155406039
2023-06-09,14528.3603515625,9.583857904468106
2023-06-12,14784.2998046875,9.601321072672569
2023-06-13,14900.849609375,9.60917351107135
2023-06-14,15005.6904296875,9.616184770123951
2023-06-15,15185.48046875,9.628095017990148
2023-06-16,15083.919921875,9.621384549551838
2023-06-20,15070.150390625,9.62047127104155
2023-06-21,14867.4501953125,9.606929551671826
2023-06-22,15042.3203125,9.618622861701573
2023-06-23,14891.48046875,9.608544547783868
2023-06-26,14689.01953125,9.594855522981971
2023-06-27,14945.91015625,9.61219297324843
2023-06-28,14964.5703125,9.613440707044642
2023-06-29,14939.9501953125,9.611794125034164
2023-06-30,15179.2099609375,9.627682004861223
2023-07-03,15208.6904296875,9.629622282249244
2023-07-05,15203.7802734375,9.629299378112938
2023-07-06,15089.4501953125,9.621751116062503
2023-07-07,15036.849609375,9.61825910810069
2023-07-10,15045.6396484375,9.6188435038425
2023-07-11,15119.0595703125,9.62371145006851
2023-07-12,15307.23046875,9.636080575406792
2023-07-13,15571.98046875,9.653228454475128
2023-07-14,15565.599609375,9.652818605061764
2023-07-17,15713.2802734375,9.662261511072835
2023-07-18,15841.349609375,9.670378864350939
2023-07-19,15826.349609375,9.669431526748784
2023-07-20,15466.08984375,9.646405154265647
2023-07-21,15425.669921875,9.643788278746214
2023-07-24,15448.01953125,9.645236088429794
2023-07-25,15561.419921875,9.652550048188148
2023-07-26,15499.259765625,9.648547544710482
2023-07-27,15464.9296875,9.646330138552093
2023-07-28,15750.9296875,9.664654670289487
2023-07-31,15757.0,9.665039989962045
2023-08-01,15718.009765625,9.662562452727938
2023-08-02,15370.740234375,9.64022099636025
2023-08-03,15353.5400390625,9.639101347863605
2023-08-04,15274.919921875,9.633967541595613
2023-08-07,15407.849609375,9.64263237343569
2023-08-08,15273.0498046875,9.633845103528103
2023-08-09,15101.7099609375,9.622563258837767
2023-08-10,15128.83984375,9.624358124645441
2023-08-11,15028.0703125,9.617675085449218
2023-08-14,15205.58984375,9.62941839210814
2023-08-15,15037.650390625,9.618312361271993
2023-08-16,14876.4697265625,9.607536030679983
2023-08-17,14715.8095703125,9.596677675825125
2023-08-18,14694.83984375,9.595251680103596
2023-08-21,14936.6904296875,9.611575910029414
2023-08-22,14908.9599609375,9.609717650861542
2023-08-23,15148.0595703125,9.62562772156693
2023-08-24,14816.4404296875,9.60349268306991
2023-08-25,14941.830078125,9.611919946373975
2023-08-28,15052.4599609375,9.619296709374096
2023-08-29,15376.5498046875,9.640598887899587
2023-08-30,15462.4296875,9.64616846939857
2023-08-31,15501.0703125,9.648664352942685
2023-09-01,15490.8603515625,9.64800547425471
2023-09-05,15508.240234375,9.649126789667418
2023-09-06,15371.4404296875,9.640266549102282
2023-09-07,15258.51953125,9.632893283831276
2023-09-08,15280.23046875,9.63431514564014
2023-09-11,15461.8701171875,9.646132279714982
2023-09-12,15289.740234375,9.63493730952928
2023-09-13,15348.5302734375,9.63877500077245
2023-09-14,15473.8896484375,9.646909343665948
2023-09-15,15202.400390625,9.629208614802103
2023-09-18,15225.3701171875,9.63071840211431
2023-09-19,15191.23046875,9.628473597493407
2023-09-20,14969.919921875,9.61379812815922
2023-09-21,14694.240234375,9.595210875194189
2023-09-22,14701.099609375,9.59567757332804
2023-09-25,14768.900390625,9.600278923913418
2023-09-26,14545.830078125,9.585059638955412
2023-09-27,14580.16015625,9.587416990155953
2023-09-28,14702.76953125,9.595791158507515
2023-09-29,14715.240234375,9.596638986349802
2023-10-02,14837.5703125,9.6049177777441
2023-10-03,14565.6201171875,9.586419244332557
2023-10-04,14776.25,9.600776441064587
2023-10-05,14723.2197265625,9.59718109978872
2023-10-06,14973.240234375,9.614019902514116
2023-10-09,15047.150390625,9.618943909433794
2023-10-10,15131.51953125,9.624535233414958
2023-10-11,15241.1201171875,9.631752325042871
2023-10-12,15184.099609375,9.628004080981972
2023-10-13,14995.1201171875,9.615480101633686
2023-10-16,15172.73046875,9.627255047494135
2023-10-17,15122.009765625,9.623906561907255
2023-10-18,14909.259765625,9.60973775968697
2023-10-19,14783.1298828125,9.601241936820182
2023-10-20,14560.8798828125,9.586093751436614
2023-10-23,14604.849609375,9.589108917567524
2023-10-24,14745.8603515625,9.598717668245868
2023-10-25,14381.6396484375,9.57370764761481
2023-10-26,14109.5703125,9.554608591690041
2023-10-27,14180.419921875,9.559617413320069
2023-10-30,14335.509765625,9.57049493859381
2023-10-31,14409.7802734375,9.575662440677277
2023-11-01,14664.91015625,9.593212854986374
2023-11-02,14919.5498046875,9.61042769935395
2023-11-03,15099.490234375,9.622416262920243
2023-11-06,15154.9296875,9.62608114992324
2023-11-07,15296.01953125,9.635347912176481
2023-11-08,15313.240234375,9.63647310795539
2023-11-09,15187.900390625,9.628254362904126
2023-11-10,15529.1201171875,9.650472257563262
2023-11-13,15482.7900390625,9.647484365984884
2023-11-14,15812.4697265625,9.668554130942352
2023-11-15,15817.1796875,9.668851950302324
2023-11-16,15833.169921875,9.66986238057768
2023-11-17,15837.990234375,9.670166778175584
2023-11-20,16027.0595703125,9.682033795858977
2023-11-21,15933.6201171875,9.67618662863612
2023-11-22,16001.3896484375,9.680430850477757
2023-11-24,15982.009765625,9.679218978973203
2023-11-27,15961.98046875,9.67796495282601
2023-11-28,16010.4296875,9.680995644325176
2023-11-29,15987.599609375,9.679568676321168
2023-11-30,15947.8701171875,9.677080564323832
2023-12-01,15997.580078125,9.680192744666035
2023-12-04,15839.669921875,9.67027282688583
2023-12-05,15877.7099609375,9.672671515393034
2023-12-06,15788.0498046875,9.667008591369065
2023-12-07,16022.490234375,9.681748653883735
2023-12-08,16084.6904296875,9.685623193587238
2023-12-11,16221.73046875,9.694107009324583
2023-12-12,16354.25,9.702243081385074
2023-12-13,16562.369140625,9.714888481753968
2023-12-14,16537.830078125,9.713405767596663
2023-12-15,16623.44921875,9.71856958109801
2023-12-18,16729.80078125,9.724946886034896
2023-12-19,16811.849609375,9.729839250651676
2023-12-20,16554.16015625,9.714392718175029
2023-12-21,16757.41015625,9.726595836812399
2023-12-22,16777.400390625,9.727788044933858
2023-12-26,16878.4609375,9.733793587304712
2023-12-27,16906.80078125,9.735471233056447
2023-12-28,16898.470703125,9.734978405877264
2023-12-29,16825.9296875,9.730676409301362
2024-01-02,16543.939453125,9.713775117553212
2024-01-03,16368.490234375,9.703113438523378
2024-01-04,16282.009765625,9.697816081914176
2024-01-05,16305.98046875,9.699287219426848
2024-01-08,16649.869140625,9.720157635955783
2024-01-09,16678.69921875,9.72188768838438
2024-01-10,16793.05078125,9.728720435843869
2024-01-11,16820.900390625,9.730377463046944
2024-01-12,16832.919921875,9.731091767197228
2024-01-16,16830.7109375,9.730960528568371
2024-01-17,16736.279296875,9.725334055114203
2024-01-18,16982.2890625,9.739926260113888
2024-01-19,17314.0,9.75927070177572
2024-01-22,17330.380859375,9.760216359350737
2024-01-23,17404.2109375,9.764467463825731
2024-01-24,17499.30078125,9.769916203756226
2024-01-25,17516.990234375,9.770926559457344
2024-01-26,17421.009765625,9.765432214606273
2024-01-29,17596.26953125,9.775442200108172
2024-01-30,17476.7109375,9.768624470034684
2024-01-31,17137.240234375,9.749009166024107
2024-02-01,17344.7109375,9.761042893799427
2024-02-02,17642.73046875,9.778079106060174
2024-02-05,17613.0390625,9.776394762551899
2024-02-06,17572.73046875,9.774103574272065
2024-02-07,17755.0703125,9.784426405521417
2024-02-08,17783.169921875,9.78600777899661
2024-02-09,17962.41015625,9.796036528635035
2024-02-12,17882.66015625,9.791586815974869
2024-02-13,17600.419921875,9.775678039939061
2024-02-14,17807.630859375,9.787382344379488
2024-02-15,17845.720703125,9.789519021946784
2024-02-16,17685.98046875,9.780527540801135
2024-02-20,17546.099609375,9.77258695971399
2024-02-21,17478.91015625,9.76875029922519
2024-02-22,18004.69921875,9.798388070514392
2024-02-23,17937.609375,9.794654870044363
2024-02-26,17933.330078125,9.794416275964556
2024-02-27,17971.05078125,9.796517452261156
2024-02-28,17874.5,9.791130395143012
2024-02-29,18043.849609375,9.800560163832447
2024-03-01,18302.91015625,9.814815351118082
2024-03-04,18226.48046875,9.810630786430872
2024-03-05,17897.869140625,9.79243694231955
2024-03-06,18017.5703125,9.799102689246928
2024-03-07,18297.990234375,9.8145465095403
2024-03-08,18018.44921875,9.799151468566153
2024-03-11,17951.689453125,9.795439509438674
2024-03-12,18219.109375,9.810226287895818
2024-03-13,18068.470703125,9.80192374819102
2024-03-14,18014.810546875,9.79894950671696
2024-03-15,17808.25,9.787417112051108
2024-03-18,17985.009765625,9.797293899116788
2024-03-19,18032.19921875,9.799914284285853
2024-03-20,18240.109375,9.811378260046748
2024-03-21,18320.380859375,9.815769427279221
2024-03-22,18339.439453125,9.816809181173515
2024-03-25,18277.060546875,9.813402030484907
2024-03-26,18210.5390625,9.809755774837049
2024-03-27,18280.83984375,9.813608787265142
2024-03-28,18254.689453125,9.812177282338629
2024-04-01,18293.19921875,9.81428464236823
2024-04-02,18121.779296875,9.804869769967915
2024-04-03,18160.189453125,9.806987084541671
2024-04-04,17878.779296875,9.79136977441001
2024-04-05,18108.4609375,9.80413456314131
2024-04-08,18100.189453125,9.803677684222619
2024-04-09,18169.900390625,9.807521679296213
2024-04-10,18011.66015625,9.798774613613553
2024-04-11,18307.98046875,9.81509233495791
2024-04-12,18003.490234375,9.798320919991479
2024-04-15,17706.830078125,9.781705724249392
2024-04-16,17713.66015625,9.782091381148234
2024-04-17,17493.619140625,9.769591472885661
2024-04-18,17394.310546875,9.763898451668329
2024-04-19,17037.650390625,9.74318090300178
2024-04-22,17210.890625,9.75329763830237
2024-04-23,17471.470703125,9.768324584079634
2024-04-24,17526.80078125,9.771486461616725
2024-04-25,17430.5,9.76597682427589
2024-04-26,17718.30078125,9.782353326855091
2024-04-29,17782.720703125,9.785982517784694
2024-04-30,17440.689453125,9.766561229544239
2024-05-01,17318.55078125,9.759533505477643
2024-05-02,17541.5390625,9.772327007943321
2024-05-03,17890.80078125,9.792041936890048
2024-05-06,18093.5703125,9.803311922790723
2024-05-07,18091.44921875,9.803194686775383
2024-05-08,18085.009765625,9.802838684370846
2024-05-09,18113.4609375,9.804410639051861
2024-05-10,18161.1796875,9.807041610810844
2024-05-13,18198.609375,9.809100462178616
2024-05-14,18322.76953125,9.815899802088861
2024-05-15,18596.650390625,9.83073675695823
2024-05-16,18557.9609375,9.828654137023529
2024-05-17,18546.23046875,9.828021838153981
2024-05-20,18674.189453125,9.834897606281313
2024-05-21,18713.80078125,9.837016540339953
2024-05-22,18705.19921875,9.836556797286876
2024-05-23,18623.390625,9.83217363011828
2024-05-24,18808.349609375,9.842056178380567
2024-05-28,18869.439453125,9.845298932204626
2024-05-29,18736.75,9.838242114925308
2024-05-30,18538.66015625,9.827613568776476
2024-05-31,18536.650390625,9.82750515346735
2024-06-03,18600.970703125,9.830969046679582
2024-06-04,18654.83984375,9.83386090045357
2024-06-05,19035.05078125,9.85403733659607
2024-06-06,19021.189453125,9.853308871111691
2024-06-07,19000.94921875,9.852244215782253
2024-06-10,19074.669921875,9.856116551776202
2024-06-11,19210.1796875,9.863195609571015
2024-06-12,19465.1796875,9.87638249131456
2024-06-13,19576.919921875,9.882106596349573
2024-06-14,19659.80078125,9.886331260447884
2024-06-17,19902.75,9.898613192119868
2024-06-18,19908.859375,9.898920106366432
2024-06-20,19752.30078125,9.891025258797388
2024-06-21,19700.4296875,9.888395726036435
2024-06-24,19474.619140625,9.876867314225514
2024-06-25,19701.130859375,9.88843131710772
2024-06-26,19751.05078125,9.890961973027903
2024-06-27,19789.029296875,9.892882987210438
2024-06-28,19682.869140625,9.887503949645868
2024-07-01,19812.220703125,9.894054233517117
2024-07-02,20011.890625,9.904081907122443
2024-07-03,20186.630859375,9.912775825632615
2024-07-05,20391.970703125,9.92289650937019
2024-07-08,20439.5390625,9.925226493305052
2024-07-09,20453.01953125,9.925885804910973
2024-07-10,20675.380859375,9.936698940973734
2024-07-11,20211.359375,9.914000070629461
2024-07-12,20331.490234375,9.919926206167839
2024-07-15,20386.880859375,9.92264687782926
2024-07-16,20398.619140625,9.923222488356242
2024-07-17,19799.140625,9.893393812962922
2024-07-18,19705.08984375,9.888632249057938
2024-07-19,19522.619140625,9.879329028252233
2024-07-22,19822.869140625,9.89459155727736
2024-07-23,19754.33984375,9.891128485114256
2024-07-24,19032.390625,9.853897576414873
2024-07-25,18830.580078125,9.843237427237508
2024-07-26,19023.66015625,9.85343875482283
2024-07-29,19059.490234375,9.85532043153967
2024-07-30,18796.26953125,9.841413699939535
2024-07-31,19362.4296875,9.87108985334345
2024-08-01,18890.390625,9.8464086392124
2024-08-02,18440.849609375,9.822323570310315
2024-08-05,17895.16015625,9.792285572936551
2024-08-06,18077.919921875,9.802446578758712
2024-08-07,17867.369140625,9.790731375190163
2024-08-08,18413.8203125,9.820856765599897
2024-08-09,18513.099609375,9.826233847484344
2024-08-12,18542.029296875,9.827795288193455
2024-08-13,19006.4296875,9.852532605507916
2024-08-14,19022.6796875,9.853387214056793
2024-08-15,19490.150390625,9.877664508768655
2024-08-16,19508.51953125,9.878606548177704
2024-08-19,19766.490234375,9.891743370529559
2024-08-20,19719.8203125,9.889379516172921
2024-08-21,19824.83984375,9.894690967971048
2024-08-22,19491.83984375,9.877751187417738
2024-08-23,19720.869140625,9.889432701253599
2024-08-26,19516.439453125,9.879012438263938
2024-08-27,19581.51953125,9.882341519367976
2024-08-28,19350.779296875,9.870487971387274
2024-08-29,19325.44921875,9.869178118657636
2024-08-30,19574.640625,9.88199016181436
2024-09-03,18958.740234375,9.850020330266904
2024-09-04,18921.400390625,9.848048856284601
2024-09-05,18930.330078125,9.84852068082499
2024-09-06,18421.310546875,9.821263455317213
2024-09-09,18660.779296875,9.834179236491504
2024-09-10,18829.140625,9.843160982001121
2024-09-11,19237.30078125,9.864606422343027
2024-09-12,19423.0703125,9.874216829889422
2024-09-13,19514.58984375,9.878917661907296
2024-09-16,19423.060546875,9.874216327104472
2024-09-17,19432.400390625,9.874697075174602
2024-09-18,19344.490234375,9.87016291550155
2024-09-19,19839.830078125,9.895446816191551
2024-09-20,19791.490234375,9.893007338155414
2024-09-23,19852.19921875,9.896070071854943
2024-09-24,19944.83984375,9.900725734412557
2024-09-25,19972.609375,9.902117082621087
2024-09-26,20115.5390625,9.909247883055375
2024-09-27,20008.619140625,9.903918416732068
2024-09-30,20060.689453125,9.906517430472915
2024-10-01,19773.30078125,9.892087861320602
2024-10-02,19802.58984375,9.893568008318422
2024-10-03,19793.33984375,9.893100788569257
2024-10-04,20035.01953125,9.90523699792627
2024-10-07,19800.740234375,9.893474601558298
2024-10-08,20107.779296875,9.908862048865767
2024-10-09,20268.859375,9.91684096627912
2024-10-10,20241.759765625,9.915503064563856
2024-10-11,20271.970703125,9.916994457370699
2024-10-14,20439.05078125,9.92520260396582
2024-10-15,20159.830078125,9.911447293485349
2024-10-16,20174.05078125,9.912152442774794
2024-10-17,20190.419921875,9.912963509598521
2024-10-18,20324.0390625,9.919559654700556
2024-10-21,20361.470703125,9.921399702983196
2024-10-22,20390.4609375,9.922822469369878
2024-10-23,20066.9609375,9.906830007180746
2024-10-24,20232.869140625,9.915063746137314
2024-10-25,20352.01953125,9.920935425811656
2024-10-28,20351.0703125,9.920888784696507
2024-10-29,20550.650390625,9.930647868602389
2024-10-30,20387.69921875,9.922687018494035
2024-10-31,19890.419921875,9.897993483836068
2024-11-01,20033.140625,9.905143212424564
2024-11-04,19963.599609375,9.901665874756997
2024-11-05,20227.4609375,9.914796412522053
2024-11-06,20781.330078125,9.9418102702143
2024-11-07,21101.5703125,9.957102739088313
2024-11-08,21117.1796875,9.957842191379594
2024-11-11,21106.58984375,9.95734058557369
2024-11-12,21070.7890625,9.95564295566987
2024-11-13,21036.16015625,9.953998148116742
2024-11-14,20896.669921875,9.947345091376333
2024-11-15,20394.130859375,9.923002435466055
2024-11-18,20539.189453125,9.930090020830734
2024-11-19,20684.58984375,9.937144250018719
2024-11-20,20667.099609375,9.93629832398042
2024-11-21,20740.779296875,9.939857055661749
2024-11-22,20776.23046875,9.94156484630907
2024-11-25,20804.890625,9.9429433642535
2024-11-26,20922.900390625,9.948599550568229
2024-11-27,20744.490234375,9.940035959525787
2024-11-29,20930.369140625,9.948956452199232
2024-12-02,21164.599609375,9.960085235193992
2024-12-03,21229.3203125,9.963138538758514
2024-12-04,21492.359375,9.975452773047085
2024-12-05,21425.220703125,9.972324044608957
2024-12-06,21622.25,9.981478156083533
2024-12-09,21440.8203125,9.973051875297028
2024-12-10,21368.1796875,9.969658163941075
2024-12-11,21763.98046875,9.988011610194551
2024-12-12,21615.26953125,9.981155266663126
2024-12-13,21780.25,9.988758874841643
2024-12-16,22096.66015625,10.003181751933855
2024-12-17,22001.080078125,9.998846825595587
2024-12-18,21209.3203125,9.96219600142998
2024-12-19,21110.509765625,9.95752628861452
2024-12-20,21289.150390625,9.965952850591709
2024-12-23,21503.169921875,9.97595564147455
2024-12-24,21797.650390625,9.989557462721912
2024-12-26,21768.310546875,9.988210546572043
2024-12-27,21473.01953125,9.974552520539206
2024-12-30,21197.08984375,9.96161917971628
2024-12-31,21012.169921875,9.952857068937927
2025-01-02,20975.619140625,9.951116048927172
2025-01-03,21326.16015625,9.967689774455675
2025-01-06,21559.5,9.978571833659396
2025-01-07,21173.0390625,9.960483908974652
2025-01-08,21180.970703125,9.960858449225345
2025-01-10,20847.580078125,9.944993157091789
2025-01-13,20784.720703125,9.94197341417163
2025-01-14,20757.41015625,9.940658577871972
2025-01-15,21237.849609375,9.963540227734038
2025-01-16,21091.25,9.956613541512548
2025-01-17,21441.16015625,9.97306772548614
2025-01-21,21566.509765625,9.978896916630198
2025-01-22,21853.0,9.992093490870152
2025-01-23,21900.9296875,9.994284366387571
2025-01-24,21774.009765625,9.988472324940382
2025-01-27,21127.279296875,9.95832034211511
2025-01-28,21463.0390625,9.974087621372554
2025-01-29,21411.4609375,9.971681615477136
2025-01-30,21508.119140625,9.976185777277486
2025-01-31,21478.05078125,9.974786798753295
2025-02-03,21297.580078125,9.966348733887624
2025-02-04,21566.919921875,9.978915934651857
2025-02-05,21658.16015625,9.98313757494582
2025-02-06,21774.0703125,9.988475105631283
2025-02-07,21491.310546875,9.975403971810376
2025-02-10,21756.73046875,9.987678435487112
2025-02-11,21693.51953125,9.984768855814108
2025-02-12,21719.259765625,9.98595469269478
2025-02-13,22030.7109375,10.000192710610225
2025-02-14,22114.689453125,10.003997347840052
2025-02-18,22164.609375,10.006252123518331
2025-02-19,22175.599609375,10.006747846693832
2025-02-20,22068.060546875,10.001886618038865
2025-02-21,21614.080078125,9.981100236775513
2025-02-24,21352.080078125,9.968904441457854
2025-02-25,21087.25,9.956423871419396
2025-02-26,21132.919921875,9.958587289509481
2025-02-27,20550.94921875,9.930662409551054
2025-02-28,20884.41015625,9.946758234073748
2025-03-03,20425.580078125,9.924543319722718
2025-03-04,20352.529296875,9.920960472920134
2025-03-05,20628.4609375,9.93442700015583
2025-03-06,20052.630859375,9.90611563905821
2025-03-07,20201.369140625,9.913505660331248
2025-03-10,19430.94921875,9.87462239443348
2025-03-11,19376.9609375,9.871840058777613
2025-03-12,19596.01953125,9.883081739453724
2025-03-13,19225.48046875,9.863991785934115
2025-03-14,19704.640625,9.88860945170588
2025-03-17,19812.240234375,9.894055219334946
2025-03-18,19483.359375,9.8773160148437
2025-03-19,19736.66015625,9.890233106993614
2025-03-20,19677.609375,9.887236688380016
2025-03-21,19753.970703125,9.891109798381269
2025-03-24,20180.44921875,9.912469554252008
2025-03-25,20287.830078125,9.917776481715137
2025-03-26,19916.990234375,9.899328427071087
2025-03-27,19798.619140625,9.893367473878179
2025-03-28,19281.400390625,9.866896199895304
2025-03-31,19278.44921875,9.866743130217355
2025-04-01,19436.419921875,9.874903900657445
2025-04-02,19581.779296875,9.882354785136325
2025-04-03,18521.470703125,9.826685916663056
2025-04-04,17397.69921875,9.76409324765215
2025-04-07,17430.6796875,9.765987133020552
2025-04-08,17090.400390625,9.746272204192424
2025-04-09,19145.060546875,9.859800026448834
2025-04-10,18343.5703125,9.817034400391831
2025-04-11,18690.05078125,9.83574661747374
2025-04-14,18796.01953125,9.841400399339532
2025-04-15,18830.23046875,9.843218861021331
2025-04-16,18257.640625,9.812338935778719
2025-04-17,18258.08984375,9.812363539901067
2025-04-21,17808.30078125,9.787419963604606
2025-04-22,18276.41015625,9.813366444773752
2025-04-23,18693.259765625,9.835918297527536
2025-04-24,19214.400390625,9.863415297236223
2025-04-25,19432.560546875,9.874705316852769
2025-04-28,19427.2890625,9.874434009348478
2025-04-29,19544.94921875,9.880472180052791
2025-04-30,19571.01953125,9.881805155673405
2025-05-01,19786.7109375,9.892765826577994
2025-05-02,20102.609375,9.908604905273066
2025-05-05,19967.939453125,9.901883238969294
2025-05-06,19791.349609375,9.893000232803674
2025-05-07,19867.970703125,9.896864201650203
2025-05-08,20063.560546875,9.90666054062475
2025-05-09,20061.44921875,9.906555303111325
2025-05-12,20868.150390625,9.94597937087427
2025-05-13,21197.69921875,9.961647927353125
2025-05-14,21319.2109375,9.967363867158667
2025-05-15,21335.8203125,9.96814264402755
2025-05-16,21427.939453125,9.972450931400676
2025-05-19,21447.05078125,9.973342422187555
2025-05-20,21367.369140625,9.969620230796545
2025-05-21,21080.359375,9.956097050659885
2025-05-22,21112.470703125,9.957619173459676
2025-05-23,20915.66015625,9.948253447148195
2025-05-27,21414.990234375,9.97184643403139
2025-05-28,21318.169921875,9.96731503603423
2025-05-29,21363.94921875,9.969460164502614
2025-05-30,21340.990234375,9.968384926514643
2025-06-02,21491.75,9.975424419545806
2025-06-03,21662.580078125,9.98334163064138
2025-06-04,21721.919921875,9.986077164334475
2025-06-05,21547.4296875,9.978011816376656
2025-06-06,21761.7890625,9.987910915535942
2025-06-09,21797.869140625,9.989567498156854
2025-06-10,21941.919921875,9.9961542378345
2025-06-11,21860.80078125,9.992450393321707
2025-06-12,21913.3203125,9.994849964353088
2025-06-13,21631.0390625,9.981884555819205
2025-06-16,21937.5703125,9.99595598533129
2025-06-17,21719.080078125,9.985946419473443
2025-06-18,21719.689453125,9.985974476207398
2025-06-20,21626.390625,9.981669636090896
2025-06-23,21856.330078125,9.992245864659706
2025-06-24,22190.51953125,10.007420428507453
2025-06-25,22237.740234375,10.009546135035468
2025-06-26,22447.2890625,10.018925131424652
2025-06-27,22534.19921875,10.022789399492256
2025-06-30,22679.009765625,10.029195095760867
2025-07-01,22478.130859375,10.020298153725783
2025-07-02,22641.890625,10.027557037001884
2025-07-03,22866.970703125,10.037448821012504
2025-07-07,22685.5703125,10.029484332293398
2025-07-08,22702.25,10.030219317500267
2025-07-09,22864.91015625,10.037358706771075
2025-07-10,22829.259765625,10.035798315241061
2025-07-11,22780.599609375,10.033664558400812
2025-07-14,22855.630859375,10.036952793070306
2025-07-15,22884.58984375,10.038219030434233
2025-07-16,22907.970703125,10.039240194620186
2025-07-17,23081.05078125,10.046767247369473
2025-07-18,23065.470703125,10.046092003463071
2025-07-21,23180.060546875,10.051047728921176
2025-07-22,23063.580078125,10.046010032342094
2025-07-23,23162.41015625,10.050285991740976
2025-07-24,23219.869140625,10.052763619604004
2025-07-25,23272.25,10.055016942640542
2025-07-28,23356.26953125,10.058620729465716
2025-07-29,23308.30078125,10.056564832815448
2025-07-30,23345.41015625,10.058155676591028
2025-07-31,23218.119140625,10.052688250275331
2025-08-01,22763.310546875,10.032905332270635
2025-08-04,23188.609375,10.051416461871087
2025-08-05,23018.560546875,10.044056149776665
2025-08-06,23315.0390625,10.056853884664564
2025-08-07,23389.529296875,10.06004373525752
2025-08-08,23611.26953125,10.069479399546704
2025-08-11,23526.630859375,10.065888286572532
2025-08-12,23839.19921875,10.079086530797602
2025-08-13,23849.0390625,10.079499204624284
2025-08-14,23832.439453125,10.078802933847355
2025-08-15,23712.0703125,10.073739493362167
2025-08-18,23713.759765625,10.073810739479438
2025-08-19,23384.76953125,10.059840214701971
2025-08-20,23249.5703125,10.054041929661928
2025-08-21,23142.580078125,10.049429493154673
2025-08-22,23498.119140625,10.064675660360004
2025-08-25,23425.609375,10.061585120642334
2025-08-26,23525.2890625,10.065831251838238
2025-08-27,23565.849609375,10.06755389257487
2025-08-28,23703.44921875,10.073375853189908
2025-08-29,23415.419921875,10.061150055340027
2025-09-02,23231.109375,10.053247580758477
2025-09-03,23414.83984375,10.061125281694613
2025-09-04,23633.009765625,10.070399732600062
2025-09-05,23652.439453125,10.071221536724355
2025-09-08,23762.30078125,10.075855603016144
2025-09-09,23839.80078125,10.07911176465318
2025-09-10,23849.26953125,10.079508868226908
2025-09-11,23992.560546875,10.085499084063674
2025-09-12,24092.189453125,10.08964297786858
2025-09-15,24293.779296875,10.097975600542693
2025-09-16,24274.25,10.097171396698712
2025-09-17,24223.689453125,10.095086336353358
2025-09-18,24454.890625,10.104585500462944
2025-09-19,24626.25,10.111568226173292
2025-09-22,24761.0703125,10.117027953348096
2025-09-23,24580.169921875,10.10969529610976
2025-09-24,24503.5703125,10.106574112956482
2025-09-25,24397.310546875,10.102228181717509
2025-09-26,24503.849609375,10.106585511102944
2025-09-29,24611.349609375,10.110962981758533
2025-09-30,24679.990234375,10.113748082329415
2025-10-01,24800.859375,10.11863358377044
2025-10-02,24892.759765625,10.12233226770543
2025-10-03,24785.51953125,10.118014871754049
2025-10-06,24978.560546875,10.12577315779485
2025-10-07,24840.23046875,10.120219814134405
2025-10-08,25136.619140625,10.132080991820988
2025-10-09,25098.1796875,10.130550600079639
2025-10-10,24221.740234375,10.095005865656178
2025-10-13,24750.25,10.116590868955923
2025-10-14,24579.3203125,10.109660730683185
2025-10-15,24745.359375,10.116393250416515
2025-10-16,24657.240234375,10.112825857818788
2025-10-17,24817.94921875,10.119322429186528
2025-10-20,25141.01953125,10.13225603546872
2025-10-21,25127.130859375,10.131703452088567
2025-10-22,24879.009765625,10.121779745644057
2025-10-23,25097.41015625,10.130519938770451
2025-10-24,25358.16015625,10.140855856875584
2025-10-27,25821.55078125,10.158964723838315
2025-10-28,26012.150390625,10.166319030558713
2025-10-29,26119.849609375,10.170450825692896
2025-10-30,25734.810546875,10.155599850368482
2025-10-31,25858.130859375,10.160380370493742
2025-11-03,25972.939453125,10.164810484740904
2025-11-04,25435.69921875,10.14390894729576
2025-11-05,25620.029296875,10.15112971896588
2025-11-06,25130.0390625,10.13181918495346
2025-11-07,25059.810546875,10.129020668440438
2025-11-10,25611.740234375,10.150806128246755
2025-11-11,25533.490234375,10.147746211991105
2025-11-12,25517.330078125,10.147113111222465
2025-11-13,24993.4609375,10.126369507136902
2025-11-14,25008.240234375,10.1269606589161
2025-11-17,24799.919921875,10.118595703191207
2025-11-18,24503.099609375,10.10655490319888
2025-11-19,24640.51953125,10.112147502297333
2025-11-20,24054.380859375,10.088072415260429
2025-11-21,24239.5703125,10.095741713644124
2025-11-24,24873.849609375,10.121572314098078
2025-11-25,25018.359375,10.127365209328962
2025-11-26,25236.939453125,10.136064051502709
2025-11-28,25434.890625,10.143877157070698
2025-12-01,25342.849609375,10.140251902539717
2025-12-02,25555.859375,10.1486218990854
2025-12-03,25606.5390625,10.150603029979328
2025-12-04,25581.69921875,10.149632500555624
2025-12-05,25692.05078125,10.15393691491512
2025-12-08,25627.94921875,10.151438801281609
2025-12-09,25668.689453125,10.15302721892439
2025-12-10,25776.439453125,10.157216154197751
2025-12-11,25686.689453125,10.153728216604495
2025-12-12,25196.73046875,10.134469521778552
2025-12-15,25067.26953125,10.129318271429417
2025-12-16,25132.939453125,10.13193459357881
2025-12-17,24647.609375,10.112435192009084
2025-12-18,25019.369140625,10.127405569499382
2025-12-19,25346.1796875,10.14038329499982
2025-12-22,25461.69921875,10.144930610605073
2025-12-23,25587.830078125,10.149872129861915
2025-12-24,25656.150390625,10.152538603166887
2025-12-26,25644.390625,10.15208013759915
2025-12-29,25525.560546875,10.147435603492028
2025-12-30,25462.560546875,10.144964438416377
2025-12-31,25249.849609375,10.136575478621412
2026-01-02,25206.169921875,10.134844081701184
2026-01-05,25401.3203125,10.14255643246276
2026-01-06,25639.7109375,10.1518976370826
2026-01-07,25653.900390625,10.15245090105133
2026-01-08,25507.099609375,10.146712108449881
2026-01-09,25766.259765625,10.156821154021717
2026-01-12,25787.66015625,10.15765136797583
2026-01-13,25741.94921875,10.155877205507121
2026-01-14,25465.939453125,10.145097130573223
2026-01-15,25547.0703125,10.148277924184534
2026-01-16,25529.259765625,10.147580515127553
2026-01-20,24987.5703125,10.12613379271165
2026-01-21,25326.580078125,10.13960971919921
2026-01-22,25518.349609375,10.147153064888464
2026-01-23,25605.470703125,10.150561306978023
2026-01-26,25713.2109375,10.15476018306852
2026-01-27,25939.740234375,10.163531443725267
2026-01-28,26022.7890625,10.166727935503545
2026-01-29,25884.30078125,10.161391916463915
2026-01-30,25552.390625,10.148486157790979
2026-02-02,25738.609375,10.155747453855394
2026-02-03,25338.619140625,10.140084959123744
2026-02-04,24891.240234375,10.122271222741166
2026-02-05,24548.689453125,10.10841374903299
2026-02-06,25075.76953125,10.129657301541686
2026-02-09,25268.140625,10.137299617342665
2026-02-10,25127.640625,10.131723739341298
2026-02-11,25201.259765625,10.134649262949425
2026-02-12,24687.609375,10.114056752013411
2026-02-13,24732.73046875,10.115882765611456
2026-02-17,24701.599609375,10.11462328203229
2026-02-18,24898.869140625,10.122577665382304
2026-02-19,24797.33984375,10.11849166203492
2026-02-20,25012.619140625,10.127135742124024
2026-02-23,24708.939453125,10.114920378317546
2026-02-24,24977.0390625,10.125712244328197
2026-02-25,25329.0390625,10.139706805541008
2026-02-26,25034.369140625,10.128004925350277
2026-02-27,24960.0390625,10.125031387486146
2026-03-02,24992.599609375,10.126335044404065
2026-03-03,24720.080078125,10.11537115097273
2026-03-04,25093.6796875,10.130371288132718
2026-03-05,25020.41015625,10.127447177022027
2026-03-06,24643.01953125,10.11224895605044
2026-03-09,24967.25,10.125320245050236
2026-03-10,24956.470703125,10.124888414373729
2026-03-11,24965.009765625,10.125230514107274
2026-03-12,24533.580078125,10.10779807353055
2026-03-13,24380.73046875,10.101548364389124
2026-03-16,24655.33984375,10.112748782531998
2026-03-17,24780.419921875,10.11780910103935
2026-03-18,24425.08984375,10.103366155256317
2026-03-19,24355.279296875,10.100503913917652
2026-03-20,23898.150390625,10.08155634541128
2026-03-23,24188.58984375,10.093636306896585
2026-03-24,24002.44921875,10.085911154904506
2026-03-25,24162.98046875,10.092577008212832
2026-03-26,23586.990234375,10.068450577758055
2026-03-27,23132.76953125,10.049005485681805
2026-03-30,22953.380859375,10.041220518773017
2026-03-31,23740.189453125,10.074924648465641
2026-04-01,24019.990234375,10.086641689071651
2026-04-02,24045.529296875,10.087704366232014
2026-04-06,24192.169921875,10.093784302841621
2026-04-07,24202.369140625,10.094205805725979
2026-04-08,24903.169921875,10.122750380449462
2026-04-09,25082.08984375,10.129909318378616
2026-04-10,25116.33984375,10.131273903108774
2026-04-13,25383.720703125,10.141863330331596
2026-04-14,25842.0,10.159756354282166
2026-04-15,26204.580078125,10.173689486613501
2026-04-16,26333.0,10.178578184473086
2026-04-17,26672.4296875,10.191385714920047
2026-04-20,26590.33984375,10.188303265041062
2026-04-21,26479.470703125,10.18412502129849
2026-04-22,26937.279296875,10.201266453657087
2026-04-23,26782.630859375,10.195508854127764
2026-04-24,27303.669921875,10.214776401510944
2026-04-27,27305.6796875,10.214850006695414
2026-04-28,27029.009765625,10.204666003957364
2026-04-29,27186.98046875,10.210493478453055
2026-04-30,27452.119140625,10.220198643980677
2026-05-01,27710.359375,10.229561606917638
2026-05-04,27651.8203125,10.227446838870312
2026-05-05,28015.060546875,10.24049752122764
2026-05-06,28599.169921875,10.261132972676084
2026-05-07,28563.94921875,10.25990068486144
2026-05-08,29234.990234375,10.283121566570891
2026-05-11,29320.66015625,10.286047671308166
2026-05-12,29064.80078125,10.277283125862864
2026-05-13,29366.939453125,10.287624812195709
2026-05-14,29580.30078125,10.294863904612349
2026-05-15,29125.19921875,10.279359030973364
2026-05-18,28994.369140625,10.274856922550994
2026-05-19,28818.83984375,10.268784613495157
2026-05-20,29297.69921875,10.285264266964575
2026-05-21,29357.26953125,10.287295478786893
2026-05-22,29481.640625,10.291522996891793
2026-05-26,30001.3203125,10.30899667009253
2026-05-27,29973.5703125,10.308071282761562
2026-05-28,30223.890625,10.316387970921879
2026-05-29,30333.1796875,10.319997431570796
2026-06-01,30513.859375,10.325936265122186
2026-06-02,30660.599609375,10.330733708965658
2026-06-03,30571.240234375,10.327814984371871
2026-06-04,30407.810546875,10.322454780278557
2026-06-05,28957.599609375,10.273587956647775
2026-06-08,29414.259765625,10.28923486178133
2026-06-09,29084.5,10.277960665205175
2026-06-10,28508.029296875,10.25794105629329
2026-06-11,29446.1796875,10.29031945867869
2026-06-12,29635.94921875,10.296743404036294
2026-06-15,30543.919921875,10.326920924231965
2026-06-16,29968.130859375,10.307889791311249
2026-06-17,29670.94921875,10.297923705316089
2026-06-18,30406.189453125,10.322401467102301
2026-06-22,30347.080078125,10.320455583560317
2026-06-23,29347.26953125,10.286954789625325
2026-06-24,29220.060546875,10.282610757406411
2026-06-25,29440.3203125,10.29012045296365
2026-06-26,29118.240234375,10.279120068972718
2026-06-29,29774.75,10.301415997882627
2026-06-30,30276.349609375,10.318122145772051
2026-07-01,29809.130859375,10.302570030238183
2026-07-02,29329.2109375,10.286339258694502
2026-07-06,29697.869140625,10.298830576110014
2026-07-07,29173.01953125,10.280999572459898
2026-07-08,29252.560546875,10.283722388892697
2026-07-09,29727.099609375,10.29981435352622
2026-07-10,29825.109375,10.303105914184874
