date,close,logprice
2020-04-10,0.9510539770126343,-0.050184459884828544
2020-04-11,0.7768189907073975,-0.2525479149462359
2020-04-12,0.8825070261955261,-0.12498852851173217
2020-04-13,0.7778319716453552,-0.25124475287855086
2020-04-14,0.6619250178337097,-0.4126029955724403
2020-04-15,0.646651029586792,-0.4359484969365919
2020-04-16,0.6908159852027893,-0.3698817928459159
2020-04-17,0.6607279777526855,-0.41441305522049926
2020-04-18,0.6810960173606873,-0.38405198811550856
2020-04-19,0.6069689989089966,-0.49927756186445776
2020-04-20,0.538811981678009,-0.6183885969834403
2020-04-21,0.5876590013504028,-0.5316084289839524
2020-04-22,0.6916009783744812,-0.36874611052032785
2020-04-23,0.6274570226669312,-0.4660801000955447
2020-04-24,0.6342419981956482,-0.4553246967500115
2020-04-25,0.6433290243148804,-0.4410989837298914
2020-04-26,0.6355059742927551,-0.4533337874640786
2020-04-27,0.5723720192909241,-0.5579661156342065
2020-04-28,0.6612930297851562,-0.41355822452770763
2020-04-29,0.7458400130271912,-0.2932441615272301
2020-04-30,0.6910449862480164,-0.3695503542250205
2020-05-01,0.7287939786911011,-0.31636419502016033
2020-05-02,0.7158759832382202,-0.3342483347915381
2020-05-03,0.6795349717140198,-0.38634657988084453
2020-05-04,0.6674910187721252,-0.40422934382128545
2020-05-05,0.6418370008468628,-0.44342090029029557
2020-05-06,0.6225839853286743,-0.47387674355300363
2020-05-07,0.6129779815673828,-0.48942626283070256
2020-05-08,0.6049219965934753,-0.5026557605140978
2020-05-09,0.6045269966125488,-0.5033089505158085
2020-05-10,0.5370339751243591,-0.6216939180866266
2020-05-11,0.5152729749679565,-0.6630584702630087
2020-05-12,0.5385760068893433,-0.6188266467759814
2020-05-13,0.5505319833755493,-0.596870225732231
2020-05-14,0.5691180229187012,-0.5636674447149639
2020-05-15,0.5597519874572754,-0.580261472893631
2020-05-16,0.599120020866394,-0.512293332212621
2020-05-17,0.6129890084266663,-0.4894082739951568
2020-05-18,0.6526700258255005,-0.42668359775153364
2020-05-19,0.6244540214538574,-0.4708775767004135
2020-05-20,0.5791559815406799,-0.5461834395198814
2020-05-21,0.6089149713516235,-0.49607664113231187
2020-05-22,0.6388750076293945,-0.4480464499517729
2020-05-23,0.6130310297012329,-0.4893397249123094
2020-05-24,0.5490530133247375,-0.5995602787015172
2020-05-25,0.6008570194244385,-0.5093982772025322
2020-05-26,0.5733069777488708,-0.5563339679420239
2020-05-27,0.5909850001335144,-0.525964642382876
2020-05-28,0.5751550197601318,-0.5531156749373857
2020-05-29,0.5794150233268738,-0.545736264872109
2020-05-30,0.5879330039024353,-0.5311422765164809
2020-05-31,0.5700219869613647,-0.5620803452810547
2020-06-01,0.5774949789047241,-0.5490555311612604
2020-06-02,0.5646690130233765,-0.5715155371516445
2020-06-03,0.5866209864616394,-0.5333763466354488
2020-06-04,0.5872989892959595,-0.5322212373882966
2020-06-05,0.6611549854278564,-0.4137669954679838
2020-06-06,0.6224430203437805,-0.4741031884170169
2020-06-07,0.6165779829025269,-0.4835704714291588
2020-06-08,0.6683130264282227,-0.40299861276786664
2020-06-09,0.6580020189285278,-0.4185472793810896
2020-06-10,0.6448670029640198,-0.43871118040288754
2020-06-11,0.5737419724464417,-0.5555755090840133
2020-06-12,0.5938689708709717,-0.5210965717118573
2020-06-13,0.608942985534668,-0.4960306354665592
2020-06-14,0.5870770215988159,-0.5325992554978758
2020-06-15,0.5706390142440796,-0.5609984684705974
2020-06-16,0.5855759978294373,-0.5351593044881575
2020-06-17,0.5815619826316833,-0.5420377217637024
2020-06-18,0.6209560036659241,-0.47649504711736357
2020-06-19,0.684332013130188,-0.3793120798145847
2020-06-20,0.6435909867286682,-0.4406918684233331
2020-06-21,0.6731489896774292,-0.39578859244574266
2020-06-22,0.7268480062484741,-0.3190378931162836
2020-06-23,0.7082970142364502,-0.3448917616254161
2020-06-24,0.7369940280914307,-0.30517548982233184
2020-06-25,0.7131940126419067,-0.33800178809021497
2020-06-26,0.7411440014839172,-0.29956033858006026
2020-06-27,0.7135480046272278,-0.3375055638418222
2020-06-28,0.7984949946403503,-0.22502657979962803
2020-06-29,0.8524540066719055,-0.1596360223978785
2020-06-30,0.8600940108299255,-0.15071358079050587
2020-07-01,0.8326420187950134,-0.18315147852973115
2020-07-02,0.7802190184593201,-0.2481806058168827
2020-07-03,0.7680929899215698,-0.2638444725370883
2020-07-04,0.7803720235824585,-0.24798451969373222
2020-07-05,0.6916639804840088,-0.36865501863056704
2020-07-06,0.7079079747200012,-0.34544117294548454
2020-07-07,0.7530480027198792,-0.2836263045821235
2020-07-08,0.7967129945755005,-0.22726077222864258
2020-07-09,0.8534529805183411,-0.1584648284604276
2020-07-10,0.9135599732398987,-0.09040625316812738
2020-07-11,0.9246240258216858,-0.0783680826675377
2020-07-12,1.0167160034179688,0.016577828725867997
2020-07-13,1.175734043121338,0.16189267009142028
2020-07-14,1.148074984550476,0.13808661331695574
2020-07-15,1.289597988128662,0.2543305326950816
2020-07-16,0.8724409937858582,-0.1364602560912218
2020-07-17,0.9778370261192322,-0.022412262793185794
2020-07-18,0.9665830135345459,-0.033988093143169675
2020-07-19,0.9203490018844604,-0.08300233099960937
2020-07-20,0.8730890154838562,-0.13571776329610782
2020-07-21,0.9771659970283508,-0.023098736531883792
2020-07-22,1.0440870523452759,0.04314286945672495
2020-07-23,1.0498440265655518,0.048641607007317254
2020-07-24,0.9953460097312927,-0.004664853800369749
2020-07-25,1.252223014831543,0.2249203836774557
2020-07-26,1.5651099681854248,0.4479560887346258
2020-07-27,1.7786359786987305,0.5758467664410856
2020-07-28,1.7840670347213745,0.5788956089683411
2020-07-29,1.6582889556884766,0.5057863211955225
2020-07-30,1.6868070363998413,0.5228374143303706
2020-07-31,1.5381779670715332,0.43059857769967325
2020-08-01,1.526610016822815,0.4230496018848874
2020-08-02,1.7428100109100342,0.5554987593977591
2020-08-03,1.802610993385315,0.5892361657487337
2020-08-04,1.8716390132904053,0.626814524679617
2020-08-05,1.7545499801635742,0.562212402476983
2020-08-06,2.206347942352295,0.7913386338483085
2020-08-07,2.0859029293060303,0.7352018211267104
2020-08-08,2.4736249446868896,0.905684663725776
2020-08-09,2.6652278900146484,0.9802895661624667
2020-08-10,3.1317930221557617,1.1416056910648298
2020-08-11,3.3034191131591797,1.1949580269932971
2020-08-12,3.7697510719299316,1.3270089706141304
2020-08-13,3.7559709548950195,1.3233468283275702
2020-08-14,3.4093880653381348,1.2265328222117937
2020-08-15,3.1837949752807617,1.1580738737231804
2020-08-16,3.385653018951416,1.2195468032536856
2020-08-17,3.0986080169677734,1.1309529838637962
2020-08-18,3.3299760818481445,1.2029651213383725
2020-08-19,2.899040937423706,1.064379971062204
2020-08-20,3.2082669734954834,1.1657309077060065
2020-08-21,2.9436678886413574,1.079656384938396
2020-08-22,3.020885944366455,1.1055501474271625
2020-08-23,3.3224310874938965,1.2006967702295595
2020-08-24,3.3449859619140625,1.2074624968341845
2020-08-25,3.264849901199341,1.1832137896040633
2020-08-26,3.5583748817443848,1.2693039467468556
2020-08-27,3.4450600147247314,1.2369413251338321
2020-08-28,4.011393070220947,1.3891385800469898
2020-08-29,3.968808889389038,1.3784660218200324
2020-08-30,4.4358229637146,1.4897131597004372
2020-08-31,4.782045841217041,1.5648684551919927
2020-09-01,4.344515800476074,1.4689143141822294
2020-09-02,4.1644721031188965,1.4265895216360145
2020-09-03,3.5273399353027344,1.2605440274722757
2020-09-04,3.5457940101623535,1.265762115203925
2020-09-05,2.5979158878326416,0.954709541986289
2020-09-06,3.086042881011963,1.1268896491820717
2020-09-07,2.928528070449829,1.0744999317671975
2020-09-08,2.4689769744873047,0.9038038844739934
2020-09-09,3.636378049850464,1.2909881450165879
2020-09-10,3.469836950302124,1.244107604469224
2020-09-11,3.4274280071258545,1.2318101277482076
2020-09-12,3.332659959793091,1.2037707718566784
2020-09-13,3.2258388996124268,1.1711930403322073
2020-09-14,3.2691330909729004,1.1845248399671282
2020-09-15,2.9391210079193115,1.078110559749894
2020-09-16,2.5453989505767822,0.9342873962934831
2020-09-17,2.891874074935913,1.0619047607952334
2020-09-18,3.1079399585723877,1.1339601139701467
2020-09-19,3.028891086578369,1.1081965745080347
2020-09-20,2.8709030151367188,1.0546266197033871
2020-09-21,2.7825090885162354,1.0233530704753409
2020-09-22,2.9155189990997314,1.070047848242525
2020-09-23,2.836756944656372,1.042661478789031
2020-09-24,3.1327149868011475,1.1419000364949015
2020-09-25,3.1886119842529297,1.1595857074526497
2020-09-26,3.1347029209136963,1.1425344075256791
2020-09-27,3.152946949005127,1.1483375548600425
2020-09-28,2.9566779136657715,1.0840663115917257
2020-09-29,2.9464330673217773,1.0805953090431735
2020-09-30,2.897876024246216,1.0639780632201998
2020-10-01,2.861027956008911,1.0511809854319463
2020-10-02,2.6260828971862793,0.9654933432369882
2020-10-03,2.5473029613494873,0.9350351372350685
2020-10-04,2.5159950256347656,0.9226683617435392
2020-10-05,2.657644033432007,0.9774400286107957
2020-10-06,2.1762499809265137,0.7776032033358797
2020-10-07,2.2917959690093994,0.8293357761332819
2020-10-08,2.365220069885254,0.8608710704203567
2020-10-09,2.5398590564727783,0.9321085899131953
2020-10-10,2.406090021133423,0.8780030321199778
2020-10-11,2.4265780448913574,0.8864820529112621
2020-10-12,2.5870718955993652,0.9505266939268742
2020-10-13,2.404910087585449,0.877512517239509
2020-10-14,2.3146350383758545,0.8392520243004362
2020-10-15,2.2664361000061035,0.8182085977545192
2020-10-16,2.149385929107666,0.7651821869754922
2020-10-17,2.201843023300171,0.7892947475214731
2020-10-18,2.2142670154571533,0.7949214302019781
2020-10-19,2.058079957962036,0.7217734889224519
2020-10-20,1.8886719942092896,0.6358739335318365
2020-10-21,1.8903779983520508,0.6367768082024609
2020-10-22,1.9556529521942139,0.6707241285669678
2020-10-23,1.960034966468811,0.672962313118402
2020-10-24,1.9118280410766602,0.6480598739092773
2020-10-25,1.7874590158462524,0.5807950671252697
2020-10-26,1.6854660511016846,0.5220421137517737
2020-10-27,1.7102320194244385,0.5366290451842849
2020-10-28,1.4900530576705933,0.39881172849827096
2020-10-29,1.4289360046386719,0.3569301146269933
2020-10-30,1.4413360357284546,0.3655704860343294
2020-10-31,1.5406999588012695,0.4322368318653242
2020-11-01,1.5998400449752808,0.4699036523577635
2020-11-02,1.474071979522705,0.38802862535824534
2020-11-03,1.4122339487075806,0.34517281140015943
2020-11-04,1.3922549486160278,0.33092469788321155
2020-11-05,1.4052180051803589,0.3401924545784841
2020-11-06,1.9137400388717651,0.6490594629451274
2020-11-07,2.031964063644409,0.7090028443454847
2020-11-08,2.1565980911254883,0.7685320223339809
2020-11-09,2.0286519527435303,0.7073715097784918
2020-11-10,2.2479870319366455,0.8100351633033489
2020-11-11,2.0021250247955322,0.6942091288909303
2020-11-12,1.8991379737854004,0.641400085212629
2020-11-13,2.020792007446289,0.7034895174629036
2020-11-14,1.9170160293579102,0.6507698257175994
2020-11-15,2.04323410987854,0.7145339004982826
2020-11-16,2.255354881286621,0.8133073358658511
2020-11-17,2.202181100845337,0.7894482787176247
2020-11-18,2.1150290966033936,0.7490685696628988
2020-11-19,2.0767691135406494,0.7308133752775247
2020-11-20,2.0953919887542725,0.7397406426757549
2020-11-21,2.382205009460449,0.8680265333339365
2020-11-22,2.1448450088500977,0.7630672928229799
2020-11-23,2.276376962661743,0.8225851276208314
2020-11-24,2.2679669857025146,0.8188838291910017
2020-11-25,2.270034074783325,0.819794842298413
2020-11-26,1.9030369520187378,0.6434510058967657
2020-11-27,1.8579490184783936,0.6194732010907542
2020-11-28,1.8889349699020386,0.6360131622529143
2020-11-29,1.915155053138733,0.6497985870513686
2020-11-30,1.9668910503387451,0.6764541491279903
2020-12-01,1.976307988166809,0.6812304516369608
2020-12-02,2.115401029586792,0.7492444066219135
2020-12-03,2.1003708839416504,0.7421139405362058
2020-12-04,1.8559529781341553,0.6183982989860425
2020-12-05,1.9787739515304565,0.6824774365140317
2020-12-06,1.8542490005493164,0.6174797626290279
2020-12-07,1.8311729431152344,0.6049567140529778
2020-12-08,1.6653519868850708,0.5100365046244058
2020-12-09,1.6623040437698364,0.5082046181917244
2020-12-10,1.5741510391235352,0.4537161041738859
2020-12-11,1.4445849657058716,0.36782205934375956
2020-12-12,1.4909119606018066,0.3993879868238245
2020-12-13,1.5654560327529907,0.4481771762752633
2020-12-14,1.5916459560394287,0.4647686732675274
2020-12-15,1.7606710195541382,0.5656949974988171
2020-12-16,1.7835979461669922,0.5786326422606495
2020-12-17,1.6786340475082397,0.51798039573757
2020-12-18,1.698799967765808,0.5299221004822956
2020-12-19,1.6686509847640991,0.5120155064332089
2020-12-20,1.5635759830474854,0.4469754947825522
2020-12-21,1.5419150590896606,0.4330251887274504
2020-12-22,1.4902859926223755,0.39896804289628124
2020-12-23,1.2056920528411865,0.18705371979584753
2020-12-24,1.3624080419540405,0.30925375313374137
2020-12-25,1.445402979850769,0.3683881614743937
2020-12-26,1.3242379426956177,0.2808371563949071
2020-12-27,1.3030420541763306,0.26470157250778736
2020-12-28,1.515684962272644,0.41586745709771644
2020-12-29,1.6743450164794922,0.5154220538653153
2020-12-30,1.5354570150375366,0.42882806639262633
2020-12-31,1.5108979940414429,0.41270417210472066
2021-01-01,1.8420840501785278,0.6108975666392974
2021-01-02,1.7992750406265259,0.587383828566971
2021-01-03,2.1617519855499268,0.7709189973499094
2021-01-04,2.4850969314575195,0.9103116654105978
2021-01-05,2.157217025756836,0.7688189769756726
2021-01-06,1.929216980934143,0.6571142112339372
2021-01-07,2.3727450370788574,0.864047528393723
2021-01-08,3.2198870182037354,1.1693462714263678
2021-01-09,3.3853819370269775,1.2194667322080195
2021-01-10,3.466110944747925,1.2430332002294566
2021-01-11,3.1080899238586426,1.1340083651173003
2021-01-12,3.6133980751037598,1.2846486246470148
2021-01-13,3.513782024383545,1.2566929572158683
2021-01-14,3.2781639099121094,1.1872834820953568
2021-01-15,3.2501609325408936,1.1787045128205753
2021-01-16,3.4470551013946533,1.237520272725982
2021-01-17,3.81813907623291,1.3397631511023889
2021-01-18,3.7955150604248047,1.3338201224354092
2021-01-19,3.6418659687042236,1.2924961790643077
2021-01-20,3.7235779762268066,1.3146850275974185
2021-01-21,2.9905359745025635,1.0954526270246903
2021-01-22,3.346229076385498,1.2078340629783368
2021-01-23,3.5041120052337646,1.2539371375272503
2021-01-24,3.634411096572876,1.2904470886646677
2021-01-25,3.6999809741973877,1.3083276775281438
2021-01-26,4.04734992980957,1.3980623286270728
2021-01-27,3.690587043762207,1.3057855358493546
2021-01-28,3.8220720291137695,1.3407926915624693
2021-01-29,3.8346760272979736,1.3440849533623584
2021-01-30,4.224276065826416,1.440847900761314
2021-01-31,4.264143943786621,1.4502414442174492
2021-02-01,4.611601829528809,1.5285752650998043
2021-02-02,5.267508029937744,1.6615573911255612
2021-02-03,5.71599006652832,1.7432675222299179
2021-02-04,6.426064968109131,1.860362370836946
2021-02-05,6.681719779968262,1.899375406504509
2021-02-06,6.110806941986084,1.8100588335279784
2021-02-07,6.700462818145752,1.902176601346378
2021-02-08,7.8832502365112305,2.064740285391178
2021-02-09,7.816792964935303,2.056274363654666
2021-02-10,9.072214126586914,2.205216349725689
2021-02-11,9.215352058410645,2.220870795319902
2021-02-12,9.2470121383667,2.224300487276234
2021-02-13,8.732455253601074,2.1670465735633138
2021-02-14,8.738896369934082,2.1677839082313595
2021-02-15,8.861739158630371,2.18174303865312
2021-02-16,8.297866821289062,2.1159984722867096
2021-02-17,8.222577095031738,2.106883675143138
2021-02-18,8.980451583862305,2.1950501687849457
2021-02-19,11.465653419494629,2.439355907227907
2021-02-20,10.002663612365723,2.302851418762762
2021-02-21,11.0855131149292,2.4056391311200334
2021-02-22,14.454785346984863,2.6710255256164297
2021-02-23,15.2015380859375,2.721396612597191
2021-02-24,17.30270767211914,2.8508630020961334
2021-02-25,13.816014289855957,2.6258283751414653
2021-02-26,13.58794116973877,2.6091827207142497
2021-02-27,13.201168060302734,2.5803053150942414
2021-02-28,13.08924674987793,2.5717910343301056
2021-03-01,14.955588340759277,2.7050850320475885
2021-03-02,13.958921432495117,2.6361188330668353
2021-03-03,14.115591049194336,2.647279934664711
2021-03-04,13.097983360290527,2.5724582763942707
2021-03-05,12.610443115234375,2.534525289346299
2021-03-06,13.036458015441895,2.5677498950191917
2021-03-07,13.877732276916504,2.6302855611049782
2021-03-08,13.602188110351562,2.61023067026755
2021-03-09,14.84631061553955,2.697751390983525
2021-03-10,14.231083869934082,2.6554285771515223
2021-03-11,15.992279052734375,2.7721060465665164
2021-03-12,14.552142143249512,2.6777382091209403
2021-03-13,15.308802604675293,2.7284279965963525
2021-03-14,14.50826644897461,2.6747185869105845
2021-03-15,14.186661720275879,2.6523022077004543
2021-03-16,13.622773170471191,2.611742890162384
2021-03-17,14.220203399658203,2.654663728046229
2021-03-18,14.230025291442871,2.6553541894327797
2021-03-19,14.204795837402344,2.6535796426159126
2021-03-20,14.211980819702148,2.654085328573163
2021-03-21,14.332205772399902,2.6625091568891714
2021-03-22,14.919293403625488,2.702655234647807
2021-03-23,14.20483112335205,2.6535821266998996
2021-03-24,13.661297798156738,2.6145668568154528
2021-03-25,13.02508544921875,2.566877148018583
2021-03-26,14.779420852661133,2.6932357302233054
2021-03-27,16.50832176208496,2.803864602982486
2021-03-28,18.016233444213867,2.8912732094784523
2021-03-29,18.854808807373047,2.936767990503674
2021-03-30,19.233924865722656,2.9566756399565013
2021-03-31,19.465229034423828,2.968629747467576
2021-04-01,19.084901809692383,2.9488975412896634
2021-04-02,19.810222625732422,2.986198098695391
2021-04-03,22.552276611328125,3.1158360192264865
2021-04-04,24.061323165893555,3.180605703460561
2021-04-05,22.984283447265625,3.1348106539741454
2021-04-06,24.95714569091797,3.2171601816303452
2021-04-07,26.47808074951172,3.276317249194013
2021-04-08,27.033987045288086,3.297094853860814
2021-04-09,27.778274536132812,3.324254223666904
2021-04-10,26.84140396118164,3.2899456192742464
2021-04-11,27.9318904876709,3.32976906429985
2021-04-12,28.512123107910156,3.350329369036869
2021-04-13,27.4355525970459,3.3118397123545966
2021-04-14,26.47511100769043,3.2762050844037196
2021-04-15,27.818313598632812,3.3256945663485444
2021-04-16,25.39736557006836,3.234645450931593
2021-04-17,25.09987449645996,3.2228628459842
2021-04-18,32.30291748046875,3.475157550622318
2021-04-19,31.67589569091797,3.455556003342301
2021-04-20,31.77005386352539,3.4585241437009944
2021-04-21,32.51304244995117,3.481641314986258
2021-04-22,38.8797607421875,3.6604738258229825
2021-04-23,36.97842025756836,3.6103345062138468
2021-04-24,40.7373161315918,3.7071445306608104
2021-04-25,47.36762619018555,3.8579390035876613
2021-04-26,43.97651672363281,3.783655780617415
2021-04-27,43.2390022277832,3.7667429172916163
2021-04-28,44.825984954833984,3.802787992586852
2021-04-29,42.460540771484375,3.748575192215778
2021-04-30,42.95600128173828,3.760176365834369
2021-05-01,49.50802230834961,3.9021347232785795
2021-05-02,46.890987396240234,3.847825490594441
2021-05-03,45.93368911743164,3.8271988155439685
2021-05-04,42.729557037353516,3.75489088305302
2021-05-05,44.92357635498047,3.804962742795895
2021-05-06,43.4556770324707,3.771741499850225
2021-05-07,43.1550178527832,3.7647986993613327
2021-05-08,45.56153106689453,3.8190637435212325
2021-05-09,44.330196380615234,3.791666078718168
2021-05-10,42.90963363647461,3.7590963610148664
2021-05-11,44.57746887207031,3.7972285491379023
2021-05-12,42.45730972290039,3.748499093996929
2021-05-13,40.99785232543945,3.713519683025952
2021-05-14,42.717864990234375,3.7546172165827003
2021-05-15,43.461307525634766,3.7718710601013217
2021-05-16,47.200828552246094,3.8544114465104493
2021-05-17,46.86320495605469,3.847232825022871
2021-05-18,55.91096115112305,4.023760445932161
2021-05-19,35.107181549072266,3.558405712081247
2021-05-20,44.74274826049805,3.800929381544601
2021-05-21,38.81285095214844,3.6587514018981873
2021-05-22,31.315582275390625,3.444115809941203
2021-05-23,24.68874740600586,3.2063475692230643
2021-05-24,31.283571243286133,3.4430930793419727
2021-05-25,29.99707794189453,3.4010999749814297
2021-05-26,35.539817810058594,3.570653696378492
2021-05-27,33.584590911865234,3.5140673579647332
2021-05-28,29.039276123046875,3.36864926275359
2021-05-29,27.376420974731445,3.309682094542251
2021-05-30,28.602659225463867,3.3534996934147667
2021-05-31,32.816246032714844,3.4909236986420846
2021-06-01,30.985260009765625,3.4335116078510466
2021-06-02,33.95631790161133,3.525074930995029
2021-06-03,39.47090530395508,3.675563825919321
2021-06-04,37.415069580078125,3.6220735532146264
2021-06-05,39.58539962768555,3.6784603540046867
2021-06-06,42.30837631225586,3.7449850880148823
2021-06-07,38.262332916259766,3.644465937486688
2021-06-08,41.51781463623047,3.7261226034702593
2021-06-09,42.031776428222656,3.738425913844118
2021-06-10,41.09867477416992,3.7159758770448703
2021-06-11,36.046085357666016,3.5847982685882838
2021-06-12,36.441688537597656,3.5957134087934475
2021-06-13,38.77043533325195,3.657657980230887
2021-06-14,38.71305465698242,3.6561768727906743
2021-06-15,41.153648376464844,3.7173125836173946
2021-06-16,39.703617095947266,3.6814422942719647
2021-06-17,39.264591217041016,3.670323125898864
2021-06-18,36.64879608154297,3.601380578721985
2021-06-19,35.35343551635742,3.5653955733730376
2021-06-20,35.32201385498047,3.5645063915220065
2021-06-21,26.657400131225586,3.2830667905363256
2021-06-22,26.7718563079834,3.287351197974007
2021-06-23,30.048887252807617,3.402825630438943
2021-06-24,31.181034088134766,3.43981002818984
2021-06-25,28.698862075805664,3.356857473052904
2021-06-26,29.712854385375977,3.3915797597628825
2021-06-27,31.929391860961914,3.46352696053723
2021-06-28,32.92778015136719,3.494316682982338
2021-06-29,33.86680221557617,3.5224352488966924
2021-06-30,35.55640411376953,3.5711202838725398
2021-07-01,33.40403366088867,3.5086766609808318
2021-07-02,34.02048110961914,3.5269627288318324
2021-07-03,34.478816986083984,3.5403451350585096
2021-07-04,34.31060028076172,3.535454352513337
2021-07-05,32.984588623046875,3.49604044095986
2021-07-06,34.26913833618164,3.5342451921849967
2021-07-07,36.59136962890625,3.599812410112642
2021-07-08,33.20372772216797,3.5026621504076187
2021-07-09,33.2646484375,3.504495224597495
2021-07-10,31.788644790649414,3.4591091439621033
2021-07-11,32.17784118652344,3.4712780537490597
2021-07-12,30.848087310791016,3.429074748779129
2021-07-13,29.12118911743164,3.3714660575713924
2021-07-14,31.2810001373291,3.443010888865742
2021-07-15,28.45210075378418,3.348221998049597
2021-07-16,26.37000846862793,3.2722273215114437
2021-07-17,26.721668243408203,3.285474780978797
2021-07-18,26.751909255981445,3.28660584485039
2021-07-19,24.44757652282715,3.196531091287426
2021-07-20,23.48955535888672,3.156555869538355
2021-07-21,26.623079299926758,3.2817784824575615
2021-07-22,27.70208168029785,3.321507561282884
2021-07-23,28.513879776000977,3.350390978408122
2021-07-24,28.702619552612305,3.3569883922105777
2021-07-25,28.168773651123047,3.3382140470792083
2021-07-26,28.306642532348633,3.3430964955646734
2021-07-27,28.065326690673828,3.334534888827885
2021-07-28,27.815410614013672,3.325590205741274
2021-07-29,31.281137466430664,3.443015279032281
2021-07-30,32.393943786621094,3.477971485160517
2021-07-31,36.82731246948242,3.606239756561276
2021-08-01,34.25436019897461,3.533813861685181
2021-08-02,33.22241973876953,3.503224941350927
2021-08-03,33.99644088745117,3.526255839356003
2021-08-04,35.76362609863281,3.576931346133062
2021-08-05,37.35513687133789,3.6204704354911335
2021-08-06,39.446102142333984,3.674935237399801
2021-08-07,39.403472900390625,3.673853957099339
2021-08-08,37.673824310302734,3.6289655379288304
2021-08-09,38.767784118652344,3.657589595513792
2021-08-10,40.63979721069336,3.7047478133634204
2021-08-11,41.74411392211914,3.7315584574563623
2021-08-12,41.099361419677734,3.7159925841473664
2021-08-13,44.894500732421875,3.804315309127371
2021-08-14,44.112850189208984,3.7867511275181127
2021-08-15,53.74515914916992,3.9842536006108915
2021-08-16,62.432464599609375,4.1340854061033205
2021-08-17,64.21070861816406,4.162169997692174
2021-08-18,72.5433120727539,4.284183791383622
2021-08-19,72.75760650634766,4.287133457374206
2021-08-20,78.72461700439453,4.365955901994556
2021-08-21,73.75621032714844,4.300765199500391
2021-08-22,72.80391693115234,4.287769757754602
2021-08-23,75.70803833007812,4.326884341464891
2021-08-24,70.67090606689453,4.258033975717143
2021-08-25,71.95156860351562,4.275993234395463
2021-08-26,75.31620788574219,4.321695355810709
2021-08-27,88.08698272705078,4.478324766373101
2021-08-28,96.70317077636719,4.57164619174967
2021-08-29,94.46967315673828,4.548278864017869
2021-08-30,110.54480743408203,4.705420935907074
2021-08-31,108.48377227783203,4.686600597535052
2021-09-01,111.03300476074219,4.709827497302368
2021-09-02,128.10238647460938,4.852829838507528
2021-09-03,146.5830535888672,4.987592186514767
2021-09-04,139.11306762695312,4.935287038635926
2021-09-05,142.0708770751953,4.956326067407517
2021-09-06,164.38092041015625,5.102186419987779
2021-09-07,173.14892578125,5.154152066851421
2021-09-08,191.04139709472656,5.252490143278034
2021-09-09,188.19580078125,5.237482914369141
2021-09-10,179.865234375,5.192207872559286
2021-09-11,178.8678741455078,5.186647400020948
2021-09-12,174.53762817382812,5.162140352630734
2021-09-13,169.26954650878906,5.131492394097689
2021-09-14,158.09481811523438,5.063194967683559
2021-09-15,159.1173858642578,5.069642205704491
2021-09-16,152.47406005859375,5.0269944836027305
2021-09-17,147.5930633544922,4.994458914818736
2021-09-18,169.18421936035156,5.130988176630786
2021-09-19,152.51669311523438,5.027274053107541
2021-09-20,132.13446044921875,4.883820043891746
2021-09-21,123.95039367675781,4.819881434569401
2021-09-22,147.92425537109375,4.996700354722768
2021-09-23,149.75357055664062,5.008991080161329
2021-09-24,139.39564514160156,4.937316257821238
2021-09-25,136.17892456054688,4.913969642832765
2021-09-26,135.69937133789062,4.9104419340953145
2021-09-27,136.72842407226562,4.917996652417265
2021-09-28,131.53721618652344,4.879289824402518
2021-09-29,135.35145568847656,4.907874770996761
2021-09-30,141.0690460205078,4.949249458608791
2021-10-01,161.682373046875,5.085633750417608
2021-10-02,169.093017578125,5.130448963379183
2021-10-03,172.5891571044922,5.150913955728687
2021-10-04,166.73191833496094,5.1163872431438016
2021-10-05,164.11582946777344,5.1005724557703225
2021-10-06,154.1077423095703,5.037651983176699
2021-10-07,154.28118896484375,5.038776839849376
2021-10-08,158.94920349121094,5.06858467627921
2021-10-09,156.82583618164062,5.055135865909549
2021-10-10,148.0487060546875,4.99754131458835
2021-10-11,144.85813903808594,4.9757549120609275
2021-10-12,152.73712158203125,5.0287182840687805
2021-10-13,148.17604064941406,4.998401030759846
2021-10-14,149.75680541992188,5.009012681171116
2021-10-15,162.59620666503906,5.091269867598277
2021-10-16,157.538818359375,5.059671893671798
2021-10-17,159.74380493164062,5.0735713127350515
2021-10-18,157.2312774658203,5.057717826271542
2021-10-19,156.01702880859375,5.0499651603215705
2021-10-20,175.94686889648438,5.170182068192854
2021-10-21,190.3184356689453,5.248698646482913
2021-10-22,196.43153381347656,5.280313942163882
2021-10-23,197.703857421875,5.286770241477752
2021-10-24,202.3619842529297,5.310058094934713
2021-10-25,210.1042938232422,5.347604044687539
2021-10-26,199.8072509765625,5.297353156729931
2021-10-27,183.77459716796875,5.213709991272815
2021-10-28,194.86398315429688,5.272301792896237
2021-10-29,200.18275451660156,5.2992307218950305
2021-10-30,195.4160614013672,5.2751309337811465
2021-10-31,202.4210205078125,5.310349788284518
2021-11-01,203.5450897216797,5.315887551453301
2021-11-02,220.23959350585938,5.3947160151454865
2021-11-03,242.89881896972656,5.4926449737885115
2021-11-04,247.3877716064453,5.51095703111532
2021-11-05,236.47433471679688,5.465839680761085
2021-11-06,258.934326171875,5.5565744626420575
2021-11-07,249.823486328125,5.520754613800747
2021-11-08,248.46717834472656,5.5153107577178035
2021-11-09,239.213134765625,5.47735493179644
2021-11-10,233.77952575683594,5.454378473590159
2021-11-11,234.24075317382812,5.456349446161511
2021-11-12,228.50209045410156,5.431545358888042
2021-11-13,241.8250274658203,5.488214437645862
2021-11-14,238.42552185058594,5.474056984203635
2021-11-15,237.55360412597656,5.4703932995909845
2021-11-16,219.23902893066406,5.3901625909155255
2021-11-17,218.71524047851562,5.387770611942032
2021-11-18,195.48741149902344,5.275495986042868
2021-11-19,215.28001403808594,5.3719395716271485
2021-11-20,218.01527404785156,5.384565124774377
2021-11-21,231.28262329101562,5.443640440133455
2021-11-22,215.73727416992188,5.374061344075222
2021-11-23,221.83689880371094,5.401942421781893
2021-11-24,214.92153930664062,5.370273028065759
2021-11-25,206.25299072265625,5.329103525583144
2021-11-26,191.51174926757812,5.254949160616321
2021-11-27,193.10215759277344,5.263219362819863
2021-11-28,200.67665100097656,5.301694911221752
2021-11-29,204.31936645507812,5.3196842915309785
2021-11-30,208.67098999023438,5.340758801020398
2021-12-01,229.7992401123047,5.437206058674222
2021-12-02,233.9930419921875,5.455291379839483
2021-12-03,211.22439575195312,5.35292105535049
2021-12-04,201.1248321533203,5.303925770773083
2021-12-05,196.1682586669922,5.2789727535489535
2021-12-06,194.19921875,5.268884532934612
2021-12-07,190.59690856933594,5.250160771620233
2021-12-08,194.6217041015625,5.271057695400944
2021-12-09,181.17808532714844,5.199480444391663
2021-12-10,167.954833984375,5.123695097926773
2021-12-11,171.94949340820312,5.147200790716349
2021-12-12,173.43167114257812,5.155783695549421
2021-12-13,155.2130584716797,5.044798743846689
2021-12-14,153.34144592285156,5.032667107607952
2021-12-15,178.34078979492188,5.183696269287943
2021-12-16,176.9546661376953,5.175893576252754
2021-12-17,175.5032958984375,5.167657822777654
2021-12-18,182.8351287841797,5.208584811149439
2021-12-19,180.09805297851562,5.193501441343438
2021-12-20,173.67178344726562,5.157167215879242
2021-12-21,180.09254455566406,5.193470855187721
2021-12-22,178.5971221923828,5.185132555168027
2021-12-23,190.03631591796875,5.247215190306612
2021-12-24,190.273193359375,5.248460899216117
2021-12-25,193.1209259033203,5.263316551783256
2021-12-26,198.000732421875,5.288270729788072
2021-12-27,195.42950439453125,5.275199723064412
2021-12-28,177.42562866210938,5.178551527660282
2021-12-29,170.65756225585938,5.139658988791367
2021-12-30,172.75119018554688,5.151852352265417
2021-12-31,170.299072265625,5.137556140006271
2022-01-01,178.5179443359375,5.18468912465969
2022-01-02,176.38284301757812,5.172656877037342
2022-01-03,170.29774475097656,5.137548344779879
2022-01-04,167.93890380859375,5.123600245454096
2022-01-05,155.0997314453125,5.044068338687199
2022-01-06,150.4313507080078,5.013506838649731
2022-01-07,136.40281677246094,4.91561239602063
2022-01-08,142.51345825195312,4.959436439122519
2022-01-09,140.83900451660156,4.947617426075288
2022-01-10,135.95494079589844,4.912323513161007
2022-01-11,140.18385314941406,4.9429547978496
2022-01-12,151.70310974121094,5.021925385427246
2022-01-13,146.01004028320312,4.983675388406888
2022-01-14,146.15902709960938,4.984695255640984
2022-01-15,147.80117797851562,4.99586797856702
2022-01-16,147.8565216064453,4.99624235493979
2022-01-17,139.92601013183594,4.941113783846138
2022-01-18,141.58718872070312,4.95291570203022
2022-01-19,135.79238891601562,4.911127167280127
2022-01-20,127.20528411865234,4.845802191856489
2022-01-21,111.96605682373047,4.7181957612880625
2022-01-22,94.1783676147461,4.545190512054729
2022-01-23,99.5782241821289,4.600943507977388
2022-01-24,91.65016174316406,4.517978739075908
2022-01-25,94.72035217285156,4.550928889169868
2022-01-26,92.23804473876953,4.524372678194605
2022-01-27,89.63249206542969,4.495717888903642
2022-01-28,91.31289672851562,4.514292034235395
2022-01-29,96.2234878540039,4.566673484356843
2022-01-30,93.29767608642578,4.535795199573377
2022-01-31,99.73883819580078,4.60255515172249
2022-02-01,109.9789810180664,4.700289265880049
2022-02-02,101.83760070800781,4.6233793945451485
2022-02-03,101.45903778076172,4.619655148363647
2022-02-04,112.17424774169922,4.720053445725893
2022-02-05,113.89430236816406,4.73527084609539
2022-02-06,115.29975891113281,4.7475353363026
2022-02-07,117.35514831542969,4.765204792791288
2022-02-08,113.5954818725586,4.73264373324751
2022-02-09,114.01937866210938,4.736368422212245
2022-02-10,106.20280456542969,4.665350516796524
2022-02-11,96.38188171386719,4.568318234925594
2022-02-12,95.91820526123047,4.563495799756371
2022-02-13,93.24410247802734,4.535220812320466
2022-02-14,96.43327331542969,4.568851300936631
2022-02-15,104.87330627441406,4.652753014710966
2022-02-16,101.93289947509766,4.624314748523788
2022-02-17,93.4104232788086,4.537002937282355
2022-02-18,90.06546020507812,4.500536741561886
2022-02-19,91.49665069580078,4.51630236719404
2022-02-20,90.90141296386719,4.509775545219579
2022-02-21,83.12316131591797,4.420323379223625
2022-02-22,86.46538543701172,4.459744165490863
2022-02-23,84.90278625488281,4.441506910857514
2022-02-24,89.19474792480469,4.490822158085718
2022-02-25,92.59882354736328,4.528276436899326
2022-02-26,90.14156341552734,4.501381361415701
2022-02-27,85.51905059814453,4.448739165136745
2022-02-28,99.52034759521484,4.600362121701961
2022-03-01,98.65355682373047,4.591614286798188
2022-03-02,100.6496353149414,4.611645528780095
2022-03-03,95.53919982910156,4.559536632681836
2022-03-04,88.24597930908203,4.480128134538476
2022-03-05,89.64784240722656,4.4958891329152015
2022-03-06,84.54218292236328,4.437250615982989
2022-03-07,82.13006591796875,4.408304160357024
2022-03-08,82.2547607421875,4.409821269334402
2022-03-09,88.20206451416016,4.4796303699288265
2022-03-10,82.9390869140625,4.418106445763936
2022-03-11,80.7449951171875,4.3912959802090175
2022-03-12,81.55381774902344,4.401263142796791
2022-03-13,78.93607330322266,4.368638326195645
2022-03-14,81.17333984375,4.396586866209093
2022-03-15,82.95508575439453,4.418299325840725
2022-03-16,87.90362548828125,4.4762410494410245
2022-03-17,87.87684631347656,4.475936360589784
2022-03-18,89.82203674316406,4.497830343233763
2022-03-19,92.41815185546875,4.526323408006388
2022-03-20,88.61486053466797,4.484299569671502
2022-03-21,88.7572021484375,4.485904576031273
2022-03-22,90.51296997070312,4.50549315503073
2022-03-23,95.1026840209961,4.554957192297097
2022-03-24,102.22369384765625,4.627163488939008
2022-03-25,98.6581039428711,4.591660377527177
2022-03-26,101.7641830444336,4.622658205708752
2022-03-27,107.08422088623047,4.673615635938695
2022-03-28,106.46525573730469,4.667818694714138
2022-03-29,111.71031188964844,4.715909019537041
2022-03-30,120.6994857788086,4.793303867769709
2022-03-31,122.66146087646484,4.809428210093202
2022-04-01,134.43093872070312,4.901050600412123
2022-04-02,132.19886779785156,4.88430736306814
2022-04-03,136.77532958984375,4.918339649669843
2022-04-04,132.41262817382812,4.88592301791103
2022-04-05,126.86223602294922,4.843101741960469
2022-04-06,112.88338470458984,4.726355292075438
2022-04-07,118.79651641845703,4.777412083421654
2022-04-08,109.8008804321289,4.698668547550832
2022-04-09,112.97279357910156,4.727147024937135
2022-04-10,111.74243927001953,4.716196573665829
2022-04-11,99.33910369873047,4.598539287076899
2022-04-12,103.30638885498047,4.6376992217927855
2022-04-13,105.00194549560547,4.653978878515448
2022-04-14,100.70780181884766,4.612223272580891
2022-04-15,101.30977630615234,4.6181829150496485
2022-04-16,102.25731658935547,4.627492348249028
2022-04-17,100.40969848632812,4.609258801061701
2022-04-18,102.15853118896484,4.626525834065766
2022-04-19,108.58203125,4.687505935707002
2022-04-20,105.49700164794922,4.6586825321136685
2022-04-21,101.77613830566406,4.622775678857708
2022-04-22,100.61205291748047,4.611272060801884
2022-04-23,100.74443817138672,4.612586995048756
2022-04-24,99.23579406738281,4.597498776500481
2022-04-25,101.24763488769531,4.6175693465799466
2022-04-26,95.78215026855469,4.56207634474134
2022-04-27,98.37886810302734,4.588826025944504
2022-04-28,98.18572998046875,4.586860888919871
2022-04-29,94.01134490966797,4.543415465515871
2022-04-30,85.09593200683594,4.443779231931886
2022-05-01,89.6715087890625,4.496153090840718
2022-05-02,87.58101654052734,4.47256426829981
2022-05-03,85.84237670898438,4.4525127856020585
2022-05-04,92.7708511352539,4.530132486305145
2022-05-05,84.59602355957031,4.437887262665551
2022-05-06,81.76410675048828,4.403838354529661
2022-05-07,78.9834213256836,4.369237973807119
2022-05-08,75.22018432617188,4.320419603533363
2022-05-09,63.2696533203125,4.1474058037746095
2022-05-10,66.76615142822266,4.201196236972728
2022-05-11,50.21084976196289,3.916231134061197
2022-05-12,44.683589935302734,3.79960631867479
2022-05-13,48.59355163574219,3.8834908397112247
2022-05-14,52.4172248840332,3.9592352564716293
2022-05-15,58.81126022338867,4.074333336968487
2022-05-16,53.646461486816406,3.982415511390203
2022-05-17,57.12562561035156,4.045252800757929
2022-05-18,49.75621032714844,3.90713528651035
2022-05-19,52.2139778137207,3.955350233252687
2022-05-20,49.538509368896484,3.902750334163553
2022-05-21,50.3179817199707,3.918362502684199
2022-05-22,52.75518035888672,3.965661973389969
2022-05-23,49.05685043334961,3.892979838509245
2022-05-24,49.65333557128906,3.9050655699322574
2022-05-25,47.982425689697266,3.870834812400761
2022-05-26,43.4912109375,3.7725588702665167
2022-05-27,40.981346130371094,3.7131169907429746
2022-05-28,44.343162536621094,3.79195852633167
2022-05-29,44.90961456298828,3.8046519046310268
2022-05-30,47.179443359375,3.8539582756770976
2022-05-31,45.76784133911133,3.8235816903265736
2022-06-01,40.26966857910156,3.695598544859334
2022-06-02,40.8913459777832,3.7109184508752278
2022-06-03,38.259220123291016,3.644384580199837
2022-06-04,38.93144607543945,3.6618023064613703
2022-06-05,38.480533599853516,3.650152492641421
2022-06-06,42.43313217163086,3.747929476231167
2022-06-07,39.43757247924805,3.6747189781253673
2022-06-08,38.84336853027344,3.659537368042287
2022-06-09,39.97260665893555,3.6881943859817286
2022-06-10,37.08976745605469,3.613341121761022
2022-06-11,33.82111740112305,3.5210853825793693
2022-06-12,30.743270874023438,3.4256711369399206
2022-06-13,28.19236183166504,3.339051084222522
2022-06-14,29.714618682861328,3.3916391362564395
2022-06-15,34.48794174194336,3.540609748216527
2022-06-16,29.989742279052734,3.40085539916123
2022-06-17,30.742919921875,3.425659721298656
2022-06-18,31.80793571472168,3.4597158094309264
2022-06-19,34.24374771118164,3.533503999465576
2022-06-20,35.4171142578125,3.5671951569242064
2022-06-21,36.121158599853516,3.5868788044422524
2022-06-22,34.12163543701172,3.5299316533918885
2022-06-23,38.17523193359375,3.642186926622422
2022-06-24,42.2120475769043,3.7427056679025017
2022-06-25,42.33281326293945,3.7455625125876044
2022-06-26,39.40808868408203,3.6739710917837405
2022-06-27,38.45125198364258,3.649391256764654
2022-06-28,35.326438903808594,3.564631661040619
2022-06-29,33.8739013671875,3.522644846708993
2022-06-30,33.588417053222656,3.5141812769770704
2022-07-01,32.803070068359375,3.4905221106550273
2022-07-02,33.35940933227539,3.5073398714667507
2022-07-03,33.38593292236328,3.508134641276541
2022-07-04,36.785030364990234,3.605090978855961
2022-07-05,35.39555358886719,3.566586207416521
2022-07-06,37.07356262207031,3.612904117807041
2022-07-07,38.518306732177734,3.651133627816742
2022-07-08,38.286720275878906,3.6451031069728477
2022-07-09,38.07196044921875,3.6394780649765686
2022-07-10,36.697608947753906,3.6027116016507277
2022-07-11,33.463600158691406,3.510458285666991
2022-07-12,32.75759506225586,3.4891348454921136
2022-07-13,34.91093826293945,3.552800197379649
2022-07-14,37.10782241821289,3.6138277942404153
2022-07-15,37.41592788696289,3.622096493090182
2022-07-16,39.57412338256836,3.678175454733831
2022-07-17,38.64472198486328,3.6544102064551534
2022-07-18,43.746158599853516,3.778403805516757
2022-07-19,44.89987564086914,3.8044350250532624
2022-07-20,42.09366989135742,3.7398973705081864
2022-07-21,43.19059371948242,3.7656227335667665
2022-07-22,40.61850357055664,3.704223715753222
2022-07-23,40.040977478027344,3.6899033666871843
2022-07-24,41.00658416748047,3.7137326432619453
2022-07-25,36.711997985839844,3.603103622228722
2022-07-26,36.190853118896484,3.5888064106301196
2022-07-27,40.3078498840332,3.6965462361885657
2022-07-28,42.84526824951172,3.7575952130306858
2022-07-29,41.926998138427734,3.7359299664048904
2022-07-30,43.755889892578125,3.7786262298584123
2022-07-31,42.400203704833984,3.7471531665856634
2022-08-01,41.78648376464844,3.7325729323275216
2022-08-02,39.7545051574707,3.6827231719730156
2022-08-03,38.54441833496094,3.651811299252828
2022-08-04,38.83067321777344,3.659210481161488
2022-08-05,40.561031341552734,3.7028077865127282
2022-08-06,40.0570068359375,3.6903036104201927
2022-08-07,40.6055908203125,3.7039057620610385
2022-08-08,42.17055130004883,3.741722140949012
2022-08-09,40.372623443603516,3.698151917732449
2022-08-10,42.365867614746094,3.746343028957923
2022-08-11,42.8217887878418,3.7570470568766208
2022-08-12,45.33475875854492,3.814074039776812
2022-08-13,46.485347747802734,3.8391371607403912
2022-08-14,44.916568756103516,3.8048067412916122
2022-08-15,43.82322311401367,3.7801638849542636
2022-08-16,43.15880584716797,3.7648864719619386
2022-08-17,40.403053283691406,3.698905358440353
2022-08-18,39.545230865478516,3.677445101999061
2022-08-19,35.8902587890625,3.5804659157510312
2022-08-20,35.26973342895508,3.563025186208485
2022-08-21,36.533199310302734,3.598221417325465
2022-08-22,35.47438049316406,3.5688107596988115
2022-08-23,35.6462516784668,3.5736439990734743
2022-08-24,34.957916259765625,3.5541449454573573
2022-08-25,35.316463470458984,3.5643492424796417
2022-08-26,31.726362228393555,3.457147951319861
2022-08-27,31.54243278503418,3.4513337118841187
2022-08-28,30.39228630065918,3.4141888361048123
2022-08-29,32.46529769897461,3.4801717557620733
2022-08-30,31.41205596923828,3.447191767289924
2022-08-31,31.47295570373535,3.4491286279794693
2022-09-01,31.585678100585938,3.4527037931905227
2022-09-02,31.227930068969727,3.4413128888860522
2022-09-03,31.10948371887207,3.43751271542861
2022-09-04,32.106956481933594,3.4690727194899584
2022-09-05,32.19464874267578,3.4718002506239287
2022-09-06,30.891742706298828,3.4304889218590096
2022-09-07,32.71091842651367,3.4877089190073454
2022-09-08,33.608646392822266,3.5147833669843807
2022-09-09,34.73976516723633,3.5478850010674963
2022-09-10,35.12672805786133,3.5589623238205936
2022-09-11,34.96596145629883,3.55437505845542
2022-09-12,37.4241828918457,3.622317096850128
2022-09-13,33.430816650390625,3.509478128802212
2022-09-14,34.09157180786133,3.5290501926803572
2022-09-15,33.04768371582031,3.4979514796002373
2022-09-16,32.208858489990234,3.47224152309978
2022-09-17,33.75077819824219,3.519003474778408
2022-09-18,31.05985450744629,3.4359161334676602
2022-09-19,32.685302734375,3.486925519202463
2022-09-20,31.433040618896484,3.4478595886977144
2022-09-21,30.826377868652344,3.4283707477643772
2022-09-22,32.408905029296875,3.478433231618118
2022-09-23,33.6766357421875,3.5168042954949787
2022-09-24,33.462650299072266,3.5104299004037283
2022-09-25,32.33536148071289,3.476161414075682
2022-09-26,33.88055419921875,3.5228412273601846
2022-09-27,32.75012969970703,3.488906922369817
2022-09-28,33.23543930053711,3.5036167554154285
2022-09-29,33.952449798583984,3.524961010417097
2022-09-30,33.21244430541992,3.502924634168302
2022-10-01,32.46939468383789,3.4802979436200077
2022-10-02,32.05569839477539,3.467474964591534
2022-10-03,32.967620849609375,3.4955258934125517
2022-10-04,34.12247085571289,3.529956136640233
2022-10-05,34.073883056640625,3.528531198076627
2022-10-06,33.34281921386719,3.5068424332518093
2022-10-07,33.00146484375,3.496551949685854
2022-10-08,32.57793426513672,3.4836351961648444
2022-10-09,32.913883209228516,3.493894550805363
2022-10-10,31.970834732055664,3.464824072585622
2022-10-11,30.77686882019043,3.4267633954970136
2022-10-12,31.165485382080078,3.439311244728977
2022-10-13,30.544519424438477,3.41918527261533
2022-10-14,30.007417678833008,3.4014446070605384
2022-10-15,29.575347900390625,3.3869411731220804
2022-10-16,30.168840408325195,3.4068096171762736
2022-10-17,31.224876403808594,3.4412150977590867
2022-10-18,30.164331436157227,3.406660148085274
2022-10-19,28.900798797607422,3.3638692347920274
2022-10-20,28.08509635925293,3.335239056964906
2022-10-21,28.10867691040039,3.3360783155218425
2022-10-22,28.01386260986328,3.3326994808664008
2022-10-23,29.270071029663086,3.376565527406114
2022-10-24,28.3100643157959,3.3432173709614217
2022-10-25,30.93997573852539,3.4320490609986978
2022-10-26,31.28472137451172,3.4431298433698085
2022-10-27,30.630624771118164,3.4220003179960523
2022-10-28,32.111263275146484,3.4692068494373673
2022-10-29,32.85712814331055,3.492168712055494
2022-10-30,32.9659309387207,3.4954746323825234
2022-10-31,32.61103820800781,3.48465082639986
2022-11-01,32.2484245300293,3.473469190266457
2022-11-02,30.788076400756836,3.4271274851798674
2022-11-03,30.84387969970703,3.4289383416812713
2022-11-04,33.780853271484375,3.519894170725654
2022-11-05,36.76576232910156,3.6045670406188957
2022-11-06,32.6835823059082,3.4868728816680723
2022-11-07,29.60134506225586,3.3878198015900183
2022-11-08,24.152936935424805,3.1844059849373245
2022-11-09,13.94085693359375,2.6348238764411076
2022-11-10,17.681407928466797,2.872513688001936
2022-11-11,16.326745986938477,2.792804621170273
2022-11-12,14.53900146484375,2.676834794702
2022-11-13,13.164528846740723,2.5775260039858443
2022-11-14,14.00135612487793,2.639154190986754
2022-11-15,14.301294326782227,2.660350045532258
2022-11-16,14.285508155822754,2.6592456077362705
2022-11-17,13.638734817504883,2.6129138927983844
2022-11-18,13.247496604919434,2.5838085991038966
2022-11-19,12.851014137268066,2.553422729415292
2022-11-20,12.252833366394043,2.5057572054619617
2022-11-21,11.846208572387695,2.4720078646884347
2022-11-22,12.435625076293945,2.5205653434864868
2022-11-23,14.35151195526123,2.6638552993913414
2022-11-24,14.582350730895996,2.6798119434126377
2022-11-25,14.063138008117676,2.6435570484016218
2022-11-26,14.159193992614746,2.6503641652199756
2022-11-27,14.115766525268555,2.6472923659531293
2022-11-28,13.404518127441406,2.5955918238162483
2022-11-29,13.369733810424805,2.5929934814485507
2022-11-30,14.115445137023926,2.6472695976604688
2022-12-01,13.480968475341797,2.601278948255173
2022-12-02,13.7156400680542,2.618536792498858
2022-12-03,13.302457809448242,2.587948815857591
2022-12-04,13.718218803405762,2.6187247890451144
2022-12-05,13.8311128616333,2.6269206096579585
2022-12-06,14.288854598999023,2.6594798347054094
2022-12-07,13.5196533203125,2.604144428297336
2022-12-08,13.68922233581543,2.6166088324140815
2022-12-09,13.580187797546387,2.6086119510147823
2022-12-10,13.576995849609375,2.608376878925336
2022-12-11,13.427809715270996,2.5973279082749783
2022-12-12,13.318544387817383,2.5891573789468376
2022-12-13,13.833986282348633,2.6271283385882405
2022-12-14,14.140525817871094,2.6490448463308494
2022-12-15,14.02151107788086,2.6405926559612656
2022-12-16,12.266606330871582,2.5068806378157316
2022-12-17,12.504404067993164,2.5260809076956754
2022-12-18,12.41312026977539,2.518753999504466
2022-12-19,11.932655334472656,2.4792787875774964
2022-12-20,12.28051471710205,2.5080138369140412
2022-12-21,12.128985404968262,2.495598076009032
2022-12-22,11.794829368591309,2.467661246336288
2022-12-23,11.786166191101074,2.4669264870375933
2022-12-24,11.444275856018066,2.437489679757366
2022-12-25,11.387903213500977,2.432551670389595
2022-12-26,11.306611061096191,2.4253876042979976
2022-12-27,11.085430145263672,2.405631646579159
2022-12-28,9.755906105041504,2.2778728559778707
2022-12-29,9.651782989501953,2.267142664035303
2022-12-30,9.880176544189453,2.290530380445217
2022-12-31,9.961038589477539,2.298681342212099
2023-01-01,9.982172966003418,2.3008007986876575
2023-01-02,11.272967338562012,2.4224075887426655
2023-01-03,13.344045639038086,2.5910702658022453
2023-01-04,13.435112953186035,2.5978716494147727
2023-01-05,13.419329643249512,2.596696178228044
2023-01-06,13.52584171295166,2.6046020566557413
2023-01-07,13.092267990112305,2.57202182619053
2023-01-08,14.31993293762207,2.661652478394583
2023-01-09,16.30246353149414,2.791316233294167
2023-01-10,16.19672393798828,2.7848089957377873
2023-01-11,16.35941505432129,2.794803575909551
2023-01-12,16.619043350219727,2.8105492276154016
2023-01-13,18.28844451904297,2.906269413353892
2023-01-14,24.24945831298828,3.1883942795252733
2023-01-15,22.873306274414062,3.1299705657717274
2023-01-16,23.577564239501953,3.1602955920426017
2023-01-17,22.884063720703125,3.130440760911369
2023-01-18,20.85063362121582,3.037384337289813
2023-01-19,21.42676544189453,3.064640862110981
2023-01-20,25.54827117919922,3.240569650141178
2023-01-21,24.627838134765625,3.203877434620577
2023-01-22,24.232789993286133,3.187706674435114
2023-01-23,24.357807159423828,3.1928524207037756
2023-01-24,22.795673370361328,3.1265707534950056
2023-01-25,24.57144546508789,3.2015850152905503
2023-01-26,24.350696563720703,3.192560455432411
2023-01-27,24.40785789489746,3.1949051253266836
2023-01-28,23.981801986694336,3.1772952921761917
2023-01-29,26.132387161254883,3.263175432468589
2023-01-30,23.946321487426758,3.1758147207213914
2023-01-31,23.952547073364258,3.1760746678207536
2023-02-01,24.993358612060547,3.218610134057945
2023-02-02,24.265058517456055,3.189037394453532
2023-02-03,24.680896759033203,3.2060295338322247
2023-02-04,24.317745208740234,3.1912063393434034
2023-02-05,23.493438720703125,3.1567211787912597
2023-02-06,22.706388473510742,3.122646315444342
2023-02-07,23.861356735229492,3.1722602773846647
2023-02-08,23.192670822143555,3.1438363159226514
2023-02-09,20.45212745666504,3.018086909188606
2023-02-10,20.130109786987305,3.0022166935358494
2023-02-11,20.830095291137695,3.036398829968979
2023-02-12,21.489978790283203,3.0675867236964263
2023-02-13,20.79010009765625,3.0344769165604113
2023-02-14,21.824953079223633,3.083053951859604
2023-02-15,23.883901596069336,3.173204658598773
2023-02-16,22.285951614379883,3.1039565075007194
2023-02-17,23.166757583618164,3.1427183883676624
2023-02-18,23.478591918945312,3.156089023781137
2023-02-19,24.84075164794922,3.2124855161867423
2023-02-20,26.181386947631836,3.265048736451758
2023-02-21,24.948558807373047,3.2168160572976268
2023-02-22,24.18134880065918,3.1855816252958857
2023-02-23,23.900800704956055,3.173911960675692
2023-02-24,23.053035736083984,3.137797462986907
2023-02-25,22.523399353027344,3.1145547400605698
2023-02-26,23.256088256835938,3.1465669582629587
2023-02-27,22.692588806152344,3.122038386869282
2023-02-28,21.9163875579834,3.0872346473117185
2023-03-01,22.506431579589844,3.1138011163453947
2023-03-02,21.984878540039062,3.0903548779433736
2023-03-03,21.39935302734375,3.063360689203684
2023-03-04,20.966838836669922,3.0429420866104486
2023-03-05,20.97858428955078,3.0435021216422804
2023-03-06,20.635011672973633,3.0269892288924702
2023-03-07,20.244731903076172,3.0078946067723935
2023-03-08,18.421194076538086,2.913501853728179
2023-03-09,17.308147430419922,2.851177340376968
2023-03-10,18.243642807006836,2.903816680002168
2023-03-11,18.22584342956543,2.902840555538048
2023-03-12,20.310531616210938,3.011139550346282
2023-03-13,20.433712005615234,3.0171860861879134
2023-03-14,20.92803382873535,3.0410895917077014
2023-03-15,19.29098129272461,2.959637696164191
2023-03-16,19.73054313659668,2.982167848119722
2023-03-17,21.62910270690918,3.0740397553739887
2023-03-18,21.19590187072754,3.0538078550070202
2023-03-19,21.90340232849121,3.086641982221086
2023-03-20,22.176464080810547,3.0990315499535006
2023-03-21,22.618267059326172,3.1187578567596645
2023-03-22,21.480485916137695,3.067144891178915
2023-03-23,22.216777801513672,3.1008477602627913
2023-03-24,20.678855895996094,3.029111723931651
2023-03-25,20.446645736694336,3.01781884638009
2023-03-26,20.97551918029785,3.0433560043853314
2023-03-27,19.921674728393555,2.9918083213330595
2023-03-28,20.4706974029541,3.0189944686069685
2023-03-29,21.111467361450195,3.0498163696979472
2023-03-30,20.55104637145996,3.0229118579651697
2023-03-31,21.170495986938477,3.0526085136365415
2023-04-01,20.97564125061035,3.043361824024705
2023-04-02,20.536975860595703,3.0222269619468207
2023-04-03,20.443050384521484,3.0176429902342554
2023-04-04,20.924619674682617,3.040926440567952
2023-04-05,20.966007232666016,3.0429024230015136
2023-04-06,20.61012840270996,3.0257826249998923
2023-04-07,20.469940185546875,3.0189574776145505
2023-04-08,20.036449432373047,2.9975530864862097
2023-04-09,20.29946517944336,3.010594539860455
2023-04-10,20.882356643676758,3.0389046227220144
2023-04-11,23.018827438354492,3.13631246534805
2023-04-12,23.985305786132812,3.1774413839297866
2023-04-13,24.432308197021484,3.1959063628786026
2023-04-14,24.772722244262695,3.2097431383210164
2023-04-15,24.079378128051758,3.181355794860123
2023-04-16,25.361927032470703,3.2332491137669597
2023-04-17,24.55884552001953,3.2010720956602383
2023-04-18,24.852689743041992,3.2129659858418225
2023-04-19,22.71283531188965,3.122930196932615
2023-04-20,22.181440353393555,3.099255919101113
2023-04-21,21.278135299682617,3.057680033739369
2023-04-22,21.816287994384766,3.0826568465188955
2023-04-23,21.480138778686523,3.067128730452499
2023-04-24,21.391069412231445,3.0629735177413093
2023-04-25,21.92725372314453,3.0877303253651873
2023-04-26,21.28301239013672,3.0579092141416924
2023-04-27,22.34011459350586,3.1063839231491994
2023-04-28,23.366287231445312,3.151294266928694
2023-04-29,23.18299674987793,3.1434191112585497
2023-04-30,22.832014083862305,3.1281636775817985
2023-05-01,21.98663330078125,3.0904346914712537
2023-05-02,22.264978408813477,3.103014969036545
2023-05-03,22.218002319335938,3.1009028755494765
2023-05-04,21.730348587036133,3.0787098358808644
2023-05-05,22.82611083984375,3.127905092978891
2023-05-06,21.974262237548828,3.089871870199872
2023-05-07,21.844228744506836,3.08393675596676
2023-05-08,20.65746307373047,3.0280766620437634
2023-05-09,20.683645248413086,3.02934330337225
2023-05-10,20.953710556030273,3.0423157455314778
2023-05-11,20.234880447387695,3.007407870101218
2023-05-12,20.911794662475586,3.0403133377094993
2023-05-13,20.86876106262207,3.0382533548143686
2023-05-14,20.953397750854492,3.0423008170294445
2023-05-15,21.00718879699707,3.044864702810572
2023-05-16,20.679420471191406,3.0291390256107795
2023-05-17,21.06839942932129,3.047774260494075
2023-05-18,20.348695755004883,3.013016819171559
2023-05-19,20.349870681762695,3.013074557163877
2023-05-20,20.285446166992188,3.009903691338497
2023-05-21,19.609437942504883,2.976010978018043
2023-05-22,19.54204559326172,2.9725683286102966
2023-05-23,20.043182373046875,2.9978890646593555
2023-05-24,19.223663330078125,2.9561419852802997
2023-05-25,19.260662078857422,2.9580647816284387
2023-05-26,19.36695671081543,2.96356835153968
2023-05-27,20.425233840942383,3.016771089441479
2023-05-28,20.7985782623291,3.0348846315984757
2023-05-29,20.586509704589844,3.024635992566131
2023-05-30,21.25408363342285,3.056549047892552
2023-05-31,20.82450294494629,3.0361303195782026
2023-06-01,20.50221824645996,3.02053308743478
2023-06-02,21.25759506225586,3.0567142462074024
2023-06-03,21.15556526184082,3.051903003826441
2023-06-04,21.8189754486084,3.0827800246099613
2023-06-05,20.07505989074707,2.999478243178167
2023-06-06,20.398483276367188,3.0154605488884454
2023-06-07,18.6342830657959,2.92500305973586
2023-06-08,18.909475326538086,2.9396631364651418
2023-06-09,17.37969970703125,2.8553028416115254
2023-06-10,15.65610122680664,2.7508606957605735
2023-06-11,15.558775901794434,2.7446248461051477
2023-06-12,15.196707725524902,2.721078807386771
2023-06-13,15.018193244934082,2.709262349149446
2023-06-14,14.486572265625,2.6732221697301752
2023-06-15,14.759472846984863,2.6918851035606064
2023-06-16,15.30825424194336,2.7283921758618686
2023-06-17,15.650521278381348,2.7505042249542155
2023-06-18,15.43823528289795,2.736847242915345
2023-06-19,16.073041915893555,2.7771434534286574
2023-06-20,16.635231018066406,2.8115227968441876
2023-06-21,17.25704574584961,2.8482205091195287
2023-06-22,16.642620086669922,2.8119668801295954
2023-06-23,17.149534225463867,2.8419710143780597
2023-06-24,16.652862548828125,2.8125821265036106
2023-06-25,16.97138023376465,2.8315284096903244
2023-06-26,16.27002716064453,2.789324590599223
2023-06-27,16.61964988708496,2.8105857234463882
2023-06-28,15.98684310913086,2.7717660782816864
2023-06-29,17.970457077026367,2.888729136032722
2023-06-30,18.897321701049805,2.9390202030847727
2023-07-01,18.683902740478516,2.9276623371284813
2023-07-02,19.453594207763672,2.968031845165424
2023-07-03,19.240537643432617,2.9570193888924874
2023-07-04,19.14322853088379,2.9519490515744673
2023-07-05,18.99286460876465,2.944063361723917
2023-07-06,19.729385375976562,2.982109167799504
2023-07-07,21.484664916992188,3.067339420968134
2023-07-08,21.859268188476562,3.084625004991155
2023-07-09,21.3490047454834,3.0610051224514585
2023-07-10,21.31377601623535,3.059353624981013
2023-07-11,22.092933654785156,3.095257813267286
2023-07-12,21.977602005004883,3.0900238440703798
2023-07-13,26.02569580078125,3.2590843500045867
2023-07-14,26.7357177734375,3.2860004157469596
2023-07-15,27.391355514526367,3.3102274714453293
2023-07-16,27.384082794189453,3.309961924674579
2023-07-17,26.872766494750977,3.291113375822178
2023-07-18,25.544504165649414,3.2404221923633925
2023-07-19,26.372352600097656,3.2723162114065403
2023-07-20,25.375167846679688,3.23377105198755
2023-07-21,25.544267654418945,3.240412933529326
2023-07-22,24.535053253173828,3.200102840037731
2023-07-23,24.766815185546875,3.2095046597622616
2023-07-24,23.38149070739746,3.151944713951355
2023-07-25,23.279321670532227,3.147565484574985
2023-07-26,25.177053451538086,3.225933002370092
2023-07-27,25.099336624145508,3.2228414164715655
2023-07-28,24.84685707092285,3.2127312685246703
2023-07-29,25.168973922729492,3.2256120424334562
2023-07-30,24.261018753051758,3.1888708957525917
2023-07-31,23.720956802368164,3.1663589106839614
2023-08-01,23.99875259399414,3.178001853746941
2023-08-02,23.145721435546875,3.1418099442522314
2023-08-03,22.636049270629883,3.119543735927046
2023-08-04,22.79361915588379,3.1264806352077894
2023-08-05,22.632204055786133,3.1193738502093327
2023-08-06,23.18569564819336,3.143535521628517
2023-08-07,23.068756103515625,3.138479152375519
2023-08-08,24.211763381958008,3.1868386052226425
2023-08-09,24.37852668762207,3.193702691038493
2023-08-10,24.613052368164062,3.2032768863000687
2023-08-11,24.582860946655273,3.202049490637918
2023-08-12,24.90673065185547,3.2151380742476574
2023-08-13,24.24288558959961,3.188123196591352
2023-08-14,25.142822265625,3.2245724588192344
2023-08-15,23.89658546447754,3.173735581135836
2023-08-16,22.811975479125977,3.1272856383825265
2023-08-17,21.70997428894043,3.0777717995938025
2023-08-18,21.335493087768555,3.060372028056443
2023-08-19,21.879037857055664,3.0855290029605715
2023-08-20,21.77327537536621,3.0806833175521464
2023-08-21,21.20825958251953,3.0543907087514794
2023-08-22,20.546541213989258,3.0226926160216183
2023-08-23,21.703624725341797,3.077479284631299
2023-08-24,21.033031463623047,3.0460941288088588
2023-08-25,20.392719268798828,3.0151779385584194
2023-08-26,20.280424118041992,3.0096560916227477
2023-08-27,20.78683853149414,3.034320023519397
2023-08-28,20.557100296020508,3.0232063944546534
2023-08-29,21.780763626098633,3.0810271777762672
2023-08-30,20.834903717041016,3.0366296436514046
2023-08-31,19.735092163085938,2.98239837913613
2023-09-01,19.327844619750977,2.961546782592968
2023-09-02,19.493743896484375,2.970093588272773
2023-09-03,19.578746795654297,2.9744446307462535
2023-09-04,19.499408721923828,2.970384143157357
2023-09-05,20.272384643554688,3.0092595975283487
2023-09-06,19.62002944946289,2.976550955128083
2023-09-07,19.890499114990234,2.990242186316258
2023-09-08,19.599044799804688,2.9754808303450546
2023-09-09,19.44607162475586,2.9676450766448936
2023-09-10,18.248830795288086,2.904101011964574
2023-09-11,17.739166259765625,2.8757749780185837
2023-09-12,17.929826736450195,2.8864656242379585
2023-09-13,18.402999877929688,2.912513688169883
2023-09-14,18.838306427001953,2.9358923726979893
2023-09-15,19.16884422302246,2.9532862643178364
2023-09-16,19.140369415283203,2.9517996865325546
2023-09-17,18.831628799438477,2.9355378391638443
2023-09-18,19.657245635986328,2.978446005005147
2023-09-19,20.03618812561035,2.9975400448309246
2023-09-20,20.3049373626709,3.010864076310597
2023-09-21,19.47907066345215,2.9693405898613814
2023-09-22,19.43814468383789,2.967237356403608
2023-09-23,19.47390365600586,2.9690752952302595
2023-09-24,19.374290466308594,2.963946953475092
2023-09-25,19.40414047241211,2.965486469710101
2023-09-26,19.023286819458008,2.945663850781566
2023-09-27,19.130022048950195,2.9512589360364525
2023-09-28,19.957616806030273,2.993610865259273
2023-09-29,20.300655364990234,3.0106531695162917
2023-09-30,21.3951473236084,3.0631641357346915
2023-10-01,23.83648681640625,3.171217466254218
2023-10-02,23.371700286865234,3.1515259010118686
2023-10-03,23.55269432067871,3.15924022243966
2023-10-04,23.144786834716797,3.1417695644480284
2023-10-05,22.694141387939453,3.1221068025397245
2023-10-06,23.424453735351562,3.1537805081237216
2023-10-07,23.287302017211914,3.1479082342152136
2023-10-08,23.24642562866211,3.1461513838130837
2023-10-09,22.118396759033203,3.0964096947793394
2023-10-10,22.10511589050293,3.0958090699924856
2023-10-11,22.00741958618164,3.091379650418344
2023-10-12,21.300268173217773,3.0587196629280364
2023-10-13,21.834917068481445,3.08351038883008
2023-10-14,22.01171875,3.0915749819943144
2023-10-15,21.922027587890625,3.08749195724957
2023-10-16,23.98295783996582,3.1773434881132037
2023-10-17,23.959318161010742,3.1763573154554656
2023-10-18,23.432138442993164,3.1541085177954984
2023-10-19,24.93791961669922,3.21638952124332
2023-10-20,27.033674240112305,3.2970832829820913
2023-10-21,29.386228561401367,3.3805261483245945
2023-10-22,29.03668212890625,3.3685599316699393
2023-10-23,31.850984573364258,3.4610682943618647
2023-10-24,30.15153694152832,3.406235898375705
2023-10-25,32.46306610107422,3.4801030154528876
2023-10-26,32.77549362182617,3.4896810904616324
2023-10-27,31.73969841003418,3.4575682131638374
2023-10-28,31.653318405151367,3.4548429900183444
2023-10-29,32.822608947753906,3.491117575121523
2023-10-30,34.962337493896484,3.5542714105057347
2023-10-31,38.51951599121094,3.651165021721464
2023-11-01,41.461544036865234,3.724766347917299
2023-11-02,40.20756912231445,3.6940552645260114
2023-11-03,39.51976013183594,3.676800803322683
2023-11-04,42.346595764160156,3.745888034494305
2023-11-05,41.23860168457031,3.719374751798216
2023-11-06,42.12858963012695,3.7407265988135983
2023-11-07,43.09254455566406,3.7633500019999055
2023-11-08,43.18988800048828,3.7656063937876842
2023-11-09,45.444828033447266,3.8164990195047617
2023-11-10,56.64385223388672,4.036783459676644
2023-11-11,56.1026611328125,4.027183246926127
2023-11-12,56.15409851074219,4.028099670697718
2023-11-13,51.90705108642578,3.9494546400271817
2023-11-14,56.838375091552734,4.040211715409166
2023-11-15,65.5344009399414,4.182575209959178
2023-11-16,57.871402740478516,4.058223354802577
2023-11-17,58.41593551635742,4.06758872104314
2023-11-18,58.512725830078125,4.069244266137273
2023-11-19,61.393558502197266,4.117304919261951
2023-11-20,56.53383255004883,4.034839265135059
2023-11-21,52.00047302246094,3.951252815125841
2023-11-22,57.588558197021484,4.053323905557007
2023-11-23,56.599369049072266,4.03599783760411
2023-11-24,56.86643981933594,4.0407053572725316
2023-11-25,58.84648895263672,4.074932170968755
2023-11-26,57.6427001953125,4.054263615893084
2023-11-27,55.06462097167969,4.008507422304008
2023-11-28,58.19437026977539,4.063788619298798
2023-11-29,59.25012969970703,4.081767969037436
2023-11-30,59.24162292480469,4.081624384784042
2023-12-01,59.80399703979492,4.091072498853234
2023-12-02,63.83285903930664,4.156268089731357
2023-12-03,63.03996658325195,4.143768915461475
2023-12-04,61.526615142822266,4.119469847745993
2023-12-05,60.99483108520508,4.110789124274874
2023-12-06,61.902957916259766,4.1255679639488605
2023-12-07,67.83782958984375,4.217119997897621
2023-12-08,75.00243377685547,4.317520563367882
2023-12-09,72.25760650634766,4.280237601815626
2023-12-10,74.70588684082031,4.313558895470392
2023-12-11,70.36717224121094,4.253726851018871
2023-12-12,68.54067993164062,4.227427436613783
2023-12-13,70.76778411865234,4.259403870570961
2023-12-14,75.62033081054688,4.32572517309679
2023-12-15,72.36898803710938,4.281777865598142
2023-12-16,73.47350311279297,4.29692483935561
2023-12-17,71.00051879882812,4.2626871840403675
2023-12-18,74.34716033935547,4.308745479027567
2023-12-19,72.9897689819336,4.2903192803939145
2023-12-20,82.19123077392578,4.409048614788838
2023-12-21,93.85481262207031,4.5417490416545645
2023-12-22,98.00369262695312,4.585005157827572
2023-12-23,107.59423065185547,4.678367027812983
2023-12-24,112.48521423339844,4.722821783970464
2023-12-25,121.1464614868164,4.797000239133269
2023-12-26,112.6767349243164,4.72452296605583
2023-12-27,107.02379608154297,4.673051203021633
2023-12-28,102.10456848144531,4.625997469335553
2023-12-29,106.31151580810547,4.666373612576303
2023-12-30,101.84508514404297,4.62345288568169
2023-12-31,101.50582122802734,4.620116148837548
2024-01-01,109.50868225097656,4.696003836076529
2024-01-02,106.61122131347656,4.669188771796555
2024-01-03,98.59443664550781,4.591014836543174
2024-01-04,105.0775375366211,4.654698530365186
2024-01-05,99.97879028320312,4.604958066324337
2024-01-06,93.85771942138672,4.541780012408461
2024-01-07,89.2763442993164,4.491736551326441
2024-01-08,97.79044342041016,4.582826856728569
2024-01-09,99.40918731689453,4.5992445371267054
2024-01-10,102.03302001953125,4.625296486578097
2024-01-11,99.90943908691406,4.604264166545543
2024-01-12,91.72090911865234,4.518750369831689
2024-01-13,95.73004913330078,4.561532242206859
2024-01-14,94.13314056396484,4.544710169115646
2024-01-15,94.49022674560547,4.548496408469986
2024-01-16,97.62691497802734,4.5811532236194745
2024-01-17,102.0635986328125,4.625596134986894
2024-01-18,94.2509536743164,4.545960944837314
2024-01-19,93.38616943359375,4.536743255400593
2024-01-20,92.56983947753906,4.527963381011927
2024-01-21,90.84843444824219,4.509192562423391
2024-01-22,83.62281036376953,4.426316334114788
2024-01-23,84.27450561523438,4.434079394775233
2024-01-24,88.73200988769531,4.485620702317234
2024-01-25,86.88921356201172,4.4646338998493045
2024-01-26,92.44236755371094,4.526585396866509
2024-01-27,94.16321563720703,4.545029613146371
2024-01-28,95.93798065185547,4.56370194782088
2024-01-29,101.56666564941406,4.620715387307939
2024-01-30,101.47297668457031,4.619792523472914
2024-01-31,97.0287094116211,4.575006908027603
2024-02-01,97.84669494628906,4.583401916534685
2024-02-02,100.44052124023438,4.609565723844162
2024-02-03,97.8799819946289,4.583742054620928
2024-02-04,95.47695922851562,4.55888495375482
2024-02-05,95.54866027832031,4.559635649429642
2024-02-06,96.86107635498047,4.573277749395071
2024-02-07,100.97927856445312,4.614915333064321
2024-02-08,102.78563690185547,4.632645624405931
2024-02-09,106.93333435058594,4.672205596837211
2024-02-10,109.1314697265625,4.692553299701886
2024-02-11,107.49528503417969,4.677446986458667
2024-02-12,111.99275207519531,4.718434155586751
2024-02-13,112.57930755615234,4.72365792933436
2024-02-14,116.97632598876953,4.7619715723475275
2024-02-15,113.69940948486328,4.7335582071182305
2024-02-16,110.44591522216797,4.704525946132603
2024-02-17,108.98401641845703,4.691201233113908
2024-02-18,112.17467498779297,4.720057254490281
2024-02-19,111.4853286743164,4.7138930008463165
2024-02-20,108.45964050292969,4.68637812684841
2024-02-21,105.1252212524414,4.6551522229514575
2024-02-22,101.66979217529297,4.621730230174554
2024-02-23,99.95469665527344,4.604717049890169
2024-02-24,104.1335220336914,4.64567394139909
2024-02-25,103.4534912109375,4.63912215143204
2024-02-26,109.91853332519531,4.699739485273623
2024-02-27,108.3880844116211,4.685718160561616
2024-02-28,118.05220031738281,4.77112690221748
2024-02-29,125.71151733398438,4.833989736967526
2024-03-01,129.9904022216797,4.8674606186660805
2024-03-02,129.70018005371094,4.865225479553593
2024-03-03,130.45086669921875,4.870996655479553
2024-03-04,133.194580078125,4.891811067174257
2024-03-05,125.70671081542969,4.833951501724277
2024-03-06,130.7420196533203,4.873226065926062
2024-03-07,143.9778594970703,4.969659534262154
2024-03-08,145.2400360107422,4.978387794485668
2024-03-09,144.6072540283203,4.974021474637341
2024-03-10,144.5151824951172,4.97338457120347
2024-03-11,148.75096130371094,5.002273506950813
2024-03-12,151.01544189453125,5.017382095788491
2024-03-13,163.83981323242188,5.098889201911662
2024-03-14,176.67974853515625,5.174338763448822
2024-03-15,182.96469116210938,5.209293189755894
2024-03-16,181.88034057617188,5.203349001487341
2024-03-17,202.12356567382812,5.308879221638713
2024-03-18,195.9927520751953,5.278077679338582
2024-03-19,170.0162811279297,5.135894203805242
2024-03-20,191.54962158203125,5.255146895587574
2024-03-21,179.2207489013672,5.188618280118067
2024-03-22,174.36370849609375,5.161143396334725
2024-03-23,172.90225219726562,5.152726418615197
2024-03-24,183.57345581054688,5.2126148915389665
2024-03-25,189.0835418701172,5.24218893787418
2024-03-26,190.69985961914062,5.2507007764715485
2024-03-27,186.36146545410156,5.227688150483366
2024-03-28,189.6216278076172,5.245030654030633
2024-03-29,192.2279510498047,5.258681912860773
2024-03-30,194.3855438232422,5.269843526212104
2024-03-31,202.87413024902344,5.312585738698139
2024-04-01,192.5678253173828,5.260448430982
2024-04-02,181.17225646972656,5.199448271895876
2024-04-03,185.2486114501953,5.2216987686026
2024-04-04,183.95811462402344,5.214708093782627
2024-04-05,174.5015106201172,5.1619333984538205
2024-04-06,178.91534423828125,5.186912756754371
2024-04-07,179.6498565673828,5.1910097151588905
2024-04-08,180.78477478027344,5.197307234126093
2024-04-09,172.4136199951172,5.149896357400939
2024-04-10,173.43736267089844,5.155816512133008
2024-04-11,172.5763702392578,5.150839864521847
2024-04-12,153.63546752929688,5.034582702452192
2024-04-13,139.34169006347656,4.936929118590255
2024-04-14,151.28494262695312,5.0191650958613865
2024-04-15,138.5086212158203,4.93093257073576
2024-04-16,136.27932739257812,4.914706657299064
2024-04-17,131.86618041992188,4.88178762366153
2024-04-18,142.0823974609375,4.956407153122734
2024-04-19,142.6804962158203,4.960607838307886
2024-04-20,151.13356018066406,5.018163950379032
2024-04-21,148.60931396484375,5.001320808413976
2024-04-22,157.03121948242188,5.056444635786735
2024-04-23,154.70130920410156,5.04149622040101
2024-04-24,147.74514770507812,4.995488814495336
2024-04-25,144.89212036132812,4.975989468008994
2024-04-26,139.10433959960938,4.935224296139448
2024-04-27,141.28916931152344,4.950808636445007
2024-04-28,137.85641479492188,4.926212670989367
2024-04-29,137.7766571044922,4.925633947310774
2024-04-30,126.96270751953125,4.843893401758967
2024-05-01,134.6279754638672,4.902515237099475
2024-05-02,137.81448364257812,4.92590845931592
2024-05-03,143.77255249023438,4.968232554260586
2024-05-04,146.1350555419922,4.984531232083242
2024-05-05,145.71302795410156,4.981639125498212
2024-05-06,152.80239868164062,5.029145574787481
2024-05-07,148.1343231201172,4.9981194508040065
2024-05-08,142.29473876953125,4.957900531605066
2024-05-09,152.84994506835938,5.029456688954112
2024-05-10,146.21690368652344,4.985091160923026
2024-05-11,145.3143768310547,4.9788995115248795
2024-05-12,143.52081298828125,4.966480062928508
2024-05-13,147.28233337402344,4.992351379914636
2024-05-14,142.0303955078125,4.956041087567132
2024-05-15,158.18682861328125,5.063776794049991
2024-05-16,159.116455078125,5.069636356005225
2024-05-17,169.53054809570312,5.133033135335386
2024-05-18,172.5391387939453,5.150624102294521
2024-05-19,170.0913543701172,5.1363356713618105
2024-05-20,186.52049255371094,5.228541112692107
2024-05-21,178.11614990234375,5.182435865029815
2024-05-22,176.86077880859375,5.175362862669465
2024-05-23,175.98577880859375,5.170403189549577
2024-05-24,167.7969207763672,5.12275444330673
2024-05-25,168.43763732910156,5.1265655764149045
2024-05-26,163.3509063720703,5.095900686682254
2024-05-27,169.9961395263672,5.1357757281239875
2024-05-28,168.65084838867188,5.127830591964451
2024-05-29,168.0726776123047,5.124396490691912
2024-05-30,166.97653198242188,5.117853275490538
2024-05-31,165.63771057128906,5.109802936867822
2024-06-01,166.03067016601562,5.112172531326748
2024-06-02,163.24990844726562,5.095282207343309
2024-06-03,164.9234619140625,5.105481499093415
2024-06-04,171.8019256591797,5.146342218213645
2024-06-05,173.48291015625,5.156079093995071
2024-06-06,170.01622009277344,5.135893844809229
2024-06-07,162.50704956054688,5.090721382739882
2024-06-08,157.96890258789062,5.0623981945915695
2024-06-09,162.08360290527344,5.088112269431946
2024-06-10,158.9280242919922,5.0684514223220285
2024-06-11,149.42898559570312,5.00682126723868
2024-06-12,155.1775665283203,5.044570051736455
2024-06-13,147.31442260742188,4.992569231828303
2024-06-14,143.0944366455078,4.963504808416777
2024-06-15,145.41221618652344,4.979572579359142
2024-06-16,151.12550354003906,5.018110640873419
2024-06-17,143.3342742919922,4.965179484825803
2024-06-18,137.50399780273438,4.9236529916129355
2024-06-19,135.60960388183594,4.909780198085603
2024-06-20,133.47296142578125,4.893898921190621
2024-06-21,134.5883026123047,4.902220508622185
2024-06-22,133.6702423095703,4.895375888726336
2024-06-23,128.59042358398438,4.856632342343214
2024-06-24,132.24139404296875,4.8846289952219415
2024-06-25,136.5592041015625,4.916758250273261
2024-06-26,136.60914611816406,4.917123900372315
2024-06-27,149.44837951660156,5.0069510456909105
2024-06-28,139.70339965820312,4.939521601387023
2024-06-29,140.01014709472656,4.941714899230857
2024-06-30,146.49249267578125,4.98697418261016
2024-07-01,146.59506225585938,4.987674107138101
2024-07-02,153.7004852294922,5.035005807530408
2024-07-03,140.73141479492188,4.946853214215399
2024-07-04,127.55081939697266,4.848514868690844
2024-07-05,134.3693389892578,4.900592269542464
2024-07-06,143.24118041992188,4.964529785950241
2024-07-07,131.7740936279297,4.881089044538369
2024-07-08,139.4636993408203,4.937804347619313
2024-07-09,141.34844970703125,4.951228116318797
2024-07-10,141.97479248046875,4.955649524099943
2024-07-11,135.8832244873047,4.911795873414889
2024-07-12,139.52801513671875,4.9382654064515314
2024-07-13,141.9249725341797,4.955298555533289
2024-07-14,147.622314453125,4.994657082671277
2024-07-15,159.93397521972656,5.074761075191664
2024-07-16,160.5518798828125,5.078617129484802
2024-07-17,155.5841064453125,5.047186462859614
2024-07-18,159.07241821289062,5.069359558988032
2024-07-19,169.1858673095703,5.130997917144405
2024-07-20,173.89178466796875,5.158433178542006
2024-07-21,184.54161071777344,5.2178749703976415
2024-07-22,178.97828674316406,5.187264495372123
2024-07-23,172.757568359375,5.151889272740926
2024-07-24,178.0323028564453,5.18196501054878
2024-07-25,171.96307373046875,5.147279766151215
2024-07-26,183.13671875,5.210232970897917
2024-07-27,184.0854034423828,5.215399799068477
2024-07-28,184.88607788085938,5.219739840159965
2024-07-29,182.7805938720703,5.208286492947379
2024-07-30,179.10719299316406,5.187984470142745
2024-07-31,171.82615661621094,5.1464832483466365
2024-08-01,167.672119140625,5.122010400628272
2024-08-02,152.6382293701172,5.028070607594155
2024-08-03,142.9219970703125,4.962299006401499
2024-08-04,138.05508422851562,4.927652766589816
2024-08-05,129.8643035888672,4.866490086750431
2024-08-06,144.09036254882812,4.970440620469293
2024-08-07,144.63209533691406,4.97419324454838
2024-08-08,162.9307403564453,5.093325204720039
2024-08-09,156.45721435546875,5.052782581902278
2024-08-10,153.95916748046875,5.03668742102543
2024-08-11,141.52685546875,4.952489490373789
2024-08-12,146.45423889160156,4.9867130171471254
2024-08-13,146.7126922607422,4.988476199884562
2024-08-14,143.9234619140625,4.969281643786427
2024-08-15,142.74581909179688,4.961065559783544
2024-08-16,139.33056640625,4.936849285331118
2024-08-17,141.7985076904297,4.954407089997725
2024-08-18,142.58688354492188,4.959951522998808
2024-08-19,144.34368896484375,4.972197184784935
2024-08-20,143.16773986816406,4.964016948896887
2024-08-21,142.70960998535156,4.960811866191121
2024-08-22,143.2579345703125,4.964646743731491
2024-08-23,153.10708618164062,5.0311375862538075
2024-08-24,160.73175048828125,5.079736829383943
2024-08-25,158.90911865234375,5.068332458002782
2024-08-26,157.23687744140625,5.057753441805256
2024-08-27,146.8970947265625,4.9897323057654885
2024-08-28,143.89138793945312,4.9690587645655775
2024-08-29,140.0540313720703,4.9420282865261775
2024-08-30,138.09999084472656,4.927977994120723
2024-08-31,135.37425231933594,4.908043182272373
2024-09-01,128.6905517578125,4.857410698992012
2024-09-02,135.0023651123047,4.905292297635373
2024-09-03,127.57758331298828,4.848724676111966
2024-09-04,133.60391235351562,4.894879544756976
2024-09-05,129.32894897460938,4.862359150699701
2024-09-06,124.99007415771484,4.828234327411138
2024-09-07,127.72156524658203,4.8498526230688705
2024-09-08,129.98951721191406,4.867453810372828
2024-09-09,135.02561950683594,4.905464534558309
2024-09-10,135.63522338867188,4.909969101278117
2024-09-11,132.4973907470703,4.886562952757436
2024-09-12,136.14190673828125,4.913697773638497
2024-09-13,139.1005401611328,4.935196982179462
2024-09-14,137.17977905273438,4.921292321432281
2024-09-15,131.4993896484375,4.879002210150299
2024-09-16,131.47259521484375,4.878798428491196
2024-09-17,131.53707885742188,4.879288780369678
2024-09-18,133.99185180664062,4.897778990688936
2024-09-19,142.83627319335938,4.9616990316085
2024-09-20,146.56680297851562,4.987481317551306
2024-09-21,149.52703857421875,5.007477236505757
2024-09-22,144.80364990234375,4.975378686141836
2024-09-23,144.8149871826172,4.975456977237971
2024-09-24,152.89215087890625,5.029732776619987
2024-09-25,148.02342224121094,4.997370519629138
2024-09-26,155.5760955810547,5.047134972571284
2024-09-27,157.74993896484375,5.06101111451059
2024-09-28,156.9124298095703,5.055687877822122
2024-09-29,158.62916564941406,5.066569186678952
2024-09-30,152.61846923828125,5.027941141921797
2024-10-01,145.28988647460938,4.978730963711956
2024-10-02,140.38555908203125,4.944392630760629
2024-10-03,136.78518676757812,4.918411715462597
2024-10-04,143.17227172851562,4.964048602596463
2024-10-05,142.7117462158203,4.960826835151379
2024-10-06,146.44236755371094,4.986631955518988
2024-10-07,143.99179077148438,4.969756289419594
2024-10-08,143.39442443847656,4.965599046227456
2024-10-09,139.31553649902344,4.936741407222762
2024-10-10,138.88841247558594,4.933670822778463
2024-10-11,145.3811492919922,4.979358909459223
2024-10-12,146.5002899169922,4.987027407410742
2024-10-13,147.5724334716797,4.994319129626579
2024-10-14,157.44512939453125,5.059077012768979
2024-10-15,154.7206268310547,5.041621083086738
2024-10-16,154.23422241210938,5.038472371732937
2024-10-17,150.31602478027344,5.012739909706793
2024-10-18,154.97593688964844,5.0432698589941225
2024-10-19,159.6393585205078,5.072917261884486
2024-10-20,166.9398193359375,5.1176333842124535
2024-10-21,166.2168731689453,5.113293400547061
2024-10-22,167.26014709472656,5.119550367390555
2024-10-23,170.9324951171875,5.141268713165724
2024-10-24,177.1569366455078,5.177035987448668
2024-10-25,164.75689697265625,5.104471035769842
2024-10-26,170.70596313476562,5.139942562610071
2024-10-27,176.5491943359375,5.1735995589878145
2024-10-28,178.1049041748047,5.182372725990647
2024-10-29,179.36074829101562,5.189399131321255
2024-10-30,174.9249725341797,5.164357153617112
2024-10-31,168.42999267578125,5.126520189725055
2024-11-01,166.2621307373047,5.113565643714944
2024-11-02,166.01034545898438,5.11205010845668
2024-11-03,162.55130004882812,5.090993644557539
2024-11-04,157.74710083007812,5.060993122996201
2024-11-05,166.72239685058594,5.116330134964696
2024-11-06,186.9547882080078,5.230866813333743
2024-11-07,196.3345947265625,5.279820319716128
2024-11-08,199.9390106201172,5.298012373142862
2024-11-09,200.19491577148438,5.299291470811811
2024-11-10,210.6137237548828,5.350025762604661
2024-11-11,222.6416778564453,5.4055636533752125
2024-11-12,212.2318115234375,5.357679127872609
2024-11-13,215.18455505371094,5.371496055515515
2024-11-14,209.2190704345703,5.34338188690111
2024-11-15,218.09490966796875,5.384930333494448
2024-11-16,215.8488311767578,5.3745783070077096
2024-11-17,237.57553100585938,5.470485598203203
2024-11-18,239.79425048828125,5.479781266026918
2024-11-19,238.09754943847656,5.472680461287297
2024-11-20,235.4236602783203,5.461386700728221
2024-11-21,257.0658874511719,5.549332423443024
2024-11-22,256.5186767578125,5.547201475830637
2024-11-23,255.1785125732422,5.54196334954504
2024-11-24,252.91952514648438,5.533071355703613
2024-11-25,234.4466094970703,5.457227883912879
2024-11-26,230.9781951904297,5.44232331295146
2024-11-27,242.30221557617188,5.490185771718652
2024-11-28,237.76400756835938,5.471278616907023
2024-11-29,243.54949951171875,5.495320205279054
2024-11-30,237.74374389648438,5.471193387289525
2024-12-01,237.06993103027344,5.4683551652495215
2024-12-02,225.75619506835938,5.419455634083841
2024-12-03,234.2003173828125,5.456176806341232
2024-12-04,229.11929321289062,5.434242798977415
2024-12-05,233.9987030029297,5.455315572619818
2024-12-06,237.0510711669922,5.468275608076548
2024-12-07,238.54795837402344,5.4745703734430915
2024-12-08,236.67233276367188,5.466676622335616
2024-12-09,217.34146118164062,5.381469670634286
2024-12-10,213.82461547851562,5.3651561251652895
2024-12-11,227.44683837890625,5.426916533628817
2024-12-12,227.02671813964844,5.425067711610897
2024-12-13,224.83729553222656,5.415377009651225
2024-12-14,219.84075927734375,5.392903462800509
2024-12-15,223.6576690673828,5.410116619777797
2024-12-16,216.3349609375,5.376827951601669
2024-12-17,222.8167266845703,5.406349580121014
2024-12-18,206.38174438476562,5.329727581947447
2024-12-19,194.28451538085938,5.269323658821933
2024-12-20,194.2081756591797,5.268930654142962
2024-12-21,181.30145263671875,5.200161130065821
2024-12-22,180.16891479492188,5.193894826380973
2024-12-23,189.75369262695312,5.245726876570988
2024-12-24,196.98902893066406,5.283148036479915
2024-12-25,197.4790802001953,5.2856326556939495
2024-12-26,188.21810913085938,5.237601445321628
2024-12-27,183.82847595214844,5.214003126931928
2024-12-28,195.01353454589844,5.273068964082812
2024-12-29,189.7442626953125,5.245677179693783
2024-12-30,191.02804565429688,5.252420253153668
2024-12-31,189.2644805908203,5.243145405061825
2025-01-01,193.8737335205078,5.267207089021506
2025-01-02,207.7670440673828,5.336417471609265
2025-01-03,217.74732971191406,5.383335352566325
2025-01-04,216.6229248046875,5.378158168323122
2025-01-05,213.3936309814453,5.363138492974496
2025-01-06,218.72312927246094,5.387806680080959
2025-01-07,202.23025512695312,5.309406925100941
2025-01-08,197.55905151367188,5.286037534657011
2025-01-09,185.02528381347656,5.220492485001968
2025-01-10,187.5791778564453,5.234201038175598
2025-01-11,187.99551391601562,5.23641810039639
2025-01-12,188.5603790283203,5.239418268746349
2025-01-13,182.83535766601562,5.208586062996905
2025-01-14,187.49859619140625,5.2337713584032715
2025-01-15,205.91134643554688,5.327445719050388
2025-01-16,211.22784423828125,5.352937381391646
2025-01-17,219.62161254882812,5.391906122592426
2025-01-18,261.8697509765625,5.567847246471938
2025-01-19,250.58636474609375,5.523803630551075
2025-01-20,242.25022888183594,5.489971195587089
2025-01-21,250.41378784179688,5.523114700975979
2025-01-22,257.23736572265625,5.549999260670985
2025-01-23,253.4552001953125,5.535187082345722
2025-01-24,253.36122131347656,5.534816222685598
2025-01-25,256.0735778808594,5.545464816781294
2025-01-26,240.88345336914062,5.484313220541738
2025-01-27,235.07444763183594,5.459902262407475
2025-01-28,227.20396423339844,5.425848134905158
2025-01-29,227.94493103027344,5.429104069212259
2025-01-30,239.0231475830078,5.476560399053425
2025-01-31,231.63790893554688,5.445175415100244
2025-02-01,213.78501892089844,5.364970925606884
2025-02-02,203.11962890625,5.313795110426706
2025-02-03,216.1495819091797,5.3759706768493585
2025-02-04,207.09197998046875,5.333163042303884
2025-02-05,195.98814392089844,5.278054167201414
2025-02-06,189.77249145507812,5.245825941293944
2025-02-07,192.20465087890625,5.258560694364682
2025-02-08,199.5998992919922,5.296314859328099
2025-02-09,200.49755859375,5.300802070082713
2025-02-10,200.35635375976562,5.300097549879849
2025-02-11,197.98236083984375,5.288177940058627
2025-02-12,196.7738037109375,5.282054864533157
2025-02-13,194.46095275878906,5.2702313858798915
2025-02-14,199.9356689453125,5.297995659532446
2025-02-15,194.48208618164062,5.270340056922983
2025-02-16,188.4864044189453,5.2390258791884925
2025-02-17,177.6897430419922,5.180039012853131
2025-02-18,169.08428955078125,5.13039734532462
2025-02-19,169.01080322265625,5.129962637274412
2025-02-20,176.04888916015625,5.17076173578369
2025-02-21,168.89163208007812,5.129257278951603
2025-02-22,172.16285705566406,5.148440872186927
2025-02-23,168.03811645507812,5.124190837330233
2025-02-24,141.98948669433594,4.955753017496528
2025-02-25,144.10775756835938,4.97056133617379
2025-02-26,134.83132934570312,4.9040245850181545
2025-02-27,137.6208038330078,4.9245021047179485
2025-02-28,148.03001403808594,4.997415050758105
2025-03-01,143.6757049560547,4.9675587109838535
2025-03-02,178.49549865722656,5.184563383295151
2025-03-03,142.02108764648438,4.955975551128258
2025-03-04,144.9165802001953,4.9761582679027025
2025-03-05,146.26730346679688,4.985435793416265
2025-03-06,143.355224609375,4.9653256381903335
2025-03-07,139.20913696289062,4.935977384847393
2025-03-08,136.94207763671875,4.919558045453966
2025-03-09,126.43543243408203,4.839731762320367
2025-03-10,118.291748046875,4.773154014087099
2025-03-11,125.26394653320312,4.830423083332564
2025-03-12,126.58324432373047,4.840900149637522
2025-03-13,123.28614807128906,4.81450806056077
2025-03-14,133.31448364257812,4.8927108757651485
2025-03-15,135.91253662109375,4.912011565769936
2025-03-16,125.98810577392578,4.836187503876011
2025-03-17,128.16371154785156,4.853308443167965
2025-03-18,125.31269836425781,4.8308122004563065
2025-03-19,135.572509765625,4.909506624611723
2025-03-20,127.49718475341797,4.848094283989357
2025-03-21,128.43031311035156,4.85538644680651
2025-03-22,128.4849853515625,4.855812051995174
2025-03-23,132.5993194580078,4.887331945446041
2025-03-24,140.86927795410156,4.947832353640435
2025-03-25,143.81707763671875,4.968542197878963
2025-03-26,137.28857421875,4.922085091676404
2025-03-27,138.34738159179688,4.9297677800820034
2025-03-28,129.42315673828125,4.8630873207571
2025-03-29,124.587646484375,4.825009456047875
2025-03-30,124.64263153076172,4.825450694951243
2025-03-31,124.69412994384766,4.825863778152563
2025-04-01,126.68238067626953,4.841683014328317
2025-04-02,117.75762939453125,4.768628523957042
2025-04-03,117.06145477294922,4.762699051369564
2025-04-04,122.78688049316406,4.810450173630745
2025-04-05,120.25899505615234,4.789647709150034
2025-04-06,105.7120132446289,4.660718540577261
2025-04-07,106.90277862548828,4.671919810447995
2025-04-08,105.51219177246094,4.658826508063642
2025-04-09,119.05754089355469,4.779606913165852
2025-04-10,112.80392456054688,4.725651130662154
2025-04-11,121.53237915039062,4.800180722342044
2025-04-12,132.26055908203125,4.884773909381323
2025-04-13,128.58079528808594,4.8565574638560705
2025-04-14,129.3103790283203,4.862215553463624
2025-04-15,126.26313018798828,4.838368064236706
2025-04-16,131.44969177246094,4.878624206345914
2025-04-17,134.69874572753906,4.903040771773403
2025-04-18,134.07350158691406,4.898388168874515
2025-04-19,139.75025939941406,4.9398569682010285
2025-04-20,137.77459716796875,4.925618995925205
2025-04-21,136.7043914794922,4.91782086815533
2025-04-22,148.73941040039062,5.0021958513059595
2025-04-23,151.15272521972656,5.01829075096519
2025-04-24,152.3036346435547,5.0258761246429735
2025-04-25,150.91500854492188,5.016716821032881
2025-04-26,149.28936767578125,5.0058864875135
2025-04-27,148.24583435058594,4.998871938667446
2025-04-28,147.8099365234375,4.99592723577688
2025-04-29,146.42787170410156,4.986532963899642
2025-04-30,147.64320373535156,4.994798577569764
2025-05-01,150.84658813476562,5.016263347747469
2025-05-02,148.05003356933594,4.99755028129081
2025-05-03,146.79605102539062,4.9890442154465955
2025-05-04,143.98306274414062,4.969695672825889
2025-05-05,146.69664001464844,4.988366781101012
2025-05-06,146.7664031982422,4.9888422289403325
2025-05-07,147.2137451171875,4.991885579090207
2025-05-08,163.96078491210938,5.099627282841739
2025-05-09,172.82827758789062,5.152298486430268
2025-05-10,177.62181091308594,5.179656632212941
2025-05-11,173.02645874023438,5.15344452349854
2025-05-12,174.24789428710938,5.160478965132088
2025-05-13,184.00625610351562,5.214969757593565
2025-05-14,176.709228515625,5.174505604988608
2025-05-15,169.00999450683594,5.12995785226813
2025-05-16,167.33395385742188,5.11999153932803
2025-05-17,165.9308319091797,5.111571026277386
2025-05-18,173.89871215820312,5.1584730156870595
2025-05-19,166.86422729492188,5.117180471534667
2025-05-20,168.4836883544922,5.126838940088658
2025-05-21,173.68173217773438,5.157224498906613
2025-05-22,179.69094848632812,5.1912384223836
2025-05-23,173.82542419433594,5.158051486334964
2025-05-24,176.0424041748047,5.170724898829893
2025-05-25,175.72547912597656,5.168922999625198
2025-05-26,174.90789794921875,5.164259537947372
2025-05-27,176.815185546875,5.175105037617348
2025-05-28,172.18955993652344,5.148595962609385
2025-05-29,166.5881805419922,5.115524782089921
2025-05-30,156.23471069335938,5.051359432266234
2025-05-31,156.63894653320312,5.053943453358685
2025-06-01,157.7845458984375,5.061230468878449
2025-06-02,156.99806213378906,5.056233462175246
2025-06-03,155.34317016601562,5.045636670701478
2025-06-04,153.35964965820312,5.032785814294268
2025-06-05,144.54295349121094,4.973576719375217
2025-06-06,147.9131317138672,4.9966251535635005
2025-06-07,150.13406372070312,5.011528653070291
2025-06-08,152.4300994873047,5.026706126948894
2025-06-09,161.08865356445312,5.081954856693567
2025-06-10,165.02816772460938,5.106116172813174
2025-06-11,161.0558624267578,5.081751276398508
2025-06-12,152.7896728515625,5.029062288398396
2025-06-13,148.62835693359375,5.001448941357008
2025-06-14,144.7637481689453,4.97510309065756
2025-06-15,152.81439208984375,5.029224061366566
2025-06-16,150.8699951171875,5.016418506487613
2025-06-17,147.7498016357422,4.995520313718417
2025-06-18,146.35311889648438,4.98602232412697
2025-06-19,147.07147216796875,4.990918673843551
2025-06-20,140.16859436035156,4.942845943518468
2025-06-21,135.1610107421875,4.906466739934342
2025-06-22,131.61569213867188,4.8798862529578715
2025-06-23,144.8467254638672,4.975676117566094
2025-06-24,145.95452880859375,4.983295126682316
2025-06-25,143.505126953125,4.9663707624577915
2025-06-26,139.0598602294922,4.9349044895610055
2025-06-27,142.1914825439453,4.957174617853297
2025-06-28,150.8275604248047,5.016137200312715
2025-06-29,153.35308837890625,5.032743029769962
2025-06-30,154.7353057861328,5.041715952523979
2025-07-01,146.9266357421875,4.989933385614808
2025-07-02,152.22763061523438,5.025376970443921
2025-07-03,152.40179443359375,5.026520417681874
2025-07-04,147.76364135742188,4.995613979316501
2025-07-05,147.64144897460938,4.9947866923551
2025-07-06,151.87294006347656,5.023044250634774
2025-07-07,148.87234497070312,5.003089193566501
2025-07-08,151.81039428710938,5.0226323361819425
2025-07-09,157.28150939941406,5.058037253246335
2025-07-10,164.06277465820312,5.1002491268916845
2025-07-11,162.8833770751953,5.093034466663892
2025-07-12,160.68484497070312,5.079444961953489
2025-07-13,161.1940155029297,5.082608704711738
2025-07-14,162.2752227783203,5.089293799762961
2025-07-15,163.950439453125,5.099564183696488
2025-07-16,173.70848083496094,5.157378496666351
2025-07-17,175.7930450439453,5.169307422716188
2025-07-18,177.38197326660156,5.178305448402167
2025-07-19,177.07012939453125,5.176545865371409
2025-07-20,181.54603576660156,5.201509262130906
2025-07-21,195.9942626953125,5.278085386839393
2025-07-22,205.70054626464844,5.326421452292957
2025-07-23,189.54293823242188,5.244615585834008
2025-07-24,182.60606384277344,5.207331175948878
2025-07-25,186.7796630859375,5.229929649878347
2025-07-26,184.91387939453125,5.2198901999054295
2025-07-27,188.73348999023438,5.240335914052975
2025-07-28,182.54156494140625,5.2069779001943415
2025-07-29,181.33531188964844,5.200347869284456
2025-07-30,177.6940155029297,5.180063057063565
2025-07-31,172.42434692382812,5.149958571714579
2025-08-01,162.87709045410156,5.092995870077006
2025-08-02,158.48301696777344,5.065647439108222
2025-08-03,161.95497131347656,5.087318341740691
2025-08-04,169.42568969726562,5.132414421825552
2025-08-05,164.096435546875,5.100454276634512
2025-08-06,168.1757354736328,5.125009477165866
2025-08-07,175.4854278564453,5.167556007301553
2025-08-08,176.76329040527344,5.174811495190397
2025-08-09,180.18234252929688,5.19396935218938
2025-08-10,182.90301513671875,5.208956040426162
2025-08-11,174.97781372070312,5.1646591871475716
2025-08-12,191.85682678222656,5.256749400017264
2025-08-13,201.59042358398438,5.3062380330053855
2025-08-14,192.58595275878906,5.260542561910743
2025-08-15,185.7412567138672,5.224354612308968
2025-08-16,189.76699829101562,5.245796994824809
2025-08-17,191.16482543945312,5.253136016326352
2025-08-18,183.0698699951172,5.209867883225113
2025-08-19,176.11227416992188,5.171121713072785
2025-08-20,187.5863037109375,5.234239025969481
2025-08-21,180.28062438964844,5.194514661260251
2025-08-22,200.64744567871094,5.301549366398708
2025-08-23,203.93673706054688,5.317809833301108
2025-08-24,205.8523712158203,5.3271592672937045
2025-08-25,187.2784423828125,5.232596506097729
2025-08-26,195.90509033203125,5.277630308952016
2025-08-27,202.92337036132812,5.31282842187126
2025-08-28,214.4056396484375,5.3678697331810925
2025-08-29,205.22000122070312,5.324082580382329
2025-08-30,202.86013793945312,5.312516765921261
2025-08-31,200.86354064941406,5.30262577525887
2025-09-01,197.10833740234375,5.28375351363108
2025-09-02,209.48153686523438,5.344635605957004
2025-09-03,210.74630737304688,5.350655075366883
2025-09-04,202.5601806640625,5.311037030859356
2025-09-05,203.49851989746094,5.315658731625049
2025-09-06,200.24630737304688,5.299548145693788
2025-09-07,206.4681854248047,5.330146334792298
2025-09-08,214.1864013671875,5.366846670317616
2025-09-09,217.2506866455078,5.381051924764248
2025-09-10,223.98690795898438,5.411587603535293
2025-09-11,228.7561798095703,5.43265671935168
2025-09-12,242.30328369140625,5.490190179903189
2025-09-13,242.5959014892578,5.49139710225866
2025-09-14,240.5576934814453,5.482959950512614
2025-09-15,234.35755920410156,5.456847979893311
2025-09-16,236.9895782470703,5.4680161665272085
2025-09-17,244.85745239257812,5.5006762142486645
2025-09-18,247.6371307373047,5.51196449215726
2025-09-19,238.55270385742188,5.474590266450058
2025-09-20,239.5924835205078,5.478939494799749
2025-09-21,236.57545471191406,5.466267204454857
2025-09-22,220.49644470214844,5.395881570957131
2025-09-23,213.71730041503906,5.36465411559972
2025-09-24,211.75625610351562,5.355435877858492
2025-09-25,192.38076782226562,5.259476573891604
2025-09-26,205.35255432128906,5.324728279191965
2025-09-27,203.5833282470703,5.316075396486049
2025-09-28,210.7377471923828,5.3506144561283975
2025-09-29,213.05340576171875,5.361542865557267
2025-09-30,208.7431182861328,5.3411043968935905
2025-10-01,221.67587280273438,5.401216282566245
2025-10-02,234.85687255859375,5.458976275653919
2025-10-03,233.00196838378906,5.451046901529111
2025-10-04,228.00320434570312,5.4293596830035025
2025-10-05,228.6011962890625,5.431978984457527
2025-10-06,232.5160369873047,5.448959198938138
2025-10-07,220.4827117919922,5.395819287241638
2025-10-08,229.10121154785156,5.434163877738141
2025-10-09,220.99107360839844,5.398122309789794
2025-10-10,188.6638641357422,5.239966935020552
2025-10-11,178.05416870117188,5.182087822542498
2025-10-12,197.508544921875,5.28578184883247
2025-10-13,208.36729431152344,5.339302360478479
2025-10-14,202.46034240722656,5.310544027403131
2025-10-15,194.02186584472656,5.2679708632518
2025-10-16,184.68894958496094,5.218673056422196
2025-10-17,182.0347900390625,5.204197822869968
2025-10-18,187.66029357910156,5.2346333792809165
2025-10-19,187.79820251464844,5.2353679954538554
2025-10-20,189.75067138671875,5.245710954539407
2025-10-21,185.66627502441406,5.223950841873183
2025-10-22,180.14813232421875,5.193779469803246
2025-10-23,191.38827514648438,5.254304218764658
2025-10-24,193.5602264404297,5.265588711796461
2025-10-25,194.04037475585938,5.268066254708172
2025-10-26,200.02862548828125,5.298460483747688
2025-10-27,198.74171447753906,5.29200606450214
2025-10-28,194.4427947998047,5.270138005658633
2025-10-29,194.41087341308594,5.269973823657023
2025-10-30,184.62442016601562,5.21832360024277
2025-10-31,187.20947265625,5.232228164559471
2025-11-01,186.3800506591797,5.2277878721633515
2025-11-02,187.8259735107422,5.23551586131509
2025-11-03,166.0906982421875,5.1125340141010325
2025-11-04,155.40318298339844,5.046022920242435
2025-11-05,162.56607055664062,5.091084507176138
2025-11-06,155.06591796875,5.043850303732263
2025-11-07,161.7081756591797,5.085793325967744
2025-11-08,158.10250854492188,5.06324361091385
2025-11-09,164.45384216308594,5.102629936078076
2025-11-10,167.36700439453125,5.120189032262555
2025-11-11,154.56832885742188,5.0406362565474065
2025-11-12,153.2620391845703,5.032149130846998
2025-11-13,145.1084747314453,4.977481564328231
2025-11-14,138.67660522460938,4.932144641317674
2025-11-15,139.5352020263672,4.938316913702993
2025-11-16,137.26573181152344,4.9219186953986735
2025-11-17,130.8482666015625,4.874038381670698
2025-11-18,140.71438598632812,4.946732204709717
2025-11-19,136.76695251464844,4.918278400819147
2025-11-20,133.51715087890625,4.8942299405916545
2025-11-21,128.50050354003906,4.855932822927122
2025-11-22,127.55120086669922,4.848517859413741
2025-11-23,130.70506286621094,4.8729433564232485
2025-11-24,138.37135314941406,4.92994103584439
2025-11-25,138.89114379882812,4.933690488179898
2025-11-26,143.01219177246094,4.962929883775799
2025-11-27,140.84640502929688,4.947669970597981
2025-11-28,137.39019775390625,4.922825036296538
2025-11-29,136.0817108154297,4.913255520138425
2025-11-30,133.5648193359375,4.894586898101734
2025-12-01,126.70902252197266,4.841893296488367
2025-12-02,138.67420959472656,4.9321273662295555
2025-12-03,144.89849853515625,4.976033487196734
2025-12-04,139.0145263671875,4.934578433909055
2025-12-05,133.322998046875,4.8927747407870195
2025-12-06,132.34844970703125,4.885438215019551
2025-12-07,132.09356689453125,4.8835105115879625
2025-12-08,133.27822875976562,4.89243888871262
2025-12-09,137.901611328125,4.926540469488967
2025-12-10,136.46902465820312,4.91609766329258
2025-12-11,136.37156677246094,4.915383268932297
2025-12-12,132.3242950439453,4.885255690270539
2025-12-13,133.24746704101562,4.892208053792226
2025-12-14,129.48109436035156,4.863534880986734
2025-12-15,127.75711822509766,4.85013094749314
2025-12-16,129.25120544433594,4.861757839800258
2025-12-17,123.11980438232422,4.813157900691839
2025-12-18,119.57015228271484,4.783903247516985
2025-12-19,126.1927490234375,4.837810492223774
2025-12-20,125.80903625488281,4.8347651720116485
2025-12-21,125.99150085449219,4.836214451140609
2025-12-22,125.80123138427734,4.834703132646712
2025-12-23,123.85721588134766,4.819129417309177
2025-12-24,122.45860290527344,4.807773037404568
2025-12-25,119.9471206665039,4.787050984549938
2025-12-26,122.19595336914062,4.805625931370371
2025-12-27,124.64771270751953,4.8254914600821515
2025-12-28,125.19935607910156,4.829907315514606
2025-12-29,123.12522888183594,4.813201958429294
2025-12-30,124.93132019042969,4.827764147829107
2025-12-31,124.48446655273438,4.824180941476053
2026-01-01,126.76112365722656,4.842304399229838
2026-01-02,132.1336669921875,4.883814038952453
2026-01-03,133.29847717285156,4.89259080305978
2026-01-04,133.8996124267578,4.8970903581952365
2026-01-05,137.98997497558594,4.9271810374139715
2026-01-06,141.09841918945312,4.949457655319419
2026-01-07,136.31301879882812,4.914953849906577
2026-01-08,138.29342651367188,4.929377706909657
2026-01-09,135.7563934326172,4.91086205481453
2026-01-10,135.7270050048828,4.910645552236336
2026-01-11,139.49046325683594,4.937996235174233
2026-01-12,139.1361846923828,4.935453199481213
2026-01-13,145.36087036132812,4.979219411696078
2026-01-14,146.7528076171875,4.9887495904992125
2026-01-15,142.3324432373047,4.958165470938886
2026-01-16,144.8604736328125,4.97577102835187
2026-01-17,143.72567749023438,4.967906465293579
2026-01-18,137.99542236328125,4.927220513326455
2026-01-19,133.3386993408203,4.892892502686214
2026-01-20,125.70572662353516,4.833943672422715
2026-01-21,129.3790740966797,4.86274665412617
2026-01-22,128.28834533691406,4.854280428344366
2026-01-23,127.36157989501953,4.8470301269737455
2026-01-24,127.05381774902344,4.84461075850025
2026-01-25,118.77285766601562,4.777212910000325
2026-01-26,124.13972473144531,4.82140774357887
2026-01-27,127.05479431152344,4.844618444682093
2026-01-28,125.11844635009766,4.829260859441274
2026-01-29,117.60576629638672,4.767338067394982
2026-01-30,117.363037109375,4.7652720120732885
2026-01-31,105.441650390625,4.65815772304658
2026-02-01,100.85052490234375,4.61363946916946
2026-02-02,104.47115325927734,4.648910987931564
2026-02-03,97.56390380859375,4.5805075869853935
2026-02-04,92.02930450439453,4.522107053551695
2026-02-05,78.18741607666016,4.359108714866492
2026-02-06,87.46477508544922,4.471236141858322
2026-02-07,87.63983154296875,4.473235592577641
2026-02-08,87.04410552978516,4.466414950306193
2026-02-09,86.7017822265625,4.462474439821615
2026-02-10,82.91548156738281,4.417821794613772
2026-02-11,79.2542495727539,4.372661033688897
2026-02-12,78.34844207763672,4.3611660844644105
2026-02-13,84.32254028320312,4.4346492110375815
2026-02-14,88.16083526611328,4.479162819793856
2026-02-15,86.00509643554688,4.454406555376103
2026-02-16,86.42878723144531,4.4593208058651665
2026-02-17,85.1976089477539,4.44497336944797
2026-02-18,81.56694793701172,4.401424130123713
2026-02-19,82.39324951171875,4.41150351015805
2026-02-20,84.6351089477539,4.438349179906185
2026-02-21,85.21113586425781,4.445132127926559
2026-02-22,82.79097747802734,4.416319087797133
2026-02-23,77.7533187866211,4.35354123550682
2026-02-24,79.0365219116211,4.36991004831681
2026-02-25,87.91560363769531,4.476377304724274
2026-02-26,85.90911865234375,4.453289977632655
2026-02-27,81.95148468017578,4.406127421928423
2026-02-28,84.36618041992188,4.435166615372743
2026-03-01,83.5776596069336,4.425776254796335
2026-03-02,86.634521484375,4.4616983675952735
2026-03-03,87.0197525024414,4.466135133142792
2026-03-04,90.83426666259766,4.509036600566961
2026-03-05,88.69110870361328,4.485159644196608
2026-03-06,84.68180084228516,4.43890071248226
2026-03-07,83.1799545288086,4.421006387654464
2026-03-08,81.62458801269531,4.402130540266189
2026-03-09,84.93617248535156,4.441900062477689
2026-03-10,85.83822631835938,4.452464435461709
2026-03-11,86.56493377685547,4.460894811820125
2026-03-12,86.86779022216797,4.464387310192649
2026-03-13,88.15328979492188,4.479077228566343
2026-03-14,88.07068634033203,4.478139745909882
2026-03-15,92.25182342529297,4.524522048853126
2026-03-16,96.22372436523438,4.566675942290401
2026-03-17,94.70597076416016,4.550777047456467
2026-03-18,90.06571960449219,4.5005396216786355
2026-03-19,88.9178466796875,4.487712872424991
2026-03-20,89.85356903076172,4.4981813345415205
2026-03-21,87.46537017822266,4.471242945634453
2026-03-22,86.12834930419922,4.4558386174508104
2026-03-23,91.42407989501953,4.515508899943452
2026-03-24,90.82242584228516,4.5089062357544565
2026-03-25,91.70822143554688,4.518612031029259
2026-03-26,86.44393157958984,4.45949601394065
2026-03-27,83.01882934570312,4.419067441654637
2026-03-28,82.0156021118164,4.406909498821576
2026-03-29,81.42240142822266,4.3996504369683365
2026-03-30,82.44405364990234,4.412119925724403
2026-03-31,83.10646057128906,4.420122443379634
2026-04-01,81.19525909423828,4.396856859924193
2026-04-02,78.9513168334961,4.368831419897525
2026-04-03,80.36854553222656,4.386622874913012
2026-04-04,80.80838012695312,4.3920806745915675
2026-04-05,81.8544921875,4.404943185481551
2026-04-06,80.15157318115234,4.3839195068249115
2026-04-07,85.64801025390625,4.450245993372509
2026-04-08,82.58169555664062,4.413788052538763
2026-04-09,83.2977294921875,4.42242129180477
2026-04-10,84.82847595214844,4.440631287751717
2026-04-11,84.94876861572266,4.442048352612324
2026-04-12,81.53523254394531,4.401035227984298
2026-04-13,86.65656280517578,4.461952752533887
2026-04-14,83.77462768554688,4.428130189394422
2026-04-15,84.9193344116211,4.441701798976044
2026-04-16,88.99420928955078,4.488571303453025
2026-04-17,88.87416076660156,4.487221445227643
2026-04-18,86.20271301269531,4.456701650639511
2026-04-19,83.58094787597656,4.42581559789799
2026-04-20,85.33295440673828,4.446560715255558
2026-04-21,86.02946472167969,4.454689850617848
2026-04-22,86.91582489013672,4.46494012029688
2026-04-23,86.14105987548828,4.455986183653918
2026-04-24,86.23188018798828,4.457039949063624
2026-04-25,86.15117645263672,4.456103618744154
2026-04-26,86.97038269042969,4.465567631849894
2026-04-27,84.81778717041016,4.44050527517053
2026-04-28,84.03897857666016,4.4312807218889
2026-04-29,83.02687072753906,4.4191642991082025
2026-04-30,83.02375793457031,4.419126807013241
2026-05-01,83.72350311279297,4.42751973990346
2026-05-02,84.276611328125,4.434104380820166
2026-05-03,83.89957427978516,4.42962053932185
2026-05-04,84.08985900878906,4.431885977173037
2026-05-05,86.3191909790039,4.458051948558923
2026-05-06,89.14501953125,4.490264476582004
2026-05-07,88.40478515625,4.481926098905393
2026-05-08,91.94982147216797,4.521243009473328
2026-05-09,93.14551544189453,4.534162952484421
2026-05-10,96.42698669433594,4.568786107401212
2026-05-11,97.35015106201172,4.5783142835582655
2026-05-12,94.28429412841797,4.5463146235773655
2026-05-13,91.0854721069336,4.51179831961624
2026-05-14,92.14872741699219,4.52340387411263
2026-05-15,89.20035552978516,4.490885025337944
2026-05-16,86.53648376464844,4.460566102640647
2026-05-17,85.1729507446289,4.444683903904842
2026-05-18,85.2968978881836,4.446138086757596
2026-05-19,84.20860290527344,4.433297088300706
2026-05-20,86.04193878173828,4.454834837638661
2026-05-21,87.15620422363281,4.467701959605771
2026-05-22,84.30709075927734,4.434465974866412
2026-05-23,85.65848541259766,4.450368290646336
2026-05-24,85.24969482421875,4.4455845363826585
2026-05-25,85.01050567626953,4.442774845044343
2026-05-26,83.58651733398438,4.42588223117502
2026-05-27,82.36812591552734,4.411198540667221
2026-05-28,81.98542785644531,4.406541522404385
2026-05-29,81.93248748779297,4.405895584827863
2026-05-30,82.54729461669922,4.413371397166463
2026-05-31,82.29830169677734,4.410350471951
2026-06-01,81.08702087402344,4.395522909769116
2026-06-02,74.14286041259766,4.30599377821112
2026-06-03,71.61238098144531,4.271267977753149
2026-06-04,68.71892547607422,4.2300246412917355
2026-06-05,63.486942291259766,4.150834251544731
2026-06-06,62.18980407714844,4.130191064719268
2026-06-07,66.31063079833984,4.194350228204476
2026-06-08,66.79495239257812,4.201627514702216
2026-06-09,64.9620590209961,4.1738033921028785
2026-06-10,63.160953521728516,4.145686286197622
2026-06-11,66.82200622558594,4.202032460805724
2026-06-12,66.74927520751953,4.2009434389070925
2026-06-13,68.87278747558594,4.232261143190652
2026-06-14,71.16618347167969,4.26501775435241
2026-06-15,73.97933197021484,4.303785756493504
2026-06-16,73.41378784179688,4.296111763235847
2026-06-17,71.93098449707031,4.275707110662707
2026-06-18,69.62649536132812,4.243145175378797
2026-06-19,69.7206039428711,4.244495883019223
2026-06-20,73.17265319824219,4.292821760977118
2026-06-21,72.41815948486328,4.282457089555322
2026-06-22,71.90816497802734,4.2753898184746255
2026-06-23,69.64368438720703,4.2433920196924495
2026-06-24,67.98249816894531,4.2192502921797725
2026-06-25,67.57408905029297,4.2132246114988465
2026-06-26,71.83538055419922,4.274377120064008
2026-06-27,70.41069793701172,4.254345210951899
2026-06-28,71.31294250488281,4.267077832754773
2026-06-29,74.94681549072266,4.316778735196616
2026-06-30,73.52330780029297,4.297602468878269
2026-07-01,77.38370513916016,4.348776230513741
2026-07-02,80.64398193359375,4.390044182240776
2026-07-03,82.28005981445312,4.4101287917467324
2026-07-04,81.6496353149414,4.402437352963651
2026-07-05,81.42304229736328,4.3996583078565354
2026-07-06,81.91517639160156,4.405684277619131
2026-07-07,80.9000015258789,4.393213842925743
