date,close,logprice
2010-07-19,1.4606670141220093,0.3788931903796297
2010-07-20,1.3533329963684082,0.3025704359566396
2010-07-21,1.3480000495910645,0.2986220492787381
2010-07-22,1.399999976158142,0.3364722195913143
2010-07-23,1.4193329811096191,0.3501870296417704
2010-07-26,1.3966670036315918,0.33408868652957713
2010-07-27,1.3700000047683716,0.3148107433205967
2010-07-28,1.3813329935073853,0.3230489702760487
2010-07-29,1.3566670417785645,0.30503098728161204
2010-07-30,1.329332947731018,0.28467727335948784
2010-08-02,1.3946670293807983,0.3326556981667524
2010-08-03,1.463333010673523,0.3807167179224924
2010-08-04,1.4173330068588257,0.34877694146736893
2010-08-05,1.363332986831665,0.3099324272288655
2010-08-06,1.305999994277954,0.26696902647288717
2010-08-09,1.3066669702529907,0.267479597470707
2010-08-10,1.2686669826507568,0.23796672927367582
2010-08-11,1.1933330297470093,0.17675025734251934
2010-08-12,1.1733330488204956,0.15984845845933449
2010-08-13,1.2213330268859863,0.19994290723161356
2010-08-16,1.2519999742507935,0.22474225211144766
2010-08-17,1.2766669988632202,0.2442527747305888
2010-08-18,1.2513329982757568,0.2242093817357215
2010-08-19,1.25266695022583,0.22527483868755824
2010-08-20,1.273332953453064,0.24163783561503954
2010-08-23,1.3420000076293945,0.29416104423458284
2010-08-24,1.2799999713897705,0.24686005557978374
2010-08-25,1.3266669511795044,0.2826697450851265
2010-08-26,1.3166669607162476,0.2751035135736915
2010-08-27,1.3133330345153809,0.2725682071153471
2010-08-30,1.324666976928711,0.2811610896804444
2010-08-31,1.2986669540405273,0.26133831839592814
2010-09-01,1.363332986831665,0.3099324272288655
2010-09-02,1.4040000438690186,0.3393253368493586
2010-09-03,1.4033329486846924,0.33885008492972407
2010-09-07,1.369333028793335,0.3143237809979838
2010-09-08,1.3933329582214355,0.3316986886494536
2010-09-09,1.380666971206665,0.32256669487985884
2010-09-10,1.3446669578552246,0.2961463674146241
2010-09-13,1.3813329935073853,0.3230489702760487
2010-09-14,1.4079999923706055,0.34217025231724657
2010-09-15,1.4653329849243164,0.382082510105482
2010-09-16,1.3960000276565552,0.3336110241514665
2010-09-17,1.348667025566101,0.2991167161916704
2010-09-20,1.4040000438690186,0.3393253368493586
2010-09-21,1.3846670389175415,0.3254597056236718
2010-09-22,1.324666976928711,0.2811610896804444
2010-09-23,1.3040000200271606,0.2654364788627131
2010-09-24,1.340000033378601,0.29266963887222347
2010-09-27,1.3686670064926147,0.31383727821838314
2010-09-28,1.4266669750213623,0.3553409370620413
2010-09-29,1.4653329849243164,0.382082510105482
2010-09-30,1.3606669902801514,0.30797501355402124
2010-10-01,1.3733329772949219,0.31724061544202126
2010-10-04,1.3993330001831055,0.33599569465248436
2010-10-05,1.4079999923706055,0.34217025231724657
2010-10-06,1.3639999628067017,0.31042153215345597
2010-10-07,1.3619999885559082,0.3089541993249037
2010-10-08,1.3619999885559082,0.3089541993249037
2010-10-11,1.3493330478668213,0.29961043175588215
2010-10-12,1.3493330478668213,0.29961043175588215
2010-10-13,1.369333028793335,0.3143237809979838
2010-10-14,1.3833329677581787,0.32449578130326623
2010-10-15,1.369333028793335,0.3143237809979838
2010-10-18,1.348667025566101,0.2991167161916704
2010-10-19,1.3366669416427612,0.29017915836812347
2010-10-20,1.3766670227050781,0.3196653769283417
2010-10-21,1.3833329677581787,0.32449578130326623
2010-10-22,1.3813329935073853,0.3230489702760487
2010-10-25,1.3899999856948853,0.3293037368511509
2010-10-26,1.4240000247955322,0.35346983040237673
2010-10-27,1.399999976158142,0.3364722195913143
2010-10-28,1.4126670360565186,0.3454794326620493
2010-10-29,1.4559999704360962,0.375692929469615
2010-11-01,1.4273329973220825,0.35580766608745446
2010-11-02,1.4166669845581055,0.3483069186621474
2010-11-03,1.4513330459594727,0.3724824761374322
2010-11-04,1.659999966621399,0.5068175822608606
2010-11-05,1.6293330192565918,0.4881707404372084
2010-11-08,1.6653330326080322,0.5100251230155609
2010-11-09,1.6419999599456787,0.49591498663661787
2010-11-10,1.957332968711853,0.6715828163592712
2010-11-11,1.869333028793335,0.6255816981504722
2010-11-12,1.9893330335617065,0.687799423543848
2010-11-15,2.053333044052124,0.7194643479936029
2010-11-16,1.9780000448226929,0.6820862558611333
2010-11-17,1.965999960899353,0.6760010018365479
2010-11-18,1.9926669597625732,0.6894739222808989
2010-11-19,2.065999984741211,0.7256143633117793
2010-11-22,2.2266669273376465,0.8005058159482431
2010-11-23,2.3046669960021973,0.8349361957307332
2010-11-24,2.3646669387817383,0.8606371827587599
2010-11-26,2.3546669483184814,0.8563992942478462
2010-11-29,2.2886669635772705,0.8279695360982025
2010-11-30,2.355333089828491,0.8566821568843881
2010-12-01,2.2899999618530273,0.8285518009080814
2010-12-02,2.1566669940948486,0.7685639716661016
2010-12-03,2.0993330478668213,0.7416196980311115
2010-12-06,2.02066707611084,0.7034276925957424
2010-12-07,2.1040000915527344,0.7438403383891194
2010-12-08,2.1579999923706055,0.7691818633005423
2010-12-09,2.136667013168335,0.7592471444337233
2010-12-10,2.101332902908325,0.7425718590532112
2010-12-13,2.0366671085357666,0.7113147014723756
2010-12-14,1.9019999504089355,0.6429059380500833
2010-12-15,1.9733330011367798,0.6797239918849424
2010-12-16,2.053999900817871,0.7197890632190581
2010-12-17,2.0906670093536377,0.7374831582927567
2010-12-20,2.113332986831665,0.7482663158212315
2010-12-21,2.1506669521331787,0.7657780043288079
2010-12-22,2.175333023071289,0.7771817668756519
2010-12-23,2.00600004196167,0.6961427104578243
2010-12-27,1.7033330202102661,0.5325869317178971
2010-12-28,1.7606669664382935,0.5656926954671117
2010-12-29,1.848667025566101,0.6144648526650724
2010-12-30,1.7666670083999634,0.5690947253238893
2010-12-31,1.775333046913147,0.5739880373904298
2011-01-03,1.7746670246124268,0.5736128135621957
2011-01-04,1.777999997138977,0.5754891354825886
2011-01-05,1.7886669635772705,0.5814706293308012
2011-01-06,1.858667016029358,0.6198595727542406
2011-01-07,1.8826669454574585,0.632689359605748
2011-01-10,1.8966670036315918,0.6400981371317618
2011-01-11,1.797333002090454,0.586303900645025
2011-01-12,1.797333002090454,0.586303900645025
2011-01-13,1.7480000257492065,0.5584722919640109
2011-01-14,1.7166670560836792,0.540384652852371
2011-01-18,1.7093329429626465,0.5361032025742463
2011-01-19,1.6019999980926514,0.47125284745556284
2011-01-20,1.5080000162124634,0.4107842803367347
2011-01-21,1.5360000133514404,0.42918164341782444
2011-01-24,1.6326669454574585,0.49021484061978876
2011-01-25,1.6453330516815186,0.49794282675274104
2011-01-26,1.649999976158142,0.5007752734628783
2011-01-27,1.6613329648971558,0.5076202710456428
2011-01-28,1.6006669998168945,0.4704204172631008
2011-01-31,1.6066670417785645,0.4741618728665075
2011-02-01,1.593999981880188,0.46624656900051253
2011-02-02,1.5959999561309814,0.4675004715407629
2011-02-03,1.5753329992294312,0.45446667801200785
2011-02-04,1.5640000104904175,0.4472466488305474
2011-02-07,1.5379999876022339,0.43048286302248595
2011-02-08,1.6326669454574585,0.49021484061978876
2011-02-09,1.547333002090454,0.436532805110731
2011-02-10,1.5479999780654907,0.43696376099795564
2011-02-11,1.5499999523162842,0.43825490016746715
2011-02-14,1.5386669635772705,0.4309164335038338
2011-02-15,1.5226670503616333,0.4204634356743811
2011-02-16,1.6486669778823853,0.4999670691992239
2011-02-17,1.5733330249786377,0.4531963149411811
2011-02-18,1.5453330278396606,0.43523943912149465
2011-02-22,1.4579999446868896,0.37706559564880426
2011-02-23,1.4553329944610596,0.37523473661105344
2011-02-24,1.5019999742507935,0.4067975361986629
2011-02-25,1.5740000009536743,0.45362015060110367
2011-02-28,1.5926669836044312,0.46540995923366607
2011-03-01,1.5959999561309814,0.4675004715407629
2011-03-02,1.6013330221176147,0.47083642120174096
2011-03-03,1.6239999532699585,0.4848922129648297
2011-03-04,1.6633330583572388,0.5088234557790147
2011-03-07,1.6626670360565186,0.5084229613167679
2011-03-08,1.6440000534057617,0.49713232911924415
2011-03-09,1.6480000019073486,0.4995624326446517
2011-03-10,1.6006669998168945,0.4704204172631008
2011-03-11,1.6046669483184814,0.4729162262132047
2011-03-14,1.5499999523162842,0.43825490016746715
2011-03-15,1.5299999713897705,0.42526771670484753
2011-03-16,1.5213329792022705,0.4195869105549202
2011-03-17,1.5206669569015503,0.4191490260543601
2011-03-18,1.5306669473648071,0.42570355373207025
2011-03-21,1.5153330564498901,0.4156352540410791
2011-03-22,1.4793330430984497,0.3915913396492469
2011-03-23,1.480666995048523,0.39249265858383325
2011-03-24,1.4886670112609863,0.39788109622832474
2011-03-25,1.5166670083999634,0.41651516961338114
2011-03-28,1.5499999523162842,0.43825490016746715
2011-03-29,1.5946669578552246,0.4666649105817247
2011-03-30,1.5806670188903809,0.4578469218074585
2011-03-31,1.850000023841858,0.6151856519777241
2011-04-01,1.7773330211639404,0.5751139380091438
2011-04-04,1.722000002861023,0.5434864076669925
2011-04-05,1.7799999713897705,0.576613348230831
2011-04-06,1.7660000324249268,0.5687171205424287
2011-04-07,1.815999984741211,0.5966362717766847
2011-04-08,1.7660000324249268,0.5687171205424287
2011-04-11,1.6846669912338257,0.5215679129574463
2011-04-12,1.6433329582214355,0.4967264711236449
2011-04-13,1.6619999408721924,0.5080216608569577
2011-04-14,1.6759999990463257,0.5164100014908732
2011-04-15,1.7053329944610596,0.5337603963352492
2011-04-18,1.668666958808899,0.5120250794167065
2011-04-19,1.6773329973220825,0.517205030405337
2011-04-20,1.7166670560836792,0.540384652852371
2011-04-21,1.7826670408248901,0.578110580458377
2011-04-25,1.7593330144882202,0.5649347681823621
2011-04-26,1.7953330278396606,0.5851905355614208
2011-04-27,1.8053330183029175,0.5907450724419879
2011-04-28,1.843999981880188,0.6119371153080397
2011-04-29,1.840000033378601,0.6097655897614381
2011-05-02,1.8300000429153442,0.604315990304337
2011-05-03,1.7913329601287842,0.5829600131861938
2011-05-04,1.7793329954147339,0.5762385724011664
2011-05-05,1.762666940689087,0.5668279693402763
2011-05-06,1.8079999685287476,0.5922212445633185
2011-05-09,1.8606669902801514,0.620935020369412
2011-05-10,1.8886669874191284,0.6358712825703076
2011-05-11,1.8046669960021973,0.5903760850150418
2011-05-12,1.8446669578552246,0.612298750550908
2011-05-13,1.8366669416427612,0.6079524842114542
2011-05-16,1.773332953453064,0.5728608004672233
2011-05-17,1.730666995048523,0.5485068804766444
2011-05-18,1.7566670179367065,0.5634182738491108
2011-05-19,1.8799999952316284,0.63127177430549
2011-05-20,1.8646670579910278,0.62308251597454
2011-05-23,1.7879999876022339,0.5810976698174487
2011-05-24,1.7813329696655273,0.5773619434113829
2011-05-25,1.9320000410079956,0.6585557570159967
2011-05-26,1.9653329849243164,0.6756616889415948
2011-05-27,1.9700000286102295,0.6780335572728562
2011-05-31,2.0093328952789307,0.6978027740862934
2011-06-01,1.901332974433899,0.6425552056818927
2011-06-02,1.9173330068588257,0.6509351614753218
2011-06-03,2.0086669921875,0.6974713140981513
2011-06-06,1.9133330583572388,0.6488467779476261
2011-06-07,1.891332983970642,0.6372818630008603
2011-06-08,1.8079999685287476,0.5922212445633185
2011-06-09,1.841333031654358,0.6104897830416803
2011-06-10,1.8573329448699951,0.6191415580983124
2011-06-13,1.8953330516815186,0.6393945759579007
2011-06-14,1.9066669940948486,0.6453566884516495
2011-06-15,1.8213330507278442,0.5995686784362992
2011-06-16,1.7666670083999634,0.5690947253238893
2011-06-17,1.7666670083999634,0.5690947253238893
2011-06-20,1.7339999675750732,0.5504308596588535
2011-06-21,1.835332989692688,0.6072259308161939
2011-06-22,1.8140000104904175,0.5955343574759754
2011-06-23,1.8473329544067383,0.6137429526517997
2011-06-24,1.8380000591278076,0.6086780561031399
2011-06-27,1.8306670188903809,0.6046803916394796
2011-06-28,1.8739999532699585,0.6280751588802421
2011-06-29,1.8860000371932983,0.6344582039319964
2011-06-30,1.9420000314712524,0.6637183860747213
2011-07-01,1.9346669912338257,0.6599352141176834
2011-07-05,1.942667007446289,0.6640617750833074
2011-07-06,1.9306670427322388,0.6578655612006312
2011-07-07,1.9819999933242798,0.6841064325396226
2011-07-08,1.920667052268982,0.6526725487590361
2011-07-11,1.8899999856948853,0.6365768215027072
2011-07-12,1.878000020980835,0.6302073919579747
2011-07-13,1.9093329906463623,0.6467539615103107
2011-07-14,1.8406670093536377,0.6101280110152998
2011-07-15,1.8386670351028442,0.6090408716451832
2011-07-18,1.8153330087661743,0.5962689267913972
2011-07-19,1.8593330383300781,0.6202178418764066
2011-07-20,1.9126670360565186,0.6484986220192349
2011-07-21,1.9133330583572388,0.6488467779476261
2011-07-22,1.952666997909546,0.6691961293735798
2011-07-25,1.8993330001831055,0.6415027720038211
2011-07-26,1.8666670322418213,0.6241545049168075
2011-07-27,1.8426669836044312,0.6112139697967547
2011-07-28,1.878000020980835,0.6302073919579747
2011-07-29,1.878000020980835,0.6302073919579747
2011-08-01,1.9179999828338623,0.6512829675112268
2011-08-02,1.8226670026779175,0.6003008145450308
2011-08-03,1.8133330345153809,0.5951666074104159
2011-08-04,1.649999976158142,0.5007752734628783
2011-08-05,1.6160000562667847,0.4799539949174579
2011-08-08,1.5759999752044678,0.4548899757024815
2011-08-09,1.670667052268982,0.5132229791731369
2011-08-10,1.5880000591278076,0.46247540005907906
2011-08-11,1.6866669654846191,0.5227543717960428
2011-08-12,1.753999948501587,0.561898864589436
2011-08-15,1.7486670017242432,0.5588537843840128
2011-08-16,1.7400000095367432,0.5538851187073245
2011-08-17,1.722000002861023,0.5434864076669925
2011-08-18,1.6173330545425415,0.4807785300368499
2011-08-19,1.4866670370101929,0.3965367264738272
2011-08-22,1.463333010673523,0.3807167179224924
2011-08-23,1.5306669473648071,0.42570355373207025
2011-08-24,1.591333031654358,0.4645720496722798
2011-08-25,1.5406670570373535,0.43221547656181886
2011-08-26,1.5820000171661377,0.45868988019637086
2011-08-29,1.647333025932312,0.4991576322930577
2011-08-30,1.6419999599456787,0.49591498663661787
2011-08-31,1.6493330001831055,0.5003709638712699
2011-09-01,1.600000023841858,0.47000364414689666
2011-09-02,1.5379999876022339,0.43048286302248595
2011-09-06,1.5293329954147339,0.4248316896408824
2011-09-07,1.5893330574035645,0.4633144674813948
2011-09-08,1.5740000009536743,0.45362015060110367
2011-09-09,1.5313329696655273,0.42613857811435024
2011-09-12,1.525333046913147,0.42221277763389764
2011-09-13,1.6053329706192017,0.47333119339519636
2011-09-14,1.6226669549942017,0.4840710641446255
2011-09-15,1.6546670198440552,0.5035997921174526
2011-09-16,1.7200000286102295,0.5423243074592159
2011-09-19,1.718000054359436,0.5411608552031784
2011-09-20,1.7339999675750732,0.5504308596588535
2011-09-21,1.7233330011367798,0.544260207088252
2011-09-22,1.7086670398712158,0.5357135576923271
2011-09-23,1.7586669921875,0.564556131282184
2011-09-26,1.7013330459594727,0.5314120884633965
2011-09-27,1.746000051498413,0.557327486912492
2011-09-28,1.6393330097198486,0.49428945772032995
2011-09-29,1.6080000400543213,0.4749911956661781
2011-09-30,1.6260000467300415,0.48612303986488137
2011-10-03,1.5820000171661377,0.45868988019637086
2011-10-04,1.5773329734802246,0.4557354293078258
2011-10-05,1.6913330554962158,0.5255170082379081
2011-10-06,1.797333002090454,0.586303900645025
2011-10-07,1.7993329763412476,0.5874160275252647
2011-10-10,1.858667016029358,0.6198595727542406
2011-10-11,1.8406670093536377,0.6101280110152998
2011-10-12,1.8533329963684082,0.6169856377787577
2011-10-13,1.8626669645309448,0.6220093126394123
2011-10-14,1.8700000047683716,0.6259384334164266
2011-10-17,1.8279999494552612,0.6032224453816631
2011-10-18,1.8893330097198486,0.6362238618758258
2011-10-19,1.8380000591278076,0.6086780561031399
2011-10-20,1.8226670026779175,0.6003008145450308
2011-10-21,1.8686670064926147,0.625225345929241
2011-10-24,1.9033329486846924,0.6436065329076831
2011-10-25,1.8833329677581787,0.6330430623795195
2011-10-26,1.8653329610824585,0.6234395685724489
2011-10-27,1.9173330068588257,0.6509351614753218
2011-10-28,1.9913330078125,0.6888042676570136
2011-10-31,1.9579999446868896,0.6719235158585173
2011-11-01,1.925333023071289,0.6550989517752188
2011-11-02,1.9140000343322754,0.6491953109682104
2011-11-03,2.1640000343322754,0.7719583768494269
2011-11-04,2.1540000438690186,0.7673265991005005
2011-11-07,2.0846669673919678,0.7346091146233502
2011-11-08,2.122667074203491,0.7526733518668045
2011-11-09,2.058666944503784,0.7220586590140959
2011-11-10,2.0886669158935547,0.7365260231853215
2011-11-11,2.2426669597625732,0.8076657646933313
2011-11-14,2.2146670818328857,0.7951020905450912
2011-11-15,2.26200008392334,0.8162494147953161
2011-11-16,2.3293330669403076,0.8455819892392009
2011-11-17,2.245332956314087,0.8088538203595296
2011-11-18,2.173332929611206,0.7762619015087197
2011-11-21,2.117332935333252,0.7501572473043766
2011-11-22,2.138000011444092,0.7598708179555624
2011-11-23,2.0966670513153076,0.740348965501444
2011-11-25,2.1106669902801514,0.7470040066735207
2011-11-28,2.1706669330596924,0.7750344627561817
2011-11-29,2.1166670322418213,0.7498426969491472
2011-11-30,2.1826670169830322,0.7805475313400171
2011-12-01,2.173332929611206,0.7762619015087197
2011-12-02,2.2200000286102295,0.7975072087716788
2011-12-05,2.2946670055389404,0.8305877373593858
2011-12-06,2.324666976928711,0.8435767930505161
2011-12-07,2.2793331146240234,0.8238829065958029
2011-12-08,2.059333086013794,0.7223821857313779
2011-12-09,2.069333076477051,0.7272263700876637
2011-12-12,2.0273330211639404,0.7067211466067523
2011-12-13,1.963333010673523,0.6746435446525145
2011-12-14,1.9019999504089355,0.6429059380500833
2011-12-15,1.9079999923706055,0.6460555690274603
2011-12-16,1.8666670322418213,0.6241545049168075
2011-12-19,1.850000023841858,0.6151856519777241
2011-12-20,1.8600000143051147,0.6205764954160318
2011-12-21,1.8380000591278076,0.6086780561031399
2011-12-22,1.8513330221176147,0.615905932112927
2011-12-23,1.8600000143051147,0.6205764954160318
2011-12-27,1.9046670198440552,0.6443072005678547
2011-12-28,1.9006669521331787,0.6422048520151927
2011-12-29,1.9153330326080322,0.6498915148795947
2011-12-30,1.9040000438690186,0.6439569594096243
2012-01-03,1.871999979019165,0.6270073668476892
2012-01-04,1.8473329544067383,0.6137429526517997
2012-01-05,1.8079999685287476,0.5922212445633185
2012-01-06,1.7940000295639038,0.5844477801159264
2012-01-09,1.8166669607162476,0.5970034818691845
2012-01-10,1.841333031654358,0.6104897830416803
2012-01-11,1.8819999694824219,0.632335024947684
2012-01-12,1.8833329677581787,0.6330430623795195
2012-01-13,1.519333004951477,0.4182714260198683
2012-01-17,1.773332953453064,0.5728608004672233
2012-01-18,1.7873330116271973,0.5807245711533985
2012-01-19,1.784000039100647,0.5788580560752205
2012-01-20,1.773332953453064,0.5728608004672233
2012-01-23,1.7846670150756836,0.5792318516536127
2012-01-24,1.8279999494552612,0.6032224453816631
2012-01-25,1.8646670579910278,0.62308251597454
2012-01-26,1.929332971572876,0.6571743325956899
2012-01-27,1.9553329944610596,0.6705605085804824
2012-01-30,1.9713330268859863,0.6787099773103475
2012-01-31,1.937999963760376,0.661656494769078
2012-02-01,1.972000002861023,0.6790482576312666
2012-02-02,2.016666889190674,0.7014460937171172
2012-02-03,2.076667070388794,0.7307642385399622
2012-02-06,2.119999885559082,0.7514160347023545
2012-02-07,2.1066670417785645,0.7451070975500856
2012-02-08,2.128667116165161,0.7554960167887995
2012-02-09,2.171999931335449,0.7756483704581753
2012-02-10,2.0733330249786377,0.7291574693588376
2012-02-13,2.0993330478668213,0.7416196980311115
2012-02-14,2.2113330364227295,0.7935955175890586
2012-02-15,2.240000009536743,0.8064758701244231
2012-02-16,2.2786669731140137,0.8235906110706033
2012-02-17,2.3313329219818115,0.8464401735283111
2012-02-21,2.299999952316284,0.8329091022030535
2012-02-22,2.2813329696655273,0.8247599079516234
2012-02-23,2.302000045776367,0.8337783301851673
2012-02-24,2.25,0.8109302162163288
2012-02-27,2.2413330078125,0.8070707816428979
2012-02-28,2.253999948501587,0.8127063927700185
2012-02-29,2.2273330688476562,0.8008049365210079
2012-03-01,2.2939999103546143,0.8302969796289804
2012-03-02,2.2693328857421875,0.8194859053683027
2012-03-05,2.251332998275757,0.8115224844689701
2012-03-06,2.2073330879211426,0.7917850392765442
2012-03-07,2.2079999446868896,0.7920871033636211
2012-03-08,2.204667091369629,0.7905765185296474
2012-03-09,2.315999984741211,0.8398415531223252
2012-03-12,2.4006669521331787,0.8757465954699158
2012-03-13,2.4059998989105225,0.8779655755369096
2012-03-14,2.3526670932769775,0.8555496179154896
2012-03-15,2.3333330154418945,0.8472977241480063
2012-03-16,2.3546669483184814,0.8563992942478462
2012-03-19,2.3320000171661377,0.8467262758493684
2012-03-20,2.330667018890381,0.8461545008108488
2012-03-21,2.3433330059051514,0.8515742774269227
2012-03-22,2.293333053588867,0.8300062412955366
2012-03-23,2.2720000743865967,0.8206605335994839
2012-03-26,2.493333101272583,0.9136204102457784
2012-03-27,2.5293331146240234,0.9279556769355017
2012-03-28,2.5233330726623535,0.9255806754770232
2012-03-29,2.4886670112609863,0.9117472302897107
2012-03-30,2.4826669692993164,0.9093333732048697
2012-04-02,2.438667058944702,0.8914516027180837
2012-04-03,2.5339999198913574,0.9297990502854335
2012-04-04,2.3333330154418945,0.8472977241480063
2012-04-05,2.2986669540405273,0.8323293697109053
2012-04-09,2.2100000381469727,0.7929925327907349
2012-04-10,2.1640000343322754,0.7719583768494269
2012-04-11,2.2060000896453857,0.7911809614683841
2012-04-12,2.22933292388916,0.801702403452115
2012-04-13,2.239332914352417,0.8061780154212371
2012-04-16,2.1500000953674316,0.7654678864965154
2012-04-17,2.1493330001831055,0.7651575615345486
2012-04-18,2.177333116531372,0.7781007868678622
2012-04-19,2.2106668949127197,0.7932942324124903
2012-04-20,2.2106668949127197,0.7932942324124903
2012-04-23,2.129333019256592,0.7558087941846102
2012-04-24,2.121332883834839,0.7520446099130834
2012-04-25,2.194000005722046,0.7857263644610814
2012-04-26,2.2326669692993164,0.8031968212515126
2012-04-27,2.2226669788360596,0.7987078166685652
2012-04-30,2.208667039871216,0.7923891841823613
2012-05-01,2.252000093460083,0.811818751778368
2012-05-02,2.262666940689087,0.8165441798098235
2012-05-03,2.1640000343322754,0.7719583768494269
2012-05-04,2.121999979019165,0.7523590303044987
2012-05-07,2.1646668910980225,0.7722664886919459
2012-05-08,2.012666940689087,0.6994606787654617
2012-05-09,2.003999948501587,0.6951451575248071
2012-05-10,2.1973330974578857,0.787244396592826
2012-05-11,2.1500000953674316,0.7654678864965154
2012-05-14,2.003999948501587,0.6951451575248071
2012-05-15,1.9620000123977661,0.6739643674621143
2012-05-16,1.9453330039978027,0.6654331726972487
2012-05-17,1.9046670198440552,0.6443072005678547
2012-05-18,1.8373329639434814,0.6083150439965012
2012-05-21,1.9179999828338623,0.6512829675112268
2012-05-22,2.053333044052124,0.7194643479936029
2012-05-23,2.068000078201294,0.726581994461121
2012-05-24,2.018666982650757,0.702437383998114
2012-05-25,1.987333059310913,0.686793568703282
2012-05-29,2.1126670837402344,0.7479511700162993
2012-05-30,2.0273330211639404,0.7067211466067523
2012-05-31,1.9666670560836792,0.676340260252195
2012-06-01,1.8766670227050781,0.6294973432019855
2012-06-04,1.858667016029358,0.6198595727542406
2012-06-05,1.8606669902801514,0.620935020369412
2012-06-06,1.9479999542236328,0.6668031817211812
2012-06-07,1.9286669492721558,0.6568290644147664
2012-06-08,2.0053329467773438,0.6958101052154528
2012-06-11,1.9413330554962158,0.6633748791096178
2012-06-12,1.9773329496383667,0.6817489415608782
2012-06-13,1.9846669435501099,0.6854511134367736
2012-06-14,1.9593329429626465,0.6726040800921108
2012-06-15,1.99399995803833,0.6901426504956795
2012-06-18,2.122667074203491,0.7526733518668045
2012-06-19,2.1393330097198486,0.7604941027511654
2012-06-20,2.252000093460083,0.811818751778368
2012-06-21,2.1459999084472656,0.7636056015464674
2012-06-22,2.25266695022583,0.8121148255010877
2012-06-25,2.2073330879211426,0.7917850392765442
2012-06-26,2.107332944869995,0.7454231407864802
2012-06-27,2.130666971206665,0.7564350627276426
2012-06-28,2.0940001010894775,0.7390761607241212
2012-06-29,2.0859999656677246,0.7352483401201552
2012-07-02,2.0266671180725098,0.7063926300430874
2012-07-03,2.0439999103546143,0.7149086284836362
2012-07-05,2.0820000171661377,0.7333289784378
2012-07-06,2.065999984741211,0.7256143633117793
2012-07-09,2.0993330478668213,0.7416196980311115
2012-07-10,2.0846669673919678,0.7346091146233502
2012-07-11,2.1006669998168945,0.7422549132595794
2012-07-12,2.180000066757202,0.779324907423567
2012-07-13,2.2833330631256104,0.8256362452668685
2012-07-16,2.3973329067230225,0.874356830549173
2012-07-17,2.2233328819274902,0.7990073682282882
2012-07-18,2.1433329582214355,0.7623620745680759
2012-07-19,2.1513330936431885,0.7660876935469603
2012-07-20,2.119333028793335,0.7511014301243608
2012-07-23,2.0439999103546143,0.7149086284836362
2012-07-24,1.9893330335617065,0.687799423543848
2012-07-25,1.9299999475479126,0.6575199757395465
2012-07-26,1.8753329515457153,0.6287862178156645
2012-07-27,1.9673329591751099,0.6766787976671454
2012-07-30,1.8233330249786377,0.6006661586498451
2012-07-31,1.8279999494552612,0.6032224453816631
2012-08-01,1.75,0.5596157879354227
2012-08-02,1.7400000095367432,0.5538851187073245
2012-08-03,1.8179999589920044,0.5977369731986336
2012-08-06,1.8846670389175415,0.6337511681187672
2012-08-07,2.016666889190674,0.7014460937171172
2012-08-08,1.9393329620361328,0.6623440799487799
2012-08-09,1.9606670141220093,0.6732847286765354
2012-08-10,1.996000051498413,0.69114520369008
2012-08-13,2.078000068664551,0.731405925720611
2012-08-14,1.9613330364227295,0.6736243626890489
2012-08-15,1.9600000381469727,0.6729444927051669
2012-08-16,2.0199999809265137,0.7030975019707933
2012-08-17,2.000667095184326,0.6934806725374767
2012-08-20,1.9673329591751099,0.6766787976671454
2012-08-21,1.9406670331954956,0.6630317455227871
2012-08-22,1.9966670274734497,0.6914793041637978
2012-08-23,2.0486669540405273,0.7171893153137793
2012-08-24,1.9666670560836792,0.676340260252195
2012-08-27,1.8880000114440918,0.6355180737847982
2012-08-28,1.9126670360565186,0.6484986220192349
2012-08-29,1.8940000534057617,0.6386910229612259
2012-08-30,1.8940000534057617,0.6386910229612259
2012-08-31,1.901332974433899,0.6425552056818927
2012-09-04,1.8760000467300415,0.6291418754934364
2012-09-05,1.8626669645309448,0.6220093126394123
2012-09-06,1.9033329486846924,0.6436065329076831
2012-09-07,1.9566669464111328,0.6712424881417998
2012-09-10,1.824666976928711,0.6013974919880198
2012-09-11,1.8533329963684082,0.6169856377787577
2012-09-12,1.8853329420089722,0.634104432363714
2012-09-13,1.9653329849243164,0.6756616889415948
2012-09-14,2.0260000228881836,0.7060634171237195
2012-09-17,2.169332981109619,0.7744197383237111
2012-09-18,2.0893330574035645,0.7368449037597168
2012-09-19,2.069999933242798,0.7275485750274211
2012-09-20,2.059999942779541,0.7227059550245675
2012-09-21,2.001332998275757,0.6938134576859151
2012-09-24,2.0439999103546143,0.7149086284836362
2012-09-25,1.843999981880188,0.6119371153080397
2012-09-26,1.8359999656677246,0.6075892734988021
2012-09-27,1.8993330001831055,0.6415027720038211
2012-09-28,1.9520000219345093,0.6688544992278419
2012-10-01,1.944000005722046,0.6647477089816866
2012-10-02,1.9866670370101929,0.6864583788236579
2012-10-03,1.9533330202102661,0.6695371546188872
2012-10-04,1.9600000381469727,0.6729444927051669
2012-10-05,1.9259999990463257,0.6554453128807758
2012-10-08,1.9500000476837158,0.6678293970288427
2012-10-09,1.891332983970642,0.6372818630008603
2012-10-10,1.8933329582214355,0.6383387459424494
2012-10-11,1.8880000114440918,0.6355180737847982
2012-10-12,1.8426669836044312,0.6112139697967547
2012-10-15,1.8220000267028809,0.5999348134935737
2012-10-16,1.8706669807434082,0.6262950414677116
2012-10-17,1.9213329553604126,0.6530191927448645
2012-10-18,1.869333028793335,0.6255816981504722
2012-10-19,1.8493330478668213,0.6148250594226149
2012-10-22,1.8566670417785645,0.618782967306196
2012-10-23,1.8926670551300049,0.6379869746292169
2012-10-24,1.8279999494552612,0.6032224453816631
2012-10-25,1.8346669673919678,0.6068629758756925
2012-10-26,1.8253329992294312,0.6017624357208762
2012-10-31,1.8753329515457153,0.6287862178156645
2012-11-01,1.9500000476837158,0.6678293970288427
2012-11-02,1.9279999732971191,0.6564831823383118
2012-11-05,2.0999999046325684,0.7419372993163136
2012-11-06,2.076667070388794,0.7307642385399622
2012-11-07,2.1026670932769775,0.7432065833227905
2012-11-08,2.0873329639434814,0.735887157268737
2012-11-09,2.0213329792022705,0.7037571844751795
2012-11-12,2.0713329315185547,0.7281923283142598
2012-11-13,2.107332944869995,0.7454231407864802
2012-11-14,2.0920000076293945,0.7381205498496146
2012-11-15,2.0546669960021973,0.720113789076345
2012-11-16,2.122667074203491,0.7526733518668045
2012-11-19,2.194667100906372,0.7860303725679876
2012-11-20,2.200000047683716,0.7884573820386862
2012-11-21,2.1646668910980225,0.7722664886919459
2012-11-23,2.1419999599456787,0.7617399533260605
2012-11-26,2.1513330936431885,0.7660876935469603
2012-11-27,2.1433329582214355,0.7623620745680759
2012-11-28,2.2153329849243164,0.7954027239926809
2012-11-29,2.246000051498413,0.8091508792451974
2012-11-30,2.254667043685913,0.8130023095854987
2012-12-03,2.308000087738037,0.8363813866605998
2012-12-04,2.259999990463257,0.8153648090643967
2012-12-05,2.24733304977417,0.8097442019679147
2012-12-06,2.259999990463257,0.8153648090643967
2012-12-07,2.2780001163482666,0.823297916099733
2012-12-10,2.3046669960021973,0.8349361957307332
2012-12-11,2.3519999980926514,0.8552660292254329
2012-12-12,2.3506669998168945,0.8546991175933526
2012-12-13,2.2406671047210693,0.8067736361366012
2012-12-14,2.253999948501587,0.8127063927700185
2012-12-17,2.293333053588867,0.8300062412955366
2012-12-18,2.305999994277954,0.8355144193654944
2012-12-19,2.307332992553711,0.8360923088508876
2012-12-20,2.295332908630371,0.8308778912193224
2012-12-21,2.266666889190674,0.8183104216863026
2012-12-24,2.2853329181671143,0.826511710961854
2012-12-26,2.239332914352417,0.8061780154212371
2012-12-27,2.246000051498413,0.8091508792451974
2012-12-28,2.2146670818328857,0.7951020905450912
2012-12-31,2.257999897003174,0.8144794201132858
2013-01-02,2.357332944869995,0.857530871877907
2013-01-03,2.318000078201294,0.8407047786540969
2013-01-04,2.293333053588867,0.8300062412955366
2013-01-07,2.2893331050872803,0.8282605546673242
2013-01-08,2.245332956314087,0.8088538203595296
2013-01-09,2.2426669597625732,0.8076657646933313
2013-01-10,2.23533296585083,0.8043901949787305
2013-01-11,2.194000005722046,0.7857263644610814
2013-01-14,2.2173330783843994,0.7963051576825887
2013-01-15,2.259999990463257,0.8153648090643967
2013-01-16,2.2733330726623535,0.8212470685226005
2013-01-17,2.2920000553131104,0.8294248229856125
2013-01-18,2.301332950592041,0.833488498800159
2013-01-22,2.3459999561309814,0.8527117315317871
2013-01-23,2.4000000953674316,0.875468777090329
2013-01-24,2.4660000801086426,0.9025974372274086
2013-01-25,2.4653329849243164,0.902326883533469
2013-01-28,2.5353329181671143,0.9303249570858205
2013-01-29,2.5299999713897705,0.9282192914310377
2013-01-30,2.501332998275757,0.9168237890842151
2013-01-31,2.500667095184326,0.9165575343529386
2013-02-01,2.553333044052124,0.9373995817888711
2013-02-04,2.5160000324249268,0.9226703517256848
2013-02-05,2.5420000553131104,0.9329511945269435
2013-02-06,2.611332893371582,0.9598607780938647
2013-02-07,2.631999969482422,0.9677440018682462
2013-02-08,2.615999937057495,0.9616464095343614
2013-02-11,2.561332941055298,0.9405278030843488
2013-02-12,2.5260000228881836,0.926637032989338
2013-02-13,2.563333034515381,0.9413083782754624
2013-02-14,2.551332950592041,0.936615948319205
2013-02-15,2.4693329334259033,0.9039480467262022
2013-02-19,2.618666887283325,0.9626653666317572
2013-02-20,2.569333076477051,0.9436463619139939
2013-02-21,2.3440001010894775,0.8518589148416754
2013-02-22,2.4073328971862793,0.878519453012789
2013-02-25,2.2920000553131104,0.8294248229856125
2013-02-26,2.295332908630371,0.8308778912193224
2013-02-27,2.3399999141693115,0.850150892689828
2013-02-28,2.322000026702881,0.8424288947756484
2013-03-01,2.309999942779541,0.8372474997629404
2013-03-04,2.371999979019165,0.8637334722902703
2013-03-05,2.4433329105377197,0.8933630541899388
2013-03-06,2.512666940689087,0.9213447152332437
2013-03-07,2.5486669540405273,0.9355704593606933
2013-03-08,2.564666986465454,0.9418286403560803
2013-03-11,2.6066670417785645,0.9580724097939198
2013-03-12,2.6080000400543213,0.9585836594226584
2013-03-13,2.5986669063568115,0.9549985852130181
2013-03-14,2.456666946411133,0.8988055314046892
2013-03-15,2.3526670932769775,0.8555496179154896
2013-03-18,2.3433330059051514,0.8515742774269227
2013-03-19,2.3386669158935547,0.8495810729697061
2013-03-20,2.396667003631592,0.874079023662162
2013-03-21,2.4006669521331787,0.8757465954699158
2013-03-22,2.441333055496216,0.8925442243386658
2013-03-25,2.502000093460083,0.9170904493988686
2013-03-26,2.5239999294281006,0.9258449167186258
2013-03-27,2.5439999103546143,0.933737610239909
2013-03-28,2.5260000228881836,0.926637032989338
2013-04-01,2.9286670684814453,1.0745473940860533
2013-04-02,2.9560000896453857,1.08383703341254
2013-04-03,2.740000009536743,1.007957923880542
2013-04-04,2.8006670475006104,1.029857620058818
2013-04-05,2.757999897003174,1.0145057420263572
2013-04-08,2.7886669635772705,1.0255636908223444
2013-04-09,2.700000047683716,0.9932517906709187
2013-04-10,2.7906670570373535,1.0262806558000175
2013-04-11,2.9059998989105225,1.066777530361622
2013-04-12,2.9166669845581055,1.0704415206927578
2013-04-15,2.886667013168335,1.0601025539414468
2013-04-16,3.0393331050872803,1.11163811802573
2013-04-17,3.0299999713897705,1.1085626100789578
2013-04-18,3.131333112716675,1.1414588284821483
2013-04-19,3.188667058944702,1.159602979612579
2013-04-22,3.3459999561309814,1.207765589453748
2013-04-23,3.4006669521331787,1.2239715747769007
2013-04-24,3.361999988555908,1.2125360315824703
2013-04-25,3.4666669368743896,1.2431935954237496
2013-04-26,3.413332939147949,1.227689215459246
2013-04-29,3.6626670360565186,1.2981915804176207
2013-04-30,3.5993330478668213,1.280748563817042
2013-05-01,3.552000045776367,1.2675108380174143
2013-05-02,3.607332944869995,1.2829687028653078
2013-05-03,3.636667013168335,1.291067606456884
2013-05-06,3.9666669368743896,1.3779261795689657
2013-05-07,3.700666904449463,1.308513047853901
2013-05-08,3.7193329334259033,1.3135443332339547
2013-05-09,4.626667022705078,1.531836743364093
2013-05-10,5.117332935333252,1.6326333922623875
2013-05-13,5.853332996368408,1.7670112419708197
2013-05-14,5.549333095550537,1.7136777575743287
2013-05-15,5.656000137329102,1.7327169528745228
2013-05-16,6.150000095367432,1.8164520973253258
2013-05-17,6.099999904632568,1.8082887555452603
2013-05-20,5.995999813079834,1.791092549066207
2013-05-21,5.8393330574035645,1.764616587819144
2013-05-22,5.815999984741211,1.76061273760763
2013-05-23,6.182000160217285,1.821641869626664
2013-05-24,6.4720001220703125,1.8674851986174872
2013-05-28,7.355332851409912,1.9954256081497332
2013-05-29,6.975333213806152,1.9423800991550513
2013-05-30,6.99666690826416,1.945433879694802
2013-05-31,6.517333030700684,1.8744652478860315
2013-06-03,6.172667026519775,1.8201310016555798
2013-06-04,6.322667121887207,1.8441411320931795
2013-06-05,6.357999801635742,1.8497138312894508
2013-06-06,6.489999771118164,1.8702624954491511
2013-06-07,6.802667140960693,1.9173147618931778
2013-06-10,6.670000076293945,1.897619871365905
2013-06-11,6.297999858856201,1.8402321002679405
2013-06-12,6.51533317565918,1.8741583490480602
2013-06-13,6.545332908630371,1.8787522626413178
2013-06-14,6.686666965484619,1.9001155385543058
2013-06-17,6.813333034515381,1.9188814328095722
2013-06-18,6.892666816711426,1.9304580662651445
2013-06-19,6.97866678237915,1.942857893140622
2013-06-20,6.710000038146973,1.9035989566686833
2013-06-21,6.636666774749756,1.8926098456937444
2013-06-24,6.765999794006348,1.911910039913105
2013-06-25,6.826666831970215,1.920836535717584
2013-06-26,7.047999858856201,1.9527438686078
2013-06-27,7.283332824707031,1.985588563039212
2013-06-28,7.157332897186279,1.9681374111840713
2013-07-01,7.811999797821045,2.0556609871338694
2013-07-02,7.8546671867370605,2.061107901202973
2013-07-03,7.682666778564453,2.0389667236790845
2013-07-05,8.005999565124512,2.0801912062516834
2013-07-08,8.107333183288574,2.0927689833834093
2013-07-09,8.229999542236328,2.1077859590676318
2013-07-10,8.15133285522461,2.0981814543998354
2013-07-11,8.37399959564209,2.1251316193096432
2013-07-12,8.65999984741211,2.158714704954495
2013-07-15,8.484000205993652,2.138182060982687
2013-07-16,7.269999980926514,1.9837562889218399
2013-07-17,8.016667366027832,2.081522795122056
2013-07-18,7.935332775115967,2.0713252907317763
2013-07-19,7.97866678237915,2.0767713276266915
2013-07-22,8.161999702453613,2.0994892005285304
2013-07-23,8.182666778564453,2.1020181095337187
2013-07-24,8.113332748413086,2.093508726797565
2013-07-25,8.271332740783691,2.112795649713617
2013-07-26,8.62600040435791,2.1547809451022917
2013-07-29,8.974666595458984,2.1944057855460586
2013-07-30,8.78266716003418,2.1727801382854732
2013-07-31,8.95199966430664,2.191876933510365
2013-08-01,9.036666870117188,2.2012903973563542
2013-08-02,9.199999809265137,2.2192034633229443
2013-08-05,9.645333290100098,2.2664742014993915
2013-08-06,9.476667404174805,2.248832714818377
2013-08-07,8.9486665725708,2.1915045348822635
2013-08-08,10.232000350952148,2.3255200985760083
2013-08-09,10.199999809265137,2.3223877015907286
2013-08-12,9.825332641601562,2.28496401383376
2013-08-13,9.695332527160645,2.271644586936815
2013-08-14,9.290666580200195,2.229010302695172
2013-08-15,9.311332702636719,2.2312322284811708
2013-08-16,9.466667175292969,2.24777691022718
2013-08-19,9.65999984741211,2.2679936324285785
2013-08-20,9.972000122070312,2.2997811779026183
2013-08-21,9.857333183288574,2.2882156638051057
2013-08-22,10.473333358764648,2.3488323465875625
2013-08-23,10.78933334350586,2.3785579927001117
2013-08-26,10.947999954223633,2.393156786997179
2013-08-27,11.133999824523926,2.4100034740009355
2013-08-28,11.096667289733887,2.406644819067866
2013-08-29,11.070667266845703,2.4042990219451235
2013-08-30,11.266667366027832,2.4218485758943378
2013-09-03,11.262666702270508,2.421493424358367
2013-09-04,11.374667167663574,2.4313887044233127
2013-09-05,11.328666687011719,2.427336388239695
2013-09-06,11.131333351135254,2.409763956057918
2013-09-09,10.713333129882812,2.3714890526508534
2013-09-10,11.091333389282227,2.406164027613821
2013-09-11,10.90133285522461,2.3888850620553077
2013-09-12,10.995332717895508,2.39747088438521
2013-09-13,11.03600025177002,2.4011626791685607
2013-09-16,11.10533332824707,2.4074254729469824
2013-09-17,11.081999778747559,2.4053221504801297
2013-09-18,11.08133316040039,2.4052619954168817
2013-09-19,11.861332893371582,2.473283772867908
2013-09-20,12.22599983215332,2.5035648178778667
2013-09-23,12.074000358581543,2.4910544100728873
2013-09-24,12.155332565307617,2.497767967764643
2013-09-25,12.349332809448242,2.5136020380882047
2013-09-26,12.576000213623047,2.531790252673416
2013-09-27,12.726667404174805,2.543699587579318
2013-09-30,12.891332626342773,2.556555196117974
2013-10-01,12.866666793823242,2.5546399976853107
2013-10-02,12.063332557678223,2.490170484608967
2013-10-03,11.553999900817871,2.4470316887748496
2013-10-04,12.065333366394043,2.4903363295609178
2013-10-07,12.204667091369629,2.50181842705912
2013-10-08,11.648667335510254,2.4551917816667737
2013-10-09,11.251999855041504,2.420545877744701
2013-10-10,11.528667449951172,2.4448367551779513
2013-10-11,11.91333293914795,2.4776581879754227
2013-10-14,11.981332778930664,2.483349836827547
2013-10-15,12.262666702270508,2.506559419275775
2013-10-16,12.237333297729492,2.5044913855149784
2013-10-17,12.186667442321777,2.5003425215656856
2013-10-18,12.226667404174805,2.503619419039793
2013-10-21,11.506667137145996,2.44292661843466
2013-10-22,11.435999870300293,2.436766263118713
2013-10-23,10.966667175292969,2.3948604154825137
2013-10-24,11.543333053588867,2.4461080455119326
2013-10-25,11.310667037963867,2.42574626610455
2013-10-28,10.857333183288574,2.3848407211171057
2013-10-29,10.964667320251465,2.3946780412592346
2013-10-30,10.614666938781738,2.362236718193984
2013-10-31,10.662667274475098,2.3667486008049488
2013-11-01,10.811332702636719,2.380594908292454
2013-11-04,11.680000305175781,2.457878003528144
2013-11-05,11.787332534790039,2.4670254408419034
2013-11-06,10.077333450317383,2.3102886889877094
2013-11-07,9.317999839782715,2.231947996200219
2013-11-08,9.196666717529297,2.2188411050916357
2013-11-11,9.646666526794434,2.2666124180356877
2013-11-12,9.186667442321777,2.217753241910049
2013-11-13,9.24666690826416,2.224263152346639
2013-11-14,9.173333168029785,2.2163007063770244
2013-11-15,9.029999732971191,2.200552337857597
2013-11-18,8.10533332824707,2.092522280590846
2013-11-19,8.406000137329102,2.1289457529199582
2013-11-20,8.074000358581543,2.088649066842631
2013-11-21,8.140000343322754,2.0967902221916908
2013-11-22,8.092000007629395,2.090875920248331
2013-11-25,8.055999755859375,2.086417125110821
2013-11-26,8.033332824707031,2.0835994885140203
2013-11-27,8.462667465209961,2.1356644271368266
2013-11-29,8.485333442687988,2.138339195814812
2013-12-02,8.277999877929688,2.1136013785801873
2013-12-03,9.646666526794434,2.2666124180356877
2013-12-04,9.263333320617676,2.2260639537136155
2013-12-05,9.36533260345459,2.237014850850502
2013-12-06,9.157333374023438,2.214555019930455
2013-12-09,9.4399995803833,2.244955935706487
2013-12-10,9.47933292388916,2.249113947112721
2013-12-11,9.3100004196167,2.231089136360586
2013-12-12,9.83133316040039,2.2855745465706607
2013-12-13,9.84333324432373,2.2867943980450933
2013-12-16,9.862667083740234,2.288756627345624
2013-12-17,10.163999557495117,2.318852021921427
2013-12-18,9.86533260345459,2.2890268544109973
2013-12-19,9.381333351135254,2.2387219012246824
2013-12-20,9.549332618713379,2.2564712691934803
2013-12-23,9.569999694824219,2.258633173576066
2013-12-24,10.093999862670898,2.3119411743130476
2013-12-26,10.366666793823242,2.3385955427829863
2013-12-27,10.074666976928711,2.3100240528873024
2013-12-30,10.162667274475098,2.3187209347114144
2013-12-31,10.028667449951172,2.30544773671207
2014-01-02,10.006667137145996,2.3032515845537938
2014-01-03,9.970666885375977,2.299647470941977
2014-01-06,9.800000190734863,2.282382405139267
2014-01-07,9.957332611083984,2.2983092255968396
2014-01-08,10.085332870483398,2.311082177354621
2014-01-09,9.835332870483398,2.285981296767351
2014-01-10,9.714667320251465,2.2736368383163006
2014-01-13,9.28933334350586,2.228866789594839
2014-01-14,10.751333236694336,2.375029768901655
2014-01-15,10.942000389099121,2.39260863120178
2014-01-16,11.39799976348877,2.433437880662568
2014-01-17,11.333999633789062,2.4278070254365978
2014-01-21,11.778667449951172,2.4662900521263826
2014-01-22,11.904000282287598,2.476874501804412
2014-01-23,12.100000381469727,2.4932054841291187
2014-01-24,11.640000343322754,2.4544474717983733
2014-01-27,11.307999610900879,2.4255104054221532
2014-01-28,11.892000198364258,2.47586592181633
2014-01-29,11.682000160217285,2.4580492093330024
2014-01-30,12.189332962036133,2.500561221900504
2014-01-31,12.093999862670898,2.492709450495878
2014-02-03,11.807332992553711,2.468720778504638
2014-02-04,11.915332794189453,2.4778260408521704
2014-02-05,11.628000259399414,2.4534160050048004
2014-02-06,11.892000198364258,2.47586592181633
2014-02-07,12.435333251953125,2.5205418764099887
2014-02-10,13.104000091552734,2.5729175340973387
2014-02-11,13.107999801635742,2.5732227157035
2014-02-12,13.021332740783691,2.5665889925851832
2014-02-13,13.308667182922363,2.588415490873292
2014-02-14,13.215332984924316,2.5813777452359115
2014-02-18,13.579999923706055,2.608598116512439
2014-02-19,12.909333229064941,2.5579505558923064
2014-02-20,13.998000144958496,2.6389144726230054
2014-02-21,13.973333358764648,2.6371507531646663
2014-02-24,14.510000228881836,2.674838082670172
2014-02-25,16.53333282470703,2.805378514299084
2014-02-26,16.866666793823242,2.8253392951642375
2014-02-27,16.836000442504883,2.823519477191579
2014-02-28,16.320667266845703,2.7924322351490116
2014-03-03,16.70400047302246,2.8156482400181435
2014-03-04,16.98933219909668,2.8325856293843823
2014-03-05,16.8439998626709,2.8239945021466832
2014-03-06,16.862667083740234,2.8251021300831676
2014-03-07,16.413999557495117,2.798134602248528
2014-03-10,15.922666549682617,2.767743663229568
2014-03-11,15.62733268737793,2.7490214764717122
2014-03-12,16.099332809448242,2.7787778307247986
2014-03-13,15.852666854858398,2.7633377419968936
2014-03-14,15.39799976348877,2.734237615495991
2014-03-17,15.59866714477539,2.74718547116786
2014-03-18,16.002666473388672,2.7727553629412403
2014-03-19,15.72266674041748,2.7551034125894938
2014-03-20,15.660667419433594,2.7511523090308243
2014-03-21,15.259332656860352,2.7251912933705937
2014-03-24,14.678000450134277,2.6863498047901464
2014-03-25,14.696000099182129,2.6875753546617447
2014-03-26,14.197333335876465,2.6530541537237187
2014-03-27,13.821332931518555,2.626213263147225
2014-03-28,14.157999992370605,2.6502798348131225
2014-03-31,13.896666526794434,2.6316489931594313
2014-04-01,14.464667320251465,2.671708939217989
2014-04-02,15.352666854858398,2.731289195415633
2014-04-03,15.026666641235352,2.7098263988110536
2014-04-04,14.148667335510254,2.649620438417891
2014-04-07,13.834667205810547,2.627177558436423
2014-04-08,14.36400032043457,2.6647250986720072
2014-04-09,14.461999893188477,2.6715245123670925
2014-04-10,13.612667083740234,2.611000762471371
2014-04-11,13.585332870483398,2.6089907453741032
2014-04-14,13.206000328063965,2.580671296614418
2014-04-15,12.927332878112793,2.559343897578515
2014-04-16,13.27400016784668,2.5858072473685034
2014-04-17,13.208000183105469,2.580822720481051
2014-04-21,13.625332832336426,2.6119307683123365
2014-04-22,14.576000213623047,2.6793763551734098
2014-04-23,13.866000175476074,2.6294398131754315
2014-04-24,13.857333183288574,2.628814564230242
2014-04-25,13.323332786560059,2.589516843016347
2014-04-28,13.234000205993652,2.5827892911553545
2014-04-29,13.79466724395752,2.6242820858819473
2014-04-30,13.859333038330078,2.6289588712712826
2014-05-01,13.84866714477539,2.628188992968192
2014-05-02,14.060667037963867,2.643381327502112
2014-05-05,14.440667152404785,2.670048334087497
2014-05-06,13.8186674118042,2.626020389074178
2014-05-07,13.423333168029785,2.5969944738806108
2014-05-08,11.906000137329102,2.4770424862656433
2014-05-09,12.150667190551758,2.4973840810815187
2014-05-12,12.311332702636719,2.5105201961266252
2014-05-13,12.677332878112793,2.5398155860415024
2014-05-14,12.708000183105469,2.5422317308159466
2014-05-15,12.572667121887207,2.531525181629222
2014-05-16,12.77066707611084,2.547150906433498
2014-05-19,13.072667121887207,2.5705235712315315
2014-05-20,13.020000457763672,2.5664866719389225
2014-05-21,13.296667098999023,2.587513409763546
2014-05-22,13.658666610717773,2.6143742366928406
2014-05-23,13.819999694824219,2.6261167962573397
2014-05-27,14.104000091552734,2.6464584515868292
2014-05-28,14.015999794006348,2.6401995194969996
2014-05-29,14.015999794006348,2.6401995194969996
2014-05-30,13.851332664489746,2.6283814492671764
2014-06-02,13.646666526794434,2.6134952813154806
2014-06-03,13.662667274475098,2.614667096756169
2014-06-04,13.599332809448242,2.610020733409811
2014-06-05,13.793333053588867,2.6241853633681513
2014-06-06,13.878000259399414,2.630304871168769
2014-06-09,13.687333106994629,2.6164708144061004
2014-06-10,13.486666679382324,2.6017015440143214
2014-06-11,13.631333351135254,2.6123710656587087
2014-06-12,13.567999839782715,2.60771406724108
2014-06-13,13.761333465576172,2.6218627366453173
2014-06-16,14.973999977111816,2.706315362279965
2014-06-17,15.444666862487793,2.737263756859051
2014-06-18,15.141332626342773,2.71742826436975
2014-06-19,15.185999870300293,2.7203739422503
2014-06-20,15.305999755859375,2.728244892437081
2014-06-23,15.814666748046875,2.760937784644789
2014-06-24,15.5,2.740840023925201
2014-06-25,15.792667388916016,2.7595457430010346
2014-06-26,15.706666946411133,2.7540852684857775
2014-06-27,15.937333106994629,2.768664351145832
2014-06-30,16.003999710083008,2.7728386728797054
2014-07-01,15.981332778930664,2.7714213397971346
2014-07-02,15.295332908630371,2.727547743213027
2014-07-03,15.283332824707031,2.7267628767545617
2014-07-07,14.843999862670898,2.697595733946862
2014-07-08,14.604666709899902,2.6813411153054325
2014-07-09,14.870667457580566,2.6993906456503556
2014-07-10,14.630666732788086,2.6831197869798147
2014-07-11,14.541999816894531,2.6770410016363737
2014-07-14,15.113332748413086,2.7155773177090063
2014-07-15,14.638667106628418,2.683666459759145
2014-07-16,14.477333068847656,2.67258418966609
2014-07-17,14.359999656677246,2.664446539711808
2014-07-18,14.668000221252441,2.685668265293102
2014-07-21,14.702667236328125,2.688028921973773
2014-07-22,14.638667106628418,2.683666459759145
2014-07-23,14.832667350769043,2.6968320017951894
2014-07-24,14.902667045593262,2.7015401932820193
2014-07-25,14.904666900634766,2.701674378717598
2014-07-28,14.98799991607666,2.707249875332072
2014-07-29,15.000666618347168,2.7080946413378726
2014-07-30,15.261333465576172,2.7253224051039133
2014-07-31,14.886667251586914,2.700465997035454
2014-08-01,15.5513334274292,2.744146385908917
2014-08-04,15.90133285522461,2.766402933085485
2014-08-05,15.899333000183105,2.766277158672255
2014-08-06,16.595333099365234,2.809121517243179
2014-08-07,16.826000213623047,2.8229253218246306
2014-08-08,16.54199981689453,2.8059025902005894
2014-08-11,17.288000106811523,2.8500126253829468
2014-08-12,17.33066749572754,2.8524776197617316
2014-08-13,17.354000091552734,2.8538230326468965
2014-08-14,17.42533302307129,2.857925068261451
2014-08-15,17.46733283996582,2.860332441624287
2014-08-18,17.32933235168457,2.852400577404576
2014-08-19,17.117332458496094,2.840091544233099
2014-08-20,17.047332763671875,2.8359937553438384
2014-08-21,16.95599937438965,2.8306217165942855
2014-08-22,17.118667602539062,2.8401695407304275
2014-08-25,17.503332138061523,2.8623912706934167
2014-08-26,17.44933319091797,2.8593014353634736
2014-08-27,17.549999237060547,2.8650539064395404
2014-08-28,17.590667724609375,2.8673685184956934
2014-08-29,17.979999542236328,2.8892600035838703
2014-09-02,18.941333770751953,2.941346506120737
2014-09-03,18.746000289916992,2.930980411789833
2014-09-04,19.069332122802734,2.9480813965974946
2014-09-05,18.492666244506836,2.9173742342735633
2014-09-08,18.80733299255371,2.934246846580497
2014-09-09,18.565332412719727,2.9212959928131954
2014-09-10,18.739999771118164,2.930660264596731
2014-09-11,18.687332153320312,2.9278458693484453
2014-09-12,18.613332748413086,2.9238781383612085
2014-09-15,16.923999786376953,2.8287327202353296
2014-09-16,17.382667541503906,2.855473591460559
2014-09-17,17.42533302307129,2.857925068261451
2014-09-18,17.58799934387207,2.8672168140131316
2014-09-19,17.288000106811523,2.8500126253829468
2014-09-22,16.66866683959961,2.813530719935344
2014-09-23,16.694000244140625,2.8150493880529983
2014-09-24,16.80933380126953,2.8219343155387926
2014-09-25,16.463333129882812,2.8011356735266273
2014-09-26,16.440000534057617,2.79971742211329
2014-09-29,16.35066795349121,2.7942687499333227
2014-09-30,16.178667068481445,2.783693526807974
2014-10-01,16.016000747680664,2.773588269256222
2014-10-02,16.761333465576172,2.8190746542742313
2014-10-03,17.013999938964844,2.8340365309663436
2014-10-06,17.374666213989258,2.8550131805606735
2014-10-07,17.30466651916504,2.8509762061223713
2014-10-08,17.28533363342285,2.849858375092015
2014-10-09,17.134000778198242,2.841064838960215
2014-10-10,15.793999671936035,2.759630100303959
2014-10-13,14.97266674041748,2.706226321539118
2014-10-14,15.137332916259766,2.7171640710815326
2014-10-15,15.313332557678223,2.72872385794057
2014-10-16,15.09000015258789,2.7140322828916124
2014-10-17,15.165332794189453,2.7190120857853146
2014-10-20,15.364666938781738,2.7320705187306333
2014-10-21,15.689332962036133,2.752981052267991
2014-10-22,15.40666675567627,2.7348003219554684
2014-10-23,15.685999870300293,2.7527685865219738
2014-10-24,15.682666778564453,2.7525560756246703
2014-10-27,14.777999877929688,2.693139580106183
2014-10-28,16.184667587280273,2.784064348846643
2014-10-29,15.873332977294922,2.7646405299606354
2014-10-30,15.910667419433594,2.7669897911513908
2014-10-31,16.113332748413086,2.779647050306839
2014-11-03,16.172666549682617,2.783322567209309
2014-11-04,15.928667068481445,2.768120446126118
2014-11-05,15.39799976348877,2.734237615495991
2014-11-06,16.08133316040039,2.777659168299242
2014-11-07,16.01333236694336,2.773421648194589
2014-11-10,16.1286678314209,2.7805982992298826
2014-11-11,16.738666534423828,2.8177214044466803
2014-11-12,16.606666564941406,2.809804215040357
2014-11-13,16.780000686645508,2.8201877419595305
2014-11-14,17.245332717895508,2.847541539788972
2014-11-17,16.93199920654297,2.8292052757972876
2014-11-18,17.18000030517578,2.8437459343195424
2014-11-19,16.516000747680664,2.8043296532939244
2014-11-20,16.58066749572754,2.808237407987699
2014-11-21,16.185333251953125,2.7841054773394256
2014-11-24,16.447999954223633,2.8002038864896583
2014-11-25,16.53933334350586,2.8057413830701803
2014-11-26,16.562667846679688,2.807151237834242
2014-11-28,16.301332473754883,2.7912468513277524
2014-12-01,15.442667007446289,2.7371342633227864
2014-12-02,15.428667068481445,2.73622727693275
2014-12-03,15.286666870117188,2.7269810020706666
2014-12-04,15.218667030334473,2.7225227684624644
2014-12-05,14.913999557495117,2.7023003394511664
2014-12-08,14.290666580200195,2.659606637473884
2014-12-09,14.459333419799805,2.671340117452282
2014-12-10,13.989333152770996,2.6382951215492643
2014-12-11,13.925333023071289,2.6337097010082595
2014-12-12,13.800000190734863,2.624668605984526
2014-12-15,13.602666854858398,2.6102658657874303
2014-12-16,13.187333106994629,2.579256755762433
2014-12-17,13.721332550048828,2.6189517422205744
2014-12-18,14.550666809082031,2.6776368213702826
2014-12-19,14.619333267211914,2.6823448491238593
2014-12-22,14.84000015258789,2.697326248021437
2014-12-23,14.731332778930664,2.6899767069605534
2014-12-24,14.817333221435547,2.6957976591034734
2014-12-26,15.187999725341797,2.7205056242856602
2014-12-29,15.047332763671875,2.7112007504834867
2014-12-30,14.815333366394043,2.695662682722687
2014-12-31,14.827333450317383,2.696472332181899
2015-01-02,14.620667457580566,2.6824361070128133
2015-01-05,14.005999565124512,2.6394857781840972
2015-01-06,14.085332870483398,2.6451340340262486
2015-01-07,14.063332557678223,2.643570882313708
2015-01-08,14.041333198547363,2.6420053512510124
2015-01-09,13.77733325958252,2.6230247243309446
2015-01-12,13.480667114257812,2.6012565934478764
2015-01-13,13.616666793823242,2.611294541976206
2015-01-14,12.845999717712402,2.5530324568608536
2015-01-15,12.791333198547363,2.548767847730509
2015-01-16,12.871333122253418,2.555002599946288
2015-01-20,12.795332908630371,2.549080487923556
2015-01-21,13.104666709899902,2.572968404166569
2015-01-22,13.441332817077637,2.5983344981155128
2015-01-23,13.419333457946777,2.596696462496843
2015-01-26,13.770000457763672,2.6224923459841123
2015-01-27,13.732000350952148,2.6197289011526945
2015-01-28,13.291333198547363,2.5871121836116338
2015-01-29,13.680000305175781,2.615934934502575
2015-01-30,13.573332786560059,2.6081070432912536
2015-02-02,14.062666893005371,2.643523547841264
2015-02-03,14.557332992553711,2.6780948524018653
2015-02-04,14.569999694824219,2.678964599261624
2015-02-05,14.732666969299316,2.6900672710646103
2015-02-06,14.490667343139648,2.673504810699239
2015-02-09,14.498666763305664,2.6740566978408813
2015-02-10,14.419333457946777,2.6685699073451086
2015-02-11,14.186667442321777,2.652302611040215
2015-02-12,13.525333404541016,2.6045644754114146
2015-02-13,13.584667205810547,2.6089417453983126
2015-02-17,13.623332977294922,2.6117839827736193
2015-02-18,13.630666732788086,2.6123221610775884
2015-02-19,14.11400032043457,2.647167235281952
2015-02-20,14.473999977111816,2.672353934862605
2015-02-23,13.822667121887207,2.626309789725658
2015-02-24,13.607333183288574,2.610608852076984
2015-02-25,13.583999633789062,2.6088926026099997
2015-02-26,13.812666893005371,2.6255860619564957
2015-02-27,13.555999755859375,2.606829235735021
2015-03-02,13.155332565307617,2.5768271946978034
2015-03-03,13.303999900817871,2.588064734435566
2015-03-04,13.496000289916992,2.6023933667253645
2015-03-05,13.375332832336426,2.5934121771331196
2015-03-06,12.925333023071289,2.5591891858707836
2015-03-09,12.725333213806152,2.5435947478545433
2015-03-10,12.687999725341797,2.540656643245408
2015-03-11,12.916000366210938,2.558466881249306
2015-03-12,12.73799991607666,2.5445896453607504
2015-03-13,12.578666687011719,2.532002258931276
2015-03-16,13.046667098999023,2.5685327064372006
2015-03-17,12.982000350952148,2.563563809645027
2015-03-18,13.380666732788086,2.5938108840107557
2015-03-19,13.043333053588867,2.568277126106897
2015-03-20,13.20533275604248,2.580620744677528
2015-03-23,13.308667182922363,2.588415490873292
2015-03-24,13.447999954223633,2.598830392702361
2015-03-25,12.953332901000977,2.5613531219050367
2015-03-26,12.694000244140625,2.5411294601170358
2015-03-27,12.333333015441895,2.512305598201133
2015-03-30,12.704667091369629,2.5419694134669686
2015-03-31,12.584667205810547,2.5324791845197634
2015-04-01,12.505999565124512,2.5262084943717578
2015-04-02,12.733332633972168,2.5442231720207666
2015-04-06,13.539999961853027,2.605648264666775
2015-04-07,13.550000190734863,2.6063865614020836
2015-04-08,13.844667434692383,2.6279001357271583
2015-04-09,14.005999565124512,2.6394857781840972
2015-04-10,14.0600004196167,2.643333916227234
2015-04-13,13.985333442687988,2.638009169250486
2015-04-14,13.830666542053223,2.626888339891534
2015-04-15,13.85533332824707,2.628670236361674
2015-04-16,13.779999732971191,2.6232182462075144
2015-04-17,13.78600025177002,2.6236536027261916
2015-04-20,13.684666633605957,2.616275982210983
2015-04-21,13.96066665649414,2.6362438509571944
2015-04-22,14.629332542419434,2.683028591463572
2015-04-23,14.573332786560059,2.679193337121476
2015-04-24,14.562000274658203,2.678415414833816
2015-04-27,15.436667442321777,2.7367456820721277
2015-04-28,15.36533260345459,2.7321138421724083
2015-04-29,15.49666690826416,2.7406249626246715
2015-04-30,15.069999694824219,2.7127059923878543
2015-05-01,15.0686674118042,2.7126175821727525
2015-05-04,15.36733341217041,2.732244049471549
2015-05-05,15.529999732971191,2.74277361996621
2015-05-06,15.362000465393066,2.7318969578715726
2015-05-07,15.786666870117188,2.7591657147951314
2015-05-08,15.77400016784668,2.7583630256165166
2015-05-11,15.965999603271484,2.770461436375272
2015-05-12,16.31599998474121,2.792146220520108
2015-05-13,16.211999893188477,2.7857517021776386
2015-05-14,16.273332595825195,2.789527730976662
2015-05-15,16.589332580566406,2.808759873168045
2015-05-18,16.583332061767578,2.808398098259157
2015-05-19,16.47599983215332,2.80190476638649
2015-05-20,16.290000915527344,2.7905514788157535
2015-05-21,16.374666213989258,2.7957353974350427
2015-05-22,16.51533317565918,2.804289232763338
2015-05-26,16.497333526611328,2.803198763399331
2015-05-27,16.495332717895508,2.8030774753104297
2015-05-28,16.76333236694336,2.819193903866728
2015-05-29,16.719999313354492,2.8166055665892396
2015-06-01,16.6299991607666,2.811208242739808
2015-06-02,16.55666732788086,2.8067888803875807
2015-06-03,16.599332809448242,2.8093625023528563
2015-06-04,16.39466667175293,2.7969560789983143
2015-06-05,16.609333038330078,2.809964768594442
2015-06-08,17.086000442504883,2.8382594406281085
2015-06-09,17.066667556762695,2.837127295531415
2015-06-10,16.713333129882812,2.8162067918890905
2015-06-11,16.76066780090332,2.8190349391827816
2015-06-12,16.71266746520996,2.816166962734475
2015-06-15,16.691999435424805,2.814929528906205
2015-06-16,16.874666213989258,2.825813456651221
2015-06-17,17.360666275024414,2.8542070883934345
2015-06-18,17.459333419799805,2.8598743721225257
2015-06-19,17.500667572021484,2.8622390271745473
2015-06-22,17.319332122802734,2.85182334135169
2015-06-23,17.844667434692383,2.881704720438534
2015-06-24,17.67799949645996,2.872320900154762
2015-06-25,17.91933250427246,2.8858801582075264
2015-06-26,17.805999755859375,2.879535465440336
2015-06-29,17.468000411987305,2.860370659208573
2015-06-30,17.884000778198242,2.88390650188539
2015-07-01,17.94333267211914,2.887218607054624
2015-07-02,18.667999267578125,2.926810788853485
2015-07-06,18.648000717163086,2.9257389401913643
2015-07-07,17.858667373657227,2.8824889575277317
2015-07-08,16.997333526611328,2.8330564803779485
2015-07-09,17.19466781616211,2.844599325067911
2015-07-10,17.27666664123535,2.849356842061502
2015-07-13,17.477333068847656,2.8609047881552807
2015-07-14,17.709999084472656,2.8741294000992386
2015-07-15,17.542667388916016,2.8646360500064936
2015-07-16,17.778667449951172,2.8779992807051986
2015-07-17,18.310667037963867,2.907483788277571
2015-07-20,18.817333221435547,2.9347784249371234
2015-07-21,17.784666061401367,2.878336628805886
2015-07-22,17.857999801635742,2.8824515759871594
2015-07-23,17.81333351135254,2.8799472505538737
2015-07-24,17.694000244140625,2.873225612859127
2015-07-27,16.867332458496094,2.825378760670118
2015-07-28,17.654666900634766,2.8710001620618795
2015-07-29,17.58799934387207,2.8672168140131316
2015-07-30,17.785999298095703,2.878411591513583
2015-07-31,17.74333381652832,2.876009885749037
2015-08-03,17.332666397094727,2.8525929520823667
2015-08-04,17.75200080871582,2.876498231186613
2015-08-05,18.0086669921875,2.890853141578418
2015-08-06,16.408666610717773,2.797809647121669
2015-08-07,16.167333602905273,2.782992762212369
2015-08-10,16.076000213623047,2.7773274898752756
2015-08-11,15.824666976928711,2.7615699236968796
2015-08-12,15.878000259399414,2.764934519639955
2015-08-13,16.167333602905273,2.782992762212369
2015-08-14,16.209999084472656,2.7856282792684133
2015-08-17,16.999332427978516,2.8331740743427307
2015-08-18,17.381332397460938,2.8553967795835615
2015-08-19,17.016666412353516,2.8341932409976196
2015-08-20,16.14533233642578,2.7816309884781445
2015-08-21,15.38466739654541,2.7333713898562366
2015-08-24,14.591333389282227,2.680427748988176
2015-08-25,14.66866683959961,2.6857137113791145
2015-08-26,14.989333152770996,2.7073388249856087
2015-08-27,16.19933319091797,2.7849700803367528
2015-08-28,16.565332412719727,2.8073121027234547
2015-08-31,16.604000091552734,2.809643635704689
2015-09-01,15.908666610717773,2.7668640305860337
2015-09-02,16.512666702270508,2.804127765317273
2015-09-03,16.3713321685791,2.795531766726782
2015-09-04,16.1286678314209,2.7805982992298826
2015-09-08,16.544666290283203,2.806063771347448
2015-09-09,16.5939998626709,2.809041175966265
2015-09-10,16.565332412719727,2.8073121027234547
2015-09-11,16.682666778564453,2.8143702629621643
2015-09-14,16.87933349609375,2.8260900035596954
2015-09-15,16.904666900634766,2.82758973177375
2015-09-16,17.483333587646484,2.86124806072023
2015-09-17,17.471332550048828,2.860561397713813
2015-09-18,17.374666213989258,2.8550131805606735
2015-09-21,17.613332748413086,2.8686561577770675
2015-09-22,17.395999908447266,2.8562402894725305
2015-09-23,17.40399932861328,2.8567000262818576
2015-09-24,17.541332244873047,2.864559938727418
2015-09-25,17.12733268737793,2.8406755901931633
2015-09-28,16.562000274658203,2.8071109311951457
2015-09-29,16.44333267211914,2.799920086365848
2015-09-30,16.559999465942383,2.806990116707257
2015-10-01,15.991999626159668,2.7720885738213896
2015-10-02,16.504667282104492,2.8036432064896992
2015-10-05,16.40999984741211,2.79789089580353
2015-10-06,16.097333908081055,2.7786536625065605
2015-10-07,15.46399974822998,2.7385147256249884
2015-10-08,15.114666938781738,2.715665592843539
2015-10-09,14.712667465209961,2.6887088550337617
2015-10-12,14.371999740600586,2.665281851202329
2015-10-13,14.616666793823242,2.682162438849506
2015-10-14,14.458666801452637,2.6712940134103578
2015-10-15,14.753999710083008,2.69151421281205
2015-10-16,15.133999824523926,2.716943856677505
2015-10-19,15.206666946411133,2.7217339465843047
2015-10-20,14.20199966430664,2.6533827761228532
2015-10-21,14.005999565124512,2.6394857781840972
2015-10-22,14.114666938781738,2.647214465166464
2015-10-23,13.939332962036133,2.6347145535444674
2015-10-26,14.350666999816895,2.663796421948907
2015-10-27,14.023332595825195,2.6407225563428183
2015-10-28,14.197333335876465,2.6530541537237187
2015-10-29,14.108667373657227,2.646789315880525
2015-10-30,13.795332908630371,2.6243303399355393
2015-11-02,14.252667427062988,2.6569440770612665
2015-11-03,13.890000343322754,2.631169181483513
2015-11-04,15.442000389099121,2.73709109508408
2015-11-05,15.451333045959473,2.7376952809136132
2015-11-06,15.490667343139648,2.7402377356918346
2015-11-09,15.022000312805176,2.7095158140869575
2015-11-10,14.433333396911621,2.669540350745297
2015-11-11,14.60533332824707,2.6813867584650635
2015-11-12,14.196000099182129,2.652960241770875
2015-11-13,13.812666893005371,2.6255860619564957
2015-11-16,14.287332534790039,2.6593733079526767
2015-11-17,14.266667366027832,2.6579258629402824
2015-11-18,14.73799991607666,2.690429186650457
2015-11-19,14.786666870117188,2.693725887573109
2015-11-20,14.667332649230957,2.6856227521213545
2015-11-23,14.516667366027832,2.6752974628068302
2015-11-24,14.550000190734863,2.6775910067264266
2015-11-25,15.309332847595215,2.728462632468991
2015-11-27,15.440667152404785,2.7370047530157744
2015-11-30,15.350666999816895,2.731158925845963
2015-12-01,15.812666893005371,2.760811320930404
2015-12-02,15.465999603271484,2.738644040535187
2015-12-03,15.513999938964844,2.7417428381344813
2015-12-04,15.358667373657227,2.731679964428176
2015-12-07,15.408666610717773,2.734930118055386
2015-12-08,15.114666938781738,2.715665592843539
2015-12-09,14.968000411987305,2.7059146164963273
2015-12-10,15.137999534606934,2.71720810814361
2015-12-11,14.468000411987305,2.671939342565612
2015-12-14,14.571999549865723,2.6791018482559603
2015-12-15,14.739333152770996,2.6905196450845446
2015-12-16,15.633999824523926,2.749448018574135
2015-12-17,15.559332847595215,2.7446606417124793
2015-12-18,15.36400032043457,2.7320271313398523
2015-12-21,15.503999710083008,2.7410980364489137
2015-12-22,15.329999923706055,2.729811687906949
2015-12-23,15.313332557678223,2.72872385794057
2015-12-24,15.371333122253418,2.732504289134262
2015-12-28,15.263333320617676,2.725453437167809
2015-12-29,15.812666893005371,2.760811320930404
2015-12-30,15.87266731262207,2.7645985930446857
2015-12-31,16.000667572021484,2.7726304446207335
2016-01-04,14.894000053405762,2.700958450874177
2016-01-05,14.895333290100098,2.7010479618867165
2016-01-06,14.602666854858398,2.6812041733254195
2016-01-07,14.376667022705078,2.66560654675666
2016-01-08,14.066666603088379,2.643807927854073
2016-01-11,13.856666564941406,2.628766457255186
2016-01-12,13.998000144958496,2.6389144726230054
2016-01-13,13.354000091552734,2.5918159722915055
2016-01-14,13.745332717895508,2.620699327791717
2016-01-15,13.666000366210938,2.6149110231558157
2016-01-19,13.64799976348877,2.613592973419954
2016-01-20,13.24666690826416,2.583745966693922
2016-01-21,13.33133316040039,2.590117141222785
2016-01-22,13.50333309173584,2.6029365506547966
2016-01-25,13.092000007629395,2.5720013572216867
2016-01-26,12.904000282287598,2.5575373626988838
2016-01-27,12.538000106811523,2.528764041370801
2016-01-28,12.646666526794434,2.5373936647787505
2016-01-29,12.74666690826416,2.545269818468869
2016-02-01,13.129332542419434,2.5748488524772264
2016-02-02,12.185333251953125,2.5002330360633076
2016-02-03,11.565333366394043,2.4480121207235594
2016-02-04,11.688667297363281,2.458619765337786
2016-02-05,10.84000015258789,2.383243010087874
2016-02-08,9.866000175476074,2.2890945205974855
2016-02-09,9.883333206176758,2.2908498239098667
2016-02-10,9.57800006866455,2.259468809089404
2016-02-11,10.031332969665527,2.3057134914153887
2016-02-12,10.06933307647705,2.3094944757862126
2016-02-16,10.344667434692383,2.3364711632368205
2016-02-17,11.245332717895508,2.419953173047861
2016-02-18,11.118000030517578,2.408565419276158
2016-02-19,11.10533332824707,2.4074254729469824
2016-02-22,11.849332809448242,2.4722715629959184
2016-02-23,11.814000129699707,2.4692852798635188
2016-02-24,11.933333396911621,2.479335610066334
2016-02-25,12.495332717895508,2.5253551920152684
2016-02-26,12.689332962036133,2.540761716281411
2016-02-29,12.795332908630371,2.549080487923556
2016-03-01,12.423333168029785,2.5195764115171637
2016-03-02,12.555999755859375,2.530198619535567
2016-03-03,13.049332618713379,2.5687369921325147
2016-03-04,13.402667045593262,2.595453720405604
2016-03-07,13.685999870300293,2.6163734030534895
2016-03-08,13.506667137145996,2.6031834255454913
2016-03-09,13.914667129516602,2.6329434729897208
2016-03-10,13.678667068481445,2.6158374709326444
2016-03-11,13.833333015441895,2.627081115588439
2016-03-14,14.34333324432373,2.6632852519767556
2016-03-15,14.555999755859375,2.6780032629774055
2016-03-16,14.795332908630371,2.69431178702723
2016-03-17,15.092000007629395,2.71416480260759
2016-03-18,15.515999794006348,2.741871736301512
2016-03-21,15.887999534606934,2.765564078010705
2016-03-22,15.616000175476074,2.748296040907678
2016-03-23,14.838666915893555,2.6972364032388425
2016-03-24,15.183333396911621,2.7201983392252314
2016-03-28,15.350666999816895,2.731158925845963
2016-03-29,15.342000007629395,2.730594166034393
2016-03-30,15.12600040435791,2.7164151441664774
2016-03-31,15.317999839782715,2.729028597027989
2016-04-01,15.839332580566406,2.762496250433321
2016-04-04,16.465999603271484,2.8012976247824337
2016-04-05,17.031333923339844,2.835054819460322
2016-04-06,17.69466781616211,2.873263340869711
2016-04-07,17.14666748046875,2.841803838722494
2016-04-08,16.67133331298828,2.8136906763469907
2016-04-11,16.661333084106445,2.813090650590711
2016-04-12,16.521333694458008,2.8046524969442195
2016-04-13,16.968666076660156,2.831368471363461
2016-04-14,16.790666580200195,2.8208231713258156
2016-04-15,16.96733283996582,2.83128989776978
2016-04-18,16.92533302307129,2.828811495004837
2016-04-19,16.4913330078125,2.802834970648948
2016-04-20,16.6646671295166,2.813290737333789
2016-04-21,16.55266761779785,2.8065472741995356
2016-04-22,16.916667938232422,2.8282994044202328
2016-04-25,16.788000106811523,2.8206643518337176
2016-04-26,16.916000366210938,2.828259941259032
2016-04-27,16.764667510986328,2.8192735473914556
2016-04-28,16.513999938964844,2.8042085022992724
2016-04-29,16.05066680908203,2.7757503944502226
2016-05-02,16.1200008392334,2.780060789140106
2016-05-03,15.48799991607666,2.740065525115617
2016-05-04,14.837332725524902,2.697146486108119
2016-05-05,14.10200023651123,2.646316648068316
2016-05-06,14.328666687011719,2.6622621940368587
2016-05-09,13.928000450134277,2.633901234784546
2016-05-10,13.912667274475098,2.6327997398519423
2016-05-11,13.93066692352295,2.6340926634240462
2016-05-12,13.8186674118042,2.626020389074178
2016-05-13,13.840666770935059,2.6276111261197284
2016-05-16,13.88599967956543,2.6308811152549927
2016-05-17,13.644000053405762,2.6132998684706297
2016-05-18,14.07800006866455,2.6446133000633765
2016-05-19,14.347332954406738,2.6635640680963406
2016-05-20,14.685333251953125,2.686849257750473
2016-05-23,14.414667129516602,2.668246238872067
2016-05-24,14.52733325958252,2.6760319273299267
2016-05-25,14.638667106628418,2.683666459759145
2016-05-26,15.008000373840332,2.7085834171732723
2016-05-27,14.869333267211914,2.6993009220231174
2016-05-31,14.881999969482422,2.700152426924433
2016-06-01,14.637332916259766,2.683575314085656
2016-06-02,14.597332954406738,2.6808388376715957
2016-06-03,14.599332809448242,2.680975829687109
2016-06-06,14.711999893188477,2.6886634800418565
2016-06-07,15.489333152770996,2.7401516033259132
2016-06-08,15.701333045959473,2.753745616135788
2016-06-09,15.290666580200195,2.7272426148180515
2016-06-10,14.586000442504883,2.6800621948996852
2016-06-13,14.524666786193848,2.675848361765287
2016-06-14,14.330666542053223,2.6624017545094465
2016-06-15,14.513333320617676,2.6750677662621554
2016-06-16,14.528667449951172,2.6761237631185426
2016-06-17,14.364666938781738,2.664771506557293
2016-06-20,14.646666526794434,2.684212768738589
2016-06-21,14.640666961669922,2.6838030649865696
2016-06-22,13.11066722869873,2.573426191118105
2016-06-23,13.09333324432373,2.5721031880200695
2016-06-24,12.876667022705078,2.5554169156599693
2016-06-27,13.236666679382324,2.5829907574356894
2016-06-28,13.452667236328125,2.599177393921198
2016-06-29,14.012666702270508,2.6399616850105114
2016-06-30,14.152000427246094,2.6498559870472866
2016-07-01,14.433333396911621,2.669540350745297
2016-07-05,14.26533317565918,2.6578323405552906
2016-07-06,14.295999526977539,2.659979744769377
2016-07-07,14.395999908447266,2.666950383857189
2016-07-08,14.45199966430664,2.670832790057234
2016-07-11,14.985333442687988,2.7070719522853564
2016-07-12,14.976667404174805,2.7064934836577685
2016-07-13,14.835332870483398,2.6970116916766544
2016-07-14,14.768667221069336,2.692507856931488
2016-07-15,14.69333267211914,2.6873938311755823
2016-07-18,15.083333015441895,2.71359036040215
2016-07-19,15.017333030700684,2.709205069365117
2016-07-20,15.223999977111816,2.722873128490421
2016-07-21,14.699999809265137,2.6878474808095296
2016-07-22,14.817999839782715,2.695842647182123
2016-07-25,15.333999633789062,2.7300725612544188
2016-07-26,15.300666809082031,2.7278964097416525
2016-07-27,15.232666969299316,2.723442264465588
2016-07-28,15.37399959564209,2.7326777446255277
2016-07-29,15.652667045593262,2.750641320715393
2016-08-01,15.333999633789062,2.7300725612544188
2016-08-02,15.146666526794434,2.7177804765102636
2016-08-03,15.052666664123535,2.7115551624840775
2016-08-04,15.37399959564209,2.7326777446255277
2016-08-05,15.335332870483398,2.730159503915788
2016-08-08,15.077333450317383,2.71319252004206
2016-08-09,15.272000312805176,2.726021106905713
2016-08-10,15.043333053588867,2.7109349065748902
2016-08-11,14.994000434875488,2.7076501500841705
2016-08-12,15.040666580200195,2.710757638031604
2016-08-15,15.03933334350586,2.710668991974517
2016-08-16,14.907333374023438,2.7018532646273803
2016-08-17,14.88266658782959,2.7001972195207813
2016-08-18,14.900667190551758,2.7014059898382934
2016-08-19,15.0,2.70805020110221
2016-08-22,14.862000465393066,2.698807651049573
2016-08-23,14.989333152770996,2.7073388249856087
2016-08-24,14.841333389282227,2.697416084732672
2016-08-25,14.730667114257812,2.6899315189437605
2016-08-26,14.666000366210938,2.68553191464167
2016-08-29,14.346667289733887,2.663517670614825
2016-08-30,14.089332580566406,2.6454179564825293
2016-08-31,14.133999824523926,2.648583229853488
2016-09-01,13.38466739654541,2.594109827694237
2016-09-02,13.185333251953125,2.5791050945676095
2016-09-06,13.522000312805176,2.604318011801541
2016-09-07,13.447333335876465,2.5987808214001493
2016-09-08,13.157333374023438,2.576979274211471
2016-09-09,12.964667320251465,2.5622277588273525
2016-09-12,13.220000267028809,2.581730854622391
2016-09-13,13.069999694824219,2.5703195042867972
2016-09-14,13.093999862670898,2.5721540995309584
2016-09-15,13.361332893371582,2.5923649305999894
2016-09-16,13.69333267211914,2.6169090481049393
2016-09-19,13.755999565124512,2.621475060956506
2016-09-20,13.642666816711426,2.613202147726521
2016-09-21,13.6813325881958,2.616032318868042
2016-09-22,13.76200008392334,2.6219111768784815
2016-09-23,13.829999923706055,2.6268401401601125
2016-09-26,13.932666778564453,2.634236210859276
2016-09-27,13.720666885375977,2.6189032279222957
2016-09-28,13.751333236694336,2.6211357820806835
2016-09-29,13.380000114440918,2.5937610632532153
2016-09-30,13.60200023651123,2.6102168581414213
2016-10-03,14.24666690826416,2.6565229781810684
2016-10-04,14.093999862670898,2.645749165161032
2016-10-05,13.897333145141602,2.631696961667395
2016-10-06,13.399999618530273,2.5952546784889754
2016-10-07,13.107333183288574,2.573171858569799
2016-10-10,13.396666526794434,2.5950059093521762
2016-10-11,13.34000015258789,2.5907670519258503
2016-10-12,13.434000015258789,2.5977888079805065
2016-10-13,13.349332809448242,2.5914664067770192
2016-10-14,13.100666999816895,2.5726631449274864
2016-10-17,12.93066692352295,2.5596017709990586
2016-10-18,13.273332595825195,2.5857569544047947
2016-10-19,13.570667266845703,2.607910644844622
2016-10-20,13.273332595825195,2.5857569544047947
2016-10-21,13.339332580566406,2.5907170077940647
2016-10-24,13.517333030700684,2.603972790113451
2016-10-25,13.489333152770996,2.6018992362899698
2016-10-26,13.482666969299316,2.6014049323023354
2016-10-27,13.600666999816895,2.610118835643567
2016-10-28,13.33133316040039,2.590117141222785
2016-10-31,13.182000160217285,2.5788522747847753
2016-11-01,12.719332695007324,2.5431230954515156
2016-11-02,12.534667015075684,2.5284981668438293
2016-11-03,12.494667053222656,2.5253019175311464
2016-11-04,12.704000473022461,2.541916941738915
2016-11-07,12.880666732788086,2.555727484304467
2016-11-08,12.996000289916992,2.564641640115025
2016-11-09,12.670666694641113,2.539289612888771
2016-11-10,12.356666564941406,2.514195720262112
2016-11-11,12.570667266845703,2.5313661052700724
2016-11-14,12.096667289733887,2.492929984064216
2016-11-15,12.251333236694336,2.5056347667170837
2016-11-16,12.26200008392334,2.5065050561846767
2016-11-17,12.577333450317383,2.5318962614206777
2016-11-18,12.334667205810547,2.5124137699506046
2016-11-21,12.3013334274292,2.509707665236651
2016-11-22,12.744667053222656,2.5451129137695205
2016-11-23,12.87600040435791,2.555365144840562
2016-11-25,13.109999656677246,2.573375271587755
2016-11-28,13.074666976928711,2.570676539410838
2016-11-29,12.637999534606934,2.5367081115263646
2016-11-30,12.626667022705078,2.5358110078471072
2016-12-01,12.125332832336426,2.4952968865364022
2016-12-02,12.097999572753906,2.49304011436929
2016-12-05,12.453332901000977,2.5219882899763357
2016-12-06,12.390000343322754,2.516889723350716
2016-12-07,12.876667022705078,2.5554169156599693
2016-12-08,12.81933307647705,2.550954428023652
2016-12-09,12.812000274658203,2.5503822531844857
2016-12-12,12.828666687011719,2.551682251716163
2016-12-13,13.210000038146973,2.5809741214219684
2016-12-14,13.246000289916992,2.5836956419499226
2016-12-15,13.17199993133545,2.5780933593012003
2016-12-16,13.499333381652832,2.6026403050883666
2016-12-19,13.51533317565918,2.603824831711576
2016-12-20,13.919333457946777,2.6332787699916183
2016-12-21,13.846667289733887,2.6280445747774883
2016-12-22,13.896666526794434,2.6316489931594313
2016-12-23,14.22266674041748,2.6548369412805686
2016-12-27,14.635333061218262,2.6834386777405994
2016-12-28,14.649333000183105,2.6843948054288598
2016-12-29,14.312000274658203,2.661098365397181
2016-12-30,14.246000289916992,2.6564761859069264
2017-01-03,14.465999603271484,2.671801041002195
2017-01-04,15.13266658782959,2.7168557573356726
2017-01-05,15.116666793823242,2.715797896304717
2017-01-06,15.267333030700684,2.7257154497986416
2017-01-09,15.41866683959961,2.735578907821697
2017-01-10,15.324666976928711,2.72946375088004
2017-01-11,15.315333366394043,2.728854507360537
2017-01-12,15.305999755859375,2.728244892437081
2017-01-13,15.850000381469727,2.76316952439078
2017-01-17,15.70533275604248,2.754000320670796
2017-01-18,15.890666961669922,2.7657319533411293
2017-01-19,16.250667572021484,2.788133989287099
2017-01-20,16.315332412719727,2.7921053045064164
2017-01-23,16.594667434692383,2.809081404880285
2017-01-24,16.974000930786133,2.8316828163834757
2017-01-25,16.96466636657715,2.8311327320585624
2017-01-26,16.833999633789062,2.8234006290351403
2017-01-27,16.863332748413086,2.8251416049498133
2017-01-30,16.708667755126953,2.8159276120277643
2017-01-31,16.795333862304688,2.8211011015391807
2017-02-01,16.615999221801758,2.8103660397395394
2017-02-02,16.770000457763672,2.8195916031316988
2017-02-03,16.755332946777344,2.818716592479594
2017-02-06,17.184667587280273,2.84401756692474
2017-02-07,17.165332794189453,2.8428918146733255
2017-02-08,17.472000122070312,2.8605996065491195
2017-02-09,17.946666717529297,2.887404399502462
2017-02-10,17.948667526245117,2.8875158796577547
2017-02-13,18.706666946411133,2.9288799815204163
2017-02-14,18.73200035095215,2.930233310056729
2017-02-15,18.650667190551758,2.925881919742259
2017-02-16,17.93000030517578,2.886475304637442
2017-02-17,18.148666381835938,2.898597080426453
2017-02-21,18.492666244506836,2.9173742342735633
2017-02-22,18.233999252319336,2.903287942157957
2017-02-23,17.06599998474121,2.8370881792202884
2017-02-24,17.133333206176758,2.8410258763714196
2017-02-27,16.415332794189453,2.798215824533574
2017-02-28,16.666000366210938,2.81337073793355
2017-03-01,16.667999267578125,2.813490669618409
2017-03-02,16.698667526245117,2.8153289273918123
2017-03-03,16.771333694458008,2.8196711012631077
2017-03-06,16.747333526611328,2.818239053157499
2017-03-07,16.57266616821289,2.8077547218270182
2017-03-08,16.45800018310547,2.800811692309142
2017-03-09,16.32666778564453,2.792799831392733
2017-03-10,16.246000289916992,2.7878467424742004
2017-03-13,16.411333084106445,2.797972137884578
2017-03-14,17.200000762939453,2.844909428176351
2017-03-15,17.048667907714844,2.8360720720975547
2017-03-16,17.469999313354492,2.8604850848416996
2017-03-17,17.433332443237305,2.858384031345633
2017-03-20,17.461332321166992,2.8599888545544587
2017-03-21,16.711999893188477,2.8161270178629576
2017-03-22,17.000667572021484,2.8332526122276516
2017-03-23,16.985332489013672,2.832350176870681
2017-03-24,17.54400062561035,2.8647120467750913
2017-03-27,18.014667510986328,2.8911862877980608
2017-03-28,18.496667861938477,2.9175906002906284
2017-03-29,18.492000579833984,2.9173382374819155
2017-03-30,18.527999877929688,2.9192830948021613
2017-03-31,18.553333282470703,2.920649464688207
2017-04-03,19.90133285522461,2.9907867071370218
2017-04-04,20.246667861938477,3.0079902299849772
2017-04-05,19.666667938232422,2.9789252198934935
2017-04-06,19.913333892822266,2.9913895522160505
2017-04-07,20.16933250427246,3.0041632579268214
2017-04-10,20.826000213623047,3.036202216365221
2017-04-11,20.58066749572754,3.024352164074656
2017-04-12,19.78933334350586,2.9851430725137638
2017-04-13,20.266666412353516,3.0089774877556654
2017-04-17,20.09600067138672,3.0005208236947607
2017-04-18,20.016666412353516,2.996565247152813
2017-04-19,20.368000030517578,3.0139650433133607
2017-04-20,20.167333602905273,3.004064147040289
2017-04-21,20.373332977294922,3.014226838714448
2017-04-24,20.53533363342285,3.022146994338768
2017-04-25,20.91933250427246,3.040673731626135
2017-04-26,20.67799949645996,3.0290703088130146
2017-04-27,20.575332641601562,3.0240929137034804
2017-04-28,20.937999725341797,3.0415656767794728
2017-05-01,21.52199935913086,3.069075638000803
2017-05-02,21.25933265686035,3.0567959828096773
2017-05-03,20.73466682434082,3.0318070252953553
2017-05-04,19.69733238220215,2.9804832145039435
2017-05-05,20.55666732788086,3.0231853325007294
2017-05-08,20.479333877563477,3.0194162741327455
2017-05-09,21.417333602905273,3.0642005756140347
2017-05-10,21.681333541870117,3.0764516849136303
2017-05-11,21.540000915527344,3.069911714231832
2017-05-12,21.65399932861328,3.0751901638835006
2017-05-15,21.058666229248047,3.04731217275574
2017-05-16,21.134000778198242,3.0508831548409376
2017-05-17,20.407333374023438,3.0158943153718285
2017-05-18,20.87066650390625,3.0383446565593415
2017-05-19,20.722000122070312,3.031195943720416
2017-05-22,20.690000534057617,3.029650517569806
2017-05-23,20.257333755493164,3.0085168887532623
2017-05-24,20.681333541870117,3.0292315321777283
2017-05-25,21.121999740600586,3.0503151390432763
2017-05-26,21.676000595092773,3.0762056851578614
2017-05-30,22.34000015258789,3.1063788004713095
2017-05-31,22.733999252319336,3.123861568376304
2017-06-01,22.691333770751953,3.121983079380222
2017-06-02,22.656667709350586,3.1204541887115007
2017-06-05,23.154666900634766,3.1421963541948106
2017-06-06,23.523332595825195,3.1579928049924333
2017-06-07,23.976667404174805,3.1770811659705656
2017-06-08,24.666667938232422,3.205452856086022
2017-06-09,23.821332931518555,3.170581520863574
2017-06-12,23.93400001525879,3.1753000427888605
2017-06-13,25.06333351135254,3.2214059618246003
2017-06-14,25.37733268737793,3.2338563617033977
2017-06-15,25.022666931152344,3.21978209133076
2017-06-16,24.760000228881836,3.2092294570604114
2017-06-19,24.65333366394043,3.2049121312610533
2017-06-20,24.81599998474121,3.211488605819306
2017-06-21,25.093332290649414,3.2226021650567853
2017-06-22,25.507333755493164,3.238966009070564
2017-06-23,25.56333351135254,3.2411590400725077
2017-06-26,25.166000366210938,3.2254938917215896
2017-06-27,24.158000946044922,3.184615627343816
2017-06-28,24.749332427978516,3.2087985160440033
2017-06-29,24.049999237060547,3.1801349648287154
2017-06-30,24.107332229614258,3.1825160361171374
2017-07-03,23.507999420166016,3.157340764085014
2017-07-05,21.805999755859375,3.08218515008816
2017-07-06,20.588666915893555,3.02474077469375
2017-07-07,20.881332397460938,3.038855573117464
2017-07-10,21.06999969482422,3.047850213332197
2017-07-11,21.814666748046875,3.0825825301832475
2017-07-12,21.968000411987305,3.0895868677795892
2017-07-13,21.560667037963867,3.070870684243275
2017-07-14,21.851999282836914,3.0842924177143654
2017-07-17,21.30466651916504,3.0589261341264855
2017-07-18,21.882667541503906,3.0856948870102676
2017-07-19,21.68400001525879,3.0765746621017804
2017-07-20,21.994667053222656,3.090800017301372
2017-07-21,21.893333435058594,3.086182181122467
2017-07-24,22.834667205810547,3.128279872666543
2017-07-25,22.639999389648438,3.1197182263759906
2017-07-26,22.92333221435547,3.1321552658497094
2017-07-27,22.297332763671875,3.104467064302354
2017-07-28,22.33799934387207,3.1062892347459097
2017-07-31,21.564666748046875,3.0710561766090536
2017-08-01,21.30466651916504,3.0589261341264855
2017-08-02,21.72599983215332,3.0785096922859454
2017-08-03,23.139333724975586,3.141533928134731
2017-08-04,23.79400062561035,3.1694334743471115
2017-08-07,23.67799949645996,3.1645463257232884
2017-08-08,24.347999572753906,3.1924496930841957
2017-08-09,24.235332489013672,3.1878115885766016
2017-08-10,23.69333267211914,3.165193686711157
2017-08-11,23.857999801635742,3.1721195825453834
2017-08-14,24.253332138061523,3.1885540156990255
2017-08-15,24.155332565307617,3.1845051658812724
2017-08-16,24.194000244140625,3.186104678628614
2017-08-17,23.461332321166992,3.15535363279636
2017-08-18,23.163999557495117,3.1425993302604143
2017-08-21,22.52400016784668,3.1145814148442756
2017-08-22,22.75666618347168,3.1248581215289613
2017-08-23,23.51799964904785,3.15776607047852
2017-08-24,23.528667449951172,3.158219569174345
2017-08-25,23.203332901000977,3.144295927880127
2017-08-28,23.04400062561035,3.13740545901865
2017-08-29,23.157333374023438,3.142311506784887
2017-08-30,23.545333862304688,3.1589276633488486
2017-08-31,23.726667404174805,3.166599622497449
2017-09-01,23.69333267211914,3.165193686711157
2017-09-05,23.305999755859375,3.1487108276756306
2017-09-06,22.968666076660156,3.1341309426011628
2017-09-07,23.374000549316406,3.1516243170121374
2017-09-08,22.893333435058594,3.1308457518046096
2017-09-11,24.246000289916992,3.188251667281704
2017-09-12,24.183332443237305,3.18566365385591
2017-09-13,24.415332794189453,3.1952113281473062
2017-09-14,25.176000595092773,3.2258911833994097
2017-09-15,25.320667266845703,3.2316209502796682
2017-09-18,25.666667938232422,3.2451931827270957
2017-09-19,25.00666618347168,3.2191424366629846
2017-09-20,24.92733383178711,3.2159649456385027
2017-09-21,24.43199920654297,3.195893716000137
2017-09-22,23.4060001373291,3.152992405619835
2017-09-25,22.999332427978516,3.1354651906374205
2017-09-26,23.016666412353516,3.1362185801381046
2017-09-27,22.731332778930664,3.1237442713821943
2017-09-28,22.639999389648438,3.1197182263759906
2017-09-29,22.739999771118164,3.1241254782572256
2017-10-02,22.768667221069336,3.125385346130218
2017-10-03,23.209333419799805,3.144554500347857
2017-10-04,23.667333602905273,3.164095768380594
2017-10-05,23.68866729736328,3.164996760672833
2017-10-06,23.79199981689453,3.1693493820217054
2017-10-09,22.862667083740234,3.129505321891055
2017-10-10,23.70599937438965,3.165728154266928
2017-10-11,23.639999389648438,3.162940166719303
2017-10-12,23.711999893188477,3.1659812446091418
2017-10-13,23.704666137695312,3.165671912209143
2017-10-16,23.373332977294922,3.151595756152248
2017-10-17,23.71666717529297,3.1661780573136955
2017-10-18,23.976667404174805,3.1770811659705656
2017-10-19,23.45400047302246,3.155041076206966
2017-10-20,23.00666618347168,3.1357840079993573
2017-10-23,22.468000411987305,3.1120920930068117
2017-10-24,22.48933219909668,3.1130410722932296
2017-10-25,21.722667694091797,3.0783563095353217
2017-10-26,21.744667053222656,3.079368534514706
2017-10-27,21.391332626342773,3.062985822525463
2017-10-30,21.338666915893555,3.06052077512636
2017-10-31,22.101999282836914,3.095668069718708
2017-11-01,21.405332565307617,3.063640076281055
2017-11-02,19.950666427612305,2.993262547670789
2017-11-03,20.4060001373291,3.0158289819829527
2017-11-06,20.185333251953125,3.004956264049872
2017-11-07,20.40333366394043,3.015698302398451
2017-11-08,20.292667388916016,3.010259608426171
2017-11-09,20.19933319091797,3.00564959351171
2017-11-10,20.19933319091797,3.00564959351171
2017-11-13,21.02666664123535,3.0457914722172488
2017-11-14,20.579999923706055,3.0243197266987147
2017-11-15,20.753332138061523,3.032706818751142
2017-11-16,20.833332061767578,3.036554207039088
2017-11-17,21.003332138061523,3.044681098377181
2017-11-20,20.582666397094727,3.0244492845544486
2017-11-21,21.187332153320312,3.053403463142107
2017-11-22,20.84000015258789,3.036874224207042
2017-11-24,21.036666870117188,3.0462669565992724
2017-11-27,21.12066650390625,3.0502520162902256
2017-11-28,21.170000076293945,3.0525850887506447
2017-11-29,20.502666473388672,3.020554949558368
2017-11-30,20.59000015258789,3.0248055284504747
2017-12-01,20.435333251953125,3.0172654247840818
2017-12-04,20.34666633605957,3.0129170820593814
2017-12-05,20.246667861938477,3.0079902299849772
2017-12-06,20.884000778198242,3.0389833528111976
2017-12-07,20.749332427978516,3.032514074013559
2017-12-08,21.0086669921875,3.0449350664941517
2017-12-11,21.92733383178711,3.087733978740902
2017-12-12,22.735332489013672,3.123920211714293
2017-12-13,22.601999282836914,3.1180383662078865
2017-12-14,22.525999069213867,3.1146701563049795
2017-12-15,22.89666748046875,3.1309913751000624
2017-12-18,22.591333389282227,3.1175663543812706
2017-12-19,22.073333740234375,3.0943702618850453
2017-12-20,21.93199920654297,3.0879467213637497
2017-12-21,22.110666275024414,3.096060128970923
2017-12-22,21.68000030517578,3.076390190647819
2017-12-26,21.152666091918945,3.0517659539033577
2017-12-27,20.775999069213867,3.0337984295594196
2017-12-28,21.02400016784668,3.045664650285775
2017-12-29,20.75666618347168,3.0328674569372245
2018-01-02,21.368667602539062,3.061925718418587
2018-01-03,21.149999618530273,3.051639887455893
2018-01-04,20.974666595458984,3.043315356897211
2018-01-05,21.10533332824707,3.049525772914388
2018-01-08,22.42733383178711,3.1102804752960913
2018-01-09,22.246000289916992,3.1021622302021576
2018-01-10,22.31999969482422,3.10548312384036
2018-01-11,22.530000686645508,3.114847784921095
2018-01-12,22.4146671295166,3.1097155271521255
2018-01-16,22.67066764831543,3.121071914827521
2018-01-17,23.143999099731445,3.141735528775261
2018-01-18,22.971332550048828,3.1342470276456287
2018-01-19,23.334667205810547,3.149940117710647
2018-01-22,23.437332153320312,3.154330142246653
2018-01-23,23.519332885742188,3.157822758926731
2018-01-24,23.05933380126953,3.1380706246260894
2018-01-25,22.50933265686035,3.113930007960309
2018-01-26,22.856666564941406,3.1292428281775906
2018-01-29,23.302000045776367,3.1485391957622317
2018-01-30,23.05466651916504,3.1378682009765257
2018-01-31,23.62066650390625,3.162122028148674
2018-02-01,23.28333282470703,3.1477377751897797
2018-02-02,22.916667938232422,3.131864503365075
2018-02-05,22.208667755126953,3.1004826520967304
2018-02-06,22.264667510986328,3.103001005403072
2018-02-07,23.0,3.1354942159291497
2018-02-08,21.01533317565918,3.045252322514567
2018-02-09,20.69466781616211,3.029876073666319
2018-02-12,21.048667907714844,3.04683727583215
2018-02-13,21.577333450317383,3.0716433864081467
2018-02-14,21.487333297729492,3.0674636125743704
2018-02-15,22.271333694458008,3.1033003669685932
2018-02-16,22.365999221801758,3.107541913812191
2018-02-20,22.31800079345703,3.1053935633158445
2018-02-21,22.219999313354492,3.1009927533093453
2018-02-22,23.077999114990234,3.138879744423842
2018-02-23,23.469999313354492,3.1557229806066256
2018-02-26,23.827999114990234,3.170861322624852
2018-02-27,23.39933204650879,3.1527074769352468
2018-02-28,22.87066650390625,3.129855150762911
2018-03-01,22.062000274658203,3.093856683996569
2018-03-02,22.341333389282227,3.1064384780408467
2018-03-05,22.22333335876465,3.101142789106211
2018-03-06,21.8799991607666,3.0855729391975917
2018-03-07,22.15333366394043,3.0979879891819206
2018-03-08,21.940000534057617,3.0883114791888167
2018-03-09,21.81133270263672,3.0824296834652984
2018-03-12,23.034000396728516,3.1369714024703206
2018-03-13,22.78933334350586,3.1262925906799315
2018-03-14,21.775333404541016,3.080777833966516
2018-03-15,21.706666946411133,3.077619445913666
2018-03-16,21.42333221435547,3.064480618483349
2018-03-19,20.90399932861328,3.0399404961006913
2018-03-20,20.703332901000977,3.0302946970208433
2018-03-21,21.101999282836914,3.0493677887343495
2018-03-22,20.606666564941406,3.0256146430993387
2018-03-23,20.1026668548584,3.000852485610093
2018-03-26,20.278667449951172,3.009569468968048
2018-03-27,18.61199951171875,2.9238065077476474
2018-03-28,17.185333251953125,2.844056302138978
2018-03-29,17.742000579833984,2.875934742779828
2018-04-02,16.832000732421875,2.8232818800689556
2018-04-03,17.8353328704834,2.881181482526981
2018-04-04,19.12933349609375,2.9512229420764546
2018-04-05,20.381332397460938,3.0146194033543576
2018-04-06,19.953332901000977,2.993396192089268
2018-04-09,19.310667037963867,2.9606576394980704
2018-04-10,20.31333351135254,3.0112774936531164
2018-04-11,20.062000274658203,2.998827492151763
2018-04-12,19.60533332824707,2.9758016378056795
2018-04-13,20.022666931152344,2.9968649783592376
2018-04-16,19.413999557495117,2.9659944324969527
2018-04-17,19.179332733154297,2.953833279129276
2018-04-18,19.55666732788086,2.9733162680798264
2018-04-19,20.005332946777344,2.995998885348775
2018-04-20,19.349332809448242,2.9626579387494636
2018-04-23,18.891332626342773,2.9387032256816985
2018-04-24,18.8973331451416,2.9390208086779097
2018-04-25,18.71266746520996,2.929200699082319
2018-04-26,19.031999588012695,2.946121751353572
2018-04-27,19.60533332824707,2.9758016378056795
2018-04-30,19.593332290649414,2.9751893191064003
2018-05-01,19.994667053222656,2.995465590658401
2018-05-02,20.07666778564453,2.99955833412276
2018-05-03,18.963333129882812,2.94250727936582
2018-05-04,19.606000900268555,2.975835687757546
2018-05-07,20.184667587280273,3.0049232858651274
2018-05-08,20.131332397460938,3.002277427101647
2018-05-09,20.456666946411133,3.018308841407874
2018-05-10,20.334667205810547,3.0123271736393615
2018-05-11,20.070667266845703,2.999259409233441
2018-05-14,19.46466636657715,2.9686008407448155
2018-05-15,18.94533348083496,2.9415576468933633
2018-05-16,19.09866714477539,2.9496185496215848
2018-05-17,18.96933364868164,2.9428236567449217
2018-05-18,18.454666137695312,2.9153172457030614
2018-05-21,18.965999603271484,2.9426478815436554
2018-05-22,18.333999633789062,2.908757239565168
2018-05-23,18.60466766357422,2.9234124988910857
2018-05-24,18.523332595825195,2.919031158808632
2018-05-25,18.59000015258789,2.9226238099414155
2018-05-29,18.917333602905273,2.940078623613153
2018-05-30,19.447999954223633,2.9677442346600396
2018-05-31,18.98200035095215,2.9434911801969816
2018-06-01,19.454666137695312,2.968086945543719
2018-06-04,19.78266716003418,2.9848061583598207
2018-06-05,19.408666610717773,2.965719698825248
2018-06-06,21.299999237060547,3.058707036896625
2018-06-07,21.07266616821289,3.0479767584065356
2018-06-08,21.17733383178711,3.0529314508419345
2018-06-11,22.139999389648438,3.0973858997126693
2018-06-12,22.851333618164062,3.129009479670538
2018-06-13,22.985332489013672,3.1348562946316476
2018-06-14,23.847999572753906,3.1717003384603855
2018-06-15,23.878000259399414,3.1729575437867283
2018-06-18,24.722000122070312,3.2076935404033513
2018-06-19,23.503332138061523,3.1571422042074215
2018-06-20,24.148000717163086,3.1842015906328327
2018-06-21,23.167333602905273,3.1427432521028686
2018-06-22,22.242000579833984,3.1019824194659775
2018-06-25,22.200666427612305,3.1001223076894804
2018-06-26,22.799999237060547,3.1267605024981378
2018-06-27,22.96666717529297,3.1340439114977863
2018-06-28,23.32866668701172,3.1496829342506873
2018-06-29,22.863332748413086,3.129534437259788
2018-07-02,22.33799934387207,3.1062892347459097
2018-07-03,20.724000930786133,3.031292493865981
2018-07-05,20.610666275024414,3.0258087221345393
2018-07-06,20.593332290649414,3.0249673481902146
2018-07-09,21.233999252319336,3.0556036353798963
2018-07-10,21.49799919128418,3.0679598699326824
2018-07-11,21.263999938964844,3.057015499100538
2018-07-12,21.11400032043457,3.049936342743906
2018-07-13,21.257999420166016,3.056733267835353
2018-07-16,20.67333221435547,3.0288445708775615
2018-07-17,21.512666702270508,3.0686419105963267
2018-07-18,21.59000015258789,3.072230251594242
2018-07-19,21.34866714477539,3.060989308909733
2018-07-20,20.905332565307617,3.0400042730918266
2018-07-23,20.213333129882812,3.0063424426008423
2018-07-24,19.82866668701172,2.9871287031058658
2018-07-25,20.582666397094727,3.0244492845544486
2018-07-26,20.44333267211914,3.017656798626026
2018-07-27,19.812000274658203,2.986287828589216
2018-07-30,19.344667434692383,2.96241679672491
2018-07-31,19.875999450683594,2.989512946102903
2018-08-01,20.055999755859375,2.9985283486830454
2018-08-02,23.30266761779785,3.1485678440524136
2018-08-03,23.211332321166992,3.1446406215327443
2018-08-06,22.799333572387695,3.12673130625197
2018-08-07,25.30466651916504,3.2309888261229722
2018-08-08,24.689332962036133,3.20637128646869
2018-08-09,23.496667861938477,3.156858617987519
2018-08-10,23.69933319091797,3.1654469123409723
2018-08-13,23.76066780090332,3.1680316001980997
2018-08-14,23.176000595092773,3.143117286144162
2018-08-15,22.57933235168457,3.117034990157026
2018-08-16,22.363332748413086,3.1074226867513617
2018-08-17,20.366666793823242,3.013899583752807
2018-08-20,20.562667846679688,3.0234771912487344
2018-08-21,21.459999084472656,3.0661906945405133
2018-08-22,21.44266700744629,3.0653827224703334
2018-08-23,21.34000015258789,3.06058325302393
2018-08-24,21.521333694458008,3.06904470802277
2018-08-27,21.284666061401367,3.0579869102400297
2018-08-28,20.790666580200195,3.034504163895621
2018-08-29,20.333999633789062,3.0122943438431857
2018-08-30,20.209999084472656,3.0061774861148187
2018-08-31,20.110666275024414,3.0012503347635415
2018-09-04,19.26333236694336,2.958203411494247
2018-09-05,18.715999603271484,2.9293787518066776
2018-09-06,18.729999542236328,2.930126492015865
2018-09-07,17.549333572387695,2.8650159761075567
2018-09-10,19.03333282470703,2.9461918012709316
2018-09-11,18.62933349609375,2.924737408133148
2018-09-12,19.369333267211914,2.9636910559288108
2018-09-13,19.297332763671875,2.9599668875870315
2018-09-14,19.68000030517578,2.9796029071310066
2018-09-17,19.6560001373291,2.978382642205503
2018-09-18,18.997333526611328,2.944298628613095
2018-09-19,19.934667587280273,2.9924603058651105
2018-09-20,19.8886661529541,2.9901500294283454
2018-09-21,19.940000534057617,2.9927277913169226
2018-09-24,19.978666305541992,2.9946650195180538
2018-09-25,20.06599998474121,2.999026839742991
2018-09-26,20.6386661529541,3.0271663141527383
2018-09-27,20.501333236694336,3.0204899199659265
2018-09-28,17.65133285522461,2.8708112964048738
2018-10-01,20.713333129882812,3.0307776054745905
2018-10-02,20.06800079345703,2.9991265461604266
2018-10-03,19.65333366394043,2.978246976034906
2018-10-04,18.788667678833008,2.9332539050483692
2018-10-05,17.463333129882812,2.8601034331018647
2018-10-08,16.70400047302246,2.8156482400181435
2018-10-09,17.520000457763672,2.8633431116363086
2018-10-10,17.125333786010742,2.840558875112251
2018-10-11,16.815332412719727,2.8222911138175117
2018-10-12,17.25200080871582,2.847928125662237
2018-10-15,17.305999755859375,2.851053248077265
2018-10-16,18.439332962036133,2.914486044048801
2018-10-17,18.118667602539062,2.8969427660425278
2018-10-18,17.5939998626709,2.867557927025032
2018-10-19,17.333332061767578,2.852631356553752
2018-10-22,17.39666748046875,2.8562786637664073
2018-10-23,19.609333038330078,2.9760056283259346
2018-10-24,19.233333587646484,2.9566448980684648
2018-10-25,20.99066734313965,3.0440779267115947
2018-10-26,22.059999465942383,3.093765989616035
2018-10-29,22.323333740234375,3.10563248748146
2018-10-30,21.99333381652832,3.0907393991023917
2018-10-31,22.488000869750977,3.1129818722804563
2018-11-01,22.95199966430664,3.1334050640531763
2018-11-02,23.0939998626709,3.139572837583137
2018-11-05,22.760000228881836,3.1250046193144496
2018-11-06,22.737333297729492,3.1240082122166823
2018-11-07,23.21066665649414,3.144611942687044
2018-11-08,23.426666259765625,3.153874957281647
2018-11-09,23.367332458496094,3.1513389981974416
2018-11-12,22.0853328704834,3.094913717177757
2018-11-13,22.582000732421875,3.11715316119221
2018-11-14,22.933332443237305,3.1325914174588605
2018-11-15,23.229333877563477,3.1454158712770544
2018-11-16,23.62066650390625,3.162122028148674
2018-11-19,23.564666748046875,3.1597484184571902
2018-11-20,23.166000366210938,3.1426857023182753
2018-11-21,22.54599952697754,3.1155576456420118
2018-11-23,21.722000122070312,3.078325577477507
2018-11-26,23.066667556762695,3.1383886125434914
2018-11-27,22.92799949645996,3.132358849124021
2018-11-28,23.191333770751953,3.143778664523049
2018-11-29,22.744667053222656,3.1243307026744516
2018-11-30,23.365333557128906,3.1512534519815363
2018-12-03,23.89933204650879,3.173850510702096
2018-12-04,23.979999542236328,3.1772201305099737
2018-12-06,24.20400047302246,3.1865179283032274
2018-12-07,23.864667892456055,3.17239903426868
2018-12-10,24.343332290649414,3.192257984131486
2018-12-11,24.450666427612305,3.196657472302482
2018-12-12,24.440000534057617,3.196221156155179
2018-12-13,25.119333267211914,3.2236377993374012
2018-12-14,24.380666732788086,3.193790471209463
2018-12-17,23.22800064086914,3.145358475100174
2018-12-18,22.468666076660156,3.1121217198004714
2018-12-19,22.197999954223633,3.1000021926676036
2018-12-20,21.025333404541016,3.045728063261987
2018-12-21,21.31800079345703,3.0595518234869945
2018-12-24,19.69266700744629,2.980246333323443
2018-12-26,21.73933219909668,3.0791231636084198
2018-12-27,21.075332641601562,3.0481032874692446
2018-12-28,22.257999420166016,3.102701468500645
2018-12-31,22.18666648864746,3.0994914998211414
2019-01-02,20.674667358398438,3.0289091517064883
2019-01-03,20.02400016784668,2.9969315625117483
2019-01-04,21.179332733154297,3.053025835104474
2019-01-07,22.33066749572754,3.1059609577352387
2019-01-08,22.356666564941406,3.1071245568934276
2019-01-09,22.568666458129883,3.1165625043754064
2019-01-10,22.99799919128418,3.135407220461857
2019-01-11,23.150667190551758,3.142023600443155
2019-01-14,22.293333053588867,3.10428766755999
2019-01-15,22.961999893188477,3.133840671019956
2019-01-16,23.06999969482422,3.13853305895741
2019-01-17,23.15399932861328,3.1421675227869605
2019-01-18,20.150667190551758,3.0032373990381642
2019-01-22,19.92799949645996,2.9921257526919125
2019-01-23,19.172666549682617,2.953485647523964
2019-01-24,19.43400001525879,2.9670241102024066
2019-01-25,19.80266761779785,2.9858166567970734
2019-01-28,19.7586669921875,2.9835922301346605
2019-01-29,19.83066749572754,2.9872296028692507
2019-01-30,20.584667205810547,3.0245464882614796
2019-01-31,20.468000411987305,3.0188627110712067
2019-02-01,20.81399917602539,3.0356257976281484
2019-02-04,20.859333038330078,3.0378014758270555
2019-02-05,21.42333221435547,3.064480618483349
2019-02-06,21.148000717163086,3.05154537228483
2019-02-07,20.500667572021484,3.020457450103004
2019-02-08,20.386667251586914,3.014881121084065
2019-02-11,20.856000900268555,3.0376417197971257
2019-02-12,20.78733253479004,3.0343437884332003
2019-02-13,20.544666290283203,3.022601359335761
2019-02-14,20.251333236694336,3.0082206302343693
2019-02-15,20.525333404541016,3.021659899033165
2019-02-19,20.375999450683594,3.0143577107181643
2019-02-20,20.17066764831543,3.0042294524750814
2019-02-21,19.415332794189453,2.966063104122969
2019-02-22,19.6473331451416,2.977941611300277
2019-02-25,19.917999267578125,2.9916238087375886
2019-02-26,19.857332229614258,2.9885733207730683
2019-02-27,20.982667922973633,3.043696759944067
2019-02-28,21.325332641601562,3.059895691924388
2019-03-01,19.652666091918945,2.9782130080897735
2019-03-04,19.02400016784668,2.945701348771317
2019-03-05,18.43600082397461,2.9143053195520454
2019-03-06,18.416000366210938,2.913219871865003
2019-03-07,18.439332962036133,2.914486044048801
2019-03-08,18.94266700744629,2.941416891331776
2019-03-11,19.39466667175293,2.9649981144463804
2019-03-12,18.890666961669922,2.9386679885486626
2019-03-13,19.263999938964844,2.9582380659580574
2019-03-14,19.33066749572754,2.9616928242188405
2019-03-15,18.36199951171875,2.9102832851295655
2019-03-18,17.965999603271484,2.8884810607248306
2019-03-19,17.83133316040039,2.8809571997136496
2019-03-20,18.239999771118164,2.903616972097839
2019-03-21,18.26799964904785,2.905150876111446
2019-03-22,17.635332107543945,2.8699043958069157
2019-03-25,17.3613338470459,2.854245540787837
2019-03-26,17.851333618164062,2.8820782179369964
2019-03-27,18.32200050354004,2.9081025510758263
2019-03-28,18.57466697692871,2.921798661879374
2019-03-29,18.657333374023438,2.926239279206275
2019-04-01,19.278667449951172,2.9589991711273687
2019-04-02,19.058666229248047,2.947521918298402
2019-04-03,19.45400047302246,2.9680527287621685
2019-04-04,17.851999282836914,2.88211550659432
2019-04-05,18.33066749572754,2.908575476667448
2019-04-08,18.213333129882812,2.9021539154240084
2019-04-09,18.15399932861328,2.8988908851215816
2019-04-10,18.40399932861328,2.9125679958127435
2019-04-11,17.89466667175293,2.8845027171516833
2019-04-12,17.84666633605957,2.881816730899231
2019-04-15,17.7586669921875,2.8768736780009263
2019-04-16,18.224000930786133,2.902739457779569
2019-04-17,18.082000732421875,2.8949170088207525
2019-04-18,18.21733283996582,2.902373494725819
2019-04-22,17.516666412353516,2.8631527941364974
2019-04-23,17.593332290649414,2.867519983141213
2019-04-24,17.243999481201172,2.847464226799129
2019-04-25,16.5086669921875,2.803885515253143
2019-04-26,15.675999641418457,2.7521308574628285
2019-04-29,16.097999572753906,2.7786950141312206
2019-04-30,15.912667274475098,2.767115475971248
2019-05-01,15.600666999816895,2.7473136697399814
2019-05-02,16.273332595825195,2.789527730976662
2019-05-03,17.00200080871582,2.8333310317610887
2019-05-06,17.022666931152344,2.8345458048272594
2019-05-07,16.470666885375977,2.801581034285174
2019-05-08,16.32266616821289,2.7925547043431376
2019-05-09,16.131999969482422,2.78080487511938
2019-05-10,15.968000411987305,2.770586745369916
2019-05-13,15.133999824523926,2.716943856677505
2019-05-14,15.487333297729492,2.740022483231763
2019-05-15,15.463333129882812,2.7384716169385785
2019-05-16,15.222000122070312,2.7227417578645343
2019-05-17,14.0686674118042,2.6439501553263423
2019-05-20,13.690667152404785,2.6167143709401826
2019-05-21,13.67199993133545,2.615349940791014
2019-05-22,12.84866714477539,2.553240081819515
2019-05-23,13.03266716003418,2.5674590639760386
2019-05-24,12.708666801452637,2.542284186029506
2019-05-28,12.579999923706055,2.532108245207593
2019-05-29,12.657333374023438,2.5382367605661877
2019-05-30,12.54800033569336,2.5295613170811695
2019-05-31,12.343999862670898,2.5131701039356895
2019-06-03,11.9313325881958,2.4791679304749454
2019-06-04,12.90666675567627,2.5577439806366717
2019-06-05,13.105999946594238,2.5730701365423956
2019-06-06,13.729999542236328,2.6195831864394807
2019-06-07,13.633333206176758,2.612517765053758
2019-06-10,14.192000389099121,2.652678452984016
2019-06-11,14.473333358764648,2.6723078775391516
2019-06-12,13.950667381286621,2.635527348075479
2019-06-13,14.260666847229004,2.6575051773730674
2019-06-14,14.32800006866455,2.662215669550744
2019-06-17,15.001999855041504,2.708183515884833
2019-06-18,14.982666969299316,2.706893997576397
2019-06-19,15.095333099365234,2.714385629782854
2019-06-20,14.641332626342773,2.6838485307800486
2019-06-21,14.790666580200195,2.6939963453622875
2019-06-24,14.909333229064941,2.7019874080627364
2019-06-25,14.650667190551758,2.684485876443255
2019-06-26,14.618000030517578,2.6822536481458714
2019-06-27,14.855999946594238,2.6984038204555096
2019-06-28,14.897333145141602,2.7011822133844032
2019-07-01,15.14466667175293,2.7176484351087646
2019-07-02,14.970000267028809,2.7060482162691324
2019-07-03,15.65999984741211,2.751109680818858
2019-07-05,15.539999961853027,2.7434173424847415
2019-07-08,15.355999946594238,2.731506273660708
2019-07-09,15.337332725524902,2.730289903736311
2019-07-10,15.928000450134277,2.76807859502246
2019-07-11,15.90666675567627,2.766738314157348
2019-07-12,16.338666915893555,2.793534502009052
2019-07-15,16.899999618530273,2.8273135993568546
2019-07-16,16.825332641601562,2.8228856460100387
2019-07-17,16.99066734313965,2.8326642134963094
2019-07-18,16.902666091918945,2.8274713664049944
2019-07-19,17.211999893188477,2.8456068087707105
2019-07-22,17.045333862304688,2.835876492508906
2019-07-23,17.344667434692383,2.8532851066831206
2019-07-24,17.658666610717773,2.8712266889684277
2019-07-25,15.254667282104492,2.72488550751482
2019-07-26,15.202667236328125,2.7214708885323238
2019-07-29,15.718000411987305,2.7548065786551614
2019-07-30,16.150667190551758,2.781961360923812
2019-07-31,16.107332229614258,2.779274586307583
2019-08-01,15.59000015258789,2.7466296928572342
2019-08-02,15.62266731262207,2.748722892485119
2019-08-05,15.221332550048828,2.7226979011666637
2019-08-06,15.383333206176758,2.733284664014885
2019-08-07,15.561332702636719,2.744789164352268
2019-08-08,15.886667251586914,2.7654802198207977
2019-08-09,15.667332649230957,2.7515778216638247
2019-08-12,15.267333030700684,2.7257154497986416
2019-08-13,15.666666984558105,2.7515353333328916
2019-08-14,14.641332626342773,2.6838485307800486
2019-08-15,14.37600040435791,2.6655601776085467
2019-08-16,14.662667274475098,2.6853046222333665
2019-08-19,15.121999740600586,2.716150619982301
2019-08-20,15.057332992553711,2.7118651145611774
2019-08-21,14.722000122070312,2.6893429819282075
2019-08-22,14.8100004196167,2.6953026566130425
2019-08-23,14.09333324432373,2.6457018660182032
2019-08-26,14.333333015441895,2.66258780484698
2019-08-27,14.272000312805176,2.6582995977550565
2019-08-28,14.37266731262207,2.665328299611028
2019-08-29,14.780667304992676,2.6933200636884584
2019-08-30,15.040666580200195,2.710757638031604
2019-09-03,15.000666618347168,2.7080946413378726
2019-09-04,14.711999893188477,2.6886634800418565
2019-09-05,15.305333137512207,2.728201338740834
2019-09-06,15.16333293914795,2.718880206917844
2019-09-09,15.452667236328125,2.737781625099304
2019-09-10,15.702667236328125,2.753830585589199
2019-09-11,16.47333335876465,2.8017429134361413
2019-09-12,16.391332626342773,2.796752696731919
2019-09-13,16.34666633605957,2.7940239827351054
2019-09-16,16.187332153320312,2.7842289704991456
2019-09-17,16.319332122802734,2.7923504248506856
2019-09-18,16.232667922973633,2.787025750209072
2019-09-19,16.440000534057617,2.79971742211329
2019-09-20,16.041332244873047,2.7751686566496865
2019-09-23,16.082000732421875,2.7777006796689157
2019-09-24,14.880666732788086,2.7000628357121554
2019-09-25,15.24666690826416,2.7243609157724475
2019-09-26,16.17066764831543,2.783198962057317
2019-09-27,16.142000198364258,2.7814245831908844
2019-09-30,16.058000564575195,2.776207202920992
2019-10-01,16.312667846679688,2.7919419744816043
2019-10-02,16.208667755126953,2.7855461457647106
2019-10-03,15.535332679748535,2.7431169574691783
2019-10-04,15.428667068481445,2.73622727693275
2019-10-07,15.847999572753906,2.763043282437258
2019-10-08,16.003332138061523,2.7727969591858086
2019-10-09,16.302000045776367,2.791287802480287
2019-10-10,16.31599998474121,2.792146220520108
2019-10-11,16.525999069213867,2.804934841956461
2019-10-14,17.130666732788086,2.8408702335160143
2019-10-15,17.19266700744629,2.8444829561356664
2019-10-16,17.316667556762695,2.8516694802782436
2019-10-17,17.46466636657715,2.860179775103365
2019-10-18,17.1299991607666,2.840831263344002
2019-10-21,16.899999618530273,2.8273135993568546
2019-10-22,17.038667678833008,2.8354853304824266
2019-10-23,16.978666305541992,2.8319576327772955
2019-10-24,19.978666305541992,2.9946650195180538
2019-10-25,21.875333786010742,3.0853596909163263
2019-10-28,21.847333908081055,3.0840788961600114
2019-10-29,21.08133316040039,3.0483879645766576
2019-10-30,21.000667572021484,3.044554226362039
2019-10-31,20.994667053222656,3.0442684556261606
2019-11-01,20.887332916259766,3.039142894667963
2019-11-04,21.1646671295166,3.0523331464462617
2019-11-05,21.148000717163086,3.05154537228483
2019-11-06,21.77199935913086,3.0806247111364793
2019-11-07,22.369333267211914,3.1076909702841484
2019-11-08,22.47599983215332,3.1124480657821336
2019-11-11,23.006000518798828,3.1357550740244062
2019-11-12,23.32866668701172,3.1496829342506873
2019-11-13,23.073999404907227,3.138706416714477
2019-11-14,23.290000915527344,3.148024123206139
2019-11-15,23.47800064086914,3.1560638397529117
2019-11-18,23.332666397094727,3.1498543699910937
2019-11-19,23.968000411987305,3.1767196245238654
2019-11-20,23.481332778930664,3.1562057556543714
2019-11-21,23.655332565307617,3.163588567970022
2019-11-22,22.202667236328125,3.100212427441854
2019-11-25,22.422666549682617,3.110072346775171
2019-11-26,21.92799949645996,3.0877643360371483
2019-11-27,22.086000442504883,3.0949439436604766
2019-11-29,21.996000289916992,3.09086063182601
2019-12-02,22.32466697692871,3.1056922096044364
2019-12-03,22.413333892822266,3.109656044834631
2019-12-04,22.20199966430664,3.100182359790495
2019-12-05,22.024667739868164,3.092163086117906
2019-12-06,22.392667770385742,3.1087335735970787
2019-12-09,22.635332107543945,3.1195120530817624
2019-12-10,23.256000518798828,3.146563185564746
2019-12-11,23.51333236694336,3.157567595040137
2019-12-12,23.978666305541992,3.177164531102813
2019-12-13,23.892667770385742,3.1735716240184764
2019-12-16,25.433332443237305,3.2360606146250785
2019-12-17,25.266000747680664,3.229459648000209
2019-12-18,26.209999084472656,3.266140982404855
2019-12-19,26.93600082397461,3.293463712448861
2019-12-20,27.03933334350586,3.297292596414693
2019-12-23,27.947999954223633,3.3303456390522923
2019-12-24,28.350000381469727,3.344627043629483
2019-12-26,28.729333877563477,3.3579186871172384
2019-12-27,28.691999435424805,3.3566183185870933
2019-12-30,27.64666748046875,3.319505195585937
2019-12-31,27.8886661529541,3.328220375216209
2020-01-02,28.68400001525879,3.3563394765522903
2020-01-03,29.534000396728516,3.3855421554845244
2020-01-06,30.1026668548584,3.4046137676592796
2020-01-07,31.270666122436523,3.442680473527366
2020-01-08,32.80933380126953,3.490713042020433
2020-01-09,32.089332580566406,3.4685236565435695
2020-01-10,31.876667022705078,3.46187430086259
2020-01-13,34.990665435791016,3.5550813240836123
2020-01-14,35.861331939697266,3.579659610256237
2020-01-15,34.56666564941406,3.5428897971386557
2020-01-16,34.232666015625,3.533180334861948
2020-01-17,34.03333282470703,3.527340421557565
2020-01-21,36.47999954223633,3.5967641526577845
2020-01-22,37.97066879272461,3.6368139878026975
2020-01-23,38.14666748046875,3.641438400847304
2020-01-24,37.654666900634766,3.6284569014282706
2020-01-27,37.201332092285156,3.616344569570373
2020-01-28,37.793331146240234,3.632132662358234
2020-01-29,38.732666015625,3.6566833270890253
2020-01-30,42.72066879272461,3.7546828497898046
2020-01-31,43.371334075927734,3.7697987177137686
2020-02-03,52.0,3.9512437185814275
2020-02-04,59.137332916259766,4.079862415609961
2020-02-05,48.97999954223633,3.891412042178091
2020-02-06,49.930667877197266,3.910635400693781
2020-02-07,49.871334075927734,3.9094463702715676
2020-02-10,51.41866683959961,3.9400012746171478
2020-02-11,51.62533187866211,3.9440124799028986
2020-02-12,51.15266799926758,3.9348146513358206
2020-02-13,53.599998474121094,3.9815490396088657
2020-02-14,53.33533477783203,3.9765990529459443
2020-02-18,57.22666549682617,4.047019969772052
2020-02-19,61.16133117675781,4.113515146304014
2020-02-20,59.96066665649414,4.093688791526393
2020-02-21,60.06666564941406,4.0954550395707345
2020-02-24,55.58599853515625,4.017931344636059
2020-02-25,53.32733154296875,3.9764489866640043
2020-02-26,51.91999816894531,3.949704037128987
2020-02-27,45.266666412353516,3.8125709208383753
2020-02-28,44.53266525268555,3.796222970510954
2020-03-02,49.574668884277344,3.9034799952968644
2020-03-03,49.70066833496094,3.906018380395688
2020-03-04,49.96666717529297,3.9113561266197547
2020-03-05,48.30266571044922,3.8774867498281074
2020-03-06,46.89866638183594,3.8479892396926307
2020-03-09,40.53333282470703,3.7021246683156104
2020-03-10,43.02199935913086,3.761711597867294
2020-03-11,42.28200149536133,3.744361498939321
2020-03-12,37.369998931884766,3.6208682149152343
2020-03-13,36.44133377075195,3.595703673553759
2020-03-16,29.67133331298828,3.3901813713782585
2020-03-17,28.68000030517578,3.356200026372137
2020-03-18,24.08133316040039,3.1814369827121043
2020-03-19,28.50933265686035,3.3502314953149654
2020-03-20,28.50200080871582,3.3499742886250226
2020-03-23,28.952667236328125,3.3656623322907167
2020-03-24,33.66666793823242,3.516508265942429
2020-03-25,35.95000076293945,3.5821291053892934
2020-03-26,35.21066665649414,3.561349066713768
2020-03-27,34.29066848754883,3.5348732614014198
2020-03-30,33.47533416748047,3.5108088741257815
2020-03-31,34.93333435058594,3.553441512338658
2020-04-01,32.104000091552734,3.4689806358163704
2020-04-02,30.29800033569336,3.411081714815852
2020-04-03,32.000667572021484,3.4657567642077973
2020-04-06,34.41600036621094,3.5385215831660917
2020-04-07,36.36333465576172,3.5935609773086385
2020-04-08,36.589332580566406,3.599756738377366
2020-04-09,38.20000076293945,3.642835535584766
2020-04-13,43.39666748046875,3.7703826519938364
2020-04-14,47.32600021362305,3.8570598318667217
2020-04-15,48.65533447265625,3.8847614526241037
2020-04-16,49.680667877197266,3.905615881117735
2020-04-17,50.259334564208984,3.917196292159294
2020-04-20,49.75733184814453,3.9071578265781963
2020-04-21,45.781333923339844,3.8238764517875596
2020-04-22,48.807334899902344,3.8878806068902554
2020-04-23,47.04199981689453,3.8510408158009692
2020-04-24,48.34333419799805,3.878328346789963
2020-04-27,53.25,3.9749978045895347
2020-04-28,51.27466583251953,3.9371967867752287
2020-04-29,53.367332458496094,3.977198807056164
2020-04-30,52.12533187866211,3.9536510470754274
2020-05-01,46.75466537475586,3.8449140448680197
2020-05-04,50.74599838256836,3.926832765208539
2020-05-05,51.2140007019043,3.936012945873563
2020-05-06,52.172000885009766,3.954545969471346
2020-05-07,52.00266647338867,3.951294995601136
2020-05-08,54.62799835205078,4.0005465416494275
2020-05-11,54.08599853515625,3.9905753452425325
2020-05-12,53.96066665649414,3.988255385905456
2020-05-13,52.73066711425781,3.9651972049749187
2020-05-14,53.55533218383789,3.980715365864482
2020-05-15,53.27799987792969,3.9755234856988495
2020-05-18,54.242000579833984,3.9934555267984444
2020-05-19,53.867332458496094,3.9865242173393347
2020-05-20,54.37066650390625,3.99582478975303
2020-05-21,55.17333221435547,4.010479724488042
2020-05-22,54.45866775512695,3.997442024131979
2020-05-26,54.591331481933594,3.9998751060793603
2020-05-27,54.68199920654297,4.001534573121228
2020-05-28,53.72066879272461,3.983797821181499
2020-05-29,55.66666793823242,4.019381546591144
2020-06-01,59.87333297729492,4.092231213628167
2020-06-02,58.770668029785156,4.073642887410138
2020-06-03,58.86399841308594,4.075229671403427
2020-06-04,57.62533187866211,4.053962260582868
2020-06-05,59.04399871826172,4.078282906966562
2020-06-08,63.327999114990234,4.14832755544514
2020-06-09,62.711334228515625,4.13854220049692
2020-06-10,68.336669921875,4.224446517403244
2020-06-11,64.85600280761719,4.17216947097542
2020-06-12,62.35200119018555,4.132795767684523
2020-06-15,66.05999755859375,4.1905633830052365
2020-06-16,65.47533416748047,4.1816734941223395
2020-06-17,66.11933135986328,4.191461160376938
2020-06-18,66.9306640625,4.203657218809932
2020-06-19,66.72666931152344,4.20060471275994
2020-06-22,66.28800201416016,4.194008915720034
2020-06-23,66.78533172607422,4.201483471491289
2020-06-24,64.0566635131836,4.15976805904664
2020-06-25,65.73200225830078,4.1855859036752285
2020-06-26,63.982666015625,4.158612203169086
2020-06-29,67.29000091552734,4.209011650805923
2020-06-30,71.98733520507812,4.276490203614378
2020-07-01,74.64199829101562,4.312703328568383
2020-07-02,80.57733154296875,4.389217363590254
2020-07-06,91.43866729736328,4.515668444767082
2020-07-07,92.65733337402344,4.528908100964671
2020-07-08,91.05867004394531,4.5115040245281275
2020-07-09,92.9520034790039,4.532083268308522
2020-07-10,102.97666931152344,4.634502451033415
2020-07-13,99.80400085449219,4.603208271236253
2020-07-14,101.12000274658203,4.616307957560157
2020-07-15,103.06732940673828,4.635382458232164
2020-07-16,100.04266357421875,4.605596730747127
2020-07-17,100.05599975585938,4.605730026806565
2020-07-20,109.53333282470703,4.696228912291483
2020-07-21,104.55733489990234,4.649735580275576
2020-07-22,106.15533447265625,4.664903440986016
2020-07-23,100.87133026123047,4.613845746857553
2020-07-24,94.46666717529297,4.548247043972658
2020-07-27,102.63999938964844,4.631227714360854
2020-07-28,98.43267059326172,4.589372767176559
2020-07-29,99.94066619873047,4.604576671880738
2020-07-30,99.16600036621094,4.59679521729881
2020-07-31,95.38400268554688,4.557910877658939
2020-08-03,99.0,4.59511985013459
2020-08-04,99.13333129882812,4.596465724835028
2020-08-05,99.00133514404297,4.595133336347115
2020-08-06,99.30533599853516,4.5981993057457125
2020-08-07,96.84733581542969,4.573135881115631
2020-08-10,94.57133483886719,4.5493544157514005
2020-08-11,91.6259994506836,4.517715068203898
2020-08-12,103.65066528320312,4.641026257415971
2020-08-13,108.06666564941406,4.682748311220271
2020-08-14,110.04733276367188,4.7009105710924075
2020-08-17,122.3759994506836,4.807098267932205
2020-08-18,125.80599975585938,4.8347410359419465
2020-08-19,125.23533630371094,4.830194657691639
2020-08-20,133.45533752441406,4.893766871486921
2020-08-21,136.6653289794922,4.917535083027406
2020-08-24,134.27999877929688,4.899927163021105
2020-08-25,134.8893280029297,4.904454649653846
2020-08-26,143.54466247558594,4.966646223539227
2020-08-27,149.25,5.0056227522727115
2020-08-28,147.55999755859375,4.994234856183298
2020-08-31,166.10667419433594,5.112630197596064
2020-09-01,158.35000610351562,5.064807811529111
2020-09-02,149.1233367919922,5.0047737272426716
2020-09-03,135.6666717529297,4.910200934265367
2020-09-04,139.44000244140625,4.937634418720416
2020-09-08,110.06999969482422,4.70111652426274
2020-09-09,122.09333038330078,4.804785755409311
2020-09-10,123.77999877929688,4.818505786449339
2020-09-11,124.23999786376953,4.822215161646046
2020-09-14,139.8733367919922,4.940737275887523
2020-09-15,149.9199981689453,5.010101806276567
2020-09-16,147.25332641601562,4.992154412538106
2020-09-17,141.14332580566406,4.949775869172516
2020-09-18,147.38333129882812,4.99303688854946
2020-09-21,149.79666137695312,5.009278783631506
2020-09-22,141.41000366210938,4.951663498216788
2020-09-23,126.78666687011719,4.842505885607802
2020-09-24,129.26333618164062,4.861851689355005
2020-09-25,135.77999877929688,4.9110359198832
2020-09-28,140.39999389648438,4.944495448119376
2020-09-29,139.69000244140625,4.939425699216775
2020-09-30,143.00332641601562,4.962867891639818
2020-10-01,149.3866729736328,5.006538065062758
2020-10-02,138.3633270263672,4.929883029937476
2020-10-05,141.89332580566406,4.955075548568396
2020-10-06,137.9933319091797,4.9272053644910825
2020-10-07,141.76666259765625,4.954182484889311
2020-10-08,141.97332763671875,4.955639206414097
2020-10-09,144.6666717529297,4.974432280590794
2020-10-12,147.43333435058594,4.993376103105918
2020-10-13,148.88333129882812,5.003162987814641
2020-10-14,153.76666259765625,5.035436275433425
2020-10-15,149.6266632080078,5.0081432796593495
2020-10-16,146.55667114257812,4.987412187393976
2020-10-19,143.61000061035156,4.96710129632259
2020-10-20,140.64666748046875,4.946250840950713
2020-10-21,140.8800048828125,4.947908498847323
2020-10-22,141.92999267578125,4.955333926706721
2020-10-23,140.2100067138672,4.943141346617407
2020-10-26,140.0933380126953,4.9423089005542105
2020-10-27,141.55999755859375,4.952723638230821
2020-10-28,135.33999633789062,4.907790103745491
2020-10-29,136.94332885742188,4.919567182273041
2020-10-30,129.34666442871094,4.862496121122975
2020-11-02,133.50332641601562,4.894126394503782
2020-11-03,141.3000030517578,4.950885311288201
2020-11-04,140.32666015625,4.943972991552863
2020-11-05,146.02999877929688,4.983812071693118
2020-11-06,143.31666564941406,4.965056627090859
2020-11-09,140.4199981689453,4.94463791854926
2020-11-10,136.7866668701172,4.918422536038759
2020-11-11,139.0433349609375,4.934785646851824
2020-11-12,137.25332641601562,4.921828316278211
2020-11-13,136.1666717529297,4.913879662985164
2020-11-16,136.02999877929688,4.91287544067156
2020-11-17,147.20333862304688,4.991814886900659
2020-11-18,162.2133331298828,5.088912340090125
2020-11-19,166.42333984375,5.11453478203518
2020-11-20,163.20333862304688,5.094996899569821
2020-11-23,173.9499969482422,5.158767884054072
2020-11-24,185.1266632080078,5.221040256790726
2020-11-25,191.3333282470703,5.2540170810682
2020-11-27,195.25332641601562,5.274297825276417
2020-11-30,189.1999969482422,5.24280464048798
2020-12-01,194.9199981689453,5.272589208581428
2020-12-02,189.60667419433594,5.244951790648284
2020-12-03,197.7933349609375,5.287222722771235
2020-12-04,199.67999267578125,5.296716048501281
2020-12-07,213.9199981689453,5.365602104794103
2020-12-08,216.6266632080078,5.378175425827451
2020-12-09,201.4933319091797,5.305756288577041
2020-12-10,209.02333068847656,5.342445875823041
2020-12-11,203.3300018310547,5.314830283927585
2020-12-14,213.27667236328125,5.362590254111015
2020-12-15,211.0833282470703,5.352252976117679
2020-12-16,207.58999633789062,5.335564962933635
2020-12-17,218.63333129882812,5.3873960403260215
2020-12-18,231.6666717529297,5.445299578851774
2020-12-21,216.6199951171875,5.378144643866678
2020-12-22,213.44667053222656,5.363387014732475
2020-12-23,215.32666015625,5.372156224647838
2020-12-24,220.58999633789062,5.396305758274811
2020-12-28,221.22999572753906,5.399202865009592
2020-12-29,221.99667358398438,5.402662397904094
2020-12-30,231.5933380126953,5.444982980227671
2020-12-31,235.22332763671875,5.460535393235156
2021-01-04,243.2566680908203,5.494117133191201
2021-01-05,245.0366668701172,5.501407860041039
2021-01-06,251.9933319091797,5.529402626483475
2021-01-07,272.0133361816406,5.605851095173623
2021-01-08,293.3399963378906,5.681332333334429
2021-01-11,270.39666748046875,5.599890019686312
2021-01-12,283.14666748046875,5.645965023041388
2021-01-13,284.8033447265625,5.6517989235930255
2021-01-14,281.6666564941406,5.640724302573586
2021-01-15,275.38665771484375,5.618176138188661
2021-01-19,281.51666259765625,5.640191638004356
2021-01-20,283.48333740234375,5.647153346845605
2021-01-21,281.663330078125,5.640712492742422
2021-01-22,282.21331787109375,5.642663231328169
2021-01-25,293.6000061035156,5.682218317528902
2021-01-26,294.36334228515625,5.684814862407432
2021-01-27,288.0533447265625,5.66314568772897
2021-01-28,278.4766540527344,5.629334228394858
2021-01-29,264.510009765625,5.577879094686726
2021-02-01,279.9366760253906,5.634563420539711
2021-02-02,290.92999267578125,5.67308266323137
2021-02-03,284.89666748046875,5.652126544280199
2021-02-04,283.3299865722656,5.646612248648603
2021-02-05,284.07666015625,5.649244131864265
2021-02-08,287.8066711425781,5.662288973971202
2021-02-09,283.1533203125,5.645988518828691
2021-02-10,268.2733459472656,5.592006408282175
2021-02-11,270.5533447265625,5.600469286705221
2021-02-12,272.0400085449219,5.605949145717972
2021-02-16,265.40667724609375,5.581263280760572
2021-02-17,266.04998779296875,5.583684215159907
2021-02-18,262.4599914550781,5.570098656911096
2021-02-19,260.4333190917969,5.5623468556505875
2021-02-22,238.1666717529297,5.47297073005771
2021-02-23,232.94667053222656,5.4508095455323184
2021-02-24,247.33999633789062,5.510763893507938
2021-02-25,227.4066619873047,5.426739877225498
2021-02-26,225.1666717529297,5.416840891321025
2021-03-01,239.47666931152344,5.478455997957776
2021-03-02,228.81333923339844,5.432906558651488
2021-03-03,217.73333740234375,5.383271091116246
2021-03-04,207.14666748046875,5.333427080923423
2021-03-05,199.31666564941406,5.294894844643006
2021-03-08,187.6666717529297,5.234667366574225
2021-03-09,224.52667236328125,5.413994507979474
2021-03-10,222.68666076660156,5.405765674699292
2021-03-11,233.1999969482422,5.451896441389898
2021-03-12,231.2433319091797,5.443470540989467
2021-03-15,235.97999572753906,5.46374703756659
2021-03-16,225.6266632080078,5.418881700619013
2021-03-17,233.93666076660156,5.455050398232518
2021-03-18,217.72000122070312,5.383209839172756
2021-03-19,218.2899932861328,5.3858244232296295
2021-03-22,223.3333282470703,5.408665400942589
2021-03-23,220.72000122070312,5.396894935439581
2021-03-24,210.08999633789062,5.34753599290439
2021-03-25,213.4633331298828,5.363465076138962
2021-03-26,206.23666381835938,5.329024362849603
2021-03-29,203.76333618164062,5.316959203631199
2021-03-30,211.8733367919922,5.355988628154604
2021-03-31,222.64332580566406,5.405571055148033
2021-04-01,220.5833282470703,5.396275529380863
2021-04-05,230.35000610351562,5.439599917878629
2021-04-06,230.5399932861328,5.4404243540505135
2021-04-07,223.6566619873047,5.410112116993028
2021-04-08,227.93333435058594,5.429053193000031
2021-04-09,225.67333984375,5.419088554754147
2021-04-12,233.9933319091797,5.4552926188370625
2021-04-13,254.10667419433594,5.537754155995875
2021-04-14,244.07666015625,5.497482356916934
2021-04-15,246.28334045410156,5.506482663594444
2021-04-16,246.5933380126953,5.507740575007234
2021-04-19,238.2100067138672,5.473152665752784
2021-04-20,239.663330078125,5.479235147167954
2021-04-21,248.0399932861328,5.513589996413997
2021-04-22,239.89666748046875,5.480208278463081
2021-04-23,243.13333129882812,5.493609981338612
2021-04-26,246.06666564941406,5.505602497793736
2021-04-27,234.913330078125,5.459216637939505
2021-04-28,231.46665954589844,5.444435843914342
2021-04-29,225.6666717529297,5.419059006782997
2021-04-30,236.47999572753906,5.465863619692935
2021-05-03,228.3000030517578,5.430660566903064
2021-05-04,224.53334045410156,5.414024205973642
2021-05-05,223.64666748046875,5.410067429166316
2021-05-06,221.17999267578125,5.398976816532923
2021-05-07,224.1233367919922,5.412196511003137
2021-05-10,209.67999267578125,5.345582524084691
2021-05-11,205.73333740234375,5.326580851598976
2021-05-12,196.6300048828125,5.281323815003955
2021-05-13,190.56333923339844,5.249984628718565
2021-05-14,196.5800018310547,5.281069482453035
2021-05-17,192.27667236328125,5.258935336672975
2021-05-18,192.6233367919922,5.26073665916818
2021-05-19,187.82000732421875,5.235484096372414
2021-05-20,195.5933380126953,5.276037697780889
2021-05-21,193.6266632080078,5.265931888541369
2021-05-24,202.14666748046875,5.308993510571072
2021-05-25,201.56333923339844,5.30610367061999
2021-05-26,206.3766632080078,5.329702961362307
2021-05-27,210.28334045410156,5.348455861568373
2021-05-28,208.4066619873047,5.3394912766777916
2021-06-01,207.96665954589844,5.3373777762086805
2021-06-02,201.7066650390625,5.306814488732819
2021-06-03,190.94667053222656,5.251994177186578
2021-06-04,199.68333435058594,5.296732783512128
2021-06-07,201.7100067138672,5.306831055597992
2021-06-08,201.19667053222656,5.3042828900381
2021-06-09,199.5933380126953,5.296281986630446
2021-06-10,203.3733367919922,5.315043387470075
2021-06-11,203.29666137695312,5.314666298349692
2021-06-14,205.89666748046875,5.327374428766623
2021-06-15,199.7866668701172,5.297250131605953
2021-06-16,201.6233367919922,5.306401287394572
2021-06-17,205.53334045410156,5.32560826142926
2021-06-18,207.77000427246094,5.33643171922011
2021-06-21,206.94332885742188,5.332444982146883
2021-06-22,207.90333557128906,5.337073238849206
2021-06-23,218.85667419433594,5.388417059833238
2021-06-24,226.60667419433594,5.423215801798002
2021-06-25,223.9566650390625,5.411452573492266
2021-06-28,229.57333374023438,5.436222515454013
2021-06-29,226.9199981689453,5.424597524389203
2021-06-30,226.56666564941406,5.423039231194623
2021-07-01,225.97332763671875,5.420416973000905
2021-07-02,226.3000030517578,5.421861566124944
2021-07-06,219.86000061035156,5.3929909829268095
2021-07-07,214.88333129882812,5.370095235720784
2021-07-08,217.60333251953125,5.3826738297520675
2021-07-09,218.98333740234375,5.388995642001092
2021-07-12,228.56666564941406,5.431827921171636
2021-07-13,222.84666442871094,5.406483931493743
2021-07-14,217.7933349609375,5.383546608382032
2021-07-15,216.86666870117188,5.379282734752506
2021-07-16,214.74000549316406,5.369428019586524
2021-07-19,215.4066619873047,5.372527692690182
2021-07-20,220.1666717529297,5.394384858396146
2021-07-21,218.42999267578125,5.386465563543535
2021-07-22,216.4199981689453,5.377220955682849
2021-07-23,214.4600067138672,5.368123272097917
2021-07-26,219.2066650390625,5.390014960811704
2021-07-27,214.92666625976562,5.370296882780324
2021-07-28,215.66000366210938,5.373703110434866
2021-07-29,225.78334045410156,5.419575868896695
2021-07-30,229.06666564941406,5.434013077561078
2021-08-02,236.55667114257812,5.4661878035081894
2021-08-03,236.5800018310547,5.466286424857276
2021-08-04,236.97332763671875,5.467947593184627
2021-08-05,238.2100067138672,5.473152665752784
2021-08-06,233.03334045410156,5.451181535406695
2021-08-09,237.9199981689453,5.471934475015751
2021-08-10,236.663330078125,5.466638583006426
2021-08-11,235.94000244140625,5.463577545761269
2021-08-12,240.75,5.483759050678235
2021-08-13,239.05667114257812,5.476700641574912
2021-08-16,228.72332763671875,5.432513096862046
2021-08-17,221.90333557128906,5.402241861692579
2021-08-18,229.663330078125,5.436614454278297
2021-08-19,224.49000549316406,5.413831187229904
2021-08-20,226.75332641601562,5.423862758859046
2021-08-23,235.43333435058594,5.461427792067534
2021-08-24,236.163330078125,5.46452364225326
2021-08-25,237.06666564941406,5.468341391240587
2021-08-26,233.72000122070312,5.454123822909166
2021-08-27,237.30667114257812,5.469353275741794
2021-08-30,243.6366729736328,5.495678070373621
2021-08-31,245.24000549316406,5.502237345293623
2021-09-01,244.69667053222656,5.500019364030871
2021-09-02,244.1300048828125,5.497700890298778
2021-09-03,244.52333068847656,5.499310726401292
2021-09-07,250.97332763671875,5.52534666908978
2021-09-08,251.2899932861328,5.52660762396417
2021-09-09,251.6199951171875,5.527919993517482
2021-09-10,245.42333984375,5.502984637141934
2021-09-13,247.6666717529297,5.512083776586377
2021-09-14,248.163330078125,5.5140871184151
2021-09-15,251.94332885742188,5.52920417673447
2021-09-16,252.3300018310547,5.530737761899043
2021-09-17,253.163330078125,5.534034853865958
2021-09-20,243.38999938964844,5.494665092567373
2021-09-21,246.4600067138672,5.507199735751181
2021-09-22,250.64666748046875,5.524044248111327
2021-09-23,251.2133331298828,5.526302510931819
2021-09-24,258.1300048828125,5.553463352903839
2021-09-27,263.78668212890625,5.575140754281396
2021-09-28,259.1866760253906,5.557548558933847
2021-09-29,260.4366760253906,5.562359745368272
2021-09-30,258.49334716796875,5.554869957323175
2021-10-01,258.40667724609375,5.5545346123102375
2021-10-04,260.510009765625,5.562641285659127
2021-10-05,260.1966552734375,5.561437711550887
2021-10-06,260.9166564941406,5.564201032550761
2021-10-07,264.53668212890625,5.577979926479884
2021-10-08,261.8299865722656,5.567695386917609
2021-10-11,263.9800109863281,5.5758733843188395
2021-10-12,268.5733337402344,5.59312400045716
2021-10-13,270.3599853515625,5.5997543500509215
2021-10-14,272.7733459472656,5.6086412157239165
2021-10-15,281.010009765625,5.638390290641025
2021-10-18,290.03668212890625,5.670007405080998
2021-10-19,288.0899963378906,5.663272918606306
2021-10-20,288.6000061035156,5.665041667488473
2021-10-21,298.0,5.697093486505405
2021-10-22,303.2266540527344,5.714480559049337
2021-10-25,341.6199951171875,5.833698993916804
2021-10-26,339.4766540527344,5.827405178957507
2021-10-27,345.9533386230469,5.846303906492405
2021-10-28,359.0133361816406,5.883359535936578
2021-10-29,371.3333435058594,5.917100159213714
2021-11-01,402.86334228515625,5.998597403409539
2021-11-02,390.6666564941406,5.967854655429958
2021-11-03,404.6199951171875,6.002948342981618
2021-11-04,409.9700012207031,6.01608398926708
2021-11-05,407.36334228515625,6.0097055200809555
2021-11-08,387.64666748046875,5.960094273905376
2021-11-09,341.1666564941406,5.8323710866163525
2021-11-10,355.98333740234375,5.874883924707044
2021-11-11,354.5033264160156,5.870717729330177
2021-11-12,344.47332763671875,5.8420166640506155
2021-11-15,337.7966613769531,5.822444120893695
2021-11-16,351.57666015625,5.862427781799489
2021-11-17,363.0033264160156,5.894411997903348
2021-11-18,365.4599914550781,5.90115681069517
2021-11-19,379.0199890136719,5.93758894515252
2021-11-22,385.6233215332031,5.954861042062052
2021-11-23,369.6766662597656,5.912628748613336
2021-11-24,372.0,5.918893854273146
2021-11-26,360.6400146484375,5.887880271469305
2021-11-29,378.9966735839844,5.937527428220649
2021-11-30,381.586669921875,5.944338006893434
2021-12-01,365.0,5.8998973535824915
2021-12-02,361.5333251953125,5.890354223229112
2021-12-03,338.3233337402344,5.824002046923424
2021-12-06,336.336669921875,5.818112652117585
2021-12-07,350.5833435058594,5.8595984628185205
2021-12-08,356.32000732421875,5.875829224064229
2021-12-09,334.6000061035156,5.812935806793954
2021-12-10,339.010009765625,5.826029634276754
2021-12-13,322.13665771484375,5.774975858352125
2021-12-14,319.5033264160156,5.766767685081125
2021-12-15,325.3299865722656,5.784840010516656
2021-12-16,308.97332763671875,5.733254954844333
2021-12-17,310.8566589355469,5.739331902186233
2021-12-20,299.9800109863281,5.703715842390748
2021-12-21,312.84332275390625,5.7457024989335785
2021-12-22,336.2900085449219,5.817973908358166
2021-12-23,355.6666564941406,5.8739939340323515
2021-12-27,364.64666748046875,5.898928850434604
2021-12-28,362.8233337402344,5.893916031884596
2021-12-29,362.0633239746094,5.8918191246342895
2021-12-30,356.7799987792969,5.877119341901676
2021-12-31,352.260009765625,5.864369567026925
2022-01-03,399.9266662597656,5.9912811959495995
2022-01-04,383.1966552734375,5.948548317649003
2022-01-05,362.7066650390625,5.893594422296092
2022-01-06,354.8999938964844,5.871836042454604
2022-01-07,342.32000732421875,5.835745993504386
2022-01-10,352.7066650390625,5.86563673425388
2022-01-11,354.79998779296875,5.871554216030037
2022-01-12,368.739990234375,5.910091762158475
2022-01-13,343.85333251953125,5.840215207501725
2022-01-14,349.8699951171875,5.8575616429592765
2022-01-18,343.5033264160156,5.839196795504935
2022-01-19,331.8833312988281,5.804783495406393
2022-01-20,332.0899963378906,5.805406005489657
2022-01-21,314.6333312988281,5.751407933196515
2022-01-24,310.0,5.736572297479192
2022-01-25,306.1333312988281,5.724020730251378
2022-01-26,312.4700012207031,5.744508468474787
2022-01-27,276.3666687011719,5.621728493815679
2022-01-28,282.1166687011719,5.64232070417857
2022-01-31,312.239990234375,5.7437720915963375
2022-02-01,310.4166564941406,5.737915448255105
2022-02-02,301.88665771484375,5.710051641350117
2022-02-03,297.0466613769531,5.693889235475681
2022-02-04,307.7733459472656,5.729363622292174
2022-02-07,302.4466552734375,5.711904915716564
2022-02-08,307.3333435058594,5.727932967987809
2022-02-09,310.6666564941406,5.7387204932732985
2022-02-10,301.51666259765625,5.708825280304017
2022-02-11,286.6666564941406,5.658320065093887
2022-02-14,291.9200134277344,5.676479838126185
2022-02-15,307.4766540527344,5.728399162584643
2022-02-16,307.7966613769531,5.729439374617406
2022-02-17,292.1166687011719,5.677153272815776
2022-02-18,285.6600036621094,5.654802305254301
2022-02-22,273.84332275390625,5.6125561280728915
2022-02-23,254.67999267578125,5.540007826390308
2022-02-24,266.92333984375,5.5869615004842865
2022-02-25,269.9566650390625,5.598261446261571
2022-02-28,290.1433410644531,5.670375080397227
2022-03-01,288.1233215332031,5.663388588252654
2022-03-02,293.2966613769531,5.681184592955622
2022-03-03,279.7633361816406,5.633944017840009
2022-03-04,279.42999267578125,5.632751787789535
2022-03-07,268.1933288574219,5.591708096777676
2022-03-08,274.79998779296875,5.616043515926682
2022-03-09,286.3233337402344,5.657121709796784
2022-03-10,279.4333190917969,5.6327636920099255
2022-03-11,265.1166687011719,5.580169988350259
2022-03-14,255.4566650390625,5.543052786800937
2022-03-15,267.2966613769531,5.588359132894603
2022-03-16,280.07666015625,5.635063351968949
2022-03-17,290.5333251953125,5.6717182863917275
2022-03-18,301.7966613769531,5.709753483903286
2022-03-21,307.0533447265625,5.727021493816754
2022-03-22,331.32666015625,5.803104777412154
2022-03-23,333.03668212890625,5.808252640456919
2022-03-24,337.97332763671875,5.822966980051878
2022-03-25,336.8800048828125,5.819726798347891
2022-03-28,363.9466552734375,5.897007305450428
2022-03-29,366.5233459472656,5.9040622190176535
2022-03-30,364.663330078125,5.8989745445776025
2022-03-31,359.20001220703125,5.883879370411984
2022-04-01,361.5299987792969,5.890345022330918
2022-04-04,381.8166809082031,5.944940600510657
2022-04-05,363.7533264160156,5.896475963230186
2022-04-06,348.586669921875,5.853886893461723
2022-04-07,352.4200134277344,5.864823684242094
2022-04-08,341.8299865722656,5.834313498174064
2022-04-11,325.30999755859375,5.78477856635655
2022-04-12,328.98333740234375,5.796007103289326
2022-04-13,340.7900085449219,5.831266476875513
2022-04-14,328.3333435058594,5.794029383486292
2022-04-18,334.7633361816406,5.813423823005923
2022-04-19,342.7166748046875,5.836904084845041
2022-04-20,325.73333740234375,5.786079063207321
2022-04-21,336.260009765625,5.817884699292669
2022-04-22,335.01666259765625,5.8141802696855995
2022-04-25,332.67333984375,5.8071610470927135
2022-04-26,292.1400146484375,5.677233189564505
2022-04-27,293.836669921875,5.683024068483251
2022-04-28,292.5033264160156,5.678476038969693
2022-04-29,290.2533264160156,5.670754081032625
2022-05-02,300.9800109863281,5.7070438538604265
2022-05-03,303.0833435058594,5.71400782876245
2022-05-04,317.5400085449219,5.760603821559115
2022-05-05,291.09332275390625,5.6736439125081
2022-05-06,288.54998779296875,5.66486833885224
2022-05-09,262.3699951171875,5.569755702655145
2022-05-10,266.67999267578125,5.586049410285412
2022-05-11,244.6666717529297,5.499896760734947
2022-05-12,242.6666717529297,5.4916887804884515
2022-05-13,256.5299987792969,5.547245612077454
2022-05-16,241.4566650390625,5.486690016159156
2022-05-17,253.8699951171875,5.53682230574143
2022-05-18,236.60333251953125,5.466385036481151
2022-05-19,236.47332763671875,5.465835422023138
2022-05-20,221.3000030517578,5.399519260847143
2022-05-23,224.96665954589844,5.415952211428703
2022-05-24,209.3866729736328,5.344182652541131
2022-05-25,219.60000610351562,5.391807737429162
2022-05-26,235.91000366210938,5.463450391882073
2022-05-27,253.2100067138672,5.534219210475925
2022-05-31,252.75332641601562,5.532414018708203
2022-06-01,246.7899932861328,5.508537745366978
2022-06-02,258.3333435058594,5.554250780062756
2022-06-03,234.51666259765625,5.457526641215531
2022-06-06,238.27999877929688,5.473446447637509
2022-06-07,238.8866729736328,5.475989267818139
2022-06-08,241.86666870117188,5.488386618544498
2022-06-09,239.7066650390625,5.479415946807051
2022-06-10,232.22999572753906,5.447728241487191
2022-06-13,215.73666381835938,5.3740585149283895
2022-06-14,220.88999938964844,5.397664837285588
2022-06-15,233.0,5.4510384535657
2022-06-16,213.10000610351562,5.361761567746127
2022-06-17,216.75999450683594,5.378790725355765
2022-06-21,237.0366668701172,5.468214841700521
2022-06-22,236.086669921875,5.464198983039186
2022-06-23,235.07000732421875,5.459883373287034
2022-06-24,245.7066650390625,5.504138405895321
2022-06-27,244.9199981689453,5.5009316191336195
2022-06-28,232.663330078125,5.449592473353004
2022-06-29,228.49000549316406,5.4314924697416105
2022-06-30,224.47332763671875,5.413756892269837
2022-07-01,227.26333618164062,5.4261094164034125
2022-07-05,233.06666564941406,5.451324531308574
2022-07-06,231.73333740234375,5.445587302842093
2022-07-07,244.5433349609375,5.499392532313971
2022-07-08,250.76333618164062,5.524509610598813
2022-07-11,234.3433380126953,5.456787296453212
2022-07-12,233.07000732421875,5.451338869055413
2022-07-13,237.0399932861328,5.468228874941536
2022-07-14,238.31333923339844,5.473586359178426
2022-07-15,240.06666564941406,5.480916658309289
2022-07-18,240.54666137695312,5.482914088926108
2022-07-19,245.52999877929688,5.503419134389775
2022-07-20,247.5,5.511410582008745
2022-07-21,271.7066650390625,5.604723047007621
2022-07-22,272.24334716796875,5.606696325033204
2022-07-25,268.4333190917969,5.592602537079111
2022-07-26,258.8599853515625,5.556287318426029
2022-07-27,274.82000732421875,5.616116364554595
2022-07-28,280.8999938964844,5.637998712381769
2022-07-29,297.1499938964844,5.694237041272485
2022-08-01,297.27667236328125,5.694663261951688
2022-08-02,300.586669921875,5.705736131431667
2022-08-03,307.39666748046875,5.728138990058317
2022-08-04,308.6333312988281,5.73215394219391
2022-08-05,288.1700134277344,5.663550630364894
2022-08-08,290.42333984375,5.671339651083811
2022-08-09,283.3333435058594,5.646624096719285
2022-08-10,294.3566589355469,5.684792157727462
2022-08-11,286.6300048828125,5.65819220245715
2022-08-12,300.0299987792969,5.703882465587931
2022-08-15,309.32000732421875,5.734376363419286
2022-08-16,306.5633239746094,5.725424337542767
2022-08-17,303.9966735839844,5.71701675918841
2022-08-18,302.8699951171875,5.713303654418028
2022-08-19,296.6666564941406,5.692609139768662
2022-08-22,289.913330078125,5.669582016512863
2022-08-23,296.4533386230469,5.691889832100576
2022-08-24,297.0966796875,5.694057606665622
2022-08-25,296.07000732421875,5.690595937590158
2022-08-26,288.0899963378906,5.663272918606306
2022-08-29,284.82000732421875,5.651857427506536
2022-08-30,277.70001220703125,5.626541438270373
2022-08-31,275.6099853515625,5.618986769802333
2022-09-01,277.1600036621094,5.62459496997216
2022-09-02,270.2099914550781,5.599199402840497
2022-09-06,274.4200134277344,5.614659828424354
2022-09-07,283.70001220703125,5.647917384842761
2022-09-08,289.260009765625,5.667325971406302
2022-09-09,299.67999267578125,5.7027152142556465
2022-09-12,304.4200134277344,5.718408370960758
2022-09-13,292.1300048828125,5.677198925387698
2022-09-14,302.6099853515625,5.712444799327868
2022-09-15,303.75,5.716204994654758
2022-09-16,303.3500061035156,5.714887274508682
2022-09-19,309.07000732421875,5.7335678121564975
2022-09-20,308.7300109863281,5.732467144101664
2022-09-21,300.79998779296875,5.706445551493798
2022-09-22,288.5899963378906,5.665006983015132
2022-09-23,275.3299865722656,5.617970329472451
2022-09-26,276.010009765625,5.620437132326265
2022-09-27,282.94000244140625,5.645234869659495
2022-09-28,287.80999755859375,5.662300531718559
2022-09-29,268.2099914550781,5.591770223901169
2022-09-30,265.25,5.580672777494092
2022-10-03,242.39999389648438,5.490589229015639
2022-10-04,249.44000244140625,5.519218415097016
2022-10-05,240.80999755859375,5.484008230673286
2022-10-06,238.1300048828125,5.472816763540671
2022-10-07,223.07000732421875,5.407485656382414
2022-10-10,222.9600067138672,5.406992413286122
2022-10-11,216.5,5.377590547442544
2022-10-12,217.24000549316406,5.381002758452798
2022-10-13,221.72000122070312,5.401415330057211
2022-10-14,204.99000549316406,5.322961224258026
2022-10-17,219.35000610351562,5.390668655437687
2022-10-18,220.19000244140625,5.394490821084419
2022-10-19,222.0399932861328,5.402857515584763
2022-10-20,207.27999877929688,5.334070530364704
2022-10-21,214.44000244140625,5.368029990344369
2022-10-24,211.25,5.353042266237283
2022-10-25,222.4199981689453,5.404567478158277
2022-10-26,224.63999938964844,5.414499118120426
2022-10-27,225.08999633789062,5.416500305956213
2022-10-28,228.52000427246094,5.431623752552484
2022-10-31,227.5399932861328,5.427326017605254
2022-11-01,227.82000732421875,5.428555875620913
2022-11-02,214.97999572753906,5.370544980671157
2022-11-03,215.30999755859375,5.372078838771062
2022-11-04,207.47000122070312,5.334986756788806
2022-11-07,197.0800018310547,5.283609746966683
2022-11-08,191.3000030517578,5.25384289239894
2022-11-09,177.58999633789062,5.179477502045358
2022-11-10,190.72000122070312,5.250806390277484
2022-11-11,195.97000122070312,5.277961592519993
2022-11-14,190.9499969482422,5.252011597689552
2022-11-15,194.4199981689453,5.270020757974886
2022-11-16,186.9199981689453,5.2306807080362985
2022-11-17,183.1699981689453,5.210414673375649
2022-11-18,180.19000244140625,5.194011863287789
2022-11-21,167.8699951171875,5.123189841247455
2022-11-22,169.91000366210938,5.135268906650897
2022-11-23,183.1999969482422,5.210578435581963
2022-11-25,182.86000061035156,5.208720836074089
2022-11-28,182.9199981689453,5.209048888779715
2022-11-29,180.8300018310547,5.197557373522723
2022-11-30,194.6999969482422,5.271459896704
2022-12-01,194.6999969482422,5.271459896704
2022-12-02,194.86000061035156,5.272281355129452
2022-12-05,182.4499969482422,5.2064761461559135
2022-12-06,179.82000732421875,5.191956391287461
2022-12-07,174.0399932861328,5.1592851192759035
2022-12-08,173.44000244140625,5.155831732327655
2022-12-09,179.0500030517578,5.187665113488607
2022-12-12,167.82000732421875,5.1228920200852235
2022-12-13,160.9499969482422,5.0810937387839115
2022-12-14,156.8000030517578,5.054971127379049
2022-12-15,157.6699981689453,5.060504229636181
2022-12-16,150.22999572753906,5.012167424634866
2022-12-19,149.8699951171875,5.009768219076585
2022-12-20,137.8000030517578,4.925803380725841
2022-12-21,137.57000732421875,4.924132931712844
2022-12-22,125.3499984741211,4.831109812431356
2022-12-23,123.1500015258789,4.813403136956956
2022-12-27,109.0999984741211,4.692264878852967
2022-12-28,112.70999908447266,4.724818140131129
2022-12-29,121.81999969482422,4.802544542903202
2022-12-30,123.18000030517578,4.813646702736375
2023-01-03,108.0999984741211,4.683056710529724
2023-01-04,113.63999938964844,4.733035551615066
2023-01-05,110.33999633789062,4.703566474654966
2023-01-06,113.05999755859375,4.727918629653245
2023-01-09,119.7699966430664,4.785573208931248
2023-01-10,118.8499984741211,4.7778621809675075
2023-01-11,123.22000122070312,4.8139713854931205
2023-01-12,123.55999755859375,4.816726848291508
2023-01-13,122.4000015258789,4.807294382544557
2023-01-17,131.49000549316406,4.878930844875114
2023-01-18,128.77999877929688,4.858105512631057
2023-01-19,127.16999816894531,4.845524759634175
2023-01-20,133.4199981689453,4.89350203355738
2023-01-23,143.75,4.96807567967746
2023-01-24,143.88999938964844,4.969049114533534
2023-01-25,144.42999267578125,4.972794910401873
2023-01-26,160.27000427246094,5.076859919663379
2023-01-27,177.89999389648438,5.181221560363101
2023-01-30,166.66000366210938,5.115955830927596
2023-01-31,173.22000122070312,5.154562469950024
2023-02-01,181.41000366210938,5.200759683140152
2023-02-02,188.27000427246094,5.237877125429885
2023-02-03,189.97999572753906,5.246918780973032
2023-02-06,194.75999450683594,5.271768003109714
2023-02-07,196.80999755859375,5.282238783930457
2023-02-08,201.2899932861328,5.304746620958738
2023-02-09,207.32000732421875,5.334263528649591
2023-02-10,196.88999938964844,5.282645194053779
2023-02-13,194.63999938964844,5.27115169533947
2023-02-14,209.25,5.343529709369585
2023-02-15,214.24000549316406,5.367096907583098
2023-02-16,202.0399932861328,5.308465664369465
2023-02-17,208.30999755859375,5.33902734307576
2023-02-21,197.3699951171875,5.285080115026631
2023-02-22,200.86000061035156,5.302608151003884
2023-02-23,202.07000732421875,5.3086142082713526
2023-02-24,196.8800048828125,5.282594430883758
2023-02-27,207.6300048828125,5.335757673038774
2023-02-28,205.7100067138672,5.326467442601917
2023-03-01,202.77000427246094,5.31207235285085
2023-03-02,190.89999389648438,5.251749698759383
2023-03-03,197.7899932861328,5.287205827848895
2023-03-06,193.80999755859375,5.266878285115751
2023-03-07,187.7100067138672,5.234898254445613
2023-03-08,182.0,5.204006687076795
2023-03-09,172.9199981689453,5.152829049210403
2023-03-10,173.44000244140625,5.155831732327655
2023-03-13,174.47999572753906,5.16181009740655
2023-03-14,183.25999450683594,5.210905879562364
2023-03-15,180.4499969482422,5.1954537141768675
2023-03-16,184.1300048828125,5.215642056397417
2023-03-17,180.1300048828125,5.193678839542625
2023-03-20,183.25,5.2108513407667605
2023-03-21,197.5800018310547,5.286143574883737
2023-03-22,191.14999389648438,5.253058428211919
2023-03-23,192.22000122070312,5.25864055574569
2023-03-24,190.41000366210938,5.249179661219246
2023-03-27,191.80999755859375,5.256505286005344
2023-03-28,189.19000244140625,5.242751814002848
2023-03-29,193.8800048828125,5.26723943616189
2023-03-30,195.27999877929688,5.274434419833664
2023-03-31,207.4600067138672,5.334938582365907
2023-04-03,194.77000427246094,5.271819397177738
2023-04-04,192.5800018310547,5.260511661320159
2023-04-05,185.52000427246094,5.223162715976928
2023-04-06,185.05999755859375,5.220680083628372
2023-04-10,184.50999450683594,5.2177036327821575
2023-04-11,186.7899932861328,5.229984955227814
2023-04-12,180.5399932861328,5.195952322682309
2023-04-13,185.89999389648438,5.225208861895146
2023-04-14,185.0,5.220355825078324
2023-04-17,187.0399932861328,5.231322461828403
2023-04-18,184.30999755859375,5.216619109317336
2023-04-19,180.58999633789062,5.196229248185668
2023-04-20,162.99000549316406,5.093688882934002
2023-04-21,165.0800018310547,5.106430215976304
2023-04-24,162.5500030517578,5.090985665524186
2023-04-25,160.6699981689453,5.079352560658874
2023-04-26,153.75,5.035327906686628
2023-04-27,160.19000244140625,5.0763606259540826
2023-04-28,164.30999755859375,5.101754872605202
2023-05-01,161.8300018310547,5.086546412843474
2023-05-02,160.30999755859375,5.0771094254723
2023-05-03,160.61000061035156,5.078979069875015
2023-05-04,161.1999969482422,5.0826458111410275
2023-05-05,170.05999755859375,5.1361513016015
2023-05-08,171.7899932861328,5.146272761556526
2023-05-09,169.14999389648438,5.130785859143266
2023-05-10,168.5399932861328,5.1271730705087535
2023-05-11,172.0800018310547,5.147959495600192
2023-05-12,167.97999572753906,5.123844899263138
2023-05-15,166.35000610351562,5.114094039155291
2023-05-16,166.52000427246094,5.1151154479841185
2023-05-17,173.86000061035156,5.15825038116151
2023-05-18,176.88999938964844,5.175528067004958
2023-05-19,180.13999938964844,5.19373432296739
2023-05-22,188.8699951171875,5.241058921854985
2023-05-23,185.77000427246094,5.224509372401972
2023-05-24,182.89999389648438,5.208939522026039
2023-05-25,184.47000122070312,5.217486855250841
2023-05-26,193.1699981689453,5.263570620739221
2023-05-30,201.16000366210938,5.304100629508722
2023-05-31,203.92999267578125,5.317776761788898
2023-06-01,207.52000427246094,5.335227741156323
2023-06-02,213.97000122070312,5.365835823983879
2023-06-05,217.61000061035156,5.382704472612997
2023-06-06,221.30999755859375,5.399564422532707
2023-06-07,224.57000732421875,5.414187495204863
2023-06-08,234.86000061035156,5.458989594535724
2023-06-09,244.39999389648438,5.498806202323972
2023-06-12,249.8300018310547,5.520780693886585
2023-06-13,258.7099914550781,5.555707710228471
2023-06-14,256.7900085449219,5.548258663523537
2023-06-15,255.89999389648438,5.544786719314568
2023-06-16,260.5400085449219,5.562756433066385
2023-06-20,274.45001220703125,5.614769139474058
2023-06-21,259.4599914550781,5.558602515209381
2023-06-22,264.6099853515625,5.578256988503062
2023-06-23,256.6000061035156,5.547518475967645
2023-06-26,241.0500030517578,5.4850043935119
2023-06-27,250.2100067138672,5.522300592092619
2023-06-28,256.239990234375,5.546114467189659
2023-06-29,257.5,5.551019720103791
2023-06-30,261.7699890136719,5.56746621364926
2023-07-03,279.82000732421875,5.63414656547989
2023-07-05,282.4800109863281,5.643607790512541
2023-07-06,276.5400085449219,5.622355506859878
2023-07-07,274.42999267578125,5.614696192632924
2023-07-10,269.6099853515625,5.596976416006439
2023-07-11,269.7900085449219,5.597643910267026
2023-07-12,271.989990234375,5.605765265009923
2023-07-13,277.8999938964844,5.627261314785465
2023-07-14,281.3800048828125,5.639706086302157
2023-07-17,290.3800048828125,5.671190426870792
2023-07-18,293.3399963378906,5.681332333334429
2023-07-19,291.260009765625,5.6742163725833255
2023-07-20,262.8999938964844,5.571773708519724
2023-07-21,260.0199890136719,5.560758508882164
2023-07-24,269.05999755859375,5.594934393983561
2023-07-25,265.2799987792969,5.580785867345365
2023-07-26,264.3500061035156,5.577274005770226
2023-07-27,255.7100067138672,5.544044016118291
2023-07-28,266.44000244140625,5.585149086708041
2023-07-31,267.42999267578125,5.588857822460874
2023-08-01,261.07000732421875,5.564788598652041
2023-08-02,254.11000061035156,5.537767246538475
2023-08-03,259.32000732421875,5.558062848550735
2023-08-04,253.86000061035156,5.5367829363643155
2023-08-07,251.4499969482422,5.5272441504813346
2023-08-08,249.6999969482422,5.52026018506403
2023-08-09,242.19000244140625,5.489722552155575
2023-08-10,245.33999633789062,5.502644988677935
2023-08-11,242.64999389648438,5.491620050697647
2023-08-14,239.75999450683594,5.479638400097313
2023-08-15,232.9600067138672,5.4508667938281485
2023-08-16,225.60000610351562,5.418763546678494
2023-08-17,219.22000122070312,5.39007579735597
2023-08-18,215.49000549316406,5.372914530246323
2023-08-21,231.27999877929688,5.443629092430059
2023-08-22,233.19000244140625,5.451853582379839
2023-08-23,236.86000061035156,5.467469251870194
2023-08-24,230.0399932861328,5.4382531776599015
2023-08-25,238.58999633789062,5.474746582288189
2023-08-28,238.82000732421875,5.475710160773603
2023-08-29,257.17999267578125,5.5497762003633335
2023-08-30,256.8999938964844,5.548686880357505
2023-08-31,258.0799865722656,5.553269562347548
2023-09-01,245.00999450683594,5.501299003618131
2023-09-05,256.489990234375,5.547089639421963
2023-09-06,251.9199981689453,5.529111569524372
2023-09-07,251.49000549316406,5.527403249160351
2023-09-08,248.5,5.5154428455366835
2023-09-11,273.5799865722656,5.611594034579733
2023-09-12,267.4800109863281,5.589044838259233
2023-09-13,271.29998779296875,5.603225174670299
2023-09-14,276.0400085449219,5.620545813707777
2023-09-15,274.3900146484375,5.614550505424437
2023-09-18,265.2799987792969,5.580785867345365
2023-09-19,266.5,5.585374243605899
2023-09-20,262.5899963378906,5.570593866466345
2023-09-21,255.6999969482422,5.544004870362226
2023-09-22,244.8800048828125,5.50076831457677
2023-09-25,246.99000549316406,5.509347872218875
2023-09-26,244.1199951171875,5.497659887674605
2023-09-27,240.5,5.482720089545816
2023-09-28,246.3800048828125,5.506875079352046
2023-09-29,250.22000122070312,5.522340535767773
2023-10-02,251.60000610351562,5.5278405490850915
2023-10-03,246.52999877929688,5.507483684979847
2023-10-04,261.1600036621094,5.5651332603409065
2023-10-05,260.04998779296875,5.560873873277988
2023-10-06,260.5299987792969,5.562718013024988
2023-10-09,259.6700134277344,5.559411645801484
2023-10-10,263.6199951171875,5.574508653762157
2023-10-11,262.989990234375,5.572115971508124
2023-10-12,258.8699951171875,5.5563259863263
2023-10-13,251.1199951171875,5.525930893089558
2023-10-16,253.9199981689453,5.537019249566951
2023-10-17,254.85000610351562,5.540675160735494
2023-10-18,242.67999267578125,5.491743672893535
2023-10-19,220.11000061035156,5.3941274241669515
2023-10-20,211.99000549316406,5.3565391296605345
2023-10-23,212.0800018310547,5.356963570614562
2023-10-24,216.52000427246094,5.377682941661185
2023-10-25,212.4199981689453,5.358565438273421
2023-10-26,205.75999450683594,5.326710414352306
2023-10-27,207.3000030517578,5.3341670341631895
2023-10-30,197.36000061035156,5.2850294753136815
2023-10-31,200.83999633789062,5.30250855293254
2023-11-01,205.66000366210938,5.326224337607664
2023-11-02,218.50999450683594,5.386831754939586
2023-11-03,219.9600067138672,5.393445742162741
2023-11-06,219.27000427246094,5.390303866645342
2023-11-07,222.17999267578125,5.403487831188328
2023-11-08,222.11000061035156,5.403172757398387
2023-11-09,209.97999572753906,5.347012267739805
2023-11-10,214.64999389648438,5.369008766235836
2023-11-13,223.7100067138672,5.410350600235288
2023-11-14,237.41000366210938,5.46978861971283
2023-11-15,242.83999633789062,5.492402775181895
2023-11-16,233.58999633789062,5.4535674261410865
2023-11-17,234.3000030517578,5.456602358538751
2023-11-20,235.60000610351562,5.462135477683694
2023-11-21,241.1999969482422,5.485626452200635
2023-11-22,234.2100067138672,5.456218177466323
2023-11-24,235.4499969482422,5.461498563728179
2023-11-27,236.0800018310547,5.464170738390761
2023-11-28,246.72000122070312,5.508254095322691
2023-11-29,244.13999938964844,5.497741828741647
2023-11-30,240.0800018310547,5.480972208758964
2023-12-01,238.8300018310547,5.475752009435366
2023-12-04,235.5800018310547,5.462050566303177
2023-12-05,238.72000122070312,5.475291322128931
2023-12-06,239.3699951171875,5.478010451589701
2023-12-07,242.63999938964844,5.491578860864864
2023-12-08,243.83999633789062,5.496512257479788
2023-12-11,239.74000549316406,5.479555025691959
2023-12-12,237.00999450683594,5.468102311160883
2023-12-13,239.2899932861328,5.477676177433774
2023-12-14,251.0500030517578,5.52565213463669
2023-12-15,253.5,5.535363823031238
2023-12-18,252.0800018310547,5.529746504712803
2023-12-19,257.2200012207031,5.549931754583696
2023-12-20,247.13999938964844,5.509954975206385
2023-12-21,254.5,5.539300835990577
2023-12-22,252.5399932861328,5.531569625425172
2023-12-26,256.6099853515625,5.547557365499082
2023-12-27,261.44000244140625,5.566204821009943
2023-12-28,253.17999267578125,5.534100669279782
2023-12-29,248.47999572753906,5.515362342205991
2024-01-02,248.4199981689453,5.515120854745246
2024-01-03,238.4499969482422,5.47415963194592
2024-01-04,237.92999267578125,5.471976481980255
2024-01-05,237.49000549316406,5.470125540455172
2024-01-08,240.4499969482422,5.482512155031811
2024-01-09,234.9600067138672,5.4594153154648755
2024-01-10,233.94000244140625,5.4550646826585965
2024-01-11,227.22000122070312,5.425918716514099
2024-01-12,218.88999938964844,5.388569317736669
2024-01-16,219.91000366210938,5.39321838839552
2024-01-17,215.5500030517578,5.373192915351148
2024-01-18,211.8800048828125,5.356020099721505
2024-01-19,212.19000244140625,5.357482111221763
2024-01-22,208.8000030517578,5.341376870624182
2024-01-23,209.13999938964844,5.343003881252055
2024-01-24,207.8300018310547,5.33672044664133
2024-01-25,182.6300048828125,5.207462274940042
2024-01-26,183.25,5.2108513407667605
2024-01-29,190.92999267578125,5.251906830364619
2024-01-30,191.58999633789062,5.255357652993598
2024-01-31,187.2899932861328,5.232658181894321
2024-02-01,188.86000061035156,5.2410060030666905
2024-02-02,187.91000366210938,5.235963144289696
2024-02-05,181.05999755859375,5.198828454563332
2024-02-06,185.10000610351562,5.220896252553604
2024-02-07,187.5800018310547,5.234205430842253
2024-02-08,189.55999755859375,5.244705584220055
2024-02-09,193.57000732421875,5.265639241995025
2024-02-12,188.1300048828125,5.237133239177498
2024-02-13,184.02000427246094,5.215044470571588
2024-02-14,188.7100067138672,5.240211480718701
2024-02-15,200.4499969482422,5.300564823863982
2024-02-16,199.9499969482422,5.298067320030222
2024-02-20,193.75999450683594,5.26662025145443
2024-02-21,194.77000427246094,5.271819397177738
2024-02-22,197.41000366210938,5.285282802828355
2024-02-23,191.97000122070312,5.257339116178301
2024-02-26,199.39999389648438,5.295312826918331
2024-02-27,199.72999572753906,5.296966433085897
2024-02-28,202.0399932861328,5.308465664369465
2024-02-29,201.8800048828125,5.307673485658769
2024-03-01,202.63999938964844,5.31143100268142
2024-03-04,188.13999938964844,5.237186363299671
2024-03-05,180.74000549316406,5.19705956486644
2024-03-06,176.5399932861328,5.173547441561797
2024-03-07,178.64999389648438,5.1854285503047635
2024-03-08,175.33999633789062,5.166726925274678
2024-03-11,177.77000427246094,5.180490603968238
2024-03-12,177.5399932861328,5.179195897824091
2024-03-13,169.47999572753906,5.132734900549124
2024-03-14,162.5,5.090678001769792
2024-03-15,163.57000732421875,5.097241078047707
2024-03-18,173.8000030517578,5.157905230390313
2024-03-19,171.32000732421875,5.143533195498855
2024-03-20,175.66000366210938,5.168550329336685
2024-03-21,172.82000732421875,5.152250632793872
2024-03-22,170.8300018310547,5.140668920677545
2024-03-25,172.6300048828125,5.1511506041133
2024-03-26,177.6699981689453,5.179927886741884
2024-03-27,179.8300018310547,5.192011970359248
2024-03-28,175.7899932861328,5.169290062619256
2024-04-01,175.22000122070312,5.166042334204906
2024-04-02,166.6300048828125,5.115775814853853
2024-04-03,168.3800048828125,5.126223358908285
2024-04-04,171.11000061035156,5.142306628110892
2024-04-05,164.89999389648438,5.105339192552116
2024-04-08,172.97999572753906,5.153175956179204
2024-04-09,176.8800048828125,5.175471564154417
2024-04-10,171.75999450683594,5.146098121588899
2024-04-11,174.60000610351562,5.1624976783626355
2024-04-12,171.0500030517578,5.141955929264934
2024-04-15,161.47999572753906,5.084381269526597
2024-04-16,157.11000061035156,5.056946200844374
2024-04-17,155.4499969482422,5.046324116872998
2024-04-18,149.92999267578125,5.010168469655889
2024-04-19,147.0500030517578,4.990772685753202
2024-04-22,142.0500030517578,4.956179129783885
2024-04-23,144.67999267578125,4.974524356460321
2024-04-24,162.1300048828125,5.088398512678627
2024-04-25,170.17999267578125,5.1368566573833405
2024-04-26,168.2899932861328,5.125688641830352
2024-04-29,194.0500030517578,5.268115873541572
2024-04-30,183.27999877929688,5.211015031484922
2024-05-01,179.99000549316406,5.192901324310661
2024-05-02,180.00999450683594,5.19301237438673
2024-05-03,181.19000244140625,5.199546217922304
2024-05-06,184.75999450683594,5.2190576558310555
2024-05-07,177.80999755859375,5.1807155507374345
2024-05-08,174.72000122070312,5.163184699543165
2024-05-09,171.97000122070312,5.147320050094457
2024-05-10,168.47000122070312,5.126757699643932
2024-05-13,171.88999938964844,5.146854733789239
2024-05-14,177.5500030517578,5.179252276577257
2024-05-15,173.99000549316406,5.1589978578703475
2024-05-16,174.83999633789062,5.163871249049624
2024-05-17,177.4600067138672,5.178745269240321
2024-05-20,174.9499969482422,5.164500201370097
2024-05-21,186.60000610351562,5.2289673211223295
2024-05-22,180.11000061035156,5.193567778737737
2024-05-23,173.74000549316406,5.157559960448927
2024-05-24,179.24000549316406,5.188725720564919
2024-05-28,176.75,5.174736304776682
2024-05-29,176.19000244140625,5.171562972059205
2024-05-30,178.7899932861328,5.186211895212035
2024-05-31,178.0800018310547,5.182232897809437
2024-06-03,176.2899932861328,5.172130328213431
2024-06-04,174.77000427246094,5.163470848224462
2024-06-05,175.0,5.1647859739235145
2024-06-06,177.94000244140625,5.181446428537011
2024-06-07,177.47999572753906,5.178857902437794
2024-06-10,173.7899932861328,5.157847635144573
2024-06-11,170.66000366210938,5.139673294566949
2024-06-12,177.2899932861328,5.177786772040881
2024-06-13,182.47000122070312,5.206585782638328
2024-06-14,178.00999450683594,5.181839697630602
2024-06-17,187.44000244140625,5.233458807224541
2024-06-18,184.86000061035156,5.219598785138328
2024-06-20,181.57000732421875,5.201641294620839
2024-06-21,183.00999450683594,5.209540766141541
2024-06-24,182.5800018310547,5.207188443165715
2024-06-25,187.35000610351562,5.232978557817842
2024-06-26,196.3699951171875,5.28000060989677
2024-06-27,197.4199981689453,5.285333429714822
2024-06-28,197.8800048828125,5.287660811035131
2024-07-01,209.86000061035156,5.34644064463814
2024-07-02,231.25999450683594,5.44354259494762
2024-07-03,246.38999938964844,5.506915643943034
2024-07-05,251.52000427246094,5.527522526227407
2024-07-08,252.94000244140625,5.533152316103946
2024-07-09,262.3299865722656,5.5696032020018365
2024-07-10,263.260009765625,5.5731421740922436
2024-07-11,241.02999877929688,5.484921402006771
2024-07-12,248.22999572753906,5.5143557185204966
2024-07-15,252.63999938964844,5.531965548091438
2024-07-16,256.55999755859375,5.547362545868972
2024-07-17,248.5,5.5154428455366835
2024-07-18,249.22999572753906,5.518376147757679
2024-07-19,239.1999969482422,5.4773000093182915
2024-07-22,251.50999450683594,5.5274827283400025
2024-07-23,246.3800048828125,5.506875079352046
2024-07-24,215.99000549316406,5.3752321357486545
2024-07-25,220.25,5.394763264816289
2024-07-26,219.8000030517578,5.392718055853769
2024-07-29,232.10000610351562,5.447168339577313
2024-07-30,222.6199951171875,5.405466260131684
2024-07-31,232.07000732421875,5.447039081855053
2024-08-01,216.86000061035156,5.379251986858532
2024-08-02,207.6699981689453,5.335950272537751
2024-08-05,198.8800048828125,5.292701652313952
2024-08-06,200.63999938964844,5.301512254402533
2024-08-07,191.75999450683594,5.2562445614800914
2024-08-08,198.83999633789062,5.292500462809104
2024-08-09,200.0,5.298317366548036
2024-08-12,197.49000549316406,5.285687977962792
2024-08-13,207.8300018310547,5.33672044664133
2024-08-14,201.3800048828125,5.305193694734228
2024-08-15,214.13999938964844,5.366630003879878
2024-08-16,216.1199951171875,5.375833786382803
2024-08-19,222.72000122070312,5.405915382626942
2024-08-20,221.10000610351562,5.398615115468627
2024-08-21,223.27000427246094,5.408381820546194
2024-08-22,210.66000366210938,5.350245476792376
2024-08-23,220.32000732421875,5.395081068223893
2024-08-26,213.2100067138672,5.36227762699637
2024-08-27,209.2100067138672,5.343338564287078
2024-08-28,205.75,5.326661839557179
2024-08-29,206.27999877929688,5.329234463265058
2024-08-30,214.11000061035156,5.366489904501731
2024-09-03,210.60000610351562,5.349960628681431
2024-09-04,219.41000366210938,5.390942142344572
2024-09-05,230.1699981689453,5.438818158380375
2024-09-06,210.72999572753906,5.350577672934548
2024-09-09,216.27000427246094,5.376527646839815
2024-09-10,226.1699981689453,5.421286920795798
2024-09-11,228.1300048828125,5.429915663308424
2024-09-12,229.80999755859375,5.437252869945229
2024-09-13,230.2899932861328,5.439339355105957
2024-09-16,226.77999877929688,5.4239803791609305
2024-09-17,227.8699951171875,5.428775269475953
2024-09-18,227.1999969482422,5.425830673414963
2024-09-19,243.9199981689453,5.496840295173215
2024-09-20,238.25,5.473320542534312
2024-09-23,250.0,5.521460917862246
2024-09-24,254.27000427246094,5.538396711371299
2024-09-25,257.0199890136719,5.549153860133962
2024-09-26,254.22000122070312,5.538200038668282
2024-09-27,260.4599914550781,5.562449265732516
2024-09-30,261.6300048828125,5.566931310570049
2024-10-01,258.0199890136719,5.553037058717623
2024-10-02,249.02000427246094,5.517533231681366
2024-10-03,240.66000366210938,5.483385164226958
2024-10-04,250.0800018310547,5.521780873995042
2024-10-07,240.8300018310547,5.484091297995343
2024-10-08,244.5,5.499215308914927
2024-10-09,241.0500030517578,5.4850043935119
2024-10-10,238.77000427246094,5.475500763379493
2024-10-11,217.8000030517578,5.383577224510604
2024-10-14,219.16000366210938,5.389802073379967
2024-10-15,219.57000732421875,5.391671121638346
2024-10-16,221.3300018310547,5.399654808726916
2024-10-17,220.88999938964844,5.397664837285588
2024-10-18,220.6999969482422,5.396804299435061
2024-10-21,218.85000610351562,5.388386591525941
2024-10-22,217.97000122070312,5.384357444240748
2024-10-23,213.64999389648438,5.3643391335222095
2024-10-24,260.4800109863281,5.562526124991417
2024-10-25,269.19000244140625,5.59541745904753
2024-10-28,262.510009765625,5.570289213745132
2024-10-29,259.5199890136719,5.558833728593785
2024-10-30,257.54998779296875,5.551213828614849
2024-10-31,249.85000610351562,5.520860762218933
2024-11-01,248.97999572753906,5.517372554793784
2024-11-04,242.83999633789062,5.492402775181895
2024-11-05,251.44000244140625,5.527204402199009
2024-11-06,288.5299987792969,5.664799062446386
2024-11-07,296.9100036621094,5.693429074910782
2024-11-08,321.2200012207031,5.77212625043496
2024-11-11,350.0,5.857933154483459
2024-11-12,328.489990234375,5.794506366332176
2024-11-13,330.239990234375,5.799819633281846
2024-11-14,311.17999267578125,5.740371499349896
2024-11-15,320.7200012207031,5.770568472140385
2024-11-18,338.739990234375,5.82523282263371
2024-11-19,346.0,5.846438775057725
2024-11-20,342.0299987792969,5.8348984489447435
2024-11-21,339.6400146484375,5.827886276260468
2024-11-22,352.55999755859375,5.865220813608935
2024-11-25,338.5899963378906,5.824789925074442
2024-11-26,338.2300109863281,5.823726169920596
2024-11-27,332.8900146484375,5.807812149082869
2024-11-29,345.1600036621094,5.844008088249996
2024-12-02,357.0899963378906,5.877987840592474
2024-12-03,351.4200134277344,5.861982127539678
2024-12-04,357.92999267578125,5.880337416093106
2024-12-05,369.489990234375,5.91212364999256
2024-12-06,389.2200012207031,5.964144739589299
2024-12-09,389.7900085449219,5.965608154484615
2024-12-10,400.989990234375,5.993936464985973
2024-12-11,424.7699890136719,6.051547820100808
2024-12-12,418.1000061035156,6.035720652960739
2024-12-13,436.2300109863281,6.078169652378218
2024-12-16,463.0199890136719,6.137770225970021
2024-12-17,479.8599853515625,6.173494364165793
2024-12-18,440.1300048828125,6.087070148913686
2024-12-19,436.1700134277344,6.0780321063969955
2024-12-20,421.05999755859375,6.042775335544171
2024-12-23,430.6000061035156,6.065179599104707
2024-12-24,462.2799987792969,6.136170765466626
2024-12-26,454.1300048828125,6.11838351141719
2024-12-27,431.6600036621094,6.067638249814607
2024-12-30,417.4100036621094,6.034068960963738
2024-12-31,403.8399963378906,6.001018750844575
2025-01-02,379.2799987792969,5.938274715375388
2025-01-03,410.44000244140625,6.017229760942274
2025-01-06,411.04998779296875,6.018714831900949
2025-01-07,394.3599853515625,5.977264160562004
2025-01-08,394.94000244140625,5.978733860810878
2025-01-10,394.739990234375,5.978227295586576
2025-01-13,403.30999755859375,5.999705490956137
2025-01-14,396.3599853515625,5.982322852233292
2025-01-15,428.2200012207031,6.059637085061675
2025-01-16,413.82000732421875,6.025431114370299
2025-01-17,426.5,6.055612366931734
2025-01-21,424.07000732421875,6.049898553216259
2025-01-22,415.1099853515625,6.028543510061316
2025-01-23,412.3800048828125,6.021945266202135
2025-01-24,406.5799865722656,6.00778067856686
2025-01-27,397.1499938964844,5.984314027710853
2025-01-28,398.0899963378906,5.986678101174822
2025-01-29,389.1000061035156,5.963836395676747
2025-01-30,400.2799987792969,5.992164299172632
2025-01-31,404.6000061035156,6.002898939818953
2025-02-03,383.67999267578125,5.949808852749755
2025-02-04,392.2099914550781,5.971797388845908
2025-02-05,378.1700134277344,5.935343865475784
2025-02-06,374.32000732421875,5.925111066124692
2025-02-07,361.6199951171875,5.890593923220401
2025-02-10,350.7300109863281,5.860016728011012
2025-02-11,328.5,5.794536837924666
2025-02-12,336.510009765625,5.818627895345553
2025-02-13,355.94000244140625,5.874762184180878
2025-02-14,355.8399963378906,5.874481181330713
2025-02-18,354.1099853515625,5.869607557962183
2025-02-19,360.55999755859375,5.887658371611241
2025-02-20,354.3999938964844,5.870426201508816
2025-02-21,337.79998779296875,5.8224539682368395
2025-02-24,330.5299987792969,5.800697423037328
2025-02-25,302.79998779296875,5.713072481249451
2025-02-26,290.79998779296875,5.672635703681952
2025-02-27,281.95001220703125,5.641729793548212
2025-02-28,292.9800109863281,5.680104384800183
2025-03-03,284.6499938964844,5.651260333954914
2025-03-04,272.0400085449219,5.605949145717972
2025-03-05,279.1000061035156,5.6315701624108385
2025-03-06,263.45001220703125,5.57386364299058
2025-03-07,262.6700134277344,5.570898542584744
2025-03-10,222.14999389648438,5.403352801907167
2025-03-11,230.5800018310547,5.440597881745889
2025-03-12,248.08999633789062,5.513791568796127
2025-03-13,240.67999267578125,5.483468219920795
2025-03-14,249.97999572753906,5.5213808975708645
2025-03-17,238.00999450683594,5.472312666515965
2025-03-18,225.30999755859375,5.417477220881529
2025-03-19,235.86000061035156,5.463238411249595
2025-03-20,236.25999450683594,5.46493287026987
2025-03-21,248.7100067138672,5.516287586083011
2025-03-24,278.3900146484375,5.629023060893315
2025-03-25,288.1400146484375,5.663446523971243
2025-03-26,272.05999755859375,5.606022621231505
2025-03-27,273.1300048828125,5.609947890195692
2025-03-28,263.54998779296875,5.5742430569835095
2025-03-31,259.1600036621094,5.557445645712446
2025-04-01,268.4599914550781,5.5927018952300855
2025-04-02,282.760009765625,5.644598515839551
2025-04-03,267.2799987792969,5.588296793481369
2025-04-04,239.42999267578125,5.478261067965797
2025-04-07,233.2899932861328,5.452282286063486
2025-04-08,221.86000061035156,5.40204655506158
2025-04-09,272.20001220703125,5.606537135063181
2025-04-10,252.39999389648438,5.531015106485142
2025-04-11,252.30999755859375,5.530658480540072
2025-04-14,252.35000610351562,5.530817036972978
2025-04-15,254.11000061035156,5.537767246538475
2025-04-16,241.5500030517578,5.487076503634478
2025-04-17,241.3699951171875,5.486331005648933
2025-04-21,227.5,5.427150238391005
2025-04-22,237.97000122070312,5.472144620435936
2025-04-23,250.74000549316406,5.524416567595688
2025-04-24,259.510009765625,5.558795275139952
2025-04-25,284.95001220703125,5.652313769120212
2025-04-28,285.8800048828125,5.655572159431715
2025-04-29,292.0299987792969,5.676856532536884
2025-04-30,282.1600036621094,5.642474298906636
2025-05-01,280.5199890136719,5.6366449845045565
2025-05-02,287.2099914550781,5.66021362575793
2025-05-05,280.260009765625,5.6357177785869474
2025-05-06,275.3500061035156,5.618043037874881
2025-05-07,276.2200012207031,5.621197654069097
2025-05-08,284.82000732421875,5.651857427506536
2025-05-09,298.260009765625,5.697965622076622
2025-05-12,318.3800048828125,5.76324565326342
2025-05-13,334.07000732421875,5.811350573780231
2025-05-14,347.67999267578125,5.851282495442143
2025-05-15,342.82000732421875,5.83720554944353
2025-05-16,349.9800109863281,5.857876041384904
2025-05-19,342.0899963378906,5.835073849632272
2025-05-20,343.82000732421875,5.840118285915827
2025-05-21,334.6199951171875,5.812995545037405
2025-05-22,341.0400085449219,5.831999797512437
2025-05-23,339.3399963378906,5.8270025438229345
2025-05-27,362.8900146484375,5.894099798404914
2025-05-28,356.8999938964844,5.877455613394642
2025-05-29,358.42999267578125,5.881733362520652
2025-05-30,346.4599914550781,5.847767347187278
2025-06-02,342.69000244140625,5.836826255538207
2025-06-03,344.2699890136719,5.841426201322227
2025-06-04,332.04998779296875,5.805285523224092
2025-06-05,284.70001220703125,5.651436037160813
2025-06-06,295.1400146484375,5.687449869667469
2025-06-09,308.5799865722656,5.731981085500282
2025-06-10,326.0899963378906,5.787173405654666
2025-06-11,326.42999267578125,5.788215508193697
2025-06-12,319.1099853515625,5.765535825027644
2025-06-13,325.30999755859375,5.78477856635655
2025-06-16,329.1300048828125,5.796452824333023
2025-06-17,316.3500061035156,5.756849214886446
2025-06-18,322.04998779296875,5.77470677508875
2025-06-20,322.1600036621094,5.775048327910561
2025-06-23,348.67999267578125,5.854154575137815
2025-06-24,340.4700012207031,5.8303270195665045
2025-06-25,327.54998779296875,5.7916406779101965
2025-06-26,325.7799987792969,5.786222303182442
2025-06-27,323.6300048828125,5.779600903020678
2025-06-30,317.6600036621094,5.760981639935402
2025-07-01,300.7099914550781,5.706146316762315
2025-07-02,315.6499938964844,5.7546339854772945
2025-07-03,315.3500061035156,5.7536831524643945
2025-07-07,293.94000244140625,5.683375673184337
2025-07-08,297.80999755859375,5.696455691071875
2025-07-09,295.8800048828125,5.689953983222345
2025-07-10,309.8699951171875,5.736152838929035
2025-07-11,313.510009765625,5.747831288640207
2025-07-14,316.8999938964844,5.758586247436806
2025-07-15,310.7799987792969,5.739085262430719
2025-07-16,321.6700134277344,5.773526217055303
2025-07-17,319.4100036621094,5.766475555459855
2025-07-18,329.6499938964844,5.7980314670441695
2025-07-21,328.489990234375,5.794506366332176
2025-07-22,332.1099853515625,5.8054661952344
2025-07-23,332.55999755859375,5.806820287603132
2025-07-24,305.29998779296875,5.721294859757107
2025-07-25,316.05999755859375,5.7559320612564555
2025-07-28,325.5899963378906,5.785638909878423
2025-07-29,321.20001220703125,5.772064020077062
2025-07-30,319.0400085449219,5.765316513556703
2025-07-31,308.2699890136719,5.730975986701675
2025-08-01,302.6300048828125,5.712510953354635
2025-08-04,309.260009765625,5.734182378624678
2025-08-05,308.7200012207031,5.732434721183441
2025-08-06,319.9100036621094,5.768039717682885
2025-08-07,322.2699890136719,5.775389669418189
2025-08-08,329.6499938964844,5.7980314670441695
2025-08-11,339.0299987792969,5.826088595439593
2025-08-12,340.8399963378906,5.83141314821539
2025-08-13,339.3800048828125,5.8271204379321295
2025-08-14,335.5799865722656,5.815860338048039
2025-08-15,330.55999755859375,5.800788178545607
2025-08-18,335.1600036621094,5.814608040671537
2025-08-19,329.30999755859375,5.796999548953632
2025-08-20,323.8999938964844,5.780434807333457
2025-08-21,320.1099853515625,5.768664640964639
2025-08-22,340.010009765625,5.8289750576639765
2025-08-25,346.6000061035156,5.848171394891187
2025-08-26,351.6700134277344,5.862693274052889
2025-08-27,349.6000061035156,5.856789661239949
2025-08-28,345.9800109863281,5.84638100167306
2025-08-29,333.8699951171875,5.8107516810285516
2025-09-02,329.3599853515625,5.797151332986188
2025-09-03,334.0899963378906,5.811410406794983
2025-09-04,338.5299987792969,5.8246127111118255
2025-09-05,350.8399963378906,5.860330268645063
2025-09-08,346.3999938964844,5.847594159068431
2025-09-09,346.9700012207031,5.8492383243961505
2025-09-10,347.7900085449219,5.8515988739196185
2025-09-11,368.80999755859375,5.9102815996626115
2025-09-12,395.94000244140625,5.981262690789487
2025-09-15,410.0400085449219,6.016254736754441
2025-09-16,421.6199951171875,6.044104422851087
2025-09-17,425.8599853515625,6.054110619360944
2025-09-18,416.8500061035156,6.032726459498617
2025-09-19,426.07000732421875,6.0546036692094445
2025-09-22,434.2099914550781,6.073528268361102
2025-09-23,425.8500061035156,6.054087185919638
2025-09-24,442.7900085449219,6.093095636318211
2025-09-25,423.3900146484375,6.048293774692001
2025-09-26,440.3999938964844,6.087683390989498
2025-09-29,443.2099914550781,6.094043679075801
2025-09-30,444.7200012207031,6.097444873390094
2025-10-01,459.4599914550781,6.130051868266276
2025-10-02,436.0,6.077642243349034
2025-10-03,429.8299865722656,6.063389750439803
2025-10-06,453.25,6.11644384963496
2025-10-07,433.0899963378906,6.070945550142441
2025-10-08,438.69000244140625,6.083793018857117
2025-10-09,435.5400085449219,6.076586660143948
2025-10-10,413.489990234375,6.024633306756897
2025-10-13,435.8999938964844,6.077412845242247
2025-10-14,429.239990234375,6.0620161803079595
2025-10-15,435.1499938964844,6.0756907852092885
2025-10-16,428.75,6.06087399848015
2025-10-17,439.30999755859375,6.08520530865265
2025-10-20,447.42999267578125,6.103520084528774
2025-10-21,442.6000061035156,6.092666441407088
2025-10-22,438.9700012207031,6.084431076391078
2025-10-23,448.9800109863281,6.106978367789849
2025-10-24,433.7200012207031,6.072399167418477
2025-10-27,452.4200134277344,6.114610981609488
2025-10-28,460.54998779296875,6.132421400928911
2025-10-29,461.510009765625,6.13450374334068
2025-10-30,440.1000061035156,6.08700198768552
2025-10-31,456.55999755859375,6.1237201208810585
2025-11-03,468.3699951171875,6.149258571424921
2025-11-04,444.260009765625,6.0964099986112545
2025-11-05,462.07000732421875,6.135716410606879
2025-11-06,445.9100036621094,6.100117146147663
2025-11-07,429.5199890136719,6.062668280536161
2025-11-10,445.2300109863281,6.0985910272514605
2025-11-11,439.6199951171875,6.085910706293034
2025-11-12,430.6000061035156,6.065179599104707
2025-11-13,401.989990234375,5.996427188394523
2025-11-14,404.3500061035156,6.002280854636466
2025-11-17,408.9200134277344,6.013519570725882
2025-11-18,401.25,5.9945846744442255
2025-11-19,403.989990234375,6.001390101006617
2025-11-20,395.2300109863281,5.979467901721101
2025-11-21,391.0899963378906,5.968937703162517
2025-11-24,417.7799987792969,6.03495497526063
2025-11-25,419.3999938964844,6.038825103914849
2025-11-26,426.5799865722656,6.055799891135229
2025-11-28,430.1700134277344,6.064180510610005
2025-12-01,430.1400146484375,6.064110771147881
2025-12-02,429.239990234375,6.0620161803079595
2025-12-03,446.739990234375,6.10197674804566
2025-12-04,454.5299987792969,6.119263915354216
2025-12-05,455.0,6.12029741895095
2025-12-08,439.5799865722656,6.085819695042391
2025-12-09,445.1700134277344,6.0984562618493054
2025-12-10,451.45001220703125,6.112464651793096
2025-12-11,446.8900146484375,6.102312512097118
2025-12-12,458.9599914550781,6.128963041675606
2025-12-15,475.30999755859375,6.163967217605762
2025-12-16,489.8800048828125,6.194160473120451
2025-12-17,467.260009765625,6.146885868825578
2025-12-18,483.3699951171875,6.1807823958364905
2025-12-19,481.20001220703125,6.176283009468419
2025-12-22,488.7300109863281,6.191810212225528
2025-12-23,485.55999755859375,6.185302859001581
2025-12-24,485.3999938964844,6.184973280718303
2025-12-26,475.19000244140625,6.163714729193716
2025-12-29,459.6400146484375,6.130443606258803
2025-12-30,454.42999267578125,6.119043870237029
2025-12-31,449.7200012207031,6.108625169595921
2026-01-02,438.07000732421875,6.0823787316779
2026-01-05,451.6700134277344,6.1129518544213415
2026-01-06,432.9599914550781,6.070645325246369
2026-01-07,431.4100036621094,6.0670589225181635
2026-01-08,435.79998779296875,6.077183394499892
2026-01-09,445.010009765625,6.098096775768594
2026-01-12,448.9599914550781,6.106933777881394
2026-01-13,447.20001220703125,6.10300594913747
2026-01-14,439.20001220703125,6.084954917989108
2026-01-15,438.57000732421875,6.0835194508918615
2026-01-16,437.5,6.081076705797669
2026-01-20,419.25,6.038467400703318
2026-01-21,431.44000244140625,6.06712845668771
2026-01-22,449.3599853515625,6.107824315625731
2026-01-23,449.05999755859375,6.107156503667351
2026-01-26,435.20001220703125,6.075805723590977
2026-01-27,430.8999938964844,6.065876030457217
2026-01-28,431.4599914550781,6.06717478653779
2026-01-29,416.55999755859375,6.032030502993768
2026-01-30,430.4100036621094,6.064738251286829
2026-02-02,421.80999755859375,6.044554969894162
2026-02-03,421.9599914550781,6.0449105025630585
2026-02-04,406.010009765625,6.006377813892948
2026-02-05,397.2099914550781,5.9844650865753835
2026-02-06,411.1099853515625,6.01886078295831
2026-02-09,417.32000732421875,6.033853331150374
2026-02-10,425.2099914550781,6.05258314443978
2026-02-11,428.2699890136719,6.059753812153867
2026-02-12,417.07000732421875,6.03325409097949
2026-02-13,417.44000244140625,6.034140827236938
2026-02-17,410.6300048828125,6.0176925776158905
2026-02-18,411.32000732421875,6.019371518167609
2026-02-19,411.7099914550781,6.020319197257375
2026-02-20,411.82000732421875,6.020586378465
2026-02-23,399.8299865722656,5.991039423186276
2026-02-24,409.3800048828125,6.014643831982722
2026-02-25,417.3999938964844,6.034044980020399
2026-02-26,408.5799865722656,6.012687700695112
2026-02-27,402.510009765625,5.997719965532309
2026-03-02,403.32000732421875,5.999730309684835
2026-03-03,392.42999267578125,5.972358158704487
2026-03-04,405.94000244140625,6.006205371443685
2026-03-05,405.54998779296875,6.005244140416412
2026-03-06,396.7300109863281,5.983255976250297
2026-03-09,398.67999267578125,5.9881590717280835
2026-03-10,399.239990234375,5.989562715357848
2026-03-11,407.82000732421875,6.0108259185460415
2026-03-12,395.010009765625,5.978911105758837
2026-03-13,391.20001220703125,5.9692189693647295
2026-03-16,395.55999755859375,5.980302476229765
2026-03-17,399.2699890136719,5.989637852250537
2026-03-18,392.7799987792969,5.973249655579222
2026-03-19,380.29998779296875,5.9409603828357875
2026-03-20,367.9599914550781,5.907974213386535
2026-03-23,380.8500061035156,5.942405612844833
2026-03-24,383.0299987792969,5.94811331190785
2026-03-25,385.95001220703125,5.955707859024392
2026-03-26,372.1099853515625,5.919189470121687
2026-03-27,361.8299865722656,5.891174451152644
2026-03-30,355.2799987792969,5.872906207547956
2026-03-31,371.75,5.918221585340264
2026-04-01,381.260009765625,5.943481582699913
2026-04-02,360.5899963378906,5.887741568670295
2026-04-06,352.82000732421875,5.86595803262734
2026-04-07,346.6499938964844,5.848315607781358
2026-04-08,343.25,5.83845904464808
2026-04-09,345.6199951171875,5.8453398914981545
2026-04-10,348.95001220703125,5.854928680445338
2026-04-13,352.4200134277344,5.864823684242094
2026-04-14,364.20001220703125,5.897703200810891
2026-04-15,391.95001220703125,5.971134311779089
2026-04-16,388.8999938964844,5.963322225467396
2026-04-17,400.6199951171875,5.993013334909692
2026-04-20,392.5,5.972536537222463
2026-04-21,386.4200134277344,5.956924895582303
2026-04-22,387.510009765625,5.959741680112996
2026-04-23,373.7200012207031,5.9235068571911125
2026-04-24,376.29998779296875,5.930386665159765
2026-04-27,378.6700134277344,5.9366651488513975
2026-04-28,376.0199890136719,5.929642304247235
2026-04-29,372.79998779296875,5.921042050067253
2026-04-30,381.6300048828125,5.944451565630853
2026-05-01,390.82000732421875,5.968247114672442
2026-05-04,392.510009765625,5.972562039484857
2026-05-05,389.3699951171875,5.9645300358274875
2026-05-06,398.7300109863281,5.988284523654653
2026-05-07,411.7900085449219,6.020513531416683
2026-05-08,428.3500061035156,6.059940632658951
2026-05-11,445.0,6.09807428216624
2026-05-12,433.45001220703125,6.071776477477139
2026-05-13,445.2699890136719,6.098680815072618
2026-05-14,443.29998779296875,6.09424671421428
2026-05-15,422.239990234375,6.045573849626876
2026-05-18,409.989990234375,6.016132745337825
2026-05-19,404.1099853515625,6.001687081879516
2026-05-20,417.260009765625,6.0337095521059005
2026-05-21,417.8500061035156,6.035122531054399
2026-05-22,426.010009765625,6.054462843095724
2026-05-26,433.5899963378906,6.072099378682841
2026-05-27,440.3599853515625,6.087592540937515
2026-05-28,442.1000061035156,6.0915361146379325
2026-05-29,435.7900085449219,6.077160495549493
2026-06-01,415.8800048828125,6.030396768850686
2026-06-02,423.739990234375,6.049120036549878
2026-06-03,423.70001220703125,6.049025686443066
2026-06-04,418.45001220703125,6.0365574376509015
2026-06-05,391.0,5.968707559985366
2026-06-08,408.95001220703125,6.013592929030674
2026-06-09,396.67999267578125,5.983129891854127
2026-06-10,381.5899963378906,5.944346724183054
2026-06-11,399.1499938964844,5.989337270800525
2026-06-12,406.42999267578125,6.007411694416567
2026-06-15,411.1499938964844,6.018958096571919
2026-06-16,404.6600036621094,6.0030472174008915
2026-06-17,396.3800048828125,5.982373359414716
2026-06-18,400.489990234375,5.992688773023483
2026-06-22,405.04998779296875,6.004010486139403
2026-06-23,381.6099853515625,5.944399106295623
2026-06-24,375.5299987792969,5.928338358237628
2026-06-25,375.1199951171875,5.927245961764663
2026-06-26,379.7099914550781,5.939407780968656
2026-06-29,411.8399963378906,6.020634915515694
2026-06-30,420.6000061035156,6.0416822777800485
2026-07-01,425.29998779296875,6.052794773557421
2026-07-02,393.45001220703125,5.974954026006615
2026-07-06,419.7699890136719,6.039706916059464
2026-07-07,402.8999938964844,5.998688377048342
2026-07-08,394.05999755859375,5.976503175772303
2026-07-09,406.54998779296875,6.007706892627942
2026-07-10,407.760009765625,6.010678789981229
2026-07-13,394.760009765625,5.978278010041938
2026-07-14,396.17999267578125,5.981868634947436
2026-07-15,394.4599914550781,5.977517719313029
2026-07-16,391.05999755859375,5.968860994655081
